20260302 030100;24821.25;24828;24818;24826.5;82
20260302 030200;24825.75;24825.75;24808.5;24808.75;119
20260302 030300;24807.25;24817.5;24806.75;24812.5;111
20260302 030400;24814.5;24814.5;24803.75;24808.5;127
20260302 030500;24807.75;24810;24807;24808;32
20260302 030600;24808;24810;24807;24808.5;36
20260302 030700;24809.5;24812;24802.75;24806.25;79
20260302 030800;24806;24818;24805.75;24817.5;91
20260302 030900;24819;24820.25;24815;24819.25;79
20260302 031000;24818.75;24820.5;24812.75;24812.75;45
20260302 031100;24813.25;24815.75;24813.25;24814.5;30
20260302 031200;24814;24821.75;24813.75;24821.75;44
20260302 031300;24821;24823.25;24818;24818.5;47
20260302 031400;24819.25;24819.25;24814.75;24817;36
20260302 031500;24817.75;24819.25;24817.75;24819;11
20260302 031600;24817.25;24818.5;24811.5;24814;33
20260302 031700;24814.25;24814.25;24808;24811.5;101
20260302 031800;24813.25;24816;24811.75;24813.75;38
20260302 031900;24813.25;24815.25;24807;24814.25;64
20260302 032000;24815;24830.5;24813.5;24830;131
20260302 032100;24830.25;24835.5;24813.25;24820.75;222
20260302 032200;24821.5;24825.5;24814.75;24814.75;101
20260302 032300;24813.75;24818;24805.75;24809.25;97
20260302 032400;24812.5;24822;24812;24821;60
20260302 032500;24819.75;24826;24817.25;24824.5;74
20260302 032600;24822.75;24828.25;24816.25;24816.25;77
20260302 032700;24817.25;24818.25;24816.25;24817;36
20260302 032800;24816.75;24823.5;24813.75;24820.5;65
20260302 032900;24822;24822;24816.25;24816.5;20
20260302 033000;24817.5;24820;24813;24819.75;42
20260302 033100;24823;24823;24816;24816.5;50
20260302 033200;24816;24817.5;24807.5;24815.25;115
20260302 033300;24815.5;24815.5;24806.5;24806.5;56
20260302 033400;24808.5;24813.75;24806.5;24806.5;57
20260302 033500;24809.75;24809.75;24795.5;24797;154
20260302 033600;24796.25;24800.75;24785.25;24800.75;184
20260302 033700;24803;24807.25;24798;24801.5;79
20260302 033800;24801.25;24807;24800.25;24802;50
20260302 033900;24802.25;24807.5;24802.25;24807.25;39
20260302 034000;24805.75;24809.75;24803.25;24804;58
20260302 034100;24805.25;24805.25;24800.5;24803.75;25
20260302 034200;24805;24809.25;24801.25;24805.75;72
20260302 034300;24806.75;24808.75;24799.75;24800.25;51
20260302 034400;24801;24804;24788.25;24793.75;189
20260302 034500;24792.75;24800.25;24792.75;24795.25;95
20260302 034600;24799;24799;24794.25;24797.25;30
20260302 034700;24796.25;24797.25;24788.25;24797.25;97
20260302 034800;24796.25;24801.5;24796;24797;60
20260302 034900;24797.5;24802.25;24796;24796.75;61
20260302 035000;24797.25;24802.5;24797.25;24801.5;30
20260302 035100;24803;24814;24803;24807.5;135
20260302 035200;24806.5;24806.5;24796.5;24799.25;94
20260302 035300;24799.5;24810.75;24799.5;24804.75;112
20260302 035400;24805.25;24806.5;24801.75;24804;36
20260302 035500;24804;24806.25;24795.5;24796.75;49
20260302 035600;24796;24797;24792.25;24794.25;63
20260302 035700;24794.25;24794.75;24787;24794.25;115
20260302 035800;24793.5;24794.75;24790;24790;55
20260302 035900;24791.75;24793;24790.25;24792.75;32
20260302 040000;24793.75;24794.25;24788.25;24791.5;43
20260302 040100;24792.75;24794;24787.75;24789;64
20260302 040200;24788.75;24794;24788;24793.25;47
20260302 040300;24793.5;24798.25;24792.5;24793.75;61
20260302 040400;24793.75;24796.75;24793;24795;40
20260302 040500;24795.5;24798;24793;24793;46
20260302 040600;24793.75;24795;24792.75;24792.75;16
20260302 040700;24794.75;24796;24794;24795;26
20260302 040800;24795.75;24798.25;24791.5;24792.25;65
20260302 040900;24792.5;24796.75;24792.5;24794.75;37
20260302 041000;24795.75;24797.75;24794.75;24794.75;16
20260302 041100;24793.5;24795.5;24793.5;24793.5;10
20260302 041200;24794.25;24794.5;24782;24783.25;196
20260302 041300;24783;24786.25;24778.25;24782;168
20260302 041400;24783.25;24797.25;24783.25;24797.25;128
20260302 041500;24796;24797.25;24792.75;24796.75;56
20260302 041600;24796.25;24800.25;24796.25;24799.5;56
20260302 041700;24800.5;24809;24800;24806.25;180
20260302 041800;24806.25;24809;24804.5;24806.25;41
20260302 041900;24806.75;24809.5;24784.75;24796.75;530
20260302 042000;24797.75;24802.25;24765;24768;405
20260302 042100;24770;24780.75;24747.75;24765.5;612
20260302 042200;24765.25;24775.25;24756.75;24772;164
20260302 042300;24773;24775;24752.5;24754.25;181
20260302 042400;24752.25;24765.25;24740.75;24762.5;289
20260302 042500;24764.25;24783.5;24764.25;24775.25;218
20260302 042600;24777.5;24782.75;24772.75;24773.75;88
20260302 042700;24774.5;24786;24772;24783.75;84
20260302 042800;24783;24795.75;24782.5;24794;249
20260302 042900;24794.25;24797.5;24789;24794.5;156
20260302 043000;24793.25;24801.25;24791.5;24799.5;167
20260302 043100;24800;24807.5;24793.25;24797;136
20260302 043200;24799.25;24805;24794.75;24802.75;80
20260302 043300;24803.75;24806;24800;24805.25;98
20260302 043400;24804.5;24805.25;24798.5;24800.5;76
20260302 043500;24799.25;24802.5;24796.25;24800.25;32
20260302 043600;24798.5;24802.25;24796.75;24801;46
20260302 043700;24799.75;24804;24799.25;24799.5;35
20260302 043800;24801.75;24805.75;24797.25;24805.75;47
20260302 043900;24805.75;24808;24802.25;24805.5;57
20260302 044000;24805;24809.75;24800.5;24806.75;79
20260302 044100;24807.75;24817.75;24807.75;24810.75;157
20260302 044200;24808.75;24813;24806.5;24812.75;76
20260302 044300;24812.25;24812.25;24801;24804;60
20260302 044400;24804;24808;24801.75;24803;32
20260302 044500;24803.25;24803.5;24793;24793;169
20260302 044600;24792.5;24796.25;24786;24788;147
20260302 044700;24786.5;24791.75;24785;24790.25;71
20260302 044800;24790.25;24790.25;24786.5;24787.75;26
20260302 044900;24786.5;24787.5;24781;24784.75;48
20260302 045000;24783.25;24785.25;24782.25;24783.75;23
20260302 045100;24782;24783.5;24766;24768.5;223
20260302 045200;24768.75;24775.5;24768.75;24772;84
20260302 045300;24772;24776;24767.5;24775.25;141
20260302 045400;24774.5;24776.25;24766.75;24773.75;138
20260302 045500;24772.75;24779.5;24772.75;24773.5;49
20260302 045600;24773;24773.5;24768.5;24768.5;23
20260302 045700;24768;24772;24767.75;24770.75;64
20260302 045800;24769.5;24769.5;24761.75;24763;38
20260302 045900;24762.25;24764.5;24757.5;24761.75;97
20260302 050000;24761;24761.25;24757.5;24760;53
20260302 050100;24759;24766;24757;24762.75;96
20260302 050200;24762.75;24768.25;24762.25;24766.75;81
20260302 050300;24768;24769.5;24759.25;24759.5;95
20260302 050400;24758.5;24763.75;24758.5;24763.25;30
20260302 050500;24763.25;24764.5;24745.5;24748.25;224
20260302 050600;24747.5;24752;24743;24743;112
20260302 050700;24742.5;24743.5;24730.25;24742.75;318
20260302 050800;24742.25;24743.25;24737.5;24738.75;61
20260302 050900;24738.25;24744.25;24737.75;24744.25;68
20260302 051000;24742.75;24743.5;24735;24738;74
20260302 051100;24737.25;24751.25;24736.5;24750;125
20260302 051200;24749.75;24750.5;24747.25;24748;56
20260302 051300;24747.25;24750.75;24747;24750;20
20260302 051400;24750.25;24752.75;24743;24744;56
20260302 051500;24744;24746;24741.5;24743.25;31
20260302 051600;24741.75;24750.25;24741.5;24750.25;42
20260302 051700;24750.5;24757.5;24747.75;24749;101
20260302 051800;24748.75;24750.5;24745;24750.5;53
20260302 051900;24751.25;24754.5;24748.75;24750.25;50
20260302 052000;24749.75;24751.75;24747.25;24748.5;44
20260302 052100;24750;24751.5;24742.25;24744.5;60
20260302 052200;24746.5;24748.5;24739.5;24742.5;72
20260302 052300;24743;24743;24732.75;24733.75;108
20260302 052400;24734;24734;24721.75;24724.5;353
20260302 052500;24725.5;24725.5;24718;24722.75;201
20260302 052600;24720.5;24730.5;24720;24727.5;69
20260302 052700;24728.75;24733;24725.5;24733;85
20260302 052800;24733.75;24737.5;24728;24730.25;94
20260302 052900;24731;24735.25;24726.25;24726.25;73
20260302 053000;24724.75;24729;24720;24729;109
20260302 053100;24731.75;24738.25;24727.25;24737.75;120
20260302 053200;24737.75;24738;24727;24735;116
20260302 053300;24733.25;24734.75;24728.75;24730;104
20260302 053400;24730.5;24736.5;24730.5;24736;35
20260302 053500;24735;24737.25;24733.25;24736.75;63
20260302 053600;24736.5;24742.25;24736.5;24742;72
20260302 053700;24742;24749.25;24740.75;24746.25;93
20260302 053800;24746.25;24746.5;24732;24732.75;112
20260302 053900;24733.25;24738.25;24725.5;24738.25;91
20260302 054000;24738.25;24739.5;24730.75;24730.75;46
20260302 054100;24730.5;24735;24728.25;24728.75;46
20260302 054200;24729.5;24734.75;24727.25;24733;58
20260302 054300;24733.25;24740.5;24733;24740.5;35
20260302 054400;24740;24741.25;24735;24736.5;24
20260302 054500;24734.5;24735.5;24731.5;24734.75;37
20260302 054600;24733.5;24738;24731.5;24736;67
20260302 054700;24735.25;24738.25;24730;24730.5;55
20260302 054800;24730;24731.25;24724.75;24731.25;122
20260302 054900;24731;24733;24725.25;24730.75;91
20260302 055000;24731;24732.75;24725;24727;79
20260302 055100;24728.25;24728.5;24717.75;24718.5;156
20260302 055200;24718;24719.5;24712.25;24719.25;181
20260302 055300;24720;24720;24710;24713;109
20260302 055400;24714.5;24723.25;24714.5;24720.75;97
20260302 055500;24720.25;24720.75;24716;24716;44
20260302 055600;24714;24716.5;24705;24705.75;147
20260302 055700;24705.5;24705.5;24691;24695.25;489
20260302 055800;24694.5;24700;24686.75;24688;220
20260302 055900;24689.75;24693.5;24674.75;24676;230
20260302 060000;24677;24678.25;24672;24677.25;203
20260302 060100;24675.75;24684.25;24674.5;24679;226
20260302 060200;24677;24686.5;24675.5;24682;105
20260302 060300;24681.5;24689;24681.25;24684.25;112
20260302 060400;24686.75;24695.25;24681.5;24686.25;163
20260302 060500;24685.5;24693.5;24677;24693;100
20260302 060600;24693.5;24700.75;24690;24690;148
20260302 060700;24693.75;24703;24692.75;24699.75;65
20260302 060800;24699;24699;24683.5;24688.25;139
20260302 060900;24688;24698.5;24687.25;24696.75;108
20260302 061000;24696.75;24701.25;24690;24696.25;115
20260302 061100;24696.5;24700;24694.5;24698.25;67
20260302 061200;24697.25;24701.5;24694.5;24695;46
20260302 061300;24695.5;24695.5;24686;24690.25;88
20260302 061400;24685.75;24694.75;24684;24691.25;66
20260302 061500;24692;24698.75;24691;24691;74
20260302 061600;24692.5;24696.25;24692;24694.25;54
20260302 061700;24695.5;24698.75;24688.75;24689.25;68
20260302 061800;24689.25;24689.25;24680.75;24686.5;101
20260302 061900;24686.25;24687.25;24664;24669.25;205
20260302 062000;24668.5;24669;24656.5;24658;330
20260302 062100;24656.75;24666;24643;24644;522
20260302 062200;24645;24652.5;24633.5;24649.75;419
20260302 062300;24649;24649;24636.5;24641;222
20260302 062400;24640;24650.75;24640;24648.5;151
20260302 062500;24647;24650;24642;24644.25;101
20260302 062600;24645;24654.5;24643;24650.75;235
20260302 062700;24652;24663.25;24652;24655.75;155
20260302 062800;24657;24660.25;24650.25;24657.5;122
20260302 062900;24657.75;24661.75;24655;24659.5;82
20260302 063000;24659.75;24673.5;24659.75;24668.25;224
20260302 063100;24669.75;24675.5;24658.25;24670.25;124
20260302 063200;24669.75;24679.25;24669.75;24673.5;146
20260302 063300;24674;24676.25;24666.25;24666.25;112
20260302 063400;24666;24673;24664.5;24667.25;95
20260302 063500;24666.5;24677.5;24665.75;24670.25;139
20260302 063600;24672;24672;24654;24657.5;195
20260302 063700;24658.75;24659.25;24647.75;24649.75;170
20260302 063800;24650;24657.75;24643;24645;152
20260302 063900;24645.25;24646.75;24637.25;24638.5;201
20260302 064000;24638.75;24641;24629.75;24632;247
20260302 064100;24631.5;24631.75;24620.25;24625;304
20260302 064200;24625.25;24639.25;24622.5;24637.25;176
20260302 064300;24635.25;24643;24632.25;24641.25;194
20260302 064400;24642.25;24642.25;24627.25;24628;137
20260302 064500;24628;24628.75;24616.75;24620.75;254
20260302 064600;24621;24622.25;24593;24618;777
20260302 064700;24616.5;24619.75;24604;24610.5;303
20260302 064800;24610.75;24613.25;24593.5;24601;326
20260302 064900;24603;24603.25;24583.5;24586;429
20260302 065000;24586.25;24593.25;24575;24581.5;387
20260302 065100;24582.25;24582.25;24563.5;24568.5;425
20260302 065200;24567.5;24568;24528;24547.25;818
20260302 065300;24545.5;24584;24542;24581.25;556
20260302 065400;24581;24582.5;24571;24581.5;249
20260302 065500;24580.75;24580.75;24573;24578.5;125
20260302 065600;24577;24589.25;24572.5;24585;172
20260302 065700;24586.75;24594;24580;24593.5;321
20260302 065800;24592.25;24594.5;24584.25;24585.75;152
20260302 065900;24585.5;24589;24579.5;24585;181
20260302 070000;24584.75;24591.25;24583;24590.75;79
20260302 070100;24588;24602.5;24587;24592.5;367
20260302 070200;24592.75;24596.5;24585.25;24593.5;200
20260302 070300;24594.5;24601.75;24588.5;24588.5;305
20260302 070400;24588.75;24593;24573.5;24592.75;272
20260302 070500;24592.25;24596;24577.5;24588.25;204
20260302 070600;24587.5;24587.5;24566.25;24583.5;370
20260302 070700;24583.5;24598;24582.5;24595;203
20260302 070800;24594.25;24594.75;24577;24579;164
20260302 070900;24580;24580.5;24539.5;24547;616
20260302 071000;24547.5;24557.5;24533;24542;655
20260302 071100;24542.5;24568.25;24533;24567.5;299
20260302 071200;24565.5;24570.75;24554.25;24563.75;181
20260302 071300;24564.25;24574;24559.5;24569.25;131
20260302 071400;24569.25;24571.5;24555.5;24563;265
20260302 071500;24565.25;24565.5;24539.25;24541;314
20260302 071600;24541.25;24564;24541.25;24564;255
20260302 071700;24562.5;24574.25;24559;24570.75;300
20260302 071800;24570.5;24578.75;24558;24558;190
20260302 071900;24557.75;24560.75;24538.25;24540.25;297
20260302 072000;24540;24547.75;24536.5;24544.75;140
20260302 072100;24544.25;24550;24533.5;24539.75;190
20260302 072200;24538.5;24562.5;24537;24560.5;225
20260302 072300;24559.75;24580.75;24554;24579;419
20260302 072400;24578.75;24588.25;24575.5;24585.25;280
20260302 072500;24585.25;24585.25;24574;24574.5;198
20260302 072600;24574.25;24587.5;24574;24582.25;344
20260302 072700;24583.25;24585.75;24574.5;24578.25;273
20260302 072800;24577.25;24579.5;24567;24570.5;236
20260302 072900;24570.5;24573;24562.5;24572;167
20260302 073000;24571.75;24573.75;24563.75;24567.25;95
20260302 073100;24566.25;24566.25;24556;24557.75;130
20260302 073200;24557.5;24581.25;24555.25;24572.5;232
20260302 073300;24573.75;24583.5;24572.5;24579;148
20260302 073400;24579.75;24579.75;24562.5;24563.5;175
20260302 073500;24562;24563.5;24550.5;24555.75;228
20260302 073600;24556.5;24564;24547;24561.75;155
20260302 073700;24563;24566.75;24558.25;24564.5;174
20260302 073800;24563.25;24567;24559;24560.25;114
20260302 073900;24559.5;24559.5;24547.5;24552.25;216
20260302 074000;24552.75;24570.25;24552.75;24567.5;209
20260302 074100;24568.5;24571.5;24563.5;24564.5;126
20260302 074200;24564;24571.25;24563.75;24569;66
20260302 074300;24567.75;24567.75;24555.75;24557.75;151
20260302 074400;24555.5;24563.25;24554.75;24562.5;92
20260302 074500;24562.5;24582;24562.5;24577;241
20260302 074600;24577.25;24577.25;24567.5;24569.25;129
20260302 074700;24568.75;24574.5;24559.75;24563.25;145
20260302 074800;24561.25;24563.75;24554.5;24559.5;184
20260302 074900;24558.5;24569;24557.25;24564.75;142
20260302 075000;24566.25;24567.5;24555.75;24558.25;112
20260302 075100;24559;24566.25;24557;24561.25;103
20260302 075200;24561.75;24565.25;24552.25;24555.5;154
20260302 075300;24555.25;24568;24555.25;24559.75;121
20260302 075400;24558.75;24562;24544.5;24548.25;175
20260302 075500;24548.5;24555.25;24542;24546.5;244
20260302 075600;24545.75;24553.5;24541.5;24543;206
20260302 075700;24543.25;24562;24535.75;24559.5;272
20260302 075800;24559.25;24559.25;24537;24538.75;251
20260302 075900;24539;24553.5;24539;24545.5;201
20260302 080000;24545.25;24549;24531;24540.5;407
20260302 080100;24542;24550.75;24507;24528.25;1096
20260302 080200;24529.25;24546.25;24521.5;24542;424
20260302 080300;24542.25;24543.75;24512.5;24532.5;406
20260302 080400;24531;24556;24530.5;24540;403
20260302 080500;24539;24539;24518;24523.25;288
20260302 080600;24525.75;24536.5;24510.25;24531.25;419
20260302 080700;24532.5;24539.25;24521.5;24525.25;336
20260302 080800;24523.5;24535;24511.5;24514.25;351
20260302 080900;24514.25;24518.25;24503;24518;468
20260302 081000;24516;24523.5;24507.25;24511;313
20260302 081100;24510.25;24516.25;24507.25;24516.25;783
20260302 081200;24515.75;24516.25;24495;24496.75;833
20260302 081300;24498.25;24504.5;24483;24491;476
20260302 081400;24490;24515.5;24487.5;24515;530
20260302 081500;24513.75;24537;24511.75;24530.75;391
20260302 081600;24529.5;24537.25;24517.5;24522.75;334
20260302 081700;24520.75;24533.5;24517.75;24523.75;206
20260302 081800;24523.75;24523.75;24490.75;24493.25;465
20260302 081900;24491.5;24497;24478;24478.5;528
20260302 082000;24479;24512;24479;24503.5;448
20260302 082100;24504;24518;24501.5;24508.75;216
20260302 082200;24512.25;24515;24495.5;24495.75;148
20260302 082300;24494.75;24495;24479.5;24481.75;299
20260302 082400;24485;24490.25;24480.5;24485.5;185
20260302 082500;24483;24492;24477;24491;230
20260302 082600;24488.75;24503;24485.5;24494.25;358
20260302 082700;24494.25;24514.75;24492.75;24498.25;275
20260302 082800;24497.25;24513.25;24495;24504.25;288
20260302 082900;24500.5;24501;24485;24486.5;209
20260302 083000;24487.25;24496.25;24477.25;24489.75;278
20260302 083100;24487.75;24512.5;24485.25;24505.75;369
20260302 083200;24504.5;24511.25;24492.75;24511.25;268
20260302 083300;24512.5;24526.5;24500.5;24525.25;330
20260302 083400;24524.25;24526.75;24509.5;24522;232
20260302 083500;24520.5;24523.75;24505.75;24512.25;162
20260302 083600;24510.75;24528.25;24509.5;24525.5;198
20260302 083700;24525.25;24534;24523;24533.25;185
20260302 083800;24531.75;24538.75;24527.25;24535.25;289
20260302 083900;24535.75;24541.5;24528;24538.25;315
20260302 084000;24538;24548.25;24536;24547.25;311
20260302 084100;24547.25;24562;24545.75;24558.5;392
20260302 084200;24558.5;24568.5;24551.5;24568.5;416
20260302 084300;24567.75;24569.25;24551.25;24552.25;384
20260302 084400;24551.5;24558.5;24550;24556.75;259
20260302 084500;24555.75;24562.75;24551.75;24554.25;231
20260302 084600;24554.5;24566;24544;24564.75;262
20260302 084700;24564.5;24581;24555.75;24555.75;422
20260302 084800;24555.75;24558.25;24545.25;24553.5;244
20260302 084900;24552.25;24557.5;24546.75;24556.75;174
20260302 085000;24557.75;24574.5;24556.25;24570;247
20260302 085100;24569.75;24588.75;24569.75;24583;327
20260302 085200;24582.5;24591;24575.25;24582.5;368
20260302 085300;24583.5;24587;24573.5;24586.75;210
20260302 085400;24586.75;24586.75;24572;24578;185
20260302 085500;24576.25;24578.5;24570.25;24572;196
20260302 085600;24572.75;24578;24565.25;24568.25;303
20260302 085700;24568.5;24575.75;24564.5;24573.75;176
20260302 085800;24575.25;24578.75;24564;24568.75;272
20260302 085900;24567.75;24572;24563.25;24568.25;116
20260302 090000;24568.75;24568.75;24558.5;24563.5;288
20260302 090100;24562.25;24573;24552;24570.25;357
20260302 090200;24569.5;24589;24558.25;24587;502
20260302 090300;24586.5;24586.5;24569;24570.75;362
20260302 090400;24570;24590;24570;24589.25;284
20260302 090500;24589;24595.5;24570.25;24570.25;374
20260302 090600;24571.75;24587;24570.75;24581;185
20260302 090700;24584;24599;24583.25;24591.5;312
20260302 090800;24591;24606.5;24590.25;24602.25;347
20260302 090900;24603.5;24610.75;24600.75;24607.5;237
20260302 091000;24608.25;24618;24603.5;24618;299
20260302 091100;24617.5;24619.75;24612.75;24616.5;240
20260302 091200;24616.75;24627.75;24615.75;24625.25;389
20260302 091300;24625.25;24629;24617;24625.5;398
20260302 091400;24625.5;24633.5;24624.25;24630.5;178
20260302 091500;24630.25;24630.25;24615.75;24617.25;323
20260302 091600;24617.75;24628.25;24617.75;24621.75;220
20260302 091700;24623.75;24628.5;24617.75;24622;205
20260302 091800;24622.75;24648.5;24622.5;24639.5;513
20260302 091900;24637.75;24642;24630;24632.25;324
20260302 092000;24632.5;24637.5;24629.25;24632;207
20260302 092100;24633;24635.5;24621.25;24628;281
20260302 092200;24626.75;24642;24626.75;24640;193
20260302 092300;24638.75;24650;24637.5;24646.75;498
20260302 092400;24647.5;24649.25;24631.75;24633.75;231
20260302 092500;24632.75;24635;24628;24628.75;195
20260302 092600;24629;24638.25;24625.75;24626.75;220
20260302 092700;24626.5;24637.25;24626;24635.25;199
20260302 092800;24637.75;24640.5;24635.75;24639;162
20260302 092900;24638.5;24652.5;24633;24650;224
20260302 093000;24650.25;24650.5;24631.25;24637.5;165
20260302 093100;24638.75;24640.75;24630.25;24637;135
20260302 093200;24636;24649.25;24635;24647.25;343
20260302 093300;24646.75;24653.25;24642.25;24647.5;120
20260302 093400;24650.25;24651.75;24643;24647;115
20260302 093500;24648.25;24654.25;24638.25;24639;183
20260302 093600;24638.5;24639;24626.25;24628.25;224
20260302 093700;24629;24632.75;24626.5;24630.25;138
20260302 093800;24631;24648.5;24629.75;24646.5;353
20260302 093900;24645.75;24645.75;24632;24633.25;306
20260302 094000;24634;24636.25;24625.75;24626.25;238
20260302 094100;24626.75;24631;24616.75;24617;421
20260302 094200;24617.25;24623.75;24615;24617.5;274
20260302 094300;24617.5;24619;24612;24616.5;180
20260302 094400;24615.25;24628.25;24613;24625.25;207
20260302 094500;24626.75;24640.25;24625.5;24635.75;197
20260302 094600;24636.25;24637.75;24629.75;24633.25;100
20260302 094700;24634;24635.25;24625;24625.5;100
20260302 094800;24627.25;24630.5;24620.5;24624.25;96
20260302 094900;24622.5;24627.5;24620.75;24621.5;83
20260302 095000;24622;24626.75;24616.75;24626.5;158
20260302 095100;24625;24632.75;24621.5;24623;139
20260302 095200;24620.75;24628.25;24610.25;24627;181
20260302 095300;24628;24629;24623.75;24628.75;141
20260302 095400;24628.75;24629.5;24624;24626.75;87
20260302 095500;24626.75;24627.25;24619.5;24622;91
20260302 095600;24621.5;24637.5;24619.75;24635.5;163
20260302 095700;24634.75;24634.75;24625;24625.5;122
20260302 095800;24626.5;24638.5;24625;24635.5;136
20260302 095900;24635;24636;24631;24632.5;59
20260302 100000;24632;24636.75;24628.25;24629;103
20260302 100100;24628.5;24645.75;24628.5;24638.75;449
20260302 100200;24639.5;24646;24625.5;24643;211
20260302 100300;24642;24670;24640.75;24669.5;1187
20260302 100400;24669;24672.25;24662;24671.5;948
20260302 100500;24671;24671.75;24662.75;24665.25;309
20260302 100600;24665.25;24680;24663;24679.5;380
20260302 100700;24679.75;24684.25;24668.25;24668.5;303
20260302 100800;24668;24672.5;24653;24655.75;269
20260302 100900;24654.75;24671.25;24654;24662.25;245
20260302 101000;24662.75;24669;24662.25;24664.25;107
20260302 101100;24667;24667.75;24650;24650.25;184
20260302 101200;24650;24654.5;24638.5;24646.25;303
20260302 101300;24646.75;24652.5;24641;24652;84
20260302 101400;24652.25;24656;24642.75;24645.75;148
20260302 101500;24643.75;24648.25;24641;24646.5;109
20260302 101600;24647;24648.75;24632.5;24637.5;136
20260302 101700;24638.5;24646;24634.75;24643;114
20260302 101800;24642.75;24645.75;24636.25;24637.25;211
20260302 101900;24638.5;24652;24638.5;24652;114
20260302 102000;24651.75;24656;24648.25;24649.5;75
20260302 102100;24651;24656.25;24646.75;24655.75;105
20260302 102200;24655.5;24665;24655;24664.5;138
20260302 102300;24666.75;24673;24662.25;24662.5;150
20260302 102400;24661;24662.25;24657.75;24658.75;45
20260302 102500;24658.5;24659.75;24648.5;24649.5;127
20260302 102600;24649;24649;24639;24640.75;164
20260302 102700;24641.5;24652.5;24639.25;24651.75;190
20260302 102800;24651.75;24652;24638.75;24639;118
20260302 102900;24640;24652;24638;24650.75;132
20260302 103000;24650.25;24657;24645.25;24656.75;121
20260302 103100;24657.25;24663.5;24656.75;24662.25;140
20260302 103200;24661.5;24665.5;24658.25;24664.75;106
20260302 103300;24665.75;24669.75;24656.5;24668.5;199
20260302 103400;24668;24668.5;24663.5;24666.5;62
20260302 103500;24668;24675;24664.75;24670;77
20260302 103600;24669.25;24678;24668;24669.25;141
20260302 103700;24670.5;24674.25;24668.75;24674.25;67
20260302 103800;24674.5;24679.25;24673.5;24677.75;45
20260302 103900;24677.75;24681.25;24674.25;24679.25;102
20260302 104000;24678.25;24684.5;24674.25;24683.25;141
20260302 104100;24681.5;24681.5;24665.75;24666.25;169
20260302 104200;24668.5;24675;24654;24670.25;410
20260302 104300;24671.25;24671.25;24659.25;24666;166
20260302 104400;24667.5;24671.25;24659;24669;95
20260302 104500;24669.5;24680.75;24666;24680.75;94
20260302 104600;24680.5;24683.75;24667;24667;89
20260302 104700;24666;24668.75;24660.75;24668.75;101
20260302 104800;24668.25;24671.75;24662.75;24664.75;80
20260302 104900;24666.25;24673;24666;24666.75;55
20260302 105000;24667.75;24668.5;24663;24664;66
20260302 105100;24661.5;24665.75;24655;24661;132
20260302 105200;24660.25;24673.75;24657.75;24672.25;152
20260302 105300;24672.5;24673.75;24665.75;24665.75;69
20260302 105400;24665.25;24668.5;24663;24668;117
20260302 105500;24667.25;24667.25;24657.25;24661.75;69
20260302 105600;24664;24664;24650.75;24652.5;101
20260302 105700;24650.75;24650.75;24642.25;24645.25;145
20260302 105800;24645.5;24656;24640.75;24654;141
20260302 105900;24656.25;24658.5;24651.5;24656.5;112
20260302 110000;24657.5;24658;24649;24657.75;82
20260302 110100;24657.75;24662.75;24654;24655.5;97
20260302 110200;24656.5;24666.25;24656.5;24665;115
20260302 110300;24665.75;24667;24661.5;24664.5;78
20260302 110400;24665.25;24666.25;24658.75;24662;103
20260302 110500;24662.25;24667;24658.5;24666.75;79
20260302 110600;24667;24668.75;24664.25;24668;72
20260302 110700;24666;24666;24647.5;24648.75;151
20260302 110800;24649.5;24650.75;24643.5;24646;120
20260302 110900;24646.5;24646.75;24637;24638.75;194
20260302 111000;24639.75;24644.5;24636.75;24638;136
20260302 111100;24638.75;24656;24638;24654;189
20260302 111200;24654.25;24655.25;24645.5;24645.75;241
20260302 111300;24645.25;24650;24640;24647.25;139
20260302 111400;24646.25;24647.5;24642.5;24647.5;61
20260302 111500;24646;24649.5;24641;24645.25;122
20260302 111600;24646;24647.25;24640;24642;121
20260302 111700;24641.75;24643.25;24635;24636;194
20260302 111800;24636.25;24651.25;24635;24651.25;141
20260302 111900;24652.5;24661.75;24645.75;24646.75;122
20260302 112000;24646.75;24658.5;24645.75;24658.5;56
20260302 112100;24659;24669.5;24659;24662;138
20260302 112200;24662;24667;24661.75;24664;72
20260302 112300;24661.25;24663;24654.75;24654.75;56
20260302 112400;24654.25;24660;24654;24654;89
20260302 112500;24654;24656.5;24646.75;24655.75;248
20260302 112600;24659.75;24670.75;24659.75;24670.5;130
20260302 112700;24669.75;24671;24664.5;24669.5;67
20260302 112800;24668;24668;24662;24662;64
20260302 112900;24662.75;24664.25;24659;24661;50
20260302 113000;24660;24660.5;24654.75;24655.75;69
20260302 113100;24655.75;24668;24655.75;24667.5;84
20260302 113200;24668.75;24672.75;24667;24670.25;102
20260302 113300;24672.75;24674.75;24671.25;24673.25;131
20260302 113400;24673.75;24689;24673.25;24687.75;365
20260302 113500;24687.5;24688.5;24678.75;24678.75;236
20260302 113600;24679.5;24680.25;24669;24676;129
20260302 113700;24676.75;24689;24675.25;24686.75;345
20260302 113800;24687;24687;24676;24677;111
20260302 113900;24678;24679;24671.5;24674;61
20260302 114000;24675.25;24675.5;24667;24668;73
20260302 114100;24668;24673;24665.75;24665.75;126
20260302 114200;24665.75;24675;24662.25;24674;87
20260302 114300;24675.5;24678;24670;24671;58
20260302 114400;24673;24679.25;24668.5;24677;47
20260302 114500;24677;24684.75;24676;24681.75;98
20260302 114600;24681;24704.75;24676.5;24704;1148
20260302 114700;24703.75;24726;24703.75;24720;746
20260302 114800;24720.25;24723.5;24714;24715;193
20260302 114900;24715;24724.75;24710.5;24723.25;202
20260302 115000;24720.75;24729;24719.25;24722.25;226
20260302 115100;24723.25;24727.75;24715.75;24719.75;201
20260302 115200;24720.5;24722.75;24701.75;24712.5;557
20260302 115300;24711.25;24716.25;24706.25;24710.5;146
20260302 115400;24710.75;24710.75;24698.75;24700;147
20260302 115500;24700.75;24700.75;24687;24688.75;199
20260302 115600;24689.25;24691.25;24670;24671;204
20260302 115700;24670.5;24690.25;24670.5;24686.5;266
20260302 115800;24682.75;24686.5;24676.5;24678.25;130
20260302 115900;24679.25;24690;24676.5;24681.25;233
20260302 120000;24680;24691.75;24680;24688;144
20260302 120100;24685.75;24697.75;24685;24696;332
20260302 120200;24695.5;24705.5;24684;24686;297
20260302 120300;24687;24693.25;24676.75;24680.5;158
20260302 120400;24681.25;24690.75;24681.25;24688.75;115
20260302 120500;24689;24691.5;24679.5;24682.25;139
20260302 120600;24682.5;24686.5;24675.5;24684;145
20260302 120700;24684.75;24684.75;24670.5;24676.25;237
20260302 120800;24676.5;24679;24660;24662.75;234
20260302 120900;24663;24668.75;24651.5;24654.25;247
20260302 121000;24654.25;24665.5;24650.25;24657.75;230
20260302 121100;24656.25;24657;24650.25;24651.5;190
20260302 121200;24650;24650;24636.75;24639;316
20260302 121300;24639;24658;24637.75;24653.5;259
20260302 121400;24650.5;24652.75;24646.75;24652.5;150
20260302 121500;24650.75;24663;24649.75;24661;201
20260302 121600;24659.75;24659.75;24646;24648.75;147
20260302 121700;24648.5;24652.5;24642.75;24642.75;137
20260302 121800;24643.5;24650;24641;24646.5;148
20260302 121900;24647.25;24647.5;24638.25;24639.5;128
20260302 122000;24639;24645;24633;24633.75;273
20260302 122100;24633.75;24639.5;24632.75;24635.75;240
20260302 122200;24635.5;24641.75;24630.75;24636.75;263
20260302 122300;24636;24639.25;24631;24634.5;117
20260302 122400;24634.75;24645.25;24634.75;24643.25;225
20260302 122500;24645;24649.5;24642.25;24644;201
20260302 122600;24643.25;24644;24635;24636.25;152
20260302 122700;24636.5;24652.5;24633.75;24649.5;211
20260302 122800;24648.5;24656.5;24642.5;24642.5;311
20260302 122900;24642.5;24647.25;24639.25;24641.75;137
20260302 123000;24640.75;24641.25;24633.25;24634;181
20260302 123100;24634;24638.75;24633.25;24633.25;164
20260302 123200;24635;24639.75;24632.75;24636.75;128
20260302 123300;24636.5;24646.75;24636.5;24639.25;240
20260302 123400;24638.5;24650.75;24638.25;24648.5;143
20260302 123500;24650.25;24655.5;24645.75;24651.5;126
20260302 123600;24651.25;24655.5;24639.5;24639.75;114
20260302 123700;24640;24641.5;24628;24630;242
20260302 123800;24630.5;24645.75;24630.5;24639;159
20260302 123900;24639.5;24642.25;24633.25;24642.25;95
20260302 124000;24641.5;24642;24631.25;24636;95
20260302 124100;24635.75;24649.5;24635;24646.75;277
20260302 124200;24646.75;24650;24641.25;24643.25;148
20260302 124300;24642.25;24647.75;24641;24644;89
20260302 124400;24644.5;24646;24634.75;24644.75;193
20260302 124500;24646.75;24646.75;24639;24640;101
20260302 124600;24640.5;24655;24640.5;24653.25;180
20260302 124700;24651.75;24660;24647;24659.25;220
20260302 124800;24660;24664;24652.25;24655;230
20260302 124900;24656;24658;24651.25;24654.5;95
20260302 125000;24655.5;24659.75;24652.5;24654.5;96
20260302 125100;24655.25;24656;24647.25;24649;152
20260302 125200;24649.25;24652;24633;24636.75;354
20260302 125300;24637;24637.75;24629.75;24633.5;259
20260302 125400;24634.5;24639.25;24628;24634.25;260
20260302 125500;24633.25;24636.75;24621.5;24622.75;359
20260302 125600;24621.5;24624;24610.25;24613.75;338
20260302 125700;24613.25;24616.75;24609.75;24613;175
20260302 125800;24613.75;24624;24613.5;24617.5;193
20260302 125900;24619.25;24628;24616;24626.5;155
20260302 130000;24628.75;24638.75;24628.5;24629;264
20260302 130100;24630;24644;24629.5;24641;387
20260302 130200;24640.5;24648.5;24639.5;24647.75;190
20260302 130300;24647.5;24652.75;24637.75;24637.75;213
20260302 130400;24638.5;24641.25;24628.5;24632.5;236
20260302 130500;24631.5;24635;24621.5;24634.25;312
20260302 130600;24633.5;24644;24631.75;24641.75;143
20260302 130700;24640.25;24643.25;24635.5;24639.5;229
20260302 130800;24641.75;24644.25;24635.25;24639.25;143
20260302 130900;24636;24658.5;24634.5;24654.25;207
20260302 131000;24653.25;24654.5;24640;24642.75;173
20260302 131100;24644;24662;24644;24660;309
20260302 131200;24660;24663.25;24645;24647.75;309
20260302 131300;24648.5;24661.25;24645.25;24653.75;213
20260302 131400;24653.25;24660.5;24651.5;24656;168
20260302 131500;24656.75;24659;24643.75;24648.5;204
20260302 131600;24649.5;24655.25;24647.25;24655.25;160
20260302 131700;24656.75;24659.25;24653.25;24655.5;175
20260302 131800;24656.75;24658.5;24645.25;24650.75;201
20260302 131900;24655.25;24662.25;24652.75;24661.5;212
20260302 132000;24663.25;24678.75;24662.25;24665.75;440
20260302 132100;24667;24679;24662;24678.5;414
20260302 132200;24678;24709.5;24678;24708.75;1457
20260302 132300;24708.25;24722;24705;24711.5;762
20260302 132400;24712.5;24715.75;24700.75;24704;335
20260302 132500;24704.5;24720;24703;24715.75;347
20260302 132600;24716.25;24739.25;24715.25;24728.25;1010
20260302 132700;24728;24734.5;24718.25;24719.75;530
20260302 132800;24720;24722.25;24700.25;24702.25;557
20260302 132900;24700;24711.75;24697.5;24710;325
20260302 133000;24710.25;24713.5;24694.75;24700.75;291
20260302 133100;24701.75;24705.75;24688.5;24690.5;400
20260302 133200;24689.75;24710.25;24687.25;24705.75;403
20260302 133300;24706.25;24706.25;24694.5;24695.5;165
20260302 133400;24696.75;24697.25;24676.5;24679.5;350
20260302 133500;24679;24704.25;24677;24695;500
20260302 133600;24696.25;24699.5;24682;24682;224
20260302 133700;24683.5;24695;24680.75;24682.25;183
20260302 133800;24681.25;24683;24669.5;24673.75;295
20260302 133900;24672.75;24687.5;24666.25;24679.25;290
20260302 134000;24680;24685.75;24676.25;24679.75;136
20260302 134100;24680.5;24686.75;24676.25;24682.5;173
20260302 134200;24681.75;24683;24673.5;24675;162
20260302 134300;24675;24678.25;24668.75;24673.75;285
20260302 134400;24672.25;24675.5;24667.25;24674;186
20260302 134500;24674.25;24676.75;24655;24656.5;279
20260302 134600;24656.75;24675;24656.75;24672;293
20260302 134700;24670;24673.75;24662.25;24670.5;158
20260302 134800;24670.75;24671.25;24663;24665;89
20260302 134900;24666;24673.5;24660.75;24672.5;182
20260302 135000;24671.5;24671.5;24662.75;24663.5;97
20260302 135100;24663.5;24671.75;24662.25;24670.25;151
20260302 135200;24671;24671;24648;24651;329
20260302 135300;24650.25;24652.75;24642.75;24648.5;420
20260302 135400;24648.75;24659.25;24647.75;24653.5;190
20260302 135500;24653.75;24657.5;24648.5;24653.25;210
20260302 135600;24653.5;24654.25;24644;24647.25;182
20260302 135700;24648;24648.75;24628;24628.5;568
20260302 135800;24628;24631.25;24614.25;24618.25;621
20260302 135900;24617.25;24618.75;24592.75;24597;862
20260302 140000;24597;24627.5;24595;24620.75;713
20260302 140100;24621.5;24632;24615.75;24621;419
20260302 140200;24619;24625.25;24613.5;24617.75;404
20260302 140300;24617;24617.5;24607.75;24617.25;255
20260302 140400;24616.5;24626.5;24612.75;24615;357
20260302 140500;24615;24618.75;24610.75;24617.25;235
20260302 140600;24616.25;24632.75;24616;24629;342
20260302 140700;24629.25;24646.5;24625.75;24643.25;450
20260302 140800;24643.5;24651.75;24639.5;24648;336
20260302 140900;24647.25;24652;24637.25;24643.25;366
20260302 141000;24644.5;24651;24639.75;24640.25;179
20260302 141100;24639.25;24644;24630.75;24635.25;247
20260302 141200;24635;24643.5;24633.75;24637;181
20260302 141300;24636.75;24637.75;24630;24633.5;147
20260302 141400;24633.5;24638.75;24625;24630.25;262
20260302 141500;24631.25;24635.5;24627.75;24633;207
20260302 141600;24631.75;24635.25;24629;24632.5;119
20260302 141700;24631.75;24633.75;24622;24632.25;312
20260302 141800;24632;24636.5;24626;24630;263
20260302 141900;24630.25;24630.25;24620.25;24621.5;274
20260302 142000;24622.25;24628.75;24618;24626;246
20260302 142100;24627.25;24630.25;24618;24621.5;179
20260302 142200;24623.75;24628.25;24622.5;24624.75;169
20260302 142300;24626;24626.75;24619;24624.75;178
20260302 142400;24625;24629.75;24620.5;24629.75;214
20260302 142500;24630.25;24639.5;24628;24639;383
20260302 142600;24638.5;24638.5;24615;24627;722
20260302 142700;24626;24626.25;24617;24617.25;243
20260302 142800;24617.75;24624.75;24608;24624.75;546
20260302 142900;24625;24645.25;24620.5;24641.5;712
20260302 143000;24640.25;24649.25;24636;24644.75;664
20260302 143100;24644.5;24683.5;24605;24683;6385
20260302 143200;24683.5;24756;24683.5;24745.5;4771
20260302 143300;24746;24782.5;24726.5;24781.75;3324
20260302 143400;24781.5;24809;24778.25;24787.75;2997
20260302 143500;24787;24849.75;24779.25;24834;3381
20260302 143600;24833;24849;24822;24843;2960
20260302 143700;24841.5;24864.25;24839;24855.25;2973
20260302 143800;24854.5;24885;24847.75;24847.75;2919
20260302 143900;24848.75;24861.75;24829;24839;2742
20260302 144000;24839.5;24852;24795.5;24804.75;3529
20260302 144100;24805.5;24849;24803.5;24808.5;2556
20260302 144200;24810;24827.5;24801.5;24809.75;1573
20260302 144300;24810.25;24841;24807.25;24826.25;1572
20260302 144400;24826;24847.25;24800;24810.25;2192
20260302 144500;24809.5;24855;24805;24838.25;1944
20260302 144600;24836;24880.75;24815;24860.5;3009
20260302 144700;24861.75;24874.5;24841.75;24858.5;1789
20260302 144800;24858;24873.75;24840;24867.25;1558
20260302 144900;24868;24895.25;24866;24879.25;2859
20260302 145000;24879.5;24897.5;24871.5;24892.25;1463
20260302 145100;24892.25;24898.5;24863;24869.75;1773
20260302 145200;24869.75;24886.75;24851.75;24855.25;1725
20260302 145300;24855;24858;24819;24833;2386
20260302 145400;24836;24842.5;24809.5;24820;1831
20260302 145500;24820.75;24850;24816.5;24842.75;1273
20260302 145600;24842;24866.25;24839.25;24853.25;1449
20260302 145700;24853.25;24859.25;24819.75;24844.25;1540
20260302 145800;24846.25;24863.75;24840.75;24850.5;1079
20260302 145900;24850;24869;24835.5;24858;1104
20260302 150000;24857.75;24862.5;24844.5;24862;745
20260302 150100;24862;24863.75;24802;24805.5;1881
20260302 150200;24804.75;24877.75;24804.5;24877.25;2373
20260302 150300;24876.25;24895;24872.75;24874.75;1748
20260302 150400;24873.5;24900;24862;24897.25;2117
20260302 150500;24897.25;24907.25;24867.5;24888.5;1939
20260302 150600;24889.25;24904.75;24871.5;24889.75;1418
20260302 150700;24888;24904.25;24876.25;24891.75;1381
20260302 150800;24892.25;24918.5;24890.75;24915.25;1511
20260302 150900;24914.75;24923.75;24898;24916;1809
20260302 151000;24916;24921;24894.75;24901.25;1865
20260302 151100;24902.75;24923.25;24900.5;24921.25;952
20260302 151200;24921;24939.75;24916;24932.75;1433
20260302 151300;24932;24939.75;24921.5;24929.75;1010
20260302 151400;24929.75;24947.75;24927;24938.75;1577
20260302 151500;24938.75;24942.5;24925;24930.5;1099
20260302 151600;24931.5;24938.25;24909.25;24915.5;1671
20260302 151700;24916.25;24942.25;24913.5;24926.75;1163
20260302 151800;24926.75;24946;24919;24920.5;1121
20260302 151900;24921;24928;24901.5;24904.75;1615
20260302 152000;24904;24917.25;24896.25;24913;1116
20260302 152100;24913;24925;24905.25;24919.75;883
20260302 152200;24920.5;24921;24876.5;24879;1913
20260302 152300;24879;24888.5;24866.75;24871.25;1419
20260302 152400;24872;24924.25;24869;24919;1697
20260302 152500;24918;24919.5;24891.75;24913;955
20260302 152600;24914;24928.5;24898;24901.25;1122
20260302 152700;24902;24920.5;24892;24901.25;981
20260302 152800;24900.5;24910.25;24880.5;24881.75;1019
20260302 152900;24881.75;24893.25;24868.25;24876.5;1291
20260302 153000;24875;24885.25;24857;24881.5;1270
20260302 153100;24881.5;24900.25;24876;24880;1363
20260302 153200;24880;24884.5;24859.5;24873.25;949
20260302 153300;24872.5;24876.5;24845;24849.25;1310
20260302 153400;24848;24863.25;24842.75;24850.75;1805
20260302 153500;24851;24881;24848.75;24868.25;1252
20260302 153600;24868.25;24877.5;24856;24870;994
20260302 153700;24870.25;24872.25;24842;24869.25;1162
20260302 153800;24868.75;24888.75;24865.25;24880.75;1318
20260302 153900;24880.75;24907.25;24879.25;24902.25;1570
20260302 154000;24901.25;24919.25;24897.75;24917.75;1080
20260302 154100;24918;24918.75;24894.5;24908.5;1350
20260302 154200;24907.75;24930;24906;24922;1120
20260302 154300;24921.5;24931.75;24914.25;24920.75;908
20260302 154400;24921.75;24935.5;24918;24927;751
20260302 154500;24926;24940.75;24923.5;24939;795
20260302 154600;24938.75;24943;24932;24937.5;1426
20260302 154700;24936.75;24942.5;24932.5;24938.75;919
20260302 154800;24940;24958.5;24935;24938.75;1868
20260302 154900;24938.25;24938.5;24914.75;24917.5;1505
20260302 155000;24916.75;24933.75;24910.5;24925.25;1017
20260302 155100;24925.5;24947.75;24919.25;24940;912
20260302 155200;24939.75;24942;24929.25;24930.5;592
20260302 155300;24932.25;24934.75;24922.5;24922.75;594
20260302 155400;24922.5;24922.5;24901.5;24904.75;1144
20260302 155500;24905.5;24907;24882.5;24889.75;1255
20260302 155600;24889;24902.5;24877.5;24901.5;1312
20260302 155700;24902;24927;24900.75;24925;1054
20260302 155800;24925;24929.75;24918.5;24925.75;603
20260302 155900;24926;24932.25;24917;24924;664
20260302 160000;24924.75;24928.75;24918.25;24924.5;483
20260302 160100;24923.75;24925.75;24901.75;24906;786
20260302 160200;24904.5;24914.5;24892.5;24908.25;730
20260302 160300;24909;24913;24898.25;24903.75;574
20260302 160400;24903.5;24914;24901.5;24904.25;439
20260302 160500;24903.25;24933.25;24902.75;24932;861
20260302 160600;24931.5;24942.75;24920.25;24940.75;1064
20260302 160700;24940.25;24952.75;24930.5;24935.75;1105
20260302 160800;24934.75;24957.25;24930.75;24951;977
20260302 160900;24950.5;24969;24949.5;24967.25;1036
20260302 161000;24967.25;24978.5;24967;24977.75;1606
20260302 161100;24977.75;24981.75;24964.5;24967;1344
20260302 161200;24967.25;24991.25;24961.25;24978.5;1618
20260302 161300;24978.25;24978.5;24971.25;24974.25;565
20260302 161400;24974;24983.5;24970.75;24974.75;649
20260302 161500;24974.75;24977.75;24968.5;24972.25;557
20260302 161600;24972.5;24975.75;24948;24953.25;1443
20260302 161700;24953.25;24955.5;24945;24948.75;728
20260302 161800;24949.5;24959.25;24937.5;24939.25;1121
20260302 161900;24939.5;24960.5;24937.25;24953.25;912
20260302 162000;24953.5;24953.5;24927.5;24931.75;1025
20260302 162100;24930.25;24931.75;24915.5;24924.25;1165
20260302 162200;24925.75;24935.25;24917.75;24920.5;885
20260302 162300;24920.5;24928.25;24919;24923.75;511
20260302 162400;24924.25;24934.25;24921.75;24928.25;534
20260302 162500;24927.5;24931.75;24919.5;24924;516
20260302 162600;24923;24926;24905.75;24908.5;902
20260302 162700;24908.25;24911;24886.5;24889.5;1123
20260302 162800;24889;24893.25;24854;24856.25;2612
20260302 162900;24855;24868.75;24852;24862.75;1358
20260302 163000;24862.25;24872.5;24859.5;24867.5;1259
20260302 163100;24866.5;24896.25;24864;24883;2072
20260302 163200;24884;24884;24865;24867.5;918
20260302 163300;24866.75;24881.25;24863.5;24874;746
20260302 163400;24874.5;24875.25;24861;24868.75;611
20260302 163500;24869;24910.25;24862.75;24904;2350
20260302 163600;24904.5;24914.5;24887.75;24913.25;1399
20260302 163700;24912.5;24928.5;24910.5;24921.75;1150
20260302 163800;24921.25;24942.75;24921;24938.5;1247
20260302 163900;24938.75;24961.25;24935.25;24958;1175
20260302 164000;24957.75;24967.5;24948;24966.75;1294
20260302 164100;24966;24989.75;24964.5;24979.5;1667
20260302 164200;24978.25;25004.25;24977.25;25003;1801
20260302 164300;25003.75;25004.25;24990.5;24998.75;1132
20260302 164400;24998.75;25012.75;24993.5;25007.25;1490
20260302 164500;25006;25019.25;25005.5;25013.5;1264
20260302 164600;25014;25024.25;25011.25;25021;1496
20260302 164700;25020.75;25028;25016;25023.75;1232
20260302 164800;25024;25037.75;25012.25;25034;2274
20260302 164900;25033.5;25039.75;25007;25018.5;2333
20260302 165000;25018.25;25028.25;25012;25015.75;1298
20260302 165100;25016.75;25019.75;25000.5;25007.75;1271
20260302 165200;25007.25;25010.5;24994.75;25004;1078
20260302 165300;25003.5;25026.75;25000;25019.25;998
20260302 165400;25020;25027.25;25018;25024.75;766
20260302 165500;25025;25025;25013;25015.25;723
20260302 165600;25016.25;25035.25;25006.75;25033.75;1054
20260302 165700;25033.5;25035;25026;25028.5;626
20260302 165800;25028.75;25035.25;25026;25029.25;597
20260302 165900;25029;25044.25;25024;25042.25;980
20260302 170000;25041.5;25041.75;25029.5;25033.5;915
20260302 170100;25033.75;25035.25;25023;25030.5;1183
20260302 170200;25030.25;25031.5;25015.75;25015.75;734
20260302 170300;25016.5;25025;25012.5;25014;766
20260302 170400;25014;25021;25008.75;25019.75;635
20260302 170500;25019;25033.75;25017.75;25031;835
20260302 170600;25030.75;25039;25027;25030.5;607
20260302 170700;25028.25;25040.5;25028.25;25031.25;715
20260302 170800;25031.25;25033.75;25017.5;25018.25;598
20260302 170900;25018.5;25026.5;25014.25;25020.5;519
20260302 171000;25020.5;25032;25014.5;25029.75;425
20260302 171100;25029.5;25033;25017;25020.5;509
20260302 171200;25020.75;25025;25013.25;25025;542
20260302 171300;25024;25024;25010.5;25013.5;521
20260302 171400;25014;25028;25007.5;25026.5;588
20260302 171500;25025.75;25036;25024.5;25030.5;737
20260302 171600;25030.75;25061.5;25029.5;25061;1524
20260302 171700;25060.75;25065.75;25052.25;25058.75;964
20260302 171800;25059;25061.5;25053.25;25060;549
20260302 171900;25060.25;25062.5;25048;25052.25;715
20260302 172000;25053.25;25068;25053.25;25062.25;761
20260302 172100;25061.75;25067.25;25059.25;25062;613
20260302 172200;25061.75;25066;25057.75;25063.25;827
20260302 172300;25064;25075.25;25051.5;25062.5;1088
20260302 172400;25062;25071;25059.75;25065.75;557
20260302 172500;25065.5;25076.5;25065.5;25068.25;723
20260302 172600;25068.5;25069;25052.75;25057.5;769
20260302 172700;25057.25;25058.25;25043.5;25046.75;609
20260302 172800;25046;25048.5;25040.75;25045.25;607
20260302 172900;25044;25055.75;25042.25;25052.75;493
20260302 173000;25052.75;25056.25;25044.75;25045;486
20260302 173100;25044;25049.5;25039;25045.5;793
20260302 173200;25046.25;25050.5;25033;25043.75;558
20260302 173300;25045;25056.25;25039;25039.25;583
20260302 173400;25039.25;25042.75;25031.5;25040;486
20260302 173500;25038.5;25041.25;25028.75;25029.25;590
20260302 173600;25030;25039.5;25027.75;25034.75;638
20260302 173700;25034.5;25054.25;25031.25;25054.25;765
20260302 173800;25054.25;25055;25045.25;25046;435
20260302 173900;25045.75;25049;25027.75;25030.25;684
20260302 174000;25030.5;25035.25;25027;25033.5;382
20260302 174100;25034.25;25039.5;25026.25;25032.5;634
20260302 174200;25032.75;25055;25032.75;25048.5;788
20260302 174300;25048.5;25050.5;25043.5;25048.5;390
20260302 174400;25049.5;25056;25041;25042.5;768
20260302 174500;25043.25;25049.5;25038;25046;418
20260302 174600;25046.5;25050;25043.5;25046.5;302
20260302 174700;25045.75;25053.5;25045.25;25052.5;315
20260302 174800;25052.5;25059.5;25049;25051;493
20260302 174900;25050.5;25052.5;25040;25043.75;415
20260302 175000;25044.5;25051.25;25036.5;25049.5;388
20260302 175100;25050;25051;25040.25;25048.25;459
20260302 175200;25048;25075.75;25046.5;25065;1150
20260302 175300;25065;25069.5;25060.5;25068;407
20260302 175400;25067;25067.75;25058.5;25063.5;467
20260302 175500;25063.25;25068.5;25061;25063;347
20260302 175600;25064;25064;25054;25059;458
20260302 175700;25059.25;25060.25;25044;25046.75;557
20260302 175800;25046.25;25050.25;25042.75;25050.25;303
20260302 175900;25050;25061.75;25048;25061.25;512
20260302 180000;25061.25;25071.25;25061.25;25065.75;642
20260302 180100;25066;25071.25;25060.75;25065;654
20260302 180200;25065;25070;25060;25066.25;405
20260302 180300;25065.75;25073.75;25064.5;25065;472
20260302 180400;25065;25065.5;25056;25061;491
20260302 180500;25061;25067;25057.25;25067;344
20260302 180600;25067.75;25074.75;25064.75;25064.75;606
20260302 180700;25064.5;25068;25058.25;25062.25;598
20260302 180800;25061.5;25067.5;25059.5;25065.5;300
20260302 180900;25065.75;25065.75;25053.5;25055.25;350
20260302 181000;25054.75;25056.5;25046.25;25046.25;399
20260302 181100;25046.75;25050.25;25041.5;25044;449
20260302 181200;25043;25050.25;25039.5;25046.25;535
20260302 181300;25047.5;25048.75;25037;25037.25;1020
20260302 181400;25036.75;25048;25036.5;25046.5;313
20260302 181500;25046.5;25052.25;25044.75;25049.5;380
20260302 181600;25048.5;25050.5;25041.25;25042.25;366
20260302 181700;25042.75;25045.75;25038.5;25042.25;322
20260302 181800;25042.5;25050.75;25042.25;25046.5;365
20260302 181900;25047;25050.5;25041.75;25046;317
20260302 182000;25046.25;25047.5;25034.25;25035.75;454
20260302 182100;25036.5;25037.5;25028.25;25031;565
20260302 182200;25029.25;25035.5;25025.75;25028.5;755
20260302 182300;25029.25;25031.75;25016.75;25027.5;827
20260302 182400;25027.5;25028.75;25020.75;25023;372
20260302 182500;25023.25;25032.25;25020.25;25025.25;516
20260302 182600;25023.75;25025.75;25013.5;25018.25;716
20260302 182700;25017.75;25036;25015.75;25035.5;638
20260302 182800;25036.5;25041.5;25031.5;25032.5;410
20260302 182900;25034.25;25045.75;25030;25043;656
20260302 183000;25042.5;25044.25;25031.75;25036;649
20260302 183100;25036.25;25039.5;25021.25;25024.25;760
20260302 183200;25024.75;25029;25017.5;25024.25;870
20260302 183300;25023.5;25036.75;25017.25;25035.5;556
20260302 183400;25034.5;25038;25027;25028.5;469
20260302 183500;25028.75;25030;25022.25;25024.75;317
20260302 183600;25024.5;25024.5;25014;25020.75;549
20260302 183700;25020.75;25021;25014.25;25015.75;329
20260302 183800;25016;25017;25006;25010.75;753
20260302 183900;25010.75;25014.5;25000.5;25012.5;1476
20260302 184000;25013;25014.25;25007;25009.5;317
20260302 184100;25009.5;25009.5;25001.75;25005.5;453
20260302 184200;25004.75;25007.5;24999.75;25004.25;546
20260302 184300;25003.75;25007.5;25000;25004;503
20260302 184400;25004.75;25025.5;25002.75;25019.5;855
20260302 184500;25019.25;25022.25;25016.75;25021.75;279
20260302 184600;25021;25021.75;25007;25012;499
20260302 184700;25013;25013;24997.5;24998.5;443
20260302 184800;24999;24999;24977.25;24987;1332
20260302 184900;24986.75;25007.5;24983.75;25005.75;851
20260302 185000;25006.5;25008;24997.75;24999.5;543
20260302 185100;24999.75;25006.75;24998.5;25000.75;323
20260302 185200;25001;25007.25;24985.75;24988.5;567
20260302 185300;24988.25;24993.5;24982.75;24988.5;473
20260302 185400;24988.25;24996.5;24983.25;24994;369
20260302 185500;24993;24996.75;24991;24992.75;644
20260302 185600;24992.25;24994;24979;24980.75;609
20260302 185700;24981.25;24989.25;24979.5;24989;409
20260302 185800;24989.25;24989.75;24981.25;24981.75;297
20260302 185900;24981.25;24984.25;24968.5;24975.25;906
20260302 190000;24975.5;24983.5;24970.5;24972.5;570
20260302 190100;24972;24977.25;24966.25;24972;982
20260302 190200;24972.25;24988;24970.5;24976.25;705
20260302 190300;24975.5;24984;24970.75;24983.25;476
20260302 190400;24984.25;24992;24978.75;24987.75;870
20260302 190500;24987.75;25000.75;24985;24998;605
20260302 190600;24997.5;25000.25;24988.25;24992.5;469
20260302 190700;24992.5;25005;24989.25;25000.25;481
20260302 190800;25000.25;25005.25;24995.5;25000;482
20260302 190900;24999.25;25009.25;24998;25005.25;637
20260302 191000;25005.5;25031;24998;25028.25;961
20260302 191100;25029;25036.75;25027.5;25032.5;814
20260302 191200;25033;25048.25;25027;25046.5;898
20260302 191300;25046;25055.25;25041.5;25050.75;1155
20260302 191400;25050.75;25053.5;25044.25;25044.5;527
20260302 191500;25044;25053.75;25041;25049;465
20260302 191600;25049.5;25076;25049;25065.75;1776
20260302 191700;25065.5;25078.25;25065.5;25077.75;1235
20260302 191800;25077.75;25087.75;25075.75;25077;1094
20260302 191900;25077.5;25078.5;25070.75;25077;687
20260302 192000;25077.75;25081;25066;25073.5;1093
20260302 192100;25073.5;25083.5;25070.5;25080.75;1374
20260302 192200;25079.5;25089;25076.75;25082.25;1557
20260302 192300;25082.5;25085.25;25077.5;25080;1051
20260302 192400;25079.5;25081;25066.5;25072.5;882
20260302 192500;25072.5;25072.5;25063.5;25064.5;934
20260302 192600;25064.25;25068.75;25058;25060;1315
20260302 192700;25060.5;25075.5;25058.25;25074.25;658
20260302 192800;25073.5;25083;25069.25;25078.75;1042
20260302 192900;25078;25080.75;25074.25;25075;434
20260302 193000;25074.5;25085;25073.25;25079.25;890
20260302 193100;25079.75;25092.5;25079;25084;1199
20260302 193200;25083.75;25084;25068.5;25073;1664
20260302 193300;25073.5;25085;25071;25076.25;964
20260302 193400;25076.5;25084.5;25075;25081;755
20260302 193500;25081.75;25090.5;25081.5;25086.5;657
20260302 193600;25086.25;25091.5;25084.75;25087;539
20260302 193700;25086.5;25094.25;25084.5;25092.5;625
20260302 193800;25093;25098.25;25091.25;25095;591
20260302 193900;25094.5;25096;25087.25;25088.5;458
20260302 194000;25088.75;25091.25;25082;25083.5;526
20260302 194100;25083;25091;25083;25086.75;290
20260302 194200;25086.5;25093;25084.25;25088.5;351
20260302 194300;25088.25;25088.25;25082;25084.75;505
20260302 194400;25085.75;25086.5;25071.75;25074.5;867
20260302 194500;25074;25078.25;25072.75;25076.75;358
20260302 194600;25077;25084.75;25076.75;25079.75;405
20260302 194700;25079.25;25090.25;25076.25;25084.25;705
20260302 194800;25084.5;25101;25083.25;25094.75;867
20260302 194900;25094.5;25097.5;25094;25095;342
20260302 195000;25095.25;25095.25;25090.25;25094.5;284
20260302 195100;25094.25;25094.75;25084.25;25092.25;393
20260302 195200;25092.25;25097.25;25089.5;25093;411
20260302 195300;25093.75;25096.25;25090.5;25095;268
20260302 195400;25095.25;25095.75;25087.25;25089;407
20260302 195500;25088.5;25095.75;25086.5;25092;335
20260302 195600;25092;25092.5;25086.25;25090.75;353
20260302 195700;25090.5;25093.75;25087.25;25090.25;290
20260302 195800;25091;25092.5;25078.75;25088;720
20260302 195900;25087.5;25090.5;25083.75;25084.75;443
20260302 200000;25084.75;25086.75;25078.75;25082.75;416
20260302 200100;25082.5;25088.25;25073;25073.75;773
20260302 200200;25073.5;25076.25;25067;25068.75;554
20260302 200300;25068.25;25072.5;25065.5;25068.75;408
20260302 200400;25068.25;25076.25;25065.5;25073.25;687
20260302 200500;25073;25080;25068.5;25079.75;604
20260302 200600;25080;25090.5;25077.5;25084.75;872
20260302 200700;25085;25085.75;25035.75;25054.25;3306
20260302 200800;25053.5;25054.75;25020.25;25020.75;1865
20260302 200900;25020;25021;24991.75;24997.5;1940
20260302 201000;24997.25;25010.75;24989;25000.75;1845
20260302 201100;25001;25002;24969.25;24977;2161
20260302 201200;24976.75;24995.5;24959;24993.75;2532
20260302 201300;24993.5;24993.5;24964.25;24982.25;2117
20260302 201400;24983.5;25001.75;24971.5;24982;1687
20260302 201500;24984;24989.5;24961.25;24967.75;2031
20260302 201600;24967.25;24968.25;24946.75;24961;2306
20260302 201700;24962.5;25013;24962.5;24994;3093
20260302 201800;24994.25;25020;24990.75;25003.25;962
20260302 201900;25004.5;25020.5;25000.75;25015.75;787
20260302 202000;25016.25;25020.75;24992;25000.75;981
20260302 202100;25001.5;25012.5;24974;25003;1647
20260302 202200;25003;25003;24981.75;24983.5;803
20260302 202300;24983.5;25005.25;24983.5;24991.25;741
20260302 202400;24990;24999.25;24980.25;24997;724
20260302 202500;24996.25;25001;24981.5;24981.75;667
20260302 202600;24981;24991;24975.75;24983;871
20260302 202700;24985.5;24987;24962.75;24966.25;724
20260302 202800;24967.25;24974.75;24962;24966;814
20260302 202900;24967.5;24998;24966.5;24982;1051
20260302 203000;24982.75;24987;24963.75;24966.25;750
20260302 203100;24967.5;24987.25;24962;24979.75;1078
20260302 203200;24979.75;24985.75;24962.75;24973.75;603
20260302 203300;24974.5;24999.25;24972;24995.25;728
20260302 203400;24994.5;25001.25;24987.5;24998.5;569
20260302 203500;24997.75;25010;24996;25005;618
20260302 203600;25005.25;25006.5;24984;24985.75;631
20260302 203700;24985.25;24995.75;24980.75;24987.25;553
20260302 203800;24988;25008.25;24987.5;24997.75;603
20260302 203900;24998;25015.75;24996.5;25015.5;643
20260302 204000;25014;25015.75;24999.25;25001.25;1073
20260302 204100;25001.5;25013;24995;24996.5;658
20260302 204200;24996.5;24998;24978.75;24979.75;929
20260302 204300;24980.5;24997;24974.5;24996;665
20260302 204400;24995.5;24997.5;24987.75;24993.5;331
20260302 204500;24993.75;25011;24990.25;25008.75;492
20260302 204600;25008;25014.5;24996.5;25011.25;1391
20260302 204700;25011.75;25030;25010.25;25014.25;1775
20260302 204800;25014.25;25023.5;25011.5;25016.25;626
20260302 204900;25016.5;25024.25;25011.5;25013;1303
20260302 205000;25012.75;25019.5;25008;25011.75;498
20260302 205100;25012.25;25037.5;25008.5;25024.75;1791
20260302 205200;25024.5;25033;25008.5;25027;837
20260302 205300;25027;25033.75;25025.25;25033;547
20260302 205400;25033.5;25036.25;25017;25021.25;1274
20260302 205500;25020.75;25045.25;25016.75;25040.75;1221
20260302 205600;25041.75;25054.25;25033.25;25044.25;2023
20260302 205700;25044.75;25050.25;25033.25;25041.25;791
20260302 205800;25042.25;25062.75;25038.75;25055;1266
20260302 205900;25055;25059.25;25041;25042.25;2163
20260302 210000;25041.75;25043;25019;25021;6876
20260302 210100;25020.75;25028.75;25015.75;25020.75;2335
20260302 210200;25020;25020.25;25004.25;25014;1248
20260302 210300;25013.5;25023.25;25009;25022.25;615
20260302 210400;25022;25023.25;25013.5;25019;333
20260302 210500;25018.25;25019;25011;25016;261
20260302 210600;25017.75;25019.5;25003.5;25012.5;829
20260302 210700;25012.5;25014;25001.25;25003.75;589
20260302 210800;25004.25;25011.25;24990.25;24992;558
20260302 210900;24992.5;24999.5;24988.5;24989.25;622
20260302 211000;24989.25;24989.5;24976.5;24981.5;665
20260302 211100;24982;24987;24979;24983;540
20260302 211200;24983.25;24993.25;24982.5;24988.5;402
20260302 211300;24988.75;24998;24986;24994.75;398
20260302 211400;24995;25001.25;24993.75;24995.25;308
20260302 211500;24995.25;24999.75;24990.75;24997.25;381
20260302 211600;24998;25000.5;24990;24992.75;161
20260302 211700;24993;24998.5;24992;24992.75;144
20260302 211800;24993.75;24993.75;24986.5;24987.25;163
20260302 211900;24987.75;24992.5;24984.25;24987.75;139
20260302 212000;24988;24991.5;24987.25;24988.75;82
20260302 212100;24988;24990.75;24984.5;24990;95
20260302 212200;24990;24995.75;24985.5;24995.25;145
20260302 212300;24996;25000.75;24986.25;24986.25;392
20260302 212400;24986.5;24991.75;24985.25;24991.25;78
20260302 212500;24992.75;24998;24992.75;24993.25;84
20260302 212600;24993.75;24995.5;24990;24993.5;70
20260302 212700;24994.25;24994.5;24991.5;24993.75;40
20260302 212800;24994.75;24997;24994;24994.5;41
20260302 212900;24994.5;24998.25;24993;24997.75;58
20260302 213000;24997.75;24998.25;24993.5;24997.5;117
20260302 213100;24996.25;24998;24992.75;24992.75;93
20260302 213200;24993.25;24996.5;24992.5;24995.25;117
20260302 213300;24994.5;25003.25;24994.25;25000;131
20260302 213400;24999.5;25002.25;24999.25;24999.5;52
20260302 213500;24998.75;25001.25;24998.5;25000.75;61
20260302 213600;25000;25001.75;24997.75;24999.75;106
20260302 213700;25000.25;25002.75;25000;25002.25;34
20260302 213800;25001.5;25003;25001;25002.5;28
20260302 213900;25003;25007.75;25003;25006.25;87
20260302 214000;25006;25006;25004.25;25005.25;29
20260302 214100;25005.25;25006.25;25002;25005;32
20260302 214200;25005;25005.25;25001.75;25001.75;59
20260302 214300;25002;25007;25002;25006.5;46
20260302 214400;25006.5;25007.5;25003;25007;104
20260302 214500;25007;25007;25004.5;25005.25;93
20260302 214600;25005.25;25006;24996;24996;108
20260302 214700;24997.75;25005;24996.5;25000.25;104
20260302 214800;24999.75;24999.75;24994.25;24998.5;77
20260302 214900;24997.5;25004;24978.5;24996;563
20260302 215000;24996.5;24999.5;24993;24997.75;67
20260302 215100;24998;25002.25;24994.5;25002;119
20260302 215200;25001.75;25006.5;25001.75;25003;39
20260302 215300;25003.25;25003.5;24996.75;24998.5;86
20260302 215400;24999.25;25006.5;24998.5;25006.5;136
20260302 215500;25005.25;25005.25;24996;24996;124
20260302 215600;24996.75;25003;24994.75;25003;83
20260302 215700;25002.25;25002.75;24998;25000.75;27
20260302 215800;24999.75;24999.75;24996;24998.5;27
20260302 215900;24998.25;25000;24993.25;24994;70
20260302 220000;24994.75;25006.25;24993.75;24995.75;116
20260302 230100;25002.75;25011;24981;24984.25;509
20260302 230200;24986.75;24988.25;24976.75;24980.75;244
20260302 230300;24982;24991.5;24977;24981.25;167
20260302 230400;24984.5;24984.5;24965;24979.5;228
20260302 230500;24981;25001;24981;24995.25;282
20260302 230600;24994.5;24999.25;24981.25;24988;154
20260302 230700;24989.5;24999.75;24989.25;24997.25;95
20260302 230800;24997;24997;24985.25;24986.5;79
20260302 230900;24985;24988;24979;24981;129
20260302 231000;24982;24986.5;24970.5;24982;98
20260302 231100;24982.5;24983.75;24975;24978.5;89
20260302 231200;24978.5;24979.5;24971.75;24976;110
20260302 231300;24974.25;24982.75;24966.5;24967;175
20260302 231400;24969.25;24980;24969;24971.25;130
20260302 231500;24972.75;24976.25;24971;24972;68
20260302 231600;24973.25;24976.25;24970.5;24975.5;55
20260302 231700;24975.25;24975.25;24964.75;24966.25;113
20260302 231800;24965.25;24973.5;24965;24971.5;91
20260302 231900;24972.25;24977.25;24968.75;24968.75;55
20260302 232000;24970;24975;24970;24972;50
20260302 232100;24972.5;24972.5;24955;24958.25;240
20260302 232200;24958.25;24959.5;24947;24951.5;174
20260302 232300;24951.25;24961.25;24950.75;24956.75;138
20260302 232400;24957.5;24967.5;24951.75;24953;160
20260302 232500;24954.5;24962.5;24949;24956.75;117
20260302 232600;24956.25;24964;24955;24958.5;86
20260302 232700;24958;24958;24948;24954;171
20260302 232800;24955.25;24960.5;24952.25;24955.75;122
20260302 232900;24956.75;24960;24954.5;24958.5;47
20260302 233000;24959.25;24969;24958.25;24960.75;168
20260302 233100;24963;24971.5;24958.25;24962.75;111
20260302 233200;24963.25;24965;24956.75;24958.25;76
20260302 233300;24956.5;24961.75;24954.75;24961;82
20260302 233400;24961;24961;24956;24958.5;57
20260302 233500;24956.75;24960.25;24953;24953;115
20260302 233600;24954.75;24954.75;24944.25;24953.25;206
20260302 233700;24953.25;24956;24946.25;24948;106
20260302 233800;24949.75;24953.5;24948.5;24950.25;63
20260302 233900;24948.5;24954.75;24948.5;24951.25;47
20260302 234000;24951.5;24952.75;24948.5;24948.5;43
20260302 234100;24949;24955.75;24948;24950.5;81
20260302 234200;24950.75;24952.75;24946.5;24948.25;67
20260302 234300;24947.75;24953;24947;24951.5;29
20260302 234400;24950.75;24954;24948.75;24951.5;62
20260302 234500;24951.5;24951.75;24947.5;24947.5;40
20260302 234600;24947.25;24961.5;24947;24956;157
20260302 234700;24954.75;24958.5;24948.75;24957.5;86
20260302 234800;24958.5;24962.5;24954.75;24955.25;129
20260302 234900;24954.5;24962.25;24953;24962.25;51
20260302 235000;24960.25;24962.75;24953.25;24956.25;66
20260302 235100;24956.75;24958.75;24954.5;24958;32
20260302 235200;24958;24964;24958;24961.5;58
20260302 235300;24962.75;24967.5;24962.25;24963.75;91
20260302 235400;24961.75;24963.25;24959;24960.25;31
20260302 235500;24958.5;24971;24958.25;24969;81
20260302 235600;24968.75;24978.75;24966.25;24972;230
20260302 235700;24972.25;24975.25;24967.5;24968.5;73
20260302 235800;24969.75;24972.75;24965;24969.75;60
20260302 235900;24968;24970.25;24959;24964;75
20260303 000000;24965.5;24972.25;24963.5;24971;58
20260303 000100;24972.5;24975.75;24951.25;24956.25;220
20260303 000200;24959.25;24970.25;24953;24968.75;183
20260303 000300;24968.25;24974;24965;24972.5;70
20260303 000400;24973.75;24982.25;24972.5;24976.75;219
20260303 000500;24976.25;24978.5;24971;24971.5;76
20260303 000600;24971.25;24977;24967.75;24969;52
20260303 000700;24970;24979.25;24970;24978.25;83
20260303 000800;24977.75;24981.25;24973.75;24974.75;91
20260303 000900;24974.25;24976.25;24957.5;24961.5;146
20260303 001000;24961.5;24969.25;24956;24960.75;124
20260303 001100;24963;24971.25;24961.75;24968;90
20260303 001200;24967.75;24968;24952;24953.5;105
20260303 001300;24954.5;24957.25;24948.5;24950.75;138
20260303 001400;24950;24950.75;24940;24947.5;291
20260303 001500;24945.75;24948.75;24939.5;24947.5;166
20260303 001600;24948;24957.25;24943.75;24949.75;282
20260303 001700;24950.25;24954;24933.25;24943;247
20260303 001800;24943.5;24945.75;24937.25;24938.75;94
20260303 001900;24941.25;24944.5;24937.75;24942.75;199
20260303 002000;24941.25;24941.25;24935.75;24936.5;75
20260303 002100;24936.5;24939.75;24931.25;24934.5;120
20260303 002200;24933.5;24937;24931.5;24936.75;51
20260303 002300;24937;24937.5;24931.25;24934.25;87
20260303 002400;24934.75;24937;24930;24930.25;76
20260303 002500;24930.75;24944;24930.75;24941;127
20260303 002600;24942.75;24943.75;24931;24933.75;84
20260303 002700;24934.25;24935.75;24927;24935.75;104
20260303 002800;24936;24940;24934;24938.75;49
20260303 002900;24938.5;24943.5;24935;24943.25;76
20260303 003000;24943.5;24947.25;24937.75;24939.5;91
20260303 003100;24942;24944;24934;24934;55
20260303 003200;24934.25;24940.5;24934.25;24937;65
20260303 003300;24938.5;24938.5;24935;24936.75;47
20260303 003400;24936.25;24940.25;24933.25;24940.25;66
20260303 003500;24939;24945.75;24938.25;24940.5;125
20260303 003600;24943.25;24944.75;24930.75;24931.25;104
20260303 003700;24931.5;24939;24931;24937.25;51
20260303 003800;24937.5;24938.5;24932.5;24938.5;46
20260303 003900;24937.5;24937.5;24931.25;24937;57
20260303 004000;24936.25;24942;24935;24939;97
20260303 004100;24939.75;24944;24936.25;24937.5;45
20260303 004200;24936.5;24939.75;24935.5;24938.25;29
20260303 004300;24938.25;24940;24934.75;24935.75;47
20260303 004400;24937;24942.25;24937;24941.25;28
20260303 004500;24940.75;24948.25;24940;24946.5;52
20260303 004600;24947.25;24947.5;24944.75;24947;46
20260303 004700;24946.5;24952;24942.25;24943;132
20260303 004800;24943;24944.25;24941.75;24943.75;31
20260303 004900;24945;24947.25;24943.75;24945.75;49
20260303 005000;24945.75;24947.25;24942.5;24946;42
20260303 005100;24947.5;24949.25;24945.25;24946.75;69
20260303 005200;24946.75;24946.75;24936;24939.25;77
20260303 005300;24940;24941.75;24937.75;24939.75;35
20260303 005400;24942;24944.25;24937.5;24937.5;37
20260303 005500;24940.5;24941.75;24935;24939.5;56
20260303 005600;24940;24940;24933.25;24934.5;49
20260303 005700;24933.5;24934.5;24930.75;24933.5;71
20260303 005800;24933.5;24936.75;24925;24926.5;156
20260303 005900;24926.5;24932;24926.25;24929.5;81
20260303 010000;24930.5;24936;24930;24931.5;79
20260303 010100;24931.75;24935.75;24921.25;24921.75;232
20260303 010200;24922;24929;24916;24918.25;209
20260303 010300;24918.5;24922.25;24904;24916.5;312
20260303 010400;24915.75;24920.75;24910;24919.75;163
20260303 010500;24921;24931.25;24920.75;24927.5;154
20260303 010600;24929.75;24935;24928;24930.75;116
20260303 010700;24930.5;24934.75;24921.25;24922.25;93
20260303 010800;24923.75;24931;24921.25;24931;109
20260303 010900;24932.25;24938.5;24931.25;24935.5;112
20260303 011000;24936;24938.25;24934;24936.5;61
20260303 011100;24936;24950.25;24935.75;24949.75;191
20260303 011200;24949.25;24956.5;24944;24945;225
20260303 011300;24944.25;24952;24943.25;24950.5;62
20260303 011400;24951.25;24953.5;24940.5;24943.75;162
20260303 011500;24943.75;24945.5;24940.5;24942.75;74
20260303 011600;24944.25;24951.75;24940;24942.75;126
20260303 011700;24945.25;24957;24938.5;24954.75;148
20260303 011800;24954.25;24955.75;24948;24955;144
20260303 011900;24956.25;24956.75;24950.25;24956;85
20260303 012000;24955.75;24955.75;24944;24946.25;58
20260303 012100;24945.5;24951.75;24935;24935.25;143
20260303 012200;24937.5;24943.75;24933;24940;117
20260303 012300;24939;24942.75;24932.75;24938.25;86
20260303 012400;24940;24952.25;24939.25;24950.75;87
20260303 012500;24951;24959.5;24951;24955.75;119
20260303 012600;24958.5;24960;24937.75;24940;163
20260303 012700;24941.75;24947.5;24937.75;24939;120
20260303 012800;24939.5;24945.5;24934.75;24936.75;105
20260303 012900;24938.75;24939.5;24928;24932;213
20260303 013000;24930;24930;24921.25;24923.5;205
20260303 013100;24923.25;24927.5;24911.5;24915.25;240
20260303 013200;24913.75;24926.5;24911.25;24920.25;160
20260303 013300;24925;24934;24919.5;24921.5;146
20260303 013400;24922.5;24927;24917.5;24925.5;68
20260303 013500;24925;24925.25;24919.25;24919.25;60
20260303 013600;24917.5;24919.25;24907.5;24908.75;220
20260303 013700;24909.5;24921.5;24908.75;24917.25;130
20260303 013800;24917.25;24920;24900;24903.5;214
20260303 013900;24904.75;24905;24893;24896.25;194
20260303 014000;24895.25;24905;24895.25;24898.5;111
20260303 014100;24899.5;24913.5;24896;24911.25;200
20260303 014200;24912.5;24918.75;24911.25;24914;119
20260303 014300;24912.25;24918.75;24912.25;24914;58
20260303 014400;24912;24912;24900.5;24908.75;94
20260303 014500;24911;24916.5;24909.75;24909.75;45
20260303 014600;24910.5;24913;24902;24907;92
20260303 014700;24904.25;24908;24900;24904;63
20260303 014800;24903.25;24909;24902;24909;57
20260303 014900;24909.25;24914;24907;24910.75;47
20260303 015000;24909.25;24909.5;24902.25;24907.5;57
20260303 015100;24906.5;24906.5;24895;24900;172
20260303 015200;24897.25;24899.25;24891.75;24893;92
20260303 015300;24894.5;24901.5;24891.75;24895.25;75
20260303 015400;24893.75;24899.75;24890;24894.5;134
20260303 015500;24895.75;24895.75;24890.25;24893;63
20260303 015600;24892.5;24896.75;24878.5;24888.25;292
20260303 015700;24889.25;24889.5;24876.25;24878.75;141
20260303 015800;24878.25;24887.5;24877;24884.75;139
20260303 015900;24884;24888.75;24877.25;24878.75;79
20260303 020000;24877.5;24879;24869;24872.75;230
20260303 020100;24874;24878.25;24865.75;24870.25;216
20260303 020200;24870;24873.25;24860;24867;257
20260303 020300;24865.5;24866.25;24840.25;24855.75;667
20260303 020400;24853.75;24853.75;24841;24844.75;232
20260303 020500;24845.25;24850.75;24838;24848.75;224
20260303 020600;24848.75;24850.75;24838.25;24840;173
20260303 020700;24840;24858.25;24835;24845;434
20260303 020800;24845.75;24853.5;24840.75;24843;158
20260303 020900;24845;24851.75;24837;24842.75;169
20260303 021000;24845.75;24853.75;24843.25;24850.5;117
20260303 021100;24847;24856.25;24844.25;24846;155
20260303 021200;24846.75;24852.5;24841.25;24845;140
20260303 021300;24843.75;24856.25;24842.75;24853.25;140
20260303 021400;24854.75;24858.5;24847;24849;114
20260303 021500;24851.25;24857;24850.25;24853.5;69
20260303 021600;24857;24859;24850.75;24852;100
20260303 021700;24850.25;24851;24840;24841.75;144
20260303 021800;24843.5;24844;24822.5;24827;366
20260303 021900;24826;24828.25;24818.25;24819.25;279
20260303 022000;24819.75;24826.25;24814;24822.5;265
20260303 022100;24822.75;24827.75;24815;24815.5;248
20260303 022200;24817;24821.25;24812;24812.75;185
20260303 022300;24814.75;24829.25;24812;24829.25;261
20260303 022400;24829.25;24834.5;24816;24822.75;435
20260303 022500;24823;24825.5;24806.5;24822;229
20260303 022600;24823.5;24823.5;24812;24813;128
20260303 022700;24814.25;24827.75;24813.25;24823.5;142
20260303 022800;24825.5;24835.5;24822.75;24827.5;157
20260303 022900;24828;24835;24822.5;24830.25;123
20260303 023000;24829.25;24840.75;24828.75;24837.5;162
20260303 023100;24837.25;24848;24834;24844.75;178
20260303 023200;24843.75;24852.5;24831.75;24832.5;279
20260303 023300;24832.75;24840.5;24831;24839.5;160
20260303 023400;24840.75;24842.25;24834.75;24841;74
20260303 023500;24841.5;24847.25;24841.5;24843.25;116
20260303 023600;24841.5;24845.75;24836;24840.5;115
20260303 023700;24840.25;24845.75;24838.75;24844.5;110
20260303 023800;24845;24850.25;24841.5;24846.5;141
20260303 023900;24846.5;24855.75;24842.25;24851.75;156
20260303 024000;24851.75;24853.75;24845.75;24848.5;100
20260303 024100;24849.25;24858.5;24849.25;24857;154
20260303 024200;24858.25;24879.25;24858.25;24875.5;493
20260303 024300;24876.75;24878.5;24864.25;24864.25;245
20260303 024400;24865;24868.25;24854.5;24855.75;271
20260303 024500;24855;24863.75;24855;24862;95
20260303 024600;24860.75;24872;24852.5;24871.75;163
20260303 024700;24870.25;24877;24870.25;24873.25;132
20260303 024800;24874;24875;24862.25;24867;119
20260303 024900;24869.25;24871;24863;24867.5;76
20260303 025000;24868.5;24877.75;24868.5;24874;174
20260303 025100;24874.75;24875.5;24865.5;24868.75;108
20260303 025200;24868.75;24872.5;24864;24871.75;90
20260303 025300;24873.25;24873.25;24863.5;24865.25;69
20260303 025400;24866.25;24866.5;24860.75;24862.5;62
20260303 025500;24863.25;24865;24856.25;24860.25;122
20260303 025600;24861.75;24861.75;24856.5;24857.5;92
20260303 025700;24860.5;24860.5;24851;24855.25;73
20260303 025800;24855.5;24855.5;24850.75;24851.5;105
20260303 025900;24852.75;24862;24852.75;24859.75;96
20260303 030000;24857;24863;24855.75;24861.25;47
20260303 030100;24862.75;24883.25;24862.25;24871.25;302
20260303 030200;24872.25;24878.75;24870;24874.25;101
20260303 030300;24875.5;24878.25;24873.25;24873.75;60
20260303 030400;24872.75;24873.5;24861.75;24864.25;114
20260303 030500;24867;24868.25;24858.5;24860.5;66
20260303 030600;24860.75;24862;24855.25;24859.5;74
20260303 030700;24858;24864;24857.75;24858.5;72
20260303 030800;24857.75;24863.25;24855.75;24863.25;36
20260303 030900;24861.5;24861.5;24845.75;24850;156
20260303 031000;24848.75;24851.5;24844.25;24847.75;67
20260303 031100;24844.5;24846.25;24841.25;24842;107
20260303 031200;24842.5;24849.25;24840;24841.25;135
20260303 031300;24841;24843.5;24833.25;24841.75;206
20260303 031400;24841.25;24845.5;24836.25;24845.5;66
20260303 031500;24846;24852.25;24845;24851.75;96
20260303 031600;24852.75;24857.25;24850.75;24853.75;111
20260303 031700;24856.75;24860.5;24849.25;24855.5;111
20260303 031800;24859.25;24860.25;24851.25;24855.25;58
20260303 031900;24851.5;24851.5;24842;24842.5;54
20260303 032000;24844;24844.75;24836.75;24843;70
20260303 032100;24842.25;24843;24829.75;24830.25;147
20260303 032200;24831.5;24835.5;24830.5;24833.25;122
20260303 032300;24831.25;24833.5;24828.5;24833.5;103
20260303 032400;24834.25;24836.75;24831.75;24834.25;44
20260303 032500;24834.25;24835.25;24829.25;24829.25;48
20260303 032600;24830;24833.25;24829;24832.5;27
20260303 032700;24831;24836;24828;24833.5;87
20260303 032800;24834.75;24834.75;24818.75;24819.75;159
20260303 032900;24821;24825.25;24817.25;24820.25;120
20260303 033000;24819.75;24823.25;24816;24823.25;89
20260303 033100;24823.25;24827.25;24810.75;24821.75;216
20260303 033200;24823;24823.5;24804.25;24816.25;263
20260303 033300;24813.75;24827;24809;24821.75;131
20260303 033400;24826.25;24832;24819;24827;164
20260303 033500;24828.5;24833.5;24823.25;24825.25;71
20260303 033600;24828.25;24846.75;24826.5;24845.5;222
20260303 033700;24846;24852.5;24844.5;24852.5;158
20260303 033800;24853;24858.75;24846.75;24854.75;194
20260303 033900;24855.75;24864;24853.75;24858.75;102
20260303 034000;24857.25;24870;24856.75;24870;295
20260303 034100;24868.75;24873.25;24860.25;24863.25;210
20260303 034200;24865.75;24866.75;24856.5;24859.25;114
20260303 034300;24860.25;24865;24851.5;24860.25;98
20260303 034400;24858.75;24867;24858.5;24862;71
20260303 034500;24862.25;24863.25;24856;24863.25;67
20260303 034600;24865;24877.75;24861;24875;129
20260303 034700;24875;24880;24862;24864.75;116
20260303 034800;24863.25;24866.75;24856.5;24856.5;92
20260303 034900;24856;24860.75;24849.75;24859;111
20260303 035000;24859;24864;24855.25;24857;97
20260303 035100;24858.75;24860.75;24855.75;24857.25;36
20260303 035200;24856.25;24856.25;24840;24842.25;208
20260303 035300;24842.25;24849;24839;24845.75;69
20260303 035400;24845.5;24854.5;24844.75;24849;96
20260303 035500;24850.75;24852.25;24841;24848.75;51
20260303 035600;24848.25;24850;24840.25;24848;50
20260303 035700;24847.75;24857.25;24844;24852;101
20260303 035800;24853.25;24853.25;24845;24850.25;55
20260303 035900;24850.25;24853;24844.75;24845.5;53
20260303 040000;24846;24851.5;24845;24846;53
20260303 040100;24846.5;24858.25;24846.25;24856.25;71
20260303 040200;24858.25;24864;24844.75;24850.25;175
20260303 040300;24852;24854.75;24842.5;24842.5;76
20260303 040400;24841.25;24845.5;24834.75;24839.75;125
20260303 040500;24838.25;24842.25;24831.25;24832;139
20260303 040600;24832.25;24837.75;24827.75;24835;111
20260303 040700;24832.5;24839.5;24829.75;24830.75;70
20260303 040800;24831.5;24835.25;24825.5;24832;110
20260303 040900;24832;24835;24828;24833.5;60
20260303 041000;24832.25;24833.75;24827;24829;49
20260303 041100;24828.25;24831;24825;24828.25;84
20260303 041200;24827.5;24831.5;24823.75;24824.75;72
20260303 041300;24823;24836.5;24822.5;24834.5;101
20260303 041400;24834.75;24844;24833.5;24841.5;117
20260303 041500;24843.5;24843.5;24830;24835.25;65
20260303 041600;24835.75;24840;24831.5;24834;98
20260303 041700;24833.75;24836.25;24814.75;24817.75;162
20260303 041800;24817.5;24825.75;24817.5;24824.75;120
20260303 041900;24825.75;24833;24825.75;24831.75;92
20260303 042000;24829.75;24838.5;24829;24838.5;99
20260303 042100;24837.5;24842;24834.5;24841;95
20260303 042200;24840.25;24841.5;24832.25;24839.25;87
20260303 042300;24838.5;24846;24837.5;24845.25;62
20260303 042400;24845;24846.25;24832.75;24833.75;87
20260303 042500;24833;24839;24827.5;24839;81
20260303 042600;24838.25;24840;24826;24827.25;114
20260303 042700;24827.5;24832;24825.75;24831.25;122
20260303 042800;24831;24834;24823.5;24826.25;68
20260303 042900;24824.5;24824.5;24816.75;24819.75;116
20260303 043000;24821.25;24821.75;24800.75;24815.25;320
20260303 043100;24816;24825;24809.5;24823;203
20260303 043200;24822.25;24830.5;24818.5;24822.75;177
20260303 043300;24825.25;24825.25;24816.75;24816.75;67
20260303 043400;24816;24821;24812;24819.5;76
20260303 043500;24818.25;24818.25;24807.5;24810.75;93
20260303 043600;24812.5;24816;24809.5;24810;107
20260303 043700;24809;24813;24801;24805;124
20260303 043800;24803.75;24812.75;24803.25;24810.75;88
20260303 043900;24810.25;24813;24800;24806.5;214
20260303 044000;24806.5;24808.25;24800;24804.75;53
20260303 044100;24803.75;24807;24801.5;24804.75;68
20260303 044200;24803.25;24816.75;24803.25;24814.75;138
20260303 044300;24814.5;24818;24810.5;24812.5;86
20260303 044400;24811.75;24815.5;24811.5;24813.5;50
20260303 044500;24813.75;24821;24811;24818.25;128
20260303 044600;24819.5;24825;24818.75;24819.75;96
20260303 044700;24819.5;24822;24813;24814.25;65
20260303 044800;24813.5;24813.5;24801.5;24804.75;144
20260303 044900;24805;24807.25;24788.75;24803.75;368
20260303 045000;24802.75;24806.25;24799.25;24803.5;97
20260303 045100;24801.5;24811.75;24797.5;24798.5;156
20260303 045200;24799;24804.75;24799;24800.75;69
20260303 045300;24801.75;24811;24795.25;24807.5;177
20260303 045400;24808.5;24812.5;24804.75;24804.75;60
20260303 045500;24802.25;24807.5;24801;24801;91
20260303 045600;24802.5;24805.25;24798.25;24800.25;51
20260303 045700;24802.25;24804;24799;24800;52
20260303 045800;24799;24802.5;24795;24801.75;189
20260303 045900;24801;24802.75;24797;24802.75;290
20260303 050000;24803.5;24812.25;24801.75;24810.25;116
20260303 050100;24811.25;24822.5;24808.25;24819.5;186
20260303 050200;24818.75;24819.5;24802.75;24808;141
20260303 050300;24808.75;24821.25;24808.75;24817.25;88
20260303 050400;24817.25;24821.5;24806.5;24809.75;70
20260303 050500;24815.75;24816;24803.25;24803.75;38
20260303 050600;24802.75;24808.5;24798.75;24807;84
20260303 050700;24806.75;24811.75;24806.5;24808.5;45
20260303 050800;24810.75;24820;24810.75;24814.75;75
20260303 050900;24816.25;24826;24813.75;24822.75;99
20260303 051000;24823.25;24829;24822;24824.5;132
20260303 051100;24828;24829;24811;24814.75;136
20260303 051200;24816;24816.25;24796.75;24802.25;244
20260303 051300;24801.75;24813.5;24801.5;24811.5;131
20260303 051400;24811;24815;24803.5;24809.5;80
20260303 051500;24809;24816;24806.75;24808.75;76
20260303 051600;24810.25;24815.25;24805.5;24807.25;60
20260303 051700;24808;24822;24808;24813.75;112
20260303 051800;24814.25;24822.25;24810;24822.25;95
20260303 051900;24822.25;24822.25;24811;24814.25;88
20260303 052000;24815;24818.25;24810;24815.75;66
20260303 052100;24816.25;24818;24809.25;24810.5;60
20260303 052200;24809.25;24813;24804.5;24807.5;109
20260303 052300;24806.25;24806.5;24800.5;24802;80
20260303 052400;24800.75;24810.25;24799;24806.75;97
20260303 052500;24806;24813;24804.5;24812.25;67
20260303 052600;24813.5;24820.25;24812.25;24813;126
20260303 052700;24815;24816;24807;24809.25;97
20260303 052800;24809;24817.75;24809;24815.5;59
20260303 052900;24813.75;24815;24803.75;24807.25;85
20260303 053000;24806.25;24814.5;24806.25;24813.25;88
20260303 053100;24811.5;24811.5;24801;24803;130
20260303 053200;24804.25;24808;24798.5;24803.25;170
20260303 053300;24804;24804;24797.5;24798.75;188
20260303 053400;24799.25;24803.25;24795.75;24798.5;291
20260303 053500;24797;24802.75;24796.75;24802.5;210
20260303 053600;24803.5;24807;24795;24802;151
20260303 053700;24803;24803;24794;24796.25;107
20260303 053800;24796.5;24796.5;24775.25;24779;332
20260303 053900;24779.25;24780.25;24773;24778;195
20260303 054000;24776.75;24786.5;24773;24779;147
20260303 054100;24778;24785.5;24771.75;24783.75;151
20260303 054200;24783;24792.75;24774.75;24780.25;229
20260303 054300;24782;24787;24779;24785.5;117
20260303 054400;24784;24784.5;24779.5;24779.5;49
20260303 054500;24781.5;24782.25;24775.75;24776;65
20260303 054600;24776.25;24778.75;24769.75;24776.75;155
20260303 054700;24776.25;24784.5;24770.75;24770.75;211
20260303 054800;24770;24775.25;24764.5;24767.5;220
20260303 054900;24769.75;24773.75;24766.5;24768.25;101
20260303 055000;24768;24773.5;24767.25;24770.25;57
20260303 055100;24769.75;24774.25;24763.5;24768.25;78
20260303 055200;24768;24769.75;24762.25;24768.5;96
20260303 055300;24767.5;24772.5;24761;24770.25;104
20260303 055400;24770.75;24774.5;24757.25;24763.25;263
20260303 055500;24762.25;24765;24749;24765;290
20260303 055600;24765.5;24766;24760.75;24763.25;80
20260303 055700;24762.75;24762.75;24744;24755;232
20260303 055800;24756.5;24762.5;24755.5;24760;123
20260303 055900;24759.25;24768.5;24758.75;24764;138
20260303 060000;24768.5;24768.5;24763.75;24765.5;142
20260303 060100;24765.25;24782.75;24765.25;24779;334
20260303 060200;24778.75;24789.25;24778;24782.5;228
20260303 060300;24782.25;24783.75;24774.75;24775.25;84
20260303 060400;24776.5;24779;24768.25;24777;95
20260303 060500;24776.75;24776.75;24766.5;24768.25;78
20260303 060600;24768.25;24771.25;24761.5;24765;184
20260303 060700;24764.5;24771;24759.25;24769.5;127
20260303 060800;24770.25;24772;24759.25;24760;136
20260303 060900;24759;24761.5;24743;24753.75;274
20260303 061000;24755.5;24765.75;24755.5;24764.5;211
20260303 061100;24764;24767.25;24757;24767;160
20260303 061200;24765.75;24770;24759.5;24762.5;88
20260303 061300;24762.5;24772.75;24762.5;24767.75;127
20260303 061400;24767.25;24768.25;24760.75;24764;91
20260303 061500;24765;24765.75;24758;24763.5;96
20260303 061600;24763.25;24763.75;24748.75;24749.5;93
20260303 061700;24750.5;24753.5;24743.5;24750;109
20260303 061800;24751;24752.75;24744.75;24745;126
20260303 061900;24746.75;24753;24736;24746;260
20260303 062000;24745;24754.75;24741.75;24745.5;140
20260303 062100;24744;24751.25;24741.25;24746.75;127
20260303 062200;24744.5;24756.75;24744.5;24754.75;102
20260303 062300;24755.75;24762.25;24751.75;24760.25;125
20260303 062400;24759.5;24770;24759;24768.25;101
20260303 062500;24767.25;24768.25;24760;24765.75;111
20260303 062600;24766;24769.25;24759.5;24766.75;113
20260303 062700;24767;24772.25;24766.25;24766.75;55
20260303 062800;24767.5;24781.75;24767.25;24780;131
20260303 062900;24780.75;24792;24779.25;24790.25;324
20260303 063000;24791;24797.75;24786.25;24797.25;190
20260303 063100;24795.25;24797.5;24785;24795.25;195
20260303 063200;24793;24800;24786;24788.25;131
20260303 063300;24789;24793.25;24781.5;24792;117
20260303 063400;24791.5;24796.25;24784;24794.75;114
20260303 063500;24792.75;24794.25;24780;24780;104
20260303 063600;24783.25;24785.5;24775;24779.5;194
20260303 063700;24778.5;24786.75;24773;24780;194
20260303 063800;24779;24779;24773;24774.5;73
20260303 063900;24774.25;24775.5;24768.25;24774.75;95
20260303 064000;24775.25;24782;24775.25;24780.25;72
20260303 064100;24782;24782;24774.75;24780;86
20260303 064200;24780.5;24785;24768.25;24769.5;130
20260303 064300;24768.25;24772.5;24763;24765.5;138
20260303 064400;24765;24766.25;24758;24762;182
20260303 064500;24762.25;24762.25;24757.75;24758.5;43
20260303 064600;24757.75;24759;24746.5;24751.5;247
20260303 064700;24751.25;24756.5;24748;24749;188
20260303 064800;24749.25;24753.5;24746;24751;103
20260303 064900;24750.75;24751.5;24739.25;24742.75;215
20260303 065000;24742.75;24745;24737;24741.75;145
20260303 065100;24741;24750;24740.25;24750;172
20260303 065200;24746.5;24751;24742.25;24750;99
20260303 065300;24749.5;24754.5;24745.75;24752.5;116
20260303 065400;24753.75;24755.5;24749.5;24749.5;75
20260303 065500;24750.75;24756.75;24749.75;24755;79
20260303 065600;24756.75;24765;24750.5;24753.5;205
20260303 065700;24753.25;24758.25;24753.25;24754.75;83
20260303 065800;24755;24762;24755;24761;77
20260303 065900;24762.25;24765.25;24759;24759.5;78
20260303 070000;24760.5;24760.5;24753.25;24754;51
20260303 070100;24753.25;24753.75;24743.25;24750.75;224
20260303 070200;24750.25;24754.25;24741;24744.25;218
20260303 070300;24744.75;24756;24743.25;24752.25;194
20260303 070400;24753;24759.75;24737.5;24739;281
20260303 070500;24738.5;24759.75;24734;24759.5;360
20260303 070600;24757.75;24767.5;24755.75;24763.5;346
20260303 070700;24762;24763.5;24742;24746.25;431
20260303 070800;24747.75;24748.75;24737.75;24740.75;124
20260303 070900;24742.25;24744.75;24721;24729.25;499
20260303 071000;24729;24735;24727.5;24735;133
20260303 071100;24736;24739.25;24732;24733.75;117
20260303 071200;24733.25;24737.25;24729.75;24732.25;139
20260303 071300;24730.75;24737.75;24727;24734.25;119
20260303 071400;24733;24745.75;24729.25;24738.25;251
20260303 071500;24737.75;24741.75;24736.75;24738.25;54
20260303 071600;24738.25;24739.25;24729.75;24735.25;70
20260303 071700;24734.75;24739;24728.5;24736.25;169
20260303 071800;24736.5;24749;24736.5;24745.75;163
20260303 071900;24746;24754;24737.5;24753.75;206
20260303 072000;24754.25;24758;24749.5;24751.25;188
20260303 072100;24750.5;24753.75;24742;24742;133
20260303 072200;24742.75;24745.5;24734;24740.5;164
20260303 072300;24742.25;24742.5;24732;24733;49
20260303 072400;24732.75;24733.25;24707.25;24712;372
20260303 072500;24711.5;24726.5;24711.5;24724.5;178
20260303 072600;24724.25;24726.5;24718.5;24722.25;107
20260303 072700;24724.25;24733;24706;24709.5;292
20260303 072800;24710.75;24710.75;24694.75;24698.25;366
20260303 072900;24700.75;24712.75;24692.75;24710.75;310
20260303 073000;24710.25;24712;24703.25;24703.75;147
20260303 073100;24703.75;24713.5;24700.75;24710.75;127
20260303 073200;24709.75;24711;24698.75;24702.75;292
20260303 073300;24703;24709.75;24696;24701.25;135
20260303 073400;24697.75;24704;24692.75;24702.75;143
20260303 073500;24702.75;24705.75;24688.25;24691.25;214
20260303 073600;24689.75;24694.25;24685.75;24685.75;161
20260303 073700;24686.25;24695.25;24685.25;24691.75;177
20260303 073800;24690;24693.25;24680;24682.5;242
20260303 073900;24684;24691.25;24680;24685.75;194
20260303 074000;24687.25;24689.75;24676.5;24686.75;237
20260303 074100;24686.75;24697;24684.25;24694.5;186
20260303 074200;24695.5;24701;24687;24688.5;138
20260303 074300;24689.25;24704.75;24685.75;24703.5;139
20260303 074400;24703.75;24708.5;24701.75;24702;149
20260303 074500;24702;24706.25;24696.75;24701;149
20260303 074600;24700.5;24711;24699.5;24710.25;131
20260303 074700;24710.25;24713.5;24701.5;24701.5;156
20260303 074800;24702.25;24706;24695;24699;172
20260303 074900;24699.5;24701.5;24695;24695.5;98
20260303 075000;24694.25;24694.5;24682.75;24683.75;154
20260303 075100;24684;24685.5;24680;24682;126
20260303 075200;24683;24689;24677.5;24681.5;170
20260303 075300;24681.5;24687.5;24677.25;24680;142
20260303 075400;24680;24686;24679.25;24681.25;71
20260303 075500;24681.25;24693.5;24677.75;24690;223
20260303 075600;24690.25;24692.5;24680.5;24686.75;196
20260303 075700;24686.25;24687.25;24672;24677.75;280
20260303 075800;24677.75;24682.75;24675.5;24679;128
20260303 075900;24678;24684.25;24671.75;24676;175
20260303 080000;24674.5;24679.25;24668.5;24676;280
20260303 080100;24674.75;24674.75;24650;24655;872
20260303 080200;24654.75;24674;24648;24672.5;569
20260303 080300;24670;24679;24666.25;24676;382
20260303 080400;24678.5;24691.75;24676.75;24690.75;368
20260303 080500;24690.25;24690.75;24665;24678;322
20260303 080600;24679;24688.75;24673.25;24676;241
20260303 080700;24676;24685.75;24669.75;24674.25;209
20260303 080800;24672.5;24675.5;24658.75;24660.75;316
20260303 080900;24660.25;24674;24659;24673;226
20260303 081000;24675.25;24692.25;24666.75;24690;302
20260303 081100;24690.75;24694.5;24675;24676;346
20260303 081200;24675;24687.75;24668;24679;389
20260303 081300;24677;24677.25;24659.25;24663.5;221
20260303 081400;24665;24665.5;24645;24652.25;595
20260303 081500;24652;24653.25;24634;24638;455
20260303 081600;24638;24642;24627;24638.75;428
20260303 081700;24636.25;24642;24629.5;24634.5;441
20260303 081800;24634.75;24644;24630.5;24644;376
20260303 081900;24643.5;24650;24635.75;24644.75;337
20260303 082000;24644.5;24654.5;24632.75;24653;255
20260303 082100;24652;24658.5;24641;24644;296
20260303 082200;24645;24659.5;24632.75;24657.5;279
20260303 082300;24657.25;24662;24640;24640;268
20260303 082400;24639.75;24650.5;24637.25;24646;177
20260303 082500;24646.75;24649.25;24627.5;24627.5;218
20260303 082600;24628;24635.75;24619;24623.25;1095
20260303 082700;24624.5;24626.75;24617.75;24620.75;284
20260303 082800;24620;24627;24611;24615.25;285
20260303 082900;24615.5;24615.5;24600;24601.5;1220
20260303 083000;24600.75;24603.75;24597.75;24598.75;403
20260303 083100;24598;24605;24595.25;24597.75;346
20260303 083200;24597.5;24610;24596.5;24602.5;386
20260303 083300;24602.5;24602.5;24581;24593.25;1314
20260303 083400;24593.25;24612.75;24593.25;24602.75;484
20260303 083500;24601.25;24608.25;24599.5;24607.75;361
20260303 083600;24607;24618.5;24601.5;24616.75;414
20260303 083700;24617;24621.5;24603.25;24610;230
20260303 083800;24610.25;24613;24591;24593.75;243
20260303 083900;24592.5;24592.5;24578.25;24579.75;684
20260303 084000;24578.75;24578.75;24549;24566.5;1259
20260303 084100;24566.25;24566.25;24549.5;24555.75;570
20260303 084200;24556;24568.25;24547;24560.25;457
20260303 084300;24559.75;24560;24506.75;24521.5;1312
20260303 084400;24520.5;24547;24517.5;24540.75;585
20260303 084500;24539.25;24544.25;24533.25;24539;285
20260303 084600;24538.75;24544.75;24520;24541.5;562
20260303 084700;24540;24540;24517.75;24525.75;341
20260303 084800;24524;24548;24520.25;24541.25;315
20260303 084900;24540.75;24542.75;24522.25;24526.75;374
20260303 085000;24526;24543;24525.25;24533.5;366
20260303 085100;24534;24547.25;24533;24542.5;349
20260303 085200;24542.25;24547.25;24526;24532.5;353
20260303 085300;24530;24537;24522.5;24525;247
20260303 085400;24523.75;24529;24516.75;24527.75;331
20260303 085500;24526.75;24527.5;24510.5;24517.75;288
20260303 085600;24515.75;24528;24510.5;24525.5;372
20260303 085700;24525.25;24526.5;24510.5;24512.5;267
20260303 085800;24513.25;24528.75;24513;24527.25;228
20260303 085900;24528.75;24535;24513.75;24516.75;446
20260303 090000;24516.5;24520.25;24505;24516.5;314
20260303 090100;24516.25;24548.75;24515.25;24545;640
20260303 090200;24543.5;24553;24526.25;24534.25;445
20260303 090300;24534;24543;24532.25;24535.5;359
20260303 090400;24535.75;24549.75;24534.75;24549.75;351
20260303 090500;24548.75;24554.25;24541;24543;370
20260303 090600;24541.75;24558.25;24534.25;24556;493
20260303 090700;24555.25;24561.75;24547.5;24552.5;412
20260303 090800;24553.25;24555;24527.5;24543.25;552
20260303 090900;24543;24570;24540.5;24567.5;489
20260303 091000;24567.25;24581.75;24560.75;24573.75;462
20260303 091100;24573.25;24577.75;24556;24562.25;344
20260303 091200;24563.25;24571.75;24559.25;24567;405
20260303 091300;24565.75;24567.25;24542;24546.5;281
20260303 091400;24546.75;24551.75;24536;24545.5;178
20260303 091500;24545.25;24565.25;24540.5;24560;485
20260303 091600;24558.5;24560;24538.75;24552.25;214
20260303 091700;24550.75;24551.25;24534.5;24540.5;251
20260303 091800;24540.25;24549.75;24539;24542.75;312
20260303 091900;24541.75;24546;24526.5;24528.75;211
20260303 092000;24527.5;24535.5;24522;24535;223
20260303 092100;24534.25;24544.5;24528.5;24536.5;296
20260303 092200;24535.75;24537;24523.25;24524.25;139
20260303 092300;24524;24534.5;24520;24524.5;181
20260303 092400;24524.5;24536;24520.75;24535.75;212
20260303 092500;24535;24555.25;24527.5;24551.75;260
20260303 092600;24552.25;24561;24530;24532.25;358
20260303 092700;24531.25;24540;24512;24515.5;400
20260303 092800;24515.75;24523.5;24511.5;24518.5;235
20260303 092900;24519;24519;24509;24515.75;190
20260303 093000;24515.5;24521.75;24511.25;24520.25;190
20260303 093100;24520;24533.25;24517;24533.25;213
20260303 093200;24532.75;24535.5;24512;24514.75;193
20260303 093300;24512;24525;24508;24516.75;273
20260303 093400;24518.5;24530.75;24515;24525.25;149
20260303 093500;24525.25;24525.25;24500.25;24502.25;471
20260303 093600;24503.75;24514.25;24495;24506.5;718
20260303 093700;24507.5;24517.5;24502;24511.5;193
20260303 093800;24511.25;24516.25;24505;24516.25;189
20260303 093900;24517;24543.25;24513.75;24538.5;343
20260303 094000;24539.5;24539.75;24524.75;24532.75;163
20260303 094100;24536;24541.5;24532;24532.75;254
20260303 094200;24531;24536.75;24522.25;24530.75;303
20260303 094300;24532.75;24538.5;24517;24517;264
20260303 094400;24516.25;24521.75;24503.25;24506.75;283
20260303 094500;24507;24509.25;24496.5;24500.25;284
20260303 094600;24500.25;24502.5;24491;24495.25;428
20260303 094700;24495;24497.25;24470.75;24478;1063
20260303 094800;24478.5;24503;24478;24496.25;534
20260303 094900;24497.5;24500;24488.75;24492;166
20260303 095000;24491;24491;24476.75;24484;306
20260303 095100;24485.25;24492.25;24468;24474.25;447
20260303 095200;24474.75;24489.25;24464.25;24465.25;495
20260303 095300;24466.5;24475.25;24460;24466;514
20260303 095400;24464.75;24474.25;24455;24467.75;355
20260303 095500;24467.25;24476.75;24460.75;24469.25;335
20260303 095600;24469.75;24490;24469.75;24480.5;464
20260303 095700;24480.25;24483.25;24464;24466;295
20260303 095800;24466.75;24477.75;24461.75;24461.75;195
20260303 095900;24461.75;24463.75;24454;24463.5;352
20260303 100000;24462.5;24463;24444;24453.75;346
20260303 100100;24454;24470.75;24444;24464.75;516
20260303 100200;24463.25;24467;24442.5;24455.75;552
20260303 100300;24455.25;24458;24438.25;24439.5;849
20260303 100400;24439.25;24458;24437.5;24457.5;330
20260303 100500;24457.25;24484;24455.5;24472.5;505
20260303 100600;24474.25;24481.75;24456.75;24456.75;254
20260303 100700;24458.25;24473.75;24442;24452.5;302
20260303 100800;24452.5;24455;24440;24442.75;238
20260303 100900;24444.5;24444.75;24429.5;24432.75;341
20260303 101000;24433.5;24439.75;24425.5;24431.5;273
20260303 101100;24432;24435.25;24422;24426;278
20260303 101200;24426.75;24437;24422;24433.5;220
20260303 101300;24435.25;24452;24428.5;24452;439
20260303 101400;24450.25;24459;24440.25;24454;318
20260303 101500;24454.75;24457;24445.5;24451.5;214
20260303 101600;24447.5;24452;24439.5;24442;177
20260303 101700;24442.25;24454.5;24437.75;24440;200
20260303 101800;24440.75;24476;24439.25;24474.25;507
20260303 101900;24473;24473;24457.25;24464;347
20260303 102000;24462.5;24464;24450;24450.5;208
20260303 102100;24450.5;24472.5;24450.5;24469.75;228
20260303 102200;24467.75;24479.25;24460;24462.5;310
20260303 102300;24464.75;24480;24462;24473.5;274
20260303 102400;24470;24474;24460;24461.75;156
20260303 102500;24460.5;24467.25;24455.5;24461.75;232
20260303 102600;24458.5;24469.5;24456.25;24461.25;221
20260303 102700;24462.25;24465.5;24443.75;24446.75;236
20260303 102800;24445.5;24457.25;24444.75;24454.25;164
20260303 102900;24454.25;24455.75;24441.25;24450.75;210
20260303 103000;24450.5;24450.5;24433.75;24436.75;238
20260303 103100;24436.5;24447.75;24430;24432.25;581
20260303 103200;24434.5;24441;24430.5;24437.25;198
20260303 103300;24438;24451;24434;24434;249
20260303 103400;24435.25;24435.5;24394.75;24405.75;1721
20260303 103500;24406.5;24410.25;24395;24403.75;365
20260303 103600;24404.75;24415.5;24402.25;24411.25;388
20260303 103700;24411.5;24416.75;24393;24400.5;428
20260303 103800;24402.5;24416.25;24400;24414.75;445
20260303 103900;24414.5;24415.25;24394.5;24405.75;440
20260303 104000;24405.25;24408;24397.25;24402.5;476
20260303 104100;24402.75;24444.25;24402.75;24444;739
20260303 104200;24444.75;24458.25;24440.75;24452.75;871
20260303 104300;24453;24458.25;24439.5;24457.5;278
20260303 104400;24457.5;24470.25;24448.75;24463.25;534
20260303 104500;24464.25;24469;24441.5;24469;268
20260303 104600;24468.25;24482.5;24468.25;24480;568
20260303 104700;24479.75;24480.25;24458;24469.5;346
20260303 104800;24469.25;24483;24463;24463.75;373
20260303 104900;24463.5;24468;24458.25;24462.5;220
20260303 105000;24461.25;24468;24451.25;24456.5;230
20260303 105100;24456;24476.5;24454.5;24471;289
20260303 105200;24472.25;24478;24465.75;24466;198
20260303 105300;24468.75;24470.75;24447.5;24461.25;525
20260303 105400;24460;24466.5;24450.25;24454.25;214
20260303 105500;24454.25;24459.5;24450.75;24455.5;188
20260303 105600;24452.5;24459.25;24442.25;24444;246
20260303 105700;24442;24449;24435.5;24442.5;235
20260303 105800;24440.75;24443.5;24431.25;24431.25;199
20260303 105900;24431.25;24442.25;24425.5;24438;254
20260303 110000;24438.25;24461;24400.25;24452.75;1153
20260303 110100;24450.25;24453.5;24427.5;24440;353
20260303 110200;24440;24448.5;24429.5;24448.25;195
20260303 110300;24448.25;24465.25;24440;24465.25;189
20260303 110400;24464.75;24471.75;24458.75;24466;224
20260303 110500;24465;24478.25;24459.5;24469.25;369
20260303 110600;24468.25;24468.75;24448.5;24460.5;218
20260303 110700;24459.5;24459.5;24435.75;24440.5;319
20260303 110800;24441;24448.75;24429;24436.5;179
20260303 110900;24435.5;24444;24425.25;24427.25;262
20260303 111000;24425.25;24448;24424.5;24444.5;208
20260303 111100;24443.75;24446.75;24434.75;24442.5;207
20260303 111200;24443.75;24444.5;24430.5;24433.75;143
20260303 111300;24434;24452;24429.75;24449.5;274
20260303 111400;24449.5;24449.5;24432.5;24441;243
20260303 111500;24442;24442.25;24423;24428.5;262
20260303 111600;24428.25;24446.5;24428;24443.5;220
20260303 111700;24444.75;24445.25;24415;24415;267
20260303 111800;24414.25;24417.25;24402.25;24413;328
20260303 111900;24411.75;24414;24394.5;24397.75;303
20260303 112000;24397.5;24406.75;24394.25;24406;405
20260303 112100;24407.25;24412.25;24370;24382;868
20260303 112200;24383;24424.25;24382.75;24422.5;469
20260303 112300;24423.25;24431;24411.75;24418.75;251
20260303 112400;24416.75;24442.5;24406.5;24441.5;522
20260303 112500;24442.5;24465.5;24434.75;24464.25;501
20260303 112600;24463.75;24486.75;24457.5;24457.5;752
20260303 112700;24457.5;24474.25;24457.5;24463.75;268
20260303 112800;24463.5;24470;24454.25;24461.75;251
20260303 112900;24462.75;24475.75;24460;24461.5;322
20260303 113000;24461.25;24461.5;24447.75;24455;379
20260303 113100;24457.75;24478.25;24455.5;24475.25;363
20260303 113200;24473.25;24481.75;24470.25;24470.25;361
20260303 113300;24470.75;24476.75;24459.25;24474.5;219
20260303 113400;24470;24474.25;24459.25;24471.75;233
20260303 113500;24472.25;24475.25;24461.25;24466.25;177
20260303 113600;24467.5;24489;24460;24488.5;346
20260303 113700;24487.5;24496.25;24484.25;24487.5;527
20260303 113800;24487;24508.25;24479;24479.75;486
20260303 113900;24481.25;24487;24471.5;24484.5;189
20260303 114000;24486.5;24492.25;24482.25;24486.75;201
20260303 114100;24486.75;24494;24474;24491;199
20260303 114200;24488.75;24493.5;24480;24485;284
20260303 114300;24483.25;24495.25;24476.25;24478.25;215
20260303 114400;24477.75;24483.5;24474;24476.75;223
20260303 114500;24476;24501.75;24474.25;24498;323
20260303 114600;24497.75;24509.5;24497.5;24503.5;489
20260303 114700;24501.75;24514.25;24501.5;24507.5;307
20260303 114800;24506.75;24506.75;24491.25;24491.75;262
20260303 114900;24490.5;24496.75;24482.75;24488.5;201
20260303 115000;24488.25;24494.25;24481.25;24485.75;121
20260303 115100;24487.75;24499.5;24486;24496.25;182
20260303 115200;24499.75;24501.75;24487;24491.5;220
20260303 115300;24491;24492;24477;24483.75;258
20260303 115400;24486.5;24493;24481.25;24489;124
20260303 115500;24489;24509.75;24489;24508.25;302
20260303 115600;24507.25;24509.5;24498.25;24502;165
20260303 115700;24501;24502.5;24483.75;24483.75;211
20260303 115800;24483;24488.25;24477.5;24480.75;185
20260303 115900;24481.5;24489;24471;24483.25;361
20260303 120000;24485.75;24495;24478.5;24488.5;201
20260303 120100;24487;24504.75;24478.5;24490.25;630
20260303 120200;24490.5;24496.25;24481.5;24484.25;309
20260303 120300;24484.25;24506;24484;24505.5;230
20260303 120400;24504.5;24515;24495.5;24514.25;202
20260303 120500;24514.25;24517;24506.75;24514.75;311
20260303 120600;24514.5;24524;24506.5;24516.75;379
20260303 120700;24516.25;24524.5;24511.75;24519.5;290
20260303 120800;24520.75;24530;24517;24522.5;389
20260303 120900;24521;24526;24510.25;24523.5;288
20260303 121000;24523;24552.5;24517;24548.75;555
20260303 121100;24548.25;24551.25;24537;24546.75;614
20260303 121200;24547;24568;24546;24562.75;474
20260303 121300;24563.75;24576;24554.75;24555;424
20260303 121400;24555.5;24562;24548.75;24550;314
20260303 121500;24551.75;24569.5;24545.75;24555.25;479
20260303 121600;24556.25;24558;24544.5;24552;349
20260303 121700;24549.5;24553;24537.5;24549;277
20260303 121800;24551;24558;24535.5;24556.5;319
20260303 121900;24557.5;24567;24551;24564.75;290
20260303 122000;24564;24564.25;24547;24560;267
20260303 122100;24559.25;24572.25;24545.75;24571;561
20260303 122200;24571.75;24601.25;24570;24597;868
20260303 122300;24598.25;24599.75;24579.25;24590;554
20260303 122400;24592;24594.5;24565.5;24578;360
20260303 122500;24577.75;24584;24569;24573;235
20260303 122600;24573.25;24585;24566;24582.25;202
20260303 122700;24581.25;24591;24579.75;24582.5;190
20260303 122800;24581.5;24588;24576;24588;238
20260303 122900;24587.75;24589;24573.75;24576;318
20260303 123000;24575;24580;24570.75;24571.5;206
20260303 123100;24570.5;24575;24562;24567.5;347
20260303 123200;24568.75;24568.75;24559;24560.25;276
20260303 123300;24559;24559.75;24549.75;24553.5;548
20260303 123400;24555.75;24564.5;24554.5;24563;256
20260303 123500;24562.25;24578.75;24562.25;24578.25;369
20260303 123600;24579.25;24579.25;24560.25;24562.5;290
20260303 123700;24561.25;24574.5;24561;24563.75;265
20260303 123800;24563;24580;24563;24568.75;186
20260303 123900;24568.75;24576;24566;24574.75;129
20260303 124000;24576.25;24591.5;24565;24573.25;475
20260303 124100;24571.75;24578.25;24559.75;24563.75;298
20260303 124200;24567.5;24570.75;24555.75;24567.75;197
20260303 124300;24568;24585.75;24561;24585.75;190
20260303 124400;24585;24585.25;24573.25;24581;174
20260303 124500;24581;24583.25;24573.25;24581.25;245
20260303 124600;24582;24590;24577.5;24590;158
20260303 124700;24588.5;24597.5;24582;24594.5;188
20260303 124800;24594.25;24599.25;24588.75;24596.25;326
20260303 124900;24597;24599;24583.5;24587;274
20260303 125000;24585.75;24606.75;24580.75;24597.5;434
20260303 125100;24596.75;24600.75;24588.75;24588.75;230
20260303 125200;24589.5;24605;24562.5;24591;647
20260303 125300;24591.25;24591.75;24564.25;24566.5;226
20260303 125400;24565.25;24571.75;24557.25;24566.75;260
20260303 125500;24569.5;24580;24564;24578.5;265
20260303 125600;24577.25;24590;24576.25;24588.75;237
20260303 125700;24590;24599;24582.25;24585;214
20260303 125800;24580.75;24589.75;24576;24586.25;169
20260303 125900;24587.25;24589;24578.75;24587.25;107
20260303 130000;24585;24592.25;24578.75;24583.5;190
20260303 130100;24584;24590;24575.5;24577.75;191
20260303 130200;24578;24579.25;24562;24569.75;202
20260303 130300;24570;24570;24554;24565.5;233
20260303 130400;24567.25;24573.25;24560;24560.75;174
20260303 130500;24560.75;24569.75;24555;24565.5;137
20260303 130600;24565;24569.75;24556.5;24558.5;238
20260303 130700;24559;24564.75;24552.75;24557;214
20260303 130800;24557.25;24559;24546;24547.75;419
20260303 130900;24547.75;24554.25;24544.75;24551.75;299
20260303 131000;24551.75;24555.5;24541.75;24542.5;220
20260303 131100;24543.25;24549.25;24539.75;24545.25;283
20260303 131200;24545;24555.25;24542.75;24549.25;275
20260303 131300;24548;24550.25;24531.25;24532.5;463
20260303 131400;24532.75;24543;24528.5;24542.25;417
20260303 131500;24541;24558.5;24541;24549.5;320
20260303 131600;24550.5;24554.25;24542.75;24546.5;236
20260303 131700;24547.25;24554.75;24539.75;24552.5;177
20260303 131800;24554.25;24562.75;24549;24560.5;293
20260303 131900;24560.75;24571.25;24548.25;24556.5;545
20260303 132000;24558;24559.5;24546;24554.75;341
20260303 132100;24553.75;24573.5;24553.25;24572;337
20260303 132200;24571.25;24575.5;24553.25;24566;388
20260303 132300;24567.5;24570.25;24560.25;24561;170
20260303 132400;24560.75;24570;24542;24544.25;414
20260303 132500;24544.25;24549.75;24536.25;24549.75;503
20260303 132600;24550;24550.25;24529.75;24536.25;309
20260303 132700;24538.5;24538.75;24525;24527.25;217
20260303 132800;24526.75;24535.25;24526;24529;171
20260303 132900;24529.75;24530.75;24515;24516.75;301
20260303 133000;24517.75;24533.5;24517.25;24529.75;256
20260303 133100;24530.25;24532.75;24504;24505.75;797
20260303 133200;24506.75;24510;24481.25;24483.75;795
20260303 133300;24483;24492.25;24480;24481;590
20260303 133400;24481.5;24507.75;24474.25;24502.75;833
20260303 133500;24504;24505;24490.25;24505;298
20260303 133600;24503;24513.25;24479.75;24487.25;653
20260303 133700;24488;24493.75;24478;24489.5;666
20260303 133800;24490.25;24491.25;24477.5;24482.5;255
20260303 133900;24482.25;24500.75;24477.75;24497;406
20260303 134000;24498.75;24505.5;24488;24498;386
20260303 134100;24499.75;24510.25;24486;24501.75;390
20260303 134200;24501.5;24516.25;24501.5;24514;344
20260303 134300;24515.5;24521.5;24488.75;24502;698
20260303 134400;24501.25;24501.25;24483;24492.25;363
20260303 134500;24490.25;24505.75;24490.25;24495.5;270
20260303 134600;24496;24500.25;24481.5;24487.5;279
20260303 134700;24486.75;24491.5;24475.25;24477.5;317
20260303 134800;24478.25;24484.5;24471.5;24473.75;497
20260303 134900;24473.75;24486;24466;24483.5;683
20260303 135000;24482;24484.25;24471.75;24475.75;263
20260303 135100;24476.25;24485.5;24474.75;24475.25;240
20260303 135200;24476.25;24476.25;24467.5;24471.5;224
20260303 135300;24472.5;24479;24447.75;24472;790
20260303 135400;24472.75;24501;24470.25;24496.25;614
20260303 135500;24496.75;24497;24469.5;24478.75;676
20260303 135600;24478;24489.75;24473.5;24482;316
20260303 135700;24480;24496;24476.5;24487.75;510
20260303 135800;24486.75;24490.25;24477.25;24485;326
20260303 135900;24487;24495.25;24481.5;24487.25;188
20260303 140000;24486.5;24499;24486.5;24496;251
20260303 140100;24497;24497.75;24487.5;24494;528
20260303 140200;24492.75;24500.25;24472;24476;538
20260303 140300;24477.5;24488;24470.75;24484;365
20260303 140400;24484.25;24487;24466;24477;388
20260303 140500;24477;24484;24472;24482.5;236
20260303 140600;24481.75;24488.25;24477.5;24483;307
20260303 140700;24485;24504;24482;24495.5;434
20260303 140800;24496;24507;24486.25;24486.25;330
20260303 140900;24486.25;24501;24478.5;24498.5;421
20260303 141000;24498;24506.5;24494.75;24497.25;339
20260303 141100;24497.25;24497.25;24473;24476;476
20260303 141200;24475.5;24477.5;24456;24464.25;629
20260303 141300;24463.75;24479;24463.25;24477.25;485
20260303 141400;24477.5;24483.5;24475.75;24480;249
20260303 141500;24479.5;24484;24471.75;24478.75;223
20260303 141600;24478.25;24505;24478.25;24488;743
20260303 141700;24489.25;24493;24471.25;24474.25;491
20260303 141800;24475.25;24499.25;24474.25;24496.5;378
20260303 141900;24496.25;24505.25;24491.5;24503.5;345
20260303 142000;24503.25;24511;24491.75;24496;723
20260303 142100;24496;24508.5;24495.25;24499;368
20260303 142200;24497.75;24507.25;24491.25;24503.25;312
20260303 142300;24503.5;24533;24502.25;24524.25;942
20260303 142400;24524.25;24537;24518.5;24532.5;569
20260303 142500;24533.5;24543.5;24511;24515.25;596
20260303 142600;24516.5;24531.75;24507.75;24519.75;572
20260303 142700;24519.5;24534.25;24517.75;24530.25;454
20260303 142800;24529.75;24531.25;24517.75;24524.5;683
20260303 142900;24523.25;24527.5;24515.25;24521.75;483
20260303 143000;24521.75;24537;24508.5;24533.5;1278
20260303 143100;24534.5;24611.5;24515.25;24609;6301
20260303 143200;24609.5;24627;24560;24603.25;5861
20260303 143300;24599.5;24607.75;24568;24578.75;3098
20260303 143400;24579;24594.5;24562.5;24587.25;2472
20260303 143500;24587;24595;24525.25;24527.75;3419
20260303 143600;24528.5;24558;24502.5;24551.5;4546
20260303 143700;24551.5;24620;24538.25;24592.75;5066
20260303 143800;24593.75;24644;24591.5;24641.75;3838
20260303 143900;24641.25;24656.75;24629.75;24644.5;2914
20260303 144000;24645;24661.25;24591.5;24593.75;3100
20260303 144100;24592.75;24610.5;24568.5;24599.25;2890
20260303 144200;24599;24602.75;24558;24560;2230
20260303 144300;24560.5;24566.5;24538.75;24551.75;2088
20260303 144400;24552;24563.5;24531;24549.5;2051
20260303 144500;24550;24558;24514.5;24533;2448
20260303 144600;24532;24573.5;24514.5;24570;3361
20260303 144700;24570.75;24614.25;24566;24593;2835
20260303 144800;24594.25;24604.75;24538;24558.25;2683
20260303 144900;24557.75;24561.25;24520;24523.25;1810
20260303 145000;24523.75;24532.5;24490.5;24502.25;2631
20260303 145100;24502;24535.25;24489.25;24518;2972
20260303 145200;24519.25;24569.75;24516;24528;2829
20260303 145300;24528.25;24555.75;24515;24530.25;1906
20260303 145400;24530.5;24558.75;24521.75;24551;1766
20260303 145500;24551.75;24558.75;24509.75;24543;1667
20260303 145600;24544;24551;24510;24538.5;1916
20260303 145700;24538.75;24540.75;24513;24517.25;1622
20260303 145800;24517.75;24533;24510;24520.75;1542
20260303 145900;24520.25;24521.5;24482.25;24490;1932
20260303 150000;24489;24505.75;24480.25;24489.25;2138
20260303 150100;24489;24562.5;24478;24513.25;4297
20260303 150200;24512.75;24548.5;24486.5;24487.25;2412
20260303 150300;24486;24514.5;24474;24475.5;2659
20260303 150400;24475;24509.25;24471.75;24489.25;2517
20260303 150500;24488.5;24498.75;24463.25;24485;2109
20260303 150600;24484.25;24503;24459.75;24498.75;1802
20260303 150700;24498.75;24541.5;24486.75;24520.75;2797
20260303 150800;24521.5;24538;24491.5;24493.25;1619
20260303 150900;24494.25;24500.25;24471;24482.75;1396
20260303 151000;24483.25;24521.75;24479.25;24503.5;1739
20260303 151100;24503.5;24515;24479.75;24491.25;1818
20260303 151200;24492.25;24538.5;24488;24510.25;1906
20260303 151300;24510.25;24550.75;24504;24515.5;2080
20260303 151400;24514.75;24520.75;24486;24491.75;1426
20260303 151500;24492.25;24516.25;24484.5;24502.75;1423
20260303 151600;24501.25;24518.5;24490.75;24494.75;1295
20260303 151700;24493.75;24495.75;24462.25;24468.5;1988
20260303 151800;24468.75;24474.75;24444;24452.75;1832
20260303 151900;24453;24456;24427.5;24433.25;2467
20260303 152000;24433.25;24441.5;24428;24434.75;1306
20260303 152100;24434.25;24442.5;24412.75;24415;1876
20260303 152200;24415.25;24418.75;24399.25;24402.75;1791
20260303 152300;24403.25;24412;24384;24388.25;1709
20260303 152400;24388.75;24416.25;24385.25;24410.75;1895
20260303 152500;24410.5;24411.25;24392;24397.75;1561
20260303 152600;24397.25;24402.25;24366;24371.75;2411
20260303 152700;24372.5;24392;24360.5;24364.75;1854
20260303 152800;24366;24378.75;24357.75;24374.75;1762
20260303 152900;24375.25;24379;24352.5;24356.5;1882
20260303 153000;24357;24370.25;24352;24358.5;1333
20260303 153100;24358.75;24394;24356.25;24376;2574
20260303 153200;24376.25;24440;24373.25;24428;3328
20260303 153300;24428.25;24439;24408;24412.75;2166
20260303 153400;24410.75;24415;24395;24405.75;1387
20260303 153500;24405;24414.5;24390.75;24405.25;1490
20260303 153600;24406.5;24424;24404;24411.25;1239
20260303 153700;24409.5;24459.25;24393;24441.5;1895
20260303 153800;24441.75;24459.75;24429.25;24438.25;1335
20260303 153900;24438;24447;24425.75;24429;872
20260303 154000;24430;24456.25;24425;24438.5;1362
20260303 154100;24437;24472.75;24422;24454.5;1800
20260303 154200;24454;24468;24444;24445.75;1446
20260303 154300;24445;24466;24433;24447.25;1035
20260303 154400;24448.5;24448.5;24407.5;24408.5;1603
20260303 154500;24408.75;24422.5;24402.25;24415.25;1247
20260303 154600;24415.5;24443.25;24412.25;24423.5;1645
20260303 154700;24421.5;24460;24416.25;24429.75;1281
20260303 154800;24430.25;24449.75;24418.75;24440.75;1256
20260303 154900;24441.5;24447.5;24413.25;24418;1146
20260303 155000;24418;24423.25;24392.75;24420.5;1657
20260303 155100;24419.25;24419.75;24380;24398.75;1508
20260303 155200;24398.75;24418.5;24391.5;24403.75;1079
20260303 155300;24403.25;24440;24399;24409.75;1549
20260303 155400;24411.5;24416.5;24387;24393;1087
20260303 155500;24392.25;24395;24373;24381;1257
20260303 155600;24381;24394.5;24377;24383.5;1022
20260303 155700;24383.75;24433.25;24383.75;24403.75;2110
20260303 155800;24404;24425;24391.75;24421.5;1299
20260303 155900;24420.25;24445.5;24420.25;24443;1560
20260303 160000;24442.25;24453;24435;24446.75;1367
20260303 160100;24447.25;24464.75;24436.5;24441.75;1603
20260303 160200;24441;24463.5;24438.75;24449.5;976
20260303 160300;24448.25;24461.25;24439.5;24445.25;1056
20260303 160400;24445.5;24481.25;24445.5;24475;1477
20260303 160500;24476.25;24524.5;24466.25;24519.25;3008
20260303 160600;24520.5;24550;24519.25;24546.75;2437
20260303 160700;24546.5;24573;24540.25;24554.75;2090
20260303 160800;24557;24570.25;24546.75;24556.25;1439
20260303 160900;24557.25;24586.25;24548.25;24580.75;1924
20260303 161000;24581.25;24585.5;24556.25;24564.75;1567
20260303 161100;24566;24570.5;24553;24562.25;1217
20260303 161200;24563.25;24564.75;24544.5;24559.5;1027
20260303 161300;24560;24569.75;24552.75;24558.5;1152
20260303 161400;24559.5;24592;24553.75;24586;1374
20260303 161500;24585.25;24587.75;24564;24572;1331
20260303 161600;24573;24597.5;24572.25;24596;1568
20260303 161700;24596.25;24597.5;24583.5;24595;1255
20260303 161800;24597.5;24609.25;24591;24602.25;1341
20260303 161900;24603.25;24620;24596;24600;1270
20260303 162000;24601;24606;24577.75;24584.5;1427
20260303 162100;24585.25;24601.75;24570;24596.75;1322
20260303 162200;24597.25;24599.25;24575.75;24591;1375
20260303 162300;24591.5;24614;24572.25;24595.5;1307
20260303 162400;24595.5;24625;24593.25;24620;1233
20260303 162500;24619;24632.75;24604;24628;1506
20260303 162600;24628.75;24640;24618.75;24635.75;1240
20260303 162700;24637.5;24638.75;24618.25;24627;1665
20260303 162800;24627.25;24642.5;24617.75;24620.75;1087
20260303 162900;24620.5;24632.75;24612;24622.75;1010
20260303 163000;24624;24633.75;24614.25;24618.75;846
20260303 163100;24618;24625;24597.75;24605;1815
20260303 163200;24605.75;24608.75;24583.25;24586.5;1380
20260303 163300;24587.5;24589.5;24566.75;24576.5;1401
20260303 163400;24577.75;24594;24563.25;24577;1215
20260303 163500;24578;24618;24577;24608.25;1265
20260303 163600;24609;24630;24606.75;24618.25;1159
20260303 163700;24619.25;24646;24613.5;24629.25;1570
20260303 163800;24629;24639;24618.5;24621.75;812
20260303 163900;24622.5;24624.5;24600.5;24614.5;1096
20260303 164000;24613.75;24626;24608.5;24625;617
20260303 164100;24623.75;24624.75;24606.5;24622;783
20260303 164200;24623;24630.75;24614.25;24614.75;876
20260303 164300;24615;24620.25;24590;24607.75;1262
20260303 164400;24608.5;24652;24584.25;24640.75;2797
20260303 164500;24641.25;24653.75;24622.5;24647.5;1545
20260303 164600;24647.25;24678.25;24644.75;24676;2330
20260303 164700;24676;24724.75;24673.25;24718.25;2727
20260303 164800;24717.5;24720.25;24695;24698.5;1946
20260303 164900;24696.75;24704.5;24674.5;24695;2027
20260303 165000;24695.25;24695.5;24660.75;24690.25;1327
20260303 165100;24690.5;24700;24668;24681.25;1033
20260303 165200;24681.5;24691.25;24667;24668;1073
20260303 165300;24668.25;24694.25;24665.5;24682.75;872
20260303 165400;24682.75;24696.75;24678.75;24693;794
20260303 165500;24693.25;24696.25;24674.75;24694.5;862
20260303 165600;24695;24706.75;24681.5;24701.25;1137
20260303 165700;24701;24711;24683;24707;984
20260303 165800;24706.75;24706.75;24685.25;24689.75;729
20260303 165900;24690.75;24700.5;24677.75;24682.5;972
20260303 170000;24682.5;24687.5;24661;24672;1369
20260303 170100;24671;24691.5;24661;24673.5;1381
20260303 170200;24673;24676.75;24645;24655.5;1418
20260303 170300;24654.75;24669.75;24642.25;24668.5;921
20260303 170400;24669.25;24671.75;24649.5;24654;738
20260303 170500;24654.5;24676.5;24642.25;24674.25;987
20260303 170600;24674;24685.75;24661;24670.25;1027
20260303 170700;24672;24690.25;24667;24688;652
20260303 170800;24687.5;24690.25;24655.75;24662.5;992
20260303 170900;24663;24667.25;24640.75;24643.5;1036
20260303 171000;24643.75;24650.5;24630.75;24638;1476
20260303 171100;24637.75;24652.5;24632.25;24640.5;953
20260303 171200;24639.5;24652.5;24630.25;24637.5;697
20260303 171300;24637;24651.5;24620.5;24635;1301
20260303 171400;24635.25;24645;24628.5;24633.25;510
20260303 171500;24634;24659.25;24632;24656.5;692
20260303 171600;24656;24658.25;24639.75;24655.5;705
20260303 171700;24656;24666.75;24631.75;24635;1088
20260303 171800;24638.5;24659;24637.25;24657.75;932
20260303 171900;24656.75;24680.5;24651;24669.5;1388
20260303 172000;24668.5;24679;24664;24674;563
20260303 172100;24674;24682;24640;24651.75;927
20260303 172200;24652.25;24671;24643;24669.5;651
20260303 172300;24668.75;24685;24660.25;24684;575
20260303 172400;24682.5;24697.5;24679.75;24683.25;908
20260303 172500;24683.25;24697.25;24680.25;24697;507
20260303 172600;24698;24707.75;24688.25;24696.75;747
20260303 172700;24696.25;24697;24675.5;24687.5;966
20260303 172800;24686.75;24694.75;24674.5;24686.75;529
20260303 172900;24686.75;24705.25;24684;24701.5;587
20260303 173000;24701.75;24712.25;24701.25;24703.5;649
20260303 173100;24704.75;24707.5;24677.5;24682.5;805
20260303 173200;24681.25;24681.5;24654;24656.25;1124
20260303 173300;24655.75;24660;24644;24646.75;932
20260303 173400;24647;24648.5;24628.5;24633.25;823
20260303 173500;24633.75;24634.75;24609.75;24619.25;1161
20260303 173600;24619.5;24623.5;24603.5;24618.5;1253
20260303 173700;24618;24644.25;24602.5;24644.25;1427
20260303 173800;24643.25;24649;24628;24638.5;723
20260303 173900;24637.5;24643.5;24623;24626.25;551
20260303 174000;24625.25;24633.75;24622.25;24627.5;408
20260303 174100;24628.5;24653.75;24626.5;24653;726
20260303 174200;24653.25;24659.5;24634.25;24636.25;544
20260303 174300;24635.75;24658;24635.25;24658;504
20260303 174400;24657.25;24690.5;24657;24687.5;1253
20260303 174500;24688.25;24696.75;24683;24692.75;679
20260303 174600;24692;24699;24681;24681.25;790
20260303 174700;24682.75;24689.75;24665;24666.5;693
20260303 174800;24667;24677;24665;24677;433
20260303 174900;24676.25;24681.75;24669.5;24678.75;383
20260303 175000;24679;24698;24678.5;24688.5;530
20260303 175100;24688;24690;24672.75;24679.75;457
20260303 175200;24678.5;24689;24674.5;24683.25;370
20260303 175300;24683.5;24688.25;24669.75;24682.25;447
20260303 175400;24681.75;24684.25;24641.25;24649.25;1006
20260303 175500;24649.75;24657.5;24628;24635;822
20260303 175600;24635.5;24646;24624.5;24646;927
20260303 175700;24644.75;24651.25;24637.5;24640.25;509
20260303 175800;24640.75;24650.25;24630.5;24646.5;508
20260303 175900;24647.75;24655.75;24638.75;24640.25;649
20260303 180000;24638.75;24652;24637;24641.5;553
20260303 180100;24641;24679.25;24640.75;24678.5;1049
20260303 180200;24677.25;24697.5;24672.5;24693.25;900
20260303 180300;24692;24702.5;24690;24691.5;722
20260303 180400;24691.75;24692;24671;24680.5;781
20260303 180500;24681.5;24686;24671.75;24683.75;443
20260303 180600;24685.5;24690.25;24668.25;24680.25;548
20260303 180700;24680.5;24701;24679.75;24690;893
20260303 180800;24689;24699.5;24676.75;24692;585
20260303 180900;24690.75;24702;24690.75;24699;321
20260303 181000;24698.25;24702;24685;24701;554
20260303 181100;24700.25;24703.25;24680.5;24692;640
20260303 181200;24692;24704;24669.25;24681;1260
20260303 181300;24681.75;24692.75;24680.5;24691.75;612
20260303 181400;24692;24692.5;24664.25;24666;591
20260303 181500;24666;24682.75;24651.5;24679;944
20260303 181600;24680;24690.75;24674.5;24687.5;985
20260303 181700;24687.75;24697.75;24681.5;24687;798
20260303 181800;24687.75;24706.25;24686.75;24701.75;518
20260303 181900;24701;24702.25;24690;24697.5;421
20260303 182000;24697.5;24709.25;24691.25;24704;602
20260303 182100;24703.75;24743.5;24702.75;24728.5;1978
20260303 182200;24727.75;24738;24723.5;24733.75;1125
20260303 182300;24733.5;24761;24732.75;24752;1182
20260303 182400;24751.25;24761.25;24741.25;24759.5;957
20260303 182500;24759;24764.25;24752.25;24759.5;911
20260303 182600;24760;24760.25;24741.5;24743;1541
20260303 182700;24743.25;24761.75;24741.75;24760;723
20260303 182800;24759.5;24766;24755.5;24760.25;603
20260303 182900;24760;24772.25;24757;24758.5;666
20260303 183000;24758;24762.25;24744;24746.75;754
20260303 183100;24746.25;24754.25;24742;24753.5;497
20260303 183200;24753.25;24760.5;24745.25;24758.75;511
20260303 183300;24758;24770.75;24747.5;24766;1073
20260303 183400;24766.75;24789.25;24762.5;24784.75;1483
20260303 183500;24784.25;24790.25;24778.5;24782.5;928
20260303 183600;24783;24798;24767.25;24788.75;1456
20260303 183700;24788.75;24793.75;24770.25;24793.75;860
20260303 183800;24794.25;24800;24786;24795.5;825
20260303 183900;24795.5;24808;24788.25;24802.75;1097
20260303 184000;24802;24809.5;24795.25;24806.5;940
20260303 184100;24806.75;24816.75;24800.75;24816;807
20260303 184200;24816;24832.5;24812.25;24818;1565
20260303 184300;24818.75;24826;24810.5;24821;700
20260303 184400;24820.25;24829.25;24805.5;24820.75;810
20260303 184500;24820.25;24820.25;24791.75;24802.5;1114
20260303 184600;24803;24805;24783.25;24783.5;972
20260303 184700;24784.25;24793.25;24780.25;24786.25;712
20260303 184800;24786.25;24791.75;24773.75;24782.75;668
20260303 184900;24782.75;24790;24771;24786.75;712
20260303 185000;24787.75;24812.25;24786.5;24808.5;1101
20260303 185100;24808.25;24817.75;24797.5;24816.5;650
20260303 185200;24817;24824.5;24812.75;24820;628
20260303 185300;24820.5;24821.25;24802.5;24814;793
20260303 185400;24813.5;24815.25;24796.5;24798.5;565
20260303 185500;24797.75;24811;24793.75;24802.25;704
20260303 185600;24802;24802;24781.75;24783.75;621
20260303 185700;24782.75;24808.5;24780.5;24804;806
20260303 185800;24803.75;24810.75;24798.75;24807.75;442
20260303 185900;24807.25;24812;24801.5;24805.75;434
20260303 190000;24805.75;24810;24793;24800.25;572
20260303 190100;24799.5;24810.5;24792;24800;707
20260303 190200;24799.25;24806.75;24794.25;24801;392
20260303 190300;24801.25;24802;24784;24785;701
20260303 190400;24784;24808.5;24783.75;24801;631
20260303 190500;24801.5;24813.5;24796.25;24803.25;496
20260303 190600;24804;24808.75;24792.5;24797.25;596
20260303 190700;24797;24799.75;24777.25;24785;853
20260303 190800;24784.25;24784.25;24762.5;24769.25;815
20260303 190900;24770;24774.75;24760.5;24762;732
20260303 191000;24762.75;24765.75;24746;24748.75;1169
20260303 191100;24749.5;24756;24732.5;24741.5;866
20260303 191200;24742;24759.25;24730.25;24757.5;913
20260303 191300;24756.75;24758;24742;24743.5;541
20260303 191400;24742.75;24762.25;24737.75;24759.25;658
20260303 191500;24758;24773.25;24755.25;24766.5;678
20260303 191600;24768.5;24794.75;24762.75;24794.5;962
20260303 191700;24794.5;24794.5;24765.5;24772;671
20260303 191800;24773;24781.5;24766;24777.5;480
20260303 191900;24778.5;24784.5;24769;24769;417
20260303 192000;24769;24776;24765.25;24776;429
20260303 192100;24777.25;24800.75;24776;24793.25;1036
20260303 192200;24793.5;24799.25;24786;24792.75;562
20260303 192300;24793.5;24802.5;24775.5;24801.75;620
20260303 192400;24801.75;24802.75;24788.5;24791.75;525
20260303 192500;24792;24793.75;24777.25;24779;412
20260303 192600;24777.25;24783.25;24766.5;24781.75;565
20260303 192700;24781;24784.5;24768;24768.75;333
20260303 192800;24771.25;24773;24761.75;24762.75;607
20260303 192900;24763.75;24777.5;24752;24757.5;663
20260303 193000;24756.25;24770.5;24755.25;24759.25;454
20260303 193100;24759.5;24768.75;24749.75;24763.75;634
20260303 193200;24763;24769.25;24752.5;24753.25;483
20260303 193300;24753;24761.5;24742.5;24744.5;632
20260303 193400;24744.75;24749.5;24726;24727.25;763
20260303 193500;24727.5;24733;24715.75;24725.75;874
20260303 193600;24724.75;24726;24709.5;24717;957
20260303 193700;24717.75;24732.75;24716.5;24727.75;775
20260303 193800;24728;24813.75;24723.75;24811.75;3328
20260303 193900;24811.75;24816;24786.5;24788.5;2073
20260303 194000;24790.25;24794.25;24774.25;24785.5;1050
20260303 194100;24785.25;24804;24776;24786;1020
20260303 194200;24786.75;24813.5;24783.25;24805.75;879
20260303 194300;24805;24818.5;24798.75;24815.75;1077
20260303 194400;24815.25;24816.25;24787.5;24799.75;1163
20260303 194500;24800.5;24822.75;24797;24819.75;1230
20260303 194600;24820.75;24844;24816;24830.25;1677
20260303 194700;24830.25;24850;24829.5;24840.5;1007
20260303 194800;24840.5;24847.25;24823.5;24840;906
20260303 194900;24840.25;24847;24825;24828.75;790
20260303 195000;24827.75;24830.5;24818.5;24825.5;795
20260303 195100;24825;24839;24810;24832;853
20260303 195200;24832.25;24837.5;24814.75;24818.5;551
20260303 195300;24818.75;24821;24793;24805.5;742
20260303 195400;24806.5;24807;24772.5;24774.75;897
20260303 195500;24773.75;24800;24766;24791;1526
20260303 195600;24792;24798.25;24773.5;24780.75;1007
20260303 195700;24779.5;24784.25;24767;24777;601
20260303 195800;24776.75;24796;24774;24782.75;523
20260303 195900;24783.25;24792.75;24781.25;24785.75;313
20260303 200000;24786;24795;24782.75;24787.25;475
20260303 200100;24787.25;24790;24773.75;24775;711
20260303 200200;24775.5;24821.75;24774.25;24819;1145
20260303 200300;24819.5;24820;24785.25;24795.25;876
20260303 200400;24795.25;24803.5;24785.25;24793.5;675
20260303 200500;24792.5;24797.75;24782;24793;529
20260303 200600;24792.25;24793.75;24777.5;24789.75;1066
20260303 200700;24789;24795;24777.5;24794.25;753
20260303 200800;24795.25;24812.75;24791.25;24803.75;589
20260303 200900;24800.75;24808;24795.25;24807.25;502
20260303 201000;24807.5;24813;24796;24808.75;501
20260303 201100;24808.25;24814.25;24803;24811;424
20260303 201200;24812.5;24817.75;24803.75;24808.25;444
20260303 201300;24807.25;24812;24795.25;24800;430
20260303 201400;24798.5;24808.25;24788;24790.75;530
20260303 201500;24790.75;24793.25;24773.5;24774.5;720
20260303 201600;24773.75;24788.25;24770.5;24784;737
20260303 201700;24783.5;24786.25;24757.25;24758;836
20260303 201800;24758.75;24764.5;24749.5;24751.25;857
20260303 201900;24751.75;24763.25;24744.75;24760.5;915
20260303 202000;24761;24764.25;24750.25;24755;393
20260303 202100;24757;24779.5;24755.75;24778;788
20260303 202200;24776.75;24780.75;24761.25;24762;510
20260303 202300;24762.25;24768.75;24751.75;24760;667
20260303 202400;24759.75;24767.5;24758;24758.25;369
20260303 202500;24757.25;24770;24755.5;24767.25;349
20260303 202600;24767.25;24768.25;24741.5;24754;788
20260303 202700;24755.75;24767.5;24747.25;24761.5;550
20260303 202800;24762;24766.25;24758.5;24763.5;422
20260303 202900;24763.75;24790.25;24763.75;24771;1051
20260303 203000;24771.25;24788.5;24771;24782.75;703
20260303 203100;24782.25;24791.5;24777;24782.75;757
20260303 203200;24784.25;24797.25;24783.25;24789.5;711
20260303 203300;24790;24791.25;24778.25;24786.75;650
20260303 203400;24786.5;24790.75;24778;24779;530
20260303 203500;24779.5;24783.75;24773;24773.5;386
20260303 203600;24775;24807;24774.5;24806.25;811
20260303 203700;24806.25;24807.75;24789.75;24791.25;884
20260303 203800;24791.5;24793.5;24772.5;24775.5;548
20260303 203900;24775.5;24776.5;24764.5;24775.5;709
20260303 204000;24776;24776;24758.25;24769.25;798
20260303 204100;24770.25;24781.5;24769.75;24770.25;487
20260303 204200;24769.75;24771.25;24755.75;24759.25;559
20260303 204300;24759.75;24771.75;24759.5;24765.75;385
20260303 204400;24766.25;24771.25;24758;24770;417
20260303 204500;24769.25;24774.75;24762.5;24768;459
20260303 204600;24767.5;24780;24766.5;24770;790
20260303 204700;24769.75;24779.5;24763;24765;573
20260303 204800;24766;24768.75;24744.25;24760.75;854
20260303 204900;24760.25;24764.75;24749.75;24755.25;545
20260303 205000;24755.25;24768.5;24750.25;24764;587
20260303 205100;24763.5;24772.75;24745.75;24750.75;1969
20260303 205200;24751;24755.5;24723.75;24730.75;1304
20260303 205300;24730.5;24737.75;24718;24722.5;1756
20260303 205400;24722.25;24740;24719.5;24738.75;1222
20260303 205500;24738.75;24764.75;24731.5;24754.5;2063
20260303 205600;24753.5;24761.75;24740.25;24753.5;1741
20260303 205700;24753.5;24757.25;24742.25;24745.75;906
20260303 205800;24745.75;24763.5;24744.5;24760.25;1332
20260303 205900;24760.25;24764.5;24756.75;24761.25;1452
20260303 210000;24760.5;24764.75;24747.75;24758;7314
20260303 210100;24757.75;24760.5;24743;24751.5;2597
20260303 210200;24750.5;24752.75;24736.5;24747.75;1156
20260303 210300;24747.75;24750;24734.5;24737.5;619
20260303 210400;24736.75;24740;24732;24739;690
20260303 210500;24738.5;24745.75;24737.5;24742.5;433
20260303 210600;24741.5;24749;24736.5;24738.75;566
20260303 210700;24738.25;24741.25;24734.25;24738.75;346
20260303 210800;24739.5;24740.75;24735.5;24736.25;187
20260303 210900;24736.5;24737.5;24730.5;24730.5;226
20260303 211000;24730.75;24733.75;24727;24733.5;217
20260303 211100;24733.5;24734.5;24728.5;24729.5;213
20260303 211200;24730;24736;24729.25;24734.75;175
20260303 211300;24734;24739.5;24732.25;24734.5;205
20260303 211400;24734;24737;24728.25;24733;226
20260303 211500;24733;24738.25;24732.5;24737.5;210
20260303 211600;24736.75;24738;24734;24737;165
20260303 211700;24736.5;24739.25;24732.25;24739;132
20260303 211800;24738.5;24746.75;24738.25;24744.5;197
20260303 211900;24745.25;24745.25;24734.5;24738.5;95
20260303 212000;24739.25;24742.75;24739;24741;67
20260303 212100;24741.75;24744.5;24739;24741;109
20260303 212200;24741;24746;24740;24740.5;135
20260303 212300;24740.5;24741.5;24736.25;24736.25;51
20260303 212400;24736.5;24742;24736.5;24739.75;77
20260303 212500;24739.75;24740.25;24737.25;24738;62
20260303 212600;24738.25;24738.5;24730.75;24732;108
20260303 212700;24732;24734.25;24722;24726.5;302
20260303 212800;24727;24728;24717;24722.25;303
20260303 212900;24721.75;24724.5;24719.5;24720.25;99
20260303 213000;24720.25;24724.25;24719.5;24723.5;126
20260303 213100;24723.5;24725.25;24717.75;24718.5;125
20260303 213200;24719;24724;24711.75;24719.75;295
20260303 213300;24719.5;24719.5;24699;24703.5;343
20260303 213400;24703.5;24709.5;24696;24701.75;289
20260303 213500;24702;24707.75;24691.5;24700.5;542
20260303 213600;24700.5;24707.25;24699.25;24704;171
20260303 213700;24704.75;24710;24700.25;24703.25;254
20260303 213800;24704.25;24711.25;24703.25;24709.25;154
20260303 213900;24707.5;24713.75;24707.5;24710;77
20260303 214000;24710.5;24714.25;24709.5;24712.5;135
20260303 214100;24713.25;24721.25;24712.5;24718.75;164
20260303 214200;24719.75;24722.75;24718.5;24721;50
20260303 214300;24722.25;24728;24722.25;24728;66
20260303 214400;24728.25;24731.25;24725;24725;142
20260303 214500;24725.75;24725.75;24716.75;24721;93
20260303 214600;24720;24720;24713;24715;152
20260303 214700;24715;24717.75;24712;24715.75;106
20260303 214800;24715.75;24718;24711;24713.25;76
20260303 214900;24714.25;24718.75;24713.5;24718.75;66
20260303 215000;24718.5;24720.25;24715;24715.5;94
20260303 215100;24715.25;24723.25;24715.25;24723.25;81
20260303 215200;24722.25;24727.25;24721;24721;81
20260303 215300;24721.5;24722.5;24715.5;24717;91
20260303 215400;24716.5;24723.75;24713.5;24723.5;107
20260303 215500;24723;24725.5;24713.5;24713.5;87
20260303 215600;24713.5;24720.25;24713;24719.5;97
20260303 215700;24719;24719.25;24715;24715;62
20260303 215800;24715;24716.5;24713.25;24714;68
20260303 215900;24713.25;24714.75;24708;24711.75;70
20260303 220000;24711.75;24712.75;24707.75;24709.75;117
20260303 230100;24710.75;24711;24689;24697.5;334
20260303 230200;24698.5;24710.5;24696.25;24708.5;114
20260303 230300;24706.25;24715;24694.75;24695.5;168
20260303 230400;24697;24704.75;24677.75;24699;449
20260303 230500;24697.75;24701.5;24685;24688;92
20260303 230600;24687.5;24695;24674;24677;168
20260303 230700;24678;24683.25;24669.75;24678.75;203
20260303 230800;24679.75;24709;24675.75;24691;527
20260303 230900;24690.5;24713.75;24688.25;24711;254
20260303 231000;24711;24726.75;24709;24721.25;260
20260303 231100;24721.5;24724.5;24716.25;24723.5;102
20260303 231200;24726;24738;24721;24731;202
20260303 231300;24731;24740.25;24726.25;24735.75;123
20260303 231400;24738.25;24765;24738.25;24743.25;381
20260303 231500;24744.25;24748.25;24738;24746.25;90
20260303 231600;24747.75;24759.5;24742.5;24742.75;260
20260303 231700;24743;24746.25;24732;24745;162
20260303 231800;24743;24749.5;24742.5;24744.5;77
20260303 231900;24746.25;24747;24741;24744.25;61
20260303 232000;24743.5;24755.75;24740.75;24745.25;141
20260303 232100;24743.25;24749.5;24738.75;24741.25;137
20260303 232200;24741;24754;24740.75;24746.25;269
20260303 232300;24744.25;24748.5;24734.75;24737.5;67
20260303 232400;24737.25;24748.75;24732.75;24735;129
20260303 232500;24736;24737.25;24729;24732.75;95
20260303 232600;24732.5;24740;24728.75;24730.75;74
20260303 232700;24729.25;24729.25;24702.5;24712.5;308
20260303 232800;24715.5;24716;24704;24706.5;140
20260303 232900;24705;24712;24702.25;24706.5;115
20260303 233000;24708;24717;24705.25;24706.75;189
20260303 233100;24708.5;24713.25;24705.75;24707.75;72
20260303 233200;24708.25;24714.25;24707.25;24707.75;86
20260303 233300;24709;24709;24703;24705.25;72
20260303 233400;24705.75;24705.75;24702.5;24704;15
20260303 233500;24704.25;24710.5;24700.5;24710.5;93
20260303 233600;24709.75;24713;24707;24710;46
20260303 233700;24710;24714;24706.5;24711.25;39
20260303 233800;24713;24722.25;24710.75;24710.75;97
20260303 233900;24712;24716;24709.5;24714;49
20260303 234000;24714.5;24715.75;24713;24713;16
20260303 234100;24711;24725.75;24711;24725.75;61
20260303 234200;24723.75;24733;24722.75;24729.75;116
20260303 234300;24727.75;24729;24721;24721;48
20260303 234400;24723.75;24729.5;24719.75;24719.75;53
20260303 234500;24721.25;24721.25;24716.25;24720.25;36
20260303 234600;24719.75;24738;24716;24729.25;231
20260303 234700;24730.25;24730.25;24717.75;24721;78
20260303 234800;24719.75;24727.5;24719.75;24726.75;27
20260303 234900;24726;24734.25;24722.5;24733.75;60
20260303 235000;24731;24740;24729.5;24731;81
20260303 235100;24735.25;24742;24735.25;24735.25;92
20260303 235200;24734;24735;24722.25;24725.25;75
20260303 235300;24724.75;24730.5;24719.25;24723.75;48
20260303 235400;24724.5;24730;24721.25;24725;39
20260303 235500;24726.75;24728;24717.75;24717.75;43
20260303 235600;24718.75;24721.5;24716.25;24718.75;49
20260303 235700;24719.25;24723.75;24714.75;24720;32
20260303 235800;24719.75;24720.25;24713;24716.75;27
20260303 235900;24716;24718;24708;24717.25;95
20260304 000000;24710.75;24710.75;24698;24703;179
20260304 000100;24702;24715;24684.75;24686.75;268
20260304 000200;24687.5;24696;24681;24691.75;195
20260304 000300;24693;24694.25;24681;24684.25;147
20260304 000400;24687.5;24702.75;24686.25;24694.25;120
20260304 000500;24694.5;24698.25;24685.25;24687;115
20260304 000600;24686.25;24698;24679.5;24694;176
20260304 000700;24695.25;24698.75;24685.5;24695.25;72
20260304 000800;24695.25;24695.5;24688.5;24692.25;42
20260304 000900;24692;24692.75;24684.5;24686.25;108
20260304 001000;24686.5;24722.25;24676;24722.25;657
20260304 001100;24719;24719.75;24699.75;24711.75;196
20260304 001200;24712.5;24713;24703;24706.25;99
20260304 001300;24707.75;24728;24707.75;24722.5;179
20260304 001400;24724;24731.25;24722.5;24725.25;131
20260304 001500;24728;24744.5;24728;24737;375
20260304 001600;24737.5;24739.75;24732.25;24739.75;154
20260304 001700;24736.5;24747;24736.5;24746.5;203
20260304 001800;24746.5;24768;24746.5;24767;437
20260304 001900;24768;24777.75;24762.75;24774.5;310
20260304 002000;24775.25;24796;24773;24791.75;462
20260304 002100;24791;24798;24782.5;24785;233
20260304 002200;24785.75;24796.5;24785;24793.75;139
20260304 002300;24794.5;24803.5;24783;24796;354
20260304 002400;24797.5;24797.5;24780.5;24783;195
20260304 002500;24781.25;24786.5;24770.5;24773;176
20260304 002600;24774.75;24783.5;24773.75;24778.5;124
20260304 002700;24781;24782.5;24775.75;24776.5;101
20260304 002800;24776.5;24783.5;24773;24777;98
20260304 002900;24776.25;24779;24770.25;24773;94
20260304 003000;24774.25;24776.75;24766.25;24766.75;113
20260304 003100;24768.25;24770.5;24758.5;24762.5;287
20260304 003200;24761.25;24761.25;24745.5;24748.5;224
20260304 003300;24749.25;24753.25;24732;24734.25;356
20260304 003400;24734;24738;24727.5;24734;210
20260304 003500;24733.5;24737.25;24720;24721.5;186
20260304 003600;24720;24726.25;24710;24717.25;267
20260304 003700;24719.5;24722;24715;24717;80
20260304 003800;24717.5;24717.5;24696;24711.5;336
20260304 003900;24711.5;24714.75;24703.5;24705.25;95
20260304 004000;24704.25;24708.5;24698;24705.5;123
20260304 004100;24706.5;24715;24703;24703.25;116
20260304 004200;24704.75;24705;24691.5;24699.25;234
20260304 004300;24697.25;24705;24692.5;24701.75;110
20260304 004400;24699.5;24704.75;24688.75;24697.25;216
20260304 004500;24696.5;24701.75;24690.25;24700;214
20260304 004600;24699.25;24722.75;24699.25;24717.75;407
20260304 004700;24716.75;24733;24716.75;24724.25;250
20260304 004800;24722.25;24743;24720.25;24740;244
20260304 004900;24737.75;24745.25;24734.25;24741.5;221
20260304 005000;24742.5;24742.5;24729;24736.25;130
20260304 005100;24738.25;24752;24737.25;24750.5;222
20260304 005200;24749;24752.25;24743;24747.5;135
20260304 005300;24747;24759.75;24746.75;24759.25;193
20260304 005400;24757.5;24759.25;24748;24750;100
20260304 005500;24751.75;24756.25;24751.75;24754.5;69
20260304 005600;24755.5;24755.75;24744.75;24750;178
20260304 005700;24751.25;24755;24736;24737;177
20260304 005800;24738;24747;24733.25;24747;208
20260304 005900;24747.25;24766;24747.25;24757;330
20260304 010000;24758.25;24764.5;24743.25;24747.5;193
20260304 010100;24749;24758;24743.25;24747;174
20260304 010200;24747.25;24755;24736.5;24749.5;201
20260304 010300;24750.5;24770.75;24747.5;24770.5;252
20260304 010400;24770.75;24772.25;24754.25;24764.5;229
20260304 010500;24763;24769.5;24755.75;24762.75;94
20260304 010600;24763.5;24764;24747;24749.25;109
20260304 010700;24746.5;24750.5;24727.25;24728.75;201
20260304 010800;24728.75;24730.75;24713;24714.5;217
20260304 010900;24715.5;24724;24710.25;24717.25;217
20260304 011000;24717.5;24720.75;24711.75;24719.5;93
20260304 011100;24718.25;24719;24707;24709;159
20260304 011200;24709;24724.25;24702.25;24704.75;221
20260304 011300;24705.75;24710;24691;24710;303
20260304 011400;24710.25;24719;24700.75;24704.75;162
20260304 011500;24705.25;24712;24700.5;24705;115
20260304 011600;24704.75;24712.25;24699;24707.25;118
20260304 011700;24706;24719.5;24705.5;24706.25;151
20260304 011800;24705;24713.5;24700.5;24700.5;106
20260304 011900;24701.25;24710.25;24693.75;24696;174
20260304 012000;24696.75;24708;24693.75;24699.25;113
20260304 012100;24700.75;24701.25;24681;24689.75;181
20260304 012200;24691;24691;24654;24656.75;493
20260304 012300;24657.5;24671.5;24649.25;24671.5;311
20260304 012400;24671.25;24674.5;24643.25;24646;310
20260304 012500;24646.5;24658.75;24637.5;24653.75;531
20260304 012600;24649;24665.75;24639.5;24662.75;413
20260304 012700;24660.25;24671.25;24654.5;24659.5;169
20260304 012800;24660.5;24669.25;24649.75;24662.5;176
20260304 012900;24661.25;24663.25;24648.5;24663.25;155
20260304 013000;24664.25;24672.5;24650;24653;215
20260304 013100;24651.75;24662.25;24639.5;24639.5;189
20260304 013200;24638.75;24655;24630.75;24643.25;270
20260304 013300;24643.25;24653.75;24636.25;24644.25;250
20260304 013400;24644;24652;24637;24644.25;141
20260304 013500;24641.75;24665;24639.25;24646.75;441
20260304 013600;24648.75;24671.75;24647;24666.75;352
20260304 013700;24667;24676;24660.75;24664.75;187
20260304 013800;24665.75;24680.75;24664.75;24677;280
20260304 013900;24680;24701.75;24679.25;24695;352
20260304 014000;24695.25;24702.75;24686;24687.5;199
20260304 014100;24687.75;24705;24682.5;24702.5;144
20260304 014200;24702;24703;24682.5;24694.75;120
20260304 014300;24696.25;24713.25;24692;24706.5;162
20260304 014400;24705.75;24721.5;24705;24713.5;182
20260304 014500;24713.25;24717;24708.25;24709;85
20260304 014600;24710.25;24713.75;24691.5;24694;120
20260304 014700;24694;24697;24673.5;24675.75;247
20260304 014800;24677.25;24688;24675.75;24679.5;134
20260304 014900;24679.25;24687.25;24661.25;24661.75;254
20260304 015000;24663.5;24665.5;24653;24662;208
20260304 015100;24661.75;24670.5;24646.25;24669.25;239
20260304 015200;24668.5;24685;24661;24681.5;246
20260304 015300;24683;24688;24657.75;24660;279
20260304 015400;24660.5;24661.5;24645.5;24653.5;240
20260304 015500;24651;24668;24649;24666.5;265
20260304 015600;24667.25;24683;24666;24677.25;252
20260304 015700;24677;24686.75;24672.5;24678.75;153
20260304 015800;24677.75;24681.75;24670;24679;96
20260304 015900;24678;24682;24673.75;24679;93
20260304 020000;24679;24680.75;24672.75;24676;120
20260304 020100;24676.5;24703.25;24673.25;24683.75;347
20260304 020200;24683;24684;24651.75;24651.75;217
20260304 020300;24651.25;24657.25;24641.75;24643.5;205
20260304 020400;24644;24661.25;24636.5;24654.75;248
20260304 020500;24655.25;24662.5;24649.25;24652.25;103
20260304 020600;24649;24655;24642;24647.25;141
20260304 020700;24650;24651.5;24641.75;24648.25;68
20260304 020800;24647;24660.25;24638;24641;160
20260304 020900;24640.25;24655.75;24633.75;24652.75;152
20260304 021000;24653;24659.25;24640;24642.75;102
20260304 021100;24643;24662.5;24641.5;24643.75;134
20260304 021200;24640.75;24657;24634.25;24652.75;216
20260304 021300;24657.5;24679.25;24651.75;24667.75;274
20260304 021400;24666;24671.25;24651.25;24659;151
20260304 021500;24658;24658;24641.25;24644;117
20260304 021600;24642.25;24642.5;24630.75;24639.5;226
20260304 021700;24641;24641;24623.75;24630.25;257
20260304 021800;24627.5;24639.5;24627.5;24638.75;83
20260304 021900;24640;24650.75;24635.5;24646.5;124
20260304 022000;24646;24663;24644.5;24663;148
20260304 022100;24663.75;24667.5;24653.25;24654.25;231
20260304 022200;24655.75;24661.5;24651;24652.75;69
20260304 022300;24656.5;24665;24656.5;24660.5;71
20260304 022400;24657.75;24661;24651.75;24659;87
20260304 022500;24657.75;24657.75;24644;24648.25;64
20260304 022600;24646.5;24646.5;24630;24639.25;135
20260304 022700;24637.25;24641.25;24630.25;24632.5;92
20260304 022800;24631;24638.5;24628.75;24629;117
20260304 022900;24628.75;24632.25;24620;24629.5;214
20260304 023000;24629.75;24629.75;24619;24622.5;86
20260304 023100;24621.75;24628.25;24618.25;24619.75;294
20260304 023200;24618.75;24623.5;24612;24623.5;208
20260304 023300;24624;24627.5;24616;24626.75;98
20260304 023400;24626.5;24629.5;24609.5;24611.25;130
20260304 023500;24611;24614.75;24597.75;24599;346
20260304 023600;24599.75;24603.25;24591;24597.75;245
20260304 023700;24598;24610.75;24588;24608;317
20260304 023800;24608.75;24614;24599.5;24600.75;182
20260304 023900;24600.75;24611.25;24599.5;24603;120
20260304 024000;24605.5;24609;24601.75;24608.25;111
20260304 024100;24608.75;24616;24606.5;24607.25;223
20260304 024200;24607;24612.25;24603.5;24604.25;139
20260304 024300;24604.25;24614.25;24598;24614.25;156
20260304 024400;24614.75;24620.25;24609;24618.25;158
20260304 024500;24620.25;24625;24616.5;24624.25;140
20260304 024600;24624.5;24635.75;24624.25;24632.75;190
20260304 024700;24634.25;24645;24634.25;24640.5;183
20260304 024800;24640.5;24648;24637.5;24646.5;142
20260304 024900;24647.25;24649.25;24641.25;24641.75;106
20260304 025000;24643;24647;24632.75;24645.75;196
20260304 025100;24647.25;24660;24645.25;24658;214
20260304 025200;24660;24666.75;24654.5;24655.75;234
20260304 025300;24655.25;24655.25;24643.25;24643.75;151
20260304 025400;24643.75;24645.25;24632.5;24633;148
20260304 025500;24634;24638;24629.5;24633.25;76
20260304 025600;24632;24635.5;24629;24630.75;60
20260304 025700;24633;24635.5;24623.25;24632.5;116
20260304 025800;24633.75;24645;24630.75;24642.75;118
20260304 025900;24641.25;24651.75;24641.25;24649;126
20260304 030000;24649.5;24649.5;24636.75;24637;93
20260304 030100;24637;24638;24617.5;24630.5;182
20260304 030200;24630.5;24633;24610;24611.75;175
20260304 030300;24613.75;24614.25;24595.25;24596.5;269
20260304 030400;24597;24606.5;24590.75;24597.25;217
20260304 030500;24599.5;24602.5;24586;24592.75;235
20260304 030600;24594;24597.5;24588;24589.75;187
20260304 030700;24592.25;24609;24592.25;24607.75;200
20260304 030800;24606.75;24617.5;24604.5;24613.5;176
20260304 030900;24613.5;24617;24605;24608.5;152
20260304 031000;24610.25;24624;24607;24622.5;184
20260304 031100;24622.25;24629;24609.5;24612.25;200
20260304 031200;24611.25;24615;24593;24598.75;222
20260304 031300;24598;24606.25;24595;24595.75;102
20260304 031400;24597;24610.75;24596;24602.5;130
20260304 031500;24600.75;24604.25;24589.5;24593.25;129
20260304 031600;24593.75;24595.5;24581.75;24584.75;223
20260304 031700;24586.25;24590.5;24580;24582.5;124
20260304 031800;24583.5;24587;24573.5;24583.5;159
20260304 031900;24584.25;24591.5;24578.75;24585.5;139
20260304 032000;24584.25;24596.5;24582.5;24595;146
20260304 032100;24595.75;24603.5;24576;24588;269
20260304 032200;24588.25;24589;24555.5;24565;399
20260304 032300;24565.5;24582.75;24565.25;24582.5;139
20260304 032400;24583.5;24589.25;24575;24582;223
20260304 032500;24583.25;24583.25;24566.5;24573.75;131
20260304 032600;24571;24575.75;24568.25;24570;77
20260304 032700;24570.75;24579;24568;24570.75;121
20260304 032800;24570;24574.25;24562.5;24564.25;83
20260304 032900;24564.75;24571;24560;24567.75;113
20260304 033000;24567.75;24570.75;24563;24569.5;64
20260304 033100;24568.25;24573;24551.75;24551.75;293
20260304 033200;24551.5;24567.5;24544.75;24546.25;235
20260304 033300;24545.75;24552.75;24541;24549.5;150
20260304 033400;24547.75;24549.75;24533.75;24534.5;225
20260304 033500;24534.25;24536.75;24526;24526;214
20260304 033600;24528;24543.25;24525;24542.5;280
20260304 033700;24543.25;24551;24539;24550;281
20260304 033800;24551;24563;24542;24563;220
20260304 033900;24561;24572.5;24561;24570.25;239
20260304 034000;24570.5;24571.5;24556;24557.5;284
20260304 034100;24558.5;24570.75;24555.75;24567.5;168
20260304 034200;24568.75;24572;24541.25;24559.25;267
20260304 034300;24560;24566;24547.5;24549.75;124
20260304 034400;24549.75;24552.5;24538.5;24550.75;181
20260304 034500;24550.75;24566;24546;24565.25;200
20260304 034600;24566.25;24573;24550.5;24570.5;174
20260304 034700;24572.5;24575;24562.75;24569.5;133
20260304 034800;24568.5;24587;24568;24586.75;212
20260304 034900;24585.75;24589.75;24581.75;24582.25;121
20260304 035000;24583.5;24589.25;24573;24574.5;132
20260304 035100;24575;24584.25;24572.25;24573.5;149
20260304 035200;24574.75;24578.25;24566.5;24571.25;143
20260304 035300;24571.25;24579;24561;24566.5;170
20260304 035400;24567.25;24576.5;24563;24571;156
20260304 035500;24574;24574;24556.75;24557;147
20260304 035600;24557;24563.75;24556.25;24563.25;101
20260304 035700;24563.5;24573;24563.25;24567.5;109
20260304 035800;24570.25;24583.75;24565.75;24578.25;154
20260304 035900;24577;24594;24576.5;24593.75;144
20260304 040000;24594.75;24600.75;24591.75;24599.25;193
20260304 040100;24600.25;24611;24599;24605;206
20260304 040200;24604.75;24616;24601.5;24602.5;242
20260304 040300;24604;24607.25;24594;24598;222
20260304 040400;24599;24605;24594.25;24599;131
20260304 040500;24599;24605;24599;24605;150
20260304 040600;24606.5;24633.75;24606.25;24633.5;321
20260304 040700;24633.5;24644.75;24628.5;24639.75;244
20260304 040800;24641.25;24643;24627.25;24629.25;144
20260304 040900;24627;24633;24621.5;24622.25;113
20260304 041000;24624.75;24633.25;24624.75;24632;91
20260304 041100;24633;24638.75;24624;24636.5;129
20260304 041200;24636.75;24644.25;24629;24631.25;125
20260304 041300;24633.25;24637;24623;24624.75;111
20260304 041400;24624.25;24630.25;24613.75;24618;151
20260304 041500;24618.75;24625.25;24618;24623;110
20260304 041600;24621.75;24637.25;24621.75;24628.75;188
20260304 041700;24627;24627;24611;24612.5;166
20260304 041800;24612.75;24613.25;24599;24599;220
20260304 041900;24601.25;24602;24594.5;24595.75;104
20260304 042000;24595.5;24601.5;24592.25;24595.25;93
20260304 042100;24597.75;24612.5;24593.5;24612.5;114
20260304 042200;24613;24613;24601.75;24602;146
20260304 042300;24603.25;24613;24596.25;24597.5;85
20260304 042400;24596.25;24599.25;24588.75;24591;129
20260304 042500;24589;24595.25;24586;24593;87
20260304 042600;24593.75;24605.75;24593.75;24598;96
20260304 042700;24601;24603.5;24591;24599.25;99
20260304 042800;24596.75;24601.75;24594.25;24601.75;58
20260304 042900;24600.25;24604;24596.25;24600.75;48
20260304 043000;24601;24602.25;24592.5;24593.25;60
20260304 043100;24591.75;24593.25;24583.75;24590.25;160
20260304 043200;24587.25;24588.25;24576;24585;150
20260304 043300;24584.25;24595.75;24580.25;24591;106
20260304 043400;24591.25;24592.75;24578;24583.5;64
20260304 043500;24581.75;24599.75;24581.5;24598;124
20260304 043600;24598.75;24605.5;24590;24594;143
20260304 043700;24593.75;24593.75;24578;24581.75;154
20260304 043800;24578.75;24586.25;24572.75;24575.75;121
20260304 043900;24578.25;24585.5;24576.25;24584.25;72
20260304 044000;24583;24585.75;24575.75;24585.75;55
20260304 044100;24582.5;24582.5;24566;24571.75;180
20260304 044200;24569.75;24579;24569;24574.25;117
20260304 044300;24574;24592;24573.75;24588.25;197
20260304 044400;24590;24596.5;24586.5;24591.75;80
20260304 044500;24590.75;24602.25;24590.75;24598.25;99
20260304 044600;24599;24605;24594.75;24594.75;98
20260304 044700;24594;24603.25;24591.5;24596.25;94
20260304 044800;24595.25;24601.5;24589.5;24595;91
20260304 044900;24595.75;24598.25;24585;24593;93
20260304 045000;24596.25;24602;24595.75;24600.5;69
20260304 045100;24601.25;24602.5;24586.5;24586.5;51
20260304 045200;24585.75;24597.25;24584.25;24592;64
20260304 045300;24593;24593;24577.5;24578.25;70
20260304 045400;24577.75;24586.5;24575;24583.25;82
20260304 045500;24584;24595.5;24579;24580.5;85
20260304 045600;24576.5;24591.75;24576.25;24584.75;88
20260304 045700;24589.75;24603;24587.25;24600.25;105
20260304 045800;24601.25;24607.5;24592.25;24594.75;78
20260304 045900;24592.5;24602;24591.75;24595.75;43
20260304 050000;24597;24598.25;24582.75;24588.25;55
20260304 050100;24590.75;24610.5;24584.25;24607;159
20260304 050200;24607.5;24613;24600;24607.25;101
20260304 050300;24609;24609;24578;24578;144
20260304 050400;24578.75;24585.75;24570.75;24582.75;119
20260304 050500;24584;24588.25;24565.25;24568;120
20260304 050600;24568;24570.75;24564.75;24570.75;76
20260304 050700;24569;24580.75;24563.75;24574.75;115
20260304 050800;24573.75;24585;24562.75;24584.75;280
20260304 050900;24585.5;24586.25;24571;24573.75;92
20260304 051000;24577.25;24580.75;24573;24579.5;58
20260304 051100;24581;24586.25;24572.75;24574.5;91
20260304 051200;24575.5;24585;24574.5;24582.5;64
20260304 051300;24584.25;24588;24574.5;24575;67
20260304 051400;24576;24578;24570;24574.75;69
20260304 051500;24573.75;24574.75;24562;24565;136
20260304 051600;24565.25;24584;24561;24584;101
20260304 051700;24582;24586.5;24576.5;24586.5;91
20260304 051800;24588;24593.75;24585.75;24589.5;83
20260304 051900;24589;24589;24567.5;24574;93
20260304 052000;24578.75;24582.75;24573.5;24582;69
20260304 052100;24578.5;24586;24568.25;24586;85
20260304 052200;24587.25;24589;24563.75;24563.75;127
20260304 052300;24564.25;24564.25;24555;24560.75;179
20260304 052400;24559;24563;24552.5;24553.5;101
20260304 052500;24553.75;24555.75;24543.5;24546.75;149
20260304 052600;24547.75;24548.25;24538.75;24542;145
20260304 052700;24540.5;24546.75;24532.5;24536;161
20260304 052800;24537.75;24542.75;24535.25;24540.25;63
20260304 052900;24540.5;24541.75;24536.5;24540;101
20260304 053000;24541;24559.5;24539;24557.5;276
20260304 053100;24557;24560;24549.25;24556.25;122
20260304 053200;24560;24564;24556.5;24558.5;82
20260304 053300;24560.25;24568.75;24558.75;24560.75;122
20260304 053400;24560.25;24567.5;24556;24556;76
20260304 053500;24559;24561.5;24546.25;24548.25;66
20260304 053600;24550.25;24550.5;24542.5;24543.75;83
20260304 053700;24545.25;24545.75;24541;24545.75;97
20260304 053800;24545.25;24570.25;24545.25;24567.5;139
20260304 053900;24569.25;24574;24564;24567;91
20260304 054000;24568.75;24583;24568.75;24574.5;137
20260304 054100;24574;24589;24573.75;24585.75;83
20260304 054200;24589.5;24599.5;24582.75;24598.25;193
20260304 054300;24598.25;24614.25;24594;24613.5;162
20260304 054400;24613.25;24617.75;24606;24611.75;152
20260304 054500;24610;24610;24590.75;24597.5;134
20260304 054600;24597.75;24600.25;24585;24590.75;89
20260304 054700;24589.5;24602;24589.5;24601.5;63
20260304 054800;24600;24606.75;24597.75;24599;68
20260304 054900;24600;24604.5;24586;24586;110
20260304 055000;24587;24589.75;24574.5;24577.5;149
20260304 055100;24576.5;24588.75;24573;24587;111
20260304 055200;24587.25;24588.5;24579.5;24579.5;89
20260304 055300;24577.75;24587.25;24577.25;24580.25;72
20260304 055400;24579.5;24587;24578;24579.5;40
20260304 055500;24579;24586;24576.25;24582.75;89
20260304 055600;24586.5;24587.25;24582.75;24584.25;71
20260304 055700;24581.75;24586.5;24578.75;24580.75;37
20260304 055800;24582.75;24590.25;24582;24583.5;68
20260304 055900;24583;24591;24581.25;24581.25;47
20260304 060000;24580;24582;24570;24574.25;90
20260304 060100;24573.5;24573.5;24559.75;24562;148
20260304 060200;24562.75;24564.25;24546;24547.75;197
20260304 060300;24546.5;24549.5;24543;24548;116
20260304 060400;24545;24556.5;24540;24543.5;133
20260304 060500;24544;24549.25;24538;24544.25;103
20260304 060600;24544.25;24558.5;24544;24549.75;145
20260304 060700;24551;24551.25;24542;24548.5;75
20260304 060800;24549;24555.5;24540.75;24546.25;118
20260304 060900;24544.75;24550.25;24535.75;24541.25;152
20260304 061000;24543.25;24546.5;24535.75;24537.5;95
20260304 061100;24539.25;24539.75;24531.5;24534.75;127
20260304 061200;24534.75;24539;24528;24535;141
20260304 061300;24536.25;24536.25;24511.5;24520.75;233
20260304 061400;24520.75;24527;24516.75;24525.5;103
20260304 061500;24523.75;24524.25;24517.5;24517.5;157
20260304 061600;24517.25;24522.5;24513.75;24518.25;147
20260304 061700;24517.5;24517.5;24503;24505.75;393
20260304 061800;24509.75;24515;24506;24513.75;122
20260304 061900;24514.5;24518.75;24504;24508.5;144
20260304 062000;24511.5;24513.25;24501;24503.75;129
20260304 062100;24504;24514.5;24499;24512.5;424
20260304 062200;24511.75;24516.5;24502.25;24515.5;200
20260304 062300;24516.5;24525;24516.5;24524.5;219
20260304 062400;24525.25;24532.5;24515.75;24532.5;166
20260304 062500;24532;24538.5;24518.25;24528;125
20260304 062600;24529;24539.25;24523;24538.5;149
20260304 062700;24539.75;24544.5;24531.25;24538.75;150
20260304 062800;24540.25;24545.5;24538;24540.5;134
20260304 062900;24541;24545;24529;24536;142
20260304 063000;24536.75;24549.25;24533.5;24547.25;152
20260304 063100;24547;24554.25;24541;24550;211
20260304 063200;24547;24564;24546.5;24558.25;174
20260304 063300;24561.5;24565;24557.75;24560.75;104
20260304 063400;24561.75;24575.25;24559.5;24571.5;236
20260304 063500;24572;24583.25;24568.75;24579;199
20260304 063600;24579.5;24588.5;24576.5;24578.75;228
20260304 063700;24580.5;24587.5;24574;24585.75;210
20260304 063800;24586.25;24590;24583;24585.75;136
20260304 063900;24585;24585.5;24571.25;24573.25;183
20260304 064000;24573.5;24578.5;24569;24575.75;125
20260304 064100;24577.75;24578.5;24568;24575.75;102
20260304 064200;24576;24577;24567.5;24570.25;95
20260304 064300;24571;24580.75;24568.25;24574.25;100
20260304 064400;24574;24578.75;24572.75;24577.75;81
20260304 064500;24575;24577.75;24567;24572.75;116
20260304 064600;24572.25;24575.5;24562.75;24571.5;205
20260304 064700;24571.75;24572.25;24562.5;24562.5;109
20260304 064800;24563;24565;24552.5;24557.5;106
20260304 064900;24558.75;24560;24551.25;24555.5;43
20260304 065000;24556.5;24556.5;24550;24554.5;45
20260304 065100;24552;24573.75;24552;24566.75;190
20260304 065200;24567.75;24568;24547;24550;117
20260304 065300;24551.5;24559.75;24548.75;24552.25;105
20260304 065400;24553.75;24563;24553.75;24563;59
20260304 065500;24564;24565.75;24558.25;24558.5;60
20260304 065600;24559;24565.5;24556.75;24559.75;67
20260304 065700;24562.25;24566.5;24559.25;24561.5;94
20260304 065800;24561.5;24564;24555.25;24562.25;69
20260304 065900;24562.5;24571.75;24562.5;24571.75;136
20260304 070000;24572.5;24574.5;24569.5;24572.25;67
20260304 070100;24570.25;24572.75;24560.75;24572;231
20260304 070200;24572;24585;24564.75;24568.5;253
20260304 070300;24570.5;24576.25;24563.5;24569.5;156
20260304 070400;24571.75;24580.5;24569;24572.25;142
20260304 070500;24571;24583.75;24568;24568.75;160
20260304 070600;24568.5;24569;24551.5;24551.5;193
20260304 070700;24554.25;24564;24554.25;24564;70
20260304 070800;24564.25;24574;24563.5;24569.25;107
20260304 070900;24568.75;24576;24559.25;24571.25;131
20260304 071000;24569.75;24571.75;24565.75;24567;103
20260304 071100;24565.75;24566;24553.25;24554.75;112
20260304 071200;24553;24565.5;24553;24557.25;99
20260304 071300;24558.5;24558.75;24543.25;24544.25;124
20260304 071400;24545.25;24545.25;24537.5;24545.25;110
20260304 071500;24547.75;24553.75;24541.25;24543;117
20260304 071600;24540.75;24545.5;24535.5;24543;158
20260304 071700;24544.5;24565.25;24544.25;24565;171
20260304 071800;24564.25;24564.25;24554.25;24554.25;149
20260304 071900;24555.25;24558.75;24547.5;24547.5;122
20260304 072000;24547;24554.5;24543.5;24551.25;87
20260304 072100;24551;24563;24551;24558;129
20260304 072200;24559.75;24574.25;24558.75;24572.5;225
20260304 072300;24571.25;24576.5;24565;24571.25;79
20260304 072400;24569.75;24595;24569.75;24594.75;191
20260304 072500;24595.5;24606.25;24595.25;24602.25;281
20260304 072600;24603.25;24610.5;24600.25;24608;156
20260304 072700;24607.25;24614;24596;24601;158
20260304 072800;24603;24615.25;24602;24612.25;475
20260304 072900;24611.25;24611.5;24603.25;24605.5;148
20260304 073000;24606.75;24608.25;24601;24601;94
20260304 073100;24602.5;24607.25;24597.5;24602.75;179
20260304 073200;24600.5;24605.25;24598.25;24603.25;72
20260304 073300;24603.75;24620.25;24602.5;24618.25;218
20260304 073400;24618;24629;24615.5;24629;358
20260304 073500;24628.75;24633;24620.5;24627;221
20260304 073600;24625.75;24639;24624.5;24628;170
20260304 073700;24628.75;24635.25;24627;24628;104
20260304 073800;24630.5;24631.75;24620.25;24628.75;92
20260304 073900;24629.75;24636;24627;24633.5;117
20260304 074000;24632.25;24632.75;24622.5;24632;159
20260304 074100;24631.75;24654;24631.75;24649.5;582
20260304 074200;24648.75;24664;24647.75;24662;230
20260304 074300;24661.25;24665.5;24654.25;24659.5;179
20260304 074400;24659.25;24660.25;24652;24654.25;122
20260304 074500;24654.5;24663.25;24649.75;24656.25;160
20260304 074600;24655.75;24656;24642;24649.5;218
20260304 074700;24652;24663;24652;24661.5;103
20260304 074800;24660.25;24660.25;24649.75;24649.75;144
20260304 074900;24649.5;24654.5;24647.25;24653;128
20260304 075000;24654;24657;24649.25;24651;63
20260304 075100;24651.25;24662.25;24648.5;24660;140
20260304 075200;24659.25;24672.5;24659.25;24666.75;157
20260304 075300;24667.5;24677.75;24664.5;24673.25;158
20260304 075400;24670.75;24675.5;24667;24673.25;123
20260304 075500;24672.75;24674;24661.25;24663.25;117
20260304 075600;24664.75;24665.25;24653.25;24657;136
20260304 075700;24654.75;24666.25;24651;24659;145
20260304 075800;24660.75;24674.25;24656;24673;130
20260304 075900;24673;24673;24662.75;24664.75;114
20260304 080000;24662.5;24669.75;24655.5;24657;209
20260304 080100;24657;24665.25;24642.75;24657.5;562
20260304 080200;24658.25;24675.5;24658;24673.25;320
20260304 080300;24673.25;24675;24656.5;24671;221
20260304 080400;24670.25;24675;24641;24653.5;256
20260304 080500;24654;24654.75;24643.75;24649;128
20260304 080600;24648.75;24663;24638.25;24659.75;288
20260304 080700;24659;24674.5;24656.75;24668.5;231
20260304 080800;24668.75;24674.75;24659.5;24674;298
20260304 080900;24673;24674.5;24652.5;24663.75;420
20260304 081000;24662.75;24675.75;24658.25;24659.75;150
20260304 081100;24658.5;24663;24653.5;24658.5;200
20260304 081200;24658.75;24664.5;24643.75;24648.75;193
20260304 081300;24648.75;24652;24639;24641.5;189
20260304 081400;24641;24657.25;24635.75;24655.5;150
20260304 081500;24655.5;24673.5;24652;24669;258
20260304 081600;24669.75;24669.75;24647;24653;196
20260304 081700;24653;24673.25;24642;24668.75;158
20260304 081800;24669.75;24674.75;24662.25;24664.5;138
20260304 081900;24661.75;24675.75;24657.75;24675.25;172
20260304 082000;24675.5;24688.25;24667;24668.75;238
20260304 082100;24668.5;24668.75;24642;24644.25;228
20260304 082200;24644.25;24648.5;24626;24626.5;206
20260304 082300;24626;24641;24614;24638.5;305
20260304 082400;24640;24657.5;24634;24654.5;155
20260304 082500;24654;24662.25;24634.25;24635.25;163
20260304 082600;24633.75;24638.75;24622.75;24623.25;165
20260304 082700;24624;24630.5;24613.25;24616.5;121
20260304 082800;24614.25;24633.75;24611.5;24628.25;232
20260304 082900;24629;24637.75;24617.5;24636;198
20260304 083000;24638;24639.5;24624.75;24629.75;95
20260304 083100;24629.75;24650.25;24622.25;24647.5;238
20260304 083200;24649;24657;24646.5;24652.5;166
20260304 083300;24652.5;24657.25;24644.25;24648.5;99
20260304 083400;24649.25;24654.25;24646.25;24650.5;80
20260304 083500;24652.5;24653.75;24638;24650.25;152
20260304 083600;24649.25;24652;24640;24640;68
20260304 083700;24640.5;24655;24636.75;24652.25;71
20260304 083800;24649.75;24652.75;24641.5;24642;53
20260304 083900;24646;24646;24632.25;24634.75;117
20260304 084000;24636.75;24640.5;24623.75;24625.5;184
20260304 084100;24626.25;24631.25;24619.75;24626.5;197
20260304 084200;24625.25;24637;24620.25;24625.75;130
20260304 084300;24626.75;24655.25;24626.5;24649.75;189
20260304 084400;24649;24654.75;24642;24654.75;161
20260304 084500;24656;24668.5;24654.75;24664;145
20260304 084600;24667;24671.5;24659.25;24659.25;82
20260304 084700;24660;24661.5;24645.75;24650.25;140
20260304 084800;24649.5;24656.25;24643.5;24656.25;67
20260304 084900;24658.5;24671;24657.75;24669.25;119
20260304 085000;24669.25;24674.25;24663.25;24672;110
20260304 085100;24674.75;24678;24659.25;24664.25;152
20260304 085200;24664.25;24668;24653;24654.25;93
20260304 085300;24654.75;24658.25;24644.75;24651;105
20260304 085400;24654;24661.75;24650;24652.25;61
20260304 085500;24651.5;24664.75;24651.5;24662.5;80
20260304 085600;24660;24665.5;24647.75;24653.5;128
20260304 085700;24653.5;24657.5;24632.25;24636.5;176
20260304 085800;24637.25;24649;24633;24644.5;146
20260304 085900;24647;24652.5;24644;24649.25;98
20260304 090000;24647.75;24651.75;24643.75;24644;81
20260304 090100;24648.25;24656;24627;24628.25;220
20260304 090200;24630.5;24653;24629.75;24651.25;157
20260304 090300;24649.25;24662;24643.25;24660;220
20260304 090400;24658.5;24670;24653.75;24670;155
20260304 090500;24669.5;24672.75;24647.75;24653.75;271
20260304 090600;24654.75;24659;24641;24651.25;132
20260304 090700;24651;24652.25;24632.5;24651;120
20260304 090800;24647.75;24648;24622.75;24622.75;124
20260304 090900;24622.5;24644.75;24621;24640.25;214
20260304 091000;24642.5;24654;24642;24653.25;73
20260304 091100;24652.75;24657.5;24649;24657.5;78
20260304 091200;24658.5;24677.5;24658.5;24675.25;148
20260304 091300;24673.75;24676.25;24669;24671;87
20260304 091400;24673.5;24694;24673.5;24691.5;247
20260304 091500;24691.25;24708;24690.75;24693.25;429
20260304 091600;24692.5;24713.75;24685.5;24712.25;349
20260304 091700;24711.75;24712.25;24697;24700.25;160
20260304 091800;24698;24710.75;24697.5;24710.5;94
20260304 091900;24709.5;24720.75;24708;24716.25;289
20260304 092000;24715.5;24716.5;24693;24700;216
20260304 092100;24699.25;24711.5;24696;24710.5;141
20260304 092200;24709.25;24716;24696;24697;149
20260304 092300;24696.25;24705;24694.75;24696.25;125
20260304 092400;24696.75;24697.25;24691.75;24692.5;77
20260304 092500;24693.25;24711;24691.5;24709.75;136
20260304 092600;24711.25;24711.25;24700;24711;168
20260304 092700;24711;24711;24699.75;24702.75;72
20260304 092800;24700.5;24705.25;24695.75;24704.75;77
20260304 092900;24704.5;24706.5;24701;24704;79
20260304 093000;24702.75;24707.75;24700.75;24706.75;95
20260304 093100;24707.25;24717.5;24698.5;24716.5;163
20260304 093200;24715.5;24717;24701;24707.5;119
20260304 093300;24708.25;24709.75;24697.5;24700.5;112
20260304 093400;24699;24702.5;24694.75;24698.75;120
20260304 093500;24701.75;24715;24701.75;24713.75;176
20260304 093600;24713.75;24730.5;24711.5;24728;197
20260304 093700;24730.75;24734.75;24727.25;24732;170
20260304 093800;24729.25;24733.25;24715;24730.5;286
20260304 093900;24730.5;24734;24722;24727;116
20260304 094000;24728.5;24731.25;24703.5;24708.25;386
20260304 094100;24708.5;24713.25;24703;24708.25;151
20260304 094200;24706;24728.75;24703.25;24728.75;80
20260304 094300;24728.5;24741.75;24726.25;24738.5;280
20260304 094400;24739.25;24745.5;24735.5;24739.5;180
20260304 094500;24738;24740.75;24730;24734;140
20260304 094600;24733.5;24736.75;24728.25;24729.75;91
20260304 094700;24729.75;24735;24726.25;24731.75;109
20260304 094800;24730.75;24745;24726.25;24741.5;137
20260304 094900;24741.25;24755.25;24740.75;24753.5;364
20260304 095000;24751.5;24764.25;24749.5;24759.75;402
20260304 095100;24759.5;24767.75;24757;24767.75;287
20260304 095200;24766.25;24771.25;24763.75;24767.25;268
20260304 095300;24767;24770.25;24757.75;24762.75;166
20260304 095400;24761.75;24764;24751.75;24754.25;165
20260304 095500;24753;24756.25;24747;24753.5;226
20260304 095600;24754;24754.25;24739.5;24739.5;175
20260304 095700;24738;24743.5;24736.25;24739.5;166
20260304 095800;24739.25;24744;24738;24740.75;102
20260304 095900;24741.5;24756.75;24740.75;24755;107
20260304 100000;24755.75;24760.5;24754;24754.75;163
20260304 100100;24754.25;24756.25;24745.75;24746.5;203
20260304 100200;24747.25;24760.75;24747.25;24758.5;185
20260304 100300;24757;24762;24754;24759.25;63
20260304 100400;24755.25;24755.25;24745.75;24751;121
20260304 100500;24750.75;24753.75;24747;24750;100
20260304 100600;24749.75;24751;24736.75;24738.75;164
20260304 100700;24738.25;24746.5;24734.25;24745.75;162
20260304 100800;24746.5;24777;24745;24766;800
20260304 100900;24766.75;24812.5;24745;24805.5;1453
20260304 101000;24805.75;24837.25;24795.5;24822.25;1234
20260304 101100;24822.5;24849.75;24811.75;24844.25;867
20260304 101200;24844.5;24860;24828;24849.5;817
20260304 101300;24849;24857;24825.25;24827.25;526
20260304 101400;24825;24829;24815.75;24818.5;517
20260304 101500;24818.5;24853.5;24817.25;24850.25;365
20260304 101600;24851.25;24861;24841;24855;354
20260304 101700;24854.5;24854.5;24839;24850.75;369
20260304 101800;24849.25;24866.25;24846.25;24846.25;603
20260304 101900;24846;24846.75;24825;24828;382
20260304 102000;24827.5;24839.5;24823.75;24836.25;308
20260304 102100;24835;24840.25;24830;24833.5;444
20260304 102200;24833.75;24840;24825;24831;520
20260304 102300;24831.5;24860.5;24829.25;24853.75;294
20260304 102400;24852;24857.25;24843.25;24849.25;157
20260304 102500;24851.25;24851.25;24837;24840;281
20260304 102600;24840.25;24840.5;24801.75;24805;383
20260304 102700;24806;24808.25;24795.25;24800.75;269
20260304 102800;24798.5;24810;24797;24804;204
20260304 102900;24805.5;24814.75;24804.75;24809.75;150
20260304 103000;24807;24825.25;24805;24805.25;214
20260304 103100;24806;24822;24805.25;24813.75;206
20260304 103200;24813;24820;24811.5;24815.5;75
20260304 103300;24813.75;24829.5;24805.5;24825.75;174
20260304 103400;24825.5;24826;24809.75;24823;193
20260304 103500;24825;24833.75;24822.5;24829.25;178
20260304 103600;24830.25;24835;24826.25;24833.5;110
20260304 103700;24833.75;24845.25;24830.25;24845;179
20260304 103800;24844.75;24844.75;24819;24819;192
20260304 103900;24819.75;24828;24816;24822.5;104
20260304 104000;24823.75;24825.5;24814;24823.75;183
20260304 104100;24822.5;24824;24811.5;24816.5;101
20260304 104200;24817.25;24836;24817.25;24831.25;102
20260304 104300;24829.5;24841.25;24827;24835;149
20260304 104400;24835.5;24836.25;24824.75;24826.5;219
20260304 104500;24827.75;24837.5;24826.5;24832.75;116
20260304 104600;24833.25;24837.25;24824.75;24836.25;224
20260304 104700;24835.75;24845.5;24831.25;24841;194
20260304 104800;24841;24846.25;24832;24836;111
20260304 104900;24835.5;24846.25;24833;24833.75;128
20260304 105000;24833.25;24839.75;24818.75;24839.75;147
20260304 105100;24838;24846.5;24836.5;24840;122
20260304 105200;24841;24854.5;24837.5;24843.75;310
20260304 105300;24841.75;24843.75;24812.25;24817.5;200
20260304 105400;24820.25;24836;24817.25;24827.75;307
20260304 105500;24827.75;24836.25;24826.25;24831.5;153
20260304 105600;24830.5;24833.25;24823.25;24829.25;90
20260304 105700;24830.25;24832;24822.25;24825.5;108
20260304 105800;24824.5;24835.5;24824.5;24833.5;53
20260304 105900;24833.5;24838.5;24827.5;24832.75;106
20260304 110000;24830.75;24845.5;24827.75;24842.5;318
20260304 110100;24842.75;24854.5;24839.5;24846.25;333
20260304 110200;24844.25;24873;24842.25;24864.5;510
20260304 110300;24865.5;24871.5;24855.75;24870;322
20260304 110400;24868.75;24875;24864.25;24871.25;318
20260304 110500;24871;24873;24854.75;24856.5;238
20260304 110600;24855.5;24867.5;24850;24865;292
20260304 110700;24865;24866.25;24856.25;24856.75;174
20260304 110800;24855.5;24867.5;24853;24855.5;129
20260304 110900;24855.25;24855.75;24841;24846.25;316
20260304 111000;24847;24856;24839.5;24847.25;329
20260304 111100;24848.25;24853.75;24841;24846;249
20260304 111200;24847;24852.25;24843.5;24847.5;124
20260304 111300;24847;24848.25;24840.75;24846;51
20260304 111400;24846.25;24862.25;24846.25;24860;133
20260304 111500;24860.75;24869.25;24854.75;24859;230
20260304 111600;24860;24868.5;24855.75;24867.5;213
20260304 111700;24865;24875.75;24860.5;24874.75;265
20260304 111800;24875;24881;24871.5;24874.75;247
20260304 111900;24876.5;24876.5;24864.25;24871.75;186
20260304 112000;24872.25;24895;24872.25;24889;396
20260304 112100;24890;24894.5;24878.25;24891.5;321
20260304 112200;24889.75;24889.75;24873.75;24880.25;234
20260304 112300;24881;24892.25;24879.75;24892.25;187
20260304 112400;24892;24892;24874;24874.75;259
20260304 112500;24876.5;24879.25;24871.25;24878.25;145
20260304 112600;24877.25;24882;24868.75;24873;184
20260304 112700;24873.5;24879.25;24869;24875.75;119
20260304 112800;24874.75;24886.75;24870;24872.5;223
20260304 112900;24872.5;24877;24866;24866;170
20260304 113000;24867.5;24867.5;24860.5;24864;160
20260304 113100;24864.5;24865.75;24857.25;24862.5;193
20260304 113200;24862.75;24872.5;24860.25;24869.75;175
20260304 113300;24868.5;24869.5;24857.75;24859;119
20260304 113400;24858.5;24860.5;24841.5;24841.75;195
20260304 113500;24841.25;24848.75;24830.75;24842.5;338
20260304 113600;24843.5;24847.75;24837.5;24840.25;210
20260304 113700;24841.5;24844;24826.5;24828;225
20260304 113800;24827.75;24833.75;24826.25;24827.75;146
20260304 113900;24827;24839;24823.25;24835.5;151
20260304 114000;24836.25;24839;24826.5;24839;188
20260304 114100;24838.5;24845.25;24834.5;24837;185
20260304 114200;24837.25;24839.25;24822.75;24828;255
20260304 114300;24829.25;24830.75;24822;24825.75;91
20260304 114400;24825.25;24835.25;24825.25;24831.5;101
20260304 114500;24831.5;24832;24816.25;24817.5;131
20260304 114600;24815;24819.75;24806.5;24815.25;253
20260304 114700;24816.5;24831;24814.25;24829.75;224
20260304 114800;24829.5;24836.25;24828.25;24835.5;266
20260304 114900;24831.5;24834.5;24822.5;24824.5;121
20260304 115000;24824.75;24826.25;24811;24813.75;218
20260304 115100;24815.75;24816.5;24803.25;24810;280
20260304 115200;24809;24829.5;24803.75;24826.5;245
20260304 115300;24825;24829.25;24820.75;24821.25;264
20260304 115400;24820.75;24824.25;24818.75;24819.5;71
20260304 115500;24818.5;24826.5;24818.5;24819.25;76
20260304 115600;24817.75;24825.5;24817.5;24822.75;86
20260304 115700;24821.25;24823.5;24801.25;24803.25;271
20260304 115800;24802.25;24811.5;24801.25;24811.5;143
20260304 115900;24811.25;24817;24808.5;24811.5;200
20260304 120000;24812.25;24813.5;24804.75;24805.5;157
20260304 120100;24806.25;24820;24806.25;24810.25;309
20260304 120200;24810.75;24823.5;24810.75;24818.25;178
20260304 120300;24821;24826.25;24816.75;24824;194
20260304 120400;24823.75;24843.25;24820.5;24841;380
20260304 120500;24843;24844.25;24821.5;24821.5;323
20260304 120600;24821.5;24823.75;24805.75;24816.75;267
20260304 120700;24815.25;24828.5;24814.5;24823.25;189
20260304 120800;24824.5;24827;24817;24823;152
20260304 120900;24818;24832;24813.5;24827;174
20260304 121000;24828.25;24843.5;24804.25;24809.5;393
20260304 121100;24809.25;24815.75;24805.75;24805.75;169
20260304 121200;24806.75;24816;24805.75;24814.75;105
20260304 121300;24816.75;24821;24808;24815.5;155
20260304 121400;24817;24821.25;24811.25;24820.75;113
20260304 121500;24818.75;24828.5;24818.75;24828;145
20260304 121600;24829.5;24829.5;24816.25;24820;140
20260304 121700;24820;24821.5;24792;24800.25;303
20260304 121800;24800.5;24801.75;24784;24784.75;295
20260304 121900;24785.25;24790.25;24776.25;24782;433
20260304 122000;24781.75;24791.75;24773.75;24785.25;283
20260304 122100;24784.5;24784.75;24765.25;24772.5;311
20260304 122200;24774.25;24780;24768;24768.25;190
20260304 122300;24770.5;24788.5;24761;24776.25;844
20260304 122400;24778;24780.25;24764.5;24765.75;307
20260304 122500;24765;24770.75;24757.25;24767.25;213
20260304 122600;24766.25;24769.25;24747;24762.5;444
20260304 122700;24763.75;24765.5;24752;24760.5;227
20260304 122800;24763;24770.75;24759.5;24765.25;194
20260304 122900;24764.25;24764.25;24745;24754.5;330
20260304 123000;24753;24753.75;24728;24731.25;461
20260304 123100;24732.25;24748.25;24727.25;24728.25;452
20260304 123200;24728.25;24741.25;24720.5;24736.75;388
20260304 123300;24737;24740.5;24725.25;24735.75;230
20260304 123400;24737.5;24741.25;24729.25;24734;241
20260304 123500;24735;24751.75;24735;24745.25;300
20260304 123600;24743.25;24746.5;24730.5;24737.75;192
20260304 123700;24737.5;24759.75;24734.5;24754;311
20260304 123800;24753.5;24763.75;24751.5;24763;248
20260304 123900;24763.75;24766;24760.5;24765.5;278
20260304 124000;24764.5;24779.25;24763.25;24779.25;285
20260304 124100;24779.75;24786.5;24772;24775.5;351
20260304 124200;24775.75;24779.25;24764.25;24771.25;242
20260304 124300;24773.75;24776.75;24766.75;24776.25;109
20260304 124400;24777;24794.25;24774.25;24793;333
20260304 124500;24793.75;24793.75;24781.75;24783.75;130
20260304 124600;24782.25;24782.5;24764;24775;247
20260304 124700;24776.25;24778.5;24768.75;24773.25;108
20260304 124800;24773.25;24782.75;24765.75;24769.5;196
20260304 124900;24769;24775;24765.75;24772;145
20260304 125000;24769.5;24772.25;24765.5;24770.5;159
20260304 125100;24769.25;24775.75;24766.25;24770.5;127
20260304 125200;24770;24774.75;24767;24771.25;86
20260304 125300;24772;24772.25;24758.25;24759;165
20260304 125400;24760.25;24766.75;24758.25;24765.5;159
20260304 125500;24765.75;24768;24762.5;24763.75;135
20260304 125600;24764.25;24767.25;24760;24760.5;142
20260304 125700;24761.5;24780.5;24761.5;24776;241
20260304 125800;24777;24788;24777;24784.5;218
20260304 125900;24784.75;24800.5;24784.5;24798.5;330
20260304 130000;24798.75;24803.25;24793.5;24800.75;213
20260304 130100;24800.5;24816;24795.5;24812.25;511
20260304 130200;24813.5;24825;24807;24822.75;687
20260304 130300;24823.5;24824.5;24812.5;24823.5;371
20260304 130400;24823.75;24841.75;24823.75;24834.75;503
20260304 130500;24834.75;24841;24833;24839.25;357
20260304 130600;24838.75;24851.75;24833;24850;309
20260304 130700;24850.5;24874;24847.25;24868.5;638
20260304 130800;24869.5;24875;24855;24856.75;944
20260304 130900;24857.5;24878.5;24855.5;24873.25;437
20260304 131000;24873.75;24888.75;24866.25;24885;856
20260304 131100;24886.5;24930.25;24884.25;24902.5;1434
20260304 131200;24903;24913.25;24898.75;24906.75;452
20260304 131300;24907;24913.5;24902.25;24903.25;415
20260304 131400;24904.75;24910.75;24896.25;24903.5;483
20260304 131500;24904;24925;24902;24918;604
20260304 131600;24918;24926.75;24899.75;24901.25;504
20260304 131700;24901.25;24905;24893.25;24897.25;394
20260304 131800;24895.5;24897.5;24888;24891.25;334
20260304 131900;24892.25;24896.25;24887.25;24891.75;373
20260304 132000;24891.75;24893.25;24873.5;24886.25;599
20260304 132100;24884;24884.5;24868;24874.25;258
20260304 132200;24874.25;24887.75;24868.5;24878.5;682
20260304 132300;24879.75;24881.25;24873;24876;158
20260304 132400;24875;24879.25;24865;24866.75;208
20260304 132500;24866.25;24876.25;24863.25;24869.25;321
20260304 132600;24868.75;24883.25;24867.5;24870.75;234
20260304 132700;24869.75;24882;24868.75;24873.75;180
20260304 132800;24874.5;24886.25;24873;24880.75;267
20260304 132900;24881.25;24890.75;24878.5;24888;176
20260304 133000;24886.5;24891;24882;24882;570
20260304 133100;24882.75;24886.75;24874.75;24877.5;210
20260304 133200;24876.75;24879;24860.25;24875;784
20260304 133300;24875.25;24897.5;24873.5;24895.25;731
20260304 133400;24894.25;24899;24883.25;24886;302
20260304 133500;24885.5;24892.25;24881.5;24886;149
20260304 133600;24886.75;24887;24873;24873.5;219
20260304 133700;24874;24876;24863.5;24871.75;230
20260304 133800;24870.25;24877.25;24865.25;24873.5;659
20260304 133900;24875;24896;24875;24888.75;303
20260304 134000;24889.25;24892.75;24880.5;24890.75;176
20260304 134100;24890.25;24895.25;24877.25;24888.75;256
20260304 134200;24889.25;24908;24886.75;24899.75;442
20260304 134300;24898;24910.5;24889;24909.25;565
20260304 134400;24908.75;24925;24892.75;24917;1080
20260304 134500;24917;24918.5;24895.5;24904.25;312
20260304 134600;24902.75;24910;24900.5;24904.5;212
20260304 134700;24901.75;24904;24899.25;24903.5;75
20260304 134800;24903.25;24917.5;24901;24903.5;283
20260304 134900;24904;24907.5;24899;24906.25;155
20260304 135000;24905.75;24917.75;24905;24912;281
20260304 135100;24912.25;24915;24904.75;24909;332
20260304 135200;24909.75;24916.5;24905.25;24914;448
20260304 135300;24913;24913.25;24892;24894.25;503
20260304 135400;24894;24899.75;24886.75;24895.75;575
20260304 135500;24896.5;24900.25;24890;24891.75;555
20260304 135600;24890;24890;24875.5;24878.25;433
20260304 135700;24879.5;24918.25;24876.75;24904.5;883
20260304 135800;24906.75;24909;24881.75;24890.5;594
20260304 135900;24889.25;24897;24882.25;24884;225
20260304 140000;24883.75;24896.75;24883.25;24889.25;287
20260304 140100;24889.5;24891.5;24878.25;24882.5;550
20260304 140200;24880.75;24889.5;24879.75;24886.75;213
20260304 140300;24887.75;24893.75;24878.25;24884.25;298
20260304 140400;24884.5;24886.75;24874;24882.75;255
20260304 140500;24882.75;24894.25;24882.5;24887.75;201
20260304 140600;24889.25;24889.75;24878;24883.25;225
20260304 140700;24883.25;24902.5;24883;24902.5;551
20260304 140800;24903;24904.5;24886;24889.75;418
20260304 140900;24889.75;24895;24866;24871;350
20260304 141000;24870.5;24877.5;24870.5;24875.25;196
20260304 141100;24874;24877.75;24868.5;24875.25;224
20260304 141200;24875.5;24884.75;24875.5;24877.75;165
20260304 141300;24879;24892;24878.5;24892;199
20260304 141400;24892;24894;24882.5;24885;191
20260304 141500;24886;24897.25;24881.5;24897;197
20260304 141600;24896;24903.75;24895.25;24898.25;460
20260304 141700;24899.25;24900;24888.25;24895.75;338
20260304 141800;24895.5;24895.75;24881;24881.75;219
20260304 141900;24880.75;24898;24880.75;24896.5;350
20260304 142000;24898.5;24903.75;24895;24901.75;186
20260304 142100;24900.75;24911.5;24900.75;24911;374
20260304 142200;24910.75;24911;24897;24898.5;292
20260304 142300;24899.25;24905;24884.5;24884.5;496
20260304 142400;24885;24894.25;24885;24891.75;318
20260304 142500;24891;24894.75;24880.25;24880.25;256
20260304 142600;24880.75;24880.75;24866.75;24869.75;487
20260304 142700;24869.5;24873;24856;24857;430
20260304 142800;24857.25;24871;24854.5;24859;727
20260304 142900;24859.5;24866.75;24852.25;24858.25;638
20260304 143000;24859.25;24860;24846.5;24852.25;1052
20260304 143100;24853;24955.5;24837.25;24935;7320
20260304 143200;24933.75;24942.5;24901;24906.25;3756
20260304 143300;24906.25;24942;24903.5;24922;3284
20260304 143400;24924;24953.5;24919.25;24948.5;2559
20260304 143500;24947.75;24968.5;24932.25;24964.5;3139
20260304 143600;24964.5;24970.25;24889;24908.25;5011
20260304 143700;24908.75;24917.5;24869.25;24884;2852
20260304 143800;24884.5;24908.25;24871;24897.5;2346
20260304 143900;24898.25;24919;24879.5;24884.5;2288
20260304 144000;24884.5;24909.25;24881;24885;1959
20260304 144100;24886.75;24888;24852.75;24864;2230
20260304 144200;24864.75;24877.75;24844.25;24851;2252
20260304 144300;24850.5;24870;24840.75;24847.75;1835
20260304 144400;24848.75;24879;24845.75;24858;1705
20260304 144500;24858.25;24864.25;24843.25;24853.25;1232
20260304 144600;24849.25;24850.25;24826;24845.5;2828
20260304 144700;24845.75;24883.5;24844;24882.5;2491
20260304 144800;24880.5;24919.5;24871.25;24875;2603
20260304 144900;24874.5;24909.75;24869.75;24906.25;1644
20260304 145000;24906.75;24935.5;24888.75;24896.5;2240
20260304 145100;24896;24900;24865.5;24873.5;1532
20260304 145200;24873;24901.25;24871;24898.75;1387
20260304 145300;24899.75;24925.5;24889;24918.5;1601
20260304 145400;24920;24944;24917.75;24933;1757
20260304 145500;24931.5;24941;24912.25;24932;1637
20260304 145600;24932.75;24942;24902.25;24905.75;1757
20260304 145700;24907.5;24928;24905;24914;1138
20260304 145800;24914.75;24922.5;24908.5;24913.75;750
20260304 145900;24913.25;24920;24902.25;24904.75;766
20260304 150000;24904.25;24922.5;24895;24922.5;1067
20260304 150100;24919.25;24977;24919.25;24966.25;3854
20260304 150200;24967.5;24983.25;24960;24971.75;2272
20260304 150300;24971.5;24978;24946.75;24953.25;1972
20260304 150400;24956;24961;24896.25;24901;3140
20260304 150500;24901;24933.75;24891.5;24930.5;1926
20260304 150600;24930.75;24951.5;24927.25;24936.5;1981
20260304 150700;24938.25;24969.25;24922.5;24955.75;1756
20260304 150800;24954.75;24970.75;24944.25;24970.25;1121
20260304 150900;24970.75;24992.5;24967.25;24990.25;2366
20260304 151000;24990.25;25001.25;24984.25;24994.75;2000
20260304 151100;24995;25002;24988.5;25000.5;1547
20260304 151200;25000.75;25000.75;24963;24989.75;1596
20260304 151300;24989.75;25001.25;24984.5;24998;1230
20260304 151400;24997.5;25009.75;24993;25005;1503
20260304 151500;25006.5;25008;24957.5;24978.25;1780
20260304 151600;24978;24995.25;24973.75;24993;1486
20260304 151700;24994.25;25002.75;24984.25;24996.25;1177
20260304 151800;24996;25015;24989;25007.75;1622
20260304 151900;25007.75;25022;25005.75;25014.25;1394
20260304 152000;25013.25;25035.75;25009.75;25032.75;1580
20260304 152100;25033.5;25052.5;25022.25;25052.5;1959
20260304 152200;25052.25;25076.25;25051;25076;2991
20260304 152300;25076;25082;25063;25076;2202
20260304 152400;25076.25;25083;25069.25;25077.25;1854
20260304 152500;25077.25;25093.75;25067.25;25091;2301
20260304 152600;25090.75;25095;25074.75;25083;2112
20260304 152700;25082.75;25117;25079.75;25115.5;2927
20260304 152800;25115.25;25130.5;25112.25;25122.75;2555
20260304 152900;25123;25129.25;25117.5;25126.5;1539
20260304 153000;25125.75;25146.25;25125.75;25138.75;2934
20260304 153100;25139;25148.5;25125.5;25126.25;2846
20260304 153200;25126.25;25141.5;25119.25;25140.75;1750
20260304 153300;25140;25141.25;25127.75;25132.5;1168
20260304 153400;25132.75;25133.25;25117.25;25123;1376
20260304 153500;25123.25;25126.5;25112.5;25113.75;1142
20260304 153600;25113.75;25117.5;25098.25;25115.5;2105
20260304 153700;25114.25;25118.25;25102.25;25106.75;1195
20260304 153800;25106.5;25118.25;25104.5;25115.75;882
20260304 153900;25116.25;25129.5;25099.75;25103.5;1437
20260304 154000;25103;25103;25078.25;25082.25;2049
20260304 154100;25083;25096;25070.25;25075.75;1476
20260304 154200;25075.75;25081.75;25064.5;25071;1422
20260304 154300;25072.25;25080.75;25062;25068;1448
20260304 154400;25068.5;25080.5;25062;25066;1016
20260304 154500;25066;25069.75;25060.75;25061.5;936
20260304 154600;25062.25;25067;25038.25;25044.75;2180
20260304 154700;25046;25060.25;25043.5;25045.25;999
20260304 154800;25045.75;25059;25036.75;25054.5;1249
20260304 154900;25053.25;25057.25;25041.75;25054;1191
20260304 155000;25053.75;25067.75;25047;25060.5;1289
20260304 155100;25060.75;25079.75;25051.75;25076;1409
20260304 155200;25075.5;25087;25069;25082.25;1333
20260304 155300;25083.75;25083.75;25044;25047.75;1517
20260304 155400;25047.5;25065.75;25045.75;25065.75;895
20260304 155500;25066;25083.75;25065;25081;896
20260304 155600;25080.25;25104.5;25079.25;25097.5;1163
20260304 155700;25097.75;25110.25;25091.25;25102.75;916
20260304 155800;25102;25115.5;25097;25113.75;877
20260304 155900;25114.5;25129.25;25111.5;25126;1304
20260304 160000;25126.75;25132.5;25120.5;25127.5;1017
20260304 160100;25127.25;25142.75;25126.75;25138.75;1975
20260304 160200;25139.25;25147.5;25134.75;25144;1302
20260304 160300;25144;25158.25;25136.75;25145.75;1683
20260304 160400;25144.5;25158;25142.5;25152.75;1195
20260304 160500;25152.5;25153.25;25136.75;25139;921
20260304 160600;25139.5;25143;25106.5;25117;1943
20260304 160700;25117.25;25136.25;25113.75;25128.75;1587
20260304 160800;25129;25132.5;25122.5;25126.75;1226
20260304 160900;25125.75;25127;25112.25;25115;1167
20260304 161000;25115.25;25117.75;25105;25110;756
20260304 161100;25111.25;25114.5;25101;25101.5;968
20260304 161200;25101;25105.75;25090;25091.5;938
20260304 161300;25092;25092.25;25068.75;25070.25;1597
20260304 161400;25070.5;25074;25061;25068.25;1258
20260304 161500;25068.25;25079.25;25059;25070.25;1068
20260304 161600;25071;25076.5;25063.5;25075;1369
20260304 161700;25075;25094;25072.75;25089.25;1410
20260304 161800;25089.5;25090.5;25077.5;25081.25;713
20260304 161900;25079.75;25082.5;25058.75;25063;1101
20260304 162000;25062.25;25073.25;25052.25;25065.75;929
20260304 162100;25066.25;25085.75;25058.75;25078.75;1105
20260304 162200;25078.75;25090;25073.75;25083.25;811
20260304 162300;25083.25;25087.25;25065;25070.5;725
20260304 162400;25071.25;25073;25054.25;25068.5;948
20260304 162500;25068.25;25069.25;25051;25066.75;1024
20260304 162600;25066;25089.75;25059.5;25085.75;959
20260304 162700;25085.75;25103.5;25084.25;25100.75;1152
20260304 162800;25100;25121.25;25094;25119;1194
20260304 162900;25119.25;25119.25;25094.5;25109.25;950
20260304 163000;25109;25113.5;25096.75;25105.75;744
20260304 163100;25105.75;25115.25;25097.25;25107.75;1215
20260304 163200;25107.75;25121.75;25102.75;25119.5;664
20260304 163300;25119;25122.5;25109;25118.25;604
20260304 163400;25118.5;25128.75;25118.5;25128;731
20260304 163500;25127.75;25135.25;25118.75;25123;834
20260304 163600;25122.25;25136.5;25116.25;25127.75;1083
20260304 163700;25128;25139.75;25123.25;25137;1091
20260304 163800;25136.25;25137.25;25116.25;25119.25;881
20260304 163900;25118.25;25129;25098;25129;1235
20260304 164000;25128.5;25135.25;25112.5;25114.5;925
20260304 164100;25115.75;25142.75;25109;25139.75;1427
20260304 164200;25139;25153.5;25138;25153.5;1631
20260304 164300;25153.25;25164;25148.5;25159.5;1501
20260304 164400;25159.75;25168.5;25158;25161;1222
20260304 164500;25159.75;25167;25154;25159.75;1019
20260304 164600;25160;25167.5;25154.5;25165.25;983
20260304 164700;25164.25;25169.25;25160;25168.75;783
20260304 164800;25168.5;25170;25160;25160.5;918
20260304 164900;25160.25;25165.75;25147.75;25165.75;1373
20260304 165000;25165.5;25167.75;25161.25;25164.25;555
20260304 165100;25164.5;25165.5;25141.25;25145;1273
20260304 165200;25145.75;25147.5;25139.25;25142.5;600
20260304 165300;25142.75;25160;25140.5;25159.75;1121
20260304 165400;25160;25168.75;25159.5;25165.5;692
20260304 165500;25165.25;25170.5;25158.25;25159.5;854
20260304 165600;25160.5;25169.25;25155.75;25164.25;745
20260304 165700;25164.75;25164.75;25145;25149.75;820
20260304 165800;25148.75;25152;25141.75;25147.75;495
20260304 165900;25148.5;25156.5;25147;25151.25;389
20260304 170000;25151;25152;25140.25;25145.5;709
20260304 170100;25146.25;25147.75;25132.25;25146.75;955
20260304 170200;25146;25159;25145.75;25152;610
20260304 170300;25152.25;25158.5;25148.75;25158;556
20260304 170400;25157.75;25168;25156;25164;727
20260304 170500;25163.75;25168.25;25160;25167.25;627
20260304 170600;25167.5;25174.25;25165;25165.75;900
20260304 170700;25166.25;25169.25;25162.75;25166.25;521
20260304 170800;25166.5;25171.25;25158;25161.25;699
20260304 170900;25160.75;25165.5;25154.25;25163;570
20260304 171000;25162.5;25169;25157;25161.5;461
20260304 171100;25161.75;25169.25;25159.25;25165.25;459
20260304 171200;25164.5;25170.5;25157;25169;408
20260304 171300;25169;25169.25;25160;25165.5;436
20260304 171400;25166;25168;25161;25162.5;298
20260304 171500;25162;25164;25155.5;25156.5;399
20260304 171600;25156.25;25157;25147;25154;694
20260304 171700;25155;25159;25149.75;25155.5;484
20260304 171800;25154.25;25161;25152.5;25158.75;345
20260304 171900;25158.75;25159;25147.5;25154.25;395
20260304 172000;25153.25;25156.25;25148.25;25155;306
20260304 172100;25154.75;25164.25;25149.25;25151.5;531
20260304 172200;25151.25;25156.25;25145;25145.25;554
20260304 172300;25144.75;25146.25;25133;25139.25;986
20260304 172400;25139.5;25152.5;25139;25143.5;539
20260304 172500;25143;25153;25140.75;25152.5;426
20260304 172600;25152.25;25166;25149.75;25158.5;1090
20260304 172700;25158.75;25160.25;25151;25157;346
20260304 172800;25156;25156;25140.5;25140.5;508
20260304 172900;25141;25148.75;25139.25;25142.5;407
20260304 173000;25142.25;25142.25;25131;25133.5;657
20260304 173100;25132.75;25138.5;25124;25126.75;825
20260304 173200;25127.25;25129.25;25114.75;25123.5;1172
20260304 173300;25123.25;25124.25;25105;25109.75;802
20260304 173400;25111;25135.5;25106.5;25134.5;979
20260304 173500;25133.75;25146.5;25131.5;25139.5;910
20260304 173600;25140.25;25153.5;25139.75;25145;754
20260304 173700;25145;25157.5;25142;25153.25;698
20260304 173800;25152.5;25154;25140.75;25142.75;605
20260304 173900;25142.5;25152;25132.5;25152;1065
20260304 174000;25151.75;25167.75;25151;25164.75;871
20260304 174100;25165.5;25172.75;25162.5;25172.5;786
20260304 174200;25172.25;25173.5;25162;25167.5;449
20260304 174300;25167.75;25168;25153;25155;886
20260304 174400;25153.75;25156.25;25146.25;25156.25;540
20260304 174500;25155.5;25158.25;25148.5;25153.5;404
20260304 174600;25152.5;25161.75;25152.25;25158;430
20260304 174700;25157;25168.25;25156;25164.25;451
20260304 174800;25163.75;25170.5;25161.5;25169.75;451
20260304 174900;25170;25171;25164.25;25167.5;556
20260304 175000;25167.5;25168;25158;25161;497
20260304 175100;25161;25166.25;25157;25161;609
20260304 175200;25161.5;25168.25;25155.75;25156;397
20260304 175300;25156.25;25159;25150.25;25156.75;517
20260304 175400;25157.25;25180;25155.25;25177.25;1334
20260304 175500;25177.25;25181.5;25165.5;25174;1045
20260304 175600;25174.5;25174.5;25163.5;25166.5;585
20260304 175700;25166.5;25167.5;25153;25160.75;630
20260304 175800;25159.5;25162.25;25154.75;25160;432
20260304 175900;25160.5;25177.25;25160.5;25176.25;412
20260304 180000;25176.5;25176.75;25168.75;25168.75;395
20260304 180100;25170;25183;25166.5;25179.5;782
20260304 180200;25179.5;25179.5;25170;25172.25;491
20260304 180300;25172.5;25175;25164;25172.5;525
20260304 180400;25172.25;25173.5;25167.5;25171;310
20260304 180500;25171.25;25172.75;25163;25167;590
20260304 180600;25166;25173;25157.25;25166.25;670
20260304 180700;25166.5;25167.75;25158;25161.5;449
20260304 180800;25161.25;25180.5;25159.75;25180;492
20260304 180900;25180.25;25182;25174.5;25177.5;480
20260304 181000;25176.75;25179.75;25171.25;25172.5;404
20260304 181100;25173.5;25174.75;25166.75;25169;319
20260304 181200;25169.75;25170.25;25163.5;25167.25;396
20260304 181300;25169.5;25177.5;25169.5;25173.5;352
20260304 181400;25173.5;25176;25166.75;25172.25;410
20260304 181500;25173;25173.25;25158.5;25163.25;426
20260304 181600;25162.5;25164.75;25158.25;25159;331
20260304 181700;25159.75;25166.75;25155.5;25165.25;354
20260304 181800;25162.75;25165.75;25154.25;25161.75;376
20260304 181900;25162.25;25164.75;25156.25;25159.75;325
20260304 182000;25159;25160.75;25151.75;25152;479
20260304 182100;25152.25;25157.5;25140.5;25146.75;590
20260304 182200;25147;25154.5;25143.5;25152.5;431
20260304 182300;25152.5;25158.25;25146.5;25147.5;379
20260304 182400;25147.25;25157.75;25146;25157.75;272
20260304 182500;25158;25161;25144.5;25148;500
20260304 182600;25147.5;25154.5;25145;25145.25;385
20260304 182700;25145.75;25162.5;25144;25161.75;450
20260304 182800;25162;25169.75;25159.5;25168.75;634
20260304 182900;25168.75;25172.25;25164.75;25170;419
20260304 183000;25169.75;25174.75;25166.75;25171.75;717
20260304 183100;25172;25190.5;25170.5;25187;1123
20260304 183200;25186.5;25186.75;25177.5;25183.5;525
20260304 183300;25183.75;25202.5;25183.75;25199;1394
20260304 183400;25199.75;25203.75;25191.5;25196;1051
20260304 183500;25196.5;25197;25183;25185;950
20260304 183600;25185.25;25197.75;25183.25;25197.25;651
20260304 183700;25197.75;25200.25;25190.75;25195.75;603
20260304 183800;25195.5;25203.5;25195.5;25202.75;847
20260304 183900;25202;25202;25190.25;25199.25;480
20260304 184000;25199.75;25201;25193.75;25193.75;376
20260304 184100;25193.75;25201.5;25192.75;25200.25;263
20260304 184200;25200;25203.25;25196.5;25199.75;404
20260304 184300;25200;25209.25;25198.75;25208.5;825
20260304 184400;25208.75;25213.75;25204.75;25206.5;1007
20260304 184500;25206.75;25208.25;25199.25;25200.25;485
20260304 184600;25201;25207.75;25199.75;25202.25;615
20260304 184700;25202.75;25202.75;25186.75;25190.5;1010
20260304 184800;25188.75;25198.75;25183.75;25191.5;631
20260304 184900;25191.5;25195.5;25182;25193.25;495
20260304 185000;25193;25205.75;25191;25205.25;580
20260304 185100;25205.25;25209.5;25201.25;25208;621
20260304 185200;25208;25212.75;25206.75;25208.75;464
20260304 185300;25208.25;25212;25204.75;25208.5;391
20260304 185400;25209;25214.25;25206;25209.5;435
20260304 185500;25209;25210;25200;25201.25;684
20260304 185600;25201;25202.25;25191.25;25196.25;614
20260304 185700;25196.25;25196.75;25184.5;25187.75;600
20260304 185800;25187.25;25187.25;25179.5;25181.75;630
20260304 185900;25180.5;25191.25;25178.75;25183.5;619
20260304 190000;25183.5;25193.5;25181.5;25192.75;592
20260304 190100;25192.5;25198.25;25186.25;25190.5;657
20260304 190200;25191.25;25206.25;25189.75;25203.75;541
20260304 190300;25204.5;25207;25200.5;25204;425
20260304 190400;25204.25;25209.75;25202.75;25207.25;385
20260304 190500;25207.5;25211.25;25207;25208.75;413
20260304 190600;25208.75;25211;25199.75;25201;524
20260304 190700;25202;25205.5;25197.25;25202.75;413
20260304 190800;25202;25209.75;25202;25208;344
20260304 190900;25208.25;25210.25;25205.25;25207;599
20260304 191000;25207;25209.75;25203.75;25204.25;235
20260304 191100;25204.25;25217.75;25204.25;25207.25;991
20260304 191200;25207;25208.75;25202.25;25207.5;557
20260304 191300;25207.5;25211.5;25207.25;25209.75;438
20260304 191400;25209.25;25217;25206.25;25214.25;433
20260304 191500;25214.25;25215;25208;25209.75;500
20260304 191600;25209.5;25213.5;25207.5;25212;347
20260304 191700;25212.75;25212.75;25203.5;25208.75;382
20260304 191800;25208.75;25213.75;25206;25213;443
20260304 191900;25213;25216.25;25211.25;25213;383
20260304 192000;25213.5;25213.5;25206.75;25208;382
20260304 192100;25207.75;25210;25203.25;25205.5;371
20260304 192200;25205.5;25207.25;25203;25204;227
20260304 192300;25203.5;25204;25194;25196.75;473
20260304 192400;25197.25;25202.5;25196.5;25201;248
20260304 192500;25201.5;25207.75;25201.25;25205.5;316
20260304 192600;25205.5;25207.25;25200.5;25203.25;358
20260304 192700;25203.25;25203.25;25189.25;25191;724
20260304 192800;25191;25200;25189.5;25197.75;569
20260304 192900;25198.25;25201.25;25195.5;25200.25;238
20260304 193000;25200;25202.5;25193.25;25194.5;239
20260304 193100;25194.75;25200.5;25192.75;25198.25;431
20260304 193200;25198.25;25199.75;25195.25;25199.75;261
20260304 193300;25200;25201.75;25188.5;25189.75;431
20260304 193400;25189.75;25190.5;25184.5;25189.5;439
20260304 193500;25189.75;25189.75;25183.5;25187.25;302
20260304 193600;25187;25195.25;25185.25;25194;612
20260304 193700;25193.75;25195.5;25189;25190.25;276
20260304 193800;25191;25195.25;25187.75;25191.75;237
20260304 193900;25192;25198;25192;25195.75;249
20260304 194000;25195;25204.5;25194.75;25204;423
20260304 194100;25204.75;25206.5;25199;25201;432
20260304 194200;25201.25;25207;25200.5;25201.5;233
20260304 194300;25201.75;25203.5;25198.75;25200.5;222
20260304 194400;25201.75;25201.75;25187.5;25187.5;460
20260304 194500;25188.5;25193.25;25188;25191.25;327
20260304 194600;25191.25;25196.75;25189.25;25195.75;369
20260304 194700;25196;25196.75;25188;25188.25;265
20260304 194800;25187.25;25187.25;25180.25;25185;531
20260304 194900;25185.25;25196;25184.75;25193.5;440
20260304 195000;25193.5;25198;25191.5;25196.75;268
20260304 195100;25196.5;25201.75;25194.25;25199;433
20260304 195200;25198.5;25200.75;25193.25;25196.75;226
20260304 195300;25196.75;25197.75;25193;25197;216
20260304 195400;25197.25;25199.5;25193.75;25198;369
20260304 195500;25198.25;25199.25;25194.75;25195.5;216
20260304 195600;25195.25;25197.75;25189.25;25191.5;438
20260304 195700;25191.25;25191.5;25185.5;25186.25;351
20260304 195800;25186.5;25190.75;25185.5;25189.5;225
20260304 195900;25188.75;25194.75;25188;25192;269
20260304 200000;25192.25;25195.25;25186.25;25189;220
20260304 200100;25188.75;25195;25180;25181.75;562
20260304 200200;25182.25;25192.5;25181.75;25188.25;481
20260304 200300;25188.5;25192.75;25187;25190;236
20260304 200400;25190;25194.25;25187;25192.75;312
20260304 200500;25192.5;25193.5;25189.5;25191.5;223
20260304 200600;25191.5;25195.25;25185.25;25186;509
20260304 200700;25185.75;25187.5;25178.75;25182.5;414
20260304 200800;25182;25182.75;25163;25165.25;1035
20260304 200900;25165.5;25168.5;25161.75;25164.25;593
20260304 201000;25165;25169.25;25162;25168.25;416
20260304 201100;25168.5;25168.5;25151;25156.5;1095
20260304 201200;25156.25;25162.75;25152.75;25154;582
20260304 201300;25153.25;25156.25;25149.25;25155.25;646
20260304 201400;25154.5;25158.5;25148;25151.75;663
20260304 201500;25151.75;25153.75;25147.25;25150;471
20260304 201600;25150.25;25151;25135.5;25142;1269
20260304 201700;25142.75;25154.5;25141.5;25154.25;874
20260304 201800;25153.75;25155.25;25140.75;25148;895
20260304 201900;25147.75;25149.5;25140.25;25141.5;446
20260304 202000;25141.5;25145.25;25138.25;25139;420
20260304 202100;25139.25;25146;25136;25139;609
20260304 202200;25139;25140;25124.5;25127.5;962
20260304 202300;25127.25;25136.5;25125;25134.75;657
20260304 202400;25135;25138.75;25126;25126.25;666
20260304 202500;25125.75;25131.5;25124;25128.25;595
20260304 202600;25127.5;25141.75;25127.5;25135.5;779
20260304 202700;25135.5;25143.5;25134;25141;698
20260304 202800;25141.5;25145.75;25135.75;25144.25;615
20260304 202900;25144.25;25152;25141;25146.5;551
20260304 203000;25146.25;25153.25;25146;25151.25;522
20260304 203100;25150.75;25154.5;25145.75;25148.25;747
20260304 203200;25148;25149;25135.75;25142.25;704
20260304 203300;25143.25;25143.5;25136;25139.5;393
20260304 203400;25140;25146.5;25139.5;25143.5;424
20260304 203500;25143;25147.25;25139;25140.75;341
20260304 203600;25140.5;25147;25139;25143.25;318
20260304 203700;25143;25148.75;25142;25146.75;344
20260304 203800;25146.5;25157;25143.5;25156;496
20260304 203900;25156;25158.5;25147.75;25154.75;528
20260304 204000;25153.25;25153.5;25145.5;25147;352
20260304 204100;25147.75;25154.5;25143.75;25152.5;467
20260304 204200;25152.75;25157.75;25150;25154.75;445
20260304 204300;25154.75;25163.5;25152.75;25162.75;673
20260304 204400;25162.5;25166.75;25159.5;25163.75;442
20260304 204500;25163.75;25167.75;25163.5;25164.25;538
20260304 204600;25164.25;25165.75;25159;25164.25;665
20260304 204700;25165.25;25165.25;25152.75;25152.75;699
20260304 204800;25152.5;25160;25152;25153;699
20260304 204900;25152.5;25155.5;25149;25150.5;621
20260304 205000;25150;25151;25146.25;25149;439
20260304 205100;25149;25150;25113.5;25118.5;3215
20260304 205200;25117.75;25127;25115.5;25120.5;1232
20260304 205300;25120;25124.75;25115;25123.5;1046
20260304 205400;25123.5;25130;25120.25;25126.5;1101
20260304 205500;25126.5;25149.25;25125;25142.25;1793
20260304 205600;25142.25;25147;25133;25140.75;1594
20260304 205700;25140;25150;25133.75;25134.25;1448
20260304 205800;25134.25;25137.75;25129;25136.5;1218
20260304 205900;25136.75;25141;25134.75;25136;1575
20260304 210000;25136.25;25136.5;25121.5;25123.75;8941
20260304 210100;25123.75;25131.25;25102;25103;4006
20260304 210200;25103.5;25115.75;25102.75;25103;1476
20260304 210300;25103.75;25108.25;25092.5;25104.5;866
20260304 210400;25105.5;25108.5;25099.75;25103.25;671
20260304 210500;25103.25;25118.5;25101.5;25116.25;1057
20260304 210600;25116;25129;25115;25128.75;799
20260304 210700;25128;25129.5;25120.25;25127.75;606
20260304 210800;25127;25136.75;25125.5;25130.25;704
20260304 210900;25129.75;25148;25125;25146.75;536
20260304 211000;25147;25147.5;25138.5;25141;553
20260304 211100;25141.25;25145.25;25137.5;25138.75;478
20260304 211200;25138.5;25144.75;25137;25137.5;471
20260304 211300;25139.25;25145;25139.25;25142;350
20260304 211400;25141.5;25150;25140.75;25147.75;292
20260304 211500;25147.5;25156.25;25146.5;25151.25;611
20260304 211600;25151.5;25163.25;25114;25138.75;2017
20260304 211700;25138.25;25146.5;25128.75;25145.75;399
20260304 211800;25145.75;25162.5;25142.25;25154.5;402
20260304 211900;25153.5;25153.5;25140.25;25140.25;201
20260304 212000;25140.5;25148.75;25139.5;25145;155
20260304 212100;25145.75;25148.75;25133.25;25134.75;145
20260304 212200;25134.25;25136;25128.25;25130;142
20260304 212300;25130.5;25130.5;25120.5;25128.25;237
20260304 212400;25128.5;25129.75;25121.25;25122;141
20260304 212500;25122.25;25133.75;25122.25;25132;140
20260304 212600;25132.5;25139.5;25131.25;25135.25;170
20260304 212700;25135;25136.5;25130.75;25136;70
20260304 212800;25136.75;25140.5;25135.25;25140.25;93
20260304 212900;25140;25140.25;25135.5;25137.75;87
20260304 213000;25137;25141.25;25136.75;25139.25;72
20260304 213100;25139.5;25143.5;25136.25;25143.5;108
20260304 213200;25143.5;25143.5;25138;25140.25;113
20260304 213300;25141.5;25145;25141;25141;106
20260304 213400;25140.5;25140.5;25136;25137;57
20260304 213500;25137;25139.75;25133;25133;71
20260304 213600;25133;25137;25132;25136.5;103
20260304 213700;25136.25;25139;25136;25137.5;46
20260304 213800;25136;25139;25134.75;25138.5;56
20260304 213900;25138.5;25139.75;25133.75;25134.25;139
20260304 214000;25134.25;25137;25131.5;25131.5;49
20260304 214100;25132.25;25135.25;25130.5;25131.75;81
20260304 214200;25131.5;25133.25;25130;25132.5;78
20260304 214300;25132.75;25138;25132.25;25137;81
20260304 214400;25137.5;25137.5;25134.75;25136.75;28
20260304 214500;25136.25;25137;25134.5;25136.5;46
20260304 214600;25136.25;25138.75;25134.75;25137.25;78
20260304 214700;25138.25;25142.25;25138.25;25139;88
20260304 214800;25138.25;25139;25136.75;25138;42
20260304 214900;25137.5;25142.75;25136.75;25142.25;37
20260304 215000;25143.75;25144.25;25138.75;25140;50
20260304 215100;25139.75;25142;25138.5;25142;66
20260304 215200;25143.5;25146.25;25142.5;25145.25;65
20260304 215300;25144.75;25151;25144.75;25150.5;101
20260304 215400;25150.25;25153.25;25149.5;25151.75;111
20260304 215500;25150.5;25153.5;25145.25;25146.75;203
20260304 215600;25146.5;25147;25138;25138.25;109
20260304 215700;25138.75;25138.75;25132;25133;209
20260304 215800;25132.75;25132.75;25127.75;25130.75;141
20260304 215900;25130.25;25133.5;25129.25;25132.25;81
20260304 220000;25131.75;25142.25;25130.75;25138;177
20260304 230100;25156.5;25171.25;25140.25;25150.25;528
20260304 230200;25153.75;25158.75;25142.75;25146.75;219
20260304 230300;25149;25154.5;25140;25149;197
20260304 230400;25152.25;25164;25152.25;25152.75;132
20260304 230500;25156;25158.25;25149.25;25149.75;124
20260304 230600;25154;25163.75;25150.25;25163;107
20260304 230700;25161.75;25167.5;25158.25;25163;169
20260304 230800;25162;25168.25;25161.75;25162.5;86
20260304 230900;25161.25;25171;25161.25;25169.5;54
20260304 231000;25170;25170.75;25167.25;25169.5;76
20260304 231100;25169.5;25176;25168.75;25175;179
20260304 231200;25174.25;25177.25;25171;25177;125
20260304 231300;25175.75;25177;25171.5;25175.75;75
20260304 231400;25175.25;25177;25172;25175;59
20260304 231500;25173.5;25175.25;25170;25171.5;64
20260304 231600;25170.5;25172.5;25167.5;25171;185
20260304 231700;25169.5;25171.25;25167.5;25170;56
20260304 231800;25169.75;25171;25166;25166.75;61
20260304 231900;25166.25;25166.25;25158.75;25162;130
20260304 232000;25161;25161.75;25150.25;25155.25;165
20260304 232100;25153;25155.5;25143.5;25147.25;164
20260304 232200;25146;25154;25146;25151.75;95
20260304 232300;25150.75;25159.5;25150.25;25155;61
20260304 232400;25157.75;25159;25150.75;25155.5;72
20260304 232500;25154.75;25154.75;25149.5;25153.25;46
20260304 232600;25151.5;25157.75;25151;25157.25;40
20260304 232700;25156.75;25159;25152;25152.5;58
20260304 232800;25153.5;25156.75;25150.5;25153.25;41
20260304 232900;25152.75;25155.25;25148;25151.75;96
20260304 233000;25152.75;25157.75;25150.75;25151.5;118
20260304 233100;25152;25156;25148.75;25150.75;55
20260304 233200;25151;25156.75;25151;25153.25;42
20260304 233300;25152.25;25152.75;25147;25151.25;61
20260304 233400;25152;25152.25;25145;25151.25;75
20260304 233500;25152.5;25153.5;25146;25148.5;76
20260304 233600;25147.25;25150;25145;25146.5;52
20260304 233700;25148.25;25158.25;25147;25158.25;102
20260304 233800;25157.75;25158;25153.75;25154;49
20260304 233900;25155;25155;25149;25150;22
20260304 234000;25151.5;25154;25151.5;25153.25;15
20260304 234100;25153;25157.25;25152;25155.5;61
20260304 234200;25157.25;25162.25;25154.75;25159.75;97
20260304 234300;25161.5;25165.75;25160;25163;138
20260304 234400;25163;25174.75;25162;25172.75;185
20260304 234500;25172.75;25185;25172.5;25180;300
20260304 234600;25180.25;25183.25;25177.5;25181.25;141
20260304 234700;25180.5;25190.75;25179;25189.75;219
20260304 234800;25189.5;25190;25182.75;25185.25;163
20260304 234900;25184;25187;25178.25;25180.5;154
20260304 235000;25180.75;25180.75;25179.25;25179.25;41
20260304 235100;25180;25180;25173;25176;192
20260304 235200;25174.5;25177.5;25173;25177;64
20260304 235300;25176.5;25178.5;25175;25178;57
20260304 235400;25176.75;25176.75;25170.5;25173.25;76
20260304 235500;25172.5;25173.75;25169.5;25171.25;69
20260304 235600;25171.5;25172.5;25166.75;25168;76
20260304 235700;25166.75;25172.25;25166;25168.5;104
20260304 235800;25169;25171.5;25168.5;25169.5;32
20260304 235900;25168.75;25172.5;25168.5;25172.5;28
20260305 000000;25171.5;25176.25;25170;25171.75;232
20260305 000100;25171;25175;25165;25171.25;120
20260305 000200;25170;25170;25163;25167;101
20260305 000300;25166.75;25167.25;25163.25;25164.25;77
20260305 000400;25164.5;25167.75;25160.25;25166.75;105
20260305 000500;25167;25180;25166.75;25178.25;181
20260305 000600;25178;25188.75;25178;25185.25;175
20260305 000700;25184.75;25190;25180.75;25185.25;161
20260305 000800;25184;25192.5;25183.5;25187.75;150
20260305 000900;25188;25191.75;25187.75;25190.25;79
20260305 001000;25190.75;25191;25185;25189.5;71
20260305 001100;25189.25;25194.5;25182.75;25183.5;158
20260305 001200;25183.75;25190.5;25182.75;25186;164
20260305 001300;25185;25188.75;25183.75;25186.5;99
20260305 001400;25185.5;25198;25185;25195;150
20260305 001500;25195.25;25203.5;25193.75;25198.75;250
20260305 001600;25200;25233.75;25198.75;25232;916
20260305 001700;25231.75;25234.25;25219;25233.25;340
20260305 001800;25233.75;25250;25231.25;25235;522
20260305 001900;25235;25243.75;25233.25;25241;383
20260305 002000;25241;25241;25225.5;25228.75;291
20260305 002100;25228.5;25231.75;25225;25229.25;140
20260305 002200;25228.5;25228.75;25218.5;25222.75;178
20260305 002300;25221.5;25227.75;25221.25;25226;106
20260305 002400;25225.5;25226.75;25218.25;25222.75;75
20260305 002500;25221.5;25222;25214.5;25217.5;171
20260305 002600;25215.75;25218.75;25204.5;25211;329
20260305 002700;25209.5;25214.75;25207.25;25211.25;196
20260305 002800;25210.5;25212.25;25208;25209.25;73
20260305 002900;25210.5;25218.25;25204;25217.75;190
20260305 003000;25217.75;25220;25211;25212.25;154
20260305 003100;25213;25213.75;25207.75;25212;215
20260305 003200;25212.25;25212.5;25202;25208;184
20260305 003300;25208.25;25212;25208;25211.5;69
20260305 003400;25210.25;25218;25210;25217.25;159
20260305 003500;25215.25;25217.75;25205.75;25208.25;128
20260305 003600;25209.25;25209.5;25205;25205;83
20260305 003700;25205.25;25214.25;25202.5;25210.25;143
20260305 003800;25210.5;25216.5;25206.75;25213;108
20260305 003900;25213.75;25219;25210.75;25214;131
20260305 004000;25212.75;25217.75;25212;25217.5;86
20260305 004100;25218.5;25223.75;25217.25;25221.75;121
20260305 004200;25220.75;25228.25;25219;25226.75;143
20260305 004300;25226.5;25228.75;25220.75;25223;187
20260305 004400;25223.25;25225.5;25206.25;25207;238
20260305 004500;25208.75;25214;25206.75;25211.75;120
20260305 004600;25213;25219;25209.5;25215.25;99
20260305 004700;25217;25218.25;25209.75;25212;79
20260305 004800;25211.75;25213;25207.75;25210.25;44
20260305 004900;25210;25215.25;25209.5;25212;114
20260305 005000;25213;25218;25213;25214;67
20260305 005100;25214;25217;25212.75;25216;49
20260305 005200;25218;25221;25210.5;25210.5;104
20260305 005300;25210.75;25216.75;25210.25;25211;112
20260305 005400;25210.25;25213.25;25209;25212;73
20260305 005500;25211.25;25211.25;25198.5;25202.25;341
20260305 005600;25202.5;25209;25202.25;25203.75;51
20260305 005700;25202.25;25205.75;25199.5;25205.75;77
20260305 005800;25205.5;25210.5;25204;25208;83
20260305 005900;25207;25212.5;25207;25208;62
20260305 010000;25207.5;25211.5;25207;25208.25;62
20260305 010100;25209.75;25212;25205.5;25210.25;100
20260305 010200;25210.5;25215.25;25204.5;25207.75;120
20260305 010300;25205.5;25207;25195.25;25201.25;168
20260305 010400;25202.5;25204.5;25198;25202.75;150
20260305 010500;25203;25208.5;25200.5;25202.25;135
20260305 010600;25201.75;25208.5;25201.75;25207.25;66
20260305 010700;25208.5;25213;25204.25;25212;128
20260305 010800;25211.25;25217.5;25209;25211;125
20260305 010900;25211.25;25214.25;25207.25;25209.5;102
20260305 011000;25210;25213.75;25199.75;25200.75;102
20260305 011100;25201.75;25206.25;25195.75;25198.75;210
20260305 011200;25199.25;25202.25;25184.5;25193.75;200
20260305 011300;25195.5;25201.75;25194;25195.5;150
20260305 011400;25194.75;25203.25;25194.75;25202.5;96
20260305 011500;25202.5;25204.25;25192.5;25197.25;87
20260305 011600;25196.25;25197.5;25187.75;25188.25;128
20260305 011700;25189;25193.5;25169;25175;447
20260305 011800;25172.75;25176.5;25157.25;25159;408
20260305 011900;25159;25169.25;25155.5;25162.75;330
20260305 012000;25162;25164.75;25147.5;25151.5;376
20260305 012100;25152.25;25152.5;25142;25149.5;245
20260305 012200;25150.75;25153;25134.25;25139.25;359
20260305 012300;25140.75;25157.25;25140.75;25154.5;252
20260305 012400;25153;25163;25146;25161;221
20260305 012500;25161.5;25166.25;25152.5;25162;269
20260305 012600;25162.75;25173.25;25162.5;25168.25;225
20260305 012700;25169;25172.25;25155.75;25158.25;259
20260305 012800;25159.75;25160.25;25151;25154.75;183
20260305 012900;25153;25156;25150;25153.25;85
20260305 013000;25152;25152;25139.75;25140.75;190
20260305 013100;25140;25149.75;25138.25;25146.25;323
20260305 013200;25145;25145.5;25135.5;25143;247
20260305 013300;25142.75;25150.25;25138;25142.25;222
20260305 013400;25142.75;25145.75;25140.5;25143;81
20260305 013500;25143.5;25146.25;25141;25142.5;82
20260305 013600;25141.75;25148.25;25141;25144.25;188
20260305 013700;25144.25;25146.25;25140.5;25144;114
20260305 013800;25145.75;25147.5;25136.75;25146;216
20260305 013900;25146.25;25167.75;25146;25158.5;623
20260305 014000;25159.75;25167.5;25151;25164;487
20260305 014100;25164;25174.75;25161.75;25171.75;354
20260305 014200;25171;25171;25137.5;25139;464
20260305 014300;25139;25142.25;25081.75;25085.25;1097
20260305 014400;25086;25104;25084;25101.25;592
20260305 014500;25100;25105.25;25072;25086;629
20260305 014600;25087.25;25096.75;25079.5;25089.75;290
20260305 014700;25091;25103.75;25091;25098;266
20260305 014800;25095.75;25117.25;25095.25;25112.5;445
20260305 014900;25115;25121.5;25102.75;25103.75;321
20260305 015000;25104.75;25112;25095.75;25097.75;317
20260305 015100;25100;25101;25089;25091.75;230
20260305 015200;25092;25095;25067;25069.25;366
20260305 015300;25070;25073.25;25063.75;25064.75;354
20260305 015400;25066.5;25069;25062;25065.5;313
20260305 015500;25066.75;25071.5;25064;25067.75;185
20260305 015600;25066.25;25069.5;25050.25;25056;375
20260305 015700;25055.25;25056.75;25045.25;25050;348
20260305 015800;25050.5;25070.25;25044;25069;513
20260305 015900;25068.5;25076;25066.75;25073.5;277
20260305 020000;25073.75;25077.5;25066.25;25071;219
20260305 020100;25070.75;25085.5;25060.25;25078;450
20260305 020200;25079.75;25084.75;25072.75;25079;172
20260305 020300;25080.25;25085;25074.75;25082.75;158
20260305 020400;25084.75;25085.5;25077.75;25077.75;106
20260305 020500;25076.5;25086.25;25076.25;25082.25;141
20260305 020600;25083.25;25087.25;25081.5;25085.25;112
20260305 020700;25083.75;25088;25076;25077.75;99
20260305 020800;25080.75;25086.5;25073;25073.75;147
20260305 020900;25076.75;25086.25;25076.25;25082.5;96
20260305 021000;25081.75;25088.75;25078;25083.25;129
20260305 021100;25084.25;25093.5;25083.5;25090.25;126
20260305 021200;25090;25090.25;25081.75;25085;125
20260305 021300;25082;25083.5;25073;25076.25;156
20260305 021400;25075.25;25093;25075.25;25093;124
20260305 021500;25094;25095;25085;25085.25;88
20260305 021600;25083.75;25087.75;25079.75;25084.5;68
20260305 021700;25083.75;25094;25083.5;25089;70
20260305 021800;25089;25090.25;25079;25082.5;75
20260305 021900;25085;25086.75;25081.25;25085.75;50
20260305 022000;25087.25;25093.25;25079.25;25079.25;97
20260305 022100;25080;25081.25;25073.5;25076;125
20260305 022200;25074;25084;25070.75;25075;210
20260305 022300;25075;25081.5;25073;25074.75;123
20260305 022400;25072.5;25074.25;25065;25067;181
20260305 022500;25067.5;25069;25059;25063.75;182
20260305 022600;25063;25073;25062.5;25069;124
20260305 022700;25068.75;25075.25;25067;25074.75;80
20260305 022800;25073;25073;25065;25068;102
20260305 022900;25067.75;25069.5;25056.5;25062.25;132
20260305 023000;25062.5;25070.5;25061;25068;86
20260305 023100;25070;25071.5;25054.75;25064.5;109
20260305 023200;25063.25;25063.25;25050;25060;168
20260305 023300;25058.75;25063.75;25053.75;25057;98
20260305 023400;25057.5;25066;25056.5;25060.25;69
20260305 023500;25062.25;25062.75;25056.75;25062.25;95
20260305 023600;25062.25;25079.25;25061;25072.5;258
20260305 023700;25070.5;25079.75;25070.5;25079.25;108
20260305 023800;25080;25089;25077.5;25087.5;215
20260305 023900;25086.5;25088;25081.75;25083.75;96
20260305 024000;25084.5;25088.5;25083.5;25088.5;56
20260305 024100;25087.25;25089.75;25075.75;25081;199
20260305 024200;25082.25;25085.5;25080.25;25081.5;52
20260305 024300;25081.25;25084.75;25078.75;25081.5;81
20260305 024400;25081.5;25094.75;25080;25092.75;186
20260305 024500;25092.5;25094;25083;25087.25;110
20260305 024600;25087;25092;25082;25090.5;73
20260305 024700;25091;25100.5;25089;25099;165
20260305 024800;25098.5;25105;25098.25;25102.75;217
20260305 024900;25101.75;25103;25091;25092.5;119
20260305 025000;25092.25;25105.25;25092;25104.5;149
20260305 025100;25105.25;25125.5;25104.75;25113.25;483
20260305 025200;25113.5;25115.75;25103.75;25114.25;158
20260305 025300;25113.5;25118.5;25105.5;25105.5;146
20260305 025400;25105.25;25107.5;25096;25098.75;146
20260305 025500;25099.25;25099.25;25091.25;25091.5;123
20260305 025600;25092;25095;25083;25085.5;191
20260305 025700;25086;25087.75;25079.75;25081;154
20260305 025800;25082.5;25092.25;25078;25087.25;133
20260305 025900;25087.5;25090.25;25086;25088;66
20260305 030000;25087.75;25091.25;25084.5;25091.25;62
20260305 030100;25090.75;25094.25;25086.5;25094.25;86
20260305 030200;25093.25;25101.5;25084.75;25089.5;161
20260305 030300;25090;25091.25;25082.5;25083;59
20260305 030400;25081.75;25089.25;25074.5;25078.5;154
20260305 030500;25079.5;25086.5;25079.5;25086;40
20260305 030600;25086.25;25094.5;25083.25;25092.75;124
20260305 030700;25091.5;25097.25;25088.5;25090.75;58
20260305 030800;25091.5;25099;25089.25;25097.25;60
20260305 030900;25098;25100.5;25094;25098.5;60
20260305 031000;25097.5;25098;25093;25096.25;52
20260305 031100;25093.5;25093.75;25080;25082.5;136
20260305 031200;25080;25084;25079;25083.75;79
20260305 031300;25084.5;25091.5;25083.5;25090.25;123
20260305 031400;25091;25096.25;25078.75;25079.5;156
20260305 031500;25079.25;25081;25076;25078.5;82
20260305 031600;25079.75;25085.5;25075.5;25084.5;79
20260305 031700;25086;25086.5;25080.25;25084.25;35
20260305 031800;25082.75;25082.75;25075.5;25075.5;74
20260305 031900;25077.25;25080;25072.75;25073;124
20260305 032000;25072.5;25072.5;25066;25067;160
20260305 032100;25068.5;25068.5;25061.25;25068;135
20260305 032200;25067.75;25070.75;25062.5;25066.75;118
20260305 032300;25066;25070.25;25055.75;25064.75;181
20260305 032400;25063.75;25063.75;25057;25060.75;120
20260305 032500;25059.75;25066.5;25059.75;25061;62
20260305 032600;25062;25063.75;25058;25062.5;85
20260305 032700;25061.5;25067.25;25060;25065;87
20260305 032800;25066.75;25071;25056.25;25057;153
20260305 032900;25055;25056;25042.25;25042.25;251
20260305 033000;25042.75;25048.25;25029.75;25047.5;392
20260305 033100;25048.5;25049.75;25025.5;25027.5;360
20260305 033200;25027;25034.75;25025.25;25026.5;191
20260305 033300;25026.25;25046.75;25025.75;25044.5;300
20260305 033400;25044.5;25046.5;25038.5;25044;170
20260305 033500;25044.25;25049.5;25040;25045.25;147
20260305 033600;25043.25;25045.75;25035.5;25035.75;144
20260305 033700;25035.25;25047.25;25029.75;25047.25;305
20260305 033800;25046.75;25053.5;25043.75;25049.25;250
20260305 033900;25050;25052.5;25039.75;25040.5;176
20260305 034000;25041;25051.25;25032.25;25047.25;185
20260305 034100;25048.25;25060;25048.25;25056.5;189
20260305 034200;25055.5;25062;25055.25;25059.25;81
20260305 034300;25059.25;25059.25;25048.5;25050.75;109
20260305 034400;25049.75;25052;25038.5;25043.5;192
20260305 034500;25043.75;25048.75;25039.5;25041.25;110
20260305 034600;25040;25043;25034;25034.5;143
20260305 034700;25035.25;25043.25;25035.25;25037.25;112
20260305 034800;25036.5;25041.25;25035.25;25038.75;42
20260305 034900;25036.75;25040.5;25035;25036.75;68
20260305 035000;25036.75;25041.5;25034;25038.5;78
20260305 035100;25040;25041.75;25035.75;25037.75;75
20260305 035200;25038.25;25043.25;25036;25039.25;45
20260305 035300;25042;25042.25;25031.75;25034.75;119
20260305 035400;25034.5;25045;25030.5;25044.25;147
20260305 035500;25045;25065.25;25045;25061;344
20260305 035600;25062;25070.75;25060.5;25068;176
20260305 035700;25069.25;25069.25;25059.75;25062.75;121
20260305 035800;25060.25;25062.25;25043;25043;150
20260305 035900;25043.75;25048;25042.25;25044.25;130
20260305 040000;25044;25051.25;25044;25048.25;62
20260305 040100;25046.75;25053.25;25043.75;25044.5;105
20260305 040200;25042.5;25044.25;25033.25;25035;112
20260305 040300;25034;25037.75;25031.75;25035.5;79
20260305 040400;25036;25043.25;25035;25039.75;80
20260305 040500;25039.5;25045.75;25035.25;25043.75;134
20260305 040600;25042.25;25061.5;25041.75;25061;214
20260305 040700;25060;25069.75;25057;25063.5;216
20260305 040800;25062.75;25064.75;25059.5;25062.5;65
20260305 040900;25065.75;25074.75;25063.5;25073;155
20260305 041000;25073.25;25074.75;25064.75;25071.75;111
20260305 041100;25071.25;25076.75;25066.5;25073.75;155
20260305 041200;25074.25;25081.75;25073.75;25077;164
20260305 041300;25076;25083.75;25071.75;25072.75;127
20260305 041400;25073;25074.75;25068;25069.75;106
20260305 041500;25070;25080.5;25068.25;25073.75;70
20260305 041600;25074.5;25077.5;25070;25075;74
20260305 041700;25075;25075.5;25067.25;25069.5;99
20260305 041800;25070.5;25075.5;25068.25;25069.25;59
20260305 041900;25069.75;25073;25066.75;25070.75;58
20260305 042000;25071.5;25080.5;25071.5;25080.5;40
20260305 042100;25080.5;25080.5;25072;25079.5;66
20260305 042200;25080.25;25084.25;25078;25081;86
20260305 042300;25082.75;25087.75;25079;25085.75;85
20260305 042400;25085.5;25087.75;25083.25;25084.75;119
20260305 042500;25084.5;25086.75;25081.75;25084.75;49
20260305 042600;25084.75;25084.75;25078.25;25082.75;58
20260305 042700;25082.5;25085.75;25077;25081.5;99
20260305 042800;25081.75;25086.5;25079.25;25086;49
20260305 042900;25085.5;25088.25;25083.25;25088.25;81
20260305 043000;25085.75;25088.75;25082.25;25088.75;36
20260305 043100;25088.75;25089.75;25084.5;25085.25;81
20260305 043200;25087.25;25088;25080;25083.5;68
20260305 043300;25082.5;25085.5;25081;25084.5;23
20260305 043400;25084.25;25084.5;25077.75;25080.25;58
20260305 043500;25080.5;25080.5;25066.75;25070.25;129
20260305 043600;25070.5;25079.25;25069.25;25078.25;74
20260305 043700;25080;25094.25;25080;25093.5;200
20260305 043800;25093;25095.75;25084;25084;114
20260305 043900;25085;25092.25;25085;25088;58
20260305 044000;25089.5;25090.75;25086.5;25088.75;38
20260305 044100;25088.25;25090.5;25087;25089.25;45
20260305 044200;25090;25090.5;25087.25;25089.25;19
20260305 044300;25089;25089.5;25086;25089.5;38
20260305 044400;25089.25;25090.25;25084;25085.75;46
20260305 044500;25085.75;25087;25081.25;25082.25;80
20260305 044600;25082.5;25085.25;25082;25084.5;40
20260305 044700;25083.5;25088.75;25083;25088.75;30
20260305 044800;25088.25;25092.25;25087.75;25087.75;62
20260305 044900;25088.75;25095.75;25087;25094.25;64
20260305 045000;25094.75;25101;25093.5;25099.5;153
20260305 045100;25098.25;25106.75;25096;25096.75;142
20260305 045200;25096.25;25099.75;25089.75;25099.5;139
20260305 045300;25098.5;25099.25;25093.5;25094;74
20260305 045400;25093.75;25093.75;25085.25;25091.5;92
20260305 045500;25090.5;25093.5;25090;25092.75;41
20260305 045600;25091.75;25095.75;25090.5;25094.25;26
20260305 045700;25092.75;25097;25088;25096.75;84
20260305 045800;25097;25102.5;25093.25;25095.75;90
20260305 045900;25095;25100.25;25092.5;25098.5;54
20260305 050000;25098.5;25104;25097.75;25102.5;50
20260305 050100;25103.25;25104.5;25095.75;25098.75;108
20260305 050200;25101.75;25101.75;25093.5;25096;69
20260305 050300;25093.25;25095;25087;25088;82
20260305 050400;25087.25;25090.5;25084;25086;76
20260305 050500;25086.25;25092.25;25086.25;25092;38
20260305 050600;25092.5;25093;25087.5;25089.5;28
20260305 050700;25090.25;25093.25;25088.25;25089.75;35
20260305 050800;25090;25094.25;25089;25092.5;33
20260305 050900;25092.5;25098.5;25092.5;25098.5;47
20260305 051000;25097;25101.5;25096;25100.5;42
20260305 051100;25100;25104.25;25093.25;25093.25;84
20260305 051200;25094.5;25095.5;25091;25095.5;53
20260305 051300;25095.75;25096;25091.75;25092.25;76
20260305 051400;25093.5;25094.25;25086.75;25091.25;75
20260305 051500;25091.75;25092.25;25088.25;25089;39
20260305 051600;25088.75;25088.75;25082;25082.25;90
20260305 051700;25083.5;25083.5;25076.75;25077;154
20260305 051800;25077.25;25079;25070;25072.75;143
20260305 051900;25072.25;25076;25070.25;25071;49
20260305 052000;25071.25;25073;25069.25;25070.75;38
20260305 052100;25071.5;25076.75;25069.25;25075.5;77
20260305 052200;25074;25076;25069;25073.25;64
20260305 052300;25072;25072;25067.75;25070;61
20260305 052400;25070.75;25075.25;25069;25074;62
20260305 052500;25072.75;25079;25072;25077.5;69
20260305 052600;25079;25090.5;25079;25089;132
20260305 052700;25088.5;25089.75;25080;25082.25;69
20260305 052800;25084.5;25084.75;25082;25083;24
20260305 052900;25081.5;25083.25;25078.5;25080;32
20260305 053000;25081.75;25082.5;25075.5;25077.25;40
20260305 053100;25077.5;25079.75;25066.25;25068.75;128
20260305 053200;25069.25;25073.25;25066.25;25071.75;65
20260305 053300;25071.75;25080.75;25071;25078;82
20260305 053400;25077;25081;25075.75;25080;92
20260305 053500;25078;25078;25070.25;25077.5;44
20260305 053600;25078.5;25080.5;25073.75;25075;32
20260305 053700;25076.5;25077.5;25068;25068;54
20260305 053800;25068.25;25068.5;25063.5;25064.25;81
20260305 053900;25064.25;25066.5;25061.5;25061.5;42
20260305 054000;25062;25067.25;25057.75;25065.5;91
20260305 054100;25064;25067.75;25060.5;25061.5;37
20260305 054200;25062.25;25063.25;25054.75;25055;91
20260305 054300;25056.75;25057.75;25052.5;25055.75;73
20260305 054400;25056.5;25061.25;25054;25059.5;58
20260305 054500;25057.5;25057.5;25054.25;25055.5;64
20260305 054600;25054.5;25059.5;25054.25;25057.5;41
20260305 054700;25056.75;25058.25;25052.5;25054.5;53
20260305 054800;25055.25;25061.75;25054.5;25061.75;70
20260305 054900;25062;25066;25058;25058.25;98
20260305 055000;25058.5;25061;25058.25;25059.25;37
20260305 055100;25059.75;25060.5;25057.75;25058.5;47
20260305 055200;25058;25059;25053.25;25055.75;43
20260305 055300;25057.25;25057.5;25055;25055;33
20260305 055400;25054;25055.75;25051;25053.75;47
20260305 055500;25053.75;25054.5;25046.25;25047.5;91
20260305 055600;25048;25049;25042.25;25042.25;169
20260305 055700;25042.5;25047.25;25041.5;25047;145
20260305 055800;25048.25;25049.5;25040.25;25042.5;87
20260305 055900;25042;25043;25035.25;25036.75;405
20260305 060000;25036.75;25037.75;25033;25034.75;433
20260305 060100;25035;25041;25021;25028;398
20260305 060200;25027.5;25031.75;25019;25023.5;186
20260305 060300;25023.25;25032.25;25021.25;25029.25;123
20260305 060400;25030.75;25040.25;25028.5;25035.75;165
20260305 060500;25034;25040;25029.25;25039;118
20260305 060600;25039;25039;25023;25025.5;191
20260305 060700;25025.25;25026;25006.25;25011.75;391
20260305 060800;25011.5;25012;25001;25005.5;289
20260305 060900;25004.5;25007.5;24994;24998.5;504
20260305 061000;24998;25000.25;24984;24988;414
20260305 061100;24987.75;24995;24983;24986.75;297
20260305 061200;24987;24996;24984.75;24993.75;214
20260305 061300;24993;24997.5;24988.5;24992.5;202
20260305 061400;24992.75;24997;24987;24997;86
20260305 061500;24997.75;25000.5;24985.25;24985.75;242
20260305 061600;24986.5;24989.75;24981;24984;186
20260305 061700;24986;24996.25;24984.5;24994.75;147
20260305 061800;24992;25003.75;24991.5;24993.25;175
20260305 061900;24992.75;25001;24992.25;25000.25;81
20260305 062000;24999.75;25012.5;24999.5;25009.75;200
20260305 062100;25010.25;25018.75;25009.5;25009.75;246
20260305 062200;25009;25016;25008.75;25015.5;103
20260305 062300;25016.25;25022.75;25013;25019.75;124
20260305 062400;25020;25020;25014.5;25018;71
20260305 062500;25018.25;25018.25;25012;25015.5;41
20260305 062600;25014.5;25016.25;25010;25011;72
20260305 062700;25011.5;25015.75;25008;25008.25;128
20260305 062800;25008;25010.5;25004.25;25005.75;81
20260305 062900;25004.5;25007;25001.75;25007;105
20260305 063000;25006.75;25010.75;25005.25;25010.75;84
20260305 063100;25010.5;25012;24998.25;25005;168
20260305 063200;25004.75;25006.25;24994;24994;158
20260305 063300;24994;24999;24986.75;24992;183
20260305 063400;24993.25;24997.25;24990;24994.25;126
20260305 063500;24996;24999.25;24989.25;24997.25;91
20260305 063600;24996.5;24997.5;24992.25;24994;62
20260305 063700;24995;24999.25;24991;24992;91
20260305 063800;24992.75;24999.25;24992.75;24997.25;100
20260305 063900;24997;25008.25;24996.5;25006.5;163
20260305 064000;25007;25007;24999.75;25002.25;122
20260305 064100;25001.25;25002.5;24991.5;24991.5;48
20260305 064200;24991.75;24997.25;24991.75;24997.25;77
20260305 064300;24997.5;25002.5;24996;25002.5;74
20260305 064400;25001.75;25007;24999.5;25005.5;44
20260305 064500;25004;25011.25;25004;25007.5;81
20260305 064600;25008;25008;25000;25002.25;115
20260305 064700;25002.75;25006.5;25002.5;25006.5;41
20260305 064800;25006;25008.75;25003.5;25008.5;46
20260305 064900;25007.75;25010.25;25000.75;25001.75;71
20260305 065000;25001;25026.5;24999.25;25026.5;534
20260305 065100;25026.5;25061;25022;25057.75;717
20260305 065200;25056.75;25068;25047;25057;544
20260305 065300;25058;25059.25;25045;25052.5;235
20260305 065400;25054;25066.75;25044;25056.5;240
20260305 065500;25057.75;25060.25;25049.25;25056.75;119
20260305 065600;25057;25069.5;25057;25067.5;148
20260305 065700;25066;25072;25060.25;25070.25;157
20260305 065800;25069.75;25092;25069.5;25086.5;667
20260305 065900;25088;25092.75;25084.5;25088.75;167
20260305 070000;25088.25;25092.5;25085;25092;112
20260305 070100;25091.75;25098;25073.25;25080.75;484
20260305 070200;25080.75;25083.75;25069.75;25070.5;281
20260305 070300;25071.75;25076;25067;25073;174
20260305 070400;25072.5;25082.5;25068.75;25074.5;174
20260305 070500;25075.25;25076.75;25063.5;25065.5;224
20260305 070600;25065;25072.25;25059;25060.25;188
20260305 070700;25060.25;25064.25;25057.5;25062.25;122
20260305 070800;25061.75;25069.5;25061.5;25065.25;131
20260305 070900;25065.25;25074.75;25062.75;25070.75;153
20260305 071000;25069.25;25074.25;25066.75;25069;62
20260305 071100;25068.75;25082;25068.75;25074.75;121
20260305 071200;25075.5;25084;25074.5;25084;55
20260305 071300;25083.5;25085.5;25080.25;25082.5;78
20260305 071400;25081;25081;25070.25;25071;104
20260305 071500;25070.5;25077;25068.5;25069;171
20260305 071600;25069;25073.5;25062.75;25065.5;212
20260305 071700;25064.75;25066.75;25058;25060.5;97
20260305 071800;25062.75;25063.75;25058.75;25060.5;61
20260305 071900;25061.5;25062.75;25058.5;25059.5;161
20260305 072000;25059.25;25069;25058;25066.5;112
20260305 072100;25068.25;25068.25;25055.5;25058.5;85
20260305 072200;25056.5;25057.75;25050.75;25056.75;81
20260305 072300;25057.75;25077.5;25055.5;25074.25;155
20260305 072400;25075.25;25083.25;25073;25083.25;123
20260305 072500;25083.25;25088.75;25080;25088.5;137
20260305 072600;25088.5;25094.25;25085.75;25089.5;213
20260305 072700;25090;25093;25088;25088.25;97
20260305 072800;25088.25;25088.25;25080.5;25082;80
20260305 072900;25082.75;25086.75;25078;25082;85
20260305 073000;25083.75;25089;25082.5;25088.75;82
20260305 073100;25088;25088.5;25080.75;25087.5;73
20260305 073200;25088.5;25089.25;25075.5;25075.75;93
20260305 073300;25074.5;25074.5;25070.25;25071.75;86
20260305 073400;25072;25072.5;25068.25;25068.25;79
20260305 073500;25066.75;25066.75;25060;25061.75;224
20260305 073600;25062;25064.75;25059;25060.5;162
20260305 073700;25059.75;25062.25;25056.75;25058.5;112
20260305 073800;25057.75;25066.25;25056.75;25066;84
20260305 073900;25067;25067.25;25060.25;25062;63
20260305 074000;25061.25;25068.25;25057.25;25066.25;89
20260305 074100;25065.25;25068;25062.5;25064.75;48
20260305 074200;25066;25070;25065.25;25066;58
20260305 074300;25065.5;25071.5;25065.5;25070;82
20260305 074400;25069.75;25075.5;25068;25074.5;92
20260305 074500;25075.25;25077.5;25063.25;25064.75;101
20260305 074600;25063.5;25069.25;25063.5;25067.75;98
20260305 074700;25066.75;25067;25060.5;25062;57
20260305 074800;25062.5;25062.5;25056.25;25057.5;92
20260305 074900;25058;25064.25;25056.25;25062;113
20260305 075000;25061.5;25068.5;25061.5;25067;84
20260305 075100;25066.5;25066.75;25054.75;25058;141
20260305 075200;25057.75;25061.25;25054;25058.75;96
20260305 075300;25057.5;25067.25;25057.25;25061.75;121
20260305 075400;25062;25067.5;25061.5;25066;79
20260305 075500;25066.5;25066.75;25049.75;25051;197
20260305 075600;25051.5;25053.25;25046.25;25050.75;139
20260305 075700;25053.5;25055;25041;25045.5;160
20260305 075800;25045.5;25054.25;25045.5;25054;105
20260305 075900;25054.25;25059.5;25052.5;25059.5;81
20260305 080000;25060;25073.25;25056.75;25073;206
20260305 080100;25072;25078.25;25065.25;25065.75;477
20260305 080200;25066.75;25072.75;25050.25;25052.25;224
20260305 080300;25051;25065.5;25048;25056.75;139
20260305 080400;25060.5;25060.5;25025;25027.5;245
20260305 080500;25027.5;25032.75;25012.25;25018;301
20260305 080600;25018;25021.25;25006;25007.75;378
20260305 080700;25007;25015.75;24999.75;25012.5;583
20260305 080800;25012;25021.75;24994;24995.75;395
20260305 080900;24998.5;25007.5;24997;25005;304
20260305 081000;25003.25;25003.25;24990;24999.75;287
20260305 081100;24998.5;25017.25;24995.5;25006.25;330
20260305 081200;25007.75;25019.5;25001;25015;201
20260305 081300;25013.5;25018;25007.75;25013.5;185
20260305 081400;25012.25;25018;25006.5;25013.25;165
20260305 081500;25014.25;25014.5;24997.25;24997.25;181
20260305 081600;24997.5;25020.25;24996.75;25020.25;205
20260305 081700;25020.75;25034.25;25020.25;25034;369
20260305 081800;25033;25043.25;25029;25043;312
20260305 081900;25040.25;25044.5;25031.25;25040.5;180
20260305 082000;25041.75;25043;25013;25013;201
20260305 082100;25013.5;25026.25;25009.25;25024.75;353
20260305 082200;25025.75;25033;25024.25;25026.75;243
20260305 082300;25024.5;25025;25009.5;25021.25;199
20260305 082400;25020.75;25030.5;25017;25028;184
20260305 082500;25030;25032.5;25022.5;25027.5;155
20260305 082600;25028.25;25033.25;25017.25;25019.5;159
20260305 082700;25020.25;25027.75;25012.5;25018.25;176
20260305 082800;25018.75;25018.75;25001.75;25006;249
20260305 082900;25005.25;25017.5;25003.75;25006.25;148
20260305 083000;25007.25;25011.75;24995;24995;178
20260305 083100;24995.5;24998.5;24973.25;24989.25;691
20260305 083200;24988.75;24991.75;24980.5;24987;240
20260305 083300;24985.75;25019;24984;25013.5;295
20260305 083400;25015.25;25021;25009.5;25011.25;166
20260305 083500;25015;25020;24989;24999.5;342
20260305 083600;25000.5;25018;24998.75;25009.75;254
20260305 083700;25008.5;25023.25;25006.75;25013.5;147
20260305 083800;25012.75;25021.5;25005.25;25016.75;94
20260305 083900;25015.75;25016.25;25003.75;25009.5;113
20260305 084000;25013.75;25015.75;24997.25;25005;219
20260305 084100;25007.5;25007.75;24981.5;24990;207
20260305 084200;24988.75;24999;24986.25;24999;213
20260305 084300;24999;25006.75;24990.25;24994;312
20260305 084400;24992;25001.25;24986.75;24992.5;173
20260305 084500;24993.5;25008.75;24992;25005.75;275
20260305 084600;25006.5;25014.5;25002;25012.75;98
20260305 084700;25013.5;25026.75;25010.75;25020.75;224
20260305 084800;25022;25035.75;25021.25;25023.25;206
20260305 084900;25020;25028.5;25018;25020.25;168
20260305 085000;25017;25018.75;25008.25;25010.5;121
20260305 085100;25009.5;25014.25;25000;25013;142
20260305 085200;25013;25030;25011.5;25024;143
20260305 085300;25028.5;25035.75;25028.5;25029;130
20260305 085400;25030.5;25037.25;25022;25022;116
20260305 085500;25021;25024;25016;25020;132
20260305 085600;25022.5;25038.5;25022.5;25037;90
20260305 085700;25039;25048.75;25039;25043.75;164
20260305 085800;25042.5;25047;25041.75;25046.25;91
20260305 085900;25045.25;25053;25041.5;25051.25;155
20260305 090000;25051.25;25053.5;25046;25051.75;185
20260305 090100;25052.5;25062.25;25041;25051.5;355
20260305 090200;25051.5;25066;25046.25;25063;275
20260305 090300;25062.75;25068.5;25059.5;25068.25;232
20260305 090400;25068.25;25099;25067.5;25093;597
20260305 090500;25092.5;25102.75;25086.25;25100.25;464
20260305 090600;25103.75;25141.5;25100.25;25123.25;1064
20260305 090700;25123.75;25142.75;25113.25;25133;1049
20260305 090800;25134.75;25151.75;25133.5;25148;699
20260305 090900;25148.75;25166;25148.5;25160;576
20260305 091000;25161.5;25170;25146.75;25160.75;899
20260305 091100;25163;25187.5;25158.75;25185;679
20260305 091200;25184.5;25205.75;25181.25;25197.75;1125
20260305 091300;25198.5;25201.5;25173.5;25176.25;820
20260305 091400;25177;25187.25;25174;25184.5;473
20260305 091500;25185.5;25196.75;25181.75;25183;347
20260305 091600;25185.75;25192;25157.25;25158.75;627
20260305 091700;25159.75;25172.25;25143;25164.25;559
20260305 091800;25163.25;25167.25;25142;25143.25;222
20260305 091900;25142;25146.5;25134;25136.25;264
20260305 092000;25135.5;25160.75;25133.25;25157;319
20260305 092100;25155.5;25159.5;25145.5;25159;288
20260305 092200;25157.5;25196.75;25155;25170.25;1408
20260305 092300;25171.75;25190.25;25159;25179.5;613
20260305 092400;25179.75;25188.25;25172.25;25185;384
20260305 092500;25183.75;25187.5;25167.5;25171;316
20260305 092600;25171;25175.25;25154.25;25156.25;365
20260305 092700;25154.75;25163.5;25140.75;25144.5;551
20260305 092800;25144.25;25144.25;25125;25126;446
20260305 092900;25125.75;25137.5;25121.75;25137.5;305
20260305 093000;25138;25140;25126.25;25128.25;209
20260305 093100;25128.5;25135.25;25123.75;25126.5;138
20260305 093200;25125.5;25135.5;25122.5;25133.5;175
20260305 093300;25133.5;25133.75;25120;25120.5;168
20260305 093400;25119.5;25130;25119.5;25129;129
20260305 093500;25127.25;25137.25;25113;25136.25;222
20260305 093600;25138.25;25143.75;25128.75;25142;174
20260305 093700;25141.75;25146;25134;25141.75;211
20260305 093800;25140.5;25143.25;25122.5;25122.5;234
20260305 093900;25121.75;25124;25110.25;25110.75;207
20260305 094000;25110.5;25113;25094.75;25094.75;370
20260305 094100;25094.75;25104;25088.5;25091.5;263
20260305 094200;25091;25106;25090.75;25101.25;233
20260305 094300;25101.25;25113.25;25098;25110;295
20260305 094400;25110.75;25114.75;25094;25097.5;294
20260305 094500;25095.75;25102.75;25091;25092;222
20260305 094600;25093.75;25103.5;25091;25092.25;155
20260305 094700;25090.75;25109.75;25086;25105.75;235
20260305 094800;25105.5;25110.5;25099.25;25106.75;147
20260305 094900;25108.75;25111.5;25101.25;25103.5;264
20260305 095000;25102.5;25112.25;25093;25112.25;262
20260305 095100;25111.5;25117.5;25104;25115.25;192
20260305 095200;25115.5;25115.5;25088.5;25093.5;196
20260305 095300;25093.5;25094.25;25082;25091.25;274
20260305 095400;25089.5;25103.25;25088.75;25100.25;53
20260305 095500;25102.25;25102.5;25083.25;25083.75;173
20260305 095600;25083.75;25096;25083.25;25091;153
20260305 095700;25093;25108.5;25091.25;25107.5;192
20260305 095800;25108.5;25116.75;25104.75;25113;170
20260305 095900;25113.25;25116.5;25109.25;25113.75;102
20260305 100000;25116.5;25124;25114;25114;136
20260305 100100;25115;25117.25;25104.5;25108.5;168
20260305 100200;25107;25122.75;25106.75;25116;141
20260305 100300;25114.75;25116.75;25105.75;25109.5;112
20260305 100400;25111.25;25115.25;25110.5;25111.25;86
20260305 100500;25110.5;25115.5;25085;25104.5;294
20260305 100600;25105;25129.5;25101.75;25129;225
20260305 100700;25128.25;25131;25119.25;25122;174
20260305 100800;25121;25124.75;25108;25113;178
20260305 100900;25113.25;25122.25;25112.75;25118;126
20260305 101000;25115.25;25120.75;25113;25115.5;94
20260305 101100;25114.5;25124.75;25114.5;25121.75;60
20260305 101200;25119.25;25127;25115.75;25123.5;138
20260305 101300;25124.25;25129.25;25121.25;25122;77
20260305 101400;25122.75;25129.25;25121.5;25126.75;152
20260305 101500;25126.25;25127.25;25116;25116.5;65
20260305 101600;25117;25125;25117;25121.5;65
20260305 101700;25121.25;25123.75;25118.5;25121.75;73
20260305 101800;25123.5;25128;25118;25124.75;81
20260305 101900;25125.5;25130.75;25125;25130.75;88
20260305 102000;25129.25;25137;25125.25;25126;221
20260305 102100;25125.75;25128.5;25115.75;25115.75;141
20260305 102200;25115.75;25126.25;25112.75;25123;151
20260305 102300;25123.75;25142;25123.75;25142;161
20260305 102400;25142.25;25143.25;25134.75;25137;95
20260305 102500;25137.75;25137.75;25123;25126.5;81
20260305 102600;25127;25127.25;25115.25;25117.75;175
20260305 102700;25118.5;25137;25117.5;25135.5;108
20260305 102800;25136.75;25136.75;25123.25;25125.25;89
20260305 102900;25123;25128.75;25119;25126.75;193
20260305 103000;25126.75;25136.5;25126.75;25135;78
20260305 103100;25135.75;25142.75;25133.5;25140;109
20260305 103200;25139.75;25140;25125.75;25125.75;124
20260305 103300;25127.25;25136.25;25126.25;25131.5;90
20260305 103400;25132.25;25132.25;25120;25122.5;133
20260305 103500;25121.75;25132;25120.75;25131.5;81
20260305 103600;25131;25136;25129.25;25129.25;53
20260305 103700;25130.75;25131.5;25122.5;25127;86
20260305 103800;25126.5;25140;25126.5;25139.25;134
20260305 103900;25138.5;25139.25;25126;25132.75;112
20260305 104000;25133;25133.5;25114;25119.75;111
20260305 104100;25117.5;25117.5;25108;25108.5;168
20260305 104200;25108.5;25109.75;25098;25099.75;158
20260305 104300;25099.75;25107;25099.5;25104.75;114
20260305 104400;25104.75;25113.5;25103;25103;173
20260305 104500;25102.5;25108.5;25099;25106;182
20260305 104600;25104.75;25114.75;25104;25113.25;114
20260305 104700;25112.75;25116.75;25102.5;25102.5;129
20260305 104800;25104.75;25108;25100;25107.25;123
20260305 104900;25107.75;25116;25104.75;25107.5;109
20260305 105000;25106.75;25109;25096.5;25100;112
20260305 105100;25101;25102.5;25096.25;25098;143
20260305 105200;25096.75;25105.5;25092.25;25093.5;148
20260305 105300;25096.5;25110;25093.75;25108.25;125
20260305 105400;25108.75;25116.5;25102.75;25115;75
20260305 105500;25114.25;25123.75;25110.5;25120.75;118
20260305 105600;25121.75;25122.75;25113;25118;96
20260305 105700;25119;25120.75;25105.25;25110.25;168
20260305 105800;25109.75;25109.75;25101.5;25106;69
20260305 105900;25105.25;25106.25;25101;25105.5;39
20260305 110000;25105.5;25107;25102;25106.25;57
20260305 110100;25107.5;25118.75;25085.25;25091;847
20260305 110200;25091.5;25118.75;25090.25;25106;844
20260305 110300;25103.75;25115.5;25099.75;25113;107
20260305 110400;25112.5;25115;25106.75;25111.25;61
20260305 110500;25111;25118.25;25110.75;25117.75;99
20260305 110600;25118.25;25123.5;25108.75;25117.75;95
20260305 110700;25118.5;25122.25;25115.5;25119.75;37
20260305 110800;25117;25121.5;25117;25119.5;22
20260305 110900;25119.5;25133.75;25119.5;25132.25;95
20260305 111000;25133;25133;25125;25128.5;73
20260305 111100;25127.75;25128.5;25113.75;25117.75;92
20260305 111200;25118.25;25124;25114.25;25124;167
20260305 111300;25123.5;25130.75;25120;25128.25;72
20260305 111400;25129.25;25134;25125;25132.5;115
20260305 111500;25131.75;25138.5;25131;25137;124
20260305 111600;25137.25;25142.5;25133.25;25138;184
20260305 111700;25136.5;25142.5;25135.25;25141.75;41
20260305 111800;25142;25143.5;25137.25;25139.75;66
20260305 111900;25140.5;25148.25;25139.75;25142.25;139
20260305 112000;25140.25;25141.75;25133.75;25136.25;90
20260305 112100;25137.25;25145.75;25135.5;25143.5;196
20260305 112200;25143.75;25143.75;25136.5;25141.5;74
20260305 112300;25141.5;25144.25;25136.75;25138.75;64
20260305 112400;25137.5;25140.5;25130.5;25131.25;69
20260305 112500;25132.75;25132.75;25122;25122.5;125
20260305 112600;25121.75;25133.5;25121.25;25131.25;146
20260305 112700;25130.75;25143.5;25129.5;25142;129
20260305 112800;25142;25147.25;25139;25143.5;117
20260305 112900;25142.5;25144;25134.5;25136.25;175
20260305 113000;25137.5;25143;25136;25136;104
20260305 113100;25134.5;25153.75;25128;25141.5;408
20260305 113200;25141.5;25145.5;25138.25;25141.75;149
20260305 113300;25140.5;25151.5;25140.25;25146.5;129
20260305 113400;25146;25146;25130.5;25132.5;117
20260305 113500;25132;25132;25119.75;25126.75;201
20260305 113600;25124.25;25128;25116;25116.75;191
20260305 113700;25117.75;25130;25117.75;25124.75;185
20260305 113800;25124.75;25128;25121.5;25124.5;93
20260305 113900;25126.5;25127.25;25117.25;25119.25;142
20260305 114000;25117.75;25121;25107.5;25109;215
20260305 114100;25111;25111.75;25104.75;25111.25;112
20260305 114200;25110.25;25120.5;25110.25;25112.75;102
20260305 114300;25114.25;25114.75;25106.75;25112.75;96
20260305 114400;25112.5;25121.5;25112.25;25119;59
20260305 114500;25120.5;25123.5;25117.75;25122.25;55
20260305 114600;25122.5;25134;25121;25129.75;188
20260305 114700;25130.75;25132;25127.5;25130.75;49
20260305 114800;25132;25135.25;25129.75;25135.25;69
20260305 114900;25135.5;25137.5;25124;25124;95
20260305 115000;25124.75;25125.75;25115;25120.25;134
20260305 115100;25124.25;25127.25;25120.75;25127;92
20260305 115200;25128;25128.5;25120.5;25122.25;71
20260305 115300;25120.75;25121.75;25113.75;25121.25;169
20260305 115400;25118.5;25120.25;25114.25;25115.5;33
20260305 115500;25116.75;25118;25104.5;25105;184
20260305 115600;25105.5;25107.5;25100.5;25104;97
20260305 115700;25104.75;25110.5;25103;25110.5;113
20260305 115800;25110.75;25112.75;25105.5;25109.5;79
20260305 115900;25109.25;25109.25;25091.5;25093;210
20260305 120000;25093.25;25098;25089;25093.5;159
20260305 120100;25094.5;25102;25087.5;25088.75;278
20260305 120200;25087.25;25097.5;25083.75;25092;242
20260305 120300;25092;25095.5;25080.25;25085.75;141
20260305 120400;25086.5;25088.5;25078.5;25082.25;196
20260305 120500;25083.5;25096.25;25083;25092.75;183
20260305 120600;25091.75;25095.75;25086;25087.75;102
20260305 120700;25090;25098;25087;25097.5;203
20260305 120800;25098.5;25106;25096.25;25100;207
20260305 120900;25100;25104.75;25097;25100;134
20260305 121000;25102;25111.25;25098.5;25108;96
20260305 121100;25106.5;25108.5;25100.5;25101.5;56
20260305 121200;25100.75;25101.5;25093;25098;187
20260305 121300;25098.75;25098.75;25087.5;25089;215
20260305 121400;25088.5;25096.25;25084.5;25090.25;122
20260305 121500;25090.5;25100.25;25089.75;25098.25;76
20260305 121600;25099;25101.25;25093.5;25095;83
20260305 121700;25094.75;25099.25;25088;25088;95
20260305 121800;25088;25093.25;25084;25089.75;153
20260305 121900;25091.25;25096.75;25088.75;25094.75;104
20260305 122000;25094.75;25116;25094.75;25114.75;224
20260305 122100;25116;25141.75;25116;25141.25;732
20260305 122200;25139;25157.75;25136.75;25143;627
20260305 122300;25143.25;25146.75;25127;25130.5;361
20260305 122400;25128.75;25139.5;25124.25;25138.5;143
20260305 122500;25135.5;25135.5;25124;25128.75;125
20260305 122600;25127.75;25133.25;25122;25124.5;97
20260305 122700;25124.5;25133.75;25121.75;25132.25;111
20260305 122800;25131;25134;25123.5;25129.25;145
20260305 122900;25128.75;25129.25;25113;25113;175
20260305 123000;25112.5;25120;25110;25117.75;174
20260305 123100;25118.75;25124.5;25109;25122;147
20260305 123200;25122.25;25125;25110.75;25112;147
20260305 123300;25112.5;25120.75;25105;25110.25;140
20260305 123400;25111.75;25113.75;25097.75;25098.25;148
20260305 123500;25097.5;25108.25;25092.75;25104.5;263
20260305 123600;25103.75;25110.75;25098.25;25099.75;117
20260305 123700;25100;25100;25089.25;25089.25;189
20260305 123800;25088.5;25093;25083;25089;188
20260305 123900;25088.5;25101.25;25085.75;25100.5;260
20260305 124000;25101.75;25104.25;25096;25098;109
20260305 124100;25095.75;25100;25089.75;25095.75;94
20260305 124200;25095.75;25107;25094.75;25105.5;160
20260305 124300;25105.5;25105.5;25087;25091.75;165
20260305 124400;25091.5;25095.5;25081.75;25081.75;232
20260305 124500;25082;25088;25066.5;25081.75;407
20260305 124600;25079.5;25096.5;25076;25095;168
20260305 124700;25094.25;25098.5;25087.75;25091;252
20260305 124800;25093.25;25102.75;25087.5;25089.5;191
20260305 124900;25088.75;25094.75;25068.75;25068.75;278
20260305 125000;25069.25;25078.75;25064.5;25076.75;352
20260305 125100;25075.25;25077.75;25062.5;25063;310
20260305 125200;25062.5;25069.5;25052.5;25057;351
20260305 125300;25057;25063;25046;25048.75;363
20260305 125400;25049;25052;25036.75;25042;433
20260305 125500;25042;25057.25;25038.75;25055.5;304
20260305 125600;25056;25062.5;25051.75;25055.5;313
20260305 125700;25056.25;25065;25054.25;25060;308
20260305 125800;25060;25072.25;25058;25071;374
20260305 125900;25070.5;25073.25;25065.25;25069.75;184
20260305 130000;25069.25;25076.25;25066.5;25069;255
20260305 130100;25069.5;25076;25062.25;25063.75;340
20260305 130200;25064.75;25073.25;25060;25060;265
20260305 130300;25060.5;25070.25;25058.5;25067.25;228
20260305 130400;25064;25070.25;25060;25061;138
20260305 130500;25060.75;25065.5;25050.5;25052.25;291
20260305 130600;25051.75;25051.75;25025;25034.75;689
20260305 130700;25036.5;25051;25036.5;25047;248
20260305 130800;25047.75;25053;25041.75;25046.25;170
20260305 130900;25049;25052.75;25036.25;25037.75;175
20260305 131000;25039.5;25044.5;25030.75;25032.5;305
20260305 131100;25031.75;25039.25;25028.5;25032.25;316
20260305 131200;25032.75;25042;25028.5;25041.25;285
20260305 131300;25038.75;25041.25;25027.75;25039.75;257
20260305 131400;25040.5;25050.25;25034.5;25043;279
20260305 131500;25041.25;25046.25;25039.25;25040.25;133
20260305 131600;25043.5;25056.5;25038.25;25055;209
20260305 131700;25056.5;25060.5;25050.75;25053.5;189
20260305 131800;25052.5;25054;25045.5;25046.25;175
20260305 131900;25045;25047.5;25034;25038.5;244
20260305 132000;25038;25054.75;25036.75;25050.25;173
20260305 132100;25049;25059.5;25045.75;25046;228
20260305 132200;25045.75;25050.75;25040.25;25044;236
20260305 132300;25043.75;25049;25040.75;25044.25;209
20260305 132400;25044.5;25044.5;25035.5;25037;225
20260305 132500;25037.75;25041;25029.75;25031.5;305
20260305 132600;25030.5;25030.75;25024;25030.25;276
20260305 132700;25031;25046.75;25031;25044.25;252
20260305 132800;25045.75;25050.75;25041;25047;251
20260305 132900;25047.5;25053.75;25045.5;25052.25;124
20260305 133000;25051.5;25057.75;25042.75;25054.25;217
20260305 133100;25054;25072.25;25045;25052.5;454
20260305 133200;25052;25052.25;25022.25;25027.75;530
20260305 133300;25027.75;25044;25018;25040.5;393
20260305 133400;25039.5;25052;25035;25039.75;267
20260305 133500;25040.25;25044.5;25021;25025.25;449
20260305 133600;25025.5;25028.75;25004.75;25006.5;814
20260305 133700;25006.5;25016;24992;24997.5;1011
20260305 133800;24997.5;25012.5;24994.25;25008;595
20260305 133900;25008.25;25016.5;25007.25;25012.25;215
20260305 134000;25012.25;25017.5;25000.5;25007;326
20260305 134100;25006;25010.25;24997.5;25005.5;328
20260305 134200;25006.25;25020.5;25005.25;25008.75;354
20260305 134300;25009.75;25025.5;25009.5;25024;304
20260305 134400;25024;25029.5;25022;25024.25;247
20260305 134500;25025;25026.25;25017.5;25021.75;145
20260305 134600;25022;25031.75;25015.75;25031.75;240
20260305 134700;25030.25;25036;25018.25;25025;323
20260305 134800;25026.5;25029.75;25022;25024;258
20260305 134900;25024;25034.5;25024;25028.5;256
20260305 135000;25029.75;25039.75;25025.25;25031.5;362
20260305 135100;25032;25036.75;25026.75;25036.25;202
20260305 135200;25037.25;25045;25030.75;25038;466
20260305 135300;25037.75;25048;25037;25042.25;269
20260305 135400;25040.25;25046;25034.5;25035;209
20260305 135500;25034.75;25036;25024;25025.75;445
20260305 135600;25024.75;25027.75;25016.75;25020.5;374
20260305 135700;25021.5;25021.5;25007.5;25012.5;502
20260305 135800;25013.5;25015;25000;25004.75;447
20260305 135900;25004.75;25004.75;24980.75;24987.75;719
20260305 140000;24986.75;25001.75;24986.75;24994.25;375
20260305 140100;24993.75;25009.5;24992.25;25002.75;635
20260305 140200;25002.5;25002.5;24985;24989.5;479
20260305 140300;24989;25004.25;24987.5;24994.5;661
20260305 140400;24994.25;25013;24994.25;24995.5;559
20260305 140500;24996.25;24998.5;24978;24990;738
20260305 140600;24989.25;24996.25;24983.5;24993.75;257
20260305 140700;24995;25010.5;24992.75;24993.25;419
20260305 140800;24992.75;24995;24981;24984;471
20260305 140900;24984.5;24993.5;24981;24991.5;248
20260305 141000;24994;25000.25;24986.25;24998.5;255
20260305 141100;24999.5;25004.75;24996.75;24999;332
20260305 141200;24999.75;25010.25;24997.75;25000.5;277
20260305 141300;25001;25003.25;24992;24992.25;201
20260305 141400;24991.5;24992;24981.5;24984.5;274
20260305 141500;24984.25;24991.5;24982.25;24988;222
20260305 141600;24987.75;24995.25;24987.25;24989.5;292
20260305 141700;24988;24993;24983.75;24987.25;269
20260305 141800;24986.75;24988.5;24963;24964;1141
20260305 141900;24964;24971.75;24964;24967.75;537
20260305 142000;24968.25;24975.5;24962.75;24966.25;726
20260305 142100;24966;24983.75;24963;24976.25;481
20260305 142200;24975;24980;24971.5;24977.5;274
20260305 142300;24976.75;24985.5;24973;24984.75;284
20260305 142400;24985.25;24997;24975.25;24978.5;698
20260305 142500;24978.25;24979.75;24968.5;24968.5;384
20260305 142600;24969.25;25002.25;24969.25;25000;582
20260305 142700;24999.75;25001.75;24991;24992.5;666
20260305 142800;24994;24997.25;24979.75;24984;538
20260305 142900;24983.5;24992.75;24975.75;24985.25;589
20260305 143000;24985;24995.5;24978.75;24987.25;682
20260305 143100;24987.75;25059.75;24985.25;25036.5;7040
20260305 143200;25035.5;25052.25;25023.25;25045.5;3244
20260305 143300;25045.5;25071.25;25036.25;25065.5;2730
20260305 143400;25065.25;25085.25;25047.5;25083;2886
20260305 143500;25084.5;25095;25075.25;25093.75;2185
20260305 143600;25093.25;25111;25082;25097.75;3359
20260305 143700;25097.25;25118;25081;25108.75;2478
20260305 143800;25109.5;25114.75;25091.5;25104;1909
20260305 143900;25103.5;25125.25;25095.5;25098.5;2063
20260305 144000;25099;25100.5;25066.75;25092.75;2584
20260305 144100;25092.25;25097;25056.5;25063.75;1890
20260305 144200;25063.5;25103.5;25059.25;25082.75;2364
20260305 144300;25083.5;25111.5;25076.25;25082.75;1907
20260305 144400;25082;25092.75;25050;25065;2097
20260305 144500;25063.25;25075.75;25052;25058;1414
20260305 144600;25059.5;25061.5;25036;25044.5;2675
20260305 144700;25045.25;25070.25;25043.5;25060.25;1858
20260305 144800;25061.5;25106;25060.5;25101.5;2428
20260305 144900;25101.25;25122.75;25099;25117;2288
20260305 145000;25117.5;25133.75;25078.25;25088.5;2641
20260305 145100;25087.75;25122.75;25079.5;25113.75;1748
20260305 145200;25113.5;25145;25111.25;25143.25;2020
20260305 145300;25143.5;25144.25;25121.5;25124.25;1694
20260305 145400;25124.25;25137.25;25106.5;25127.25;1494
20260305 145500;25126.25;25144.5;25118;25143;1403
20260305 145600;25142.25;25150.5;25120;25136.75;1848
20260305 145700;25135.75;25139.5;25125;25135.5;1023
20260305 145800;25135;25168.25;25134.25;25166;2052
20260305 145900;25165.5;25184.25;25163;25182.25;1867
20260305 150000;25182.5;25187.75;25172;25186;1516
20260305 150100;25185.5;25209.75;25184.25;25204.5;3835
20260305 150200;25203.75;25206.25;25179.75;25183.75;2062
20260305 150300;25184.25;25197;25176.75;25194.5;1456
20260305 150400;25195.25;25195.5;25172.75;25175.5;1422
20260305 150500;25175.75;25187.5;25166.25;25171.75;1725
20260305 150600;25171.5;25176.25;25155.75;25163.75;1723
20260305 150700;25164;25172.25;25154.75;25157.5;977
20260305 150800;25157.25;25179.75;25137.75;25144.5;2035
20260305 150900;25145.75;25148.5;25126.25;25127.25;1530
20260305 151000;25128.25;25149.75;25126;25145.5;1424
20260305 151100;25146;25173.5;25143;25152.5;2059
20260305 151200;25152;25163.25;25131.5;25132;1607
20260305 151300;25130.75;25156;25130;25145.75;1290
20260305 151400;25144.75;25168.75;25137;25166.25;1368
20260305 151500;25167;25181.75;25164.25;25176;1271
20260305 151600;25176.5;25180.25;25159.25;25170.25;1165
20260305 151700;25168.75;25174.75;25131.25;25137.25;1694
20260305 151800;25137.5;25141.75;25117.5;25130;1653
20260305 151900;25129.75;25131.25;25106.75;25125.25;1343
20260305 152000;25125.75;25126;25103;25107.75;1369
20260305 152100;25107.75;25108;25086.25;25099;1755
20260305 152200;25098.75;25106;25080.25;25085.25;1323
20260305 152300;25084.25;25088;25049;25065.75;2286
20260305 152400;25065;25072;25052.25;25056;1298
20260305 152500;25055.75;25057;25023.5;25024;2539
20260305 152600;25023.25;25033.25;25013.25;25019.5;2042
20260305 152700;25019.5;25031.75;25010.75;25011.75;1934
20260305 152800;25011.75;25029.25;25000;25007;2445
20260305 152900;25007.5;25016;24992;24992;1366
20260305 153000;24991.75;25011.5;24991.75;25011.25;1216
20260305 153100;25012;25013.75;24945.25;24953.5;4375
20260305 153200;24953.75;24959.5;24935.5;24940;2108
20260305 153300;24939.75;24955.5;24930.5;24953.5;2868
20260305 153400;24953.25;24982.25;24947.5;24975.75;2412
20260305 153500;24975.25;24979.75;24958.75;24975;1218
20260305 153600;24974.75;24977;24958.5;24975.75;1793
20260305 153700;24976.25;25004.75;24975.25;24981.5;2021
20260305 153800;24982.75;25020;24982.5;25013.5;2232
20260305 153900;25011.25;25028.25;25002;25028.25;1304
20260305 154000;25028.25;25044.5;25018.25;25041.5;1727
20260305 154100;25043.25;25072.75;25043.25;25049.5;2535
20260305 154200;25048.75;25066.5;25043.25;25065.5;1426
20260305 154300;25065.75;25071;25046.25;25052.5;1557
20260305 154400;25052.5;25057.5;25018.25;25028.25;1757
20260305 154500;25028.75;25043.75;25022.5;25041.25;1139
20260305 154600;25041.25;25062;25039;25050;1764
20260305 154700;25051.25;25054;25033;25052.75;921
20260305 154800;25052;25066.25;25048;25063.25;1186
20260305 154900;25062.75;25079.5;25052;25059.25;1625
20260305 155000;25058.5;25060.5;25032.75;25040.75;1223
20260305 155100;25040.5;25082;25036;25080.5;1528
20260305 155200;25081.75;25085.5;25069.5;25079.5;1196
20260305 155300;25079.25;25090.25;25070.25;25077;990
20260305 155400;25076.5;25090.75;25070.25;25084.25;1048
20260305 155500;25084.5;25098;25075;25078.5;1020
20260305 155600;25077;25086.25;25062.25;25079;1232
20260305 155700;25079.5;25081.25;25050;25052.75;1305
20260305 155800;25053.5;25069.25;25049.75;25062;1049
20260305 155900;25060;25072.5;25053.25;25068;660
20260305 160000;25068.5;25083.75;25061.25;25082.5;1097
20260305 160100;25080.25;25093.25;25072;25076;1514
20260305 160200;25076.75;25085.75;25059.75;25070.5;922
20260305 160300;25070.5;25070.75;25047.25;25054.75;1266
20260305 160400;25054.75;25068.5;25045.75;25048;815
20260305 160500;25047.5;25052.75;25027.5;25029.5;1382
20260305 160600;25029.75;25052.75;25029.75;25038.25;975
20260305 160700;25038.75;25040.5;25022.75;25034.75;943
20260305 160800;25035.5;25038;25022.75;25025.5;854
20260305 160900;25025.25;25026.75;25005;25010;1125
20260305 161000;25009.25;25015;24998;24998.5;1115
20260305 161100;24998;25001;24980.5;24981;1134
20260305 161200;24980.5;24981;24957;24973.5;1868
20260305 161300;24972.5;24979.75;24962;24974;1320
20260305 161400;24973.25;25014.5;24962.25;25006.5;2706
20260305 161500;25006.25;25008.25;24981.25;24986;1639
20260305 161600;24985.75;25000.5;24966;24971.5;1732
20260305 161700;24970;24987.75;24961;24964.25;1318
20260305 161800;24965;24970.5;24952.5;24956.75;1203
20260305 161900;24957.5;24979.75;24948;24972.75;2103
20260305 162000;24973.75;24976;24942;24944.25;2020
20260305 162100;24945;24966.5;24942.5;24958.75;1472
20260305 162200;24959.25;24978.25;24951.25;24974.5;1023
20260305 162300;24973.5;25009.75;24969;25008.25;1675
20260305 162400;25008.75;25011.5;24972.5;24974.5;1005
20260305 162500;24976;24996.25;24973.5;24986;1054
20260305 162600;24985.5;25006.75;24974;24999;913
20260305 162700;24999.25;25008.75;24985;24989;903
20260305 162800;24989.75;25001.75;24985.5;24992.5;550
20260305 162900;24992.25;25000;24966.25;24974.25;996
20260305 163000;24974.5;24974.5;24965.5;24967.25;686
20260305 163100;24967.75;24987.25;24965.5;24985.75;1230
20260305 163200;24985;25020;24983;25016.75;1293
20260305 163300;25017.25;25022.75;25008;25017.75;822
20260305 163400;25018.5;25032;25018.25;25023.25;977
20260305 163500;25022.25;25025;24986.25;25002.75;1426
20260305 163600;25003.25;25012;24994;25003.25;955
20260305 163700;25003;25018.75;25002.75;25005;778
20260305 163800;25005.25;25028;25003;25023;688
20260305 163900;25025;25029;25012.5;25019;721
20260305 164000;25020.25;25036.75;25012;25019.5;778
20260305 164100;25018.75;25039.75;25018.75;25028.75;694
20260305 164200;25029.5;25031;24996.5;25002;1036
20260305 164300;25001.75;25009;24989.75;24994.5;662
20260305 164400;24993.75;25012.75;24993.75;25009.25;617
20260305 164500;25008.5;25017.25;25003.5;25005.75;531
20260305 164600;25007.5;25043.75;25006;25042.25;1435
20260305 164700;25041.5;25053;25025;25039.5;1512
20260305 164800;25038.75;25054.25;25030.5;25047.5;823
20260305 164900;25047;25053.25;25035.25;25036.5;690
20260305 165000;25036.25;25041.5;25019.5;25026.5;742
20260305 165100;25026.25;25040.75;25024.25;25034.5;526
20260305 165200;25035;25035;25009.75;25010;564
20260305 165300;25010.5;25023;25009.75;25017.75;477
20260305 165400;25018.5;25028.25;25010.5;25014.25;529
20260305 165500;25015;25033.5;25011.5;25026.25;517
20260305 165600;25027;25038;25022.5;25032;558
20260305 165700;25031.5;25043.25;25028.5;25035.5;638
20260305 165800;25035.5;25046.25;25035;25037.75;552
20260305 165900;25036.75;25042;25032;25035.5;613
20260305 170000;25036.5;25049.25;25033;25042.5;648
20260305 170100;25043;25053;25035;25042.5;715
20260305 170200;25042.5;25052.25;25039.5;25046.25;511
20260305 170300;25046.5;25058.5;25046.5;25054;581
20260305 170400;25053.75;25080.25;25050.75;25078.5;1155
20260305 170500;25078.5;25112.5;25078.25;25110.75;2524
20260305 170600;25110.75;25115.25;25098.75;25113.75;1926
20260305 170700;25113.75;25123;25088;25091.5;2316
20260305 170800;25092;25092;25056.75;25061.75;1557
20260305 170900;25061.25;25073.5;25059.75;25071.5;870
20260305 171000;25072.75;25073.75;25044;25045;940
20260305 171100;25044.5;25045;25005.75;25008;1799
20260305 171200;25008;25034;25008;25034;1069
20260305 171300;25034;25055.25;25027.25;25051.25;950
20260305 171400;25052.25;25055.75;25015;25028.25;1427
20260305 171500;25028.25;25037.25;25024.75;25032;733
20260305 171600;25032.75;25033.75;24994;24995.75;1264
20260305 171700;24996;25010.5;24982;24990.75;1236
20260305 171800;24989.25;24994.25;24983.75;24987.5;611
20260305 171900;24985.75;24987;24976;24977.75;685
20260305 172000;24977.5;24978.75;24955.75;24962.75;1340
20260305 172100;24965.5;24976.75;24956.25;24957.5;1135
20260305 172200;24956.5;24958.75;24940.25;24946.25;1526
20260305 172300;24946.25;24964.25;24946;24960.75;1128
20260305 172400;24961.5;24968.5;24956.25;24966.5;826
20260305 172500;24966.5;24986.75;24966.25;24974.5;1448
20260305 172600;24975.75;24980.25;24964.75;24970.75;662
20260305 172700;24969.75;24975;24946.5;24972.75;968
20260305 172800;24972.25;24983.25;24964.25;24965;705
20260305 172900;24967;24994.25;24966.75;24970;1278
20260305 173000;24970.5;24972.75;24927;24927.25;3502
20260305 173100;24928.75;24944;24922.75;24927.25;2466
20260305 173200;24927;24927.25;24883.75;24886.75;2657
20260305 173300;24886;24889.75;24868;24879;1707
20260305 173400;24879.75;24891.5;24871.5;24876.25;1244
20260305 173500;24876;24881.25;24863.25;24869.5;1256
20260305 173600;24868.75;24886;24864;24867;1319
20260305 173700;24866.75;24877.25;24857.25;24861.75;1186
20260305 173800;24861.25;24919.5;24852;24917;3450
20260305 173900;24918.5;24922.75;24883.5;24886;1755
20260305 174000;24885.5;24900;24877;24886.5;964
20260305 174100;24886.25;24905.5;24877;24898.25;957
20260305 174200;24898;24898;24853.75;24854.5;1118
20260305 174300;24854.75;24862.25;24846;24849.75;1387
20260305 174400;24850;24875;24844.25;24848.75;1245
20260305 174500;24849;24859.25;24834.5;24849.5;1447
20260305 174600;24849.25;24851;24831.5;24835.5;1097
20260305 174700;24834.25;24842;24827.25;24835.75;805
20260305 174800;24835.75;24844;24830.75;24840.5;653
20260305 174900;24840;24851;24819;24827.5;1792
20260305 175000;24828.5;24835.5;24807.5;24813.25;1475
20260305 175100;24813;24816.75;24791.75;24798.5;1534
20260305 175200;24798.5;24832.5;24793.75;24820;1784
20260305 175300;24821;24852.25;24814.5;24847.5;1555
20260305 175400;24849.25;24849.25;24824.25;24827.75;1136
20260305 175500;24828;24828;24802.75;24811.25;1330
20260305 175600;24809.75;24813;24789.25;24796;1381
20260305 175700;24797.75;24803.5;24789;24801.25;1489
20260305 175800;24802.75;24818.25;24795.75;24815;1438
20260305 175900;24815.25;24822.75;24801.25;24809;1333
20260305 180000;24808.25;24819.5;24804.5;24807;780
20260305 180100;24807;24825.75;24799.5;24817.5;1292
20260305 180200;24817.25;24831.25;24806.75;24826.5;1033
20260305 180300;24826.25;24835.5;24809.25;24811;1333
20260305 180400;24810.25;24827.25;24810.25;24827;850
20260305 180500;24827;24844;24821.75;24836;1088
20260305 180600;24835.75;24847.75;24822.5;24840.75;1093
20260305 180700;24840.75;24858.25;24834.5;24847;1743
20260305 180800;24846.5;24870;24844.25;24869.5;1332
20260305 180900;24870.25;24878;24860.25;24865.5;1011
20260305 181000;24866.5;24871.25;24849.5;24871.25;755
20260305 181100;24870;24877.25;24858;24873;832
20260305 181200;24872.5;24872.75;24850.25;24851;771
20260305 181300;24852.5;24873.75;24845.75;24870;823
20260305 181400;24869.25;24882.75;24859.75;24882.75;626
20260305 181500;24882;24887.5;24876;24876;750
20260305 181600;24875.5;24888.75;24864.75;24871;938
20260305 181700;24870.75;24874.5;24861.75;24865.25;653
20260305 181800;24865.5;24868;24853.75;24853.75;591
20260305 181900;24856.25;24866.5;24836.5;24838.75;927
20260305 182000;24838.75;24839.75;24802.5;24805.5;1449
20260305 182100;24806;24821.5;24806;24812.5;742
20260305 182200;24811;24824.25;24802.25;24819.25;1544
20260305 182300;24818.75;24855;24818;24845.75;1132
20260305 182400;24846.75;24850.75;24834;24835.75;568
20260305 182500;24835.25;24840.75;24828.5;24835.5;649
20260305 182600;24834;24837.25;24806;24806;819
20260305 182700;24805.25;24807.25;24787;24790;1156
20260305 182800;24790;24803.5;24781.75;24799;948
20260305 182900;24799.5;24808.75;24786.25;24789.5;756
20260305 183000;24790;24803.5;24784.5;24794;841
20260305 183100;24792.5;24824;24791.25;24800;1638
20260305 183200;24798.5;24805.5;24784.5;24804.25;758
20260305 183300;24804.25;24807.75;24776.5;24785.5;860
20260305 183400;24786.5;24800.5;24772.5;24799;825
20260305 183500;24800;24806.75;24790.75;24797.25;575
20260305 183600;24797.5;24822;24797.5;24810.25;802
20260305 183700;24810.25;24812.75;24795.25;24795.25;686
20260305 183800;24794.25;24811.75;24794.25;24811;483
20260305 183900;24810.25;24828.5;24810.25;24824;761
20260305 184000;24826.25;24830;24813.25;24813.75;536
20260305 184100;24814.25;24843.5;24811.75;24840.25;760
20260305 184200;24841;24845.25;24832;24835.25;582
20260305 184300;24835.5;24861.75;24835.5;24856.25;858
20260305 184400;24857.75;24869.75;24842;24850.25;1003
20260305 184500;24851.5;24864;24849.25;24859.25;399
20260305 184600;24859.25;24862;24826.25;24826.5;1018
20260305 184700;24826.25;24848;24814;24844.5;805
20260305 184800;24845.5;24853.5;24839.75;24845.5;560
20260305 184900;24845.25;24847.5;24824.25;24828.75;681
20260305 185000;24828.75;24829.25;24816.5;24825.75;525
20260305 185100;24825.75;24827;24805.5;24807.75;805
20260305 185200;24807;24813.25;24789.25;24789.5;778
20260305 185300;24789;24800;24784.5;24799.25;1226
20260305 185400;24798.5;24802;24791;24795.25;854
20260305 185500;24795;24802.75;24775.25;24782.25;1420
20260305 185600;24782;24795.75;24782;24793.75;655
20260305 185700;24794.5;24807;24791.75;24793.75;627
20260305 185800;24794;24817.75;24790.5;24812.25;855
20260305 185900;24812.25;24832.25;24807;24810.5;898
20260305 190000;24810.5;24818.25;24809.25;24814;654
20260305 190100;24814;24828.25;24803;24826.25;1076
20260305 190200;24827;24843;24823.75;24831;943
20260305 190300;24831.5;24846.5;24827;24841.75;517
20260305 190400;24843.5;24845.75;24825.5;24829.25;767
20260305 190500;24829.25;24844.75;24820.75;24832.75;665
20260305 190600;24831.75;24852;24830.75;24849.5;586
20260305 190700;24847.75;24859.75;24836.5;24837.25;738
20260305 190800;24838.25;24850.75;24836.75;24845;482
20260305 190900;24845.5;24848.25;24830.75;24839.25;530
20260305 191000;24838;24845.25;24834.25;24839.75;409
20260305 191100;24840;24844.5;24825;24830.75;461
20260305 191200;24831.25;24846;24829.25;24830.75;498
20260305 191300;24832.25;24844.25;24822.5;24839.75;469
20260305 191400;24841.25;24858.25;24840.5;24857.25;568
20260305 191500;24857.25;24860;24848.25;24854;469
20260305 191600;24854.75;24856.75;24838.25;24839.25;563
20260305 191700;24840;24847.75;24831.5;24831.5;404
20260305 191800;24831.5;24850;24829.25;24840.75;487
20260305 191900;24840.5;24858.25;24840;24847.5;482
20260305 192000;24848;24862.5;24843.5;24859.75;361
20260305 192100;24860.5;24880.75;24854.75;24855;1140
20260305 192200;24855.75;24865.5;24848.75;24861.5;707
20260305 192300;24861.5;24867.25;24847.75;24848;559
20260305 192400;24847;24862.25;24838;24856.5;538
20260305 192500;24856;24862.25;24850.5;24855.75;298
20260305 192600;24857.5;24863.5;24819.25;24819.5;654
20260305 192700;24819;24833.5;24814.25;24825.5;888
20260305 192800;24827;24831;24816.75;24822.75;479
20260305 192900;24822.75;24836;24822.75;24826.25;405
20260305 193000;24825.75;24844.25;24824.5;24839;452
20260305 193100;24839.25;24839.25;24806;24807;1201
20260305 193200;24807.5;24816.25;24802.5;24815.5;700
20260305 193300;24816.25;24816.25;24792.5;24801.75;948
20260305 193400;24802.75;24818.5;24797.75;24811.5;623
20260305 193500;24811.25;24817.5;24804.5;24809.75;502
20260305 193600;24809.25;24819;24803.75;24806;520
20260305 193700;24805.25;24810.25;24797;24800.5;648
20260305 193800;24801;24810;24795.5;24808;594
20260305 193900;24809;24826;24809;24821.5;754
20260305 194000;24820.25;24825.75;24810.25;24822.5;623
20260305 194100;24824;24834.25;24820.25;24828.5;678
20260305 194200;24828;24846.5;24828;24840;653
20260305 194300;24841;24850;24828.5;24844.75;580
20260305 194400;24844.25;24849.25;24834.5;24836;512
20260305 194500;24837.5;24852;24835.75;24850.25;496
20260305 194600;24850;24853.25;24832.25;24850.75;699
20260305 194700;24850;24862.75;24847.5;24857.5;729
20260305 194800;24855.25;24857.25;24847.5;24852.75;274
20260305 194900;24852.25;24866;24852.25;24863;546
20260305 195000;24864;24873;24861.25;24865.5;683
20260305 195100;24865.5;24882.25;24864.25;24871.75;847
20260305 195200;24872.75;24877.25;24861.5;24862.75;696
20260305 195300;24862.75;24869.25;24848;24863.25;772
20260305 195400;24863;24865.5;24854.5;24859.75;541
20260305 195500;24860;24864;24835.75;24835.75;803
20260305 195600;24836;24839.75;24823;24835.25;844
20260305 195700;24834.5;24849.25;24832.25;24843.5;705
20260305 195800;24842.5;24862;24842.5;24858.75;489
20260305 195900;24858;24865.25;24850;24859.5;488
20260305 200000;24860.75;24862.25;24852.75;24858;509
20260305 200100;24857.75;24862.5;24847;24853.5;664
20260305 200200;24852.5;24866;24848.25;24857.5;456
20260305 200300;24858.5;24865.25;24852;24858.75;407
20260305 200400;24859.5;24859.5;24832.5;24840.5;722
20260305 200500;24840;24904;24826.75;24896;3891
20260305 200600;24894.5;24897.25;24863.5;24868;1835
20260305 200700;24866.75;24873.75;24843.25;24867.25;1101
20260305 200800;24867;24886.75;24859.5;24860;1075
20260305 200900;24860.5;24915.5;24852.75;24910;1814
20260305 201000;24911.5;24913.75;24891;24901.5;1412
20260305 201100;24902.25;24926;24898.75;24924.75;1534
20260305 201200;24924.75;24934.75;24911.5;24915;1450
20260305 201300;24914.5;24932;24908;24908.25;965
20260305 201400;24907.5;24923.5;24901.25;24914;773
20260305 201500;24914;24923.75;24905.5;24919;663
20260305 201600;24920;24936;24908;24909.75;1186
20260305 201700;24909;24921.25;24902.5;24917.25;908
20260305 201800;24918.25;24927;24911;24916.5;622
20260305 201900;24917.75;24946;24915.75;24944;1136
20260305 202000;24944;24946.5;24929.5;24931.75;909
20260305 202100;24930.75;24944.75;24921.75;24927;869
20260305 202200;24926.5;24949;24923.5;24944.5;821
20260305 202300;24944.5;24953.75;24938;24946.5;810
20260305 202400;24947;24965;24946.5;24963.5;1053
20260305 202500;24962.5;24966.5;24953;24966;917
20260305 202600;24966;24992.5;24965.5;24985;1590
20260305 202700;24985.25;24994.25;24981.75;24988.5;1103
20260305 202800;24988;24992.25;24973.75;24975;1283
20260305 202900;24975.75;24982.5;24966.75;24968.25;1144
20260305 203000;24968;24969.5;24951;24955;1351
20260305 203100;24954.25;24963.75;24941;24962.75;1562
20260305 203200;24962;24974.75;24961.25;24971.5;658
20260305 203300;24970.75;24984.25;24968.75;24982.25;640
20260305 203400;24982;24983.25;24960.5;24980;785
20260305 203500;24979.25;24988.5;24977.25;24984.5;725
20260305 203600;24983;24994.25;24979.5;24986;650
20260305 203700;24986.5;24992.5;24978.25;24984;520
20260305 203800;24983.75;24991.5;24981.75;24990.75;559
20260305 203900;24991.25;24999;24990.5;24998.5;801
20260305 204000;24997.75;24999.5;24973.5;24979.5;983
20260305 204100;24980.5;24982;24972.5;24976;621
20260305 204200;24976.75;24980;24966;24971.75;784
20260305 204300;24972.75;24981.5;24970.25;24976.75;674
20260305 204400;24977;24978.5;24958;24962.5;893
20260305 204500;24962.25;24969.75;24950.25;24967.75;1088
20260305 204600;24968;24979.5;24953.75;24958.75;1106
20260305 204700;24959.25;24963.75;24946;24956.75;849
20260305 204800;24957;24961.5;24944;24956;789
20260305 204900;24956.5;24983;24951.75;24980;872
20260305 205000;24980;24990;24977;24989.25;854
20260305 205100;24989.75;25025;24989.75;25010.25;3672
20260305 205200;25010;25017.5;24993.5;25006.25;1133
20260305 205300;25005.75;25017.25;25001;25017;1126
20260305 205400;25016;25022.25;25008.75;25013.75;1231
20260305 205500;25013.25;25030;25004.75;25028.25;2186
20260305 205600;25027.25;25037;25017.5;25020.25;2095
20260305 205700;25020;25039.25;25016.5;25034.75;1388
20260305 205800;25035;25054;25030.75;25048.25;2439
20260305 205900;25048.5;25053.25;25044.25;25048.5;1803
20260305 210000;25048;25056;25039.5;25048.5;6930
20260305 210100;25047.25;25051;25031.75;25039.25;3385
20260305 210200;25038.5;25039;25030.25;25032.5;972
20260305 210300;25032.5;25034;25023;25032.25;664
20260305 210400;25031.75;25035;25026;25026.75;371
20260305 210500;25026.75;25039;25025;25034;557
20260305 210600;25034;25049;25031.25;25036.75;749
20260305 210700;25038;25038;25029;25030.5;296
20260305 210800;25030.5;25033;25024;25028.25;276
20260305 210900;25029;25032;25025;25026;249
20260305 211000;25025.25;25036;25024;25035.75;303
20260305 211100;25036;25037.25;25029.75;25033.25;320
20260305 211200;25033;25033.25;25023;25024.75;268
20260305 211300;25024.5;25027;25021;25025.25;299
20260305 211400;25025.25;25028;25020.5;25026.25;217
20260305 211500;25026.25;25034;25024.75;25030.75;362
20260305 211600;25030.75;25038.75;25027.5;25036.75;309
20260305 211700;25036.25;25042;25032.5;25032.75;328
20260305 211800;25032.75;25045.25;25031.75;25043.5;289
20260305 211900;25043.5;25044;25032;25033;286
20260305 212000;25032.25;25035;25031;25032.25;269
20260305 212100;25032.5;25036.5;25029;25032;283
20260305 212200;25031.25;25032.5;25024.75;25026;163
20260305 212300;25026.75;25028.5;25019;25019;192
20260305 212400;25019.25;25023.25;25016.5;25021.75;183
20260305 212500;25021.25;25023.25;25016.5;25017.75;360
20260305 212600;25018.25;25021.25;25017;25019.25;115
20260305 212700;25019.5;25021.25;25014.25;25020;161
20260305 212800;25020;25020.75;25013.5;25019;257
20260305 212900;25018.5;25020.25;25010;25014.5;247
20260305 213000;25014.75;25030.75;25012.5;25029;373
20260305 213100;25029.5;25029.5;25020.25;25020.25;199
20260305 213200;25019.5;25021.75;25012.25;25016.5;158
20260305 213300;25015.5;25015.5;25013;25014.5;86
20260305 213400;25014.25;25014.25;25009.75;25010;112
20260305 213500;25010;25011.25;25004.5;25010;197
20260305 213600;25009.75;25010.75;25004.5;25007.75;105
20260305 213700;25008.5;25009.75;25002.5;25008.5;151
20260305 213800;25007.75;25024.25;25007.75;25009.5;429
20260305 213900;25009;25014.5;25005.25;25010.75;176
20260305 214000;25012;25014;25008.5;25012.5;155
20260305 214100;25012.25;25012.5;25008.25;25012.5;95
20260305 214200;25011;25012;25008.5;25011.25;87
20260305 214300;25012;25015.75;25008.75;25009.75;173
20260305 214400;25009;25010;25002.75;25004;170
20260305 214500;25005;25011;25004.25;25010.75;111
20260305 214600;25010.75;25013;25004.25;25005.25;94
20260305 214700;25005;25007.75;25002.5;25005.75;161
20260305 214800;25005.75;25006.25;25000.25;25002.75;160
20260305 214900;25003.25;25007.25;25001.25;25007.25;115
20260305 215000;25006.25;25011.75;25006.25;25008.5;78
20260305 215100;25008.75;25012;25007;25012;98
20260305 215200;25013;25021.25;25012;25017.75;173
20260305 215300;25018.75;25020.5;25014;25018.5;166
20260305 215400;25018.25;25018.5;25011.5;25011.5;206
20260305 215500;25011.25;25013.5;25009.25;25009.75;95
20260305 215600;25010.5;25021.5;25010.5;25012;169
20260305 215700;25012;25013.25;25007.5;25009.25;69
20260305 215800;25009.75;25010.5;25005.5;25008.75;50
20260305 215900;25008.75;25010.5;25003.25;25006.5;150
20260305 220000;25006.5;25012;25005.5;25010.5;148
20260305 230100;25019.75;25023.75;25004.75;25006.75;270
20260305 230200;25008;25015;25002.75;25005.5;151
20260305 230300;25003.75;25014;25001;25011.75;89
20260305 230400;25013.75;25025.75;25011.75;25022.75;174
20260305 230500;25024.75;25033;25021;25029.25;164
20260305 230600;25030;25034.75;25020.25;25021.75;93
20260305 230700;25023;25034.75;25022.5;25031.5;80
20260305 230800;25032;25037.5;25028.75;25033.25;122
20260305 230900;25030.75;25041.25;25025.5;25035.25;166
20260305 231000;25034.5;25036.5;25031.25;25033;91
20260305 231100;25035;25041.25;25033;25033.75;88
20260305 231200;25032.25;25045;25029.25;25038.25;117
20260305 231300;25038.25;25045.5;25038.25;25042;63
20260305 231400;25040.25;25046.25;25040.25;25043.75;71
20260305 231500;25042.25;25044;25032;25036.5;55
20260305 231600;25036.5;25040.5;25031;25038.5;49
20260305 231700;25038.5;25043;25037.75;25037.75;34
20260305 231800;25038;25041.75;25036;25041.75;22
20260305 231900;25040.25;25041.75;25037;25040.5;36
20260305 232000;25038.5;25039.25;25036.5;25038.75;21
20260305 232100;25038.5;25043.75;25037;25040.75;51
20260305 232200;25041.75;25041.75;25038.75;25040.25;17
20260305 232300;25040.25;25041.25;25039;25040.25;41
20260305 232400;25040;25042.75;25038.75;25039.75;85
20260305 232500;25041;25043;25034.75;25037.25;127
20260305 232600;25036.25;25038.5;25033.5;25036;75
20260305 232700;25036.5;25038;25030.75;25035;88
20260305 232800;25034.5;25034.5;25028.25;25028.5;70
20260305 232900;25028.5;25042;25028.25;25041.25;146
20260305 233000;25042;25055.5;25041.5;25047.5;306
20260305 233100;25049;25050.75;25042.75;25043.5;109
20260305 233200;25043.5;25049;25043.5;25047.25;60
20260305 233300;25048;25048.75;25040;25044;92
20260305 233400;25045;25045.5;25040.5;25043;65
20260305 233500;25044;25046;25040;25041.25;75
20260305 233600;25041;25042.75;25038;25040;64
20260305 233700;25040.5;25042.75;25038.5;25041.5;41
20260305 233800;25041.75;25042;25037.25;25038.25;77
20260305 233900;25039;25050.75;25038.75;25047;95
20260305 234000;25047.25;25050.75;25046.25;25050.5;48
20260305 234100;25050;25055;25050;25051;104
20260305 234200;25051;25064.5;25051;25062.75;224
20260305 234300;25062;25066;25060.75;25065.5;126
20260305 234400;25063.25;25066.25;25057.25;25058.75;249
20260305 234500;25058.5;25064;25057;25061;109
20260305 234600;25060;25061;25051;25059.75;147
20260305 234700;25060.75;25067.25;25058;25060.75;159
20260305 234800;25059.75;25066.25;25057.75;25062.75;80
20260305 234900;25062;25064.5;25058.75;25059.25;41
20260305 235000;25059.25;25061;25051.25;25051.25;79
20260305 235100;25050.75;25056.25;25046.25;25053.5;130
20260305 235200;25053.5;25065.5;25052.75;25065.5;182
20260305 235300;25065.25;25069.25;25063.75;25064.5;88
20260305 235400;25064;25067.5;25060.75;25064;54
20260305 235500;25063.5;25065.5;25058;25059.75;56
20260305 235600;25058.75;25065.25;25058.75;25064.75;47
20260305 235700;25064.75;25070;25063.25;25066.75;79
20260305 235800;25067.25;25067.25;25061.75;25064.25;58
20260305 235900;25063;25067;25061.75;25065.5;80
20260306 000000;25067;25067.5;25058.5;25060;82
20260306 000100;25059.75;25067.75;25059.25;25060.75;220
20260306 000200;25061.25;25075;25061.25;25072.75;213
20260306 000300;25072.5;25076;25067.5;25070.5;168
20260306 000400;25070;25074.5;25066;25070.25;87
20260306 000500;25071.5;25083.5;25071;25075.5;295
20260306 000600;25076.5;25080.25;25074.25;25077;130
20260306 000700;25076.5;25085;25076.5;25082.5;155
20260306 000800;25082.25;25089.75;25082.25;25083;208
20260306 000900;25082.75;25090.5;25082.25;25087.75;131
20260306 001000;25087;25092.75;25087;25087;96
20260306 001100;25086.25;25092.5;25086.25;25087.25;71
20260306 001200;25087.25;25096.25;25087;25094.75;115
20260306 001300;25095;25095.5;25090;25090;83
20260306 001400;25090.5;25096;25089.75;25094.75;90
20260306 001500;25094;25098;25092.25;25092.25;80
20260306 001600;25092;25095;25079.25;25081.75;276
20260306 001700;25081.75;25089;25080.75;25089;105
20260306 001800;25089;25090;25083;25083.75;62
20260306 001900;25085;25087.75;25080;25083.75;58
20260306 002000;25082;25086;25080.75;25082.25;41
20260306 002100;25082;25088;25080.5;25083;79
20260306 002200;25083.5;25086.75;25081.75;25081.75;42
20260306 002300;25081.25;25082;25076;25078.75;105
20260306 002400;25078;25079.5;25075.25;25079.5;52
20260306 002500;25079.5;25080.75;25075.5;25075.75;69
20260306 002600;25077;25082.5;25071.75;25072.25;104
20260306 002700;25071.75;25074.75;25065.75;25074;186
20260306 002800;25075;25079.5;25072.75;25078.25;85
20260306 002900;25077.75;25081;25076.25;25077.5;73
20260306 003000;25078.5;25078.5;25072;25072.75;71
20260306 003100;25074;25080;25073.25;25076.5;219
20260306 003200;25076.25;25078;25072.25;25074.5;97
20260306 003300;25074.75;25074.75;25066.75;25071.25;112
20260306 003400;25071.5;25077.5;25068;25072.25;353
20260306 003500;25071.5;25076.25;25070.5;25075.25;99
20260306 003600;25076;25076.5;25074;25075;50
20260306 003700;25074.75;25084;25072;25079;247
20260306 003800;25078.25;25085.25;25076.25;25082.75;59
20260306 003900;25080.75;25080.75;25074.5;25076.25;61
20260306 004000;25077.5;25078.75;25072.5;25074.75;46
20260306 004100;25073.75;25080.75;25072.5;25079.75;76
20260306 004200;25078.75;25084;25076.75;25081.75;114
20260306 004300;25082.5;25084;25080;25084;62
20260306 004400;25083.25;25084;25077.5;25080;164
20260306 004500;25079.5;25085.75;25079.5;25085.5;43
20260306 004600;25084.75;25085.75;25082.75;25085;48
20260306 004700;25084.75;25088.5;25082;25086.5;99
20260306 004800;25087;25090;25081.75;25089.75;131
20260306 004900;25087.75;25092.75;25086.5;25091.75;93
20260306 005000;25090.75;25090.75;25085.25;25087.5;53
20260306 005100;25087;25088;25081.5;25081.5;106
20260306 005200;25080.75;25080.75;25068;25077;282
20260306 005300;25074.25;25082.5;25073.5;25073.75;73
20260306 005400;25075.25;25078;25071.25;25071.5;77
20260306 005500;25073;25079.5;25071.25;25072.75;90
20260306 005600;25073.75;25073.75;25069.75;25073.25;78
20260306 005700;25072.5;25073.75;25068;25071.25;54
20260306 005800;25071.5;25074;25067;25067;68
20260306 005900;25068;25073;25068;25071.5;36
20260306 010000;25072.25;25078;25069.75;25075;98
20260306 010100;25073.5;25077.75;25068;25075;158
20260306 010200;25075;25082;25068;25080.5;220
20260306 010300;25079.75;25085.5;25076.75;25085;170
20260306 010400;25083.5;25085.75;25076;25076;95
20260306 010500;25076.75;25081;25076.5;25080.25;49
20260306 010600;25081.5;25090;25081;25089.25;204
20260306 010700;25088;25090.75;25073.25;25073.25;140
20260306 010800;25074.5;25077.25;25070;25072.25;99
20260306 010900;25075.25;25078;25066.75;25068.25;92
20260306 011000;25068;25076;25068;25071.5;104
20260306 011100;25073.5;25081;25072;25080.25;83
20260306 011200;25081.25;25084.5;25073.25;25079;104
20260306 011300;25078.25;25084.5;25078.25;25082;94
20260306 011400;25082.75;25085.25;25078.5;25079.25;89
20260306 011500;25078.75;25078.75;25073.25;25075.5;68
20260306 011600;25076.25;25091;25075.25;25090.5;127
20260306 011700;25090.75;25091.25;25082.75;25083.5;87
20260306 011800;25082.75;25087;25080.25;25085.75;81
20260306 011900;25086;25086.5;25078.25;25080.75;48
20260306 012000;25081.5;25082.75;25073.75;25073.75;85
20260306 012100;25075.25;25078.25;25071.25;25073.75;82
20260306 012200;25074.5;25074.5;25070;25071.5;74
20260306 012300;25073.25;25073.75;25055.5;25058.75;318
20260306 012400;25059;25065;25058;25065;122
20260306 012500;25065.75;25067.75;25061;25061;105
20260306 012600;25062.75;25064.25;25053.25;25056;115
20260306 012700;25055.75;25061;25052.5;25057.25;80
20260306 012800;25057.5;25057.5;25042.75;25045.5;274
20260306 012900;25046.25;25046.75;25039.25;25039.25;199
20260306 013000;25039.25;25052;25038;25052;156
20260306 013100;25053;25063.25;25050.25;25055.75;206
20260306 013200;25055.25;25063.75;25054.5;25058;167
20260306 013300;25059.75;25062;25054.75;25059.25;54
20260306 013400;25058.25;25060;25054;25058.5;54
20260306 013500;25059.75;25076.25;25055.75;25076.25;178
20260306 013600;25076.5;25089;25076.5;25080;270
20260306 013700;25081;25086.5;25077;25082.25;114
20260306 013800;25083;25088.25;25080.25;25082.75;82
20260306 013900;25082;25083.25;25070;25075;120
20260306 014000;25074.75;25075;25062.75;25064.5;170
20260306 014100;25062.75;25073;25062.75;25072.5;99
20260306 014200;25073.75;25074.5;25066.75;25070.25;78
20260306 014300;25070.25;25072.5;25064.25;25066.75;94
20260306 014400;25065.5;25070;25063.5;25065.25;59
20260306 014500;25065.5;25066.25;25055.25;25055.25;96
20260306 014600;25055.25;25059.5;25051;25052;136
20260306 014700;25053.5;25054.25;25041.5;25044.25;144
20260306 014800;25044.75;25053;25044.75;25045.25;132
20260306 014900;25045.25;25051;25045.25;25048;85
20260306 015000;25050.25;25060.25;25046;25060;144
20260306 015100;25059.5;25064;25054.25;25062.75;111
20260306 015200;25064.25;25067.5;25062;25066.5;88
20260306 015300;25067;25069.5;25063;25067;66
20260306 015400;25066.5;25066.75;25063.5;25066.5;23
20260306 015500;25067;25068.5;25061.75;25064;40
20260306 015600;25063.75;25072.75;25063;25072.5;68
20260306 015700;25072.5;25084;25072.5;25078.75;162
20260306 015800;25078.5;25082.25;25074.25;25076;105
20260306 015900;25073.75;25075.5;25063.5;25065;120
20260306 020000;25065.25;25070.75;25064.25;25066;70
20260306 020100;25069.75;25071.75;25063.5;25068;86
20260306 020200;25067;25074.75;25061.25;25062.75;112
20260306 020300;25061.5;25073;25060;25072.5;74
20260306 020400;25072.25;25080.75;25071.25;25079.75;75
20260306 020500;25079.75;25082;25073.25;25076.75;85
20260306 020600;25074.75;25078;25074;25074.5;77
20260306 020700;25074.25;25079.25;25072;25073.5;41
20260306 020800;25076;25084;25076;25082.5;58
20260306 020900;25081.25;25082;25078;25078.75;30
20260306 021000;25078.75;25078.75;25073.75;25077.5;37
20260306 021100;25075.75;25081.75;25075.5;25080.75;40
20260306 021200;25082;25088.75;25082;25086.25;102
20260306 021300;25086.75;25094.5;25085.75;25092.75;184
20260306 021400;25092.75;25102.25;25091.75;25099;295
20260306 021500;25097;25103.5;25096.25;25103.5;218
20260306 021600;25102.5;25115.75;25102;25108;397
20260306 021700;25108;25108.75;25101.75;25105.25;129
20260306 021800;25105.5;25105.75;25098.75;25104;110
20260306 021900;25103.25;25103.25;25096.25;25099.25;79
20260306 022000;25099.75;25105.25;25097.75;25104;98
20260306 022100;25103.25;25111.5;25103.25;25106.25;125
20260306 022200;25106.75;25112.5;25103.5;25111.25;81
20260306 022300;25112.75;25116;25112;25114.25;122
20260306 022400;25113.25;25114.75;25106.5;25106.75;80
20260306 022500;25107.5;25110.25;25105.25;25107.25;57
20260306 022600;25106;25109.5;25103.25;25109.5;65
20260306 022700;25109.25;25112;25105.75;25109;70
20260306 022800;25106.5;25112.5;25106.5;25110;104
20260306 022900;25110.5;25112.75;25109.75;25111.75;42
20260306 023000;25111.25;25112.25;25107.75;25109.5;55
20260306 023100;25109.25;25112;25105.25;25106.75;85
20260306 023200;25107;25108;25102;25104;77
20260306 023300;25103;25108.25;25102;25105.75;64
20260306 023400;25106;25106;25099.5;25101.75;133
20260306 023500;25101.75;25101.75;25095;25096.25;100
20260306 023600;25095;25096.25;25088.5;25089;134
20260306 023700;25090;25094.5;25088.75;25092.25;62
20260306 023800;25093.25;25098.5;25092.25;25097;66
20260306 023900;25095.5;25095.75;25087.25;25090.5;175
20260306 024000;25090.5;25093;25088.5;25090.5;31
20260306 024100;25090.5;25094.5;25086.5;25087.25;65
20260306 024200;25087.25;25091.5;25085.75;25091.5;44
20260306 024300;25089.5;25091;25088;25090.5;30
20260306 024400;25090;25094.5;25089.75;25092.25;44
20260306 024500;25092.75;25094;25090;25092.75;46
20260306 024600;25093;25094;25089.5;25090.75;33
20260306 024700;25089.75;25091.25;25088;25090;46
20260306 024800;25089.75;25090;25085;25090;69
20260306 024900;25090.25;25090.75;25085.75;25089.75;43
20260306 025000;25089.5;25097;25089.25;25091.75;109
20260306 025100;25092.25;25093.25;25089.5;25089.5;45
20260306 025200;25090;25091;25083.25;25087.25;60
20260306 025300;25087.5;25091;25084;25088.75;100
20260306 025400;25087.75;25088;25079.75;25079.75;57
20260306 025500;25081.25;25081.25;25067;25071.25;249
20260306 025600;25071.5;25076.25;25070.25;25074.5;101
20260306 025700;25074;25077.5;25074;25075.5;49
20260306 025800;25074;25077.75;25073.5;25077.25;32
20260306 025900;25077.25;25078.5;25074.75;25075;52
20260306 030000;25074.5;25074.75;25070.25;25071.75;72
20260306 030100;25070.25;25087;25070;25085.25;212
20260306 030200;25085.75;25088.5;25082.75;25084.75;65
20260306 030300;25082.75;25091.25;25082.75;25090.5;41
20260306 030400;25088;25090;25086.75;25090;54
20260306 030500;25089.75;25099;25089.25;25098.75;99
20260306 030600;25099.5;25099.75;25092.25;25094;69
20260306 030700;25093.5;25099;25093.5;25098.75;39
20260306 030800;25097.5;25097.75;25093.25;25095;30
20260306 030900;25097.25;25098.75;25093.25;25093.25;47
20260306 031000;25094.5;25094.5;25089.75;25090.5;29
20260306 031100;25089.5;25095.5;25089;25092.25;51
20260306 031200;25093;25094;25090.5;25094;15
20260306 031300;25095;25095.25;25090.75;25090.75;22
20260306 031400;25089.5;25092;25088;25088;28
20260306 031500;25087.5;25089;25082.75;25085.25;50
20260306 031600;25085.5;25086.25;25079.25;25082.25;62
20260306 031700;25081.5;25082.5;25076.75;25082.5;73
20260306 031800;25082.25;25082.25;25078.5;25081.75;24
20260306 031900;25081.5;25083.5;25077.75;25081;54
20260306 032000;25080;25085;25079.25;25085;46
20260306 032100;25084.75;25088.5;25080.75;25085.25;61
20260306 032200;25088;25088.75;25083.75;25083.75;36
20260306 032300;25084;25088.75;25084;25087.5;13
20260306 032400;25088.25;25093;25088.25;25091.75;47
20260306 032500;25094.25;25095;25088.5;25089.25;39
20260306 032600;25090;25090.75;25083.75;25090.25;38
20260306 032700;25090.25;25091.25;25087;25088;26
20260306 032800;25089.75;25090.5;25084.5;25085.25;35
20260306 032900;25086.25;25086.75;25084.75;25085;17
20260306 033000;25086.25;25086.5;25080.5;25083.75;104
20260306 033100;25084.75;25089.5;25082.25;25083.75;54
20260306 033200;25085.25;25089;25083.75;25084.75;50
20260306 033300;25083.75;25083.75;25074.75;25082;132
20260306 033400;25078.25;25083;25078.25;25079.5;33
20260306 033500;25078.5;25081.75;25077.5;25078.75;59
20260306 033600;25077;25080.5;25074;25080.25;45
20260306 033700;25080.75;25087;25080.5;25084.25;54
20260306 033800;25082.75;25084.75;25077.75;25084.75;40
20260306 033900;25083.75;25083.75;25081.25;25083.5;22
20260306 034000;25084.25;25089.25;25084.25;25088.5;35
20260306 034100;25089.5;25096.25;25089.5;25095;77
20260306 034200;25093.75;25094.5;25090.5;25093.75;54
20260306 034300;25093.75;25097;25093.25;25094.5;73
20260306 034400;25095.25;25098.5;25094.25;25097.5;75
20260306 034500;25097.5;25102;25097.25;25097.5;116
20260306 034600;25098.5;25103.25;25097;25102.75;95
20260306 034700;25103.25;25103.25;25099;25100;63
20260306 034800;25100.75;25103.25;25098;25102.75;143
20260306 034900;25102.5;25103.25;25098.75;25100;96
20260306 035000;25100.25;25100.25;25097.75;25099.25;42
20260306 035100;25098.5;25103.25;25098.25;25102.75;103
20260306 035200;25103.25;25103.25;25095.5;25096.75;189
20260306 035300;25096.5;25097.25;25094.5;25094.75;20
20260306 035400;25098;25100.75;25096.25;25099.25;52
20260306 035500;25100;25101;25097.5;25098;40
20260306 035600;25098.5;25100.5;25098.5;25100.5;11
20260306 035700;25099.5;25102;25099.5;25101.75;24
20260306 035800;25102.25;25107.5;25100.25;25105;96
20260306 035900;25105;25112.5;25105;25111.25;98
20260306 040000;25111.75;25115;25109.75;25114.5;115
20260306 040100;25113;25114;25107;25109.75;85
20260306 040200;25110.75;25112.5;25108.75;25111.5;53
20260306 040300;25110;25112.75;25109.25;25111.5;50
20260306 040400;25113.25;25115.25;25112;25113.5;70
20260306 040500;25113.25;25114.25;25109.75;25110.5;58
20260306 040600;25109.25;25110.75;25107;25107.25;76
20260306 040700;25107.75;25111;25104;25111;124
20260306 040800;25111;25111.25;25108.5;25110;37
20260306 040900;25108;25110.5;25107.5;25110.5;61
20260306 041000;25109.25;25112.25;25106;25111.5;113
20260306 041100;25111;25111.75;25105;25105;55
20260306 041200;25104.5;25109.75;25103.75;25107.5;39
20260306 041300;25108.25;25109;25106.5;25107;41
20260306 041400;25106.25;25107.5;25104;25104.5;36
20260306 041500;25106.75;25107.25;25104.5;25105.25;28
20260306 041600;25106.75;25109.5;25105;25105;94
20260306 041700;25104.5;25108.5;25104;25105.75;35
20260306 041800;25105;25107.5;25104.75;25106.5;19
20260306 041900;25106.25;25106.25;25102.5;25103.75;43
20260306 042000;25104.5;25105.75;25103.25;25105.25;28
20260306 042100;25106.75;25108;25105;25105.75;14
20260306 042200;25105.75;25105.75;25102.5;25104;38
20260306 042300;25103.5;25104;25100;25100;26
20260306 042400;25101;25102.25;25099.75;25100.25;36
20260306 042500;25099.75;25102;25098.5;25101;41
20260306 042600;25100.75;25102.25;25098.5;25099.25;49
20260306 042700;25101.25;25101.75;25096;25097;48
20260306 042800;25096.25;25097.5;25093.5;25093.5;74
20260306 042900;25093.75;25098.25;25093.75;25095.25;24
20260306 043000;25095;25097;25094.75;25097;34
20260306 043100;25096.75;25100;25095.5;25095.5;32
20260306 043200;25096.5;25098;25096.25;25097.75;27
20260306 043300;25097.75;25103.75;25097.75;25103.75;35
20260306 043400;25105;25117.5;25105;25116.25;124
20260306 043500;25116.5;25120.75;25115;25118.25;164
20260306 043600;25119;25119;25115.5;25117;203
20260306 043700;25118.25;25119.75;25115.25;25116.5;28
20260306 043800;25117.5;25121;25116.5;25119.25;55
20260306 043900;25118.75;25119.25;25116.25;25118.75;32
20260306 044000;25118.25;25119.25;25117.25;25117.25;26
20260306 044100;25118.5;25123.75;25118;25120.25;98
20260306 044200;25119.5;25125.25;25119.5;25125;43
20260306 044300;25124.5;25137.75;25124.5;25134.5;281
20260306 044400;25134;25135.75;25128;25128;90
20260306 044500;25128;25129;25126;25128.5;41
20260306 044600;25126.25;25129.75;25126.25;25129.25;31
20260306 044700;25128.25;25132.5;25127.25;25129.75;49
20260306 044800;25131.25;25135;25131.25;25134.5;54
20260306 044900;25132.75;25135.25;25131.75;25133.5;46
20260306 045000;25133.5;25133.75;25132.5;25133;21
20260306 045100;25132.75;25134.25;25132.5;25132.75;32
20260306 045200;25131.25;25131.5;25128;25131.5;36
20260306 045300;25130;25131.5;25129.75;25130.75;30
20260306 045400;25131;25131;25123.25;25123.75;57
20260306 045500;25123;25123.5;25119.5;25120.25;87
20260306 045600;25120.25;25121;25114.25;25117;134
20260306 045700;25116.5;25118.5;25115.75;25116.25;29
20260306 045800;25115.25;25115.25;25108.5;25109.25;126
20260306 045900;25110;25110.25;25105.75;25106.25;69
20260306 050000;25106.25;25110.5;25106.25;25108.75;48
20260306 050100;25109;25111.5;25106.5;25108;51
20260306 050200;25107;25110;25106.25;25109.75;62
20260306 050300;25110;25110.25;25109;25109.5;11
20260306 050400;25109.75;25114.25;25109.75;25112.25;96
20260306 050500;25112;25115.25;25111.25;25112.25;73
20260306 050600;25112.25;25120.75;25111;25118.25;117
20260306 050700;25119;25121.5;25117.5;25117.75;84
20260306 050800;25118.25;25120.25;25114.25;25116.25;53
20260306 050900;25116.25;25120.75;25114.75;25119.25;25
20260306 051000;25118.25;25125;25118.25;25122.5;49
20260306 051100;25123.5;25130;25122.25;25127;133
20260306 051200;25127.25;25128.75;25125.75;25125.75;44
20260306 051300;25124.5;25126.25;25122.75;25124.75;42
20260306 051400;25124.25;25126.75;25124;25126;18
20260306 051500;25125.5;25128.75;25124;25127.75;31
20260306 051600;25127.5;25127.5;25123.75;25125.5;32
20260306 051700;25124.75;25127;25123.25;25127;29
20260306 051800;25127.25;25127.5;25122.5;25124.5;41
20260306 051900;25125.75;25127.75;25124.75;25126;31
20260306 052000;25125;25127.25;25124.75;25126.25;36
20260306 052100;25126.75;25127.5;25119.5;25123;72
20260306 052200;25122.5;25123.5;25120;25121;40
20260306 052300;25120;25120.25;25111.75;25112.5;68
20260306 052400;25112;25116.75;25112;25113;43
20260306 052500;25112.75;25118.5;25112.25;25116.5;53
20260306 052600;25117.5;25117.5;25113.25;25115.5;32
20260306 052700;25115.25;25116;25111.75;25114.5;26
20260306 052800;25113.25;25117;25113.25;25115.5;20
20260306 052900;25115.25;25120.5;25113.25;25120;115
20260306 053000;25121.25;25122.25;25118.25;25121.25;44
20260306 053100;25120.25;25125.25;25119.5;25120.5;115
20260306 053200;25120.25;25122.25;25118.5;25121.5;43
20260306 053300;25122.5;25126.5;25122.25;25123.75;29
20260306 053400;25126.5;25128;25123;25124.5;32
20260306 053500;25125;25128.25;25125;25126;40
20260306 053600;25126.25;25127.25;25124.75;25125.5;26
20260306 053700;25128.5;25138.5;25127.5;25136.5;142
20260306 053800;25137.75;25141.5;25136.5;25138.5;92
20260306 053900;25138.25;25140.75;25137;25139.25;59
20260306 054000;25139.25;25139.25;25129;25131.75;89
20260306 054100;25132.25;25135;25128.75;25130;41
20260306 054200;25130;25130;25124;25127.25;58
20260306 054300;25128;25129.75;25123;25124.75;46
20260306 054400;25125.5;25129.25;25124.75;25128.75;28
20260306 054500;25128.25;25131.25;25127;25129.5;64
20260306 054600;25128.25;25129.5;25116;25118.5;236
20260306 054700;25119.25;25124.25;25119.25;25122;62
20260306 054800;25120.5;25120.5;25115.75;25116.75;56
20260306 054900;25115.25;25118.75;25112.25;25112.25;75
20260306 055000;25112.25;25112.75;25108.25;25111.5;98
20260306 055100;25110.5;25117.25;25106.75;25116.75;96
20260306 055200;25116.75;25117.5;25113.5;25114;52
20260306 055300;25115.25;25118;25112;25112;28
20260306 055400;25113.25;25118;25112.5;25118;38
20260306 055500;25116.75;25121.75;25115.5;25121.75;45
20260306 055600;25122.75;25124;25119;25120.75;42
20260306 055700;25120;25120.75;25118;25119.75;43
20260306 055800;25120;25121.75;25117;25119;46
20260306 055900;25118.5;25119.5;25114;25114;77
20260306 060000;25114.5;25119;25114.5;25118.75;39
20260306 060100;25117.5;25124.25;25117.5;25123.5;62
20260306 060200;25123.5;25125.25;25120;25122.75;61
20260306 060300;25124.25;25132.5;25123.75;25130.75;83
20260306 060400;25131;25133;25129.75;25130.75;68
20260306 060500;25130;25133.25;25129;25129.75;42
20260306 060600;25130.75;25131.5;25127.5;25127.5;27
20260306 060700;25129;25132.25;25126;25132.25;43
20260306 060800;25133;25134;25132.5;25134;39
20260306 060900;25134.75;25135.5;25130;25131;60
20260306 061000;25130.75;25131.25;25127.5;25129.5;40
20260306 061100;25128.75;25133;25128.75;25131.75;45
20260306 061200;25132.25;25133.75;25128.75;25132;63
20260306 061300;25132.25;25132.75;25125;25125.75;93
20260306 061400;25124.5;25127;25123.75;25125.25;44
20260306 061500;25125.5;25125.75;25121.25;25123.25;70
20260306 061600;25122.5;25124.25;25117.5;25118.75;58
20260306 061700;25119.5;25121.75;25118.25;25118.75;46
20260306 061800;25117.75;25118.25;25114.25;25118.25;63
20260306 061900;25119;25119.25;25114.75;25116.75;25
20260306 062000;25116.25;25120.75;25114;25119;73
20260306 062100;25119.75;25120.25;25115;25117;68
20260306 062200;25117.5;25118.5;25107.5;25109.75;114
20260306 062300;25109;25113;25109;25112.75;53
20260306 062400;25115.25;25124.5;25115.25;25122.75;105
20260306 062500;25123.5;25125.5;25120.5;25125;68
20260306 062600;25123.5;25123.5;25116.5;25118.75;106
20260306 062700;25118.75;25121;25114.25;25114.5;58
20260306 062800;25114;25115.5;25111.5;25114.75;48
20260306 062900;25114.5;25115;25108.75;25110.5;43
20260306 063000;25111.75;25115;25110.75;25111.5;42
20260306 063100;25111.75;25115.25;25109.5;25114;58
20260306 063200;25115.25;25115.25;25109.75;25110.25;47
20260306 063300;25111;25111.75;25105.75;25105.75;64
20260306 063400;25106;25110.25;25103.75;25106.25;157
20260306 063500;25106.75;25110.25;25106;25107.5;58
20260306 063600;25107;25107.75;25104.75;25106.25;31
20260306 063700;25106.25;25110.5;25105;25110.5;40
20260306 063800;25111;25112.5;25108.75;25110.5;62
20260306 063900;25111.75;25112.5;25110.25;25110.5;14
20260306 064000;25109.5;25111;25108;25109.5;30
20260306 064100;25108.75;25109.5;25107.5;25108.75;26
20260306 064200;25108.25;25115;25108.25;25114.5;33
20260306 064300;25115;25121.25;25115;25116.5;143
20260306 064400;25116;25121.75;25111.75;25120.75;91
20260306 064500;25119.5;25122.25;25118.5;25119.25;66
20260306 064600;25118.5;25119.25;25113.25;25115;107
20260306 064700;25115;25115;25113.25;25114.5;18
20260306 064800;25115;25116.25;25110.75;25110.75;24
20260306 064900;25112.25;25113.25;25106.5;25109.75;98
20260306 065000;25110.25;25110.25;25105.75;25106.75;73
20260306 065100;25107.75;25109;25105;25106.5;52
20260306 065200;25104.5;25112;25103;25112;68
20260306 065300;25111.25;25113.25;25108;25108.25;56
20260306 065400;25108.5;25109.25;25105;25109.25;46
20260306 065500;25108.25;25109.25;25107.25;25109.25;28
20260306 065600;25108.25;25110.25;25106;25107;35
20260306 065700;25107;25108.75;25104;25107;47
20260306 065800;25106.25;25106.25;25102;25103.25;63
20260306 065900;25102;25105;25100.75;25103.25;47
20260306 070000;25104;25106.5;25103.5;25106.5;43
20260306 070100;25106.5;25118.75;25105;25117.75;224
20260306 070200;25118.75;25120.25;25109;25114.5;191
20260306 070300;25114;25115.5;25106.5;25111;160
20260306 070400;25111.25;25117.25;25109.5;25116.75;122
20260306 070500;25117;25117.5;25111.5;25112.5;37
20260306 070600;25112.75;25115;25108.25;25110.5;52
20260306 070700;25111.75;25114.5;25108.75;25108.75;51
20260306 070800;25108.75;25109.25;25103.5;25105.5;94
20260306 070900;25106;25106.25;25099;25099;73
20260306 071000;25100.25;25105;25098;25101.75;138
20260306 071100;25102.25;25102.25;25094.25;25095.5;126
20260306 071200;25097;25099;25093.25;25096;91
20260306 071300;25095.25;25099.5;25094.25;25095;61
20260306 071400;25096.75;25097;25091.75;25094;85
20260306 071500;25095.75;25100.25;25095.75;25098;58
20260306 071600;25098.5;25103.75;25098;25101.25;89
20260306 071700;25102.5;25107.75;25098.75;25106.75;81
20260306 071800;25107;25112.5;25105.5;25112;109
20260306 071900;25111.75;25112.5;25101.75;25102.5;73
20260306 072000;25103.25;25103.25;25100.25;25101.25;49
20260306 072100;25104;25110.25;25103.5;25110;58
20260306 072200;25110.75;25124;25110.75;25123.5;184
20260306 072300;25123.75;25126;25119.75;25124.25;156
20260306 072400;25124.75;25126.25;25120.5;25125.5;89
20260306 072500;25126.25;25128.25;25121;25123.75;61
20260306 072600;25122.75;25127.25;25122.75;25122.75;51
20260306 072700;25123.75;25133.5;25123;25133.5;124
20260306 072800;25134;25140.5;25132.25;25138.75;278
20260306 072900;25139;25140;25132;25134.75;124
20260306 073000;25133.75;25134.75;25129.75;25131.25;73
20260306 073100;25130.5;25132.5;25128;25130.5;90
20260306 073200;25130;25134.75;25129.25;25133.25;98
20260306 073300;25132.75;25136;25125.5;25125.5;87
20260306 073400;25125;25131.75;25124.5;25131.75;56
20260306 073500;25131.5;25135;25130.25;25134.25;55
20260306 073600;25133.25;25133.75;25128.5;25129.25;39
20260306 073700;25128.75;25131.75;25128.5;25130.5;18
20260306 073800;25130.5;25134;25130.5;25130.5;36
20260306 073900;25130.25;25130.25;25127.5;25129.25;21
20260306 074000;25128.75;25130.25;25126.5;25129.5;59
20260306 074100;25129.75;25130;25127.75;25129;44
20260306 074200;25128;25135.5;25126;25134.75;80
20260306 074300;25135.5;25139.25;25133.5;25134;82
20260306 074400;25133;25136.5;25131.5;25134.25;40
20260306 074500;25133.5;25135.5;25131.25;25134.25;61
20260306 074600;25134.25;25134.25;25127.25;25128.25;73
20260306 074700;25128.75;25132.25;25128.75;25130.75;55
20260306 074800;25130.5;25130.5;25124.25;25124.75;64
20260306 074900;25124;25125;25118;25120;127
20260306 075000;25120.75;25123.25;25116.5;25122.75;68
20260306 075100;25123.75;25123.75;25115.5;25118.25;114
20260306 075200;25121;25121;25116;25116.25;94
20260306 075300;25116.5;25119;25116.5;25117.75;30
20260306 075400;25117.75;25121.25;25114.75;25120.5;76
20260306 075500;25119.25;25123;25118.5;25120;112
20260306 075600;25119.75;25124.5;25119.75;25123.5;50
20260306 075700;25122.25;25131.25;25122.25;25128.5;69
20260306 075800;25128.5;25131.75;25127.5;25131.5;41
20260306 075900;25129.75;25130.25;25125;25125.75;44
20260306 080000;25125.75;25127.75;25123.5;25125;73
20260306 080100;25125.5;25128.5;25118;25123;326
20260306 080200;25122.25;25126;25105.25;25108.5;171
20260306 080300;25107.5;25114.75;25105.75;25111.5;118
20260306 080400;25112.25;25113.25;25096.25;25098.5;266
20260306 080500;25097.75;25103.25;25095.25;25099.5;166
20260306 080600;25099.25;25116.5;25099.25;25102.5;227
20260306 080700;25102;25113.5;25097;25104.75;265
20260306 080800;25105;25112.25;25103.25;25109.5;150
20260306 080900;25112;25114.25;25103.5;25104.75;124
20260306 081000;25104.25;25105.5;25092;25092.75;214
20260306 081100;25092.75;25104.25;25088.25;25102.75;271
20260306 081200;25101;25104.75;25092.75;25098.75;189
20260306 081300;25098.75;25103;25090.25;25102;156
20260306 081400;25103.5;25107;25094.5;25094.5;118
20260306 081500;25097.25;25099;25090.5;25093.25;163
20260306 081600;25092.25;25094.25;25088;25091.75;162
20260306 081700;25095.5;25112;25095.5;25106.5;177
20260306 081800;25105.75;25107.75;25096;25098;118
20260306 081900;25096.75;25097.75;25086;25088.75;141
20260306 082000;25086.5;25104.75;25082;25100.75;294
20260306 082100;25101;25106.5;25098.25;25106.25;126
20260306 082200;25106.5;25109.5;25093;25095;118
20260306 082300;25095;25101.5;25093;25093;98
20260306 082400;25090.5;25090.75;25082.5;25085.75;247
20260306 082500;25086.5;25089;25082.25;25082.5;109
20260306 082600;25082.25;25083.25;25064.75;25070.25;439
20260306 082700;25069;25073;25058.25;25059.25;313
20260306 082800;25058.75;25059.5;25045;25048.5;389
20260306 082900;25048.75;25054.75;25038.25;25047.5;449
20260306 083000;25047.25;25052;25034.75;25038.5;414
20260306 083100;25039.25;25045.75;25033;25043.75;337
20260306 083200;25043.5;25062;25043.5;25059.25;462
20260306 083300;25059.5;25075;25059.5;25070;356
20260306 083400;25070.5;25072.25;25062.25;25070;209
20260306 083500;25070.5;25071.5;25060.5;25061.5;116
20260306 083600;25062.75;25064.25;25053.25;25060;200
20260306 083700;25058.75;25060.25;25044.25;25048.75;159
20260306 083800;25047.25;25061.75;25047.25;25061.75;151
20260306 083900;25060;25072.25;25055.25;25071.75;168
20260306 084000;25073.25;25079.25;25070.5;25077.75;140
20260306 084100;25078.25;25085;25077;25079;178
20260306 084200;25078.75;25080.75;25073.5;25078.75;60
20260306 084300;25077;25079;25068.75;25070;141
20260306 084400;25069;25080.75;25067.75;25080.75;107
20260306 084500;25081.75;25091.25;25080.25;25091;143
20260306 084600;25090.75;25095.75;25086.25;25095.75;105
20260306 084700;25096.25;25108.75;25094;25106.25;234
20260306 084800;25107.75;25108.25;25101.25;25103.75;172
20260306 084900;25104.5;25104.5;25093.75;25094.75;118
20260306 085000;25094.75;25098;25089.5;25090.75;119
20260306 085100;25090.25;25106;25088.25;25106;185
20260306 085200;25105;25105;25098;25098;100
20260306 085300;25099.5;25101.25;25097;25100;60
20260306 085400;25099.75;25104.75;25096.75;25102;89
20260306 085500;25101.5;25105;25097.5;25098.25;88
20260306 085600;25097.5;25098.25;25082.5;25083.5;161
20260306 085700;25083;25087;25080.25;25083;139
20260306 085800;25081;25083.25;25074.75;25075;122
20260306 085900;25074.25;25078.25;25070;25071.75;104
20260306 090000;25071.75;25076.5;25068.75;25074;98
20260306 090100;25074.25;25082;25068.25;25076.5;270
20260306 090200;25078;25081.5;25065.5;25065.75;241
20260306 090300;25065.5;25072.5;25056;25058;245
20260306 090400;25056.25;25068.75;25054.25;25054.75;184
20260306 090500;25054.5;25056.25;25043.5;25044.25;182
20260306 090600;25043.25;25051.5;25041;25048.5;186
20260306 090700;25049.5;25065.75;25048.5;25055.25;237
20260306 090800;25056.25;25063;25052.5;25055;128
20260306 090900;25055.25;25055.75;25038;25039;176
20260306 091000;25037.5;25037.5;25016;25017.25;428
20260306 091100;25016.75;25018.5;25009;25009.75;305
20260306 091200;25011.25;25028.5;25009;25023.5;258
20260306 091300;25022.75;25035.75;25014.75;25031.5;211
20260306 091400;25030.25;25033;25022;25025;155
20260306 091500;25027.5;25032.75;25022;25027;103
20260306 091600;25026.25;25026.5;25013;25016.75;236
20260306 091700;25016.25;25027;25010;25026.25;226
20260306 091800;25027;25029;24986;24995.5;516
20260306 091900;24994.5;25000.75;24988.75;24993.5;264
20260306 092000;24991.75;25003;24989.25;24999;331
20260306 092100;25000;25002;24990;24993.5;196
20260306 092200;24993.75;24998.5;24989;24993.75;162
20260306 092300;24993;24999;24988;24989;163
20260306 092400;24989;24995;24982.5;24989.25;242
20260306 092500;24989.75;24997;24980.25;24983.5;244
20260306 092600;24983.25;24992.25;24970.5;24976;320
20260306 092700;24979;24982.25;24965;24965;251
20260306 092800;24964.75;24975.5;24962.75;24963.25;195
20260306 092900;24961.75;24970;24958.25;24962.25;232
20260306 093000;24962.25;24966.25;24957.75;24962.25;272
20260306 093100;24960.75;24970.75;24955;24970;394
20260306 093200;24968.5;24979.25;24966;24977.25;304
20260306 093300;24977.25;24978.25;24956;24959;235
20260306 093400;24958.75;24966.25;24952;24954.5;232
20260306 093500;24954;24959.5;24938;24940.75;450
20260306 093600;24940.25;24951.25;24934.75;24936;347
20260306 093700;24934.25;24941.5;24924;24935.25;349
20260306 093800;24934;24935.5;24920;24924;327
20260306 093900;24924;24933;24921.75;24928.25;293
20260306 094000;24926.5;24930.5;24916;24916;271
20260306 094100;24917.25;24919.75;24906.5;24918;411
20260306 094200;24917;24928;24912;24923.25;364
20260306 094300;24921;24923.5;24908.75;24919.75;203
20260306 094400;24918.25;24931.5;24917.75;24926.25;299
20260306 094500;24925.25;24930.5;24918.5;24927.5;243
20260306 094600;24927;24935.25;24923;24923;264
20260306 094700;24921.25;24921.25;24882.25;24898;848
20260306 094800;24898.5;24914.75;24891.25;24906.5;392
20260306 094900;24903.75;24918;24901.5;24907.5;234
20260306 095000;24907.5;24910;24899;24904.75;191
20260306 095100;24904.25;24913.5;24886.75;24889.25;312
20260306 095200;24889;24898.75;24882.5;24898.5;273
20260306 095300;24899;24908;24895.25;24904.75;293
20260306 095400;24906;24919.5;24896.5;24911.75;326
20260306 095500;24912.5;24921.25;24908.25;24915.25;248
20260306 095600;24915;24923.5;24914;24921.5;282
20260306 095700;24923;24928.25;24922;24926;433
20260306 095800;24925.5;24932;24904.5;24907.75;357
20260306 095900;24908.25;24917.5;24906;24912;236
20260306 100000;24911.5;24921.25;24906.5;24920.25;202
20260306 100100;24920.75;24930.75;24918.25;24927.75;275
20260306 100200;24928.25;24936.75;24927.25;24927.5;292
20260306 100300;24929.5;24935.5;24922.5;24934.75;150
20260306 100400;24933.75;24952.25;24931.75;24949.5;326
20260306 100500;24948.75;24954.25;24944.5;24948.75;200
20260306 100600;24950.25;24960.75;24944.5;24960;166
20260306 100700;24961.25;24963.5;24951.25;24955.5;215
20260306 100800;24956;24965;24954.5;24958.25;224
20260306 100900;24957;24957.25;24941.75;24948.75;133
20260306 101000;24949.25;24963.5;24948.5;24959.5;153
20260306 101100;24958;24962.25;24952.75;24961.75;153
20260306 101200;24962.75;24967.75;24957.5;24964.5;209
20260306 101300;24966.5;24968;24950.5;24952.5;165
20260306 101400;24951.75;24955.25;24940.25;24940.75;170
20260306 101500;24941;24951.5;24941;24946.5;129
20260306 101600;24948.25;24949.5;24942.5;24946.25;82
20260306 101700;24946.5;24959.25;24944.75;24957.5;167
20260306 101800;24960;24966.25;24954.25;24965.25;130
20260306 101900;24966;24971.25;24960.5;24962.75;176
20260306 102000;24958.25;24961.5;24950.5;24952;166
20260306 102100;24954.25;24961.5;24945.75;24946;235
20260306 102200;24948.5;24956;24946.5;24950.75;124
20260306 102300;24951.75;24958.75;24951.75;24953.25;46
20260306 102400;24956;24963;24956;24960.75;44
20260306 102500;24959.25;24959.25;24952.5;24956;66
20260306 102600;24956.25;24961;24948.75;24949;85
20260306 102700;24950;24957.75;24949;24954.5;63
20260306 102800;24954.25;24954.5;24940.75;24942.25;138
20260306 102900;24940.75;24946.75;24937.25;24938.25;298
20260306 103000;24938.25;24981;24937.5;24972.5;1144
20260306 103100;24972.75;24974.5;24948.75;24953;241
20260306 103200;24955.25;24962;24949.5;24958.75;146
20260306 103300;24955;24955.75;24946;24947.25;114
20260306 103400;24946.5;24954.5;24945.5;24945.5;98
20260306 103500;24944.75;24956;24943.5;24946;173
20260306 103600;24944.5;24961;24941.5;24945;429
20260306 103700;24945;24960.25;24944.5;24959;140
20260306 103800;24957.25;24966;24957.25;24960.5;118
20260306 103900;24956;24957;24945.5;24947.75;124
20260306 104000;24949.75;24952;24946.5;24948.25;63
20260306 104100;24949.5;24950.25;24943.5;24947;46
20260306 104200;24948.25;24963.25;24948.25;24963.25;122
20260306 104300;24964.5;24964.5;24946;24946.5;70
20260306 104400;24947.75;24948.75;24937.75;24942.25;96
20260306 104500;24943.5;24943.75;24937.25;24940.75;113
20260306 104600;24942;24942;24935;24935;167
20260306 104700;24935.5;24941;24930.25;24938.75;184
20260306 104800;24939;24945.75;24937.75;24942.75;139
20260306 104900;24941.75;24943.75;24935.25;24938;94
20260306 105000;24936.25;24941.75;24928;24930.75;109
20260306 105100;24931.25;24943;24929.5;24931;171
20260306 105200;24932.5;24941.5;24929.75;24939;146
20260306 105300;24938.75;24954.25;24938.5;24954;126
20260306 105400;24954.25;24954.25;24941.25;24945;148
20260306 105500;24942.25;24953.75;24940.5;24952.25;76
20260306 105600;24954.25;24961;24953.25;24957.5;115
20260306 105700;24958;24961.75;24956;24957.5;127
20260306 105800;24958.25;24960.25;24952;24953.25;93
20260306 105900;24953.25;24960;24948;24959;99
20260306 110000;24960.75;24962;24949.75;24949.75;82
20260306 110100;24948;24953;24923.5;24939.75;680
20260306 110200;24939;24950.25;24936;24941.25;297
20260306 110300;24938.75;24942.75;24928;24931;203
20260306 110400;24931.25;24932.5;24916;24920.5;216
20260306 110500;24919.25;24928;24916.25;24918.75;136
20260306 110600;24916;24916.75;24898.5;24902.75;337
20260306 110700;24904.5;24909.5;24893;24899.75;406
20260306 110800;24900.5;24907.5;24894.5;24900.75;288
20260306 110900;24899.25;24904.75;24887.25;24893.75;249
20260306 111000;24892.25;24934.25;24892.25;24911;852
20260306 111100;24911.5;24916.5;24900;24903;331
20260306 111200;24902.75;24926.75;24897.25;24925;191
20260306 111300;24927.25;24954;24926.75;24935.5;343
20260306 111400;24936;24948.5;24935;24946;238
20260306 111500;24946.25;24948;24937.75;24941.75;157
20260306 111600;24942.75;24943;24929.25;24935.25;187
20260306 111700;24934.75;24942;24934.75;24938.25;71
20260306 111800;24938.25;24942;24934;24935.5;65
20260306 111900;24935;24935;24923.5;24925;187
20260306 112000;24925.5;24936.5;24925.5;24935.5;150
20260306 112100;24936.25;24949.75;24929.75;24948.75;285
20260306 112200;24949;24960;24946.5;24957.75;244
20260306 112300;24958;24960;24953.75;24956.75;91
20260306 112400;24955.5;24958.75;24948;24952.5;143
20260306 112500;24951.5;24957.5;24949.5;24955.25;102
20260306 112600;24957.25;24957.25;24945.25;24946.5;87
20260306 112700;24946.5;24958;24941;24951.25;297
20260306 112800;24952.25;24955.75;24943.75;24950.5;116
20260306 112900;24949.75;24962.75;24949.75;24959.25;139
20260306 113000;24960.25;24961.25;24946.5;24947.75;215
20260306 113100;24948.75;24949.25;24942.75;24945.25;114
20260306 113200;24945.25;24951.5;24943;24943.75;136
20260306 113300;24943.5;24943.5;24930.25;24932.5;197
20260306 113400;24931.5;24934.75;24922;24922;113
20260306 113500;24922;24924.75;24916.5;24919.25;273
20260306 113600;24918;24922.5;24915.5;24918.5;164
20260306 113700;24919.25;24920.25;24904.75;24904.75;211
20260306 113800;24905;24912.25;24903.75;24911;172
20260306 113900;24911.75;24917;24908.25;24911.75;149
20260306 114000;24912;24915;24905;24911.75;444
20260306 114100;24909.25;24910.75;24889.75;24890.75;915
20260306 114200;24891;24892.75;24874.25;24881.75;634
20260306 114300;24878.5;24892.75;24857;24864.75;678
20260306 114400;24864.5;24876.5;24858.75;24862;654
20260306 114500;24860.5;24877.5;24859;24872.75;432
20260306 114600;24875.25;24889.75;24868.5;24871;333
20260306 114700;24871.25;24886.25;24863;24884.5;206
20260306 114800;24886;24896;24878.75;24887.5;330
20260306 114900;24888.5;24891;24882.25;24885.5;220
20260306 115000;24884.25;24885.75;24878;24883.5;158
20260306 115100;24884.75;24893.5;24880;24886;229
20260306 115200;24887.75;24893.5;24875;24875;121
20260306 115300;24875.75;24879.5;24867.75;24870;176
20260306 115400;24870.25;24877.5;24866.25;24873.25;188
20260306 115500;24873;24879.75;24864;24865.5;199
20260306 115600;24863.75;24866.75;24846.75;24850.25;543
20260306 115700;24851;24855;24835;24849;439
20260306 115800;24848.75;24859.5;24847.5;24850;226
20260306 115900;24850.75;24858.25;24845;24857;245
20260306 120000;24858.75;24863;24851;24856.25;398
20260306 120100;24858.75;24866.75;24846.75;24852.75;445
20260306 120200;24850.5;24869;24842.5;24866.75;337
20260306 120300;24866.25;24870;24856.5;24856.75;286
20260306 120400;24853.25;24868.75;24849.75;24860.75;243
20260306 120500;24860.75;24861.25;24843.25;24850;587
20260306 120600;24850.25;24866.25;24850.25;24861.75;159
20260306 120700;24861.25;24869.25;24838;24845;455
20260306 120800;24844;24859;24839;24854;493
20260306 120900;24855.75;24866.5;24849;24857.25;192
20260306 121000;24855;24857.75;24847.25;24855;222
20260306 121100;24855.75;24857.75;24844.25;24850.5;303
20260306 121200;24849.75;24861.5;24846.75;24857.25;171
20260306 121300;24856.5;24860.75;24852.5;24856.75;166
20260306 121400;24858.25;24868;24858.25;24862.25;151
20260306 121500;24860.75;24877;24859.25;24872;317
20260306 121600;24874.25;24884.75;24870.5;24871.5;389
20260306 121700;24872.25;24875.75;24851.75;24857;543
20260306 121800;24857;24869.25;24854.75;24867.25;298
20260306 121900;24867.75;24875;24862.5;24873.5;488
20260306 122000;24874.25;24878;24866.75;24871.75;157
20260306 122100;24871.75;24881;24865.75;24878.25;286
20260306 122200;24876.25;24878.25;24866;24868.5;136
20260306 122300;24867.75;24869.25;24854;24859.75;218
20260306 122400;24858.5;24868.5;24856.25;24860.5;238
20260306 122500;24860;24864.5;24854.5;24862.75;317
20260306 122600;24861.75;24867.75;24857.5;24859;191
20260306 122700;24858.5;24866.5;24853.75;24861.5;201
20260306 122800;24861.5;24868.5;24858.25;24867.75;116
20260306 122900;24868.5;24868.75;24856.5;24860.5;176
20260306 123000;24860.25;24862.25;24856.25;24859.25;129
20260306 123100;24857;24859;24846.5;24849;398
20260306 123200;24848.75;24850;24820;24828;617
20260306 123300;24827.75;24851.25;24824.5;24846.25;436
20260306 123400;24845.5;24846.25;24827;24830.75;288
20260306 123500;24829.25;24862;24826.5;24845.25;618
20260306 123600;24846;24848.25;24824.5;24832.75;445
20260306 123700;24831.75;24831.75;24818.75;24828.75;327
20260306 123800;24827.75;24831.25;24823.5;24831.25;200
20260306 123900;24829;24838.75;24825.25;24835.75;390
20260306 124000;24835.75;24837.75;24829;24835;109
20260306 124100;24837.25;24839.5;24828;24831.5;190
20260306 124200;24833.75;24853.25;24832.5;24850.5;354
20260306 124300;24849.75;24859.25;24841.75;24845.75;307
20260306 124400;24845.25;24851.5;24844.5;24846.25;92
20260306 124500;24846.25;24848.5;24837.25;24845.25;101
20260306 124600;24844.75;24852.25;24840.25;24840.75;109
20260306 124700;24840;24844;24826.25;24833.5;197
20260306 124800;24833.5;24833.5;24810;24813.25;622
20260306 124900;24814.25;24815.75;24805.5;24813;246
20260306 125000;24813.75;24817;24809.5;24815;199
20260306 125100;24814.25;24827.75;24813.75;24825.75;280
20260306 125200;24826.25;24838.5;24822;24825.75;284
20260306 125300;24825.25;24840;24825;24838.5;262
20260306 125400;24836.25;24838.75;24825.5;24827.25;235
20260306 125500;24828;24829;24811;24813;361
20260306 125600;24813.25;24825.25;24810;24823.75;190
20260306 125700;24823.75;24835;24823.75;24827;279
20260306 125800;24827.25;24831.5;24820.5;24824.25;198
20260306 125900;24824.75;24832;24823;24831;134
20260306 130000;24832.25;24836;24825.75;24835.75;171
20260306 130100;24835;24848.25;24829.75;24840.75;427
20260306 130200;24841.5;24856.5;24838;24850.5;380
20260306 130300;24849.75;24855.75;24844.5;24846.25;176
20260306 130400;24845;24853.25;24842.5;24845;233
20260306 130500;24845;24845;24830;24838.25;336
20260306 130600;24837;24839.5;24822;24832.25;535
20260306 130700;24832.75;24848.25;24831.5;24845;263
20260306 130800;24844.75;24853;24844.25;24851.25;257
20260306 130900;24851;24851.75;24838.25;24842.5;221
20260306 131000;24843.25;24862.5;24841.75;24854;506
20260306 131100;24853.5;24857.25;24846.75;24849.75;219
20260306 131200;24849;24862;24849;24860.5;141
20260306 131300;24860.25;24863.5;24856;24857.5;263
20260306 131400;24858.25;24859.25;24848;24856.25;201
20260306 131500;24856.5;24858.75;24849.25;24849.5;255
20260306 131600;24850;24850;24838.5;24848;224
20260306 131700;24848;24853;24843.5;24851.5;107
20260306 131800;24851.5;24852.75;24836.25;24837.75;152
20260306 131900;24838.25;24847;24838.25;24847;175
20260306 132000;24844.75;24851;24843;24845.5;132
20260306 132100;24845.25;24851.5;24840.25;24847.25;218
20260306 132200;24847.75;24850.25;24841;24846;207
20260306 132300;24847.25;24849.5;24837.5;24842.75;149
20260306 132400;24842;24846;24838.75;24843.25;121
20260306 132500;24842.75;24852.5;24842.75;24850.75;169
20260306 132600;24850.5;24859;24848;24855.5;192
20260306 132700;24856;24861.25;24855.5;24856.25;277
20260306 132800;24855.75;24861.75;24855.75;24859.5;218
20260306 132900;24858.25;24877.5;24858;24874.75;437
20260306 133000;24873.25;24878;24863.5;24863.5;334
20260306 133100;24873.75;24908.75;24735;24760.75;2993
20260306 133200;24761.25;24815.5;24751;24809;1392
20260306 133300;24808.75;24831.75;24773.75;24826.25;1245
20260306 133400;24826.5;24829.75;24783;24790.25;1192
20260306 133500;24790.75;24832;24777;24823.5;883
20260306 133600;24821.75;24848;24807.5;24825.5;1100
20260306 133700;24823.75;24832;24808.25;24810.25;499
20260306 133800;24810.5;24823;24789.25;24802.25;781
20260306 133900;24802.25;24810;24781;24786.5;595
20260306 134000;24788.25;24790;24753.75;24762.5;902
20260306 134100;24760.75;24772;24756;24764;608
20260306 134200;24766.75;24773.5;24739.75;24740.75;1082
20260306 134300;24740;24754;24735.75;24737.25;1063
20260306 134400;24738;24747.5;24726.75;24739;851
20260306 134500;24738.75;24742.5;24728;24734.25;596
20260306 134600;24735;24735;24696;24701.75;1974
20260306 134700;24701.25;24716.5;24694;24700.5;1096
20260306 134800;24700.5;24702.5;24675;24677.75;1235
20260306 134900;24678;24703.75;24666.75;24701.5;1469
20260306 135000;24701.25;24713;24689;24693;829
20260306 135100;24693.25;24706.5;24656.75;24669.25;1211
20260306 135200;24669.75;24688.75;24651.25;24664.75;1576
20260306 135300;24665.5;24698;24661;24694.25;1105
20260306 135400;24694.75;24695;24669;24670.75;956
20260306 135500;24672.25;24673.75;24641;24649;1502
20260306 135600;24649.5;24676.25;24640;24654.5;1562
20260306 135700;24653.5;24656.25;24618.25;24638.75;1745
20260306 135800;24639.25;24657.5;24636.5;24650;1125
20260306 135900;24649.25;24654.75;24638.5;24648;696
20260306 140000;24647.5;24675;24641.75;24645.75;894
20260306 140100;24644.5;24653;24623.75;24630;1024
20260306 140200;24631.25;24665;24626.5;24648.75;1003
20260306 140300;24648.75;24669.75;24648.75;24655.5;710
20260306 140400;24654.75;24659.75;24635.75;24642.75;764
20260306 140500;24643;24653.5;24631.5;24646.75;772
20260306 140600;24648;24661.5;24638.25;24653.25;660
20260306 140700;24653;24654.25;24636;24636;585
20260306 140800;24636;24653.5;24633.75;24644.75;466
20260306 140900;24645.25;24649.75;24631.75;24633;456
20260306 141000;24632;24634.25;24612.5;24622.5;1078
20260306 141100;24624;24628;24615;24617;573
20260306 141200;24618.5;24637.5;24615.5;24629;741
20260306 141300;24630.25;24633;24614.25;24626.75;859
20260306 141400;24626.75;24632.25;24618.25;24630.5;406
20260306 141500;24631.5;24648;24625.5;24628.5;900
20260306 141600;24628;24633;24622.75;24631.75;346
20260306 141700;24630.75;24638.5;24624;24637.25;422
20260306 141800;24637.5;24640.25;24626;24629.25;509
20260306 141900;24628;24631.5;24614.75;24627.5;599
20260306 142000;24628;24629.5;24616.5;24627.75;412
20260306 142100;24627.25;24641.75;24619.25;24640.25;369
20260306 142200;24639.25;24649.5;24639;24647.75;417
20260306 142300;24647.5;24659.5;24643.75;24658.5;711
20260306 142400;24658.75;24659;24638.75;24644;537
20260306 142500;24645;24646.25;24636;24645.25;501
20260306 142600;24644.25;24652.25;24640.5;24651.25;537
20260306 142700;24650.25;24657;24649;24653.25;595
20260306 142800;24651.5;24658;24641.75;24655.25;664
20260306 142900;24655.5;24671.75;24655;24670.5;918
20260306 143000;24670;24687;24662;24685.75;1621
20260306 143100;24685.25;24722;24666.25;24682;5631
20260306 143200;24682.25;24702;24653.5;24677.25;4450
20260306 143300;24678;24710.25;24663;24704.75;3028
20260306 143400;24704.5;24732.5;24682;24697.25;3324
20260306 143500;24697.5;24708;24681.75;24705.75;2186
20260306 143600;24706.25;24716.25;24637.75;24650.25;3879
20260306 143700;24651.5;24653.25;24608.75;24623.5;3822
20260306 143800;24624.5;24644.5;24616;24632.75;2428
20260306 143900;24632;24698.25;24627.5;24689.5;2984
20260306 144000;24687.5;24705.25;24674.25;24679.75;2411
20260306 144100;24679.75;24713;24671.75;24674;2578
20260306 144200;24673.25;24712.5;24669;24705.5;2306
20260306 144300;24703.75;24716;24678.25;24696.5;1843
20260306 144400;24695.25;24730;24679.5;24685.75;3107
20260306 144500;24687.75;24721.75;24673.75;24680;1731
20260306 144600;24681.25;24717;24660;24688.25;2793
20260306 144700;24688.75;24701;24661.75;24663.75;1597
20260306 144800;24664.75;24675;24635.75;24663.75;2614
20260306 144900;24665;24686.5;24650.75;24681.75;1675
20260306 145000;24681;24694.25;24660.75;24675.25;1391
20260306 145100;24674.75;24700;24665.25;24692;1745
20260306 145200;24692.25;24742.5;24692.25;24723;2614
20260306 145300;24722.75;24723.75;24685.25;24698;1838
20260306 145400;24699.5;24712.5;24681.75;24688.75;1515
20260306 145500;24688.75;24705.75;24684;24685.25;1218
20260306 145600;24685.75;24692.5;24669.75;24672.75;1558
20260306 145700;24671;24672.5;24652.25;24672;1483
20260306 145800;24672.25;24678.75;24657;24662;1261
20260306 145900;24660.25;24665;24643.5;24646.25;1479
20260306 150000;24647;24705;24633;24691.25;2359
20260306 150100;24691.5;24775.5;24687.75;24737.75;4576
20260306 150200;24738.75;24766.25;24728.5;24741;2050
20260306 150300;24740.25;24777.25;24740;24769.5;2227
20260306 150400;24768.75;24769.75;24747.5;24752.75;1506
20260306 150500;24753.25;24767.75;24735.5;24765.25;1458
20260306 150600;24764.5;24774;24718.5;24739.75;1828
20260306 150700;24741.5;24768;24729;24760;1335
20260306 150800;24759.75;24766.25;24731.25;24734.25;1154
20260306 150900;24735.75;24737.25;24709;24718.25;1456
20260306 151000;24719;24720;24669.25;24675.5;2304
20260306 151100;24675.75;24691.5;24664.5;24671;1919
20260306 151200;24672.25;24727.5;24672.25;24727.25;2060
20260306 151300;24727;24756.25;24722.5;24749.75;2165
20260306 151400;24751;24791.5;24748.25;24788.25;2083
20260306 151500;24787.5;24795.75;24760.5;24790.5;1787
20260306 151600;24789.5;24797.5;24773;24790.25;1588
20260306 151700;24789;24799.75;24764;24766.25;1560
20260306 151800;24767.25;24792.25;24759.5;24784;1327
20260306 151900;24785.25;24793.25;24776.75;24781.25;920
20260306 152000;24783.5;24789.5;24776;24783.25;710
20260306 152100;24783;24797;24776.25;24779.75;1187
20260306 152200;24779.25;24799.5;24773.5;24792.75;1147
20260306 152300;24793.5;24798.75;24779.75;24796.75;862
20260306 152400;24796.5;24822;24794;24802;2375
20260306 152500;24802;24822.5;24802;24811;1264
20260306 152600;24811.25;24820.25;24797;24813.25;1490
20260306 152700;24812;24829;24805.75;24807;1306
20260306 152800;24808.5;24823.75;24797;24807.5;1119
20260306 152900;24808;24822.75;24797.75;24805.75;1287
20260306 153000;24806.75;24825.75;24793.25;24822;1339
20260306 153100;24821.75;24844.75;24820.75;24830;2188
20260306 153200;24829.75;24864.25;24825.5;24852.5;2045
20260306 153300;24851.25;24861.75;24842.5;24857;1298
20260306 153400;24856;24858;24833.25;24841.5;1267
20260306 153500;24841.75;24852.75;24832;24851;821
20260306 153600;24851.5;24868.5;24844.5;24865.25;1312
20260306 153700;24865.5;24879.5;24856;24874.25;1655
20260306 153800;24874.25;24885.75;24870;24884.25;1369
20260306 153900;24884;24893.25;24875.25;24890.75;1408
20260306 154000;24889.75;24890.5;24870.75;24877.25;1034
20260306 154100;24877;24877.25;24852.25;24858.5;1548
20260306 154200;24859.75;24862.5;24839.75;24847.75;1424
20260306 154300;24847;24850.5;24834.75;24836.25;1052
20260306 154400;24836;24840.75;24811;24818.75;1597
20260306 154500;24818.5;24842.75;24818.5;24837;1131
20260306 154600;24836;24847.25;24818.5;24825.75;1091
20260306 154700;24826;24828.75;24804.5;24815.5;1224
20260306 154800;24814.5;24823.75;24811;24817.75;821
20260306 154900;24818.25;24818.25;24803;24808.75;940
20260306 155000;24808.5;24814;24790.25;24803.75;1550
20260306 155100;24804.25;24806;24760.75;24762;1849
20260306 155200;24762.5;24771.25;24755.25;24759.25;1356
20260306 155300;24759.25;24771.75;24752;24768.75;1074
20260306 155400;24770;24782.75;24766.5;24776;1680
20260306 155500;24776.25;24792;24763.75;24789;1340
20260306 155600;24789.25;24850.5;24789.25;24846.25;2907
20260306 155700;24846.25;24876.5;24845.75;24876.5;2114
20260306 155800;24875.25;24881.75;24865.5;24869.25;1414
20260306 155900;24870.5;24880.25;24856.75;24871.75;1105
20260306 160000;24871;24884;24851.75;24858.5;1064
20260306 160100;24859;24880;24849;24874.5;1347
20260306 160200;24874.75;24883.25;24870;24873.5;904
20260306 160300;24873.5;24876.75;24855.5;24869.25;951
20260306 160400;24869.5;24885.25;24867;24883.75;883
20260306 160500;24883;24899.5;24881.5;24893;2417
20260306 160600;24892.25;24898;24881.25;24882.25;858
20260306 160700;24882;24890.5;24852;24852.75;1182
20260306 160800;24853;24863.5;24848.5;24855.75;1024
20260306 160900;24855.25;24863.5;24844.75;24849;761
20260306 161000;24849.75;24870.5;24845.75;24849.5;1066
20260306 161100;24850.75;24852.75;24837.75;24843.5;1203
20260306 161200;24843;24843.75;24823.5;24832;1108
20260306 161300;24832.75;24838;24824;24825.75;833
20260306 161400;24825.5;24838;24822.25;24822.25;766
20260306 161500;24823.25;24829;24816;24823.25;836
20260306 161600;24824.5;24836.5;24816.75;24835.25;903
20260306 161700;24835.25;24863.5;24827.25;24830.5;1685
20260306 161800;24832;24840.25;24813.5;24820.75;904
20260306 161900;24821.5;24843;24821.25;24836;690
20260306 162000;24836;24860;24830.5;24854.75;945
20260306 162100;24854;24860.75;24817.25;24827.25;1283
20260306 162200;24826.75;24838.25;24799;24808;1522
20260306 162300;24807.5;24815.5;24795.75;24801.5;914
20260306 162400;24801.5;24807.5;24790;24800.5;897
20260306 162500;24800.75;24836.25;24792.25;24834.5;1124
20260306 162600;24833.25;24845;24821.5;24828;1047
20260306 162700;24829.5;24830.25;24811.5;24820.5;761
20260306 162800;24821.25;24835;24811.25;24813.75;780
20260306 162900;24813.25;24833.5;24813;24829.75;565
20260306 163000;24829.25;24846;24825;24844;689
20260306 163100;24844.25;24850.5;24811.5;24815.75;1593
20260306 163200;24816.25;24834;24810.25;24828;807
20260306 163300;24826.5;24848;24826.5;24844.5;656
20260306 163400;24845;24847.5;24818.25;24820.5;782
20260306 163500;24821;24823.5;24796;24804;1529
20260306 163600;24803.75;24827.75;24798.25;24814.25;1293
20260306 163700;24814.25;24844;24813.5;24840.5;843
20260306 163800;24841;24863.75;24840;24860;1527
20260306 163900;24860.75;24864.25;24849;24853;569
20260306 164000;24853.5;24869.75;24849.75;24858.5;794
20260306 164100;24858;24865.75;24842.5;24863.25;770
20260306 164200;24862.25;24871.75;24839.25;24852;869
20260306 164300;24853;24861;24844.5;24858.5;528
20260306 164400;24859;24874.25;24853;24871;827
20260306 164500;24871.75;24872.5;24842.75;24849.5;833
20260306 164600;24848.25;24891.5;24847.25;24889;1191
20260306 164700;24889;24896.25;24882;24886.5;1103
20260306 164800;24886.25;24898.5;24867.75;24874.5;1063
20260306 164900;24875.25;24903.75;24865;24897.25;1203
20260306 165000;24896.25;24899.75;24883.25;24884.25;675
20260306 165100;24885.5;24902.75;24884;24896.5;950
20260306 165200;24897.25;24915;24893.5;24897;1583
20260306 165300;24896.25;24906.5;24892;24897.5;778
20260306 165400;24898.25;24906.75;24885.5;24892.75;876
20260306 165500;24893;24895;24852.25;24858.25;1275
20260306 165600;24858;24868.75;24844.5;24865.5;1074
20260306 165700;24865.5;24868;24843.5;24856.5;998
20260306 165800;24855.5;24898.25;24848.5;24887.5;1468
20260306 165900;24886.5;24894.75;24866.25;24889.5;1207
20260306 170000;24890.25;24893.5;24877.5;24880.75;695
20260306 170100;24881;24885;24864;24874.25;1219
20260306 170200;24874.5;24881.75;24865;24878.5;640
20260306 170300;24878.75;24886;24866.5;24868;603
20260306 170400;24868.25;24901;24862.5;24900.25;945
20260306 170500;24899.5;24926.25;24893.75;24896;1762
20260306 170600;24896;24899.75;24874.75;24890;1283
20260306 170700;24889.25;24891;24846;24849.75;1061
20260306 170800;24849.25;24855;24841.25;24842.5;824
20260306 170900;24843;24851.5;24831.5;24833;753
20260306 171000;24833;24849.75;24827.5;24844.5;684
20260306 171100;24844;24858.5;24843.5;24846.5;630
20260306 171200;24846;24852.5;24837.75;24839.5;592
20260306 171300;24839.75;24843.5;24831.5;24834;555
20260306 171400;24834;24848.25;24831;24835;559
20260306 171500;24834;24837.75;24822.5;24834.5;668
20260306 171600;24834;24839.75;24827.5;24828.75;584
20260306 171700;24829.25;24832.25;24808.75;24824;992
20260306 171800;24824.75;24839.5;24823;24827;531
20260306 171900;24827;24846.5;24824.75;24836;559
20260306 172000;24836;24850;24833.5;24847.75;667
20260306 172100;24849.25;24853.25;24828.75;24833.5;624
20260306 172200;24834.5;24844;24827.75;24836;520
20260306 172300;24838.5;24871;24837.25;24861;1093
20260306 172400;24862;24863;24845;24848.25;501
20260306 172500;24848.25;24850;24832.25;24838.5;590
20260306 172600;24839;24843;24802;24806;1081
20260306 172700;24805.5;24813.25;24793.5;24796.75;1204
20260306 172800;24798;24811.75;24793;24809.5;663
20260306 172900;24811;24826.25;24809;24821.75;819
20260306 173000;24823.25;24833.75;24812.25;24813.5;749
20260306 173100;24813.25;24822;24809;24816.25;659
20260306 173200;24814.5;24817.5;24802.5;24816;554
20260306 173300;24818;24818.25;24797.25;24805.75;700
20260306 173400;24806;24821;24804.25;24819.25;579
20260306 173500;24819.5;24826;24811.25;24822.25;600
20260306 173600;24822;24824.25;24797;24797.75;588
20260306 173700;24798.5;24804;24773.75;24778.25;1415
20260306 173800;24777.5;24782.25;24767.5;24775.75;1002
20260306 173900;24776.5;24777.75;24766;24777.5;725
20260306 174000;24776.5;24780;24761.75;24774.5;654
20260306 174100;24776;24784.25;24759.75;24760.5;881
20260306 174200;24760.75;24773;24758;24765.25;548
20260306 174300;24765.25;24767.25;24749;24756;967
20260306 174400;24757.5;24762;24744.25;24752.75;819
20260306 174500;24753.75;24775;24751;24770.25;1038
20260306 174600;24769.5;24780.5;24769;24778.5;884
20260306 174700;24779;24789;24774.5;24784.5;776
20260306 174800;24784.75;24790.25;24776;24780;729
20260306 174900;24780.5;24799.5;24780.5;24795.25;922
20260306 175000;24794.25;24811.25;24792.25;24803;876
20260306 175100;24803;24825.75;24802.5;24823.25;1230
20260306 175200;24824.25;24824.5;24801.75;24803.25;788
20260306 175300;24803.75;24805.5;24783.5;24793.5;984
20260306 175400;24793.25;24808;24793;24797.5;568
20260306 175500;24797.25;24806.5;24791;24792.75;602
20260306 175600;24794.5;24803.5;24785.25;24787;510
20260306 175700;24787.5;24816;24781.25;24806.25;777
20260306 175800;24808.75;24815.5;24798;24801;579
20260306 175900;24802.25;24803.25;24791.5;24792;460
20260306 180000;24794;24795.5;24783;24784.25;539
20260306 180100;24783.75;24798.25;24779;24793.75;840
20260306 180200;24794.25;24826.75;24794.25;24825;1545
20260306 180300;24825.5;24828.25;24816.25;24820.5;828
20260306 180400;24821;24821.5;24803;24807;853
20260306 180500;24806.5;24815;24785.75;24796.25;796
20260306 180600;24796.25;24815.25;24790;24814.75;634
20260306 180700;24813.75;24828;24805.5;24806.5;815
20260306 180800;24806.25;24818.5;24804.5;24811.75;378
20260306 180900;24813.5;24820.25;24807.5;24817.75;411
20260306 181000;24818.5;24833.75;24816;24819.75;817
20260306 181100;24819.25;24828.25;24806;24817.75;682
20260306 181200;24817;24842.5;24815.25;24834.5;877
20260306 181300;24835.5;24851.5;24833.25;24851.5;921
20260306 181400;24851;24895.5;24846;24892.5;2388
20260306 181500;24891.75;24893.75;24874;24888.75;1512
20260306 181600;24889.25;24898.5;24877;24896;1085
20260306 181700;24896.5;24896.5;24876.5;24884.75;768
20260306 181800;24884.5;24884.5;24858.5;24881.5;1558
20260306 181900;24881.25;24896.25;24879;24893;818
20260306 182000;24892;24893;24877;24885.25;631
20260306 182100;24883.5;24889;24872.5;24879.25;577
20260306 182200;24878.5;24888.25;24870.75;24884.25;633
20260306 182300;24884.5;24887.5;24849.25;24852.75;841
20260306 182400;24853.5;24873.75;24848.25;24864;734
20260306 182500;24864.5;24865.5;24846.5;24862.75;889
20260306 182600;24863.5;24866.5;24844;24853;759
20260306 182700;24852.5;24853;24839;24847.5;503
20260306 182800;24846;24847;24824;24827.25;847
20260306 182900;24827.5;24842.5;24824.75;24824.75;807
20260306 183000;24824.25;24835.75;24815.5;24830.5;819
20260306 183100;24830.25;24848;24825;24835.25;998
20260306 183200;24836.25;24861.5;24834.25;24854.5;1188
20260306 183300;24854;24860.75;24840;24840.5;703
20260306 183400;24840.5;24843.75;24828.75;24842.5;858
20260306 183500;24841.75;24852.25;24840.25;24846;649
20260306 183600;24844.5;24846.25;24825.75;24833.5;568
20260306 183700;24833.75;24840.75;24820.25;24822.25;1119
20260306 183800;24822.5;24826.5;24804;24819.25;1245
20260306 183900;24818.5;24835.25;24812.5;24831.5;655
20260306 184000;24831.5;24844.5;24826.25;24828.75;592
20260306 184100;24828;24835.75;24818.75;24824.75;523
20260306 184200;24824.75;24834.25;24823;24830.5;461
20260306 184300;24830;24849;24830;24835.25;722
20260306 184400;24836.25;24849.25;24832.75;24845;408
20260306 184500;24847.25;24852.75;24835;24840;476
20260306 184600;24840.75;24847;24830;24841.5;502
20260306 184700;24841;24848;24831;24834;458
20260306 184800;24833.75;24839.75;24824;24827;530
20260306 184900;24829.75;24840;24822;24833.25;550
20260306 185000;24832.5;24845.5;24829;24843.5;485
20260306 185100;24845;24845.75;24810;24812.5;834
20260306 185200;24813.25;24821;24798;24810.25;1126
20260306 185300;24811;24829;24805.75;24822.25;793
20260306 185400;24821.75;24824;24809.5;24813.25;382
20260306 185500;24813;24813;24790.75;24800.75;860
20260306 185600;24801;24810.75;24792.75;24810.5;543
20260306 185700;24810.25;24814.75;24802.5;24804.25;451
20260306 185800;24803.25;24817;24801.75;24810;339
20260306 185900;24809;24817.5;24805.25;24811.25;309
20260306 190000;24810.75;24813.75;24798.25;24800.5;509
20260306 190100;24801;24813.75;24800;24810.5;747
20260306 190200;24810.5;24815;24802;24804.25;535
20260306 190300;24803.75;24811.5;24798.75;24808.25;595
20260306 190400;24810.5;24816;24802.75;24804.25;628
20260306 190500;24803.75;24803.75;24793.25;24795;570
20260306 190600;24795;24813;24790;24805.5;678
20260306 190700;24807;24819;24803;24812.25;613
20260306 190800;24812.5;24828.5;24811.5;24816.25;692
20260306 190900;24816;24821.25;24803.25;24812.75;555
20260306 191000;24812.75;24824.75;24809;24821;364
20260306 191100;24821;24840;24817.75;24837;836
20260306 191200;24836.75;24845.75;24835.25;24838.75;606
20260306 191300;24839.75;24846.25;24827;24832.75;645
20260306 191400;24833.25;24848.5;24833.25;24848.25;419
20260306 191500;24848;24854;24835.75;24843.25;571
20260306 191600;24841.5;24843;24831.25;24842.25;430
20260306 191700;24842.25;24848;24832.5;24837.25;635
20260306 191800;24837.75;24840.75;24824.75;24828.75;538
20260306 191900;24828.25;24832.75;24801.5;24815.25;834
20260306 192000;24816;24834.5;24816;24826.75;697
20260306 192100;24826.75;24832.25;24820.25;24826.5;492
20260306 192200;24827.5;24828.5;24805;24811;676
20260306 192300;24809.5;24817.25;24797.25;24798.5;587
20260306 192400;24799.25;24827.75;24787;24815.5;1838
20260306 192500;24814.25;24814.5;24793;24793.5;730
20260306 192600;24793.75;24799.5;24783.25;24792.5;774
20260306 192700;24792.25;24810.25;24789.5;24807.25;635
20260306 192800;24807.25;24828;24806.75;24821;748
20260306 192900;24821.75;24822;24810;24812.25;497
20260306 193000;24812;24824.75;24812;24820;422
20260306 193100;24818.5;24838.75;24812.5;24828.75;764
20260306 193200;24828;24839;24820.5;24833;539
20260306 193300;24830.75;24830.75;24811.75;24815.5;458
20260306 193400;24816.25;24837.25;24816.25;24825.25;419
20260306 193500;24825.25;24833;24821.25;24825.5;524
20260306 193600;24825.75;24835.25;24824.5;24827.75;315
20260306 193700;24828;24829;24814;24821.25;369
20260306 193800;24819.75;24827;24814.5;24816;388
20260306 193900;24816;24816.75;24784.75;24798.25;955
20260306 194000;24798.25;24808.5;24796;24804.25;579
20260306 194100;24806.5;24826.5;24802.5;24823.5;678
20260306 194200;24823;24840.75;24814.5;24836.25;880
20260306 194300;24835;24839.5;24826.25;24832.5;583
20260306 194400;24831;24837.75;24822;24822;433
20260306 194500;24822;24822.5;24797.75;24798.25;718
20260306 194600;24798;24804.25;24792.25;24797.5;585
20260306 194700;24796.5;24805;24785.75;24801.5;679
20260306 194800;24800.25;24801;24778.25;24778.75;578
20260306 194900;24780.5;24796;24777.5;24786.75;657
20260306 195000;24786.75;24796.5;24784.25;24792.75;336
20260306 195100;24791.5;24799.25;24789.25;24791.5;412
20260306 195200;24791.25;24792.5;24776.25;24779;591
20260306 195300;24779.75;24804.25;24773.5;24800.5;827
20260306 195400;24800.75;24806.25;24789;24791;608
20260306 195500;24791.75;24808;24788.5;24802;661
20260306 195600;24802.5;24807.75;24798;24803.25;495
20260306 195700;24804;24812;24802;24810.25;484
20260306 195800;24809.25;24809.5;24799.75;24805.5;512
20260306 195900;24802.5;24816;24801;24811.75;546
20260306 200000;24812;24814.5;24807.25;24808.25;386
20260306 200100;24808;24821.75;24806.75;24813.75;891
20260306 200200;24813;24840;24811.25;24837.75;998
20260306 200300;24837.5;24853.25;24831.75;24835.5;1453
20260306 200400;24835.25;24848.5;24829.5;24848.25;629
20260306 200500;24848.75;24849.75;24835;24844.5;487
20260306 200600;24844.25;24848;24827.5;24833.25;625
20260306 200700;24832.25;24846.25;24830.25;24831.25;493
20260306 200800;24832;24832.5;24820.75;24821.75;600
20260306 200900;24822.25;24825.25;24800.25;24805.5;879
20260306 201000;24805;24807.75;24798;24799.5;587
20260306 201100;24800;24806.5;24749.5;24752.5;2539
20260306 201200;24751.25;24756.25;24732;24742.25;1605
20260306 201300;24741.5;24749.25;24728.5;24729;995
20260306 201400;24730.25;24748;24726;24746;1014
20260306 201500;24746.5;24756;24737.5;24750.75;875
20260306 201600;24750.75;24752.25;24724.25;24737.75;1227
20260306 201700;24737.75;24766.75;24737.5;24751.25;1485
20260306 201800;24750.5;24773.75;24750.5;24759;1415
20260306 201900;24759.25;24767.25;24745.75;24752.75;695
20260306 202000;24753.25;24763;24745;24745;482
20260306 202100;24746.25;24749.5;24734;24736.5;651
20260306 202200;24736.5;24738;24699;24716.25;1982
20260306 202300;24716.25;24716.75;24699;24699;743
20260306 202400;24701.25;24710;24692.5;24697.25;899
20260306 202500;24698;24706;24686.75;24689;979
20260306 202600;24689;24691.5;24672.25;24675.75;948
20260306 202700;24676.5;24676.5;24659;24669.5;1083
20260306 202800;24669.25;24672;24644.25;24645.25;1195
20260306 202900;24644.5;24666.25;24643.5;24657.25;1210
20260306 203000;24656;24662.75;24648;24654;830
20260306 203100;24652.75;24664;24637;24657.5;2137
20260306 203200;24657;24663.5;24642;24646.5;898
20260306 203300;24647;24650.75;24630;24635.25;967
20260306 203400;24635.5;24646.25;24626.5;24642;1107
20260306 203500;24642.75;24649;24637.75;24638.5;1007
20260306 203600;24637.5;24638.5;24618.5;24631.25;1177
20260306 203700;24630.75;24641.5;24612;24614.5;947
20260306 203800;24614.25;24641;24601;24631.25;1757
20260306 203900;24631.5;24638;24611.25;24616.5;1004
20260306 204000;24616.75;24657.25;24616.25;24650.25;1650
20260306 204100;24650.5;24708;24630;24694;3462
20260306 204200;24694.5;24700.25;24673.25;24696.5;1418
20260306 204300;24697;24705.25;24680.75;24692.75;904
20260306 204400;24690.75;24700.75;24684.75;24699;823
20260306 204500;24699.25;24699.75;24672;24679.5;838
20260306 204600;24679.5;24687.5;24673.25;24686.25;797
20260306 204700;24685;24699.75;24678.75;24687.75;813
20260306 204800;24686.75;24698;24682;24688;492
20260306 204900;24688;24693.5;24680.75;24689.75;553
20260306 205000;24689.25;24696.75;24682;24691.25;770
20260306 205100;24691;24704.75;24655.5;24658.5;2004
20260306 205200;24658.5;24674;24656;24668.5;976
20260306 205300;24668.5;24680;24660.25;24676.25;1080
20260306 205400;24676.5;24683;24659.25;24663.75;860
20260306 205500;24663.5;24681;24660.75;24679.5;1318
20260306 205600;24679.25;24683.5;24651.25;24663.25;1626
20260306 205700;24663.5;24676;24659.25;24673.5;1536
20260306 205800;24673.75;24690.75;24669.75;24688.75;1494
20260306 205900;24688.75;24693.25;24678;24686.5;1473
20260306 210000;24686.5;24686.5;24662.75;24668;8508
20260306 210100;24667.75;24677.75;24642;24652.25;3309
20260306 210200;24652;24655.75;24637.5;24642.5;1119
20260306 210300;24643;24645;24629.25;24637;1040
20260306 210400;24637.5;24650.5;24636;24647;899
20260306 210500;24647.25;24654.75;24639;24642.5;900
20260306 210600;24642;24644.25;24618;24634.5;1032
20260306 210700;24634.75;24641.5;24625.5;24632.25;636
20260306 210800;24633;24638.25;24628.75;24632.5;350
20260306 210900;24632.5;24639.75;24629;24630.5;494
20260306 211000;24630.75;24633.75;24628;24630.25;275
20260306 211100;24630;24639.5;24629.75;24636;466
20260306 211200;24635.25;24648.25;24634.5;24646.5;514
20260306 211300;24646.5;24652.5;24643.25;24652.25;363
20260306 211400;24652.75;24657.75;24648.5;24654.25;441
20260306 211500;24653.75;24665.5;24653.75;24658.5;479
20260306 211600;24658.75;24659.25;24649.25;24655.75;319
20260306 211700;24655.25;24655.25;24646.25;24647.75;290
20260306 211800;24648.5;24658.75;24646.5;24651;230
20260306 211900;24650.25;24651.5;24639.5;24640.5;269
20260306 212000;24640;24645.5;24637.25;24644.5;305
20260306 212100;24644.25;24652;24644;24649.25;157
20260306 212200;24650.25;24650.25;24640.25;24643;104
20260306 212300;24643.5;24647;24643;24644.5;232
20260306 212400;24645;24648.25;24643;24643.75;123
20260306 212500;24644.25;24645;24642;24643.25;115
20260306 212600;24643.25;24645;24639.25;24640.75;140
20260306 212700;24641.25;24642.5;24630;24640;169
20260306 212800;24640;24645.25;24638.25;24644.5;155
20260306 212900;24645.25;24646.5;24636.75;24640.25;146
20260306 213000;24640.5;24641;24630;24632.5;151
20260306 213100;24632.75;24637.25;24631.25;24636.25;112
20260306 213200;24636;24636.75;24632;24636;132
20260306 213300;24636.25;24638.75;24633.5;24636.25;108
20260306 213400;24637.5;24639.5;24635.75;24638.75;94
20260306 213500;24638.25;24644;24638;24639.75;290
20260306 213600;24639.5;24650.75;24639.5;24648;226
20260306 213700;24650;24650.25;24647;24648.5;121
20260306 213800;24648.5;24654.25;24646.5;24653.5;138
20260306 213900;24654.5;24660.75;24653.5;24658.25;216
20260306 214000;24658.25;24660;24656;24657.75;133
20260306 214100;24658.25;24668.25;24658.25;24665.25;193
20260306 214200;24666;24666;24657;24661.25;189
20260306 214300;24661.25;24661.5;24656.75;24659;148
20260306 214400;24659.75;24659.75;24655.5;24657.75;114
20260306 214500;24657.75;24664;24657.5;24662.25;148
20260306 214600;24662.5;24671.25;24659.25;24667.5;233
20260306 214700;24668.25;24672.75;24668;24668.75;107
20260306 214800;24668.75;24673.75;24668;24670;111
20260306 214900;24669.75;24671.25;24666.75;24669;163
20260306 215000;24669.5;24673.5;24668;24672.25;127
20260306 215100;24672.25;24679.25;24672.25;24674.75;183
20260306 215200;24674.5;24676.25;24671.5;24673.25;114
20260306 215300;24674;24682.25;24673.75;24678.5;232
20260306 215400;24678.5;24679.75;24670.5;24670.5;187
20260306 215500;24671;24678.5;24670.25;24675;197
20260306 215600;24675;24678;24670.25;24671.5;311
20260306 215700;24671.25;24673.75;24667.75;24670;199
20260306 215800;24670;24670;24664.25;24667.75;457
20260306 215900;24667.75;24669.5;24664.75;24667;81
20260306 220000;24666.5;24672.25;24658.75;24661.25;234
20260308 220100;24435.25;24473;24330.5;24339.5;2216
20260308 220200;24339;24380;24300.25;24324.25;1136
20260308 220300;24324.75;24327;24250;24267;1361
20260308 220400;24267;24320;24266.25;24303.75;595
20260308 220500;24302.25;24302.25;24266.25;24272;420
20260308 220600;24268.25;24279.25;24250.5;24263;619
20260308 220700;24262.5;24270.5;24250;24262.25;890
20260308 220800;24259.5;24296.25;24250;24294;564
20260308 220900;24295;24299.75;24250;24264.5;808
20260308 221000;24263.25;24274;24223;24248;1240
20260308 221100;24245;24280;24243;24271;709
20260308 221200;24274;24277;24250.5;24254;426
20260308 221300;24253;24259.25;24232;24240.25;465
20260308 221400;24240;24267;24228.75;24239.75;473
20260308 221500;24237.25;24260;24224;24234.5;637
20260308 221600;24232.5;24261;24226.75;24253.25;472
20260308 221700;24250.5;24271.75;24249.75;24271.25;470
20260308 221800;24269.75;24285;24267.25;24284.5;313
20260308 221900;24283.75;24284.25;24268;24271;372
20260308 222000;24271.25;24281;24267.5;24275.25;201
20260308 222100;24275;24297.5;24274.5;24291.75;443
20260308 222200;24291.5;24299;24290.25;24291.5;371
20260308 222300;24291;24295.25;24281;24285.25;771
20260308 222400;24284.25;24287.75;24281.25;24281.25;327
20260308 222500;24283;24284.75;24253.25;24282.75;751
20260308 222600;24282;24290.75;24263.75;24271.5;404
20260308 222700;24272.75;24276;24255.75;24262.5;280
20260308 222800;24262;24270.25;24255;24266.25;238
20260308 222900;24266;24293;24264.5;24290;258
20260308 223000;24291.75;24296.25;24288;24293.5;141
20260308 223100;24291.25;24298.5;24288;24293.75;389
20260308 223200;24292.75;24292.75;24281.5;24285;346
20260308 223300;24284.5;24292;24275.5;24290.75;223
20260308 223400;24291.75;24308.25;24291.75;24299;424
20260308 223500;24297.5;24301;24287.25;24292.75;210
20260308 223600;24291.25;24303;24290.5;24300.5;233
20260308 223700;24296.5;24305;24296;24302.25;224
20260308 223800;24301.5;24302.5;24293.75;24296.75;229
20260308 223900;24297.75;24298;24284;24284;175
20260308 224000;24284.5;24302;24278;24294.25;325
20260308 224100;24295.5;24309;24293.75;24304.5;248
20260308 224200;24304.5;24304.5;24295.75;24299.25;118
20260308 224300;24301.25;24307.25;24297.25;24304.75;112
20260308 224400;24304;24312;24304;24308;182
20260308 224500;24306.5;24307;24296.5;24301.5;160
20260308 224600;24302.75;24310.5;24301;24307.75;186
20260308 224700;24308;24320;24307.5;24312.75;278
20260308 224800;24312.75;24315.75;24306.5;24309.75;285
20260308 224900;24308;24315;24306.75;24311.75;107
20260308 225000;24312;24313.25;24298.75;24300.25;243
20260308 225100;24301;24304.5;24284;24292.25;253
20260308 225200;24292.25;24308;24292.25;24306.5;177
20260308 225300;24306.25;24311.25;24291.5;24297.25;241
20260308 225400;24295.5;24305.5;24295;24304.5;131
20260308 225500;24305.5;24314.75;24305.25;24313.75;192
20260308 225600;24312.75;24318;24300;24309;364
20260308 225700;24309.75;24311;24304.5;24308.25;67
20260308 225800;24306;24307;24279;24285;305
20260308 225900;24283.5;24295;24280.75;24287.75;239
20260308 230000;24288;24306.25;24287.75;24306.25;173
20260308 230100;24304.5;24326.25;24303;24304;438
20260308 230200;24305.25;24312.5;24292.5;24301.75;201
20260308 230300;24300;24301;24292;24295;73
20260308 230400;24295.5;24303.25;24293.5;24301;119
20260308 230500;24302;24313.75;24291.5;24296.75;298
20260308 230600;24297.25;24303.25;24293.75;24301.25;67
20260308 230700;24298;24301.5;24284;24290;179
20260308 230800;24291;24295.5;24272.75;24293.5;272
20260308 230900;24292.75;24299;24276.25;24283.25;402
20260308 231000;24282.5;24287;24271.75;24279;177
20260308 231100;24279.75;24282.25;24265;24272.75;291
20260308 231200;24275.5;24288.5;24271.5;24283;184
20260308 231300;24279.5;24281;24269.75;24277.25;108
20260308 231400;24278.75;24282.75;24270.75;24277.25;79
20260308 231500;24277.25;24279.5;24270.75;24279.5;37
20260308 231600;24279.5;24281.25;24272;24277.75;238
20260308 231700;24279.5;24287.5;24274.5;24287.5;129
20260308 231800;24287.75;24288;24278;24284.5;93
20260308 231900;24285;24293;24282.75;24292.25;124
20260308 232000;24291.75;24292.75;24286.75;24292.25;94
20260308 232100;24291.25;24293;24285.75;24287.75;68
20260308 232200;24285.75;24289.75;24285;24289.75;89
20260308 232300;24291.75;24295.25;24289.25;24291.25;66
20260308 232400;24291.75;24293.25;24287.25;24289.5;53
20260308 232500;24290;24290;24275.25;24275.25;188
20260308 232600;24275;24279.5;24266;24273.75;217
20260308 232700;24272.5;24275;24262;24272.25;143
20260308 232800;24271.75;24273.5;24260;24264.75;93
20260308 232900;24264.75;24266.5;24259.5;24263.75;99
20260308 233000;24263.5;24278;24263.25;24276.5;189
20260308 233100;24277.75;24280.25;24263.75;24268.25;182
20260308 233200;24270;24272.75;24258.5;24270.25;160
20260308 233300;24268.25;24271;24250.25;24259.25;205
20260308 233400;24258.5;24260.25;24246;24256;275
20260308 233500;24255;24263;24251;24260;133
20260308 233600;24259.5;24270;24254.75;24259.25;126
20260308 233700;24259.25;24263.25;24255;24256;139
20260308 233800;24254.75;24256;24246;24247.5;136
20260308 233900;24249;24249;24238.75;24241;185
20260308 234000;24241.25;24241.5;24225.75;24239;371
20260308 234100;24239;24246.5;24233.75;24240.25;295
20260308 234200;24239.75;24248;24236.75;24244.5;185
20260308 234300;24245.25;24248;24236.75;24240.75;131
20260308 234400;24241;24247.5;24240;24244.25;88
20260308 234500;24244.5;24249.75;24239.75;24239.75;128
20260308 234600;24240;24242.75;24229.5;24233;230
20260308 234700;24233;24237.75;24224.5;24230.25;232
20260308 234800;24229.5;24236;24187.75;24197;1205
20260308 234900;24197.75;24203.25;24181;24194.75;591
20260308 235000;24195.75;24224;24192;24214.75;519
20260308 235100;24214.25;24228.25;24214;24222;301
20260308 235200;24221.25;24223.5;24207.75;24210;218
20260308 235300;24211.25;24217.5;24204;24205.75;215
20260308 235400;24206.25;24210;24196;24205.25;205
20260308 235500;24205;24216;24198.5;24199;293
20260308 235600;24199;24207.5;24188;24198.75;328
20260308 235700;24198.5;24212.5;24195;24207.75;222
20260308 235800;24208.5;24209;24168.25;24173;641
20260308 235900;24172.75;24204.5;24172.5;24199;419
20260309 000000;24200.75;24217.75;24199.25;24215.25;314
20260309 000100;24215.5;24230;24208.75;24219.25;534
20260309 000200;24217.75;24218.25;24188.75;24191.75;584
20260309 000300;24192.5;24200.25;24186;24187.5;293
20260309 000400;24187.5;24200;24186.75;24196.75;229
20260309 000500;24198;24213;24196.25;24213;390
20260309 000600;24214;24238.75;24213.75;24230.5;566
20260309 000700;24231.5;24234.75;24213;24213.5;311
20260309 000800;24214.25;24224.75;24205.5;24221.25;362
20260309 000900;24222;24234.25;24216.75;24230.5;296
20260309 001000;24231.25;24237;24225.75;24230.75;175
20260309 001100;24230.5;24237.75;24230.5;24237.25;170
20260309 001200;24236.5;24238.25;24219.25;24221.5;258
20260309 001300;24221.75;24225.5;24201;24212.5;383
20260309 001400;24214.75;24214.75;24191;24196;367
20260309 001500;24195.5;24203.25;24191.75;24202;281
20260309 001600;24201.5;24208.5;24190;24195.25;426
20260309 001700;24194.5;24205.25;24186.75;24205.25;305
20260309 001800;24206;24206.75;24190;24193.25;278
20260309 001900;24194.75;24202.5;24194.25;24196.75;237
20260309 002000;24196;24196;24156;24166.5;675
20260309 002100;24167.5;24180.5;24154;24173;563
20260309 002200;24173.25;24185;24166.75;24172.75;249
20260309 002300;24172.25;24175;24163.5;24165.75;179
20260309 002400;24165;24166.5;24142.25;24151.75;591
20260309 002500;24150.75;24156.5;24122.25;24140.75;446
20260309 002600;24140;24142.75;24129.5;24131.75;305
20260309 002700;24130.5;24146;24130.5;24139;268
20260309 002800;24141.5;24145.5;24135.5;24135.75;150
20260309 002900;24135;24141;24131.5;24140.25;186
20260309 003000;24139.75;24165.5;24136;24164;385
20260309 003100;24164;24176.5;24152;24155.5;300
20260309 003200;24156.25;24160;24143.75;24151.75;255
20260309 003300;24151.5;24168.75;24150;24168.25;191
20260309 003400;24167.5;24182;24161.75;24181;285
20260309 003500;24180.25;24195.25;24180;24194.25;250
20260309 003600;24194.25;24206.5;24192;24203.75;260
20260309 003700;24202;24206.25;24191.75;24195.5;181
20260309 003800;24195.5;24195.5;24176.75;24178.25;284
20260309 003900;24178;24186;24177.25;24179.75;112
20260309 004000;24177.75;24183;24167;24170;178
20260309 004100;24168.25;24170.25;24143;24148.25;232
20260309 004200;24152.25;24155.25;24147.5;24153;125
20260309 004300;24153.5;24154.25;24143.25;24143.25;126
20260309 004400;24143;24144.5;24133;24141;259
20260309 004500;24141.25;24146.25;24136.25;24139.75;187
20260309 004600;24139.75;24142.25;24128.75;24139.5;156
20260309 004700;24139.5;24143.25;24130.5;24135;140
20260309 004800;24132.25;24134.5;24121;24122;295
20260309 004900;24122.25;24140.75;24116.25;24131.25;430
20260309 005000;24130;24145.25;24129;24138.75;176
20260309 005100;24138.5;24148;24134.75;24138;183
20260309 005200;24136.25;24142;24135.75;24140;122
20260309 005300;24140.75;24140.75;24124.75;24130.75;226
20260309 005400;24131.75;24134.5;24125.5;24126.75;110
20260309 005500;24127.5;24129.25;24102.75;24106;633
20260309 005600;24105.5;24109.5;24092.75;24100.5;583
20260309 005700;24099;24111.5;24092;24108;388
20260309 005800;24106.75;24113.5;24106.5;24112;126
20260309 005900;24112;24113;24100;24110;206
20260309 010000;24110.5;24120.75;24106.25;24117.75;241
20260309 010100;24118.5;24131.75;24106.75;24106.75;413
20260309 010200;24105;24133.5;24099.5;24124;347
20260309 010300;24124.25;24137.75;24118;24123.75;217
20260309 010400;24122.75;24128.5;24102;24103;239
20260309 010500;24102.25;24116;24101;24104.25;157
20260309 010600;24104;24117;24090.75;24109;429
20260309 010700;24110.5;24120.5;24103;24107.5;185
20260309 010800;24109;24109.25;24095;24095;191
20260309 010900;24094;24105;24093.5;24097.5;155
20260309 011000;24098.25;24102.5;24092;24094;197
20260309 011100;24092.75;24096.25;24062.5;24071;936
20260309 011200;24070.75;24085;24063.25;24080;412
20260309 011300;24081.75;24089.25;24075.5;24082.25;199
20260309 011400;24082.75;24083.5;24069.5;24070.5;249
20260309 011500;24072;24089.5;24069.5;24085.5;184
20260309 011600;24087;24096;24086.5;24093;343
20260309 011700;24092;24100.25;24090;24093.25;200
20260309 011800;24090;24102.25;24089;24097.25;194
20260309 011900;24097.75;24102.75;24091.25;24095.75;100
20260309 012000;24093.5;24093.75;24079.75;24080.25;141
20260309 012100;24080;24083.75;24068;24068.75;221
20260309 012200;24068;24077.75;24065.75;24076.25;229
20260309 012300;24075.25;24083;24073.75;24078.5;214
20260309 012400;24080;24090.5;24071.75;24071.75;215
20260309 012500;24071.25;24093.75;24067.5;24090;274
20260309 012600;24090.25;24098.25;24081.75;24081.75;197
20260309 012700;24083.75;24092.75;24078.75;24088.5;174
20260309 012800;24087.75;24088.5;24078.5;24082;112
20260309 012900;24080.75;24090.25;24078.25;24086.25;164
20260309 013000;24082.75;24083.75;24069.75;24070.75;179
20260309 013100;24071.75;24078.25;24060.5;24071;331
20260309 013200;24070;24071.75;24058;24061.25;238
20260309 013300;24063.5;24090.75;24061;24087.75;343
20260309 013400;24088;24108;24087.75;24105.75;313
20260309 013500;24106.25;24106.25;24094.25;24101;187
20260309 013600;24100;24114.25;24099.25;24111.5;329
20260309 013700;24112.5;24118;24093.75;24099.5;401
20260309 013800;24100;24105.5;24088.5;24089.5;198
20260309 013900;24088;24092.25;24067.75;24068.5;260
20260309 014000;24070;24074.25;24067.5;24069.5;165
20260309 014100;24068.5;24076.75;24061;24071.75;282
20260309 014200;24072.25;24075.25;24056;24059.75;348
20260309 014300;24058.25;24074;24052;24073.25;295
20260309 014400;24073.75;24074.5;24056.25;24061.25;178
20260309 014500;24060.75;24065;24056.75;24062;145
20260309 014600;24062;24067.25;24050.75;24058;227
20260309 014700;24058.5;24065.25;24052.25;24053;193
20260309 014800;24053.25;24055;24030;24048.25;545
20260309 014900;24047.5;24050;24036;24044.25;277
20260309 015000;24044.75;24050;24032.5;24033;267
20260309 015100;24032;24036.5;24019.25;24022;492
20260309 015200;24022.5;24023.75;24005.25;24008.75;482
20260309 015300;24008.75;24024.25;24008;24022.25;376
20260309 015400;24019.25;24042.5;24019.25;24033.25;487
20260309 015500;24034.25;24043;24025;24025.5;307
20260309 015600;24025.75;24047;24023;24041.75;272
20260309 015700;24042.25;24052;24029.5;24033.5;233
20260309 015800;24032.5;24033.25;24013.75;24016.25;328
20260309 015900;24014.75;24027.75;24006.25;24023.25;339
20260309 020000;24024.5;24024.75;24004.5;24007.5;284
20260309 020100;24009.5;24018.25;24004.75;24017;336
20260309 020200;24017.25;24036.75;24014;24035.75;346
20260309 020300;24036.75;24046.5;24027.25;24028;263
20260309 020400;24029.75;24037.5;24015.5;24020.25;255
20260309 020500;24019.75;24024.5;24012.25;24015.25;186
20260309 020600;24015;24036;24005;24034.25;391
20260309 020700;24035;24042.5;24019.25;24029.25;303
20260309 020800;24026.5;24035.75;24020;24031.75;237
20260309 020900;24032.5;24043;24027.5;24038.75;316
20260309 021000;24038.5;24043.25;24022;24030.25;300
20260309 021100;24029;24043.25;24026;24036.25;280
20260309 021200;24036.25;24057.75;24036.25;24043.25;375
20260309 021300;24044.5;24048.25;24030.75;24032.25;236
20260309 021400;24033;24033;24020;24021.5;262
20260309 021500;24019.75;24029;24018.75;24026.5;205
20260309 021600;24027.5;24027.75;24007.75;24013.25;370
20260309 021700;24013.25;24025;24010;24011.5;269
20260309 021800;24012.5;24015;24000.25;24002;495
20260309 021900;24003;24011.25;24000;24009.75;633
20260309 022000;24008.5;24016.25;24002.5;24013;317
20260309 022100;24013.25;24020;24007.5;24011.5;182
20260309 022200;24011.25;24032.5;24006.75;24032;455
20260309 022300;24030.75;24040.75;24024.5;24034.5;283
20260309 022400;24035.75;24052;24035.75;24050.25;449
20260309 022500;24048;24052.5;24043.5;24044.5;186
20260309 022600;24045.25;24046;24034.75;24040;204
20260309 022700;24040;24051.75;24034.25;24048;195
20260309 022800;24047.75;24055.25;24040.75;24051.5;283
20260309 022900;24052.25;24062;24048.25;24059.5;245
20260309 023000;24061.75;24066.25;24046.5;24047.75;315
20260309 023100;24048.5;24052.25;24030.75;24031.5;258
20260309 023200;24031;24039.75;24027.5;24031.75;245
20260309 023300;24031.25;24049.25;24031;24038;276
20260309 023400;24037.5;24042.5;24033.5;24041;149
20260309 023500;24039.5;24051.75;24036.75;24048.5;154
20260309 023600;24048.5;24055.75;24041.5;24054;216
20260309 023700;24052.25;24075;24050.25;24072.75;405
20260309 023800;24073.5;24075.75;24066;24066.75;319
20260309 023900;24065.75;24072.5;24056;24065;226
20260309 024000;24067;24073.25;24062.75;24070.25;136
20260309 024100;24070.25;24079.75;24070;24072;205
20260309 024200;24072.25;24086;24072;24079.5;226
20260309 024300;24081.25;24085.25;24075.75;24075.75;133
20260309 024400;24076.25;24080;24073.25;24075.75;190
20260309 024500;24077;24084.25;24071.5;24082;164
20260309 024600;24083.5;24090;24076.25;24081.25;233
20260309 024700;24081.75;24083;24065.25;24076;291
20260309 024800;24074.25;24086;24071.75;24071.75;208
20260309 024900;24073.5;24083.25;24069;24082.5;172
20260309 025000;24081.75;24088;24075;24083.25;127
20260309 025100;24083.5;24088.75;24081.25;24082.5;90
20260309 025200;24083.5;24087.25;24075.25;24078;174
20260309 025300;24078.75;24086.5;24071.25;24072.25;206
20260309 025400;24071.75;24088;24070.75;24086.5;188
20260309 025500;24085.5;24090;24083;24086.25;199
20260309 025600;24088;24102.25;24087.25;24095;405
20260309 025700;24096.25;24103;24092.5;24098.75;257
20260309 025800;24098.5;24100.75;24090;24092.5;252
20260309 025900;24091;24095.25;24085.5;24086.75;137
20260309 030000;24087.75;24094;24082;24084;153
20260309 030100;24085;24095.75;24081.5;24092.25;165
20260309 030200;24091.25;24111.25;24086.25;24108.75;282
20260309 030300;24109;24110.25;24097.25;24103;197
20260309 030400;24104.25;24104.25;24093.5;24094.5;97
20260309 030500;24096;24099;24087.5;24090;146
20260309 030600;24089.75;24097.5;24085.25;24095.5;110
20260309 030700;24094.5;24097.75;24088.75;24088.75;35
20260309 030800;24092.5;24099.25;24090;24094.75;64
20260309 030900;24094.75;24098.25;24089.25;24098.25;88
20260309 031000;24098;24101.5;24089.5;24091.75;180
20260309 031100;24091.75;24093;24084.25;24092;176
20260309 031200;24091.5;24107;24091;24099;384
20260309 031300;24098.5;24103.25;24094;24100.25;122
20260309 031400;24098;24099.5;24092.25;24096.75;70
20260309 031500;24095;24108;24095;24108;119
20260309 031600;24108;24111;24100;24106.5;167
20260309 031700;24107.75;24121.5;24104.5;24117.75;327
20260309 031800;24117;24124.5;24114.5;24117.75;198
20260309 031900;24117.75;24123.5;24112;24117.5;294
20260309 032000;24116.25;24120.25;24110.5;24112.25;169
20260309 032100;24112;24116.75;24109.75;24112.25;126
20260309 032200;24112.5;24130;24112;24128.25;152
20260309 032300;24128.75;24128.75;24122.5;24124;145
20260309 032400;24123.25;24125.75;24101.75;24109.5;260
20260309 032500;24110;24115;24104.5;24108;124
20260309 032600;24106;24108;24098.25;24105;137
20260309 032700;24104.75;24109.5;24102.25;24106;52
20260309 032800;24106.5;24106.5;24097.25;24099;125
20260309 032900;24099.25;24103.25;24093.5;24096;116
20260309 033000;24097.25;24102.75;24090.75;24099.5;132
20260309 033100;24100;24105.75;24095;24098.5;129
20260309 033200;24097;24117.25;24089;24113.5;262
20260309 033300;24113;24116.25;24104;24111.25;142
20260309 033400;24110.75;24120.25;24110.75;24120;144
20260309 033500;24120;24127.25;24119.75;24124.75;228
20260309 033600;24126;24132;24112;24116.75;244
20260309 033700;24115.25;24118;24104.5;24107.25;152
20260309 033800;24106;24117;24103.5;24115.5;129
20260309 033900;24114.5;24121.5;24110;24111.25;120
20260309 034000;24110;24113.75;24100.25;24101;278
20260309 034100;24100.25;24103.5;24094.5;24095.75;177
20260309 034200;24095.5;24102.25;24094;24094;106
20260309 034300;24094.5;24097.5;24082.75;24086.75;191
20260309 034400;24086.75;24088.5;24078.25;24088.5;189
20260309 034500;24089.5;24090.75;24080.75;24085.25;119
20260309 034600;24084.75;24090.25;24082.5;24082.5;108
20260309 034700;24087.75;24098.75;24083.75;24085.25;159
20260309 034800;24084.75;24090;24081.25;24086;110
20260309 034900;24084;24086.75;24080.5;24081;50
20260309 035000;24085.75;24087.75;24081.5;24085.25;37
20260309 035100;24086.25;24095;24083;24095;88
20260309 035200;24096;24103.5;24092;24100.5;133
20260309 035300;24101;24114.25;24098.25;24107.5;223
20260309 035400;24108.75;24110.5;24093;24094;197
20260309 035500;24095;24101.25;24080.75;24084.5;188
20260309 035600;24083.5;24096.75;24077;24092.25;187
20260309 035700;24091.75;24094.75;24087;24088.75;72
20260309 035800;24089.25;24102.75;24089.25;24100.75;154
20260309 035900;24100.5;24105;24093.5;24095.5;144
20260309 040000;24093.5;24096.75;24087.25;24093.5;102
20260309 040100;24095;24107.25;24094.75;24105.25;198
20260309 040200;24104.75;24104.75;24092.5;24097.75;126
20260309 040300;24101.75;24128.25;24099.75;24118.5;347
20260309 040400;24118.75;24123.25;24104;24105.5;211
20260309 040500;24105.5;24117.5;24105;24110.75;126
20260309 040600;24111.25;24121.5;24111;24119.25;113
20260309 040700;24121;24130;24120.25;24127.5;128
20260309 040800;24126.75;24133.75;24125;24125;219
20260309 040900;24126.75;24130;24119.25;24121.75;111
20260309 041000;24123.75;24128.25;24121.5;24124.5;89
20260309 041100;24125;24131;24121.5;24131;94
20260309 041200;24130.25;24133;24119.75;24123.25;117
20260309 041300;24123.25;24123.5;24111.5;24116;117
20260309 041400;24116;24116.25;24108.5;24110;107
20260309 041500;24109.5;24112.5;24108.25;24111.75;77
20260309 041600;24109.75;24110.75;24105;24106.25;88
20260309 041700;24106.25;24107;24099.25;24101.75;116
20260309 041800;24100.5;24106.75;24099.5;24105.25;74
20260309 041900;24104.5;24107.75;24102.25;24106.25;53
20260309 042000;24106.25;24110.25;24103.5;24109.75;75
20260309 042100;24109.25;24112.75;24108;24110.75;46
20260309 042200;24112.25;24119.25;24108.5;24115.5;95
20260309 042300;24116.5;24116.5;24109.5;24116.25;65
20260309 042400;24116;24122.25;24111.25;24119.25;112
20260309 042500;24120;24120;24113;24116;68
20260309 042600;24120.25;24132.5;24119.25;24129;149
20260309 042700;24128.25;24131.25;24121.75;24131.25;88
20260309 042800;24129.5;24132.5;24126.25;24128;72
20260309 042900;24129.25;24131.25;24124.25;24126.5;58
20260309 043000;24126.25;24132;24126;24131.5;42
20260309 043100;24130.5;24130.75;24122.75;24127.75;93
20260309 043200;24125;24127.25;24122.75;24126.5;20
20260309 043300;24127.25;24131.75;24121.75;24122.25;114
20260309 043400;24124;24126.25;24123.5;24125.5;38
20260309 043500;24127;24132.5;24127;24129.75;62
20260309 043600;24129.75;24134.25;24128.25;24129.25;87
20260309 043700;24128.25;24129;24122;24125;119
20260309 043800;24123.5;24123.75;24115.5;24119.5;108
20260309 043900;24120;24123;24116.75;24120.25;63
20260309 044000;24120.5;24120.75;24115.75;24117.5;57
20260309 044100;24118;24120;24114;24116;89
20260309 044200;24116.25;24120.25;24113.25;24113.25;34
20260309 044300;24113;24119.5;24111.75;24117.25;65
20260309 044400;24118.5;24119.25;24109.25;24111.75;54
20260309 044500;24112;24116.5;24109.25;24113.25;61
20260309 044600;24114.75;24116;24106;24111;90
20260309 044700;24110;24114.25;24102.25;24113.5;101
20260309 044800;24112;24112;24104.5;24105.5;41
20260309 044900;24105.75;24109.25;24103.75;24104;47
20260309 045000;24104;24108;24104;24107.5;55
20260309 045100;24106.75;24106.75;24103;24103.75;39
20260309 045200;24102.5;24105.5;24100;24104.25;69
20260309 045300;24104.75;24104.75;24100.25;24101.75;33
20260309 045400;24101.75;24107;24098.75;24105;83
20260309 045500;24106.25;24114;24104.75;24110.75;67
20260309 045600;24110.75;24113;24108.5;24110.25;73
20260309 045700;24109.5;24111.75;24109.25;24110.5;22
20260309 045800;24113.75;24119;24110.75;24116.25;66
20260309 045900;24115.75;24119;24108;24109;90
20260309 050000;24108.75;24111;24100.25;24101;68
20260309 050100;24102;24102.75;24093;24097;180
20260309 050200;24094.75;24095;24086.25;24095;121
20260309 050300;24093.25;24097;24089.25;24096.75;84
20260309 050400;24097.25;24117;24095.75;24116;193
20260309 050500;24117.5;24127.75;24115.25;24123.75;146
20260309 050600;24125;24142;24124.5;24141;216
20260309 050700;24141.25;24151.75;24135;24146.25;226
20260309 050800;24146.25;24148.75;24134.75;24143.25;124
20260309 050900;24141;24149.5;24137.25;24144.25;101
20260309 051000;24145.25;24146.25;24138;24140.25;84
20260309 051100;24140.5;24147.25;24134.75;24134.75;133
20260309 051200;24135.25;24137.25;24128.5;24136.25;122
20260309 051300;24134.5;24140.5;24130.75;24139.75;55
20260309 051400;24138.5;24145;24135.25;24138.75;62
20260309 051500;24141;24143;24136.75;24142;44
20260309 051600;24141;24141.5;24128.5;24129.5;61
20260309 051700;24129.75;24135.25;24129;24129;39
20260309 051800;24128.75;24131.5;24119;24124.25;109
20260309 051900;24124;24126.5;24115.25;24119;92
20260309 052000;24117.5;24120.25;24115.75;24118.5;79
20260309 052100;24117.75;24146.75;24115;24144.75;396
20260309 052200;24145;24192.5;24145;24187.5;780
20260309 052300;24187.5;24198.25;24175;24194.75;691
20260309 052400;24195.5;24200;24177.25;24180.75;416
20260309 052500;24179.5;24200;24178.25;24199;353
20260309 052600;24199;24203.25;24191.5;24194;297
20260309 052700;24193.25;24204.75;24183.5;24202;418
20260309 052800;24202.5;24204;24187.75;24191.75;274
20260309 052900;24190.5;24200;24185.5;24194.5;405
20260309 053000;24192;24203;24187.75;24203;301
20260309 053100;24204.5;24206.75;24186;24190.25;249
20260309 053200;24190.25;24212.25;24190;24208.25;219
20260309 053300;24208.25;24221;24204.5;24207.25;351
20260309 053400;24206.75;24209;24192;24200.75;300
20260309 053500;24201.75;24206.75;24189.25;24206.75;211
20260309 053600;24206;24208.25;24192.75;24197.25;223
20260309 053700;24200;24208.75;24193;24193.75;166
20260309 053800;24192.5;24195.5;24181.5;24188;205
20260309 053900;24186.75;24186.75;24168;24169.75;251
20260309 054000;24170.25;24171.25;24162;24170;211
20260309 054100;24169;24176;24165.75;24175.25;204
20260309 054200;24173.75;24188.5;24170.75;24185;185
20260309 054300;24186.25;24204;24183.25;24203.75;166
20260309 054400;24204.25;24218;24204.25;24215.25;268
20260309 054500;24214.25;24223.25;24207.75;24208.25;263
20260309 054600;24208.25;24208.25;24197.75;24200.25;156
20260309 054700;24200.25;24202.5;24194.5;24201;126
20260309 054800;24199.75;24208;24195.75;24200.25;142
20260309 054900;24201.75;24219.75;24200.5;24218.75;161
20260309 055000;24218.25;24236;24217.5;24233;365
20260309 055100;24232.25;24237.75;24228;24236.75;281
20260309 055200;24237.25;24249.75;24233;24245.25;588
20260309 055300;24243.25;24244;24228.5;24229.25;239
20260309 055400;24228.5;24232.5;24223.5;24228.5;167
20260309 055500;24229.25;24231;24217.75;24220.75;154
20260309 055600;24221;24228;24219.75;24224.25;153
20260309 055700;24224.75;24227.75;24222.5;24225.5;73
20260309 055800;24226;24235;24226;24230;104
20260309 055900;24230.5;24242;24230.5;24240.5;127
20260309 060000;24241.5;24258.5;24237.75;24258.5;387
20260309 060100;24258.5;24259.75;24240;24241.5;335
20260309 060200;24239.5;24251.25;24239.5;24248;149
20260309 060300;24248;24253.5;24233.75;24235.25;171
20260309 060400;24238;24240.25;24230.75;24238;152
20260309 060500;24237.75;24257.25;24237.25;24248.75;200
20260309 060600;24248.5;24265;24248.25;24249.75;275
20260309 060700;24248.25;24262.5;24244.75;24262;241
20260309 060800;24263;24263;24251.75;24262;147
20260309 060900;24262.5;24271.5;24261.75;24267;285
20260309 061000;24267;24276;24261;24276;215
20260309 061100;24274.5;24300.5;24268;24298.5;824
20260309 061200;24297.75;24305;24288;24289;413
20260309 061300;24289;24294.5;24282.5;24290.75;211
20260309 061400;24291.5;24297.75;24287.75;24288.75;392
20260309 061500;24287.75;24297.25;24283;24288.25;312
20260309 061600;24290.5;24294.25;24277;24284.75;391
20260309 061700;24283.5;24302.25;24282;24295;246
20260309 061800;24296.5;24298.25;24290.25;24295.5;120
20260309 061900;24296.25;24301.5;24292;24297.25;125
20260309 062000;24297.75;24299.5;24285.75;24285.75;91
20260309 062100;24287.5;24290;24270.25;24285.75;377
20260309 062200;24284.5;24290.5;24274.75;24290.5;194
20260309 062300;24290.75;24300.25;24290.75;24296.25;174
20260309 062400;24298;24306.25;24295;24300.75;204
20260309 062500;24301.5;24306.5;24300.75;24303;82
20260309 062600;24305;24310.5;24304.25;24307;160
20260309 062700;24307;24311.25;24303.75;24308.25;166
20260309 062800;24309;24315.75;24305;24308.5;241
20260309 062900;24308;24308;24296.75;24300.25;189
20260309 063000;24299.75;24304;24293;24294.75;205
20260309 063100;24295;24296;24281.25;24282.5;199
20260309 063200;24283.25;24307.25;24283.25;24305.5;280
20260309 063300;24305.25;24306.25;24297.25;24299.25;182
20260309 063400;24301.75;24304;24292.5;24293.25;102
20260309 063500;24296.25;24301.25;24291.5;24294.5;126
20260309 063600;24293.25;24293.25;24282.25;24285;130
20260309 063700;24285;24286.75;24277.5;24283.75;143
20260309 063800;24285.75;24286;24262;24267;445
20260309 063900;24267.25;24278.25;24267.25;24276.25;151
20260309 064000;24275.5;24275.5;24264;24266.25;209
20260309 064100;24263.75;24265;24256.25;24259.5;193
20260309 064200;24260.5;24270;24259.25;24263;180
20260309 064300;24262.75;24263.25;24252;24258;167
20260309 064400;24259;24268.25;24255.5;24265.75;136
20260309 064500;24266.25;24268.5;24257.75;24265.5;93
20260309 064600;24266;24266;24251;24256.25;246
20260309 064700;24255.75;24258.25;24242.25;24248;323
20260309 064800;24247.75;24260.5;24247.75;24257.25;218
20260309 064900;24256.75;24258.5;24241.75;24242;155
20260309 065000;24243.5;24245.5;24237;24240.75;196
20260309 065100;24241.5;24245.5;24235.25;24244.75;113
20260309 065200;24244;24250.75;24236;24247;135
20260309 065300;24245.5;24247.5;24230.25;24230.25;122
20260309 065400;24230;24252.25;24226.75;24251.25;366
20260309 065500;24250.5;24262.75;24249;24253.75;278
20260309 065600;24254.5;24267.25;24248.75;24265.5;113
20260309 065700;24264.5;24269.5;24258;24267;145
20260309 065800;24267;24267.25;24253.75;24255.75;160
20260309 065900;24256.25;24257.75;24250;24250;127
20260309 070000;24251.75;24255;24242.25;24245.25;140
20260309 070100;24247.75;24262.75;24242;24257.75;246
20260309 070200;24257.5;24262;24247.5;24252.5;244
20260309 070300;24253;24253;24237.75;24240.75;253
20260309 070400;24243.25;24251.5;24234;24237;271
20260309 070500;24238;24243.25;24225.25;24226.75;263
20260309 070600;24225.5;24230;24210;24218;536
20260309 070700;24220.75;24258.25;24216.75;24255.5;474
20260309 070800;24256.5;24273;24251;24261.5;394
20260309 070900;24263;24264;24253.5;24258.5;156
20260309 071000;24258.5;24266;24253.75;24253.75;206
20260309 071100;24256.25;24260;24246;24253.5;170
20260309 071200;24251.5;24270;24244.5;24269.75;204
20260309 071300;24268.75;24276.75;24265.5;24270;221
20260309 071400;24267.25;24273;24257.25;24273;228
20260309 071500;24272;24276;24263.75;24266.75;114
20260309 071600;24265.75;24285.75;24262.5;24283.25;297
20260309 071700;24283.5;24290.5;24270.5;24271.75;201
20260309 071800;24272;24274;24252.25;24255.75;233
20260309 071900;24257;24262;24246.5;24246.75;190
20260309 072000;24247.25;24263.25;24245;24262.25;234
20260309 072100;24262.75;24276;24261.5;24274.25;146
20260309 072200;24276.25;24293.25;24273;24291.25;276
20260309 072300;24291.75;24294.25;24283.5;24291.75;145
20260309 072400;24292;24308;24290.75;24303.75;228
20260309 072500;24304.25;24309;24298;24302;226
20260309 072600;24299.5;24302;24289.5;24299.75;263
20260309 072700;24301;24306.5;24296;24305.5;203
20260309 072800;24307.25;24315.25;24304.5;24311.25;188
20260309 072900;24311.75;24312.25;24301.75;24310.25;225
20260309 073000;24310.25;24311;24294;24298.75;258
20260309 073100;24299.5;24303.5;24285.25;24290.5;289
20260309 073200;24291.5;24296.75;24284.25;24290;270
20260309 073300;24286.75;24289.5;24279;24279.5;197
20260309 073400;24279.5;24281.5;24263;24266.75;324
20260309 073500;24268;24276;24268;24273.5;159
20260309 073600;24273.5;24280;24260;24263.25;217
20260309 073700;24263.25;24290.75;24260;24289.25;246
20260309 073800;24288.5;24296.75;24285.25;24293.75;228
20260309 073900;24295.75;24301;24289.5;24292;214
20260309 074000;24293;24293.75;24283.5;24286;152
20260309 074100;24285.25;24290.5;24280.5;24286.75;201
20260309 074200;24287.5;24295;24286;24292;150
20260309 074300;24292.5;24297;24285.75;24295.5;192
20260309 074400;24293.5;24295;24286.75;24288.25;95
20260309 074500;24287.25;24287.75;24279.25;24283.5;146
20260309 074600;24283;24290;24275.25;24276;190
20260309 074700;24275.5;24280;24266;24266.75;233
20260309 074800;24265;24271.75;24258.75;24267.5;157
20260309 074900;24268;24281;24266.25;24277.75;229
20260309 075000;24278.25;24287.75;24274.5;24278.75;173
20260309 075100;24277.75;24286.25;24277.75;24280.75;138
20260309 075200;24279.75;24280;24265;24265;137
20260309 075300;24266.75;24277.5;24260;24274;205
20260309 075400;24274;24281.5;24268;24268;141
20260309 075500;24268.5;24279.25;24265.25;24273.5;139
20260309 075600;24272.5;24278.5;24267.5;24277;132
20260309 075700;24278;24289.25;24265;24287;201
20260309 075800;24287.75;24295.25;24285.5;24289;198
20260309 075900;24288.75;24288.75;24271;24272.75;139
20260309 080000;24274;24277;24269.5;24277;223
20260309 080100;24278;24297.75;24274.75;24285.5;899
20260309 080200;24288.75;24311.5;24279.5;24301.75;578
20260309 080300;24301.75;24303.25;24269.25;24279.5;499
20260309 080400;24279.5;24293;24273.5;24277.25;442
20260309 080500;24276.25;24285.75;24249;24251;421
20260309 080600;24250.75;24282.25;24247.75;24270.75;409
20260309 080700;24270.75;24275;24255.5;24260.25;306
20260309 080800;24258;24282.5;24255.75;24278.25;257
20260309 080900;24277.75;24292.25;24271.5;24290.5;273
20260309 081000;24290;24297.25;24281.5;24292.5;339
20260309 081100;24294;24297;24266.75;24270;372
20260309 081200;24267.75;24272;24251;24265.5;460
20260309 081300;24263.25;24277;24261.5;24274.75;255
20260309 081400;24276;24277.25;24258.5;24262.25;266
20260309 081500;24264;24281;24255.5;24260.75;288
20260309 081600;24257.5;24258;24238;24245.25;519
20260309 081700;24244.5;24248.75;24233.5;24245;378
20260309 081800;24244;24259.75;24233.25;24258.25;394
20260309 081900;24256.75;24271;24256.75;24264;325
20260309 082000;24263;24263;24250.25;24253;196
20260309 082100;24254.5;24264.5;24245.75;24261;197
20260309 082200;24262.75;24282.25;24260.75;24282.25;270
20260309 082300;24281.5;24312;24280.5;24306.75;745
20260309 082400;24305.5;24312;24298.5;24303;325
20260309 082500;24306;24306.75;24293.25;24303;350
20260309 082600;24303.5;24315.75;24303.5;24305.75;264
20260309 082700;24308.25;24315;24300.5;24306.75;152
20260309 082800;24307.25;24312.75;24296.75;24299.25;379
20260309 082900;24297;24307.25;24287.5;24290.75;322
20260309 083000;24293.25;24293.5;24274.5;24276.75;340
20260309 083100;24276.5;24288;24276.25;24282.75;232
20260309 083200;24285.75;24292;24277.75;24290.75;249
20260309 083300;24289.5;24305.5;24280.5;24305.25;215
20260309 083400;24306.25;24327.75;24304.75;24322.5;459
20260309 083500;24322.25;24331.5;24314.25;24329;535
20260309 083600;24328;24336;24320.5;24328;281
20260309 083700;24329.25;24337.25;24326;24335;336
20260309 083800;24335;24335;24315;24327.25;298
20260309 083900;24328;24331.5;24317;24317.5;245
20260309 084000;24317;24325;24309.75;24312.25;204
20260309 084100;24315;24319;24303;24306.25;204
20260309 084200;24306;24306;24290.25;24291.75;290
20260309 084300;24290.75;24300;24283;24293.75;299
20260309 084400;24295.25;24302;24289;24289.75;177
20260309 084500;24290.25;24292.25;24279;24283.5;212
20260309 084600;24282.5;24287;24270;24273;304
20260309 084700;24272.25;24285;24268;24279;234
20260309 084800;24280.25;24288;24273.5;24285;236
20260309 084900;24283.5;24304;24283.5;24303;230
20260309 085000;24304;24314.5;24294.75;24300.75;355
20260309 085100;24303.25;24310.25;24297.5;24301.5;189
20260309 085200;24303;24315;24302.25;24314.75;195
20260309 085300;24314.5;24325;24312.25;24319.75;219
20260309 085400;24321.25;24322.75;24314.5;24319.25;194
20260309 085500;24321.75;24326.5;24315;24320;136
20260309 085600;24318.5;24323.75;24315;24318.5;109
20260309 085700;24318.75;24320.75;24311.5;24313.25;178
20260309 085800;24312.25;24325;24300.5;24303.5;251
20260309 085900;24303;24310;24302.5;24304;116
20260309 090000;24302.75;24315.5;24299.5;24312.5;144
20260309 090100;24315.75;24323;24306;24306.5;210
20260309 090200;24305.5;24324.5;24300.5;24321.5;324
20260309 090300;24322.5;24331;24318.5;24327.5;292
20260309 090400;24327;24333.5;24301;24301.5;226
20260309 090500;24300.5;24307.25;24297.75;24299;192
20260309 090600;24298.5;24306.25;24284.5;24303.75;257
20260309 090700;24302.5;24303;24286;24286;117
20260309 090800;24286.5;24297.75;24285.75;24296.25;252
20260309 090900;24298.75;24313;24297.25;24311.25;284
20260309 091000;24312.75;24320;24310;24314.5;193
20260309 091100;24312.75;24315.5;24298;24300.5;170
20260309 091200;24298.25;24307.5;24291;24304;196
20260309 091300;24304.25;24329.75;24303.25;24321.75;550
20260309 091400;24322;24330.75;24315.5;24327.75;218
20260309 091500;24329;24350.5;24323.5;24346.25;342
20260309 091600;24346.25;24357.25;24342.75;24357.25;280
20260309 091700;24357.5;24367.5;24353.5;24364.25;431
20260309 091800;24365.5;24385;24365.5;24384.25;377
20260309 091900;24382.25;24388.75;24382.25;24387.25;261
20260309 092000;24383.75;24383.75;24367;24382.5;255
20260309 092100;24380.75;24399.75;24380.5;24394.75;375
20260309 092200;24394.75;24427.5;24393.5;24417.5;529
20260309 092300;24417;24424.75;24404.25;24406.25;404
20260309 092400;24406.25;24420;24405.5;24412.25;205
20260309 092500;24412;24422.25;24404;24404;226
20260309 092600;24402.75;24410.5;24398.25;24406;238
20260309 092700;24405;24418.75;24402;24410.25;171
20260309 092800;24411.5;24421.5;24402;24421;265
20260309 092900;24419.75;24420.75;24403.5;24403.75;193
20260309 093000;24404.5;24414.5;24403;24409.25;146
20260309 093100;24408.75;24414;24388;24389.25;614
20260309 093200;24390.5;24420;24380.25;24414.25;683
20260309 093300;24413.5;24462;24410;24458.25;634
20260309 093400;24458.25;24489.75;24456.25;24487;843
20260309 093500;24486.25;24495.75;24469;24473.75;587
20260309 093600;24476.5;24494.5;24476.25;24485;534
20260309 093700;24485;24493.75;24469.5;24469.5;367
20260309 093800;24471.5;24471.5;24450;24451.25;569
20260309 093900;24453.25;24460.5;24442.5;24459.75;430
20260309 094000;24457.5;24473.5;24449.5;24464.75;437
20260309 094100;24464.25;24467.25;24447.75;24452.25;247
20260309 094200;24452.25;24464.5;24451;24455;356
20260309 094300;24457.5;24479.25;24457.5;24467.25;294
20260309 094400;24467;24471;24449.25;24462;236
20260309 094500;24462;24468.5;24456;24462.75;188
20260309 094600;24460.75;24483.25;24460.5;24474.5;339
20260309 094700;24474.75;24476.25;24441.25;24442.75;337
20260309 094800;24443.75;24448.5;24436;24445.75;304
20260309 094900;24445.75;24448.5;24430.5;24442.75;246
20260309 095000;24439.25;24446.25;24426.75;24438.75;240
20260309 095100;24439.25;24439.25;24421.5;24423.25;218
20260309 095200;24421.25;24427.25;24412.25;24413;380
20260309 095300;24414.75;24419;24399.5;24399.5;335
20260309 095400;24399;24414;24394.5;24404.75;311
20260309 095500;24405.5;24409.25;24392.75;24408.5;309
20260309 095600;24405.75;24419.5;24405;24410;354
20260309 095700;24410;24421;24405.5;24406.5;291
20260309 095800;24406.25;24418.25;24405;24408;420
20260309 095900;24408.25;24430.75;24407.5;24429;421
20260309 100000;24428.25;24428.75;24412.25;24419.75;221
20260309 100100;24420.25;24431;24416.75;24419.5;329
20260309 100200;24420;24434.25;24415.75;24420.5;278
20260309 100300;24422.5;24422.5;24377.25;24379.25;439
20260309 100400;24380.5;24403.25;24378;24403;233
20260309 100500;24403.5;24414.75;24397.5;24401.25;214
20260309 100600;24401.25;24408.5;24391;24403.25;214
20260309 100700;24404.25;24415.75;24395.5;24412.25;209
20260309 100800;24412.75;24413.25;24395;24398.5;209
20260309 100900;24398;24399.25;24370;24372.5;275
20260309 101000;24373;24394;24373;24391.75;316
20260309 101100;24393;24396.75;24381;24384.25;252
20260309 101200;24386.25;24396.5;24382.5;24395.5;182
20260309 101300;24396.25;24402;24391.5;24394;178
20260309 101400;24394.5;24399;24390.25;24394.5;232
20260309 101500;24392.5;24398;24368;24381;481
20260309 101600;24381;24392;24379;24392;303
20260309 101700;24391.5;24412.75;24384.75;24408.5;326
20260309 101800;24409;24415.75;24399;24402;237
20260309 101900;24400.75;24402.25;24389.25;24393.5;264
20260309 102000;24392;24404.5;24390;24393.75;207
20260309 102100;24394.5;24399.75;24390;24392;173
20260309 102200;24394;24414.25;24393.5;24411.75;165
20260309 102300;24412.25;24414.75;24403.5;24406;190
20260309 102400;24405.25;24405.25;24381.5;24385.75;232
20260309 102500;24385.25;24397.5;24382.5;24390;225
20260309 102600;24388.75;24400;24385;24396.75;214
20260309 102700;24396.25;24410.5;24393.25;24406.75;279
20260309 102800;24406.5;24407.5;24393.5;24399.75;252
20260309 102900;24398.5;24401;24385;24388.5;138
20260309 103000;24386.75;24390.5;24376.25;24380.5;178
20260309 103100;24379;24381.75;24360.25;24360.25;235
20260309 103200;24361.75;24383.5;24359;24378.25;259
20260309 103300;24380.75;24385;24367.25;24369.75;141
20260309 103400;24368.75;24380.25;24368.75;24373.75;140
20260309 103500;24374.25;24383;24373.75;24381.5;174
20260309 103600;24381.5;24392.5;24376.5;24390.25;244
20260309 103700;24390.5;24408;24386.75;24405.75;293
20260309 103800;24405;24414.75;24402.25;24412.25;225
20260309 103900;24412.5;24417;24359.5;24370;951
20260309 104000;24370.75;24397.5;24368;24394.75;295
20260309 104100;24394.5;24410.75;24394.5;24403.75;339
20260309 104200;24402.75;24410.75;24401;24403.25;226
20260309 104300;24403;24407.25;24385.75;24386.5;158
20260309 104400;24387.5;24392;24376.5;24388.25;184
20260309 104500;24389.25;24400.75;24388.75;24390.5;150
20260309 104600;24389.25;24389.5;24377.25;24377.75;105
20260309 104700;24377.25;24396.25;24369.25;24396.25;178
20260309 104800;24396.75;24402;24375.5;24384.75;454
20260309 104900;24384.75;24386.5;24370.5;24380;154
20260309 105000;24380.25;24381;24364;24370.25;189
20260309 105100;24371;24372.5;24362;24362.25;196
20260309 105200;24362.75;24383.5;24340;24368.75;911
20260309 105300;24370.5;24386.5;24366.75;24369.5;227
20260309 105400;24367;24378.25;24365.25;24376;212
20260309 105500;24374.25;24388.75;24374.25;24383;142
20260309 105600;24381.5;24388.75;24377.25;24385.75;104
20260309 105700;24384.75;24387.75;24363;24366.25;111
20260309 105800;24367.75;24370.75;24359;24366.25;139
20260309 105900;24367.75;24372.5;24364.5;24368.5;149
20260309 110000;24371.25;24383.25;24370.75;24370.75;118
20260309 110100;24372;24388.5;24366.5;24379.5;244
20260309 110200;24377.75;24393.75;24374.25;24393.25;174
20260309 110300;24390;24394.75;24383.25;24390.75;139
20260309 110400;24391.75;24404.75;24391.75;24393.25;216
20260309 110500;24393;24398.5;24388.25;24397.75;191
20260309 110600;24397.25;24403;24386.5;24389.75;111
20260309 110700;24388.25;24407.25;24386.25;24407.25;239
20260309 110800;24407.25;24413.25;24401.5;24404.75;266
20260309 110900;24405.5;24405.5;24395;24400.5;136
20260309 111000;24396.75;24405;24391;24393;142
20260309 111100;24393.75;24395.5;24380.5;24384.25;251
20260309 111200;24384.75;24387.25;24378.5;24385;240
20260309 111300;24385.25;24393.75;24382;24387.5;180
20260309 111400;24386.75;24387;24374.25;24374.25;215
20260309 111500;24373.25;24386.25;24372.75;24378.75;303
20260309 111600;24380;24381.75;24369;24369.75;233
20260309 111700;24369;24376.5;24364;24370.5;256
20260309 111800;24370.75;24372.75;24361;24364;160
20260309 111900;24363.75;24366.25;24357.25;24362.75;221
20260309 112000;24361.75;24373.25;24361.5;24363;229
20260309 112100;24364;24365.75;24352.5;24353;209
20260309 112200;24352.75;24366.5;24348;24364.25;258
20260309 112300;24363.75;24377.25;24361;24370;269
20260309 112400;24370;24389;24369.75;24375.75;260
20260309 112500;24376;24391.25;24373;24389.5;205
20260309 112600;24389;24392;24381.5;24389;162
20260309 112700;24387.75;24387.75;24381;24386.75;187
20260309 112800;24386;24391.5;24382.5;24383.5;130
20260309 112900;24383.25;24383.25;24367;24372.5;136
20260309 113000;24370.75;24370.75;24359.5;24361.25;164
20260309 113100;24361;24369.25;24361;24366.25;229
20260309 113200;24366.25;24366.25;24355.75;24361.75;144
20260309 113300;24362.75;24377.75;24361.25;24369.25;205
20260309 113400;24368.75;24379;24368.25;24373;145
20260309 113500;24373.5;24398;24373;24396.5;379
20260309 113600;24398;24417;24396.75;24414.5;516
20260309 113700;24415;24419.75;24406.25;24418;265
20260309 113800;24420;24423.5;24414.5;24419.5;281
20260309 113900;24420.25;24421.25;24400.25;24404.75;295
20260309 114000;24401.75;24417.75;24401.25;24406.75;228
20260309 114100;24406;24408;24385.25;24386.25;283
20260309 114200;24387.75;24395;24380;24389.25;289
20260309 114300;24386.75;24396.75;24384.75;24394.5;205
20260309 114400;24395.75;24397.25;24385;24389.25;173
20260309 114500;24389;24392.5;24383.25;24389.5;173
20260309 114600;24388;24396.5;24385.25;24394.75;157
20260309 114700;24395.5;24410.5;24392.75;24410.5;253
20260309 114800;24410.75;24412.5;24393.25;24397;203
20260309 114900;24397.25;24398.5;24386;24392.25;163
20260309 115000;24391.75;24395;24376;24376.5;174
20260309 115100;24377;24383;24375;24377.25;169
20260309 115200;24379;24395.75;24375.75;24392.75;193
20260309 115300;24392.5;24401.25;24386.75;24399.5;190
20260309 115400;24400.25;24409;24396.25;24407.5;153
20260309 115500;24409;24410.75;24402.5;24405.75;207
20260309 115600;24406;24408.25;24397.25;24408.25;150
20260309 115700;24406.75;24408;24399;24401.75;176
20260309 115800;24399.5;24402.5;24383.5;24385.5;192
20260309 115900;24385.75;24391.25;24383;24384;218
20260309 120000;24384.5;24388.25;24381.75;24384.75;148
20260309 120100;24384.5;24390.75;24378.75;24383.25;333
20260309 120200;24383.5;24404.25;24382.25;24403;217
20260309 120300;24404.75;24410.75;24399.25;24406.5;165
20260309 120400;24406.75;24417.75;24405;24417.25;254
20260309 120500;24415.25;24425;24405.25;24418.75;229
20260309 120600;24419;24433.5;24415.75;24430.25;362
20260309 120700;24430.75;24433.75;24421.75;24431;246
20260309 120800;24431.25;24431.75;24412.25;24414.75;211
20260309 120900;24412.25;24422.25;24408;24411.25;301
20260309 121000;24411.75;24416.25;24409.5;24411.25;113
20260309 121100;24410.25;24418;24407.75;24410.5;184
20260309 121200;24412;24416.75;24401;24412.5;208
20260309 121300;24412.5;24416.75;24409.25;24414;105
20260309 121400;24413;24420.5;24408;24419.25;175
20260309 121500;24419.75;24440.25;24416.25;24439.25;310
20260309 121600;24438;24444;24432.75;24438.25;212
20260309 121700;24440;24444;24435.75;24442;206
20260309 121800;24442.5;24446;24435.5;24437.25;284
20260309 121900;24438;24446.75;24436.25;24438.75;240
20260309 122000;24438;24445;24434;24442.5;197
20260309 122100;24443.75;24459.25;24443.75;24453;388
20260309 122200;24452.75;24453.75;24440.5;24444.5;283
20260309 122300;24444.5;24456.5;24443.75;24453;265
20260309 122400;24453.25;24455.5;24446.75;24448;222
20260309 122500;24448.25;24454.25;24447;24453.75;238
20260309 122600;24453.75;24456;24444.75;24446.75;231
20260309 122700;24447;24447.25;24435;24436.75;244
20260309 122800;24437;24443.25;24434.25;24440.5;169
20260309 122900;24440.75;24441.5;24434.75;24437.5;78
20260309 123000;24439.75;24457;24439;24451.75;310
20260309 123100;24451.75;24457.25;24435.75;24441;505
20260309 123200;24441;24448.25;24436.75;24439.75;268
20260309 123300;24440;24442;24419.75;24426.75;300
20260309 123400;24425.5;24425.5;24413.5;24418;276
20260309 123500;24418.25;24418.75;24401.25;24406.25;328
20260309 123600;24406.25;24409;24397.25;24397.25;178
20260309 123700;24398.5;24412.75;24397;24409;273
20260309 123800;24406.75;24411.25;24398;24400.5;369
20260309 123900;24400.5;24409;24400.25;24400.75;253
20260309 124000;24401;24402;24391.5;24392.5;269
20260309 124100;24393;24394.25;24382.75;24385.25;376
20260309 124200;24385.5;24396.25;24379.75;24395.25;295
20260309 124300;24396.25;24398;24378.5;24380;236
20260309 124400;24380.25;24385.5;24364;24370.5;443
20260309 124500;24366.75;24373.75;24363.5;24369.75;321
20260309 124600;24367.25;24374;24362.75;24373.25;214
20260309 124700;24373.5;24379.5;24361;24367.75;389
20260309 124800;24368.25;24379.5;24363.5;24379.5;247
20260309 124900;24380;24380.25;24371.75;24375.75;193
20260309 125000;24376.25;24380;24360.5;24362;235
20260309 125100;24362.75;24368;24350;24362;418
20260309 125200;24361;24369;24358.5;24362.75;318
20260309 125300;24362.75;24371;24353;24353;222
20260309 125400;24353.75;24382.5;24350;24369.5;581
20260309 125500;24366.75;24370.75;24355.75;24361;373
20260309 125600;24360;24368.25;24359.5;24367;202
20260309 125700;24368.25;24375;24365.25;24372;158
20260309 125800;24371.75;24372.5;24363.25;24363.25;200
20260309 125900;24362.75;24375;24360.75;24375;207
20260309 130000;24375.25;24380.25;24371;24379.75;217
20260309 130100;24380.75;24391.5;24380.75;24387;446
20260309 130200;24390;24391.5;24376.25;24383.25;336
20260309 130300;24384.25;24397;24382;24392;298
20260309 130400;24391.5;24402;24388.25;24400.75;222
20260309 130500;24398.75;24412.75;24396.5;24406;335
20260309 130600;24406.75;24411.25;24403.5;24408.5;359
20260309 130700;24409.25;24411.75;24396.75;24401.75;322
20260309 130800;24401.5;24401.5;24377;24380;324
20260309 130900;24380.25;24392.25;24375.5;24383.25;295
20260309 131000;24384.5;24395;24378.25;24393;246
20260309 131100;24393.5;24417.25;24391.25;24413.25;386
20260309 131200;24412.75;24427;24411.25;24419.75;542
20260309 131300;24419.75;24422.75;24411;24422.5;320
20260309 131400;24422.5;24429.25;24418.75;24421.25;381
20260309 131500;24421.5;24445.75;24420.5;24434.25;951
20260309 131600;24434.25;24442;24429.75;24440.5;520
20260309 131700;24440;24441;24432;24434.5;416
20260309 131800;24435;24438.25;24418.5;24421.5;465
20260309 131900;24422.25;24428.25;24416.5;24418.75;309
20260309 132000;24419.25;24422;24411;24414.75;363
20260309 132100;24414.75;24415.75;24403.25;24407.75;444
20260309 132200;24408;24416;24405.75;24413;291
20260309 132300;24412;24416.5;24408;24413.25;223
20260309 132400;24414.75;24421.75;24412.25;24419;295
20260309 132500;24420;24420;24405.25;24410;507
20260309 132600;24409.5;24409.5;24384;24401.75;923
20260309 132700;24401.75;24410.75;24398;24403.25;652
20260309 132800;24402.75;24414;24388;24394.25;683
20260309 132900;24394;24417.5;24394;24417.5;920
20260309 133000;24416.5;24434.75;24411;24432.75;1069
20260309 133100;24432.25;24513;24424;24510.75;6895
20260309 133200;24510.5;24525.25;24481.5;24486;3856
20260309 133300;24488.5;24508;24483.5;24496.75;2374
20260309 133400;24496.75;24503.25;24440.5;24461.5;2782
20260309 133500;24460.5;24489.25;24457;24477.25;2118
20260309 133600;24476.5;24493;24458.25;24485.25;1959
20260309 133700;24483.25;24484;24428;24430.75;1706
20260309 133800;24430.25;24446.75;24407.25;24413.25;2091
20260309 133900;24412.25;24425.25;24404;24412;1417
20260309 134000;24410.75;24427.25;24392.25;24399.5;1670
20260309 134100;24399.25;24409.5;24374.25;24374.25;1961
20260309 134200;24375.5;24400;24365.25;24378.5;1918
20260309 134300;24379;24379.25;24354;24359.5;1892
20260309 134400;24360.75;24401;24359.5;24384.25;1877
20260309 134500;24384;24398;24356;24383.5;1522
20260309 134600;24383.5;24396;24344;24353;2129
20260309 134700;24352;24419.75;24351.75;24390.5;2200
20260309 134800;24388.5;24410;24364;24402.75;1710
20260309 134900;24402.75;24410;24391.5;24403.25;1182
20260309 135000;24405.25;24412.5;24355;24362.25;1935
20260309 135100;24362;24385.25;24340;24343.25;1728
20260309 135200;24343.25;24366;24329.75;24352;1664
20260309 135300;24351.5;24381;24339.5;24354;1643
20260309 135400;24354.5;24361;24319.5;24324.25;1509
20260309 135500;24325.5;24355.25;24325.25;24342;1394
20260309 135600;24341.75;24378.75;24313;24378.75;2245
20260309 135700;24378;24402;24357.5;24373.25;2001
20260309 135800;24372.75;24396.5;24350.75;24389.25;1698
20260309 135900;24390.25;24414;24376;24381.25;2016
20260309 140000;24380;24394;24364;24370.75;1579
20260309 140100;24370.75;24381;24357.75;24374.25;1429
20260309 140200;24373.5;24383;24351;24378.75;1238
20260309 140300;24380;24406.25;24376.25;24399.5;1595
20260309 140400;24400;24447;24397.75;24439.5;2528
20260309 140500;24440.75;24473.5;24436.5;24468.75;1894
20260309 140600;24468.5;24479.75;24380.25;24382.5;3023
20260309 140700;24381.75;24404;24360;24390.75;2868
20260309 140800;24391;24394.25;24364.5;24387.25;1320
20260309 140900;24387.5;24395;24357.75;24363.5;1387
20260309 141000;24363.5;24390;24360.75;24385.75;1130
20260309 141100;24385.75;24392;24360.75;24366.5;1539
20260309 141200;24366.25;24366.75;24320;24330.25;1785
20260309 141300;24330.25;24354.75;24325;24330;1254
20260309 141400;24329.75;24342.5;24326;24331;925
20260309 141500;24331.5;24368.25;24329.25;24356.75;1384
20260309 141600;24357;24379.5;24348.5;24352.75;1416
20260309 141700;24355;24396;24341.25;24382.25;1642
20260309 141800;24382.5;24395;24365;24393.5;1479
20260309 141900;24395;24404;24372;24396.5;1309
20260309 142000;24395.75;24408.5;24383.5;24393.75;1030
20260309 142100;24393.25;24407.25;24382.5;24404.5;947
20260309 142200;24403.75;24404.5;24351.75;24355.5;1602
20260309 142300;24355.25;24453.25;24354;24451.25;2835
20260309 142400;24453;24467;24440.5;24452.25;2329
20260309 142500;24451.5;24459.25;24432;24454.25;1364
20260309 142600;24455;24469;24448.75;24455.75;1235
20260309 142700;24455.5;24460;24415.5;24422.75;1633
20260309 142800;24422.5;24428.75;24383.5;24389;2145
20260309 142900;24388.5;24411.25;24387;24401.5;1204
20260309 143000;24401.5;24405.75;24381;24401.5;1087
20260309 143100;24401;24434.5;24398.25;24421.25;1852
20260309 143200;24423.25;24442.25;24412;24430.5;1114
20260309 143300;24431.5;24436.5;24410.75;24429.25;1171
20260309 143400;24429.25;24439.25;24414.5;24424.5;847
20260309 143500;24425.25;24444.25;24418.25;24429;997
20260309 143600;24427.75;24438.5;24421.75;24437.75;953
20260309 143700;24437.25;24486.5;24430.5;24479;1763
20260309 143800;24478;24485.75;24454.5;24477.5;1286
20260309 143900;24478.25;24506;24475.5;24501.75;1655
20260309 144000;24503;24504.75;24480.5;24483.5;1152
20260309 144100;24482.75;24498.75;24463.5;24483.25;1342
20260309 144200;24484.25;24507.5;24480.5;24495;1174
20260309 144300;24495.5;24511.5;24468.75;24508.75;1606
20260309 144400;24508.5;24510.5;24496.5;24501.75;1084
20260309 144500;24501;24536;24494.75;24535.5;1709
20260309 144600;24535.5;24556.75;24530;24556.25;2286
20260309 144700;24556.25;24569;24542.5;24568;1509
20260309 144800;24569.25;24575;24552.25;24572.25;2014
20260309 144900;24572.5;24574.5;24562.25;24566.75;1219
20260309 145000;24567.5;24571;24553.25;24570.75;1075
20260309 145100;24569.75;24575.5;24546.5;24560.75;1526
20260309 145200;24561;24574.25;24552.25;24573;1020
20260309 145300;24572.5;24584.25;24559.5;24583.5;1433
20260309 145400;24582.75;24585.5;24561;24568.5;995
20260309 145500;24568.25;24578.75;24557.25;24577;952
20260309 145600;24575.75;24577;24565.5;24576;614
20260309 145700;24576.75;24576.75;24530.75;24551;2189
20260309 145800;24550.5;24575;24545;24564.25;913
20260309 145900;24563.5;24573.25;24553.25;24560;886
20260309 150000;24559.75;24566;24539.5;24549;1642
20260309 150100;24549.5;24570;24549.5;24561.25;987
20260309 150200;24562;24581;24550;24578.75;826
20260309 150300;24578.75;24579.5;24566.25;24571.75;643
20260309 150400;24570.75;24589.75;24560.25;24589.25;1651
20260309 150500;24588.5;24589.25;24566;24577;1216
20260309 150600;24578;24587;24571.5;24585;681
20260309 150700;24584.5;24594.5;24579;24593;997
20260309 150800;24592.75;24598;24585.25;24586.5;783
20260309 150900;24585.75;24591.5;24572;24574;880
20260309 151000;24574.25;24576.5;24564;24573;755
20260309 151100;24572.5;24587.75;24569.25;24585;780
20260309 151200;24585.5;24586;24567.75;24582.5;613
20260309 151300;24582;24602.25;24577.5;24590.25;1296
20260309 151400;24591;24610;24588.75;24604;899
20260309 151500;24604.25;24604.25;24590;24600;641
20260309 151600;24600.75;24621.5;24600;24621.25;1409
20260309 151700;24620.5;24620.75;24603.5;24615.25;970
20260309 151800;24615.75;24624.75;24611.25;24612;744
20260309 151900;24611.5;24613.5;24591.75;24595.5;869
20260309 152000;24594.75;24604;24581.5;24604;1646
20260309 152100;24604;24616;24593;24607.5;684
20260309 152200;24607.5;24610;24598.5;24605.5;943
20260309 152300;24605.75;24618.25;24605;24614.25;1409
20260309 152400;24615.25;24629.5;24609.25;24625.25;788
20260309 152500;24624.5;24626.25;24616;24619.75;680
20260309 152600;24620;24639;24610;24634.75;1226
20260309 152700;24635.5;24645;24630.75;24643.25;988
20260309 152800;24643;24650;24638;24643.5;1036
20260309 152900;24642.75;24644.5;24633.75;24637.75;1165
20260309 153000;24637.75;24648.25;24637.25;24642.75;437
20260309 153100;24643.25;24644;24626;24631;977
20260309 153200;24631;24643.5;24626.25;24638.25;796
20260309 153300;24638;24639.5;24620.5;24623.75;906
20260309 153400;24623;24623;24615.25;24621.25;751
20260309 153500;24621.25;24626;24601.25;24608.5;1823
20260309 153600;24608.5;24613.25;24595;24601;964
20260309 153700;24601.75;24608.5;24590.25;24604.25;889
20260309 153800;24604.5;24614.5;24594;24612.75;914
20260309 153900;24613;24616.5;24605;24606.25;547
20260309 154000;24607;24615.5;24600;24604.5;640
20260309 154100;24603.5;24609;24593;24605;665
20260309 154200;24604.75;24611.75;24600.25;24606.75;710
20260309 154300;24605.5;24610.5;24600.5;24609.25;637
20260309 154400;24608.75;24622;24600.75;24612.25;775
20260309 154500;24612.25;24615.25;24605.25;24608;535
20260309 154600;24607.25;24637.25;24599.25;24637;940
20260309 154700;24636.5;24642;24623;24624.75;905
20260309 154800;24623.5;24632.75;24620.25;24623.25;584
20260309 154900;24622;24626;24610.75;24620.5;582
20260309 155000;24620.25;24633;24619.75;24628.75;524
20260309 155100;24628.75;24630.75;24616.5;24624.75;430
20260309 155200;24623.5;24642;24619;24637;803
20260309 155300;24638.5;24640;24627.75;24635.5;450
20260309 155400;24636;24651;24633;24648.25;805
20260309 155500;24649.25;24657.25;24647.5;24649.75;1287
20260309 155600;24649;24654.25;24646;24654;414
20260309 155700;24654;24654;24640.75;24648;738
20260309 155800;24647.75;24656.25;24644;24653;579
20260309 155900;24652.25;24659.25;24645;24645.75;526
20260309 160000;24645.5;24648.25;24636;24642.5;877
20260309 160100;24642.75;24647.25;24633;24634;835
20260309 160200;24634.75;24649.75;24631.25;24644.25;609
20260309 160300;24644.75;24647.75;24637.25;24642;370
20260309 160400;24641.5;24680;24641;24666.75;1768
20260309 160500;24667;24668.5;24644.75;24650.75;1246
20260309 160600;24650.5;24663;24648;24662.5;681
20260309 160700;24661;24665;24650.25;24653.75;627
20260309 160800;24653.75;24674.5;24652.5;24670.25;600
20260309 160900;24670.75;24672;24656.25;24656.5;681
20260309 161000;24655.75;24665.75;24655.75;24662;336
20260309 161100;24662.25;24666.25;24653.5;24654;535
20260309 161200;24654.25;24654.25;24645.25;24647;722
20260309 161300;24648.25;24670.25;24644;24669.25;602
20260309 161400;24669.5;24672.5;24659.25;24663.25;516
20260309 161500;24663.25;24666.25;24659.5;24663.25;460
20260309 161600;24663;24663.5;24655.75;24658.25;441
20260309 161700;24658;24668.75;24653.75;24655.75;608
20260309 161800;24655.75;24660.25;24651.75;24659.25;321
20260309 161900;24659.25;24672.75;24658.25;24661;500
20260309 162000;24660.5;24667;24659;24664.5;488
20260309 162100;24664.25;24667.5;24639;24639.75;794
20260309 162200;24640.25;24653;24633.75;24643.75;929
20260309 162300;24643.25;24649.5;24634.75;24639.75;1018
20260309 162400;24640.75;24676;24640.25;24672.75;1408
20260309 162500;24673.5;24681.5;24666.5;24673.75;885
20260309 162600;24674.25;24675.5;24662.5;24674.25;623
20260309 162700;24674;24727.75;24672.25;24725;2622
20260309 162800;24725.5;24726.5;24709;24719.5;1265
20260309 162900;24719.5;24720.5;24712;24715.75;539
20260309 163000;24715.75;24715.75;24684.5;24691.25;1295
20260309 163100;24691.25;24701.75;24670;24676.5;1526
20260309 163200;24675.5;24684.75;24664.75;24667.5;648
20260309 163300;24668.25;24673.25;24653.75;24664;736
20260309 163400;24664.5;24687;24664.5;24683.5;1005
20260309 163500;24683.75;24694.5;24679;24694;754
20260309 163600;24692.5;24713;24690.75;24708.5;1006
20260309 163700;24708;24719.5;24702;24712;794
20260309 163800;24712.25;24713;24697.25;24701.75;621
20260309 163900;24703;24710.25;24695;24706.5;463
20260309 164000;24707;24714.5;24701;24709.75;488
20260309 164100;24710.25;24727.25;24710;24726.5;1132
20260309 164200;24727;24733.25;24722.75;24730.75;805
20260309 164300;24730.75;24737.5;24727.25;24732.75;872
20260309 164400;24733.25;24746;24730;24742.75;1050
20260309 164500;24742.75;24743.75;24736;24737.75;562
20260309 164600;24738;24745;24735;24736.25;702
20260309 164700;24736.25;24749.25;24728.75;24747;860
20260309 164800;24747.5;24749;24743.75;24747.5;555
20260309 164900;24748;24749;24736;24740;552
20260309 165000;24739.75;24742.25;24734.75;24736;584
20260309 165100;24736.25;24737.5;24724;24730;872
20260309 165200;24730.5;24734;24724.25;24733;450
20260309 165300;24730.5;24738;24729.75;24734.75;829
20260309 165400;24735;24735.75;24720.25;24721.5;450
20260309 165500;24721.5;24726;24712.75;24717.75;995
20260309 165600;24718.25;24722.25;24712.75;24720;415
20260309 165700;24719.75;24736;24718.5;24730.75;482
20260309 165800;24730;24731.75;24717.25;24718;450
20260309 165900;24718.5;24718.5;24705.25;24706.25;848
20260309 170000;24706;24714.5;24705.5;24709.25;370
20260309 170100;24709.75;24712.25;24685.25;24696;1228
20260309 170200;24695.25;24701;24691.25;24697.75;594
20260309 170300;24698;24698;24678.75;24682.5;701
20260309 170400;24684.25;24686.25;24676;24683;601
20260309 170500;24682.75;24691.25;24679;24687.5;693
20260309 170600;24687.25;24694.25;24683.75;24687.5;480
20260309 170700;24686.5;24691.75;24677.25;24683;538
20260309 170800;24683;24683.25;24665.5;24671.5;897
20260309 170900;24671.75;24686;24669.75;24677.5;461
20260309 171000;24677;24689.5;24676.75;24686;398
20260309 171100;24686.25;24699.75;24683;24683.5;1059
20260309 171200;24683.25;24697;24681.5;24690.25;593
20260309 171300;24691.25;24691.25;24679.75;24683;393
20260309 171400;24683.25;24683.25;24673.25;24679;490
20260309 171500;24679;24686.25;24672.25;24683.5;279
20260309 171600;24684;24688.25;24670.75;24672.75;533
20260309 171700;24673.75;24676.75;24665.5;24667.75;740
20260309 171800;24668.25;24672.75;24660.25;24660.75;636
20260309 171900;24660.75;24670.25;24652.25;24654.25;806
20260309 172000;24654;24655.25;24641;24645;901
20260309 172100;24644.75;24649.25;24632.5;24638.25;984
20260309 172200;24638.5;24642;24616.75;24621.5;939
20260309 172300;24622.5;24634.25;24616;24630;1131
20260309 172400;24630.75;24634.5;24620.5;24625.75;980
20260309 172500;24625.5;24626.5;24617.75;24619.25;863
20260309 172600;24619.5;24624.5;24608.75;24611.75;860
20260309 172700;24612;24620.5;24607;24617;792
20260309 172800;24616.25;24622.5;24606;24609;661
20260309 172900;24609.5;24619.75;24607;24615.5;599
20260309 173000;24615.5;24618.75;24607;24613.5;426
20260309 173100;24612.5;24621.25;24605.75;24616.75;847
20260309 173200;24617.25;24623.25;24605.75;24608;672
20260309 173300;24608;24619.75;24600.75;24606.25;730
20260309 173400;24606.75;24616.5;24604.25;24614.75;536
20260309 173500;24615;24622.5;24602.25;24606.5;634
20260309 173600;24606.75;24617.75;24596;24613;718
20260309 173700;24613.5;24614;24602.25;24603.5;458
20260309 173800;24603.25;24608;24595.75;24603.75;527
20260309 173900;24603.25;24604.75;24590.75;24599.25;638
20260309 174000;24598.75;24607.5;24595.5;24596.75;413
20260309 174100;24595.5;24603;24587.25;24591.5;744
20260309 174200;24591.25;24592;24580.25;24588.25;771
20260309 174300;24588.25;24603.25;24581.5;24584.25;770
20260309 174400;24584;24592;24575.75;24577.5;684
20260309 174500;24577.25;24591.5;24577.25;24583.75;533
20260309 174600;24583.5;24598.5;24581.75;24597;531
20260309 174700;24596.75;24604.5;24587.5;24601.25;632
20260309 174800;24600.25;24602.5;24595;24601.25;436
20260309 174900;24601.75;24619.75;24601.5;24605.25;1141
20260309 175000;24606.25;24613;24596;24600.75;717
20260309 175100;24600.5;24606.5;24592.25;24596.5;671
20260309 175200;24597;24609.75;24595.25;24608;501
20260309 175300;24607.5;24618.5;24606.75;24614.25;598
20260309 175400;24614.25;24622;24611;24614.75;647
20260309 175500;24615;24627;24612;24623.5;588
20260309 175600;24623.25;24630.25;24612.25;24612.5;662
20260309 175700;24612.75;24623;24607;24617.75;556
20260309 175800;24617.5;24620.75;24613.25;24616;249
20260309 175900;24616.75;24619;24608.75;24616.25;316
20260309 180000;24616.5;24616.5;24603.25;24611;630
20260309 180100;24611.25;24633;24609;24624.25;906
20260309 180200;24623.75;24635.5;24623.75;24631.25;577
20260309 180300;24630.25;24634.75;24626.75;24628;473
20260309 180400;24627.5;24632;24625;24629.75;428
20260309 180500;24629.5;24630;24617;24622;426
20260309 180600;24622.5;24643.5;24621.5;24643;763
20260309 180700;24643;24646.75;24633;24642.25;779
20260309 180800;24642.25;24643;24634.5;24636;466
20260309 180900;24636;24636.75;24612.25;24628.75;1062
20260309 181000;24629.5;24630.5;24613;24617.75;533
20260309 181100;24617.5;24631.75;24613.75;24624.25;474
20260309 181200;24626;24632;24623;24627;494
20260309 181300;24627.25;24635.5;24613.75;24634;561
20260309 181400;24633.25;24645.5;24628.75;24643.25;541
20260309 181500;24643.5;24650.75;24635;24639.5;783
20260309 181600;24638.5;24641.75;24633.5;24639;545
20260309 181700;24638.75;24651.5;24631.5;24649.5;689
20260309 181800;24648.75;24654.75;24644.25;24652.75;553
20260309 181900;24653.75;24656.25;24650.25;24653.5;441
20260309 182000;24654.5;24663.5;24648;24660.25;619
20260309 182100;24660;24668;24656;24659.5;599
20260309 182200;24658.75;24683.25;24645.75;24647.25;1720
20260309 182300;24647.5;24649;24630;24648;1106
20260309 182400;24649.25;24663.5;24647.75;24660.25;602
20260309 182500;24659.5;24663.25;24654.5;24660;505
20260309 182600;24659.5;24661.5;24651.25;24657.75;524
20260309 182700;24658;24663.25;24650.5;24657.75;567
20260309 182800;24658.5;24660.25;24646;24648;425
20260309 182900;24647.5;24653;24644;24648.5;424
20260309 183000;24648.25;24653.25;24645;24650.25;337
20260309 183100;24650;24659.75;24647.5;24654.75;435
20260309 183200;24654.5;24661;24650.5;24660.75;442
20260309 183300;24661;24671;24660.5;24668.75;447
20260309 183400;24668.25;24669.5;24661;24667.5;339
20260309 183500;24668;24699.5;24666.75;24694.5;1750
20260309 183600;24695.25;24699.5;24682.25;24692.75;1805
20260309 183700;24693.5;24701.75;24690.5;24694.25;608
20260309 183800;24694;24695.25;24681.25;24689.75;549
20260309 183900;24689;24692.75;24680.25;24682.5;424
20260309 184000;24683.25;24691.25;24680.25;24688;364
20260309 184100;24688;24692;24681.25;24692;431
20260309 184200;24692.5;24695.5;24687.75;24692;492
20260309 184300;24692.75;24698.25;24679.5;24694.75;712
20260309 184400;24695;24697.75;24688.5;24690;373
20260309 184500;24689.75;24692.75;24685.5;24686.5;306
20260309 184600;24687.5;24697.25;24685.25;24694.75;658
20260309 184700;24695;24706;24692.5;24703.75;525
20260309 184800;24703.25;24708.25;24699.75;24705.25;308
20260309 184900;24705.5;24707.25;24701.5;24705.25;277
20260309 185000;24705;24705;24694.5;24695;387
20260309 185100;24694.75;24699;24683.75;24687;581
20260309 185200;24686.75;24704;24683.25;24695;634
20260309 185300;24695.25;24698.25;24690.5;24697.5;249
20260309 185400;24697.5;24700.5;24695.75;24698.5;258
20260309 185500;24698.25;24698.25;24689;24689.25;276
20260309 185600;24690;24690;24668;24670.75;1282
20260309 185700;24671.25;24674.25;24662.75;24665.75;700
20260309 185800;24666;24669.25;24658.25;24663;438
20260309 185900;24663;24663;24650;24653.5;561
20260309 190000;24654.5;24662;24651.5;24655.5;546
20260309 190100;24655.5;24662;24642.5;24660;820
20260309 190200;24660.25;24670.5;24657.75;24668;550
20260309 190300;24667.5;24670.25;24658.5;24664.75;394
20260309 190400;24665.25;24666;24658;24658.75;318
20260309 190500;24658.75;24665.25;24653.5;24657;363
20260309 190600;24655.75;24660.75;24645;24646;520
20260309 190700;24645.5;24650.25;24642;24645.25;518
20260309 190800;24645.25;24656.75;24640;24653.75;402
20260309 190900;24653;24664.25;24650.75;24662.5;382
20260309 191000;24662;24664.25;24656.5;24660.75;281
20260309 191100;24661.75;24674.75;24660;24668.25;425
20260309 191200;24668.5;24681.5;24668.25;24673;1021
20260309 191300;24673.25;24681.75;24671.5;24674;470
20260309 191400;24674.75;24675;24662.75;24667.25;459
20260309 191500;24667.5;24669;24661.5;24669;207
20260309 191600;24667.25;24672.25;24661.75;24667;375
20260309 191700;24667.25;24672.5;24665.75;24667.5;275
20260309 191800;24667;24709.75;24664.5;24693.25;2307
20260309 191900;24692.5;24696.75;24674.5;24682;688
20260309 192000;24682.75;24798.75;24677.75;24793.25;5082
20260309 192100;24792.5;24841.25;24773.75;24826.5;4301
20260309 192200;24827.25;24877;24827.25;24856;3389
20260309 192300;24856.75;24868.75;24821.5;24861;2735
20260309 192400;24861.5;24890;24850;24877.25;2497
20260309 192500;24876.75;24889;24841.5;24868.25;2207
20260309 192600;24869.25;24877.25;24846.5;24866.25;1663
20260309 192700;24866.5;24901.75;24856.5;24898;1933
20260309 192800;24896.75;24930;24895;24910.75;2283
20260309 192900;24910;24947.5;24882.25;24920.5;3126
20260309 193000;24920.5;24959.75;24920;24952.5;2064
20260309 193100;24952;24969;24900.75;24904;3898
20260309 193200;24904.5;24956;24894.75;24953.25;2420
20260309 193300;24954.25;24976.5;24936;24975.75;1848
20260309 193400;24976.5;24998.5;24967.75;24993;2265
20260309 193500;24994.25;24994.5;24968.5;24990;1765
20260309 193600;24989.5;25000;24951;24954.25;2711
20260309 193700;24955;24990.5;24941.5;24985.5;2128
20260309 193800;24984.5;25022;24979.25;25019.5;2483
20260309 193900;25019.75;25058;25017.25;25020;2878
20260309 194000;25020.5;25046.25;25011.25;25044.25;2749
20260309 194100;25044.25;25044.75;24980.75;24985.75;2437
20260309 194200;24984.5;24991.5;24942;24947.5;2396
20260309 194300;24947.5;24974.25;24936.5;24942.5;2222
20260309 194400;24943.25;24977.75;24931.5;24960.75;2000
20260309 194500;24958.5;24983.75;24943.75;24969.5;1248
20260309 194600;24969.5;24976.5;24947.5;24960.5;1243
20260309 194700;24961;24976;24943.75;24964.5;1307
20260309 194800;24964;24992.5;24949.75;24990;1425
20260309 194900;24989.75;24996;24975.75;24979;1267
20260309 195000;24979.5;24982;24958;24976.25;1937
20260309 195100;24976;24979.5;24944.5;24946.5;1815
20260309 195200;24948.25;24961.75;24937.75;24952.5;1601
20260309 195300;24953;24972;24952.5;24955;1638
20260309 195400;24956.25;24960.5;24938.5;24956.25;1805
20260309 195500;24957;24966;24943.75;24952.75;1424
20260309 195600;24953.5;24972.25;24943.5;24971.5;2055
20260309 195700;24972;24984.5;24969.5;24981;1175
20260309 195800;24981.5;25009;24972.75;25007.5;1893
20260309 195900;25008.25;25018.25;25001;25006;2495
20260309 200000;25005.5;25006.5;24978.75;24991;8617
20260309 200100;24991;25025.75;24986.25;25018.25;3407
20260309 200200;25017.75;25017.75;25004;25010.25;921
20260309 200300;25010.5;25010.5;24981.5;24984.75;895
20260309 200400;24984.75;24985.25;24958;24960;1394
20260309 200500;24960.5;24975.25;24955.5;24974.25;897
20260309 200600;24974.25;24979.25;24963;24964.5;577
20260309 200700;24964.25;24970;24951.5;24959.75;536
20260309 200800;24960.25;24969;24952.25;24962.5;411
20260309 200900;24962.25;24970.75;24953.75;24957.5;510
20260309 201000;24956;24964.25;24951.75;24954.25;545
20260309 201100;24955.25;24955.25;24935;24943.5;713
20260309 201200;24943;24945.75;24934.5;24936.25;408
20260309 201300;24937.25;24950.5;24934.25;24942;399
20260309 201400;24942.75;24952;24940.25;24945.25;345
20260309 201500;24943.75;24968;24943.5;24963.25;625
20260309 201600;24963;24964.5;24952.75;24954.5;307
20260309 201700;24954;24955.5;24945.5;24951;337
20260309 201800;24951;24957.25;24945.25;24948.25;282
20260309 201900;24947.75;24948.5;24933.25;24935.5;380
20260309 202000;24935.25;24936.75;24916.25;24922.5;697
20260309 202100;24921.75;24922;24907.5;24918.5;430
20260309 202200;24919;24937.25;24916;24933;388
20260309 202300;24933.25;24943.75;24931.5;24936.25;265
20260309 202400;24936;24941.25;24935.75;24940;155
20260309 202500;24940;24940;24928;24933.75;147
20260309 202600;24933.25;24933.75;24920;24926.5;277
20260309 202700;24926.75;24933.75;24920.5;24929.25;247
20260309 202800;24929.75;24935.5;24928;24932.75;145
20260309 202900;24932.5;24936.25;24927.25;24936.25;125
20260309 203000;24936;24974;24934.75;24963.75;759
20260309 203100;24962;24962;24937;24952.25;408
20260309 203200;24950.75;24952.75;24943.25;24952.75;151
20260309 203300;24951.75;24978;24942;24970.5;490
20260309 203400;24970.25;24970.25;24945;24955.5;526
20260309 203500;24955.25;24961.5;24949.25;24958.75;106
20260309 203600;24958.5;24977.75;24957;24970;379
20260309 203700;24968.25;24972.5;24961.25;24969.25;259
20260309 203800;24969;24970.25;24946.25;24952;205
20260309 203900;24951.75;24976.25;24950;24958;388
20260309 204000;24959.25;24970.25;24957.75;24960;159
20260309 204100;24956.75;24963;24953.25;24961;123
20260309 204200;24960.5;24964;24951.75;24951.75;131
20260309 204300;24950.75;24955.75;24949;24952.75;82
20260309 204400;24952;24960.75;24949.5;24958;88
20260309 204500;24956.75;24962;24955.5;24960;69
20260309 204600;24959.5;24960.5;24950;24951.75;156
20260309 204700;24952;24956.25;24944;24945.5;176
20260309 204800;24945.75;24950;24941.25;24947;251
20260309 204900;24947.75;24958;24947.75;24956;221
20260309 205000;24955.75;24967.5;24955.5;24966;176
20260309 205100;24966.25;24968.25;24956.75;24958;191
20260309 205200;24958.5;24975.5;24955.5;24968.75;465
20260309 205300;24968.75;24969.5;24957.5;24959.25;258
20260309 205400;24958;24964.25;24957;24958;135
20260309 205500;24957.25;24962.5;24953.25;24962;144
20260309 205600;24962.25;24973.25;24959.75;24968.5;292
20260309 205700;24969.25;24969.25;24954.25;24960.75;185
20260309 205800;24961.75;24973.5;24961;24967.75;169
20260309 205900;24968.25;24972.25;24963.25;24969.75;154
20260309 210000;24968.25;24969.75;24955.75;24958;232
20260309 220100;24981.5;24981.5;24944;24950;450
20260309 220200;24948.5;24962.5;24932;24932;198
20260309 220300;24933.75;24944;24920;24921.75;362
20260309 220400;24925;24930.25;24887.75;24901;546
20260309 220500;24898.25;24916;24884;24911.25;539
20260309 220600;24914.25;24931.5;24904.75;24927.25;363
20260309 220700;24926.75;24961.25;24905.5;24952.5;505
20260309 220800;24948.25;24970.5;24936.25;24958.75;514
20260309 220900;24960.75;24972.25;24926;24928.5;531
20260309 221000;24929.5;24950.5;24922.75;24944.25;214
20260309 221100;24946.25;24946.25;24932.75;24935;98
20260309 221200;24933;24933;24906.5;24911.25;252
20260309 221300;24909;24928.5;24905.5;24926.25;238
20260309 221400;24928.5;24938.25;24921;24924.5;159
20260309 221500;24924.25;24940.25;24920;24932.25;64
20260309 221600;24934.75;24934.75;24915.25;24918.75;113
20260309 221700;24916.75;24922;24912.5;24918;82
20260309 221800;24920.25;24925;24919.25;24923;66
20260309 221900;24922.75;24933;24907;24908.75;169
20260309 222000;24912;24914;24897.75;24897.75;248
20260309 222100;24899.75;24907;24890;24900;199
20260309 222200;24902.75;24907;24891.5;24897.25;155
20260309 222300;24897;24900.75;24878.25;24878.25;200
20260309 222400;24878.75;24892;24872.25;24890.25;174
20260309 222500;24889.5;24897.5;24881.5;24885.25;238
20260309 222600;24884.25;24888.75;24870;24877;263
20260309 222700;24879.5;24888.5;24877.25;24888.5;91
20260309 222800;24888.75;24912.75;24888.75;24899.5;268
20260309 222900;24901.75;24931.5;24901.75;24916.75;360
20260309 223000;24915;24946.75;24909;24932.75;267
20260309 223100;24934;24935.75;24918.5;24918.5;143
20260309 223200;24919.75;24923.25;24911;24917.25;103
20260309 223300;24915.25;24924.5;24910.5;24920.5;88
20260309 223400;24918.25;24918.25;24897;24903;205
20260309 223500;24902.25;24902.25;24891.25;24895.5;112
20260309 223600;24897.75;24898;24890.25;24896.25;64
20260309 223700;24896.5;24911.5;24891.25;24907.5;140
20260309 223800;24907.5;24910.5;24892.5;24897.5;138
20260309 223900;24898.25;24900.25;24890;24892;106
20260309 224000;24893.5;24902.25;24888.75;24890.25;129
20260309 224100;24888.75;24905.25;24888;24901.5;205
20260309 224200;24901.5;24906;24901.25;24904.25;59
20260309 224300;24903.75;24914;24903.25;24907.5;115
20260309 224400;24908.5;24917.75;24906.75;24914.5;97
20260309 224500;24915.75;24928.75;24908.5;24925.25;135
20260309 224600;24924.75;24936.25;24920;24933.75;224
20260309 224700;24934.25;24934.25;24927;24931.75;73
20260309 224800;24932;24934.25;24926;24926;51
20260309 224900;24927;24934.75;24923.25;24934.75;130
20260309 225000;24933.75;24934.25;24929.25;24934.25;45
20260309 225100;24930.25;24933.25;24928.75;24928.75;65
20260309 225200;24928;24929;24917.75;24919.5;97
20260309 225300;24918.5;24924.25;24918;24919;79
20260309 225400;24918;24926.5;24917;24925.25;57
20260309 225500;24922.5;24922.5;24914.25;24916.25;56
20260309 225600;24915.5;24919.25;24908.25;24912.5;111
20260309 225700;24911.25;24913;24900.25;24904.5;142
20260309 225800;24905.25;24905.25;24893.75;24898;118
20260309 225900;24898;24904;24895.5;24904;65
20260309 230000;24902.5;24909.5;24902.5;24908.75;86
20260309 230100;24908.25;24909.5;24898.5;24900.5;72
20260309 230200;24898.75;24904;24896.25;24899.5;66
20260309 230300;24900.25;24900.25;24889.75;24893;84
20260309 230400;24893.5;24904.5;24891;24898;169
20260309 230500;24896;24909.25;24896;24907.25;79
20260309 230600;24904.75;24905.25;24896.5;24904.75;66
20260309 230700;24905;24912;24903.75;24911.5;34
20260309 230800;24909.5;24932.25;24908.25;24927.25;380
20260309 230900;24927.25;24928.75;24921.5;24926.5;75
20260309 231000;24925;24929.5;24920;24922;84
20260309 231100;24921.75;24930;24921.75;24929.5;46
20260309 231200;24928;24931.25;24925.75;24929.5;54
20260309 231300;24929.25;24930;24925;24927.5;27
20260309 231400;24927;24930;24922;24923;89
20260309 231500;24924;24925.25;24917.5;24924.75;142
20260309 231600;24925;24933.5;24923.25;24929;69
20260309 231700;24928.75;24929.5;24915.5;24918;107
20260309 231800;24920;24921;24912.75;24916.25;73
20260309 231900;24915;24923.5;24915;24920.25;62
20260309 232000;24919.75;24924.25;24917.5;24924;36
20260309 232100;24925.25;24926;24919.5;24923.25;87
20260309 232200;24924;24926;24910;24914.25;87
20260309 232300;24913.25;24914.75;24905.75;24907.75;103
20260309 232400;24907.5;24908;24903;24906.5;58
20260309 232500;24907.25;24909.25;24901.75;24904;54
20260309 232600;24904;24915;24904;24913;104
20260309 232700;24914;24918.75;24912;24913.75;46
20260309 232800;24913;24917.25;24910.25;24910.5;27
20260309 232900;24913.5;24913.5;24908.75;24910.5;61
20260309 233000;24910;24918.75;24910;24917.5;60
20260309 233100;24915.75;24918.75;24911.75;24914.5;47
20260309 233200;24917.5;24917.5;24912;24912;24
20260309 233300;24912;24914.5;24909.5;24912.5;39
20260309 233400;24912.75;24914;24910.75;24911.25;41
20260309 233500;24912;24912;24903.5;24904;108
20260309 233600;24903;24905.75;24900;24902;47
20260309 233700;24903.5;24904.25;24900;24900.75;41
20260309 233800;24901;24903;24891.5;24896.25;109
20260309 233900;24895.5;24899.5;24891;24897.5;68
20260309 234000;24897.5;24902;24892;24894.25;96
20260309 234100;24894;24897.75;24892;24897;114
20260309 234200;24896.75;24900.5;24896.5;24898.5;123
20260309 234300;24897.75;24898.5;24891;24892.25;179
20260309 234400;24892.25;24895;24886.75;24888;90
20260309 234500;24888.75;24890;24875.25;24877.25;207
20260309 234600;24877.5;24885;24877.5;24880.5;136
20260309 234700;24881.5;24885.25;24876.5;24882.25;124
20260309 234800;24883.25;24886.75;24876.25;24879.75;151
20260309 234900;24879;24882.5;24876.25;24881.25;85
20260309 235000;24881.75;24881.75;24873;24877.75;128
20260309 235100;24877.5;24877.75;24865.5;24867;218
20260309 235200;24866.75;24874.5;24863.25;24868.5;167
20260309 235300;24870.25;24871;24858;24864.25;175
20260309 235400;24864;24868;24860.75;24864.25;99
20260309 235500;24863.75;24878.25;24863.75;24872.5;125
20260309 235600;24873.5;24876.75;24867;24869;68
20260309 235700;24869.25;24878.5;24867.25;24878.5;63
20260309 235800;24877.5;24879;24874;24877.25;63
20260309 235900;24877.5;24881.75;24874.75;24877.75;59
20260310 000000;24879.5;24883.25;24874.75;24883.25;82
20260310 000100;24881;24888;24874.25;24877.75;313
20260310 000200;24877.75;24877.75;24861;24867.25;179
20260310 000300;24867.75;24880.5;24859.75;24880.5;141
20260310 000400;24877;24892.75;24877;24889.75;198
20260310 000500;24889.25;24892.5;24880.75;24885;101
20260310 000600;24884.5;24889.5;24874;24877.5;133
20260310 000700;24878.75;24887;24874.5;24874.5;145
20260310 000800;24875.75;24877.25;24853.25;24860;255
20260310 000900;24860.75;24867.25;24855.5;24864.75;143
20260310 001000;24864.5;24864.5;24857.75;24861.5;104
20260310 001100;24862;24862;24838.5;24843.25;311
20260310 001200;24845;24849;24841;24848.25;123
20260310 001300;24848.5;24849.5;24835;24843.25;146
20260310 001400;24844.25;24849.75;24836.25;24837.5;158
20260310 001500;24837.5;24844;24830;24841.25;202
20260310 001600;24841.5;24855.5;24841.5;24852.25;205
20260310 001700;24851.75;24868.25;24851.75;24862;220
20260310 001800;24862.75;24863;24853.25;24862;140
20260310 001900;24861.5;24872.5;24858.75;24872;159
20260310 002000;24872.25;24886.25;24871;24885.75;252
20260310 002100;24886.75;24888.75;24874.75;24877.25;166
20260310 002200;24877;24883.5;24870;24880.5;159
20260310 002300;24879.25;24887.75;24875.25;24883.75;151
20260310 002400;24883.75;24889.75;24882;24882.25;75
20260310 002500;24884.5;24910.25;24884.5;24903.75;306
20260310 002600;24904.5;24904.5;24895;24900.5;84
20260310 002700;24899.5;24906;24898.5;24903.5;93
20260310 002800;24904.5;24906;24898.75;24899.25;73
20260310 002900;24900.75;24906.5;24898;24903.5;58
20260310 003000;24905.5;24919.75;24905;24918;131
20260310 003100;24917.25;24918.75;24905.25;24905.25;125
20260310 003200;24905.75;24926.25;24905.75;24918;207
20260310 003300;24917;24917;24899;24901.75;176
20260310 003400;24901.5;24902.25;24894;24898;81
20260310 003500;24897.75;24903;24893.5;24903;84
20260310 003600;24902.75;24906.5;24895.75;24906.5;74
20260310 003700;24905.75;24922.5;24903;24917.5;127
20260310 003800;24916.5;24938.75;24916;24931.75;265
20260310 003900;24932;24937.75;24929.75;24937.5;119
20260310 004000;24935.5;24946.5;24933;24942.25;267
20260310 004100;24941.75;24943.25;24931.25;24936.25;152
20260310 004200;24933.75;24954.75;24930;24949.5;203
20260310 004300;24946.5;24955.75;24938.5;24949.25;150
20260310 004400;24952.5;24965;24952.5;24960.25;160
20260310 004500;24961;24966;24957.5;24959.5;163
20260310 004600;24960.25;24969;24958;24966.5;135
20260310 004700;24967;24970;24960.75;24962;111
20260310 004800;24962.75;24964.25;24951;24953.75;159
20260310 004900;24953.5;24953.5;24945;24948.25;133
20260310 005000;24950;24954.25;24947;24950;100
20260310 005100;24952.25;24954.25;24947;24953.25;97
20260310 005200;24951;24962;24951;24955.25;100
20260310 005300;24955.75;24958;24947.25;24947.75;69
20260310 005400;24948.75;24952.5;24935;24942.75;163
20260310 005500;24942.5;24950.75;24942;24942;137
20260310 005600;24943.5;24946.75;24938.5;24941.75;119
20260310 005700;24940;24946;24936.5;24940.25;90
20260310 005800;24940.75;24943.5;24936;24939;83
20260310 005900;24937.5;24944;24937.5;24940;68
20260310 010000;24939.25;24939.75;24933.5;24936;70
20260310 010100;24935;24945.25;24934;24937.75;147
20260310 010200;24939.25;24962;24938.5;24951.25;199
20260310 010300;24951.25;24957;24944;24945.75;150
20260310 010400;24943;24946.75;24932;24932;144
20260310 010500;24931.75;24933.25;24925.25;24931;147
20260310 010600;24932;24946.5;24928;24944.25;127
20260310 010700;24943.25;24954;24939.25;24948;175
20260310 010800;24949;24960.5;24948.5;24956.5;132
20260310 010900;24957.75;24957.75;24950;24950;65
20260310 011000;24952;24966.75;24951.75;24962.75;142
20260310 011100;24963.75;24969.5;24953.75;24960.5;174
20260310 011200;24961.5;24975;24961.5;24968.25;183
20260310 011300;24968.25;24970.5;24963;24967.75;114
20260310 011400;24966.5;24971;24961.5;24961.75;82
20260310 011500;24963.75;24968;24962;24962;66
20260310 011600;24963.25;24974.25;24959.5;24967.25;119
20260310 011700;24970;24973.25;24960.5;24964;108
20260310 011800;24963.75;24967.25;24954;24954.25;216
20260310 011900;24955.75;24962.75;24949;24959;141
20260310 012000;24959;24963.25;24951.75;24952.5;61
20260310 012100;24953;24963.5;24949;24960.5;105
20260310 012200;24960.5;24962;24952.25;24956.5;128
20260310 012300;24957;24968.25;24957;24961.25;82
20260310 012400;24961.25;24964.25;24957.25;24964.25;78
20260310 012500;24963.75;24963.75;24957.5;24963.25;25
20260310 012600;24962.75;24971.75;24960.25;24969.75;82
20260310 012700;24970.5;24977.25;24952.25;24952.25;159
20260310 012800;24953.75;24959.5;24949.5;24950.5;93
20260310 012900;24950;24967.5;24950;24966.75;73
20260310 013000;24966.75;24970.25;24954.5;24954.5;108
20260310 013100;24954.75;24956;24943;24949.5;167
20260310 013200;24951;24967;24950.75;24957.25;133
20260310 013300;24955.75;24959.5;24950.25;24953.75;101
20260310 013400;24955.5;24969;24954.5;24968.75;89
20260310 013500;24967.5;24967.5;24950.5;24952.5;69
20260310 013600;24951.25;24952.25;24942.25;24952.25;106
20260310 013700;24953.5;24968;24953.5;24964.75;77
20260310 013800;24963.25;24963.25;24944;24946.5;89
20260310 013900;24944;24947;24938.25;24941.5;90
20260310 014000;24940;24945.75;24938.75;24945.5;93
20260310 014100;24944;24950.5;24941.75;24947.5;51
20260310 014200;24945.75;24946;24935;24939.75;73
20260310 014300;24940.5;24946;24938.25;24940.5;74
20260310 014400;24941;24942.75;24936.5;24942.5;40
20260310 014500;24941.75;24947.75;24940.5;24947.5;38
20260310 014600;24950;24951.5;24948;24949.25;33
20260310 014700;24949.5;24960;24949.5;24950.5;88
20260310 014800;24949.25;24953.75;24944.75;24952.75;65
20260310 014900;24957.25;24970.25;24957.25;24969.5;105
20260310 015000;24969;24977.75;24965.5;24971.75;148
20260310 015100;24972;24986.25;24972;24983.75;204
20260310 015200;24984;24988;24980.25;24981.75;115
20260310 015300;24983.75;24989;24980.75;24987;97
20260310 015400;24987.5;24990.75;24984.25;24987.25;91
20260310 015500;24987.75;24988.75;24983.25;24986.25;71
20260310 015600;24986;24989.25;24982.5;24986.5;47
20260310 015700;24987;24990.25;24984.5;24989.25;71
20260310 015800;24989;24995;24987.25;24994;100
20260310 015900;24994.75;24998;24992;24993.25;171
20260310 020000;24993;24994.25;24987.25;24988;95
20260310 020100;24987;24998;24986.25;24996.25;193
20260310 020200;24997;24999;24993;24995.5;109
20260310 020300;24996.75;24997.25;24991.5;24991.75;24
20260310 020400;24991;24991;24983.25;24985;89
20260310 020500;24985;24987;24978.5;24983.75;80
20260310 020600;24983.5;24983.5;24979.75;24982.25;27
20260310 020700;24981.25;24981.5;24973.5;24974;85
20260310 020800;24978.5;24987.25;24978;24983.25;92
20260310 020900;24979;24980.75;24968.5;24971.5;131
20260310 021000;24972;24976.75;24971.25;24973;37
20260310 021100;24974.5;24980.25;24973.5;24974;51
20260310 021200;24971.25;24976.25;24970;24971.5;69
20260310 021300;24971.25;24975;24967.25;24974.5;88
20260310 021400;24973;24975;24972;24973.25;31
20260310 021500;24975.5;24983.5;24973.5;24977.5;120
20260310 021600;24977.5;24978.5;24970.25;24971.75;67
20260310 021700;24970.25;24974.25;24967.5;24970;68
20260310 021800;24971.5;24973;24969.5;24971.25;34
20260310 021900;24970.75;24975.25;24970.75;24975;35
20260310 022000;24973.5;24979.25;24973.5;24979.25;40
20260310 022100;24978;24980.75;24973;24979.25;43
20260310 022200;24979;24979.5;24971.75;24972.75;69
20260310 022300;24971.25;24975.25;24971;24972.75;28
20260310 022400;24972.75;24973.75;24970;24973.75;19
20260310 022500;24973.75;24974.5;24969;24972.25;39
20260310 022600;24973;24974.5;24969;24974.5;22
20260310 022700;24974;24976.5;24972;24974.25;39
20260310 022800;24973.25;24973.25;24970;24973;31
20260310 022900;24971.25;24974.5;24968.25;24972.25;31
20260310 023000;24973;24975.5;24971.5;24974.75;27
20260310 023100;24973;24975.25;24968.75;24970.5;68
20260310 023200;24971.25;24971.25;24956.25;24956.75;120
20260310 023300;24956.5;24959;24947;24948.75;153
20260310 023400;24950.25;24954;24942;24952.5;353
20260310 023500;24952.5;24956.5;24948.75;24951.5;73
20260310 023600;24953.75;24959;24950;24952;117
20260310 023700;24951.25;24953.5;24948.25;24953;62
20260310 023800;24952.5;24955.5;24947.5;24947.75;64
20260310 023900;24947.75;24958;24947.75;24953.75;54
20260310 024000;24952.75;24959;24952.75;24956.5;52
20260310 024100;24957.5;24961.25;24955;24957.5;70
20260310 024200;24957.5;24960;24948.25;24949.5;52
20260310 024300;24949.75;24949.75;24943.25;24946;85
20260310 024400;24946.75;24949;24943.75;24947.5;80
20260310 024500;24947.25;24948.25;24939.75;24945.25;108
20260310 024600;24943.25;24949.75;24940;24941.75;67
20260310 024700;24940.5;24942;24926.25;24930.25;194
20260310 024800;24929;24934.5;24925.5;24930.5;108
20260310 024900;24929;24929;24922.5;24927;157
20260310 025000;24926;24929.25;24923.5;24924.75;48
20260310 025100;24923.5;24924.25;24915.5;24919.5;165
20260310 025200;24920.25;24922.75;24916;24917.25;168
20260310 025300;24920.5;24920.5;24910.75;24911.75;122
20260310 025400;24910.75;24921;24910;24915;107
20260310 025500;24916.25;24919.75;24912.25;24915.5;68
20260310 025600;24916.25;24920;24909.5;24912.5;101
20260310 025700;24913.25;24914.25;24907.25;24908;189
20260310 025800;24908.75;24920.75;24907;24919.25;167
20260310 025900;24917.25;24920;24911.25;24918;141
20260310 030000;24917.5;24931.25;24913.25;24927;220
20260310 030100;24926.75;24936.5;24922.25;24936;130
20260310 030200;24935;24950.5;24934;24941.75;296
20260310 030300;24941;24944.5;24936;24936.5;86
20260310 030400;24936.25;24937.25;24924;24928.75;104
20260310 030500;24927.5;24932.75;24922.75;24930.25;71
20260310 030600;24934;24944;24932.75;24943.25;103
20260310 030700;24944.25;24944.75;24927.5;24928.25;62
20260310 030800;24929.5;24936.25;24925.5;24935.25;65
20260310 030900;24934.5;24940.25;24931;24934;38
20260310 031000;24932.75;24932.75;24925;24930;34
20260310 031100;24930.25;24940;24930;24938.75;69
20260310 031200;24938;24943.25;24931.75;24932;78
20260310 031300;24931;24934.5;24926.75;24928;61
20260310 031400;24930.25;24933.75;24929;24931.25;22
20260310 031500;24931.75;24934.75;24929.5;24930.5;17
20260310 031600;24929;24929;24920;24926.25;80
20260310 031700;24926.5;24931.5;24924.25;24925.75;49
20260310 031800;24926;24936;24926;24934.5;74
20260310 031900;24932.5;24939.5;24932.5;24936;43
20260310 032000;24936.5;24937.75;24933;24937.25;25
20260310 032100;24936.75;24947;24933.25;24944.5;70
20260310 032200;24945.5;24963;24945.5;24957;195
20260310 032300;24957.25;24957.25;24946.75;24947.75;102
20260310 032400;24946.75;24946.75;24939;24940.75;97
20260310 032500;24942;24945.75;24938.5;24942.25;27
20260310 032600;24940.5;24942.5;24933.25;24933.25;66
20260310 032700;24936;24938;24922.5;24924;119
20260310 032800;24924.25;24924.75;24909.5;24911.5;158
20260310 032900;24912.75;24919.25;24912.75;24918.5;67
20260310 033000;24917.75;24927;24917.5;24922.75;122
20260310 033100;24922.75;24924.75;24910;24913.25;111
20260310 033200;24914;24920.5;24911.75;24911.75;70
20260310 033300;24913;24913.5;24907;24911.25;113
20260310 033400;24912.75;24917.75;24912.75;24914.5;39
20260310 033500;24913.75;24914.5;24908;24908;39
20260310 033600;24908;24911;24900.75;24906.5;148
20260310 033700;24908;24911;24905.75;24907;31
20260310 033800;24905.5;24906;24900;24906;85
20260310 033900;24903.75;24904;24886.5;24888.5;349
20260310 034000;24889.5;24894;24886;24890.75;72
20260310 034100;24890.75;24895.25;24887.75;24890.5;63
20260310 034200;24892.25;24897;24885;24890;61
20260310 034300;24887.5;24889.25;24882;24884.5;97
20260310 034400;24884.5;24888.25;24866.25;24867.75;226
20260310 034500;24868.25;24877;24865.5;24867;186
20260310 034600;24867.75;24868;24857;24859;234
20260310 034700;24859.75;24867.25;24855.5;24867;211
20260310 034800;24864.75;24866.25;24854.75;24859.25;121
20260310 034900;24859.25;24865.5;24856;24865.5;91
20260310 035000;24865.75;24876;24863.5;24869;245
20260310 035100;24870.25;24872.75;24865.75;24872.75;133
20260310 035200;24872;24876.75;24867.75;24876;92
20260310 035300;24875.75;24887.5;24875.75;24887.25;123
20260310 035400;24888.5;24892.75;24882;24884;151
20260310 035500;24882.75;24893.5;24880;24893;96
20260310 035600;24893;24898.5;24888.75;24890.5;85
20260310 035700;24891;24894;24881.5;24882;97
20260310 035800;24882;24893.25;24881.25;24888;51
20260310 035900;24888.5;24889.5;24884;24888.75;35
20260310 040000;24887.5;24891.25;24885.5;24886.25;35
20260310 040100;24889.5;24891.5;24875;24876;71
20260310 040200;24876.75;24880;24869.5;24873;72
20260310 040300;24874;24882.25;24873.5;24876.75;71
20260310 040400;24876;24878.25;24870.75;24875.75;59
20260310 040500;24875;24878;24871.75;24872.25;67
20260310 040600;24874.5;24877;24871.5;24873.5;47
20260310 040700;24875;24875.5;24869.75;24871.5;40
20260310 040800;24868.75;24886.5;24863.25;24885;106
20260310 040900;24885.75;24888.5;24883.75;24886.75;61
20260310 041000;24885.25;24887;24874.25;24876;81
20260310 041100;24876.5;24888.5;24875.25;24881.5;78
20260310 041200;24878.5;24886.25;24877.75;24884.5;61
20260310 041300;24889;24892.5;24887.25;24889.5;84
20260310 041400;24891;24893.25;24879.25;24880;63
20260310 041500;24883;24890;24883;24889;34
20260310 041600;24890.5;24892.5;24885.75;24892.5;39
20260310 041700;24892.75;24894.25;24882;24886;75
20260310 041800;24886.75;24893.25;24886.5;24887.5;39
20260310 041900;24888.75;24895.5;24888;24894.5;41
20260310 042000;24896;24905.5;24895.5;24902.25;127
20260310 042100;24903.75;24906.5;24900.75;24905.75;70
20260310 042200;24904.5;24905;24897.25;24899.5;93
20260310 042300;24901.25;24904.5;24899;24901;43
20260310 042400;24899.75;24901.75;24898;24899;29
20260310 042500;24900;24900;24896;24898.5;36
20260310 042600;24898.25;24899.5;24895.75;24899.25;47
20260310 042700;24897.25;24904.75;24897.25;24899.25;64
20260310 042800;24898.75;24900.5;24887.75;24891.5;118
20260310 042900;24891;24891;24885;24885.5;65
20260310 043000;24885;24887.5;24884.5;24886.75;22
20260310 043100;24888.75;24892.5;24884;24884.5;82
20260310 043200;24883;24900.5;24879.25;24900.5;80
20260310 043300;24900;24900;24894;24896;39
20260310 043400;24894;24900;24892.75;24898;36
20260310 043500;24897.25;24897.5;24894.25;24894.25;27
20260310 043600;24893.25;24893.25;24887.5;24891.5;33
20260310 043700;24894;24897;24892.5;24896.5;35
20260310 043800;24895.75;24899.5;24893;24897.5;33
20260310 043900;24897.5;24912.75;24897.5;24908.5;106
20260310 044000;24909.75;24916.25;24906.25;24915.25;108
20260310 044100;24914.25;24919.75;24914;24918.25;67
20260310 044200;24917.25;24918;24914.5;24917.5;86
20260310 044300;24917.75;24919.5;24911.25;24915;90
20260310 044400;24914.5;24914.5;24904;24907;47
20260310 044500;24907.5;24908.5;24904.75;24906;34
20260310 044600;24905.25;24910;24905.25;24906.75;23
20260310 044700;24905.5;24909.75;24902;24909.75;62
20260310 044800;24910.75;24912;24905.25;24907;24
20260310 044900;24907.5;24910;24903.5;24908.25;28
20260310 045000;24908;24910.75;24907.75;24909;33
20260310 045100;24908.25;24908.5;24896.25;24896.25;67
20260310 045200;24896.5;24896.5;24882.5;24890.5;176
20260310 045300;24890.75;24891.25;24885;24885;50
20260310 045400;24885.75;24888.5;24884;24888.5;34
20260310 045500;24889.25;24889.75;24884.5;24887.25;37
20260310 045600;24886.75;24893.5;24885.5;24892.75;28
20260310 045700;24893.75;24897.25;24892;24894.5;94
20260310 045800;24893.5;24901.75;24891.75;24899.5;34
20260310 045900;24900.5;24907;24900.25;24907;40
20260310 050000;24906.75;24912.75;24901.25;24903.75;93
20260310 050100;24905;24912;24903.75;24910;50
20260310 050200;24911.25;24941.25;24911.25;24938.5;239
20260310 050300;24938;24944.5;24934.5;24936.5;134
20260310 050400;24937.5;24946.5;24933;24944;89
20260310 050500;24945;24948.75;24941;24944;83
20260310 050600;24945;24952;24938;24949.25;119
20260310 050700;24949;24957.5;24937;24941.5;124
20260310 050800;24939;24942.5;24935.5;24942.5;65
20260310 050900;24939.75;24939.75;24932;24936.25;36
20260310 051000;24935.5;24945.75;24933.75;24945.75;49
20260310 051100;24946.25;24955.5;24946.25;24946.25;100
20260310 051200;24947;24950.25;24943.25;24945.5;43
20260310 051300;24945.75;24945.75;24941.25;24942.25;60
20260310 051400;24944;24945;24938.5;24940.25;49
20260310 051500;24941.25;24942.25;24939;24939.25;31
20260310 051600;24942.5;24948.5;24941.25;24941.5;39
20260310 051700;24941;24943;24937.75;24938.25;28
20260310 051800;24938.75;24938.75;24934.5;24935.5;29
20260310 051900;24935.75;24936;24928.5;24936;71
20260310 052000;24938.25;24943.5;24937.25;24937.25;48
20260310 052100;24938.25;24942;24937.25;24940;36
20260310 052200;24940.5;24943.25;24934.75;24937.5;61
20260310 052300;24937.5;24944;24934.5;24943.25;43
20260310 052400;24944.75;24945.25;24928.25;24928.5;109
20260310 052500;24928.25;24930.5;24920.5;24922.25;102
20260310 052600;24921.5;24933;24918.5;24932.5;81
20260310 052700;24933;24938.25;24930.75;24934.75;38
20260310 052800;24934.75;24936;24931.75;24932;20
20260310 052900;24931.75;24931.75;24924.75;24928.5;28
20260310 053000;24928.5;24934;24928.5;24934;30
20260310 053100;24935.25;24946.75;24920.25;24945.75;326
20260310 053200;24945;24951.25;24942.25;24950.75;132
20260310 053300;24949.25;24949.25;24941.75;24942.25;66
20260310 053400;24943;24953.5;24943;24947.5;54
20260310 053500;24946.5;24951.25;24944.75;24949.75;38
20260310 053600;24949.25;24949.5;24942.25;24943;40
20260310 053700;24942;24944;24937;24938.25;58
20260310 053800;24937.5;24937.5;24930;24933.75;77
20260310 053900;24936.75;24940.75;24935.5;24940.75;15
20260310 054000;24942;24943;24938;24940;27
20260310 054100;24940.5;24941.25;24936;24936;51
20260310 054200;24936.5;24940;24933.75;24938.25;35
20260310 054300;24940.5;24943;24936;24942.5;33
20260310 054400;24940.25;24945;24938.5;24942.5;41
20260310 054500;24941.25;24942.25;24938.25;24942.25;28
20260310 054600;24942.5;24942.75;24936.75;24936.75;33
20260310 054700;24935;24943.75;24934.5;24943;35
20260310 054800;24944.75;24946.75;24944;24945;34
20260310 054900;24944.75;24953;24944.75;24952.25;34
20260310 055000;24951;24951;24945;24948.25;35
20260310 055100;24948.5;24953.75;24947;24953.75;49
20260310 055200;24954.75;24957.25;24948;24954;84
20260310 055300;24951.25;24955;24949.5;24954.5;31
20260310 055400;24955.25;24961.5;24950.75;24951.25;86
20260310 055500;24952.25;24954.5;24950;24951;22
20260310 055600;24950.25;24956.5;24949.5;24951;37
20260310 055700;24952;24954;24951.75;24952.5;18
20260310 055800;24954.75;24956.5;24953.25;24955.5;16
20260310 055900;24958.25;24963;24952.75;24954.25;59
20260310 060000;24956.5;24958;24954.25;24955.5;14
20260310 060100;24957.5;24961;24954;24955.5;69
20260310 060200;24958.75;24961.5;24952.75;24955.75;48
20260310 060300;24960;24965.75;24959.5;24962;73
20260310 060400;24963.75;24967;24961.75;24963.5;59
20260310 060500;24964.75;24966.5;24964;24965;22
20260310 060600;24964.5;24966.75;24962.25;24966.75;51
20260310 060700;24966.25;24967.5;24956;24958.5;53
20260310 060800;24956.25;24960;24953.25;24955;102
20260310 060900;24955.75;24962;24952.25;24955.5;53
20260310 061000;24956.25;24960;24956.25;24959;14
20260310 061100;24958.25;24959.75;24952;24955.25;21
20260310 061200;24955.75;24958.75;24955.25;24956.75;54
20260310 061300;24954.75;24956.25;24951.25;24953;15
20260310 061400;24953.75;24959.5;24953.75;24959.5;33
20260310 061500;24959.25;24963.75;24957.5;24961.5;22
20260310 061600;24961.25;24964;24957.75;24961.75;26
20260310 061700;24963.25;24963.25;24948.75;24950.25;97
20260310 061800;24949.75;24953.75;24948.25;24949.5;36
20260310 061900;24949.75;24951;24944.75;24944.75;63
20260310 062000;24946;24949;24943.75;24947;38
20260310 062100;24947.5;24948.5;24942;24948;44
20260310 062200;24948.25;24948.25;24941;24941;37
20260310 062300;24942.5;24947;24941.5;24945;38
20260310 062400;24943.75;24945.25;24942.25;24945.25;12
20260310 062500;24945.5;24951.25;24945.5;24951.25;32
20260310 062600;24950;24955;24946.75;24946.75;60
20260310 062700;24949.25;24951.5;24947;24947.25;67
20260310 062800;24948.5;24955.25;24948.5;24953.25;35
20260310 062900;24953.25;24953.25;24947.25;24948.75;22
20260310 063000;24952.5;24966;24951.75;24965.25;93
20260310 063100;24964;24986.25;24964;24978.5;346
20260310 063200;24978.5;24982;24974.75;24977;150
20260310 063300;24978.75;24979.75;24973;24973.5;89
20260310 063400;24973.5;24979.75;24972;24975.25;62
20260310 063500;24974.75;24978.25;24971.5;24975;68
20260310 063600;24973;24977.25;24972;24972.5;75
20260310 063700;24972;24978;24963.75;24966.75;159
20260310 063800;24965;24971.25;24964;24970.75;79
20260310 063900;24971;24976.25;24968.5;24968.75;79
20260310 064000;24969.5;24970.25;24960.75;24964;73
20260310 064100;24961.75;24963;24956.75;24960.25;71
20260310 064200;24959.75;24963.75;24959.25;24963.25;40
20260310 064300;24963.5;24966.75;24960.75;24962;44
20260310 064400;24964;24964.75;24958;24958.75;33
20260310 064500;24959;24966.25;24957;24959;70
20260310 064600;24958.5;24959.75;24951.25;24953.25;78
20260310 064700;24953;24961.25;24949.75;24956.5;113
20260310 064800;24956;24962;24954.75;24958.5;88
20260310 064900;24958.5;24961.5;24955.5;24956;72
20260310 065000;24955;24957.5;24953;24957.5;58
20260310 065100;24955.75;24961.25;24953.75;24959.75;105
20260310 065200;24959.25;24960;24950.25;24952.25;85
20260310 065300;24952;24953.75;24943.25;24945;128
20260310 065400;24945;24949.75;24943.75;24946.25;59
20260310 065500;24946.75;24947.75;24945;24947.25;20
20260310 065600;24949;24952;24945;24950;27
20260310 065700;24951;24952.75;24949;24952.75;14
20260310 065800;24951.5;24955.25;24951.25;24953.75;27
20260310 065900;24955;24958;24953.75;24958;39
20260310 070000;24958;24958;24952.75;24954.5;41
20260310 070100;24953;24954.25;24939;24946;189
20260310 070200;24946.25;24965.25;24944.5;24965.25;118
20260310 070300;24966;24976.5;24965.75;24967;130
20260310 070400;24967.25;24982.25;24967.25;24981.75;147
20260310 070500;24981.5;24988.25;24980;24986.25;188
20260310 070600;24987.5;25018.75;24986.5;25017.25;585
20260310 070700;25016.75;25019.75;25006;25008.25;292
20260310 070800;25007.5;25007.5;24991.75;24992;352
20260310 070900;24991.5;24993.75;24986;24989.25;136
20260310 071000;24990.25;25002.25;24984;25001.75;110
20260310 071100;25002.75;25007.25;24997.5;24997.5;115
20260310 071200;24998.5;25000;24984.25;24987.25;79
20260310 071300;24988;24990.5;24981;24989.5;82
20260310 071400;24989.5;24994;24986;24988.75;83
20260310 071500;24989;24996;24988.25;24990;135
20260310 071600;24988.5;24998.25;24987.25;24992.75;86
20260310 071700;24994.25;24999.5;24993.25;24996;101
20260310 071800;24995;25001.25;24992.5;24999;88
20260310 071900;25000.75;25003.75;24989.25;24993.75;107
20260310 072000;24991.75;25005.5;24991.5;25005.25;95
20260310 072100;25006.75;25023;25001;25018.5;258
20260310 072200;25018.75;25031;25017.75;25025.5;347
20260310 072300;25025.5;25031.25;25019.5;25027.25;213
20260310 072400;25028.75;25037.25;25026;25033;216
20260310 072500;25031.5;25048.25;25030.5;25039.25;321
20260310 072600;25039.25;25050.5;25038.5;25048.75;272
20260310 072700;25048.5;25051;25043.25;25049;153
20260310 072800;25048.5;25065.75;25045;25052.75;528
20260310 072900;25052.25;25061.25;25046.75;25058.25;217
20260310 073000;25057.75;25064.75;25057.5;25060;111
20260310 073100;25058.75;25065;25058;25064.5;190
20260310 073200;25064;25069.25;25058.5;25069.25;254
20260310 073300;25068.75;25076.5;25050.5;25050.5;349
20260310 073400;25050.75;25056.75;25045;25049.75;191
20260310 073500;25049;25053.25;25038.5;25041;163
20260310 073600;25041.5;25043.5;25032.75;25033.75;95
20260310 073700;25032.5;25036;25024;25029.25;137
20260310 073800;25027.75;25036.75;25026.5;25033.75;110
20260310 073900;25033.75;25041.5;25033;25038.75;100
20260310 074000;25038.5;25041.75;25034;25039.25;100
20260310 074100;25039;25041.25;25032;25035;145
20260310 074200;25033.5;25042;25033;25040;101
20260310 074300;25039;25045.25;25036;25044.5;118
20260310 074400;25043.75;25053.25;25043;25047.5;341
20260310 074500;25047.5;25059;25047.25;25056.75;123
20260310 074600;25056;25059.75;25052;25055.75;109
20260310 074700;25056;25064.5;25053.75;25054.75;118
20260310 074800;25054.75;25061.5;25053.75;25061.5;108
20260310 074900;25061.25;25065.75;25060;25061;90
20260310 075000;25062.5;25074.75;25061.5;25071.75;143
20260310 075100;25071.25;25073;25062.25;25066.75;193
20260310 075200;25066.25;25067.25;25055.25;25060.5;161
20260310 075300;25061.5;25063;25056.5;25056.75;68
20260310 075400;25057.25;25058.5;25049.25;25052;151
20260310 075500;25052.5;25056;25047;25047;113
20260310 075600;25046.75;25056;25044.5;25047.25;147
20260310 075700;25050;25057.75;25046.25;25053.5;90
20260310 075800;25053.25;25056.25;25047.75;25055.75;95
20260310 075900;25057;25064.25;25055.25;25057.25;104
20260310 080000;25061;25075.25;25059;25072.5;251
20260310 080100;25073;25089.5;25066.75;25082;672
20260310 080200;25080;25085.5;25070;25070.25;304
20260310 080300;25070.5;25080.25;25063.5;25071;340
20260310 080400;25071.5;25085;25068.25;25081;240
20260310 080500;25080.25;25093.5;25074;25089.75;350
20260310 080600;25089.75;25099;25084.75;25093.25;350
20260310 080700;25092;25096;25082;25084;257
20260310 080800;25083.25;25116.25;25083.25;25113.25;786
20260310 080900;25113.5;25150;25111.75;25141.25;972
20260310 081000;25139.25;25150.5;25129.75;25139.75;564
20260310 081100;25138.5;25143.5;25121;25123;360
20260310 081200;25121.75;25123.5;25112.5;25115.5;289
20260310 081300;25115.25;25123.5;25110;25113.75;222
20260310 081400;25113;25117.75;25106.25;25116.5;209
20260310 081500;25116;25120.25;25110.25;25114.5;175
20260310 081600;25113;25122.75;25111.5;25118.25;209
20260310 081700;25118.75;25127.75;25118.5;25119.5;181
20260310 081800;25120;25120.25;25103;25103.75;200
20260310 081900;25102.5;25110.5;25098.75;25110.25;189
20260310 082000;25109.5;25130;25105;25125;244
20260310 082100;25124.75;25131.5;25113.75;25129.25;251
20260310 082200;25129.25;25134.5;25117.5;25120;199
20260310 082300;25119.25;25121;25111.5;25111.5;165
20260310 082400;25112.5;25122.5;25111.25;25114.75;165
20260310 082500;25115;25126.25;25115;25125;135
20260310 082600;25124.25;25128.75;25119.5;25122.25;97
20260310 082700;25123;25123;25109.25;25110.5;212
20260310 082800;25110.75;25132.5;25110.25;25131.5;133
20260310 082900;25132.5;25133.75;25121.25;25127.75;263
20260310 083000;25127.75;25136.5;25122.75;25123.75;168
20260310 083100;25123.5;25134.75;25122.25;25134.75;148
20260310 083200;25132.75;25135.75;25118.75;25120.25;142
20260310 083300;25120.5;25122.25;25113.75;25117.5;187
20260310 083400;25118.75;25121.25;25112.5;25116.75;87
20260310 083500;25117.75;25125;25113;25123.75;103
20260310 083600;25123.5;25135.75;25121;25133.75;107
20260310 083700;25134;25141.25;25132.25;25135;232
20260310 083800;25136.5;25142.25;25133.75;25140;149
20260310 083900;25139.5;25141;25131.75;25139;175
20260310 084000;25139.5;25146;25135.25;25137.5;147
20260310 084100;25138.25;25140.75;25135.75;25137.75;152
20260310 084200;25138.25;25140;25125.75;25131.25;199
20260310 084300;25132.25;25134.25;25128;25132.25;142
20260310 084400;25131.25;25136.25;25125.25;25125.25;229
20260310 084500;25129.25;25131;25126.25;25127.25;119
20260310 084600;25127.5;25134;25125;25133.5;168
20260310 084700;25133.75;25136.5;25128.5;25134;135
20260310 084800;25133.75;25135;25130;25131.5;123
20260310 084900;25132.25;25138.5;25126.5;25127.5;106
20260310 085000;25127.5;25133.5;25124;25124.75;139
20260310 085100;25125.5;25125.5;25112.75;25112.75;300
20260310 085200;25113;25113.75;25091.25;25091.25;368
20260310 085300;25090.25;25104;25088;25102;227
20260310 085400;25100.5;25101.5;25092;25099.25;201
20260310 085500;25098.75;25105.75;25095;25103.5;216
20260310 085600;25103;25108.5;25096;25097;143
20260310 085700;25099.25;25101;25089.5;25096;196
20260310 085800;25095.75;25097;25085;25085.25;108
20260310 085900;25085.5;25089.75;25081.5;25084.75;151
20260310 090000;25085.25;25090;25078.25;25087.75;196
20260310 090100;25088;25097.25;25080.75;25093.5;211
20260310 090200;25093.5;25106;25093.25;25099.5;163
20260310 090300;25100.75;25102.5;25097.25;25100;95
20260310 090400;25101.75;25105.25;25099.5;25102;149
20260310 090500;25101.25;25111.75;25099.5;25111.75;117
20260310 090600;25109.5;25117.25;25108.5;25114;131
20260310 090700;25112;25118.75;25110.5;25113.5;113
20260310 090800;25115.5;25122;25115;25122;71
20260310 090900;25119.5;25122;25116.75;25119.5;166
20260310 091000;25120.25;25129;25120.25;25126;116
20260310 091100;25125.75;25134;25124.5;25133.5;130
20260310 091200;25132.75;25133;25114.5;25118.25;175
20260310 091300;25117.75;25124;25116.25;25122.75;51
20260310 091400;25123.75;25126.75;25117;25120.75;105
20260310 091500;25122;25126.5;25119.5;25121.25;51
20260310 091600;25122.5;25123.25;25110.75;25120.5;121
20260310 091700;25121.5;25123;25108;25108;108
20260310 091800;25109;25113;25108.75;25111;103
20260310 091900;25111.75;25122;25108.75;25122;93
20260310 092000;25122.25;25124.25;25110.5;25111;110
20260310 092100;25110;25111.25;25101.5;25107.25;176
20260310 092200;25108.5;25111;25103.5;25108.75;56
20260310 092300;25108.75;25113.5;25098.25;25101;143
20260310 092400;25102;25107.75;25099.5;25101.75;93
20260310 092500;25101.75;25107.75;25097.25;25103.75;72
20260310 092600;25105.5;25110.25;25100.5;25101.75;94
20260310 092700;25100;25105;25096;25100.25;89
20260310 092800;25100.5;25103.25;25094;25097.5;83
20260310 092900;25098.75;25106.5;25097.25;25105.5;58
20260310 093000;25107;25112.75;25104.25;25107;105
20260310 093100;25107.75;25111.25;25105.25;25108;93
20260310 093200;25110;25115.5;25108.75;25111.75;87
20260310 093300;25113.75;25117.25;25109;25116.75;78
20260310 093400;25117.75;25122;25112;25113.5;108
20260310 093500;25115.75;25115.75;25103;25104.75;133
20260310 093600;25103.75;25119.5;25101.5;25119.5;96
20260310 093700;25119.25;25128;25118.5;25118.5;132
20260310 093800;25118;25122.75;25112;25116;92
20260310 093900;25116.25;25117;25099.25;25101.5;165
20260310 094000;25104.25;25110.25;25104.25;25105.5;76
20260310 094100;25104.25;25107.5;25100.5;25105;91
20260310 094200;25104;25118.75;25103.75;25113.25;146
20260310 094300;25113.75;25116.5;25111;25115.5;57
20260310 094400;25113.5;25117.75;25109;25117.75;102
20260310 094500;25119;25119;25114.5;25115.25;97
20260310 094600;25113.75;25115.25;25106;25109.75;121
20260310 094700;25109;25111.25;25105;25105.75;106
20260310 094800;25104.75;25107;25097.5;25100.75;157
20260310 094900;25101.5;25104.75;25095.25;25100;181
20260310 095000;25098.5;25101.75;25091.5;25096;126
20260310 095100;25095.75;25113.25;25092.75;25112;163
20260310 095200;25112.25;25117.5;25106.5;25109.75;133
20260310 095300;25112;25113.25;25105;25108;83
20260310 095400;25111.75;25111.75;25101.75;25104.75;116
20260310 095500;25102.25;25107.25;25102.25;25105;46
20260310 095600;25105;25111.25;25099.25;25100;87
20260310 095700;25099.5;25102.25;25089.25;25092.25;133
20260310 095800;25090.75;25098.5;25087.5;25091;162
20260310 095900;25090.75;25095;25085;25095;90
20260310 100000;25093;25096.5;25089;25089.5;182
20260310 100100;25090.5;25095.75;25077;25080.75;405
20260310 100200;25081.75;25082.25;25069.25;25072;180
20260310 100300;25072.25;25083.75;25072.25;25080;168
20260310 100400;25082;25082.75;25073.75;25076.75;117
20260310 100500;25077.75;25081.25;25074.5;25080;106
20260310 100600;25081.25;25083;25075.5;25076;141
20260310 100700;25075.75;25078.25;25072;25073.25;157
20260310 100800;25074;25081.25;25073.5;25076.25;91
20260310 100900;25076;25076;25054;25057.25;272
20260310 101000;25057.5;25077.5;25057.25;25076;198
20260310 101100;25076.25;25076.25;25064.25;25065.25;135
20260310 101200;25066;25073.75;25062;25065.75;150
20260310 101300;25065.75;25076.25;25061.5;25074.5;187
20260310 101400;25073.25;25075.25;25063.5;25071.25;148
20260310 101500;25069;25070.75;25062;25064.5;112
20260310 101600;25062.75;25075;25062.25;25074.25;130
20260310 101700;25075.5;25078.25;25058.5;25058.5;131
20260310 101800;25060.5;25061.25;25052.75;25056.25;136
20260310 101900;25058.25;25063;25056.5;25062.25;121
20260310 102000;25064;25065;25046.5;25051.75;214
20260310 102100;25051.5;25056.5;25045;25050.25;170
20260310 102200;25049.25;25061.75;25048;25061.25;153
20260310 102300;25062.25;25063.75;25051.5;25057.75;161
20260310 102400;25057;25065.5;25048.25;25065.25;117
20260310 102500;25066.5;25068;25056.75;25062.75;131
20260310 102600;25064.75;25066;25061.5;25063.75;84
20260310 102700;25065.5;25070.25;25060;25062;145
20260310 102800;25065.25;25066.5;25060.5;25061;70
20260310 102900;25062;25077;25061.5;25075.5;113
20260310 103000;25077;25081.75;25075;25078.5;167
20260310 103100;25079.5;25092;25079.25;25090.75;261
20260310 103200;25090;25091.25;25077;25079;207
20260310 103300;25076;25076.75;25065.25;25072.75;136
20260310 103400;25072.5;25077.25;25067;25075;58
20260310 103500;25075.5;25075.5;25064.5;25067.5;83
20260310 103600;25068;25073;25065;25065;86
20260310 103700;25063.5;25065.25;25044;25044;471
20260310 103800;25045;25049;25031.25;25032.75;327
20260310 103900;25034;25044.75;25020.25;25026.5;399
20260310 104000;25025.75;25040.25;25021.5;25035.5;281
20260310 104100;25037.75;25046;25032;25040.25;163
20260310 104200;25039.75;25050;25038.5;25048.75;232
20260310 104300;25049;25056.5;25044.5;25055;170
20260310 104400;25055.5;25063.75;25049.25;25050.25;214
20260310 104500;25048.25;25065;25046.75;25063.5;155
20260310 104600;25063.5;25064;25049.5;25056;138
20260310 104700;25055.25;25055.25;25045.75;25048.25;88
20260310 104800;25047.25;25050.25;25044.5;25050;79
20260310 104900;25048;25058.25;25047.25;25054.5;59
20260310 105000;25054;25055;25044.75;25050.5;106
20260310 105100;25051.5;25054;25048.5;25048.5;95
20260310 105200;25050;25066.5;25046.75;25061.5;197
20260310 105300;25064.5;25073.25;25063.5;25066.25;146
20260310 105400;25066.25;25067.75;25061.75;25063;111
20260310 105500;25062.25;25063.5;25056.75;25059;62
20260310 105600;25055.75;25067.75;25050;25061.25;89
20260310 105700;25061.75;25067.5;25060.25;25061.75;43
20260310 105800;25061.75;25069;25060.75;25069;39
20260310 105900;25067.75;25069.25;25063.5;25064.5;67
20260310 110000;25066;25069;25064;25066;46
20260310 110100;25065.25;25069;25051.75;25054.5;244
20260310 110200;25055.75;25063.75;25048.5;25049;119
20260310 110300;25049.75;25052.75;25040.5;25044.5;239
20260310 110400;25045.25;25047.75;25039.25;25046.25;99
20260310 110500;25045.5;25109;25043.75;25101;1437
20260310 110600;25101;25106;25086.25;25104.5;575
20260310 110700;25102.25;25103.25;25066.75;25077.75;508
20260310 110800;25077.25;25078.25;25057;25062;296
20260310 110900;25064.25;25067.5;25045.5;25049.75;225
20260310 111000;25050.5;25050.75;25028.5;25035.5;467
20260310 111100;25036.25;25043;25032.5;25035;289
20260310 111200;25035.25;25038.75;25024.25;25029;363
20260310 111300;25028.5;25035;25022;25024;125
20260310 111400;25025;25028.75;25019.5;25026;197
20260310 111500;25025.25;25025.75;25005.25;25008.25;285
20260310 111600;25009;25019;25003.75;25005.25;232
20260310 111700;25006.25;25015;25006.25;25015;106
20260310 111800;25013.75;25022;25011.5;25014;172
20260310 111900;25014.75;25018;25004;25004;163
20260310 112000;25005;25009.5;24995.75;24997.5;239
20260310 112100;24998.25;25008;24994.75;25003.5;164
20260310 112200;25004.25;25015.25;25001.5;25014.25;127
20260310 112300;25012.25;25019;25007.25;25017;134
20260310 112400;25018;25022.75;25013.25;25022.75;209
20260310 112500;25022.75;25023.5;25016.75;25022.75;82
20260310 112600;25024.25;25028.75;25018.5;25024.25;154
20260310 112700;25024;25028.25;25021.25;25022.75;74
20260310 112800;25023.5;25023.5;25017.5;25022;52
20260310 112900;25023;25023;25007.75;25010.5;111
20260310 113000;25011.25;25026;25011.25;25023.5;135
20260310 113100;25024;25027;25016.75;25019.25;109
20260310 113200;25016.5;25016.5;25000;25000;193
20260310 113300;25000.75;25004.75;24998;25002;108
20260310 113400;25001.75;25011.5;25001.25;25005.25;134
20260310 113500;25006;25008;25000.75;25004.25;110
20260310 113600;25003.5;25014.25;25003.25;25010.75;84
20260310 113700;25011.25;25017.5;25001.75;25001.75;96
20260310 113800;25002.25;25006;24994.75;25004.5;224
20260310 113900;25004.25;25007;25000.25;25004.25;65
20260310 114000;25006.25;25006.25;24997;24998.5;54
20260310 114100;24997.25;25001;24994.75;24998.5;150
20260310 114200;24997.25;25006.75;24988.5;25004.25;240
20260310 114300;25003;25003;24987.5;24987.5;180
20260310 114400;24989.25;24990.25;24973.75;24976.25;433
20260310 114500;24976.25;24985.25;24967;24973.5;299
20260310 114600;24973.75;24980.25;24965;24966.5;257
20260310 114700;24967.75;24970;24959.75;24965.5;232
20260310 114800;24964.25;24975.25;24958.75;24969.75;220
20260310 114900;24969.5;24972.25;24967.25;24968.75;62
20260310 115000;24970.75;24975.25;24966.25;24970.25;126
20260310 115100;24970.25;24979.5;24970.25;24979;148
20260310 115200;24978.25;24986.5;24975.5;24983.5;170
20260310 115300;24986.75;24993;24985;24989;106
20260310 115400;24990.5;24990.75;24980.75;24985.5;122
20260310 115500;24987.5;24987.5;24976;24979.25;155
20260310 115600;24978.25;24983;24967;24970.25;175
20260310 115700;24970;24975;24959.25;24961.5;186
20260310 115800;24963.5;24978.75;24960.25;24978.5;161
20260310 115900;24977;24984.75;24975.5;24982.25;362
20260310 120000;24982.5;24982.5;24968;24972;350
20260310 120100;24972.75;24975.5;24965.25;24967.5;184
20260310 120200;24966.5;24966.5;24950.5;24951.75;273
20260310 120300;24951.25;24962.25;24948;24948;231
20260310 120400;24949;24958;24941.5;24947.75;492
20260310 120500;24947.5;24950;24934;24934.75;406
20260310 120600;24934.25;24937.5;24917.5;24919.75;543
20260310 120700;24920.25;24938.25;24912.25;24936.25;707
20260310 120800;24936;24938.25;24911.75;24914.5;458
20260310 120900;24915.5;24934;24910.5;24912;709
20260310 121000;24913;24917;24900.5;24912.25;385
20260310 121100;24911.75;24916.5;24904.25;24914.75;434
20260310 121200;24916.75;24923.75;24906.5;24923;287
20260310 121300;24921.75;24930.75;24918.5;24929.75;258
20260310 121400;24929.25;24935;24928;24929;225
20260310 121500;24928.5;24938;24924.5;24931.5;170
20260310 121600;24932;24933.75;24924.5;24925.75;125
20260310 121700;24924.75;24933.5;24920.25;24920.25;232
20260310 121800;24920.25;24926;24918;24926;143
20260310 121900;24925.5;24926.75;24914.5;24921.5;211
20260310 122000;24920.5;24924;24914;24918.25;128
20260310 122100;24918.25;24932.75;24917.75;24926.25;242
20260310 122200;24927;24935;24916.75;24933.75;207
20260310 122300;24934.25;24950;24934.25;24946.25;399
20260310 122400;24946;24950.25;24941.5;24944;194
20260310 122500;24943.5;24945.25;24936.25;24938.5;247
20260310 122600;24937.5;24946.25;24929.75;24941.75;190
20260310 122700;24940.5;24944.25;24933.75;24934;123
20260310 122800;24934;24943.5;24932.25;24943.25;99
20260310 122900;24942.75;24943.25;24930.25;24934;189
20260310 123000;24932.75;24932.75;24917.75;24919;217
20260310 123100;24919.25;24921.75;24894;24896.75;504
20260310 123200;24897;24908.25;24892;24900.75;328
20260310 123300;24902.25;24920.75;24900.5;24918.25;281
20260310 123400;24918;24931.5;24915.75;24930.25;269
20260310 123500;24932;24934.75;24918;24927.25;290
20260310 123600;24928.75;24946.25;24927.75;24945.75;318
20260310 123700;24944.25;24944.5;24932.25;24940.25;178
20260310 123800;24940.75;24944;24932.5;24940.5;173
20260310 123900;24940.25;24949.5;24937.5;24946.25;231
20260310 124000;24946.25;24946.5;24935.5;24935.5;203
20260310 124100;24936.75;24949.75;24933.25;24949.25;181
20260310 124200;24949.5;24956.5;24949.25;24949.75;336
20260310 124300;24949.25;24960;24947.75;24956.25;267
20260310 124400;24955.25;24960;24954.75;24957.25;165
20260310 124500;24957.25;24959.75;24948;24950.25;276
20260310 124600;24950.5;24969;24949;24966.25;284
20260310 124700;24966.25;24976.5;24963.75;24973.5;382
20260310 124800;24974;24979.75;24964.75;24968;271
20260310 124900;24967.25;24974.25;24965.25;24971.25;268
20260310 125000;24970;24990;24969;24983.75;546
20260310 125100;24984.25;24986.5;24977.5;24979;189
20260310 125200;24977;24980.25;24969;24975.75;178
20260310 125300;24973.5;24978;24970.75;24976.25;180
20260310 125400;24976.25;24996.75;24974.25;24995.25;455
20260310 125500;24994.75;24995.5;24984.25;24984.25;467
20260310 125600;24984.75;24999.5;24984;24995.5;328
20260310 125700;24995.75;24997;24980.75;24983;251
20260310 125800;24982.25;24982.75;24969;24969.5;267
20260310 125900;24969.75;24969.75;24961;24968.25;256
20260310 130000;24967.5;24974.75;24966.25;24968.5;220
20260310 130100;24970.25;24991.25;24970.25;24982.75;775
20260310 130200;24981.25;24985.25;24967.75;24977.5;370
20260310 130300;24976.25;24984;24976;24981;167
20260310 130400;24980;24982.5;24974;24977.75;197
20260310 130500;24977.75;24977.75;24968;24968;201
20260310 130600;24969.75;24979.25;24966;24972;220
20260310 130700;24971.25;24982;24961.75;24964.75;309
20260310 130800;24964.5;24971.5;24958.75;24963.75;220
20260310 130900;24963.75;24967.75;24961.25;24967.25;144
20260310 131000;24966;24977.5;24962.75;24977.5;190
20260310 131100;24976.75;24987.75;24974.75;24980.5;302
20260310 131200;24980.25;24982.25;24973.25;24979.25;189
20260310 131300;24978.5;24979;24962.25;24968.5;195
20260310 131400;24968.75;24976.25;24968.75;24972;102
20260310 131500;24973;24973.75;24965.5;24970;144
20260310 131600;24970.5;24983.75;24969;24973;261
20260310 131700;24973.75;24976;24965.5;24970.25;255
20260310 131800;24969;24979.75;24968.5;24969.75;273
20260310 131900;24971.25;24979.25;24967.75;24979;254
20260310 132000;24979.5;24981.25;24974;24978.5;130
20260310 132100;24978.25;24986.5;24974.25;24981.25;204
20260310 132200;24982.5;24990;24975.75;24983.75;339
20260310 132300;24982.75;24986.25;24980;24983.25;175
20260310 132400;24984.5;25001.25;24980;24994.75;416
20260310 132500;24996.25;25007.75;24993.5;25000.75;429
20260310 132600;25002;25008.25;24996;25001.25;409
20260310 132700;25001.75;25004.5;24989.25;24991.25;340
20260310 132800;24990.5;25003;24989.5;24997;415
20260310 132900;24998.75;25003.75;24993.5;24999.5;541
20260310 133000;24999.5;25000;24984;24990.25;857
20260310 133100;24990.75;25066.5;24990.5;25046.5;5570
20260310 133200;25046.5;25071;25028.5;25063.5;2503
20260310 133300;25062.25;25081.75;25051.75;25067;2350
20260310 133400;25067.5;25069.5;25003.5;25003.5;2714
20260310 133500;25004.25;25042;25003.75;25024.75;1833
20260310 133600;25025;25035.25;24993;24997;2325
20260310 133700;24996.75;25032.25;24994;25009.75;1620
20260310 133800;25010;25021;24993.75;25003;1241
20260310 133900;25003.25;25037.75;24996.75;25018.25;1701
20260310 134000;25019;25034.75;25012.5;25014.5;1184
20260310 134100;25014;25038.5;25004;25023.5;1765
20260310 134200;25023.25;25037.75;24982.5;25007;2062
20260310 134300;25007.5;25008.5;24968;24980.25;1932
20260310 134400;24980.25;24990.75;24962;24963.5;1371
20260310 134500;24964.5;25036.25;24959.5;25029.25;2563
20260310 134600;25029.25;25035.25;25009.5;25012.25;1784
20260310 134700;25012.75;25051;25001;25049;2289
20260310 134800;25049;25056.5;24995;24998.25;1948
20260310 134900;24999.25;25038.25;24998.75;25023.5;1288
20260310 135000;25021.25;25046.5;25003.75;25046.5;1381
20260310 135100;25046.25;25050;25025.25;25046;1383
20260310 135200;25045;25045;25022.25;25028.75;900
20260310 135300;25030.25;25038.25;25007.25;25015;1073
20260310 135400;25014.5;25039.75;25010.75;25029.25;1167
20260310 135500;25029;25032;24990;24993;1261
20260310 135600;24993.5;25002.75;24980;24984.75;1520
20260310 135700;24984.75;24997.75;24967.25;24971.75;1529
20260310 135800;24972.5;24982.75;24955;24975;1762
20260310 135900;24975.25;24981.25;24947.25;24955;1450
20260310 140000;24954.5;24971.75;24947.75;24962.25;1030
20260310 140100;24964.75;24968;24927.5;24930.75;2252
20260310 140200;24929.25;24958.75;24920;24954;2366
20260310 140300;24954.75;24976.75;24952.5;24954.5;1470
20260310 140400;24955.25;24956.25;24926.75;24930.25;1716
20260310 140500;24931.5;24969.75;24930.5;24966.25;1641
20260310 140600;24965.75;24993.25;24963;24986.75;1794
20260310 140700;24988.5;24998;24960.25;24965;1559
20260310 140800;24965.25;24967.5;24923;24924.75;1621
20260310 140900;24924.25;24930.75;24912.5;24922;1329
20260310 141000;24923.5;24923.5;24895;24902;1917
20260310 141100;24901.75;24927;24898;24915;1663
20260310 141200;24913.25;24921;24901.25;24905.75;1052
20260310 141300;24906.5;24939.5;24906.5;24932;1270
20260310 141400;24932.75;24935.25;24915.5;24933.25;865
20260310 141500;24933.75;24942;24928.5;24931;808
20260310 141600;24931;24934.5;24902.75;24904.75;1663
20260310 141700;24905.75;24923;24892.25;24913.25;2259
20260310 141800;24914.25;24928;24907.25;24921.5;1380
20260310 141900;24921.25;24930;24904.75;24923;1119
20260310 142000;24922.5;24960.25;24920;24952.25;1950
20260310 142100;24951.25;24971.75;24944.25;24971.25;1431
20260310 142200;24970.25;24983.5;24960.75;24983.25;1235
20260310 142300;24982.25;24996.75;24973;24996;1420
20260310 142400;24995.5;24996.5;24972.5;24992.75;1151
20260310 142500;24993.25;24993.75;24968;24979;1009
20260310 142600;24980.75;25011.75;24979.5;25004.75;1657
20260310 142700;25005;25024;25003.25;25022.75;1442
20260310 142800;25023;25024.75;24999.5;25004;1313
20260310 142900;25003.5;25020.75;25001.75;25008.5;1069
20260310 143000;25009;25009.5;24989;25003.5;1120
20260310 143100;25003.75;25038.75;25001.75;25035.25;2082
20260310 143200;25035;25039.5;25011;25019;910
20260310 143300;25020;25034.5;25017.75;25033.25;703
20260310 143400;25032.5;25043.5;25028.25;25043;709
20260310 143500;25042.75;25062.5;25033.25;25054;1553
20260310 143600;25054;25058;25038;25056;1151
20260310 143700;25055.75;25066;25051.75;25064.5;910
20260310 143800;25064;25076.25;25055.5;25064.75;1178
20260310 143900;25065;25079;25060.25;25078.75;933
20260310 144000;25078;25092.5;25069.25;25091.5;1429
20260310 144100;25091.75;25093.75;25075;25084.25;1229
20260310 144200;25083.75;25097;25073;25097;1133
20260310 144300;25098;25107.25;25087.5;25104.75;1714
20260310 144400;25103.5;25116.25;25097;25108;1364
20260310 144500;25107.25;25108.25;25096.25;25102.75;1150
20260310 144600;25103.25;25116.75;25088.5;25095.5;1528
20260310 144700;25095.25;25102;25088.5;25100;878
20260310 144800;25100.25;25105;25085.5;25087.5;1028
20260310 144900;25087.5;25108.75;25085.5;25105.5;792
20260310 145000;25105.5;25116;25101.25;25115.75;863
20260310 145100;25115.5;25121.75;25111.25;25113.75;906
20260310 145200;25114.75;25122;25108.5;25114.5;873
20260310 145300;25114.5;25121;25110.5;25119.25;1058
20260310 145400;25120;25130;25111.75;25128.5;802
20260310 145500;25128.75;25130.75;25124.5;25128;631
20260310 145600;25128.25;25134.75;25124;25133.25;877
20260310 145700;25132.5;25143.25;25131.5;25141;964
20260310 145800;25140.75;25146.25;25136.5;25144.5;949
20260310 145900;25145;25147.75;25137.5;25142.25;959
20260310 150000;25141.5;25152.75;25136.75;25151.25;987
20260310 150100;25151.25;25165;25144;25165;2442
20260310 150200;25164.75;25179.75;25161.25;25174;1822
20260310 150300;25174;25182;25169.75;25176;1057
20260310 150400;25176.75;25177;25164.75;25170.75;1375
20260310 150500;25171.5;25177;25163;25168.75;1368
20260310 150600;25168.75;25170;25147;25157.75;1580
20260310 150700;25158;25158.75;25137.5;25141.75;1352
20260310 150800;25142.5;25145.5;25137.25;25141;696
20260310 150900;25140.5;25144.75;25130.5;25133.5;817
20260310 151000;25133.5;25136;25126.25;25130.5;820
20260310 151100;25131;25133.25;25122.25;25129;839
20260310 151200;25129;25145;25125.25;25142.75;1050
20260310 151300;25143;25144;25132.25;25133.75;523
20260310 151400;25134;25134.25;25117.75;25121.75;833
20260310 151500;25122;25135;25121.5;25125.5;600
20260310 151600;25125.5;25144;25123.25;25136.5;819
20260310 151700;25136;25146.25;25132.5;25143.25;715
20260310 151800;25143;25165.25;25142;25160.25;1143
20260310 151900;25159;25170.25;25158.75;25168;689
20260310 152000;25167;25172.25;25164;25170;733
20260310 152100;25169.5;25177.5;25160.75;25167.5;1032
20260310 152200;25168.25;25169;25154.25;25167.5;889
20260310 152300;25167;25167.25;25146.75;25153.25;1021
20260310 152400;25153.25;25157.5;25147.25;25153.75;623
20260310 152500;25153.75;25154;25143.25;25151.75;415
20260310 152600;25151.75;25159;25145.75;25151.75;602
20260310 152700;25152.5;25155;25143.5;25151.75;581
20260310 152800;25152.25;25156;25147.5;25149.25;532
20260310 152900;25148.75;25152;25142.75;25148.5;479
20260310 153000;25149.75;25149.75;25138.5;25143.25;775
20260310 153100;25143.5;25146.75;25131;25137;882
20260310 153200;25136;25141.75;25126.5;25130;795
20260310 153300;25129.5;25130.5;25115;25121.75;836
20260310 153400;25121;25131.5;25117;25117;967
20260310 153500;25117.5;25125.25;25109.75;25115.5;964
20260310 153600;25115.5;25131.5;25115.5;25128.75;680
20260310 153700;25128;25130;25113;25118;609
20260310 153800;25119;25136;25117;25136;779
20260310 153900;25135;25139;25128;25134.75;558
20260310 154000;25133.5;25136;25125.5;25133;478
20260310 154100;25133;25144.5;25126.5;25127;811
20260310 154200;25127.25;25144.75;25124;25144;687
20260310 154300;25143.75;25165;25143.5;25163.25;1046
20260310 154400;25164;25172.25;25155.5;25160.75;928
20260310 154500;25161;25162;25146.75;25149.5;1768
20260310 154600;25150.75;25157.25;25143;25147.5;943
20260310 154700;25147.75;25156;25143.75;25144.75;593
20260310 154800;25144.25;25144.25;25121.25;25137.25;1332
20260310 154900;25136.25;25144;25134.75;25137;484
20260310 155000;25136.5;25148;25133.75;25137.25;481
20260310 155100;25138.25;25163.75;25138;25152;988
20260310 155200;25152.25;25153.75;25140.75;25144.25;500
20260310 155300;25144.5;25148.75;25140;25143.25;483
20260310 155400;25143;25146.75;25139.25;25144.5;404
20260310 155500;25144.25;25144.5;25133.25;25136.5;473
20260310 155600;25135;25140.5;25131.25;25134.75;406
20260310 155700;25134.5;25148.25;25128;25147;574
20260310 155800;25147.75;25156;25143;25145.5;803
20260310 155900;25146.75;25147;25139.75;25143.5;717
20260310 160000;25143;25152.75;25143;25148.75;420
20260310 160100;25149.5;25150.5;25125.75;25130.25;771
20260310 160200;25130.5;25135.75;25125.25;25126.75;510
20260310 160300;25127.5;25137;25125;25134.5;462
20260310 160400;25133.25;25134;25115;25118.5;639
20260310 160500;25119;25126.75;25107;25116;713
20260310 160600;25116;25117;25090;25092.5;1060
20260310 160700;25092.5;25095.5;25081.5;25091.75;1116
20260310 160800;25092;25095.5;25080.25;25084;687
20260310 160900;25083.75;25094.5;25083.75;25091.5;920
20260310 161000;25092.75;25103;25082.25;25100.25;1003
20260310 161100;25100.25;25125.25;25094.75;25121.75;1072
20260310 161200;25121.25;25130;25120;25124.75;707
20260310 161300;25125.25;25129.25;25097;25097.5;792
20260310 161400;25097.5;25112.5;25095.75;25112.5;595
20260310 161500;25112.75;25119.75;25108.75;25114.75;451
20260310 161600;25114.75;25118.5;25107.25;25114;520
20260310 161700;25113.75;25123.75;25107.75;25121.25;470
20260310 161800;25120;25122.5;25112.75;25114.5;334
20260310 161900;25114.75;25147;25114.5;25144.25;921
20260310 162000;25144.75;25148.5;25132;25136;1057
20260310 162100;25136.5;25137.75;25125.5;25132.75;665
20260310 162200;25133.25;25134;25109;25109.5;699
20260310 162300;25110.5;25128;25107.5;25123.75;874
20260310 162400;25123.5;25133.25;25118.75;25121.25;672
20260310 162500;25121.25;25133;25119.5;25131.5;381
20260310 162600;25130.5;25163.25;25129;25151.5;1547
20260310 162700;25151.75;25155.25;25145.25;25150.75;610
20260310 162800;25149.25;25158.75;25145.5;25152.75;511
20260310 162900;25152.5;25152.5;25132;25132;708
20260310 163000;25132.75;25133.75;25120.25;25131.75;968
20260310 163100;25131.75;25148.25;25131.75;25142.75;1166
20260310 163200;25143.5;25157.25;25138.5;25151;650
20260310 163300;25150.25;25158.5;25147.5;25148.75;667
20260310 163400;25149;25149.75;25137.25;25140.25;959
20260310 163500;25140.75;25155;25139.75;25154;486
20260310 163600;25154.25;25161;25151.25;25154.5;792
20260310 163700;25155;25164;25153.5;25160.5;475
20260310 163800;25160.5;25160.5;25151.25;25158;459
20260310 163900;25158;25163.5;25144.5;25149;495
20260310 164000;25149.5;25162.75;25148.5;25161;430
20260310 164100;25160.25;25162.75;25153;25158.25;400
20260310 164200;25158.5;25159.5;25151.25;25152.75;319
20260310 164300;25152.5;25159;25147.5;25148.5;417
20260310 164400;25148.5;25150.75;25145;25150;346
20260310 164500;25150;25163.25;25148.5;25161.25;517
20260310 164600;25161.75;25162.75;25134.75;25137.5;742
20260310 164700;25137;25138.5;25123.25;25131;831
20260310 164800;25131;25133;25122.75;25127.75;514
20260310 164900;25128;25130;25117.75;25122.25;532
20260310 165000;25122.75;25144;25122;25129.5;802
20260310 165100;25130;25135.75;25123;25126.25;533
20260310 165200;25126;25144.25;25121;25142.5;482
20260310 165300;25142.5;25169;25139.5;25168;1171
20260310 165400;25167.75;25169.25;25150;25153.5;802
20260310 165500;25154;25161.25;25150.5;25161;610
20260310 165600;25160.75;25162.75;25154;25156.75;596
20260310 165700;25156.75;25163.75;25153.75;25160;484
20260310 165800;25160;25167.5;25156.5;25158.5;672
20260310 165900;25158.5;25163;25149.75;25157.25;591
20260310 170000;25157;25159.25;25153;25156.25;292
20260310 170100;25155.75;25156.75;25145.75;25147.75;884
20260310 170200;25148.25;25167;25147.5;25166.25;553
20260310 170300;25165.75;25174.75;25160.5;25172.75;1024
20260310 170400;25172;25177;25166;25168;638
20260310 170500;25168.5;25170;25161.5;25167.25;634
20260310 170600;25168;25179.5;25163.25;25177;1014
20260310 170700;25177;25178.75;25170;25173;840
20260310 170800;25173;25180;25170;25171.75;736
20260310 170900;25170.75;25174;25166.25;25171;628
20260310 171000;25171.25;25171.5;25153.75;25163.75;775
20260310 171100;25162.5;25173.75;25161.5;25172;559
20260310 171200;25172.75;25174;25165;25165.5;528
20260310 171300;25165.25;25169.5;25151.75;25154.5;1327
20260310 171400;25154.5;25157;25145.75;25153.5;1028
20260310 171500;25154;25158.75;25150.75;25157.25;421
20260310 171600;25158.5;25172.75;25156;25166;1028
20260310 171700;25166;25185.5;25165.5;25181.75;1195
20260310 171800;25181;25191.75;25178;25188.75;1206
20260310 171900;25188.75;25196.25;25185;25192.5;1213
20260310 172000;25191.75;25199.75;25190.75;25198;717
20260310 172100;25197.75;25198.25;25184.5;25185.75;1038
20260310 172200;25186;25192.75;25182.25;25190;749
20260310 172300;25188.75;25194;25183.75;25186.5;762
20260310 172400;25186.75;25196.5;25181.5;25192.25;752
20260310 172500;25192;25201.25;25190.5;25196;924
20260310 172600;25196.25;25198.5;25191.75;25196.25;877
20260310 172700;25195.75;25197;25191.5;25196.25;526
20260310 172800;25196;25209.5;25196;25206.5;1048
20260310 172900;25206.25;25217.5;25204;25215.5;849
20260310 173000;25215.5;25215.75;25210;25212.75;540
20260310 173100;25212;25212;25193;25194.75;1170
20260310 173200;25195.75;25198.25;25185.25;25191;838
20260310 173300;25191;25200.75;25184;25200.25;892
20260310 173400;25200.25;25202;25165.25;25176;1696
20260310 173500;25176.5;25179.75;25159;25162;1156
20260310 173600;25162.75;25169.25;25139.75;25142.5;1377
20260310 173700;25141.25;25160;25136;25136.5;1083
20260310 173800;25136.25;25136.25;25110;25115.25;2013
20260310 173900;25115.5;25120;25102.25;25111.5;1603
20260310 174000;25111.5;25135.75;25103.75;25134.75;1697
20260310 174100;25133.75;25142;25123;25127;978
20260310 174200;25128.25;25160;25126.5;25149.5;1115
20260310 174300;25150.75;25154.25;25131.5;25141.25;778
20260310 174400;25141;25151.25;25137.25;25140;648
20260310 174500;25140.25;25143.5;25125.5;25134.5;627
20260310 174600;25135.75;25140.5;25129.25;25135;559
20260310 174700;25135.25;25138.25;25127.75;25137.5;573
20260310 174800;25137.25;25160;25135;25154;778
20260310 174900;25156;25179;25154.75;25175.25;1146
20260310 175000;25175.25;25180;25161;25161.75;864
20260310 175100;25161.5;25168.75;25159;25164;481
20260310 175200;25163.5;25178.75;25163.5;25177;561
20260310 175300;25177.5;25187.75;25174.75;25183.5;786
20260310 175400;25183.25;25186.5;25175.25;25180.25;629
20260310 175500;25180;25182.5;25172.75;25179.5;436
20260310 175600;25179.25;25181.5;25170;25174.5;479
20260310 175700;25173.5;25174.75;25155.25;25162;627
20260310 175800;25162.25;25175.5;25161.25;25172.25;469
20260310 175900;25172.5;25180.5;25171;25178.75;514
20260310 180000;25177.5;25178;25168.75;25170.25;339
20260310 180100;25169.75;25174.75;25159.5;25165.75;650
20260310 180200;25165.5;25174;25163.75;25165.5;430
20260310 180300;25166;25177.25;25165.25;25169;437
20260310 180400;25168.75;25178;25162.5;25174.75;438
20260310 180500;25174.25;25181;25171.5;25174.75;427
20260310 180600;25175;25176.25;25163;25167;474
20260310 180700;25168.5;25169.5;25150;25153.25;736
20260310 180800;25154;25161.5;25151.75;25153.25;430
20260310 180900;25153.5;25159.25;25149.25;25150;427
20260310 181000;25151;25152;25139.75;25147.25;634
20260310 181100;25147.25;25155;25137.5;25138.5;586
20260310 181200;25138.75;25150.5;25136;25148.5;677
20260310 181300;25148;25168.25;25146.75;25159.5;1272
20260310 181400;25158.75;25169.25;25116.5;25120.5;2259
20260310 181500;25120.25;25120.25;25036.5;25038.5;6056
20260310 181600;25039;25077.5;25025.25;25060;3851
20260310 181700;25059.75;25086.75;25033.75;25044;3117
20260310 181800;25043.5;25060.25;25011.75;25029.5;2973
20260310 181900;25029.25;25058;25015;25017.25;2063
20260310 182000;25017.5;25033.25;25000;25016.75;1919
20260310 182100;25016;25049.75;24994;25016.5;2116
20260310 182200;25016.25;25029.75;24987.75;24992.75;1359
20260310 182300;24992.75;25024.75;24988;25023.25;2036
20260310 182400;25023.25;25040;25008.75;25031.25;1426
20260310 182500;25031.75;25060;25027.25;25030.75;1419
20260310 182600;25032.5;25058.25;25028.25;25047.25;970
20260310 182700;25047.5;25086;25047.5;25084.75;1415
20260310 182800;25084.75;25103.25;25065.25;25090.75;1600
20260310 182900;25090;25094;25066.75;25081.25;986
20260310 183000;25081;25089.75;25061.5;25068;812
20260310 183100;25067;25087.25;25048;25074;1300
20260310 183200;25074.25;25107;25071.5;25086;1430
20260310 183300;25085.75;25099.75;25079.5;25092.25;743
20260310 183400;25092;25098.5;25067.75;25074;670
20260310 183500;25075.5;25087.75;25068;25082.75;547
20260310 183600;25081.75;25090;25038.5;25040;1750
20260310 183700;25042;25081.5;25027;25071.75;1657
20260310 183800;25071.5;25097.5;25056.25;25090.5;992
20260310 183900;25090.25;25096;25065.25;25068.75;737
20260310 184000;25072;25075;25046.5;25047.75;670
20260310 184100;25047.25;25053.5;25030.25;25035.25;1235
20260310 184200;25034.5;25045.5;25024.5;25040;1064
20260310 184300;25040.5;25069.25;25038.5;25062;896
20260310 184400;25061.75;25070.25;25054;25056;511
20260310 184500;25056.5;25061;25037;25038;575
20260310 184600;25036.5;25056.75;25030;25033.25;1084
20260310 184700;25034;25054;25031;25041.75;595
20260310 184800;25041.25;25066;25041.25;25046.75;698
20260310 184900;25046.25;25058.5;25045.5;25050;381
20260310 185000;25049.25;25059.5;25042.75;25047.25;435
20260310 185100;25048;25080;25044.25;25075.5;995
20260310 185200;25077;25087;25058.25;25062;602
20260310 185300;25061.25;25069.25;25053.5;25056.5;534
20260310 185400;25056;25056;25034;25037.5;656
20260310 185500;25037;25058;25031.5;25050.5;674
20260310 185600;25051.25;25062.75;25027.5;25031.5;592
20260310 185700;25031.25;25047.5;25028.5;25037.25;453
20260310 185800;25037.25;25042;25028.25;25038.25;471
20260310 185900;25038;25041.25;25026.25;25032.75;419
20260310 190000;25032;25036.25;25027;25030;428
20260310 190100;25030.25;25039.5;25018.75;25020.75;885
20260310 190200;25021.5;25035;25019.5;25029;556
20260310 190300;25029.25;25032.5;25018.5;25024.75;520
20260310 190400;25022.75;25037.25;25015.25;25035.75;669
20260310 190500;25037.75;25045;25022.5;25022.5;736
20260310 190600;25022.25;25039.25;25019.75;25032.5;687
20260310 190700;25033.25;25035.75;25013.5;25017.25;529
20260310 190800;25017;25034.75;25009.25;25033;878
20260310 190900;25032.75;25046.75;25028.5;25041.75;918
20260310 191000;25043;25049.75;25037.25;25039;392
20260310 191100;25039;25039.75;25022.5;25036;597
20260310 191200;25036;25037.25;25013;25022.25;683
20260310 191300;25023;25029.5;25018.25;25019;333
20260310 191400;25020;25032.5;25019;25031.5;297
20260310 191500;25032.25;25052;25031;25046.75;706
20260310 191600;25046.75;25055;25040;25043.75;689
20260310 191700;25044;25050.75;25036.5;25050;780
20260310 191800;25050;25061.75;25045.25;25054;623
20260310 191900;25054.75;25069;25053.75;25067.25;508
20260310 192000;25067.75;25072.5;25057.5;25063.75;656
20260310 192100;25063;25068.25;25035.75;25042.5;1422
20260310 192200;25043.5;25045.75;25003;25017.5;2025
20260310 192300;25017.25;25038;25010;25035;1018
20260310 192400;25034.25;25058;25028;25041.75;1396
20260310 192500;25042.25;25044;25026;25038.25;1009
20260310 192600;25038.25;25038.75;25013.75;25016.25;1181
20260310 192700;25016;25017.25;24988;24994.75;1886
20260310 192800;24995;25016;24985.5;25006.75;1963
20260310 192900;25007.5;25015.25;24999;25005.75;727
20260310 193000;25007;25014.5;24986.25;24987.75;845
20260310 193100;24988.75;24989.5;24966.25;24975.25;1598
20260310 193200;24975.75;24998.25;24972;24976.75;1177
20260310 193300;24976.75;24992.75;24970.5;24992.5;712
20260310 193400;24992;24998;24984;24984;856
20260310 193500;24984.25;24985.75;24966;24974.75;961
20260310 193600;24975.5;24981.5;24963;24963.25;990
20260310 193700;24963.75;24972.5;24957.25;24970.25;880
20260310 193800;24971.25;24988.5;24968.75;24976.5;1024
20260310 193900;24976.75;24990.25;24972.5;24986.5;705
20260310 194000;24987;25002.5;24982.5;24994.75;774
20260310 194100;24994.25;25034;24967.25;25018.25;2958
20260310 194200;25018;25023.75;24982.25;24984.5;1485
20260310 194300;24985.5;25015.25;24978.75;25012.5;983
20260310 194400;25012.25;25016.75;24999;25011.75;622
20260310 194500;25010.75;25012.25;24988.5;24993.5;558
20260310 194600;24992.5;25006.25;24989.5;24992;639
20260310 194700;24991.75;24994.75;24983.25;24987.25;632
20260310 194800;24988;24991.5;24970.75;24974;630
20260310 194900;24974.25;24975;24955.75;24958.25;989
20260310 195000;24958.75;24968.75;24952.5;24964.5;894
20260310 195100;24965;24974.5;24940.25;24956.75;1766
20260310 195200;24957.5;24964.25;24941.25;24942.5;708
20260310 195300;24942.25;24972.75;24941.25;24954.25;1540
20260310 195400;24953.75;24967.25;24952;24955;722
20260310 195500;24954.75;24969;24949.75;24966.25;960
20260310 195600;24966.5;24983.5;24950.75;24957.75;1368
20260310 195700;24957.75;24958.25;24948;24955.25;648
20260310 195800;24955;24968;24946;24962.5;954
20260310 195900;24963;24977.75;24960;24971.75;1506
20260310 200000;24971.5;24990.5;24964;24983;6086
20260310 200100;24983;25000;24983;24996;1909
20260310 200200;24997.25;25007.5;24987.5;24992.5;917
20260310 200300;24993.25;24995.5;24986.25;24989;439
20260310 200400;24989.5;24995.75;24986.75;24989;320
20260310 200500;24989.25;24999.25;24988.25;24993.75;270
20260310 200600;24993.5;25010.25;24993.5;25007;379
20260310 200700;25006.75;25010.75;25003.25;25008.25;330
20260310 200800;25008.5;25018;25004;25015.5;718
20260310 200900;25016.25;25016.5;25009;25011.75;369
20260310 201000;25011.5;25012.5;25004.5;25009.25;204
20260310 201100;25009.5;25012.5;25002.25;25007;267
20260310 201200;25007.5;25017.5;25006.25;25016.5;288
20260310 201300;25015.75;25027;25014.75;25025.5;289
20260310 201400;25025.5;25032.5;25021;25031;478
20260310 201500;25031.75;25039;25031.75;25032.75;429
20260310 201600;25034;25034;25019.75;25024.75;444
20260310 201700;25025;25028.5;25016.25;25017;218
20260310 201800;25017.75;25021.5;25012;25021.5;274
20260310 201900;25021.75;25028.25;25018.75;25021.25;197
20260310 202000;25020;25020.5;25017.25;25019;83
20260310 202100;25020.75;25034;25020.25;25029.25;223
20260310 202200;25029.75;25032;25024.25;25026.5;343
20260310 202300;25026.25;25027.75;25021;25026;83
20260310 202400;25026.25;25027.5;25023.5;25027;57
20260310 202500;25026;25029.5;25023.25;25027.5;97
20260310 202600;25028;25028.75;25025;25025;99
20260310 202700;25024.5;25024.5;25018.5;25021.75;90
20260310 202800;25021;25023.75;25018.5;25022.75;63
20260310 202900;25025;25026.25;25021.75;25025;56
20260310 203000;25025;25027.5;25022;25023.5;66
20260310 203100;25024.75;25029;25024.75;25027.75;50
20260310 203200;25028.5;25029;25025;25025;52
20260310 203300;25025.25;25028;25019.75;25021.25;220
20260310 203400;25021.5;25023;25018;25019.25;107
20260310 203500;25020;25022.25;25017.5;25020.75;151
20260310 203600;25020.75;25024.25;25018;25018;105
20260310 203700;25018;25018;25011;25014.25;119
20260310 203800;25015.25;25018.25;25014;25015.75;103
20260310 203900;25017;25018.25;25012.75;25013;149
20260310 204000;25013;25016.25;25011;25014;117
20260310 204100;25013.75;25018.5;25013;25016.5;101
20260310 204200;25016.75;25018;25008.75;25016.5;210
20260310 204300;25015.5;25018;25013.5;25016.5;109
20260310 204400;25016.25;25018.5;25013.75;25018.5;53
20260310 204500;25018.75;25019.25;25014.5;25017.25;75
20260310 204600;25017.5;25026.5;25014.5;25022.25;231
20260310 204700;25022.5;25022.5;25017.75;25017.75;121
20260310 204800;25018.25;25022;25018.25;25022;64
20260310 204900;25022.5;25023.25;25020.25;25021.75;66
20260310 205000;25021.25;25021.25;25017;25018;101
20260310 205100;25018.75;25020.25;25014.75;25016.75;105
20260310 205200;25017.25;25020;25015;25015.75;98
20260310 205300;25016;25016.25;25013;25016;155
20260310 205400;25015.5;25017;25012.5;25016;53
20260310 205500;25016.5;25017.25;24993;25007.5;470
20260310 205600;25007;25010.75;25005.5;25009.75;99
20260310 205700;25009.75;25013;25007.75;25012;68
20260310 205800;25013;25015;25008;25011.75;136
20260310 205900;25012.75;25013;25002;25005.5;108
20260310 210000;25006.5;25013;25005.25;25010.5;69
20260310 220100;25010.25;25016.5;24991.25;24992.25;336
20260310 220200;24994.5;25001.75;24985.75;24994.25;239
20260310 220300;24995.5;25001;24980.75;24993.75;160
20260310 220400;24993.75;25001;24993.75;24997.25;97
20260310 220500;24997.25;25004.5;24992.25;24998;100
20260310 220600;24999;25002;24992.5;24994.75;63
20260310 220700;24995;24995.25;24985.25;24992.5;69
20260310 220800;24991.5;24991.5;24986;24987.75;62
20260310 220900;24986.5;24988.75;24985;24987.25;25
20260310 221000;24987.25;24990.5;24983.25;24990.5;79
20260310 221100;24989.75;24989.75;24985.25;24985.25;38
20260310 221200;24986.5;24996;24986;24993.75;71
20260310 221300;24993.5;24997.75;24992.5;24996.75;42
20260310 221400;24997;25014.75;24996;25010;204
20260310 221500;25010;25015.5;25008;25013;67
20260310 221600;25013.25;25018.5;25013;25013;116
20260310 221700;25012.25;25012.25;25000.75;25003.5;121
20260310 221800;25002.25;25002.25;24993;24993.5;128
20260310 221900;24994;24998;24985.75;24986.25;172
20260310 222000;24986.5;24997.25;24984.75;24993.25;128
20260310 222100;24992.75;24997.5;24989.25;24994;57
20260310 222200;24995.5;24999;24991.75;24993;49
20260310 222300;24994.5;24995;24993;24994.25;82
20260310 222400;24993.5;25000.75;24993.25;25000.5;64
20260310 222500;25000.75;25004;24996.25;24996.25;81
20260310 222600;24997.25;24997.25;24992.75;24994.5;30
20260310 222700;24994.25;24994.25;24983.5;24987.25;142
20260310 222800;24985.75;24988;24984;24984;44
20260310 222900;24984.75;24984.75;24975.25;24977.5;163
20260310 223000;24976.75;24978.5;24967.5;24971.25;176
20260310 223100;24971.75;24976.25;24971.75;24973.5;63
20260310 223200;24974.25;24977.75;24969.25;24970.25;73
20260310 223300;24970.5;24972;24964.5;24965.75;99
20260310 223400;24967.5;24975;24966.25;24966.25;98
20260310 223500;24967;24968;24965;24966.25;24
20260310 223600;24968.75;24970;24964.5;24970;42
20260310 223700;24969.75;24969.75;24963.5;24964.75;41
20260310 223800;24965;24965.5;24957;24958.75;156
20260310 223900;24958.25;24961.5;24956.75;24959.75;72
20260310 224000;24960.5;24961;24956;24960.5;47
20260310 224100;24959.5;24963;24959.25;24962;68
20260310 224200;24961;24963.5;24960.25;24960.5;29
20260310 224300;24960;24960.75;24953.75;24954.5;90
20260310 224400;24954.5;24959;24952.25;24956.75;93
20260310 224500;24955.5;24955.75;24951.5;24953;55
20260310 224600;24954.25;24956.75;24953.75;24955.5;66
20260310 224700;24955;24960.5;24953.75;24960;65
20260310 224800;24959.5;24959.5;24956;24958;29
20260310 224900;24958.25;24959;24955.25;24955.25;41
20260310 225000;24955.75;24959.5;24955;24955.5;48
20260310 225100;24959.25;24960;24956;24959.75;22
20260310 225200;24959;24962.5;24957.25;24960.75;52
20260310 225300;24961.75;24963.5;24960.75;24962.5;34
20260310 225400;24963;24965;24961.75;24963.5;52
20260310 225500;24962.25;24963.25;24958.5;24959.25;26
20260310 225600;24959;24960;24955.75;24958.5;38
20260310 225700;24956.75;24960;24955.5;24958.25;14
20260310 225800;24958.25;24960;24956.25;24959.5;17
20260310 225900;24960.5;24963;24959.25;24963;14
20260310 230000;24963;24970.25;24962.25;24970.25;60
20260310 230100;24969.75;24975.25;24967.75;24968.5;113
20260310 230200;24969.5;24970;24966.5;24968.5;39
20260310 230300;24967.5;24969.5;24963.75;24969.25;24
20260310 230400;24968.25;24972.5;24966.25;24972.5;40
20260310 230500;24970.75;24970.75;24967;24967;27
20260310 230600;24967.25;24971;24966.5;24970;52
20260310 230700;24970.75;24972.75;24969.25;24972;58
20260310 230800;24971.5;24975;24970;24974;46
20260310 230900;24974;24975;24968.75;24970.5;80
20260310 231000;24969.25;24976.75;24969.25;24976.5;43
20260310 231100;24976.75;24977.5;24974.75;24977;62
20260310 231200;24976;24976;24971.5;24973.5;40
20260310 231300;24974;24983.25;24974;24981.25;107
20260310 231400;24981;24981.5;24978;24978.5;43
20260310 231500;24981.25;24986.5;24981.25;24984;88
20260310 231600;24984;24988.75;24984;24987;63
20260310 231700;24987;24990.25;24983.5;24983.75;61
20260310 231800;24982.75;24984.25;24980.75;24984.25;28
20260310 231900;24984.25;24986.75;24982;24984.75;44
20260310 232000;24984.25;24986;24984;24985.25;21
20260310 232100;24988;24990;24986.25;24988;34
20260310 232200;24986.25;24989.5;24986.25;24987.75;10
20260310 232300;24988.75;24993;24988.75;24991.75;61
20260310 232400;24991.75;24992.25;24989;24989.75;44
20260310 232500;24989;24990.75;24988.25;24989.5;17
20260310 232600;24990.5;24994;24987.75;24989.75;79
20260310 232700;24989.75;24989.75;24983.25;24986.25;81
20260310 232800;24986.75;24988;24984.25;24986.75;45
20260310 232900;24985;24985;24978.25;24982;103
20260310 233000;24982.25;24987.25;24982.25;24985.25;59
20260310 233100;24985.75;24986;24979.5;24982.75;53
20260310 233200;24984.25;24986.5;24982;24982.25;40
20260310 233300;24982;24984.5;24979.75;24981.25;92
20260310 233400;24981.25;24981.25;24976.25;24976.75;56
20260310 233500;24976.75;24978.25;24975;24978.25;78
20260310 233600;24978.75;24981.5;24976;24978;56
20260310 233700;24978.25;24980;24975.25;24975.25;71
20260310 233800;24975.5;24981.25;24975.5;24977.75;55
20260310 233900;24977.25;24978.75;24976.5;24977.5;10
20260310 234000;24977.75;24983.5;24977.75;24983.5;33
20260310 234100;24983;24985.75;24982.25;24984.75;35
20260310 234200;24984.5;24985.5;24979.25;24979.75;21
20260310 234300;24978.75;24979.75;24976.25;24976.5;18
20260310 234400;24976;24979;24975.75;24977.25;28
20260310 234500;24977.75;24982.5;24977.75;24979.75;64
20260310 234600;24979.75;24991.75;24979.5;24990.5;88
20260310 234700;24991.75;25000;24991.5;24995.75;111
20260310 234800;24996.5;24999.75;24992;24997.25;55
20260310 234900;24998.75;24999;24992.5;24993.75;33
20260310 235000;24993;25001.25;24992.75;25001.25;135
20260310 235100;25000.5;25024.25;25000;25019.75;405
20260310 235200;25020;25025.5;25019.5;25019.75;159
20260310 235300;25019.25;25020.5;25011.25;25015.5;127
20260310 235400;25014;25015.75;25009.25;25014.5;133
20260310 235500;25014.5;25019.75;25011.5;25017.75;107
20260310 235600;25018.25;25021.25;25014.5;25015.25;50
20260310 235700;25015.5;25024.75;25015.5;25021.25;90
20260310 235800;25021.75;25025;25019.75;25023.5;120
20260310 235900;25022.75;25023.25;25020;25020;28
20260311 000000;25019.5;25021.25;25015;25016;37
20260311 000100;25019.5;25030.75;25018.5;25027;125
20260311 000200;25026.5;25029.5;25019.25;25029.25;60
20260311 000300;25027.75;25027.75;25020.5;25023.75;52
20260311 000400;25022;25023.5;25018;25020.5;48
20260311 000500;25018.5;25021.25;25014.75;25016.5;79
20260311 000600;25018;25023.5;25009.75;25018.25;85
20260311 000700;25020;25033;25020;25032.75;156
20260311 000800;25031.5;25033;25028;25031.75;73
20260311 000900;25032;25038;25026.75;25036.25;103
20260311 001000;25035.5;25072.5;25035.25;25059;700
20260311 001100;25060.25;25065;25038;25039.5;420
20260311 001200;25038;25046.25;25034.75;25046.25;150
20260311 001300;25046.75;25056.25;25046.75;25055.5;114
20260311 001400;25053.75;25068;25052.25;25065.25;200
20260311 001500;25067.75;25069.25;25057.25;25058;142
20260311 001600;25059;25063.25;25049;25053;154
20260311 001700;25053;25072;25053;25071;213
20260311 001800;25071.75;25081;25065;25069.75;406
20260311 001900;25070;25071.75;25063.75;25070.25;128
20260311 002000;25068.25;25072.75;25067.25;25067.75;76
20260311 002100;25067;25070;25057.5;25058.75;94
20260311 002200;25059.5;25061.5;25051.25;25054;118
20260311 002300;25055.25;25056;25052;25052;38
20260311 002400;25052.75;25056.25;25052.75;25055.75;38
20260311 002500;25054;25065.75;25052;25065;87
20260311 002600;25065;25078.25;25065;25076;181
20260311 002700;25075;25086;25073;25084.5;171
20260311 002800;25084.5;25085.5;25079.5;25079.75;122
20260311 002900;25078;25081;25069.75;25073.25;157
20260311 003000;25072;25075;25068.5;25069.25;54
20260311 003100;25068.75;25073;25065.5;25071.25;100
20260311 003200;25069.75;25076.75;25062;25064.75;126
20260311 003300;25065.25;25065.25;25060;25064.25;102
20260311 003400;25063.25;25069;25063;25067.25;65
20260311 003500;25066.75;25070.25;25066.25;25067.5;55
20260311 003600;25065;25069.75;25062.75;25063.75;44
20260311 003700;25063.25;25063.25;25056.75;25060.5;91
20260311 003800;25059.5;25067.25;25059;25064;43
20260311 003900;25064.75;25064.75;25055.25;25059;59
20260311 004000;25063.5;25065.25;25061.25;25062.75;28
20260311 004100;25064.25;25064.25;25057.5;25059;28
20260311 004200;25059.75;25060.5;25056.5;25058;40
20260311 004300;25058;25059.25;25056.25;25057.75;40
20260311 004400;25058;25058;25055;25056;56
20260311 004500;25055.5;25063.75;25053;25059.75;88
20260311 004600;25061;25076.5;25060.25;25073.75;170
20260311 004700;25074.25;25074.25;25065.5;25065.5;43
20260311 004800;25066.25;25067.25;25062.75;25064;27
20260311 004900;25065.25;25065.75;25058.25;25058.25;36
20260311 005000;25057.25;25057.25;25053;25055;68
20260311 005100;25056.25;25056.25;25052;25053.75;31
20260311 005200;25055;25060.5;25054.75;25060;41
20260311 005300;25059.25;25061.75;25057.25;25058.75;26
20260311 005400;25057.75;25065;25057.5;25063.5;33
20260311 005500;25064.25;25069.25;25064.25;25066;50
20260311 005600;25066.25;25067.5;25061.5;25066;45
20260311 005700;25067;25067;25064;25064;16
20260311 005800;25065.25;25065.25;25061.25;25061.25;37
20260311 005900;25060;25062;25058.25;25058.25;25
20260311 010000;25059.5;25062;25058.5;25062;9
20260311 010100;25063.5;25071.5;25062.5;25062.5;118
20260311 010200;25064;25072.75;25060.5;25072;134
20260311 010300;25071.25;25071.75;25065.75;25066.5;63
20260311 010400;25066;25066.75;25051;25053.75;92
20260311 010500;25053.25;25061.5;25053.25;25060.5;82
20260311 010600;25060.25;25063.5;25058.75;25060.75;32
20260311 010700;25062.75;25066.5;25062.5;25063.25;41
20260311 010800;25064.5;25072.5;25064.5;25071;75
20260311 010900;25068.75;25070.5;25064.5;25065.5;41
20260311 011000;25064;25065;25059;25062;66
20260311 011100;25061.75;25065;25061.25;25065;61
20260311 011200;25066.25;25071;25066.25;25069;42
20260311 011300;25069.5;25069.5;25065.25;25065.25;35
20260311 011400;25066.5;25070.75;25066;25070.5;27
20260311 011500;25071;25078.25;25067.25;25076.5;140
20260311 011600;25075.5;25077.5;25071;25071;53
20260311 011700;25071;25077.5;25071;25076.5;63
20260311 011800;25076.25;25081;25074.75;25078;83
20260311 011900;25079.25;25079.75;25075.25;25075.75;57
20260311 012000;25075.75;25081.25;25073.25;25080;47
20260311 012100;25081;25082.25;25079.25;25081.25;59
20260311 012200;25080.25;25081;25075.5;25080;65
20260311 012300;25081;25082.5;25076.5;25077.25;23
20260311 012400;25077;25078.5;25074.75;25075.5;31
20260311 012500;25076.75;25079.75;25075.75;25078.5;40
20260311 012600;25078.25;25080.75;25073;25073;82
20260311 012700;25072.25;25075.25;25070.75;25072;42
20260311 012800;25074.75;25077.5;25072.75;25074.5;32
20260311 012900;25075.5;25076;25074.5;25076;9
20260311 013000;25076;25077;25073.5;25076.25;13
20260311 013100;25074;25074.75;25072.5;25073.75;16
20260311 013200;25076;25082;25076;25079.25;71
20260311 013300;25079.75;25085.5;25078.5;25081.75;71
20260311 013400;25081.5;25083.75;25079.75;25083;45
20260311 013500;25082.5;25086;25080.75;25083;87
20260311 013600;25082.5;25083;25080;25081.5;67
20260311 013700;25081.75;25084.25;25081.5;25083.5;23
20260311 013800;25082.5;25084.25;25076.25;25084;104
20260311 013900;25082.25;25089;25082.25;25087.25;144
20260311 014000;25088;25088;25082;25083;83
20260311 014100;25083.25;25089;25081;25088.25;60
20260311 014200;25088.5;25089.75;25085;25085.25;70
20260311 014300;25086.25;25098;25085.75;25094.75;210
20260311 014400;25093.75;25094.25;25090.75;25092.75;70
20260311 014500;25093;25094.25;25090.75;25093.25;46
20260311 014600;25093;25093.75;25086;25086.5;90
20260311 014700;25086.75;25091;25086.5;25088;38
20260311 014800;25087.75;25090.5;25086.5;25090.25;24
20260311 014900;25089.75;25093.75;25089.75;25092.75;48
20260311 015000;25092.25;25092.25;25088.25;25088.25;17
20260311 015100;25088.25;25091.5;25084.75;25088.25;75
20260311 015200;25088.25;25088.25;25084.5;25086.25;34
20260311 015300;25085;25086.5;25083.25;25083.25;27
20260311 015400;25083.75;25088.5;25082;25087.5;48
20260311 015500;25088.25;25092;25087;25091.75;66
20260311 015600;25090.25;25093;25089.25;25090.75;69
20260311 015700;25090;25093.25;25089;25089;52
20260311 015800;25088.75;25089.25;25086.75;25086.75;17
20260311 015900;25086.25;25097;25086;25092.5;172
20260311 020000;25092.5;25093.5;25090;25091;59
20260311 020100;25091.5;25093.5;25089;25090.25;34
20260311 020200;25090.25;25090.75;25087;25088;51
20260311 020300;25088.5;25089.25;25085.25;25086;20
20260311 020400;25086;25086.25;25079.5;25080.75;108
20260311 020500;25080.5;25084.25;25079;25080;51
20260311 020600;25080.5;25083;25080;25082;41
20260311 020700;25082.75;25087.25;25082.75;25083.75;41
20260311 020800;25083.25;25085.25;25082.75;25085.25;11
20260311 020900;25085.5;25087;25084.25;25084.25;18
20260311 021000;25082.25;25084;25079.5;25081.75;47
20260311 021100;25080.5;25083.5;25080.25;25080.5;23
20260311 021200;25079.5;25083;25079.5;25082.5;21
20260311 021300;25082;25082;25075.25;25078;105
20260311 021400;25078.25;25082;25078;25080.25;56
20260311 021500;25079.5;25080.75;25076.5;25079.25;45
20260311 021600;25080.25;25095;25079.75;25092.25;102
20260311 021700;25093;25096.25;25091.25;25092.25;83
20260311 021800;25091.75;25093.5;25089.75;25090.75;26
20260311 021900;25090.25;25100.75;25090.25;25100.25;192
20260311 022000;25100;25102.75;25097;25098.5;147
20260311 022100;25099.25;25099.25;25094.25;25095;57
20260311 022200;25094.5;25098.5;25094.5;25096.25;30
20260311 022300;25095.25;25097.5;25094.75;25095.75;41
20260311 022400;25097.25;25098;25088.75;25089.25;75
20260311 022500;25089.25;25090;25087;25088.5;70
20260311 022600;25088;25091.25;25087;25090.75;51
20260311 022700;25088.5;25091.75;25088.5;25090.25;28
20260311 022800;25090;25091.25;25088.75;25090;16
20260311 022900;25088;25090;25088;25088.25;17
20260311 023000;25088;25090;25087.5;25088.25;24
20260311 023100;25087.25;25088.25;25084.75;25084.75;36
20260311 023200;25084.5;25086.25;25075.5;25078.25;140
20260311 023300;25077.5;25083.5;25077.5;25078.5;171
20260311 023400;25079.25;25081.25;25079.25;25080;16
20260311 023500;25080.75;25083.75;25079.25;25082.5;17
20260311 023600;25084;25085;25083.25;25084;21
20260311 023700;25083.5;25083.5;25074;25078;91
20260311 023800;25078;25080.5;25077.25;25079.5;26
20260311 023900;25079.25;25084;25076.25;25079;70
20260311 024000;25077.75;25080;25076;25078;46
20260311 024100;25077;25080.25;25075.75;25080;36
20260311 024200;25081.25;25082.75;25080.25;25082;17
20260311 024300;25082.75;25084;25081.75;25082.75;18
20260311 024400;25083.5;25091.75;25083;25090;115
20260311 024500;25089.75;25092;25088.75;25089.25;64
20260311 024600;25089.75;25089.75;25084.5;25085.75;37
20260311 024700;25084.75;25089;25084.75;25088.75;24
20260311 024800;25088.75;25091.5;25088.5;25090.5;47
20260311 024900;25092;25092.75;25089.75;25090.75;38
20260311 025000;25091;25093.25;25090.5;25091.25;32
20260311 025100;25091;25095.5;25090.75;25095.25;53
20260311 025200;25094.75;25098.25;25094.5;25095.25;81
20260311 025300;25095;25096.25;25094.25;25095.75;18
20260311 025400;25095.75;25096.75;25094.75;25096.5;8
20260311 025500;25097.25;25099.25;25096.75;25098;43
20260311 025600;25098.25;25098.25;25093;25093;33
20260311 025700;25093.25;25094.25;25093;25093.75;9
20260311 025800;25095.25;25096.75;25093.75;25095.5;13
20260311 025900;25095;25096;25094.5;25095.75;12
20260311 030000;25095.5;25095.5;25093.25;25094.25;18
20260311 030100;25094;25099.25;25093;25099.25;30
20260311 030200;25099.75;25100.25;25097.75;25098;56
20260311 030300;25098.75;25098.75;25094.25;25094.5;23
20260311 030400;25095.5;25095.5;25091.75;25093.5;51
20260311 030500;25093.75;25094;25090.75;25091.25;12
20260311 030600;25091.25;25095;25090.75;25093;30
20260311 030700;25092.5;25096;25092.5;25093.75;27
20260311 030800;25093;25095;25091;25092;39
20260311 030900;25091.5;25091.5;25087;25087;36
20260311 031000;25087.5;25089.75;25086.25;25088.5;36
20260311 031100;25088.5;25091;25087.75;25091;24
20260311 031200;25088.5;25092.25;25088;25091.25;16
20260311 031300;25093;25093.5;25092.5;25093.5;9
20260311 031400;25092;25094.25;25092;25094.25;10
20260311 031500;25093.5;25095;25093;25093;26
20260311 031600;25093;25098.25;25092.5;25096.25;64
20260311 031700;25095.75;25100;25095.75;25097.75;47
20260311 031800;25095.75;25097.75;25095.75;25097.75;26
20260311 031900;25096.25;25096.5;25094.25;25095.5;14
20260311 032000;25097.25;25098.5;25096.5;25097.25;18
20260311 032100;25097;25097.5;25095.25;25095.25;10
20260311 032200;25096.5;25096.75;25095.25;25096.5;18
20260311 032300;25096.75;25096.75;25095.25;25095.25;4
20260311 032400;25096.25;25096.25;25094.5;25095.5;9
20260311 032500;25095;25097.75;25095;25096;32
20260311 032600;25097.25;25097.25;25092.25;25092.75;40
20260311 032700;25092.25;25093.75;25092.25;25093.5;13
20260311 032800;25092.75;25092.75;25090.75;25091.75;28
20260311 032900;25092.25;25093.25;25091.75;25092;11
20260311 033000;25091;25093.25;25091;25093;15
20260311 033100;25092.75;25097;25092.75;25096.75;33
20260311 033200;25096.5;25098.5;25095;25097.75;57
20260311 033300;25098.75;25102.5;25095.5;25101.75;93
20260311 033400;25101.75;25105.25;25100.75;25102.5;102
20260311 033500;25102;25103.25;25100.75;25102.75;31
20260311 033600;25103.25;25117.75;25102.5;25108;269
20260311 033700;25107.75;25111.25;25105.5;25110.5;71
20260311 033800;25111.25;25119.25;25109.75;25113;140
20260311 033900;25111.5;25113;25110;25112.75;72
20260311 034000;25111.5;25116.25;25110;25115.75;38
20260311 034100;25114.75;25114.75;25111;25111.75;40
20260311 034200;25112;25112;25109;25109;31
20260311 034300;25109.5;25115;25108.75;25114.5;43
20260311 034400;25114;25116.5;25113.75;25114.25;32
20260311 034500;25115;25115.5;25113.75;25114.5;23
20260311 034600;25113.75;25114.5;25112;25112;24
20260311 034700;25112.75;25113.75;25111.75;25112.25;13
20260311 034800;25113;25114.25;25112.75;25114;28
20260311 034900;25115;25115.25;25110.25;25113.5;27
20260311 035000;25112.75;25116.5;25112.75;25115.5;72
20260311 035100;25114.75;25115.25;25112.75;25114.25;26
20260311 035200;25114;25117.25;25114;25114.25;49
20260311 035300;25114.5;25116.75;25109.75;25112;78
20260311 035400;25112;25114.5;25110;25114.5;25
20260311 035500;25114;25114;25111.75;25112.25;25
20260311 035600;25112;25113.5;25111.5;25112.75;20
20260311 035700;25113;25115;25111.5;25115;14
20260311 035800;25115.25;25117.25;25115.25;25117;6
20260311 035900;25117;25125;25116;25117.5;156
20260311 040000;25118.25;25119.75;25118;25118.5;44
20260311 040100;25118.5;25120.25;25117;25117.25;36
20260311 040200;25116;25116.25;25113;25115.25;44
20260311 040300;25115;25117;25113;25117;27
20260311 040400;25116.5;25117.75;25115.5;25116.25;18
20260311 040500;25116.5;25120.75;25115.5;25117.25;43
20260311 040600;25116.75;25121.25;25115.75;25120.5;80
20260311 040700;25120.5;25120.5;25114.25;25117;52
20260311 040800;25116.5;25116.5;25113.5;25115.5;24
20260311 040900;25114.25;25117;25114;25116.25;14
20260311 041000;25115.5;25115.5;25113.75;25114.5;23
20260311 041100;25114;25115.25;25113;25114.75;34
20260311 041200;25114.25;25114.25;25111;25112;41
20260311 041300;25110.75;25115;25110.75;25111.25;72
20260311 041400;25111;25113;25110.75;25113;11
20260311 041500;25112;25117.25;25112;25116.25;27
20260311 041600;25116.25;25117;25114.75;25114.75;21
20260311 041700;25115.75;25115.75;25114.25;25114.25;8
20260311 041800;25113.75;25114.5;25113.5;25113.75;11
20260311 041900;25114.5;25117.5;25114.5;25117;16
20260311 042000;25116;25116.5;25113.5;25114;22
20260311 042100;25113.25;25117.25;25113;25115;10
20260311 042200;25113;25114.5;25113;25114.5;3
20260311 042300;25113.5;25114;25113.5;25113.5;5
20260311 042400;25113.75;25116.5;25113.75;25116;14
20260311 042500;25115.75;25116.75;25115.25;25116.25;10
20260311 042600;25116.75;25118.5;25116.25;25117.5;18
20260311 042700;25117.5;25117.5;25115.75;25116;9
20260311 042800;25118.5;25118.75;25116;25117.75;33
20260311 042900;25117;25118;25116.5;25117.5;14
20260311 043000;25117.75;25118;25116.5;25117.25;5
20260311 043100;25117.5;25118;25115;25116.75;19
20260311 043200;25115;25116.5;25114.5;25115;18
20260311 043300;25115;25115.5;25111;25111.5;18
20260311 043400;25110.25;25110.25;25105;25105.5;136
20260311 043500;25105.75;25108.75;25105.75;25107.25;24
20260311 043600;25107;25108;25106;25107.5;25
20260311 043700;25106.5;25107.25;25102;25102.75;89
20260311 043800;25102.25;25103;25097.75;25098.25;113
20260311 043900;25097.5;25102;25097.25;25100.25;76
20260311 044000;25101.25;25103.25;25100.75;25103.25;28
20260311 044100;25103.25;25105.75;25103.25;25104.75;22
20260311 044200;25105.75;25105.75;25103.25;25104;34
20260311 044300;25102.75;25104.5;25102.25;25103;15
20260311 044400;25102.5;25102.5;25099.25;25099.25;35
20260311 044500;25099;25099;25096.25;25098.25;31
20260311 044600;25097;25097.5;25094.75;25096.75;24
20260311 044700;25094.75;25096.75;25093.5;25094.5;43
20260311 044800;25095;25099.5;25094.75;25096.75;47
20260311 044900;25097.75;25100.75;25097.25;25099.75;20
20260311 045000;25100.25;25104.25;25099.5;25104.25;20
20260311 045100;25105;25105.25;25102.25;25102.75;46
20260311 045200;25101.5;25102.25;25100;25101.25;14
20260311 045300;25101.75;25103.5;25100.25;25101.25;18
20260311 045400;25102.25;25104.5;25101;25101;11
20260311 045500;25100.5;25100.75;25097.5;25098.25;31
20260311 045600;25098.25;25099.75;25095;25097.25;76
20260311 045700;25097.25;25099;25095;25095;53
20260311 045800;25095;25096.25;25092;25092.5;37
20260311 045900;25092.5;25092.75;25086.5;25090;100
20260311 050000;25090.75;25092.25;25090.25;25090.75;22
20260311 050100;25092;25095.5;25085.75;25089;96
20260311 050200;25088.25;25093;25087.5;25092.5;43
20260311 050300;25092;25092;25088.25;25089;33
20260311 050400;25088.5;25091;25088.25;25089.25;18
20260311 050500;25090.25;25090.25;25087.75;25087.75;11
20260311 050600;25087;25089.25;25086;25089;31
20260311 050700;25088.25;25089;25084.25;25085.5;56
20260311 050800;25084.5;25084.75;25076;25076.5;111
20260311 050900;25076;25077.5;25068;25068;166
20260311 051000;25068.5;25068.5;25060.25;25062.5;96
20260311 051100;25061.25;25064.25;25056.25;25058.5;145
20260311 051200;25057.75;25072;25057.5;25070;108
20260311 051300;25070.25;25072;25064;25066.75;48
20260311 051400;25065.25;25069;25063.5;25065;26
20260311 051500;25064.75;25067.25;25059;25060.75;71
20260311 051600;25060.75;25064.25;25059.75;25063.75;53
20260311 051700;25063.75;25066.5;25063;25063;49
20260311 051800;25063;25066.75;25061.5;25063.5;33
20260311 051900;25064.5;25065.25;25062;25064.25;21
20260311 052000;25065.75;25068.25;25063;25065;46
20260311 052100;25064.75;25070.25;25064.5;25069.75;26
20260311 052200;25069.75;25071.75;25065.25;25065.25;38
20260311 052300;25064.75;25064.75;25057.25;25061.5;69
20260311 052400;25061.5;25067.75;25061;25066.25;34
20260311 052500;25066.25;25070.5;25065.5;25068;28
20260311 052600;25068.5;25076.25;25068.5;25075;24
20260311 052700;25075;25076.25;25072;25074.5;53
20260311 052800;25072.75;25075;25072.5;25074.5;29
20260311 052900;25074.5;25075.5;25073;25074;25
20260311 053000;25073;25073;25064.75;25064.75;56
20260311 053100;25064;25065;25060.5;25061.5;95
20260311 053200;25061.5;25063.5;25059.5;25063.5;30
20260311 053300;25062.5;25062.75;25058;25060.25;47
20260311 053400;25060.25;25061.25;25059.25;25059.25;19
20260311 053500;25057.25;25060.75;25056.25;25057.5;29
20260311 053600;25057.25;25057.5;25051.5;25052.25;68
20260311 053700;25053;25058.25;25052.75;25054;66
20260311 053800;25054.25;25054.25;25049;25052;79
20260311 053900;25052.25;25057.25;25052;25054.25;50
20260311 054000;25055.25;25055.75;25049;25049.5;47
20260311 054100;25049;25054.5;25049;25051.25;58
20260311 054200;25051.25;25057.5;25051;25057;57
20260311 054300;25057.25;25057.25;25050;25050;29
20260311 054400;25049.75;25050.25;25043.25;25044.5;97
20260311 054500;25043.5;25045.5;25040;25040.5;110
20260311 054600;25040.25;25041.25;25034;25034.5;125
20260311 054700;25034.5;25035.5;25025.75;25029.5;168
20260311 054800;25029.75;25038;25029.75;25034.5;131
20260311 054900;25034.75;25036.5;25031;25032.75;68
20260311 055000;25032.75;25042;25031.75;25040.25;74
20260311 055100;25038.5;25043;25037.5;25037.75;50
20260311 055200;25036;25036.25;25031.75;25033;36
20260311 055300;25030.25;25032;25026.25;25027.5;47
20260311 055400;25026;25035;25026;25031;61
20260311 055500;25032.75;25037.5;25031.75;25034.25;29
20260311 055600;25034;25038.5;25030.25;25031;37
20260311 055700;25031.75;25034;25028.5;25030.25;45
20260311 055800;25029.5;25033.5;25027.25;25031.75;63
20260311 055900;25032.75;25035.75;25031.75;25032.5;34
20260311 060000;25031.5;25031.75;25028;25030.5;47
20260311 060100;25029.25;25029.25;25018;25022.5;168
20260311 060200;25021.25;25025.5;25016.75;25019.5;134
20260311 060300;25019.25;25027;25018.25;25018.75;82
20260311 060400;25018.25;25019.5;25010;25018.5;146
20260311 060500;25019;25030.25;25018.25;25028.5;121
20260311 060600;25029.75;25029.75;25025;25027.5;87
20260311 060700;25026;25031.5;25025.75;25025.75;55
20260311 060800;25027.25;25034.5;25027;25029.75;68
20260311 060900;25032.25;25032.25;25022.5;25026;73
20260311 061000;25026;25027.5;25017.5;25017.5;64
20260311 061100;25018.75;25025;25017.75;25022.75;63
20260311 061200;25021.25;25026.25;25019;25019.75;49
20260311 061300;25018.75;25024.25;25018.75;25024.25;44
20260311 061400;25024.5;25034.5;25024.25;25033;137
20260311 061500;25032.5;25038.5;25032.5;25038.5;76
20260311 061600;25037.5;25040;25034;25036.25;75
20260311 061700;25035.5;25041.5;25034.75;25035.5;97
20260311 061800;25034.5;25036;25030;25031.5;40
20260311 061900;25031;25032.25;25027;25028.5;84
20260311 062000;25027.75;25027.75;25024;25024.75;47
20260311 062100;25024.25;25027;25021;25024;59
20260311 062200;25024.5;25031;25022;25024.5;118
20260311 062300;25023.75;25023.75;25013;25016.5;140
20260311 062400;25016.75;25018.5;25013.75;25013.75;52
20260311 062500;25013.25;25017;25012;25014.75;36
20260311 062600;25011.75;25018.75;25010.75;25014.5;53
20260311 062700;25015;25017.75;25007;25012;83
20260311 062800;25011.75;25015;25008.25;25011.75;143
20260311 062900;25010.75;25020;25010.75;25017;67
20260311 063000;25019;25020.5;25015;25020.5;41
20260311 063100;25020;25030.5;25020;25028.75;151
20260311 063200;25029.75;25035;25026.75;25032.25;121
20260311 063300;25032.5;25041.25;25030.5;25041.25;88
20260311 063400;25040.25;25043;25036.75;25042.25;158
20260311 063500;25041.25;25046.5;25039.5;25045.75;69
20260311 063600;25044.5;25049.5;25043;25047.5;84
20260311 063700;25047.5;25052.5;25045.75;25047;85
20260311 063800;25047.5;25047.75;25039.25;25043.25;79
20260311 063900;25042.25;25042.25;25036.75;25040.25;49
20260311 064000;25040.5;25053.25;25040.5;25050;75
20260311 064100;25048.25;25051.5;25046.5;25048;48
20260311 064200;25047.75;25051.75;25047.5;25051.5;73
20260311 064300;25050.75;25051.5;25043.75;25047.75;66
20260311 064400;25048;25049.5;25044.25;25048;39
20260311 064500;25048.25;25049.25;25047.75;25048.75;12
20260311 064600;25047.5;25048;25037.75;25041.25;122
20260311 064700;25041.25;25044;25040;25043.75;28
20260311 064800;25043.75;25043.75;25037.75;25037.75;41
20260311 064900;25037.5;25037.5;25028;25028;80
20260311 065000;25029;25031.5;25028.5;25031.5;19
20260311 065100;25032.5;25037;25032.25;25036.5;47
20260311 065200;25035.25;25038.25;25035.25;25036.75;37
20260311 065300;25038.5;25039.5;25035;25036.5;26
20260311 065400;25036.5;25037.25;25029.5;25029.5;37
20260311 065500;25030.25;25031;25023;25027.5;48
20260311 065600;25027.75;25030.75;25027.25;25028.75;22
20260311 065700;25030;25033;25029.5;25032.5;22
20260311 065800;25033.25;25038;25031.75;25038;54
20260311 065900;25038.75;25043.75;25038;25040.25;96
20260311 070000;25040;25041;25037;25041;35
20260311 070100;25041.25;25047.25;25041;25044.75;92
20260311 070200;25046;25046;25034.5;25037.75;128
20260311 070300;25036.25;25039.5;25027.75;25030.5;117
20260311 070400;25030.25;25036.25;25027.75;25032;74
20260311 070500;25029.25;25029.75;25026;25028.5;57
20260311 070600;25027;25027;25009;25009;148
20260311 070700;25009.75;25024;25009.5;25023.25;104
20260311 070800;25024.75;25034.75;25024.75;25034.75;121
20260311 070900;25032.5;25036.75;25027.75;25031.75;84
20260311 071000;25031;25031.5;25020.25;25026;74
20260311 071100;25026.5;25036.25;25026.5;25033.75;109
20260311 071200;25034.5;25038.75;25030.5;25035;58
20260311 071300;25035;25035.75;25026.75;25026.75;44
20260311 071400;25026.5;25030.25;25026.25;25027;31
20260311 071500;25026.5;25033.75;25026.5;25033;39
20260311 071600;25033.5;25035;25023.25;25029.25;175
20260311 071700;25029.25;25035;25027.25;25032.25;41
20260311 071800;25031;25032;25024.75;25025.5;26
20260311 071900;25027.5;25027.5;25017.25;25017.75;41
20260311 072000;25018.75;25029;25018.75;25028.5;123
20260311 072100;25027.5;25030.75;25025;25030.75;31
20260311 072200;25029.5;25029.75;25020.75;25029;133
20260311 072300;25030.25;25030.75;25019;25027;98
20260311 072400;25029.75;25030.5;25019.75;25021.75;68
20260311 072500;25021.5;25022;25008.5;25013.75;179
20260311 072600;25013.75;25020.5;25010;25020.5;113
20260311 072700;25019.5;25019.5;25010;25010;61
20260311 072800;25010.25;25015.75;25007.25;25014.5;105
20260311 072900;25013.5;25015;25000.5;25000.5;173
20260311 073000;25000.25;25005.75;24997.75;25002;142
20260311 073100;25003.75;25008.75;25003;25003;97
20260311 073200;25002.25;25004.5;24995;25002;178
20260311 073300;25002;25008.5;24999.75;25002.5;136
20260311 073400;25002;25002;24994.5;24996.75;136
20260311 073500;24996.25;24997;24989.5;24990;150
20260311 073600;24991;24992.25;24984.5;24990.25;168
20260311 073700;24988.5;24992;24981;24981.75;134
20260311 073800;24982;24983.25;24968;24971;303
20260311 073900;24971.5;24976;24965;24968.5;135
20260311 074000;24965.5;24965.75;24955;24959;222
20260311 074100;24959.5;24962.5;24953.5;24955.25;276
20260311 074200;24954;24956.75;24945;24952.75;275
20260311 074300;24955;24960.25;24952.25;24958.25;183
20260311 074400;24959.25;24965.5;24952.5;24965.5;171
20260311 074500;24964.5;24966.25;24953.75;24965;134
20260311 074600;24964.75;24966.25;24958.25;24962;109
20260311 074700;24961.25;24967;24954.5;24963.75;125
20260311 074800;24962.75;24965.5;24958.5;24959.25;67
20260311 074900;24959.25;24977.75;24958;24977.5;505
20260311 075000;24977.75;24979.25;24971.25;24979.25;171
20260311 075100;24978.25;24983.5;24973.5;24983.5;170
20260311 075200;24984.25;25000.25;24984;24998.25;461
20260311 075300;24998.5;25007.75;24996;25006.5;193
20260311 075400;25005.5;25005.5;24988.5;24991.75;178
20260311 075500;24991.25;24993;24985;24990;155
20260311 075600;24991;24998;24990;24994.5;122
20260311 075700;24993.5;25000;24992;24996;108
20260311 075800;24996;24998.25;24990;24995.25;79
20260311 075900;24995;24998.25;24994.75;24996;50
20260311 080000;24996.25;25006.5;24995.5;25005.5;187
20260311 080100;25006;25025.25;25005.25;25011.5;378
20260311 080200;25012;25024.5;25008.25;25016;178
20260311 080300;25015.25;25020.75;25000.25;25006.5;200
20260311 080400;25007;25009.25;24997.5;25003;124
20260311 080500;25002.25;25018.5;24999.5;25013.5;145
20260311 080600;25012.75;25024.5;25010.25;25017.25;140
20260311 080700;25016.25;25020.75;25012;25014.75;102
20260311 080800;25016.5;25022.25;25009;25013.5;117
20260311 080900;25013;25016.25;25006;25015.25;77
20260311 081000;25017.5;25018.5;25010.5;25016.75;80
20260311 081100;25012;25024.25;25012;25017.75;135
20260311 081200;25018;25020.5;25009.5;25009.5;144
20260311 081300;25010.75;25018.75;25007;25018.5;107
20260311 081400;25018.5;25020.5;25008.75;25012.5;78
20260311 081500;25011.5;25028.25;25011.5;25027;145
20260311 081600;25024.75;25027.75;25019;25020.75;192
20260311 081700;25020;25026.75;25015.75;25017.5;139
20260311 081800;25017.5;25023;25013.5;25013.5;110
20260311 081900;25015.25;25025;25015.25;25021;86
20260311 082000;25021.5;25022;25011.5;25018.75;126
20260311 082100;25018.5;25023;25009;25010;81
20260311 082200;25007.75;25019;24999.75;25019;161
20260311 082300;25020;25033.5;25018.75;25027;226
20260311 082400;25028.25;25029;25021;25023;96
20260311 082500;25023.75;25026.25;25018.5;25022;98
20260311 082600;25022.75;25025;25008.75;25013.75;190
20260311 082700;25014.5;25022;25011.25;25017.5;118
20260311 082800;25017.75;25019.5;25003;25007;203
20260311 082900;25007.25;25020;25006.75;25012.25;110
20260311 083000;25013.5;25023;25011.25;25011.25;102
20260311 083100;25013.5;25020.25;25010.75;25017.5;88
20260311 083200;25017.75;25021.75;25007;25010.75;98
20260311 083300;25010.25;25017.75;25008.75;25016;56
20260311 083400;25015.5;25037.5;25015.5;25028.75;226
20260311 083500;25030;25034.25;25020;25028.25;101
20260311 083600;25029.25;25029.25;25017.25;25023.25;78
20260311 083700;25020.75;25028.25;25015;25017.5;115
20260311 083800;25017.5;25020.25;25008;25008.25;77
20260311 083900;25007;25007;24989.25;24989.5;226
20260311 084000;24989;24989.5;24979.25;24986.75;214
20260311 084100;24985.75;24992;24982;24991.5;210
20260311 084200;24991.25;24999.75;24987.25;24995;140
20260311 084300;24995.75;24997.25;24988.75;24993;73
20260311 084400;24994.25;25004.25;24994;24995.5;114
20260311 084500;24994.5;25000.75;24990.5;24991.25;56
20260311 084600;24990;24992.5;24985.25;24991.5;87
20260311 084700;24992;24994.5;24986.75;24989.5;63
20260311 084800;24989.25;24991.75;24979.75;24980;64
20260311 084900;24980.25;24981.25;24968;24968;82
20260311 085000;24967.75;24971.25;24963;24969;118
20260311 085100;24969.25;24975;24965.5;24965.5;118
20260311 085200;24966.25;24967;24956.75;24964.5;96
20260311 085300;24962.75;24963.25;24954.25;24954.5;103
20260311 085400;24954.75;24959.75;24950;24955;154
20260311 085500;24955;24959.25;24947;24959;123
20260311 085600;24958.75;24960.5;24951.5;24957.25;142
20260311 085700;24956.5;24958;24941.75;24942.5;149
20260311 085800;24942.5;24999;24934;24985.25;1271
20260311 085900;24981.25;24997;24966;24974.5;490
20260311 090000;24973.25;24980.75;24962;24967.5;209
20260311 090100;24968.25;24969.25;24942;24943.5;199
20260311 090200;24943.25;24951;24939.5;24941.25;169
20260311 090300;24939.5;24954.5;24937;24948.5;175
20260311 090400;24950;24953.25;24933.25;24935;108
20260311 090500;24934.5;24941;24929.25;24930.75;238
20260311 090600;24928.75;24942;24926.75;24937;126
20260311 090700;24936;24944.5;24927.75;24928.25;145
20260311 090800;24927.5;24941;24925.5;24938.5;168
20260311 090900;24938.25;24939.75;24930;24937.25;120
20260311 091000;24938;24948.5;24937.75;24942.5;175
20260311 091100;24941;24944.75;24934.75;24940.5;140
20260311 091200;24939.75;24941.5;24934.25;24934.25;58
20260311 091300;24933.25;24936.25;24928.75;24931.75;139
20260311 091400;24932;24940;24930.75;24933;117
20260311 091500;24933.5;24941.75;24929.75;24935.5;114
20260311 091600;24934.5;24940.5;24934.5;24935.75;66
20260311 091700;24936.5;24946;24935.75;24941;64
20260311 091800;24941.25;24954.5;24938.5;24952.25;122
20260311 091900;24952.25;24952.75;24943.5;24945.25;94
20260311 092000;24945.25;24950.25;24944;24949.5;56
20260311 092100;24948.5;24961;24948.5;24954.5;205
20260311 092200;24953.5;24962;24950.75;24956.75;113
20260311 092300;24956;24965;24954.75;24962.5;106
20260311 092400;24964.25;24966.5;24959.25;24963.75;96
20260311 092500;24963.25;24970.75;24952;24954;147
20260311 092600;24953.25;24953.25;24943.25;24945.75;111
20260311 092700;24945.75;24950.5;24945;24945;50
20260311 092800;24944.75;24947.5;24943;24947;55
20260311 092900;24947;24947;24920;24922.75;361
20260311 093000;24922.25;24931.25;24921.75;24923;154
20260311 093100;24923.5;24930;24920;24927.5;235
20260311 093200;24927.75;24933;24924.25;24927.75;125
20260311 093300;24926.25;24933.5;24923.75;24932.5;137
20260311 093400;24933;24943;24933;24941.5;140
20260311 093500;24941.25;24941.25;24936;24936.25;60
20260311 093600;24938.5;24943.5;24935.25;24937.25;94
20260311 093700;24939;24948;24933.5;24935.5;92
20260311 093800;24935;24936;24927.5;24928.5;88
20260311 093900;24928.25;24937.75;24928.25;24933.25;71
20260311 094000;24934.75;24937.5;24928.25;24936.25;98
20260311 094100;24933.75;24943.5;24930.5;24937.5;119
20260311 094200;24939.5;24939.5;24930;24931.25;45
20260311 094300;24932.75;24938.5;24929.75;24931.75;44
20260311 094400;24929;24930;24914;24916;213
20260311 094500;24916;24923.25;24915;24922;133
20260311 094600;24921.5;24933.25;24921;24933.25;121
20260311 094700;24933.25;24934.75;24925.25;24926;102
20260311 094800;24926.25;24940.75;24925.75;24935;107
20260311 094900;24932.25;24933.5;24928.5;24932.5;49
20260311 095000;24933;24933.25;24914.75;24915.5;173
20260311 095100;24916;24918;24911;24914.25;128
20260311 095200;24912.25;24918;24909;24916.5;138
20260311 095300;24916.25;24920.25;24915;24917;117
20260311 095400;24917.5;24923.75;24914.25;24914.25;70
20260311 095500;24916.25;24918.5;24913.5;24918.5;59
20260311 095600;24919.25;24923.25;24911.5;24911.5;120
20260311 095700;24912.25;24914;24900;24902;344
20260311 095800;24901.5;24904.75;24899.5;24902.5;141
20260311 095900;24905.5;24910;24904.75;24909;129
20260311 100000;24908.75;24909.75;24903;24903.25;71
20260311 100100;24902;24907;24895.75;24900.5;341
20260311 100200;24899.25;24914.5;24897.25;24906.5;237
20260311 100300;24906.5;24918;24906.5;24913.25;80
20260311 100400;24913.5;24938.5;24913.5;24936;179
20260311 100500;24938;24942.5;24932;24939.5;133
20260311 100600;24940;24946.25;24938.25;24942;345
20260311 100700;24941.5;24942;24929.5;24935;196
20260311 100800;24935.75;24945.5;24935.25;24939.75;150
20260311 100900;24939.75;24948.75;24939.5;24947;91
20260311 101000;24947.25;24962.5;24946;24962.5;199
20260311 101100;24961.75;24964;24952;24954.5;211
20260311 101200;24955;24959.5;24954;24959;51
20260311 101300;24956.5;24958.25;24951;24952;79
20260311 101400;24950;24957.5;24948.5;24956;64
20260311 101500;24958;24974.25;24957.25;24974.25;194
20260311 101600;24974.25;24981.25;24969.25;24978.75;123
20260311 101700;24977.25;24985.75;24975.25;24975.75;171
20260311 101800;24975.75;24982.25;24972;24977.5;94
20260311 101900;24976.75;24981.75;24971.25;24971.25;128
20260311 102000;24973.25;24976;24967;24972.5;70
20260311 102100;24973.25;24976.5;24970.75;24974.5;48
20260311 102200;24974.5;24978.25;24969.75;24978.25;53
20260311 102300;24975.5;24982.25;24973;24979.25;108
20260311 102400;24980.25;24982.25;24976.75;24977.75;47
20260311 102500;24977.25;24977.25;24960;24963.25;152
20260311 102600;24961.75;24972.75;24961.25;24968.25;119
20260311 102700;24968.75;24969.25;24958;24961.25;83
20260311 102800;24960.5;24966.5;24959.75;24965;43
20260311 102900;24964.25;24979.75;24963.25;24979.75;67
20260311 103000;24980;24982.25;24974.75;24977;75
20260311 103100;24978.5;24978.75;24971.25;24978.25;94
20260311 103200;24978.75;24994.75;24977.75;24993;192
20260311 103300;24993;25001.5;24988.75;24996.25;309
20260311 103400;24997;25000.5;24994;24998.5;108
20260311 103500;24995.5;25000.5;24992.5;25000.5;123
20260311 103600;24999.25;25007;24998;24999.25;97
20260311 103700;24999.75;25008.25;24999.25;25002;109
20260311 103800;25001.5;25010;25000.25;25008;161
20260311 103900;25007.5;25012.25;25003.75;25007.25;75
20260311 104000;25005.5;25010.25;25003.25;25006;133
20260311 104100;25005.5;25007.75;24998.5;25007.25;266
20260311 104200;25006.75;25013;25006;25010.5;117
20260311 104300;25009.5;25011.75;25003.25;25007.75;156
20260311 104400;25008.5;25020;25003.5;25014;220
20260311 104500;25014.25;25018;25013;25016.25;143
20260311 104600;25016.75;25025;25014.25;25017.25;158
20260311 104700;25016.25;25018.25;25012.25;25013;128
20260311 104800;25012.75;25022.5;25012;25015.5;210
20260311 104900;25015.25;25020.5;25011.75;25016.75;64
20260311 105000;25017.5;25017.5;25009.25;25013.25;77
20260311 105100;25015;25020.5;25009.25;25015.5;107
20260311 105200;25016.5;25019.25;25013.75;25018.75;99
20260311 105300;25019.25;25024.75;25014.75;25020.75;105
20260311 105400;25022;25022.5;25016.25;25019.75;145
20260311 105500;25020.25;25022.25;25014;25015;94
20260311 105600;25014.75;25015.5;25011;25015.25;88
20260311 105700;25015;25015;25010;25010.75;42
20260311 105800;25010;25014;25010;25013.5;74
20260311 105900;25014;25018.5;25011.5;25018.5;67
20260311 110000;25019.75;25019.75;25011;25017.5;70
20260311 110100;25017;25026;25015.75;25020.5;193
20260311 110200;25020.5;25030.5;25019.25;25030;196
20260311 110300;25029.75;25039.25;25025.75;25036.25;197
20260311 110400;25037.25;25043.5;25032.75;25032.75;216
20260311 110500;25033;25034;25025.25;25033;176
20260311 110600;25032.25;25034.25;25026.75;25027.75;73
20260311 110700;25028.25;25033.25;25021;25022.25;122
20260311 110800;25022.25;25024.5;25012;25017.25;235
20260311 110900;25018.25;25031.25;25018.25;25026;148
20260311 111000;25027;25027;25017;25020.5;78
20260311 111100;25019.5;25020.75;25015;25017.75;138
20260311 111200;25017.75;25027.25;25015.75;25027.25;103
20260311 111300;25027.5;25027.75;25017.5;25019.75;88
20260311 111400;25018;25022;25014;25016;89
20260311 111500;25016.25;25032;25014;25031.5;155
20260311 111600;25032.5;25033.25;25027;25032.5;84
20260311 111700;25031.75;25034.75;25027.5;25031.25;181
20260311 111800;25032.75;25038.5;25029.5;25031.25;193
20260311 111900;25029.25;25029.25;25019;25020;73
20260311 112000;25018.75;25018.75;25004.25;25007;160
20260311 112100;25007.25;25008.5;24996.5;24998;173
20260311 112200;24999;24999.25;24989.75;24993.5;157
20260311 112300;24993;25001.75;24990;24998.75;165
20260311 112400;24999.5;25001;24993;24995.5;90
20260311 112500;24995;24995;24983.75;24986.5;137
20260311 112600;24987;24994.75;24984.5;24991.5;119
20260311 112700;24991.5;24996.75;24985.25;24987;114
20260311 112800;24986.5;24986.5;24976.25;24977.5;180
20260311 112900;24977;24978.75;24971;24972.25;164
20260311 113000;24971.5;24981.5;24971.5;24977.5;87
20260311 113100;24977.25;24981;24969.5;24974;208
20260311 113200;24974.5;24986;24972.75;24979;217
20260311 113300;24979.25;24989;24978.75;24986;162
20260311 113400;24986.5;24987.75;24981;24981.25;114
20260311 113500;24980.75;24982.5;24975;24980.75;91
20260311 113600;24980;24991.75;24980;24982;116
20260311 113700;24981.75;24984.75;24976;24980.5;132
20260311 113800;24982;24986;24979.5;24983.25;58
20260311 113900;24984.25;24993.75;24982.25;24990;129
20260311 114000;24989.75;24990.5;24979.75;24982;120
20260311 114100;24983;24986;24975.25;24976;94
20260311 114200;24976.25;24989.5;24976.25;24988.75;91
20260311 114300;24988.25;24988.25;24977.5;24977.75;45
20260311 114400;24977.75;24978.75;24956;24958;326
20260311 114500;24957.25;24973.75;24955;24972.75;240
20260311 114600;24971.5;24973;24947.25;24949.75;395
20260311 114700;24948.25;24956;24943.75;24947.5;383
20260311 114800;24949;24951.75;24941;24948;264
20260311 114900;24948.5;24951.75;24944.5;24947.5;93
20260311 115000;24947.5;24962;24938;24939.75;380
20260311 115100;24939.5;24999.75;24928.25;24967.5;1782
20260311 115200;24968;24970;24954.75;24962.25;362
20260311 115300;24964;24970.5;24946.5;24946.75;535
20260311 115400;24947.5;24959.25;24945;24958.25;175
20260311 115500;24958;24967;24952;24964.25;96
20260311 115600;24964.5;24967.5;24952.25;24956;150
20260311 115700;24956.75;24959;24950;24958.25;56
20260311 115800;24960;24967.25;24958.25;24966.5;91
20260311 115900;24967;24977.25;24962;24972;202
20260311 120000;24971.25;24971.25;24946.25;24947.5;454
20260311 120100;24947.25;24960.5;24944.5;24959.75;252
20260311 120200;24960.75;24969;24958.5;24964;150
20260311 120300;24963.5;24971;24960;24969.5;82
20260311 120400;24968.75;24971.25;24957.5;24960.5;110
20260311 120500;24960.25;24960.25;24949;24949;73
20260311 120600;24948.5;24958.25;24948.25;24951.25;81
20260311 120700;24950.75;24956.75;24950.5;24951.5;52
20260311 120800;24951;24955.5;24949.5;24954.25;67
20260311 120900;24953.75;24953.75;24943.5;24943.5;115
20260311 121000;24944.5;24945.5;24938.5;24941.75;197
20260311 121100;24944;24951.5;24941;24947.5;101
20260311 121200;24947.25;24959.25;24939.25;24954;403
20260311 121300;24956.75;24960.5;24951.25;24958.25;150
20260311 121400;24958.5;24962.25;24955;24960;109
20260311 121500;24961.25;24963.5;24954.5;24955.75;68
20260311 121600;24958;24964;24954.75;24954.75;92
20260311 121700;24954;24956.75;24949.75;24955.25;106
20260311 121800;24955.5;24967.5;24955.25;24966.25;103
20260311 121900;24968.25;24970.5;24964;24967;130
20260311 122000;24964.5;24970.5;24960;24968.75;125
20260311 122100;24967.75;24969.75;24963.5;24964.25;120
20260311 122200;24966;24968.75;24961.25;24968.5;91
20260311 122300;24967;24976.25;24966;24974.25;157
20260311 122400;24977;24981.75;24965.25;24969.75;133
20260311 122500;24968.25;24969.5;24963.25;24964.5;72
20260311 122600;24964;24975.75;24956;24975.75;127
20260311 122700;24975.25;24984.25;24974.25;24984.25;197
20260311 122800;24985;24991;24984;24988.75;170
20260311 122900;24988.5;24994.25;24988.5;24993.5;156
20260311 123000;24994.5;25000;24990;25000;310
20260311 123100;24991;25058;24981.75;24995.75;1499
20260311 123200;24996;25004;24978.75;24980.75;489
20260311 123300;24983.25;24986.75;24970.5;24973.75;310
20260311 123400;24971.5;24974.75;24934.25;24942;618
20260311 123500;24942.5;24945.75;24932;24939.5;506
20260311 123600;24942.25;24955;24930.25;24951.25;404
20260311 123700;24954.25;24959.75;24942.5;24955;285
20260311 123800;24954.25;24958;24947;24949;178
20260311 123900;24947.25;24951;24942;24944.5;176
20260311 124000;24945.75;24964;24945;24960.75;206
20260311 124100;24959.25;24968.25;24958.75;24968;219
20260311 124200;24966;24968;24938.25;24942;336
20260311 124300;24939.75;24941.75;24922.5;24923.75;448
20260311 124400;24922.75;24936;24922.75;24923.75;248
20260311 124500;24925.5;24933.75;24921.25;24933.75;206
20260311 124600;24932;24936.75;24916.25;24922;310
20260311 124700;24922.5;24931.5;24914;24923.75;403
20260311 124800;24925;24932;24909.25;24923.75;458
20260311 124900;24926;24934.5;24925;24928.5;281
20260311 125000;24927.75;24938.25;24927.25;24934;209
20260311 125100;24933.25;24937.5;24923.75;24930.5;163
20260311 125200;24931.25;24940.5;24925.5;24931.25;206
20260311 125300;24931.5;24935.5;24929.5;24934.5;140
20260311 125400;24934.5;24936.5;24923.5;24929;182
20260311 125500;24929.75;24940;24925.25;24939.75;140
20260311 125600;24941.25;24958.75;24937.75;24950.25;385
20260311 125700;24950.25;24952.75;24942.5;24948.25;201
20260311 125800;24947.5;24950.5;24938.5;24950;300
20260311 125900;24949;24949.75;24938.75;24943;148
20260311 130000;24943.75;24946.5;24935.25;24945.25;139
20260311 130100;24946.25;24965.75;24943.5;24962.5;625
20260311 130200;24963;24979;24956.75;24968.5;528
20260311 130300;24968.75;24987;24967.75;24976.5;436
20260311 130400;24977.75;24979;24970.25;24974;193
20260311 130500;24976;24977.25;24968.25;24974.25;253
20260311 130600;24974.25;24999.25;24973;24991;734
20260311 130700;24991.75;24995;24983.75;24992;445
20260311 130800;24992.25;24992.25;24974.25;24978.5;281
20260311 130900;24977;24979.25;24970.75;24975.5;249
20260311 131000;24974.75;24981.75;24969;24970.75;188
20260311 131100;24971;24971.25;24960.5;24966.25;281
20260311 131200;24965.25;24968.75;24960.75;24967;152
20260311 131300;24965.5;24982.25;24963.5;24979.5;268
20260311 131400;24981;24982.5;24967;24974.25;287
20260311 131500;24973.5;24976.25;24962;24964;130
20260311 131600;24964.5;24969;24961.5;24967.5;122
20260311 131700;24967.5;24979;24966.25;24976.25;173
20260311 131800;24976;24986.5;24972.75;24985;200
20260311 131900;24985.5;24990;24981;24989;206
20260311 132000;24989.25;24993.5;24985.5;24992.5;259
20260311 132100;24992;24997.25;24989.75;24993;252
20260311 132200;24993;25002.5;24989.5;25000;364
20260311 132300;24999.25;25005.5;24995;25002.25;254
20260311 132400;25001.5;25011.25;24991.75;25009.75;384
20260311 132500;25009.5;25020.5;25007.25;25017.5;491
20260311 132600;25018;25023.5;25014.75;25021.5;418
20260311 132700;25022;25027;25020.5;25021.25;303
20260311 132800;25021.5;25024.25;25014;25018.25;438
20260311 132900;25018.25;25035.25;25018.25;25031.5;520
20260311 133000;25031.5;25034.25;25022.75;25034.25;691
20260311 133100;25034.5;25090.75;25034.25;25084.5;4837
20260311 133200;25084;25087;25053;25065.75;2399
20260311 133300;25066.5;25097;25063.75;25088;2073
20260311 133400;25088.25;25099.5;25072.75;25083.25;1650
20260311 133500;25081.25;25093.5;25068.75;25076.5;1366
20260311 133600;25076.5;25101;25075;25078.75;2042
20260311 133700;25079.75;25094.25;25070.75;25079.25;1405
20260311 133800;25078.75;25108;25078.25;25105.5;1715
20260311 133900;25104.75;25105.75;25083.75;25092.25;1359
20260311 134000;25091.75;25110;25091;25103;1262
20260311 134100;25102.75;25110.75;25091.75;25103.75;1128
20260311 134200;25103.25;25113.25;25088.5;25111.75;1228
20260311 134300;25112.5;25115.5;25091.5;25096.75;1248
20260311 134400;25096.25;25101.25;25077.25;25083.25;1288
20260311 134500;25084;25086;25062;25068.75;1475
20260311 134600;25070.5;25097.25;25059.5;25087;2090
20260311 134700;25087;25087.25;25059.5;25067.5;1438
20260311 134800;25068.75;25075.25;25055.5;25056.75;1467
20260311 134900;25055.75;25056.5;25036.75;25046;1735
20260311 135000;25045;25056.5;25035.5;25049.75;1232
20260311 135100;25049.75;25052.25;25024.5;25028.75;1510
20260311 135200;25029;25030.5;25015.25;25022.75;1395
20260311 135300;25023.5;25044.75;25020.25;25043.5;1264
20260311 135400;25043.5;25077.5;25043.5;25055;2220
20260311 135500;25055.5;25059.5;25039.25;25051.5;1078
20260311 135600;25050.25;25065;25033.25;25038.25;1390
20260311 135700;25038.5;25051.25;25031.25;25049;924
20260311 135800;25049.25;25062.25;25038;25059.5;897
20260311 135900;25059.5;25108.25;25058;25101.75;2072
20260311 140000;25101.25;25103.5;25086.75;25101.25;2007
20260311 140100;25101.5;25178.75;25091;25173.5;5397
20260311 140200;25174;25180;25134;25148.75;4556
20260311 140300;25147.75;25149;25121;25131.25;2480
20260311 140400;25130;25131.25;25086;25115.25;3565
20260311 140500;25116;25139.75;25113;25121.5;1940
20260311 140600;25121.5;25149.25;25118;25138.25;1680
20260311 140700;25139;25143.75;25098;25101.25;1622
20260311 140800;25102.25;25117.25;25093.75;25098.75;1202
20260311 140900;25099.75;25100.75;25070;25090.5;1833
20260311 141000;25091.5;25103.75;25083;25090;1190
20260311 141100;25090.25;25107.75;25083.5;25092.75;1085
20260311 141200;25092.5;25093.25;25067.5;25083;1453
20260311 141300;25082.75;25086;25058;25079.5;1581
20260311 141400;25079.75;25101;25070.5;25091.75;1007
20260311 141500;25093.5;25113;25092.25;25102.5;1179
20260311 141600;25102.25;25110.5;25073;25080.25;1239
20260311 141700;25080.75;25085;25055;25072.25;1204
20260311 141800;25071.25;25087;25068;25077.25;775
20260311 141900;25077.75;25102.5;25070.5;25101.5;973
20260311 142000;25102.25;25110.25;25085.25;25091.25;1194
20260311 142100;25091;25095;25073.5;25085;715
20260311 142200;25086.5;25092.25;25070.5;25076;704
20260311 142300;25076;25080.25;25060.75;25065.5;799
20260311 142400;25065.5;25065.75;25020;25024.75;1716
20260311 142500;25024.75;25036.5;25017.25;25019.5;1622
20260311 142600;25019.75;25026.5;25000.25;25013.5;2426
20260311 142700;25013.25;25024.25;25000.75;25009;927
20260311 142800;25009.25;25009.75;24983;24985.5;1698
20260311 142900;24984.75;24999.75;24978.75;24997.75;1012
20260311 143000;24997;25033.25;24995.25;25027.75;1670
20260311 143100;25027.75;25034.5;25015;25027;1659
20260311 143200;25028;25045;25003.5;25005.5;1624
20260311 143300;25004.5;25009;24988.25;24993;1248
20260311 143400;24992.75;24993.5;24973;24973;1293
20260311 143500;24973;24974.5;24958.25;24970;1526
20260311 143600;24970;25002;24968.5;24984.75;1570
20260311 143700;24984.75;25012.5;24984.25;25010.5;1194
20260311 143800;25011.5;25021;25002.75;25017;901
20260311 143900;25016.75;25033.5;25016.25;25020.25;1130
20260311 144000;25021;25025.5;24996.5;25009.75;1064
20260311 144100;25007.75;25024;25002.25;25014.75;730
20260311 144200;25014.5;25019.75;25002.25;25015.25;595
20260311 144300;25014.75;25032;25004;25023.5;770
20260311 144400;25024;25040.75;25021.25;25034.5;1215
20260311 144500;25034.75;25053;25032.5;25036.75;1082
20260311 144600;25037.25;25045.5;25026.75;25042.25;742
20260311 144700;25043;25051.25;25016.25;25016.25;755
20260311 144800;25017;25046.5;25017;25045.75;778
20260311 144900;25046.5;25057;25031.75;25042;865
20260311 145000;25042;25056;25041.75;25049.75;762
20260311 145100;25050.75;25059.25;25044.25;25053.75;535
20260311 145200;25054.5;25058.5;25042.25;25053.5;472
20260311 145300;25054.25;25058;25044;25046;435
20260311 145400;25045.75;25052.25;25037.5;25050;498
20260311 145500;25050.25;25053;25041.25;25049.5;430
20260311 145600;25049.75;25053.5;25037.75;25039;615
20260311 145700;25039;25050.75;25038.25;25045.75;460
20260311 145800;25046.75;25063.5;25043.75;25061.5;600
20260311 145900;25060.25;25080;25056.25;25070.5;1222
20260311 150000;25071;25072;25056.5;25065;690
20260311 150100;25065.75;25085.25;25064.75;25085.25;1139
20260311 150200;25086;25090;25058.25;25064.75;1109
20260311 150300;25063.5;25064.5;25032.75;25034.5;1456
20260311 150400;25034.5;25047.25;25028.25;25041.75;949
20260311 150500;25041.5;25073.75;25031.5;25073.75;987
20260311 150600;25073;25076.25;25053.5;25058.5;898
20260311 150700;25058.25;25060.5;25045.75;25049.5;462
20260311 150800;25050.25;25065.75;25049;25054.75;419
20260311 150900;25057;25058.5;25042.25;25047.75;525
20260311 151000;25046.25;25049.25;25037.5;25042;569
20260311 151100;25040;25058;25032.25;25033.25;872
20260311 151200;25032.75;25034;25012.5;25021.25;1047
20260311 151300;25021.5;25024;24959;24965;2832
20260311 151400;24965.5;24989.25;24954;24985.75;2360
20260311 151500;24986;25004;24978.25;24993.25;1534
20260311 151600;24994;24995.25;24962.75;24967.25;1845
20260311 151700;24966;24982.25;24963.75;24963.75;1587
20260311 151800;24964.75;24969.25;24953.5;24955;1363
20260311 151900;24955.25;24975;24947.5;24971.75;1432
20260311 152000;24971.5;24976.75;24959.25;24968.75;759
20260311 152100;24968.75;24991.25;24966;24978.25;1382
20260311 152200;24977.25;24985.5;24966;24975.25;758
20260311 152300;24975.25;24980;24958.5;24963.5;651
20260311 152400;24963;24993.5;24954;24988.5;1607
20260311 152500;24987.75;25006.75;24983;25002;927
20260311 152600;25002.25;25018.5;24995.25;24998.5;1744
20260311 152700;25000;25003;24981.75;24985.25;852
20260311 152800;24986.25;24988.5;24962.5;24985;979
20260311 152900;24984.5;24993.75;24972.25;24976.75;528
20260311 153000;24977.75;24978;24933;24935.25;1461
20260311 153100;24934.5;24946.5;24918;24920.5;2326
20260311 153200;24919;24927.25;24911.5;24920.5;1055
20260311 153300;24920;24936.5;24913.5;24934.5;1276
20260311 153400;24934.25;24945.25;24933.5;24941.75;1011
20260311 153500;24941;24961.75;24941;24951;1055
20260311 153600;24952;24958;24933.75;24937.75;1230
20260311 153700;24938.75;24957;24938.75;24946.5;538
20260311 153800;24946;24959;24943;24948.5;476
20260311 153900;24948.5;24963.25;24945.75;24954.5;562
20260311 154000;24955;24956.25;24934.5;24948.75;1126
20260311 154100;24948.75;24960.5;24942.75;24948.5;1160
20260311 154200;24949.75;24960.25;24942.5;24944.75;1153
20260311 154300;24945.75;24954.25;24939.5;24949.25;1054
20260311 154400;24949;24956.25;24939.5;24940.25;1176
20260311 154500;24941.75;24942.5;24917.75;24919.25;1427
20260311 154600;24920.25;24925.25;24910.75;24915.25;1185
20260311 154700;24916.25;24921;24907;24914.5;1078
20260311 154800;24913.5;24915.25;24903.75;24907.75;902
20260311 154900;24908;24908.5;24888;24895;1831
20260311 155000;24895;24920.25;24892.75;24912.25;1643
20260311 155100;24912.5;24934.5;24911.5;24929;1437
20260311 155200;24929.25;24953.75;24929.25;24947.75;1637
20260311 155300;24948.5;24953.5;24940.25;24949.5;768
20260311 155400;24949.5;24960;24944;24954.5;892
20260311 155500;24953.75;24958.5;24941.25;24957.25;702
20260311 155600;24956.75;24960;24940;24955;1196
20260311 155700;24954;24958;24943;24948.75;493
20260311 155800;24949.5;24956.25;24940.5;24948.25;621
20260311 155900;24948.25;24951;24931.75;24936;706
20260311 160000;24936.5;24943.75;24933;24934.75;629
20260311 160100;24934.25;24941;24915.5;24921.75;1529
20260311 160200;24921.75;24929.25;24917.5;24919.75;776
20260311 160300;24919;24926;24900.75;24918.5;1321
20260311 160400;24918.25;24925.25;24915;24915.25;398
20260311 160500;24914;24914.25;24900.25;24905;846
20260311 160600;24904.75;24915.5;24900.5;24903;576
20260311 160700;24903.5;24917;24900;24911.5;592
20260311 160800;24911.75;24919.75;24903.25;24903.25;471
20260311 160900;24903.25;24913.5;24897.75;24903.25;539
20260311 161000;24903.5;24910.25;24898;24907;480
20260311 161100;24907;24925;24898.25;24922.75;1371
20260311 161200;24923.25;24927.75;24909.75;24912.5;656
20260311 161300;24912.5;24916.5;24904.25;24913.5;609
20260311 161400;24913.5;24928.75;24911;24927.5;819
20260311 161500;24929;24935;24921.5;24933.5;681
20260311 161600;24933.75;24941;24919;24920.5;777
20260311 161700;24922;24932.5;24912;24929.75;642
20260311 161800;24930.5;24931;24918;24922.75;438
20260311 161900;24922.25;24936.75;24921.25;24932.25;533
20260311 162000;24931.5;24936.75;24907.75;24910.25;758
20260311 162100;24910.5;24918.5;24906;24912.75;489
20260311 162200;24912.75;24925.25;24907;24920.5;977
20260311 162300;24919.25;24940.25;24917.75;24938.5;622
20260311 162400;24939;24948;24932.75;24935.75;914
20260311 162500;24936;24936.25;24921.75;24932.25;702
20260311 162600;24932.5;24941.5;24928.5;24933.25;501
20260311 162700;24933.75;24938;24921.5;24937.5;644
20260311 162800;24937.25;24947.5;24937.25;24943.75;506
20260311 162900;24943.75;24950.25;24938.25;24948.75;562
20260311 163000;24948.25;24953;24941.75;24952.5;652
20260311 163100;24951;24975.5;24949.25;24974;1605
20260311 163200;24974;24989;24972;24988.5;1179
20260311 163300;24988.25;24997.5;24974.25;24981;1507
20260311 163400;24982;24990.25;24976.75;24989;808
20260311 163500;24988.75;25005.5;24988.5;24999;1151
20260311 163600;24998.75;25002;24991.75;25001.75;706
20260311 163700;25000.75;25003.25;24990.25;24994.75;656
20260311 163800;24995.25;25007;24994.75;25006.25;724
20260311 163900;25005;25006.5;24978.5;24981;769
20260311 164000;24981.25;24983.25;24967.25;24974;669
20260311 164100;24973.25;24986;24971;24985;709
20260311 164200;24984;25002.5;24979.75;25000.25;898
20260311 164300;24999.5;25001.75;24989;24992.75;554
20260311 164400;24992.75;24994;24979.25;24983.75;672
20260311 164500;24983.25;24986.5;24974.25;24980;510
20260311 164600;24980;24980.75;24967.75;24974;620
20260311 164700;24973.5;24988.75;24966;24988.5;657
20260311 164800;24988.25;24993.5;24985;24990;427
20260311 164900;24989.75;24990.25;24975.25;24979.5;467
20260311 165000;24979.75;24980.25;24967.5;24973.25;384
20260311 165100;24973.25;24984.75;24972;24980;360
20260311 165200;24980.25;24990.25;24979.5;24987.75;391
20260311 165300;24988.5;24991.25;24981;24986;295
20260311 165400;24985.75;24995;24985.75;24992.75;308
20260311 165500;24992.5;25000;24986.25;24996.25;386
20260311 165600;24996.5;25001.75;24993.5;24996;357
20260311 165700;24996;24998.75;24990.5;24998;270
20260311 165800;24998;25002.5;24994.25;25000;320
20260311 165900;24999.75;25012.5;24997;25009;561
20260311 170000;25009.25;25011;25000.5;25007.25;537
20260311 170100;25006.5;25026.5;25005.5;25019.75;1248
20260311 170200;25021;25022.25;25010;25010;346
20260311 170300;25011.75;25012.75;25003;25010.75;772
20260311 170400;25010.5;25018;25008.25;25016.5;437
20260311 170500;25016.75;25021.5;25006;25007.75;469
20260311 170600;25008;25019.5;25004.75;25017.25;302
20260311 170700;25017;25022;25009.5;25018.25;433
20260311 170800;25019;25025.75;25018.5;25023.75;346
20260311 170900;25024;25025.5;25011.25;25015.5;406
20260311 171000;25016;25017.25;25008;25011.75;449
20260311 171100;25012.25;25013;25001;25005.75;761
20260311 171200;25005.5;25008.25;24992;24993.5;671
20260311 171300;24994.5;24998.25;24988.75;24995.75;529
20260311 171400;24995.25;25007.75;24993.25;25002;564
20260311 171500;25001.75;25003.25;24985.5;24995.75;518
20260311 171600;24994.25;25002.5;24990.5;25001;403
20260311 171700;25001.25;25007.25;24997.75;25000.5;377
20260311 171800;25001.25;25006.25;24996.75;24998.5;297
20260311 171900;24997.25;24997.25;24975;24975.25;747
20260311 172000;24975.5;24981.25;24970.5;24979.25;666
20260311 172100;24979.75;24993;24977.25;24991.75;633
20260311 172200;24991;25000.75;24981.25;24997.25;582
20260311 172300;24996.75;25000.25;24991.25;24996.75;313
20260311 172400;24996;24997.5;24988.5;24991.5;319
20260311 172500;24992;25003.75;24990;25003.5;467
20260311 172600;25003;25010.5;24997.25;25005;703
20260311 172700;25004.5;25005;24997.75;24999.5;268
20260311 172800;25000.75;25021.5;24998;25007.75;881
20260311 172900;25009;25010;25001.25;25006;424
20260311 173000;25006;25007.5;24998.5;25007.5;272
20260311 173100;25007.5;25016.75;25007;25009;525
20260311 173200;25009.25;25010;24990.25;25000.25;679
20260311 173300;25000.25;25008.25;24996;25004;372
20260311 173400;25003.25;25013.75;25001;25009.25;444
20260311 173500;25009;25010.75;24994.25;24997;532
20260311 173600;24996.5;25007.75;24992.25;24993.75;447
20260311 173700;24994;24994.75;24952.25;24953.75;1182
20260311 173800;24954;24961.25;24896.75;24905.75;2911
20260311 173900;24905.75;24909.5;24873.5;24884.5;3134
20260311 174000;24883.5;24927.25;24883;24922.25;2165
20260311 174100;24921.25;24948.25;24917.25;24919;1974
20260311 174200;24919.75;24924.25;24907.25;24918;1033
20260311 174300;24917.25;24924;24899;24915.25;1006
20260311 174400;24916;24929.75;24903.25;24911;1098
20260311 174500;24910.5;24942.75;24908.25;24934;919
20260311 174600;24935.5;24936.5;24917.5;24927.75;1245
20260311 174700;24929.75;24933.75;24916.25;24931.5;603
20260311 174800;24931.5;24950.75;24929.5;24939.5;896
20260311 174900;24940.25;24943.25;24927.5;24932.75;474
20260311 175000;24933.25;24949.5;24927;24946.25;564
20260311 175100;24945.75;24969.75;24945.75;24968.75;1294
20260311 175200;24968.25;24984.75;24956.75;24973;927
20260311 175300;24974.25;24983;24966.75;24966.75;702
20260311 175400;24967.75;24972.25;24957;24963.5;586
20260311 175500;24963.75;24969.5;24951.75;24952.75;551
20260311 175600;24951.75;24953.75;24929;24941.75;1066
20260311 175700;24942.75;24955;24929.75;24934.5;897
20260311 175800;24935.25;24947.5;24934.75;24945.75;476
20260311 175900;24945;24959.25;24936.25;24955.5;488
20260311 180000;24954.75;24965.25;24951;24951;532
20260311 180100;24951.5;24961.75;24945.5;24950.25;609
20260311 180200;24950.25;24957.5;24943;24947.5;510
20260311 180300;24947;24958.5;24944.5;24950.25;432
20260311 180400;24950;24958.5;24947.75;24952;305
20260311 180500;24952;24953.5;24944.75;24949;300
20260311 180600;24949.25;24951.25;24934.25;24940.75;465
20260311 180700;24940.25;24944.75;24936.25;24938.75;355
20260311 180800;24939.75;24948;24930.5;24944.75;491
20260311 180900;24944.5;24945.25;24929.5;24932;398
20260311 181000;24932.5;24933.25;24916;24920;711
20260311 181100;24919.75;24922;24908;24909;600
20260311 181200;24909.5;24913;24894;24895.25;866
20260311 181300;24895;24901.75;24888.75;24896;922
20260311 181400;24895.25;24907.5;24890.75;24906.75;843
20260311 181500;24906.5;24915.5;24900.5;24913;746
20260311 181600;24913.5;24921.75;24904.25;24909.75;1221
20260311 181700;24911.5;24913;24903.25;24908.25;425
20260311 181800;24908.75;24909.25;24901.75;24905.75;338
20260311 181900;24908.25;24931.25;24906;24930;784
20260311 182000;24930.75;24933.5;24918;24922.25;478
20260311 182100;24921.75;24937.25;24921.25;24932.75;547
20260311 182200;24932.75;24944.5;24929.25;24941.5;654
20260311 182300;24941;24941;24918.5;24925;576
20260311 182400;24924.5;24929.25;24920.75;24927.75;297
20260311 182500;24927.5;24928;24908;24927;961
20260311 182600;24926;24931.5;24921.75;24925;386
20260311 182700;24923.75;24933.75;24922.25;24929.25;339
20260311 182800;24930.25;24948.25;24930.25;24940.25;694
20260311 182900;24940.5;24958;24940;24947.25;1231
20260311 183000;24947.75;24951;24936.5;24947;1332
20260311 183100;24948.25;24960.5;24945;24955.25;2143
20260311 183200;24955.75;24961.25;24950;24959.75;755
20260311 183300;24960;24961.75;24946.25;24950.25;556
20260311 183400;24950.75;24958.25;24949;24952.25;342
20260311 183500;24952.25;24965.25;24948.25;24963.75;415
20260311 183600;24963.5;24965;24953.5;24955.25;719
20260311 183700;24955;24961.75;24952;24956.5;480
20260311 183800;24956.75;24956.75;24945;24953.25;1031
20260311 183900;24953;24961.25;24949.5;24958.25;533
20260311 184000;24959.25;24962.5;24947.25;24947.75;385
20260311 184100;24947.5;24949.5;24942.25;24948.25;536
20260311 184200;24948.5;24954.25;24937.5;24938;459
20260311 184300;24938.5;24942.75;24934.25;24940.5;287
20260311 184400;24941.5;24945;24934.25;24942;274
20260311 184500;24941.5;24946.25;24939.75;24943;209
20260311 184600;24943.75;24950.25;24942;24945.5;304
20260311 184700;24946;24955.25;24941.5;24943.25;420
20260311 184800;24944.5;24949.5;24937.25;24946;330
20260311 184900;24945.75;24948.5;24931.25;24934.25;592
20260311 185000;24934.5;24936.5;24930;24933;206
20260311 185100;24933.25;24942.25;24933;24942.25;264
20260311 185200;24941.5;24959.75;24941;24956;633
20260311 185300;24956.25;24965.75;24954.25;24955.5;669
20260311 185400;24956.5;24956.5;24940;24949.5;442
20260311 185500;24948.75;24971.75;24948.75;24963;1112
20260311 185600;24963;24977;24961.25;24969.25;799
20260311 185700;24970.75;24974.5;24961.25;24964;414
20260311 185800;24963.25;24963.5;24952.5;24959.5;443
20260311 185900;24958.5;24963.75;24947;24954.75;1298
20260311 190000;24954.25;24960;24950.25;24957.5;425
20260311 190100;24958;24965.75;24957.5;24961.75;612
20260311 190200;24961.75;24965.25;24944;24944;544
20260311 190300;24943.75;24944.25;24927.5;24930.75;711
20260311 190400;24930.75;24947.5;24925.5;24945.25;1189
20260311 190500;24945;24954.75;24943.5;24943.75;670
20260311 190600;24944.25;24947.75;24935.75;24936;511
20260311 190700;24936.25;24944.75;24933.5;24943;307
20260311 190800;24943.5;24945;24938.25;24940;247
20260311 190900;24939.5;24948.5;24937.5;24942.75;292
20260311 191000;24942.25;24948;24941.5;24943;149
20260311 191100;24944.25;24946;24939.5;24941.25;310
20260311 191200;24941.25;24942.25;24927.75;24929;793
20260311 191300;24929;24931;24920.25;24924.25;909
20260311 191400;24923.75;24928;24916;24920.25;495
20260311 191500;24920;24926.75;24918;24921.75;426
20260311 191600;24921;24924.75;24913.5;24914.5;930
20260311 191700;24915;24929.75;24914.75;24923.5;525
20260311 191800;24923.75;24937.5;24923.75;24935.5;519
20260311 191900;24936;24938.5;24929.25;24934.5;518
20260311 192000;24935;24939.75;24929.75;24935.75;407
20260311 192100;24934.25;24939.5;24931.75;24935.5;355
20260311 192200;24936;24938.25;24926;24929.5;289
20260311 192300;24928.25;24928.5;24916.5;24918;444
20260311 192400;24919.5;24923;24915.5;24923;352
20260311 192500;24923.75;24932.5;24918.75;24930.75;407
20260311 192600;24930.75;24944.75;24930;24936.25;620
20260311 192700;24937.25;24943.75;24934.5;24938.5;358
20260311 192800;24938.25;24942.75;24935.25;24937.25;315
20260311 192900;24937.5;24941.5;24928;24929.75;453
20260311 193000;24930.25;24938.5;24929.75;24934.75;260
20260311 193100;24935;24944.25;24935;24938;608
20260311 193200;24938.75;24941.75;24928.5;24932.25;376
20260311 193300;24932;24947.25;24929.75;24945.75;419
20260311 193400;24946;24953.75;24944.75;24950.5;569
20260311 193500;24950;24973.5;24949;24968;1053
20260311 193600;24968.75;24970.75;24955.75;24959.25;638
20260311 193700;24959.5;24963;24954.75;24961.5;423
20260311 193800;24961.25;24968;24959.5;24968;310
20260311 193900;24968;24979.75;24967.25;24968.75;805
20260311 194000;24968.75;24971;24963;24970;344
20260311 194100;24970;24988;24970;24978.5;650
20260311 194200;24978.5;24979.5;24964;24965.25;437
20260311 194300;24966;24973;24965.5;24965.5;402
20260311 194400;24965.75;24969.75;24964;24969;253
20260311 194500;24969;24977.5;24969;24977;336
20260311 194600;24976;24985.25;24970;24972;762
20260311 194700;24972.25;24976.75;24966;24972.5;323
20260311 194800;24973;24973;24967.25;24968.25;275
20260311 194900;24968.5;24969.5;24958.25;24959.25;550
20260311 195000;24959.25;24963;24955;24961.5;435
20260311 195100;24961.25;24975.5;24957.25;24970.25;1081
20260311 195200;24971;24984.5;24967.25;24981.25;696
20260311 195300;24981.5;24983;24977.25;24978;552
20260311 195400;24978.5;24987;24975.5;24986.75;583
20260311 195500;24986.25;24998;24981.75;24994.75;1125
20260311 195600;24993.5;25006.75;24988;24990.25;1213
20260311 195700;24990.75;24991.75;24983.75;24987.5;663
20260311 195800;24988.25;24988.5;24983.5;24986.5;611
20260311 195900;24986.75;24991.25;24984.25;24988;1109
20260311 200000;24988;24990.25;24980.75;24983.75;4509
20260311 200100;24984;24990.75;24973;24973;2415
20260311 200200;24972.75;24973.5;24952;24956.25;1235
20260311 200300;24956.5;24956.75;24947.5;24949.25;667
20260311 200400;24948.75;24957;24947.5;24954.25;522
20260311 200500;24954.25;24961;24952.25;24953;329
20260311 200600;24953;24959.5;24949.5;24959.25;457
20260311 200700;24958.25;24967.5;24955.25;24966.75;433
20260311 200800;24966.5;24971.25;24965;24971.25;372
20260311 200900;24971;24971;24961.25;24961.25;322
20260311 201000;24960.5;24968;24959.25;24965.5;177
20260311 201100;24965.5;24968.5;24964.25;24967.25;144
20260311 201200;24966.75;24971.75;24966.75;24970.25;137
20260311 201300;24970;24973.5;24969;24969.25;136
20260311 201400;24969.5;24970.25;24962.5;24964;184
20260311 201500;24963.75;24968.75;24963.75;24963.75;210
20260311 201600;24964.5;24969;24962.25;24965;191
20260311 201700;24965.5;24966;24959.75;24960.5;123
20260311 201800;24960.5;24964.75;24958.75;24964.5;87
20260311 201900;24964.75;24967.25;24964.5;24967;83
20260311 202000;24966.5;24970;24966.5;24968.25;94
20260311 202100;24968.25;24968.5;24963.75;24964.5;92
20260311 202200;24964.75;24966.5;24962;24964.75;68
20260311 202300;24965.25;24966.25;24962.25;24963;55
20260311 202400;24963;24965.5;24962.25;24964.75;61
20260311 202500;24965.5;24965.75;24962.75;24964.75;35
20260311 202600;24964;24966;24963;24964.5;53
20260311 202700;24965;24966;24963;24963.75;90
20260311 202800;24963.75;24965;24963;24964.5;60
20260311 202900;24963.25;24966;24961.5;24964.5;150
20260311 203000;24964.5;24966.75;24964;24965.5;56
20260311 203100;24964.25;24964.5;24961.5;24962.25;74
20260311 203200;24962.5;24966;24962.25;24966;60
20260311 203300;24965.75;24966.5;24965;24965;42
20260311 203400;24965;24965;24963.5;24963.75;33
20260311 203500;24963.5;24966.25;24963.25;24965.5;62
20260311 203600;24964.25;24965.25;24962.5;24963.5;44
20260311 203700;24963.25;24964.25;24960.5;24963.25;80
20260311 203800;24962;24968.25;24962;24965.75;61
20260311 203900;24965.75;24965.75;24964;24964.25;45
20260311 204000;24964.5;24964.75;24963.5;24963.5;17
20260311 204100;24963;24964;24961;24961.5;40
20260311 204200;24962;24964.75;24962;24964;46
20260311 204300;24964.75;24967.25;24964.5;24967;32
20260311 204400;24966.75;24968.5;24966;24968.5;44
20260311 204500;24968.75;24969;24967.75;24968.25;27
20260311 204600;24967.5;24968.5;24966.5;24967.75;46
20260311 204700;24967.75;24968.5;24964.5;24966;62
20260311 204800;24965.5;24967;24962.25;24962.5;46
20260311 204900;24963;24963.5;24959.75;24960.75;94
20260311 205000;24960.75;24962;24960.25;24962;38
20260311 205100;24961;24962.25;24955.25;24955.25;121
20260311 205200;24955.5;24956.25;24949.5;24949.75;73
20260311 205300;24949.5;24950.25;24948;24950.25;53
20260311 205400;24950;24952.75;24949.75;24950.25;64
20260311 205500;24950;24953.25;24949.5;24949.5;54
20260311 205600;24949.25;24953.75;24948.25;24948.25;113
20260311 205700;24947;24947.25;24943.25;24947;162
20260311 205800;24946.5;24948.5;24940.5;24947;199
20260311 205900;24947.25;24952;24945.75;24947.5;151
20260311 210000;24948.25;24948.75;24940;24945.5;203
20260311 220100;24934.5;24949.25;24918;24930;486
20260311 220200;24930.75;24932.25;24915;24919.5;217
20260311 220300;24920;24920;24909.25;24911.75;210
20260311 220400;24913.5;24917;24908.5;24914.75;137
20260311 220500;24913.75;24920.75;24909;24911.25;134
20260311 220600;24911.75;24916.5;24900.5;24904.25;223
20260311 220700;24905.75;24914.5;24898.25;24902;274
20260311 220800;24901;24902.75;24895.5;24897.25;151
20260311 220900;24897.25;24907;24896.5;24902;119
20260311 221000;24902.25;24903;24892;24898.5;147
20260311 221100;24898.5;24900;24890.5;24895.25;139
20260311 221200;24894.5;24895;24892.25;24893.25;64
20260311 221300;24893;24904.75;24890.5;24904;173
20260311 221400;24903.5;24903.75;24899.75;24902;64
20260311 221500;24901.5;24905;24900;24904.75;78
20260311 221600;24905;24906.5;24898.75;24899.5;164
20260311 221700;24898.75;24905.25;24896;24897.75;107
20260311 221800;24898;24905.25;24896.25;24903.75;86
20260311 221900;24904.25;24905.75;24898.25;24904.25;90
20260311 222000;24903.75;24905.5;24900.25;24902;98
20260311 222100;24901.25;24903.25;24895.75;24900;124
20260311 222200;24900;24904;24890.75;24893.25;241
20260311 222300;24893.25;24898.5;24890.5;24896.25;111
20260311 222400;24896.75;24896.75;24885;24892.75;205
20260311 222500;24893;24894.5;24868.5;24872.25;434
20260311 222600;24873.25;24885;24872.25;24878.5;176
20260311 222700;24880;24884;24862.75;24876.5;253
20260311 222800;24877;24882;24860.5;24860.75;343
20260311 222900;24862;24865;24842;24858.75;606
20260311 223000;24858.25;24867.25;24856.75;24858.5;194
20260311 223100;24862.5;24870.5;24860.5;24864;223
20260311 223200;24864;24869.75;24855.75;24856.75;103
20260311 223300;24856.25;24870;24853.75;24866.5;160
20260311 223400;24866.25;24868;24862;24864.5;64
20260311 223500;24864;24864;24851;24852;117
20260311 223600;24852.5;24852.5;24840.5;24842.5;324
20260311 223700;24843;24848.25;24833.25;24834.5;292
20260311 223800;24834.75;24837.5;24827.75;24828.25;365
20260311 223900;24828.25;24833.75;24821;24825.5;388
20260311 224000;24824.5;24831.5;24822.5;24825.25;179
20260311 224100;24825;24833;24822;24830.25;200
20260311 224200;24829.25;24833;24824;24829.5;162
20260311 224300;24828.5;24831.25;24816.5;24821;255
20260311 224400;24821;24835.25;24821;24833.5;192
20260311 224500;24833.25;24840.75;24829.75;24830;146
20260311 224600;24831.75;24844.25;24831;24843.5;156
20260311 224700;24841.75;24846.25;24836.75;24838.75;153
20260311 224800;24837.75;24845.5;24837.75;24841;94
20260311 224900;24841.5;24843;24835.25;24840.25;86
20260311 225000;24840.25;24844.5;24839.75;24842.5;55
20260311 225100;24844;24844;24838;24838.75;58
20260311 225200;24838.75;24841;24834.25;24837.5;56
20260311 225300;24836.5;24842.5;24836.25;24842.25;65
20260311 225400;24842.25;24842.25;24836.75;24839.75;48
20260311 225500;24839.25;24842.75;24833;24835;62
20260311 225600;24835.5;24845.5;24826.25;24827.5;274
20260311 225700;24827.5;24830;24817;24828.5;305
20260311 225800;24828.75;24836.75;24826.75;24831.5;140
20260311 225900;24831;24844.25;24830.5;24840.75;190
20260311 230000;24840.75;24852;24839.75;24849.5;272
20260311 230100;24848.25;24853.75;24844.5;24845.25;171
20260311 230200;24846.25;24847.25;24835.75;24841.5;207
20260311 230300;24841.5;24846.25;24834.25;24846.25;144
20260311 230400;24844.75;24847.5;24843.75;24845.5;59
20260311 230500;24845.75;24849.75;24842.75;24846;84
20260311 230600;24845.25;24846.75;24842.5;24843.5;46
20260311 230700;24843.25;24848.5;24833.5;24837;125
20260311 230800;24836.75;24843.25;24836.25;24841.25;95
20260311 230900;24841.5;24842.75;24820;24820.75;193
20260311 231000;24820.75;24832;24787.25;24810.75;775
20260311 231100;24810;24820;24807.75;24818.75;222
20260311 231200;24820;24831.75;24815.75;24831.75;156
20260311 231300;24830.25;24839.75;24828;24832;188
20260311 231400;24833;24836;24831.75;24834;99
20260311 231500;24833;24837;24827.25;24828.75;132
20260311 231600;24828;24834.75;24824.25;24826;87
20260311 231700;24825;24836.75;24825;24835.25;109
20260311 231800;24834.25;24836.75;24827.75;24833;49
20260311 231900;24832;24838.25;24831.5;24835.75;61
20260311 232000;24834;24835.75;24831;24833.25;32
20260311 232100;24833.25;24844.75;24833.25;24844.5;99
20260311 232200;24843.5;24847.75;24839;24839;91
20260311 232300;24839;24841;24827;24830.75;215
20260311 232400;24831;24831.75;24822.5;24827.25;117
20260311 232500;24826.25;24828.75;24820.5;24821;67
20260311 232600;24820;24821;24807.25;24811;350
20260311 232700;24811.25;24819;24803.75;24818;192
20260311 232800;24816.75;24819;24813.5;24815;57
20260311 232900;24814.5;24822.25;24807;24809.25;202
20260311 233000;24810.75;24812;24802.75;24804.5;279
20260311 233100;24803.75;24804.5;24776;24776.5;803
20260311 233200;24777;24784.5;24758;24764.5;521
20260311 233300;24762.75;24776.25;24760;24769.5;500
20260311 233400;24768.5;24779.5;24759.75;24760.5;255
20260311 233500;24759.25;24765.5;24751.25;24759.25;426
20260311 233600;24758.5;24775.25;24746;24770;682
20260311 233700;24770.5;24774.25;24766;24768.25;116
20260311 233800;24767;24770.5;24755.5;24756.5;109
20260311 233900;24758;24761.25;24749.25;24751.25;264
20260311 234000;24750.5;24765.5;24748;24765.5;251
20260311 234100;24766;24768;24757;24764.25;153
20260311 234200;24760.75;24763.75;24753.75;24762.75;137
20260311 234300;24761.75;24769;24760;24765.5;111
20260311 234400;24763.25;24766;24754.25;24757.5;103
20260311 234500;24756.75;24756.75;24739;24739.25;532
20260311 234600;24739.25;24747;24733.25;24735.5;529
20260311 234700;24736.25;24754.25;24735;24752.25;356
20260311 234800;24752.5;24758.25;24747.5;24756.75;297
20260311 234900;24756;24759;24749.25;24757.5;162
20260311 235000;24756;24767;24755.5;24764.25;136
20260311 235100;24764.75;24780.75;24760.75;24780.75;486
20260311 235200;24781;24782.75;24767.75;24770.25;267
20260311 235300;24770.25;24778.5;24767.25;24778.5;267
20260311 235400;24778.5;24786.75;24777.5;24781;162
20260311 235500;24781;24781.5;24774.75;24781;87
20260311 235600;24781.5;24783.75;24779.25;24783.5;62
20260311 235700;24784;24785;24781;24782.25;59
20260311 235800;24782.75;24782.75;24777.5;24777.5;50
20260311 235900;24777;24788;24772.5;24785.5;158
20260312 000000;24785;24789.5;24780.75;24787.75;132
20260312 000100;24788;24791;24779.5;24781.5;227
20260312 000200;24781;24785.75;24768.75;24772;236
20260312 000300;24770.75;24780.75;24769;24780;93
20260312 000400;24779.75;24783.25;24770;24770;120
20260312 000500;24768.75;24776;24764.25;24766.25;248
20260312 000600;24768.5;24768.75;24753;24761.25;319
20260312 000700;24760.5;24760.5;24750.5;24754;178
20260312 000800;24754;24755;24744;24748.25;236
20260312 000900;24748.75;24753.5;24744.5;24752.75;140
20260312 001000;24754;24759;24748.75;24757.75;161
20260312 001100;24759.5;24771.5;24759.25;24766.5;231
20260312 001200;24768.25;24774;24766;24767.25;101
20260312 001300;24765.5;24770.25;24761.25;24767.5;89
20260312 001400;24766.75;24767.75;24760.5;24765.75;61
20260312 001500;24765;24766.5;24754;24755.25;208
20260312 001600;24755.75;24759.75;24745;24748.75;366
20260312 001700;24749;24769.5;24740;24768;345
20260312 001800;24766.5;24779.5;24765.75;24777.25;251
20260312 001900;24776.5;24781;24765.75;24765.75;221
20260312 002000;24766.5;24772.25;24763.25;24768.5;134
20260312 002100;24768.25;24779.25;24767.75;24775.5;135
20260312 002200;24776.75;24777;24768;24771.5;75
20260312 002300;24772;24773.25;24764.5;24764.5;47
20260312 002400;24763.25;24773.5;24761.25;24772.5;132
20260312 002500;24773.5;24779.5;24772.25;24779.5;102
20260312 002600;24779;24781.5;24762.75;24767;188
20260312 002700;24766.5;24768.5;24756.5;24759.5;174
20260312 002800;24757.75;24763.25;24756.5;24763;84
20260312 002900;24764;24768;24761.75;24763;99
20260312 003000;24763;24774.75;24761.75;24769.25;85
20260312 003100;24768.5;24774.25;24765.25;24769.75;99
20260312 003200;24772.5;24783;24772.5;24780.5;121
20260312 003300;24781;24784.25;24772.75;24772.75;120
20260312 003400;24773.75;24774.75;24768;24772.5;164
20260312 003500;24771.75;24781;24771.75;24778.5;136
20260312 003600;24779.75;24796.75;24779.75;24796.75;301
20260312 003700;24795.5;24797.5;24791.75;24792;199
20260312 003800;24792.75;24794.75;24790.25;24792.5;86
20260312 003900;24791;24794.25;24789.5;24794.25;45
20260312 004000;24794.75;24803.25;24793.25;24802;180
20260312 004100;24802;24805;24794.25;24794.25;164
20260312 004200;24795.25;24796.5;24791.25;24792.5;84
20260312 004300;24793.25;24793.5;24788.25;24788.75;89
20260312 004400;24788.75;24792.5;24786.5;24791.75;104
20260312 004500;24792.75;24795.75;24791.75;24795.25;70
20260312 004600;24795;24796.75;24789.25;24795.5;104
20260312 004700;24795.75;24796.5;24788.5;24790.5;63
20260312 004800;24792.5;24804.25;24791.25;24803.5;106
20260312 004900;24803.25;24804.75;24796.75;24800;79
20260312 005000;24800.75;24800.75;24793;24800.25;61
20260312 005100;24798.25;24799.75;24789;24790.75;60
20260312 005200;24790.25;24791.5;24782.75;24784.5;82
20260312 005300;24784.75;24786.75;24782;24784.5;64
20260312 005400;24784.5;24789.5;24782.75;24786.25;78
20260312 005500;24786.75;24791;24786.75;24790.25;35
20260312 005600;24789.25;24790;24786.75;24789.25;19
20260312 005700;24790;24798.25;24789.25;24794.25;105
20260312 005800;24795;24798;24785.5;24789;102
20260312 005900;24789.25;24795.5;24788;24794;42
20260312 010000;24793.25;24796.25;24790.25;24791.25;49
20260312 010100;24790.75;24802;24785.5;24796.75;97
20260312 010200;24795;24796.25;24787;24791.25;73
20260312 010300;24794.5;24795.5;24788;24788;48
20260312 010400;24788.5;24795;24788;24793.25;38
20260312 010500;24794;24799.25;24790.75;24793.25;51
20260312 010600;24792.5;24796.75;24778;24784.25;260
20260312 010700;24784.75;24787.25;24770;24786;254
20260312 010800;24786.25;24787.5;24777.5;24784.25;96
20260312 010900;24783.5;24784.75;24772;24777.5;128
20260312 011000;24776.5;24787.5;24776;24783.25;128
20260312 011100;24782.5;24794.5;24782.5;24785.5;141
20260312 011200;24786.25;24790;24775;24777.5;118
20260312 011300;24778.25;24783.25;24771.75;24780.25;123
20260312 011400;24780.5;24788.75;24779;24779;141
20260312 011500;24779.25;24790;24779.25;24786;101
20260312 011600;24784;24799.75;24782;24799.5;146
20260312 011700;24798.75;24798.75;24792.75;24795.5;55
20260312 011800;24793.5;24797.5;24791.25;24796.75;30
20260312 011900;24797;24799.5;24793;24797;69
20260312 012000;24796.75;24796.75;24790;24792.75;67
20260312 012100;24793.75;24798.25;24792;24792.5;38
20260312 012200;24791.25;24799.75;24787.25;24799.75;83
20260312 012300;24800;24813.5;24799.5;24813.5;271
20260312 012400;24813.25;24819.5;24807.75;24818.25;231
20260312 012500;24818;24818;24808.25;24812.5;140
20260312 012600;24811;24813;24809.5;24810.25;78
20260312 012700;24810.5;24812;24806.5;24807.25;55
20260312 012800;24808;24811.5;24806.75;24807.5;46
20260312 012900;24809.25;24816;24809;24815.5;95
20260312 013000;24816;24819.75;24812.5;24819.5;104
20260312 013100;24819.25;24828;24818.25;24823.5;220
20260312 013200;24824;24826;24818.5;24819.25;43
20260312 013300;24818.75;24825.75;24818.75;24824.25;60
20260312 013400;24825.75;24828;24818.25;24820.75;65
20260312 013500;24821.5;24829;24820.75;24827.5;92
20260312 013600;24826.75;24830;24825;24825.75;85
20260312 013700;24826.25;24834.5;24826.25;24829.75;155
20260312 013800;24830.25;24836;24830.25;24834;81
20260312 013900;24834.5;24836;24829;24836;169
20260312 014000;24835.25;24837.25;24832.75;24834;76
20260312 014100;24834.25;24840;24833.75;24835.75;140
20260312 014200;24836.5;24838.75;24832.5;24834.25;45
20260312 014300;24834;24840;24832.5;24840;61
20260312 014400;24840;24842.25;24835.75;24835.75;100
20260312 014500;24837;24837.5;24834;24837.5;54
20260312 014600;24836;24836.25;24825.25;24828.75;177
20260312 014700;24828;24828.5;24823;24824.5;109
20260312 014800;24824.75;24824.75;24820;24823.5;103
20260312 014900;24822.5;24822.5;24815.5;24816.75;139
20260312 015000;24816.25;24816.5;24805.75;24805.75;142
20260312 015100;24805.5;24806.5;24794.5;24794.5;192
20260312 015200;24795.75;24800.5;24793;24793.75;117
20260312 015300;24793.25;24796.75;24786.5;24789;148
20260312 015400;24788.5;24788.5;24776.5;24778;225
20260312 015500;24777.25;24782.75;24772;24777.75;218
20260312 015600;24777.5;24787.25;24775.75;24778.75;165
20260312 015700;24778.25;24785.75;24777;24781.25;84
20260312 015800;24782.25;24785.75;24780.75;24784;45
20260312 015900;24782.75;24788.5;24780.75;24785;86
20260312 020000;24786.25;24792;24786.25;24789.5;64
20260312 020100;24790.5;24790.75;24782.75;24783.5;131
20260312 020200;24783.75;24788;24780.5;24784.5;84
20260312 020300;24788;24790;24781.5;24786;172
20260312 020400;24787;24788.5;24784;24787;53
20260312 020500;24786.75;24796;24786.25;24788;146
20260312 020600;24787.75;24787.75;24781.75;24785.75;65
20260312 020700;24785.5;24791.75;24785.5;24787.5;82
20260312 020800;24787;24787.5;24779.25;24784.75;85
20260312 020900;24787.25;24789.5;24785;24786.75;24
20260312 021000;24788.25;24788.25;24784.5;24784.5;33
20260312 021100;24784.25;24787;24780;24780;41
20260312 021200;24779;24781;24774;24774;75
20260312 021300;24775;24782.5;24775;24782.5;56
20260312 021400;24782;24782.75;24777;24782;41
20260312 021500;24782.25;24782.25;24776.75;24776.75;34
20260312 021600;24776.25;24778.5;24772.5;24777.75;84
20260312 021700;24777;24786;24775.5;24784;94
20260312 021800;24784.25;24785.5;24778;24779.5;64
20260312 021900;24778.5;24779.5;24773.75;24778.5;78
20260312 022000;24776.5;24780.25;24774.75;24774.75;30
20260312 022100;24774;24776;24771.25;24772.5;64
20260312 022200;24772.25;24774.75;24760.25;24760.25;235
20260312 022300;24760.75;24764;24749.25;24752.5;328
20260312 022400;24752.5;24758;24750;24755.75;97
20260312 022500;24756.5;24765.25;24756.5;24757;85
20260312 022600;24756.5;24761.75;24756.5;24761.75;77
20260312 022700;24763;24763;24755.5;24758.5;69
20260312 022800;24758.25;24763.25;24758;24759.5;72
20260312 022900;24757.25;24758.5;24754;24755.75;46
20260312 023000;24756;24757.5;24753.25;24754.5;56
20260312 023100;24753.75;24755;24746.25;24750.5;205
20260312 023200;24750.75;24759.75;24750.5;24758.5;111
20260312 023300;24759.75;24760;24752.5;24753.25;42
20260312 023400;24751.5;24754.75;24741;24745.5;159
20260312 023500;24743.75;24746;24741;24741;98
20260312 023600;24740.75;24742.5;24726.25;24732;435
20260312 023700;24732;24732;24712.25;24716.75;299
20260312 023800;24716;24720.5;24713;24714.5;162
20260312 023900;24715.5;24716.5;24707.25;24711.5;289
20260312 024000;24711.5;24719;24710;24715.75;223
20260312 024100;24717.25;24722.5;24704.25;24721.75;333
20260312 024200;24721.25;24734.75;24720;24727.75;281
20260312 024300;24728.5;24733.25;24725.5;24730.75;132
20260312 024400;24732.5;24735.75;24728.25;24734;114
20260312 024500;24734.75;24735;24729.25;24731;44
20260312 024600;24733.5;24737.5;24731;24731;87
20260312 024700;24730.25;24737.5;24727.75;24735.75;137
20260312 024800;24735;24735;24723.5;24727;176
20260312 024900;24727.75;24731.75;24723.75;24725;65
20260312 025000;24721.75;24723.5;24717;24719;86
20260312 025100;24720;24726;24710.25;24721.75;216
20260312 025200;24722;24728.75;24718.25;24725;107
20260312 025300;24723.5;24727;24721.5;24725;99
20260312 025400;24726;24731.75;24725.75;24728.5;67
20260312 025500;24726.75;24728.5;24722;24722.25;40
20260312 025600;24723.5;24735;24722.25;24730.5;124
20260312 025700;24730.5;24735.25;24727.75;24731.25;46
20260312 025800;24731;24735.25;24730;24730.75;94
20260312 025900;24731.5;24733.5;24730;24730.75;24
20260312 030000;24730.5;24731.5;24726.5;24731;55
20260312 030100;24729.75;24730;24726;24727.5;51
20260312 030200;24729.25;24734;24729.25;24731.5;87
20260312 030300;24730.5;24741.5;24730.5;24737.25;177
20260312 030400;24738.5;24741.25;24738.25;24740.5;47
20260312 030500;24739.75;24741.5;24735.75;24739.5;47
20260312 030600;24739.25;24742.75;24737.5;24741.25;95
20260312 030700;24742.25;24749.5;24742.25;24747.5;130
20260312 030800;24748.75;24758.5;24747;24756.5;196
20260312 030900;24756.75;24758;24748.5;24748.5;83
20260312 031000;24749.5;24751.5;24745;24747.75;56
20260312 031100;24747.75;24753;24747.75;24749;91
20260312 031200;24749.5;24750;24740.5;24740.5;120
20260312 031300;24740.25;24743.25;24731.75;24733.25;145
20260312 031400;24734.5;24735.75;24730;24730.75;58
20260312 031500;24732;24733.75;24730.25;24732;56
20260312 031600;24731.25;24737;24730;24736.25;46
20260312 031700;24737;24737;24724.25;24727.25;74
20260312 031800;24727.25;24735.75;24726;24734.75;61
20260312 031900;24734.75;24735;24732;24732;21
20260312 032000;24732.25;24733.25;24730.25;24733.25;14
20260312 032100;24734;24742.75;24733;24738.25;84
20260312 032200;24738.25;24740.25;24734.5;24737;19
20260312 032300;24736.25;24736.25;24733.75;24734.5;27
20260312 032400;24738;24742.25;24737.75;24742.25;18
20260312 032500;24742.75;24742.75;24738.75;24740.5;29
20260312 032600;24739.75;24739.75;24734.25;24734.25;38
20260312 032700;24735.25;24735.25;24721.75;24724.25;139
20260312 032800;24725;24726.75;24722.5;24724.25;61
20260312 032900;24724;24725;24722.5;24723.5;40
20260312 033000;24722.5;24728;24721;24721.5;72
20260312 033100;24723.25;24724;24716.5;24717.25;149
20260312 033200;24716;24722.25;24715.25;24719.25;93
20260312 033300;24719.75;24722.75;24714.25;24718;117
20260312 033400;24717.75;24719.75;24710.75;24714.75;97
20260312 033500;24714.25;24716.75;24710.75;24711.25;78
20260312 033600;24710.75;24715.5;24710;24714;82
20260312 033700;24715.25;24724.75;24713.5;24719.25;133
20260312 033800;24719;24719;24702.75;24703.75;269
20260312 033900;24702.25;24706;24695.5;24700.75;293
20260312 034000;24700.25;24704.25;24698.25;24700.25;125
20260312 034100;24699;24708.5;24698.5;24707;103
20260312 034200;24705;24707.5;24703.5;24707;60
20260312 034300;24708;24713;24707;24712;138
20260312 034400;24711;24715.25;24710;24710.25;84
20260312 034500;24711.25;24712.75;24707.75;24709;34
20260312 034600;24709.75;24714.5;24705.75;24713.5;45
20260312 034700;24713.5;24719.75;24713.25;24714.5;84
20260312 034800;24713.75;24713.75;24705;24706.75;56
20260312 034900;24706.25;24712.5;24705;24711.5;64
20260312 035000;24712.25;24716.5;24710.25;24715.75;31
20260312 035100;24717.25;24723.75;24717.25;24722.25;127
20260312 035200;24723;24728;24723;24726;64
20260312 035300;24727.25;24728;24724.25;24726.5;29
20260312 035400;24724.25;24724.75;24712.25;24713.5;66
20260312 035500;24714.25;24720.25;24713;24720.25;56
20260312 035600;24718;24718;24716.75;24716.75;12
20260312 035700;24717.75;24728.75;24717.75;24726.5;72
20260312 035800;24728.5;24728.5;24724.25;24726.5;52
20260312 035900;24726.5;24727.25;24724;24726.5;25
20260312 040000;24726.5;24730.5;24725.75;24729.5;51
20260312 040100;24728.75;24730.25;24723.25;24727;73
20260312 040200;24728.25;24732;24727.25;24731.75;51
20260312 040300;24731.75;24736;24731;24735;79
20260312 040400;24735;24736.5;24732.75;24735.25;35
20260312 040500;24734.25;24741;24734.25;24741;110
20260312 040600;24740.5;24746;24737.75;24738.25;125
20260312 040700;24738.25;24744.5;24737.25;24742.75;77
20260312 040800;24742;24746.25;24742;24745;59
20260312 040900;24746.5;24748.25;24743.5;24745;68
20260312 041000;24744;24744;24730.75;24731.5;156
20260312 041100;24731;24734.25;24729.25;24732.5;94
20260312 041200;24731.75;24736.75;24730;24734;39
20260312 041300;24736;24738.5;24734.25;24738.25;46
20260312 041400;24738;24742;24737;24738.75;67
20260312 041500;24737.75;24739.25;24736.75;24737.75;12
20260312 041600;24738.5;24739.25;24733.75;24736.5;49
20260312 041700;24737;24740.75;24736;24739.25;73
20260312 041800;24739.25;24739.75;24733.75;24734.5;54
20260312 041900;24733.75;24733.75;24730.5;24732;34
20260312 042000;24732;24750.5;24731.25;24747;169
20260312 042100;24748.5;24752;24745;24748.75;85
20260312 042200;24748.75;24748.75;24744.25;24744.25;47
20260312 042300;24746;24747.5;24744;24746.25;41
20260312 042400;24745;24746.25;24741.5;24741.5;45
20260312 042500;24743.25;24744;24742.75;24743.25;14
20260312 042600;24742.5;24742.5;24737.75;24740.5;39
20260312 042700;24740;24740.75;24737.25;24737.75;21
20260312 042800;24738.25;24742;24737.75;24742;43
20260312 042900;24743;24747.5;24743;24746.25;44
20260312 043000;24747.5;24747.5;24744.25;24745.5;24
20260312 043100;24744;24746.25;24741;24744.25;57
20260312 043200;24743.5;24744.75;24739.75;24740;41
20260312 043300;24739.75;24743;24738;24738.5;44
20260312 043400;24738.5;24738.5;24733.25;24733.75;92
20260312 043500;24733.5;24733.5;24726;24728.5;111
20260312 043600;24728.75;24730;24718;24719;105
20260312 043700;24719;24719;24711.75;24713.5;101
20260312 043800;24714.5;24718.25;24711.75;24718.25;82
20260312 043900;24719.5;24723.75;24718.25;24721.5;52
20260312 044000;24721.25;24723;24719.5;24720.75;26
20260312 044100;24719.75;24721.75;24717.75;24717.75;34
20260312 044200;24717.25;24717.75;24711;24715.75;71
20260312 044300;24716;24718.75;24713.25;24715.25;41
20260312 044400;24715.5;24717;24715.25;24717;29
20260312 044500;24716;24716.5;24711;24711;38
20260312 044600;24710.5;24721.5;24710.5;24718;61
20260312 044700;24718.5;24718.75;24714;24714.5;35
20260312 044800;24713.75;24715;24712.5;24713.75;29
20260312 044900;24713.5;24714;24710.75;24713;37
20260312 045000;24712.75;24714;24710.5;24712.5;16
20260312 045100;24710.75;24712;24709.5;24710.75;54
20260312 045200;24711;24714;24711;24712;32
20260312 045300;24712.75;24715.5;24712.75;24714;51
20260312 045400;24714.5;24720.5;24714;24719;62
20260312 045500;24719.5;24726;24719;24723.5;54
20260312 045600;24723.75;24726.75;24723.75;24725.75;43
20260312 045700;24725.5;24725.75;24723.25;24724.75;40
20260312 045800;24725.25;24725.25;24720;24720.5;35
20260312 045900;24720.5;24721.5;24718.5;24719.5;28
20260312 050000;24719.25;24720.25;24718.5;24718.5;39
20260312 050100;24718.25;24725.75;24717.75;24724.25;83
20260312 050200;24722;24726.75;24720.25;24726;56
20260312 050300;24724.5;24761;24723.75;24761;420
20260312 050400;24761;24775.25;24760.5;24766;453
20260312 050500;24766.25;24772.5;24756.75;24759.75;170
20260312 050600;24760.75;24772.5;24759;24772.5;82
20260312 050700;24772.75;24777.75;24767;24768.75;120
20260312 050800;24766;24767;24757.25;24765.5;131
20260312 050900;24766.75;24772.25;24765.5;24768.5;60
20260312 051000;24769.75;24769.75;24751.25;24755.5;246
20260312 051100;24758.5;24767;24752.75;24763.25;93
20260312 051200;24762;24768.5;24761.75;24766.25;71
20260312 051300;24768.75;24770.75;24762.5;24765.75;63
20260312 051400;24766.75;24767.25;24756;24756;60
20260312 051500;24757;24761.5;24754.5;24761.5;33
20260312 051600;24762.25;24763.5;24759;24761.5;40
20260312 051700;24759.5;24764.25;24758;24762;43
20260312 051800;24759;24761.25;24757.75;24759;35
20260312 051900;24760;24762.75;24759.25;24759.25;27
20260312 052000;24762.5;24762.5;24756.75;24757.75;47
20260312 052100;24757.25;24759;24752;24756.75;73
20260312 052200;24756.5;24756.5;24752.75;24754.5;51
20260312 052300;24753.75;24754.5;24750;24752;67
20260312 052400;24752.25;24762.75;24751.25;24762.75;54
20260312 052500;24763.75;24765.5;24753.5;24754.25;97
20260312 052600;24750;24752.25;24743.75;24750.5;122
20260312 052700;24750.5;24756;24748.75;24753.75;41
20260312 052800;24754.75;24760.5;24754.75;24758;68
20260312 052900;24757.75;24758.75;24752.5;24754.75;52
20260312 053000;24754.5;24756;24750.25;24752.75;40
20260312 053100;24752.75;24757;24752.5;24756;48
20260312 053200;24756.5;24760.75;24755.75;24757.75;49
20260312 053300;24758.75;24763.5;24757.75;24757.75;73
20260312 053400;24758.5;24762.75;24757.75;24760.75;51
20260312 053500;24762.5;24762.5;24758;24758;17
20260312 053600;24757;24758.75;24752.5;24756.25;39
20260312 053700;24755;24755.75;24747;24748.5;52
20260312 053800;24747.75;24755.5;24746.5;24755.5;29
20260312 053900;24754.25;24757.25;24751;24755.5;45
20260312 054000;24756.5;24761.5;24755;24761.25;50
20260312 054100;24760.75;24771.25;24760.25;24770.25;188
20260312 054200;24772;24776.75;24767.5;24775.75;159
20260312 054300;24775.75;24775.75;24768.75;24774.25;142
20260312 054400;24771.75;24777.5;24767;24773.25;198
20260312 054500;24773;24774;24770;24774;31
20260312 054600;24774;24776.25;24768.5;24774.75;51
20260312 054700;24773.5;24774;24770.25;24772;31
20260312 054800;24770;24770;24764.75;24766.5;45
20260312 054900;24765.5;24772;24742.25;24745.75;414
20260312 055000;24746;24756.5;24746;24747.5;79
20260312 055100;24746.5;24750;24737.25;24737.75;109
20260312 055200;24738.75;24740.25;24733.25;24738;58
20260312 055300;24736.25;24740.25;24732.5;24739.75;25
20260312 055400;24736.75;24744;24735;24743.5;63
20260312 055500;24742;24750.5;24740.25;24748.75;75
20260312 055600;24747.5;24749;24745;24747;55
20260312 055700;24748.5;24753;24746.5;24751.75;34
20260312 055800;24752;24763.75;24752;24763.75;101
20260312 055900;24763;24766.5;24758.5;24766.5;58
20260312 060000;24766.5;24772.75;24765.75;24771;124
20260312 060100;24769.75;24771.5;24763.5;24765.5;153
20260312 060200;24763.5;24764.25;24752.25;24754.5;130
20260312 060300;24757.25;24761.25;24756.75;24760.25;42
20260312 060400;24762;24764.75;24759;24759.75;41
20260312 060500;24762.5;24765.5;24757.25;24765.25;88
20260312 060600;24766.5;24767.5;24761.75;24762.5;29
20260312 060700;24764.25;24764.25;24757;24758.75;37
20260312 060800;24760;24761.75;24754.75;24755.25;38
20260312 060900;24755;24759;24755;24756.5;21
20260312 061000;24756.75;24760.75;24756.5;24759.75;43
20260312 061100;24757;24759.5;24748.25;24750.25;145
20260312 061200;24750.75;24756.25;24746.5;24748;98
20260312 061300;24750;24754.5;24748.25;24752.25;53
20260312 061400;24750.25;24753.5;24750.25;24753.25;24
20260312 061500;24750.25;24752.25;24747;24752.25;36
20260312 061600;24754.25;24760;24754;24759.75;54
20260312 061700;24761.5;24768;24760.75;24764.75;84
20260312 061800;24761.75;24765.25;24757.75;24761.25;68
20260312 061900;24760.75;24760.75;24755.5;24757;42
20260312 062000;24756.5;24758;24755;24757.25;35
20260312 062100;24755;24759;24752.25;24759;69
20260312 062200;24759.5;24770.75;24759.5;24770.75;81
20260312 062300;24770;24772.75;24766;24770.5;65
20260312 062400;24772.5;24777;24772.25;24774.5;85
20260312 062500;24774;24778;24770;24776.25;64
20260312 062600;24775.25;24781.75;24757.75;24767.5;523
20260312 062700;24766.25;24785.5;24761;24783;508
20260312 062800;24783.75;24785;24778.75;24783.5;110
20260312 062900;24782;24782.25;24778;24781;47
20260312 063000;24782.5;24787.25;24779.5;24784.5;101
20260312 063100;24788;24791;24782;24784.25;139
20260312 063200;24785.5;24785.75;24780.75;24783.75;63
20260312 063300;24782.25;24786.25;24780;24786;47
20260312 063400;24785.25;24792;24783;24788;72
20260312 063500;24787.75;24795;24787.75;24792.25;69
20260312 063600;24792.5;24796;24787;24792.5;64
20260312 063700;24792.75;24796;24792.5;24792.5;60
20260312 063800;24791.75;24798.5;24791.75;24794.75;77
20260312 063900;24794.75;24795.25;24789.75;24793.5;40
20260312 064000;24793.5;24793.5;24787;24787.5;72
20260312 064100;24788.75;24794.5;24784;24793;124
20260312 064200;24792.25;24792.5;24786.75;24787;28
20260312 064300;24786;24788;24785.75;24787;28
20260312 064400;24788.25;24789.25;24787;24789.25;30
20260312 064500;24790.75;24797;24788.75;24795;80
20260312 064600;24795.75;24796.25;24788.5;24792;115
20260312 064700;24792.25;24793.5;24789.25;24792.75;36
20260312 064800;24792.5;24801.75;24792.5;24801.25;116
20260312 064900;24801.75;24807.25;24801.75;24803.75;132
20260312 065000;24802.75;24802.75;24793;24798.75;78
20260312 065100;24800;24805;24799.5;24800.5;53
20260312 065200;24799.25;24802.75;24798.25;24802;23
20260312 065300;24804.25;24804.25;24801.25;24802.5;36
20260312 065400;24802.25;24812;24800.5;24807.75;135
20260312 065500;24806.75;24810.75;24805.25;24810.75;56
20260312 065600;24811.75;24814.5;24804;24804;109
20260312 065700;24803.75;24811.75;24803.75;24808;21
20260312 065800;24807;24807;24803;24805.5;41
20260312 065900;24805.75;24806.25;24803.25;24804.5;53
20260312 070000;24804.5;24809.5;24803.75;24809.5;52
20260312 070100;24809.75;24820.5;24807.75;24819.75;233
20260312 070200;24820.25;24821.75;24814.5;24819;142
20260312 070300;24819.25;24822.25;24817.5;24818.75;90
20260312 070400;24817.5;24823;24817.5;24819.5;65
20260312 070500;24820.75;24823.75;24818;24818.25;89
20260312 070600;24819;24821.75;24816.5;24821.75;105
20260312 070700;24822.5;24822.5;24812;24814.75;157
20260312 070800;24812.25;24819.5;24812;24818;62
20260312 070900;24817.75;24819;24812.75;24814.25;57
20260312 071000;24815.25;24819;24812.75;24813.25;44
20260312 071100;24812.75;24820.25;24810;24820.25;87
20260312 071200;24820.25;24825;24817.25;24820;72
20260312 071300;24820;24821.25;24815.25;24821.25;52
20260312 071400;24821.75;24823;24817.5;24821.5;29
20260312 071500;24821.25;24825.75;24821.25;24823.75;132
20260312 071600;24823;24826;24821.25;24823;52
20260312 071700;24822.5;24831.5;24821.5;24831.5;114
20260312 071800;24831.25;24831.25;24819;24822.75;145
20260312 071900;24823;24826.75;24822;24824;89
20260312 072000;24824.25;24826.25;24820.5;24824.5;35
20260312 072100;24825;24834.5;24824.5;24834;93
20260312 072200;24834.75;24835;24824;24825.75;94
20260312 072300;24825.5;24826;24818.5;24821.25;73
20260312 072400;24821.25;24828.25;24820.25;24825.75;65
20260312 072500;24824.5;24830.5;24824.25;24828.5;48
20260312 072600;24828.75;24834;24824.75;24833.75;81
20260312 072700;24833.5;24838.5;24832.75;24836;147
20260312 072800;24836;24839;24830.75;24835.5;146
20260312 072900;24836.75;24836.75;24830.5;24832.25;65
20260312 073000;24832;24835;24831;24835;60
20260312 073100;24834.25;24835.25;24821.75;24823;131
20260312 073200;24823.5;24827.25;24821.25;24823;105
20260312 073300;24824;24824;24815;24816.25;136
20260312 073400;24816.5;24822.25;24813.5;24820.5;65
20260312 073500;24821.75;24824.5;24817.5;24817.5;73
20260312 073600;24817.25;24817.25;24809;24810;128
20260312 073700;24809.5;24817.75;24809.5;24815;65
20260312 073800;24815.75;24827.75;24815.75;24827.75;107
20260312 073900;24827.75;24831.25;24822;24831.25;85
20260312 074000;24830.5;24834.75;24827.75;24829.5;114
20260312 074100;24829;24835;24828;24831.75;79
20260312 074200;24830.5;24832.75;24827.75;24830;72
20260312 074300;24828.75;24831.75;24826.75;24829;45
20260312 074400;24827;24830.75;24826.25;24828.75;43
20260312 074500;24828.75;24831.5;24827.75;24829.25;69
20260312 074600;24829;24829.5;24826.75;24829;40
20260312 074700;24828.5;24830.5;24826;24826.5;45
20260312 074800;24829;24834.75;24829;24831.75;98
20260312 074900;24829.75;24832;24828.5;24831.75;32
20260312 075000;24832;24833.5;24828.5;24828.5;54
20260312 075100;24828.5;24830.75;24818.75;24820.25;67
20260312 075200;24820.25;24824.25;24813;24824.25;102
20260312 075300;24823.75;24832.75;24821.75;24831;117
20260312 075400;24831;24846;24830.25;24842.5;205
20260312 075500;24842.5;24852.5;24842.5;24852;296
20260312 075600;24852;24868.5;24851.25;24866.75;397
20260312 075700;24866;24871;24860.5;24862.75;149
20260312 075800;24863.75;24864.5;24858.25;24862.25;108
20260312 075900;24861.5;24863.25;24857.5;24859;141
20260312 080000;24858;24872;24857;24871.75;205
20260312 080100;24872;24884;24867.25;24884;670
20260312 080200;24884.25;24889;24877.5;24877.5;340
20260312 080300;24877;24891.75;24875.25;24891.75;313
20260312 080400;24891;24899.5;24891;24897.75;343
20260312 080500;24898;24900;24891.5;24893.75;237
20260312 080600;24893;24899.25;24884.5;24898.5;234
20260312 080700;24897;24897.75;24885.75;24887.25;185
20260312 080800;24890;24895.75;24885;24888.75;191
20260312 080900;24889;24902.5;24887;24900.5;226
20260312 081000;24901;24901.75;24895.25;24899.75;131
20260312 081100;24899;24900;24889.5;24894;165
20260312 081200;24894;24896;24884.5;24887;168
20260312 081300;24888.25;24889.5;24883.75;24885.5;148
20260312 081400;24887.5;24889.25;24880;24881;127
20260312 081500;24883.5;24888.25;24877.5;24878.75;172
20260312 081600;24878.75;24881.25;24873.5;24881.25;182
20260312 081700;24881.25;24886.5;24875;24877.75;110
20260312 081800;24877.75;24887;24872.75;24882.75;122
20260312 081900;24885.25;24893;24884;24885;97
20260312 082000;24884.75;24892.5;24883;24888.25;109
20260312 082100;24887.5;24887.5;24872;24874.25;128
20260312 082200;24873.75;24881.25;24873.25;24879.25;117
20260312 082300;24878.25;24881;24871;24878.5;81
20260312 082400;24877.5;24880.75;24868.25;24876.5;185
20260312 082500;24877;24877;24869.25;24870;95
20260312 082600;24870.75;24874.25;24867.5;24870.75;95
20260312 082700;24870.75;24872.5;24866;24869.5;141
20260312 082800;24870;24876;24864.25;24867.25;87
20260312 082900;24866.25;24867.75;24857.5;24860.25;98
20260312 083000;24860;24863.75;24856.25;24856.75;153
20260312 083100;24856.5;24869.25;24852.75;24868.5;189
20260312 083200;24868.75;24868.75;24859.25;24862.75;79
20260312 083300;24863.25;24865.75;24859.75;24864.5;106
20260312 083400;24863.75;24871.5;24862.75;24862.75;80
20260312 083500;24863.25;24869.5;24859.75;24866.25;196
20260312 083600;24866;24874.5;24864.75;24867;169
20260312 083700;24866.25;24867;24863;24865.25;55
20260312 083800;24864.75;24866.25;24858.25;24862.25;95
20260312 083900;24860;24862.5;24855.5;24860.25;129
20260312 084000;24859.5;24861.75;24851;24851.75;100
20260312 084100;24852.25;24854.5;24847.25;24847.25;120
20260312 084200;24848.75;24849.5;24836.75;24838.5;209
20260312 084300;24840;24852.75;24838.5;24852.75;115
20260312 084400;24851.5;24864.5;24851.5;24864.5;84
20260312 084500;24864.75;24872.5;24864;24871.75;106
20260312 084600;24873;24878;24868.5;24875.5;215
20260312 084700;24875.75;24878;24868;24868;53
20260312 084800;24867.25;24867.25;24859;24865.25;186
20260312 084900;24866.5;24875;24860.5;24875;66
20260312 085000;24874.25;24884.75;24873.75;24883.5;117
20260312 085100;24884.5;24889.25;24883.25;24887.75;171
20260312 085200;24887.25;24890;24883.5;24887.5;80
20260312 085300;24887.25;24888.5;24880;24883.5;75
20260312 085400;24883;24886.25;24879.75;24880.75;78
20260312 085500;24880.75;24881;24872.25;24873;181
20260312 085600;24872.5;24879.5;24870;24875.5;109
20260312 085700;24875.75;24877.25;24870.25;24875.75;87
20260312 085800;24874.75;24876.75;24870;24871.5;58
20260312 085900;24871;24874.5;24867.5;24874.5;44
20260312 090000;24874.75;24878.5;24871.25;24878;45
20260312 090100;24879.25;24883.75;24860;24860;195
20260312 090200;24860.75;24863.5;24854;24856;206
20260312 090300;24856.25;24863.75;24856.25;24860.25;65
20260312 090400;24863.25;24863.25;24852.5;24856.25;96
20260312 090500;24856.75;24867.5;24855.5;24865;58
20260312 090600;24862;24863.75;24858;24859.75;83
20260312 090700;24860;24861.25;24848.25;24849.5;111
20260312 090800;24850.25;24858.5;24846.5;24854.5;87
20260312 090900;24853.75;24855;24850;24852;75
20260312 091000;24853.25;24854.25;24848.25;24850.25;56
20260312 091100;24849;24851.25;24845;24845.75;60
20260312 091200;24845;24852.25;24844.75;24852.25;53
20260312 091300;24850.75;24852;24841.25;24843.5;89
20260312 091400;24841.75;24844.25;24839.5;24840.75;87
20260312 091500;24839.5;24841;24832.5;24839.5;214
20260312 091600;24838.25;24841.75;24835;24836.5;109
20260312 091700;24837.5;24842.5;24830.75;24832;190
20260312 091800;24832.5;24838.75;24830.25;24836;169
20260312 091900;24835.5;24836.75;24832;24833;80
20260312 092000;24834;24836.75;24827.25;24828.75;120
20260312 092100;24829;24830.25;24813.75;24813.75;195
20260312 092200;24814.5;24826.25;24813;24825.25;156
20260312 092300;24824.75;24828.5;24817.75;24818.75;139
20260312 092400;24819;24834.5;24817.75;24833.5;121
20260312 092500;24834.75;24837;24832.5;24833;83
20260312 092600;24835;24845;24831.25;24844;121
20260312 092700;24844;24850;24844;24847.5;133
20260312 092800;24848.5;24853;24843.75;24844.25;98
20260312 092900;24845.25;24846;24840.25;24843.75;86
20260312 093000;24841.5;24853;24840.5;24852.25;73
20260312 093100;24852.25;24862.75;24851;24856.5;213
20260312 093200;24855.75;24863.5;24854.5;24855.75;118
20260312 093300;24855.75;24864;24852.75;24862.25;105
20260312 093400;24862.25;24864;24858.5;24862.25;60
20260312 093500;24861;24868.5;24857.25;24866.5;105
20260312 093600;24866;24870.25;24858.5;24864.25;129
20260312 093700;24864.25;24871.25;24863.25;24869.25;85
20260312 093800;24870.5;24875;24868;24872.5;84
20260312 093900;24873.75;24873.75;24867.25;24872.75;59
20260312 094000;24872.75;24880;24872.75;24880;163
20260312 094100;24880.25;24899.75;24878.25;24885.75;528
20260312 094200;24886.5;24891.75;24879.25;24889.75;134
20260312 094300;24890.75;24896.75;24887.75;24893;103
20260312 094400;24894.25;24895;24890.75;24893;72
20260312 094500;24893.5;24908.25;24892;24900.25;279
20260312 094600;24901.25;24907;24900.25;24907;89
20260312 094700;24905.75;24906.25;24887.75;24892.75;275
20260312 094800;24891.75;24893;24887.75;24892;92
20260312 094900;24892.75;24900;24889.75;24898.5;62
20260312 095000;24898;24902.25;24892;24892;174
20260312 095100;24893.25;24897.75;24892;24895.75;110
20260312 095200;24898;24912.25;24898;24911.25;328
20260312 095300;24912.25;24915.5;24909;24909.5;193
20260312 095400;24910;24916.5;24906.25;24916.25;165
20260312 095500;24917;24917.25;24907.75;24914.25;113
20260312 095600;24913.75;24919.25;24912.25;24913;187
20260312 095700;24913.5;24915;24908;24911;108
20260312 095800;24911.5;24917.25;24911.5;24914;133
20260312 095900;24914.25;24916.75;24909.75;24916;86
20260312 100000;24916.25;24921.5;24914.25;24917;176
20260312 100100;24917.75;24925;24916.5;24924.5;300
20260312 100200;24924.5;24927;24913.5;24914.25;195
20260312 100300;24915.25;24921.75;24911.5;24916.5;124
20260312 100400;24916;24918;24911.75;24916.5;170
20260312 100500;24916.5;24919.75;24911;24911;83
20260312 100600;24911;24916.75;24907;24914;194
20260312 100700;24913.75;24917;24905;24905;105
20260312 100800;24905.25;24907.75;24903.75;24904;82
20260312 100900;24903;24904;24899.5;24902;81
20260312 101000;24901.25;24901.25;24893.5;24897.5;166
20260312 101100;24896.5;24903;24892.75;24902.5;97
20260312 101200;24902.5;24903.75;24898.75;24901.25;64
20260312 101300;24899.5;24905;24899.25;24900.5;87
20260312 101400;24902.75;24903;24896.75;24897.75;52
20260312 101500;24898.5;24908.75;24897.25;24908.75;95
20260312 101600;24908.75;24909.5;24894.75;24894.75;84
20260312 101700;24896.25;24899.5;24894;24895.25;98
20260312 101800;24894.75;24896.75;24890;24894;118
20260312 101900;24894.25;24896.25;24891.25;24894.25;68
20260312 102000;24895;24903.75;24894;24902;86
20260312 102100;24902.25;24902.25;24895;24896.25;89
20260312 102200;24895.25;24903.25;24893;24902.5;60
20260312 102300;24901.25;24901.25;24890.25;24893.5;69
20260312 102400;24892.75;24893.5;24887.75;24890.25;64
20260312 102500;24890.25;24892;24888.25;24890.5;32
20260312 102600;24891.25;24894.75;24889.5;24891.5;42
20260312 102700;24891;24891;24883;24886;110
20260312 102800;24885;24888;24882;24885.25;58
20260312 102900;24884.75;24891.25;24884.25;24889.75;54
20260312 103000;24889.25;24894.5;24888.75;24889.5;70
20260312 103100;24890.25;24926.5;24890.25;24910;863
20260312 103200;24912;24912.25;24896.75;24898;135
20260312 103300;24898.5;24905;24895.25;24899.75;103
20260312 103400;24897.25;24900;24896;24896.5;41
20260312 103500;24897.75;24906.75;24897.75;24906.75;78
20260312 103600;24907;24907.5;24895.5;24895.5;68
20260312 103700;24896;24905.25;24894;24901.75;58
20260312 103800;24900.75;24901.5;24893.25;24895.75;47
20260312 103900;24896;24897.25;24889.5;24895.25;64
20260312 104000;24896;24898.75;24891.5;24896;37
20260312 104100;24894.5;24896;24886.5;24890.5;63
20260312 104200;24890.25;24893.25;24883;24885.75;87
20260312 104300;24885.75;24893.75;24885.75;24893.75;77
20260312 104400;24895;24895.75;24888;24889.5;50
20260312 104500;24889.5;24894;24889.25;24892.25;31
20260312 104600;24890.75;24892.5;24887.75;24890.25;38
20260312 104700;24892.25;24896;24891;24895.25;57
20260312 104800;24896.5;24902;24896.5;24899.75;103
20260312 104900;24898;24906.5;24897.75;24904;74
20260312 105000;24902.75;24902.75;24896.5;24898.75;64
20260312 105100;24898.25;24904.25;24897.25;24903.25;74
20260312 105200;24903.5;24904.25;24890.25;24890.25;32
20260312 105300;24889.5;24889.5;24884.75;24887;182
20260312 105400;24885.25;24885.25;24878;24878.75;169
20260312 105500;24877.5;24883.25;24875.25;24883.25;117
20260312 105600;24884;24884.5;24879.75;24883;58
20260312 105700;24883.75;24884;24876.25;24879;71
20260312 105800;24879.75;24883.75;24877;24883;59
20260312 105900;24882.75;24884.5;24878.75;24879.25;75
20260312 110000;24880.75;24887.75;24880.75;24884.75;105
20260312 110100;24883;24886.25;24873;24886;178
20260312 110200;24884.75;24890;24882.25;24883.25;137
20260312 110300;24884.25;24884.25;24870;24871;164
20260312 110400;24871.25;24873.75;24866;24869.25;163
20260312 110500;24870;24872.5;24865;24867;116
20260312 110600;24867.75;24869.75;24861.25;24866.5;98
20260312 110700;24867.75;24873.25;24867;24869.25;128
20260312 110800;24869.75;24870.75;24861.25;24862.5;99
20260312 110900;24862.75;24865;24859.75;24865;75
20260312 111000;24865.5;24866;24858.5;24861.75;86
20260312 111100;24862.5;24864.5;24860;24860.25;64
20260312 111200;24861.75;24867.25;24861.5;24864;71
20260312 111300;24864;24868;24862.5;24863.25;57
20260312 111400;24863;24867.5;24862;24865;60
20260312 111500;24864.75;24868;24859;24861.5;93
20260312 111600;24862;24863.75;24860.75;24863;54
20260312 111700;24863.5;24866.75;24862.5;24865;61
20260312 111800;24865.5;24876;24864.75;24872;151
20260312 111900;24872;24875.5;24860;24864;379
20260312 112000;24863;24867.75;24862.75;24865;74
20260312 112100;24866.25;24871.25;24866.25;24870.75;70
20260312 112200;24871.25;24879.5;24871;24878;111
20260312 112300;24878.75;24879;24875;24875.25;67
20260312 112400;24877;24879.5;24873.25;24877.75;53
20260312 112500;24878;24885.75;24878;24881.75;144
20260312 112600;24882.25;24883.5;24878;24881;108
20260312 112700;24880;24885.75;24871.25;24872.75;216
20260312 112800;24872.5;24875.25;24847.5;24866;630
20260312 112900;24867.5;24876.5;24865.5;24875.25;139
20260312 113000;24874.5;24878.25;24871;24875.5;67
20260312 113100;24877.25;24897.25;24877.25;24897.25;283
20260312 113200;24897;24902.75;24894.75;24899.75;180
20260312 113300;24901;24901;24893;24897;93
20260312 113400;24898.25;24902.25;24897;24902;89
20260312 113500;24903;24905;24897.25;24897.25;79
20260312 113600;24900.25;24901;24895.25;24896.5;134
20260312 113700;24897.25;24907.25;24894;24907.25;87
20260312 113800;24907.5;24909.25;24902.5;24906.25;97
20260312 113900;24906.5;24908.25;24902.25;24907;68
20260312 114000;24906.5;24907;24898.5;24902.75;126
20260312 114100;24902.5;24907.75;24901;24906.25;80
20260312 114200;24906.25;24911.25;24905.5;24910;94
20260312 114300;24911.25;24916.25;24906.25;24915;186
20260312 114400;24914.75;24928;24914.75;24921.25;417
20260312 114500;24921.75;24922;24906.75;24911;297
20260312 114600;24911.25;24912;24897.5;24897.5;260
20260312 114700;24898.75;24907.5;24898.75;24906.75;144
20260312 114800;24907.25;24907.25;24897;24900;130
20260312 114900;24900.5;24905;24896;24897;165
20260312 115000;24898;24899.5;24890;24891;109
20260312 115100;24890.75;24894.25;24881;24884;267
20260312 115200;24884;24886.5;24868.5;24870.25;253
20260312 115300;24870;24872.5;24864.75;24868;213
20260312 115400;24868;24871;24866.5;24869.5;114
20260312 115500;24868.5;24868.5;24860.25;24861.25;232
20260312 115600;24861;24867;24860;24866.5;161
20260312 115700;24864.75;24867.25;24857.25;24859.5;206
20260312 115800;24859;24862.5;24852.5;24854.25;189
20260312 115900;24854.25;24858;24854;24856.5;109
20260312 120000;24855.5;24862.5;24855.5;24857;131
20260312 120100;24858.25;24862.75;24853.5;24855;215
20260312 120200;24854.75;24856.75;24839;24840.5;433
20260312 120300;24840;24845.5;24838.25;24840.5;159
20260312 120400;24839.75;24844.5;24836;24841;223
20260312 120500;24840.75;24842.25;24832.5;24838.75;148
20260312 120600;24836.5;24841;24826;24826.5;284
20260312 120700;24827;24827;24811.25;24813.25;412
20260312 120800;24812;24819.75;24810.25;24813.5;216
20260312 120900;24812.25;24825.75;24812.25;24823.5;275
20260312 121000;24823.5;24831;24815;24821.75;193
20260312 121100;24821.25;24824.25;24816.5;24822.5;190
20260312 121200;24819.75;24830.75;24819.75;24821.5;205
20260312 121300;24821.75;24836.75;24820;24831;216
20260312 121400;24830;24847;24829.25;24833.25;444
20260312 121500;24834;24838;24831;24833.5;117
20260312 121600;24834.25;24842.25;24834.25;24842.25;130
20260312 121700;24842.25;24844;24830;24832.25;195
20260312 121800;24831.75;24835;24823;24832.5;127
20260312 121900;24831.5;24837.25;24830;24835.75;110
20260312 122000;24834;24835.75;24830.5;24831;83
20260312 122100;24830.5;24834;24825.75;24827.5;101
20260312 122200;24824.5;24825;24818.75;24821.5;172
20260312 122300;24820;24827.5;24818;24822;134
20260312 122400;24822.25;24829.75;24821.75;24826;179
20260312 122500;24825.75;24837;24825.75;24830.5;241
20260312 122600;24829;24836.5;24825.5;24836.25;138
20260312 122700;24836;24837.75;24830.75;24834.25;152
20260312 122800;24833.75;24838.25;24830.25;24837.75;84
20260312 122900;24837.25;24843.75;24836.75;24842.25;211
20260312 123000;24841;24843.25;24836.25;24843.25;148
20260312 123100;24843.25;24843.25;24815;24816.75;367
20260312 123200;24817.25;24827.25;24805.75;24826.25;402
20260312 123300;24825;24830.25;24819.75;24824;226
20260312 123400;24826;24827.25;24816.5;24822;133
20260312 123500;24821.75;24824;24815.75;24816;131
20260312 123600;24817.25;24822.5;24814.25;24818;116
20260312 123700;24815.5;24816.5;24807.75;24810.25;228
20260312 123800;24809.5;24815.75;24805.25;24808.25;141
20260312 123900;24808.75;24815;24808.75;24812.25;67
20260312 124000;24811.25;24817;24801.25;24803.25;205
20260312 124100;24803.25;24810;24801.5;24806;199
20260312 124200;24805;24814;24804.75;24812.25;91
20260312 124300;24811.75;24819;24810;24811.5;153
20260312 124400;24811.75;24813.75;24807;24812.5;118
20260312 124500;24813.5;24827.25;24813.5;24821.75;246
20260312 124600;24821.5;24823.5;24809.25;24819.75;194
20260312 124700;24819.75;24820.25;24813.5;24818.5;104
20260312 124800;24819.5;24823.25;24811.5;24821.75;113
20260312 124900;24821.25;24830.5;24821.25;24827.5;220
20260312 125000;24827.75;24829.75;24818.5;24823.5;227
20260312 125100;24823;24826.5;24820;24825.25;110
20260312 125200;24824.5;24824.5;24810.5;24810.75;144
20260312 125300;24810.75;24812;24802.25;24803.25;236
20260312 125400;24803.5;24810.25;24801.5;24805.75;142
20260312 125500;24806;24814.25;24804.75;24810.75;121
20260312 125600;24812;24827.5;24812;24825;195
20260312 125700;24826.5;24826.75;24817.25;24824.75;122
20260312 125800;24825.5;24829.5;24824;24826;108
20260312 125900;24827.25;24828.5;24821.5;24826.75;82
20260312 130000;24826.5;24835;24825;24834.25;196
20260312 130100;24834.5;24837.25;24825.25;24826.5;336
20260312 130200;24827.25;24833;24823.75;24829.25;168
20260312 130300;24829;24836;24828;24836;128
20260312 130400;24835.75;24848.75;24834.75;24846.75;449
20260312 130500;24847;24852.75;24839.25;24841.5;309
20260312 130600;24842;24845;24833.75;24836.75;238
20260312 130700;24838.25;24844;24837.25;24843;95
20260312 130800;24842;24842;24836.75;24838;115
20260312 130900;24838.75;24843.75;24836.25;24842;96
20260312 131000;24841;24842.5;24836.25;24839;91
20260312 131100;24838.5;24847.5;24838;24843.75;135
20260312 131200;24844.25;24847.25;24835;24838.75;171
20260312 131300;24837.5;24841.25;24833.75;24835.75;117
20260312 131400;24834.5;24835.5;24818;24818.25;322
20260312 131500;24818;24818.5;24800;24803;618
20260312 131600;24802.5;24806;24775.25;24777.25;921
20260312 131700;24777.75;24787.5;24776.5;24778;794
20260312 131800;24778.25;24793;24777.25;24784.75;402
20260312 131900;24785;24795.25;24776.25;24784.5;459
20260312 132000;24785.75;24813.25;24781;24784.75;1170
20260312 132100;24785.75;24794.5;24767.5;24770;887
20260312 132200;24769.5;24772.75;24759.5;24763.5;775
20260312 132300;24763;24779.5;24753;24754.5;792
20260312 132400;24753.75;24785;24750.5;24774;773
20260312 132500;24774.75;24790.5;24773.25;24788.75;463
20260312 132600;24788.25;24798.75;24786.25;24793.75;628
20260312 132700;24794.75;24798.75;24790.75;24795.5;257
20260312 132800;24795.5;24796.25;24782.75;24789.5;543
20260312 132900;24788.75;24793.25;24772.25;24776.5;695
20260312 133000;24776.75;24782.75;24773.25;24776;823
20260312 133100;24775.75;24812.75;24765.75;24782.5;4994
20260312 133200;24781;24791.5;24743;24747.75;2984
20260312 133300;24746.25;24782.75;24742.25;24773.5;2120
20260312 133400;24773.25;24796.75;24769.5;24794.5;2691
20260312 133500;24793;24830;24793;24814;2820
20260312 133600;24813.5;24823;24802.25;24815.75;1825
20260312 133700;24816.5;24823;24797;24800.5;1501
20260312 133800;24802.25;24824.75;24798;24807.25;1156
20260312 133900;24805.75;24834.5;24803.25;24813.75;1473
20260312 134000;24813;24831.25;24806.5;24817.25;1290
20260312 134100;24816.25;24828.5;24791.25;24815.5;1824
20260312 134200;24815.25;24815.75;24788.75;24791;1128
20260312 134300;24791.25;24794;24775;24775;1445
20260312 134400;24775.5;24783.75;24766.25;24769.5;1440
20260312 134500;24769.25;24775.75;24761;24765;1253
20260312 134600;24765.5;24765.5;24726.5;24729.5;2789
20260312 134700;24729.25;24730;24703;24708;2443
20260312 134800;24707.5;24708.5;24676.25;24698.75;3728
20260312 134900;24699;24720.75;24691.5;24715.25;2013
20260312 135000;24714;24738.25;24713.25;24736.5;1872
20260312 135100;24735.75;24767.25;24734.5;24742.25;2370
20260312 135200;24743.5;24758.25;24727.75;24727.75;1458
20260312 135300;24727.75;24729.25;24693;24695;1748
20260312 135400;24694.75;24697.25;24668;24673.25;1642
20260312 135500;24671.25;24679.75;24663.75;24669;1499
20260312 135600;24668.5;24678.25;24644.75;24649;2119
20260312 135700;24649.75;24657;24630.5;24649.75;2219
20260312 135800;24650;24663.75;24648.5;24657;1445
20260312 135900;24657.75;24658.75;24645.25;24646.75;1074
20260312 140000;24646;24661.5;24642.25;24657.75;1763
20260312 140100;24658.75;24707.75;24651.5;24698.25;3554
20260312 140200;24699.5;24721.5;24697.25;24718;2479
20260312 140300;24718;24728;24713.25;24725;1454
20260312 140400;24724.75;24737.5;24719.5;24737.5;1384
20260312 140500;24736.75;24747.5;24715.75;24719;2021
20260312 140600;24719.75;24723.5;24705;24713.75;1314
20260312 140700;24713.5;24726.75;24702.75;24709.5;1277
20260312 140800;24709.75;24729;24694;24721;1413
20260312 140900;24721;24726.75;24706;24714.75;994
20260312 141000;24714.5;24716.75;24698.75;24705;1036
20260312 141100;24706.5;24716.25;24696;24701.75;1264
20260312 141200;24702.5;24727.5;24699.5;24722.25;939
20260312 141300;24723.5;24742.75;24717.5;24738.75;1089
20260312 141400;24739.25;24745;24716.25;24717;1053
20260312 141500;24717.75;24742;24716.75;24736.75;630
20260312 141600;24737.5;24747.5;24727;24735.5;1119
20260312 141700;24735.75;24738.5;24707.5;24713;1386
20260312 141800;24713;24721;24702.75;24706.25;1008
20260312 141900;24707.25;24709.5;24683.25;24684;1395
20260312 142000;24683.75;24687.75;24678;24681;1115
20260312 142100;24680;24683.5;24671;24672.5;1149
20260312 142200;24672.75;24676.5;24658;24659.5;1286
20260312 142300;24661.25;24685.25;24660.5;24673;1216
20260312 142400;24674;24679.75;24662.75;24664.75;997
20260312 142500;24665;24677.5;24662;24673.25;854
20260312 142600;24672.75;24702.75;24672.75;24681.25;1422
20260312 142700;24681.5;24683.5;24669.25;24671;813
20260312 142800;24671.25;24676.75;24655.5;24655.75;1062
20260312 142900;24656;24659;24644.75;24645.25;1368
20260312 143000;24645.75;24655.5;24616.75;24617.5;2914
20260312 143100;24617.25;24626.25;24613.25;24620.5;2380
20260312 143200;24619.75;24627.5;24614;24615.5;1264
20260312 143300;24616;24618.25;24603;24611.25;2032
20260312 143400;24611;24611.75;24594;24595.75;1558
20260312 143500;24595.5;24606.5;24591.5;24605.75;1378
20260312 143600;24605.5;24625.75;24603;24624.25;1882
20260312 143700;24624.25;24632.5;24609;24611.5;1557
20260312 143800;24611;24618;24588.75;24589.5;2139
20260312 143900;24589.5;24607.5;24572.5;24605;2307
20260312 144000;24605;24617.25;24604.25;24605.25;1000
20260312 144100;24605.25;24624.5;24600.75;24604.25;1194
20260312 144200;24604.5;24620;24595.25;24596;1130
20260312 144300;24596.25;24602.5;24584.75;24593;1145
20260312 144400;24592.75;24625.25;24592.75;24621.25;1269
20260312 144500;24622;24649.25;24619.25;24645.25;1803
20260312 144600;24644.75;24646.25;24634.5;24638.25;1303
20260312 144700;24638;24720;24634;24703;5471
20260312 144800;24703.25;24708;24658;24658.75;2560
20260312 144900;24659.25;24661.5;24641;24641;1357
20260312 145000;24641;24641.25;24603.25;24615.25;1551
20260312 145100;24614.25;24627;24601;24601.25;1891
20260312 145200;24601.25;24621.25;24601.25;24613.75;1151
20260312 145300;24614.25;24632.25;24612.75;24619;1153
20260312 145400;24619.75;24628.75;24608.5;24627.75;862
20260312 145500;24628.25;24634.75;24608;24627.5;812
20260312 145600;24628;24645.75;24624.25;24633;1156
20260312 145700;24631.5;24642.5;24630.75;24636.5;783
20260312 145800;24638.25;24639.75;24622.75;24626.75;639
20260312 145900;24627.5;24630.25;24612.5;24613;825
20260312 150000;24613.5;24625.5;24611.75;24619.75;870
20260312 150100;24620.5;24633.5;24604.25;24607.25;1433
20260312 150200;24606.75;24627.25;24597.25;24601.75;938
20260312 150300;24603;24610;24585.25;24593.25;1479
20260312 150400;24593.75;24610;24580.25;24608.75;1298
20260312 150500;24607.5;24619;24597.5;24609.5;1189
20260312 150600;24607.5;24613;24600.75;24608.5;790
20260312 150700;24609;24618.25;24600.5;24605.5;695
20260312 150800;24605.25;24609.5;24595.75;24606.25;720
20260312 150900;24605.75;24613;24600.75;24610.5;581
20260312 151000;24610;24611.75;24597.5;24601.75;447
20260312 151100;24601;24602;24586.75;24590;747
20260312 151200;24589;24596.75;24584.25;24587.5;863
20260312 151300;24586.75;24594;24572.75;24579;934
20260312 151400;24578.75;24580.25;24561;24569.75;1440
20260312 151500;24568.25;24595.25;24567.5;24590;1415
20260312 151600;24590.25;24599.75;24581;24583.75;1385
20260312 151700;24584.5;24591.25;24577.75;24577.75;705
20260312 151800;24578.5;24596.5;24574.5;24594.25;864
20260312 151900;24594.75;24599.25;24575;24592;797
20260312 152000;24592.5;24595.25;24582.75;24583.75;501
20260312 152100;24584.75;24596;24583.5;24586.75;625
20260312 152200;24585.5;24586;24573.75;24578.75;781
20260312 152300;24579;24581.25;24567;24578;835
20260312 152400;24578.25;24602.25;24578.25;24584.75;1098
20260312 152500;24585.75;24604.25;24585.75;24600.25;738
20260312 152600;24601;24608.75;24597.75;24608;858
20260312 152700;24607.25;24627.5;24605.5;24624.5;1150
20260312 152800;24625.25;24638.25;24618.5;24637;1198
20260312 152900;24637.25;24639.75;24629.75;24636.25;1041
20260312 153000;24637;24637.25;24615;24619;1390
20260312 153100;24619.75;24626.5;24603.75;24621.25;1664
20260312 153200;24621.75;24636.25;24620.25;24628.5;1101
20260312 153300;24629;24630;24619;24620.75;491
20260312 153400;24621.25;24621.75;24601.75;24612.25;897
20260312 153500;24612.75;24616;24599.5;24608.5;586
20260312 153600;24608.75;24619.5;24604.5;24604.75;610
20260312 153700;24605.75;24606.75;24580;24588.75;996
20260312 153800;24588.25;24615.5;24579;24609.25;1839
20260312 153900;24609.5;24619;24596;24612.75;1012
20260312 154000;24612.75;24698;24612.5;24695;3974
20260312 154100;24695;24697.5;24646;24656.5;3315
20260312 154200;24657.75;24684.75;24645;24679.25;1727
20260312 154300;24680.5;24695.75;24666.5;24684;2113
20260312 154400;24684.75;24709.75;24684.75;24686.75;2322
20260312 154500;24688;24706.5;24679;24688;1265
20260312 154600;24688.75;24697.5;24671.25;24689;1167
20260312 154700;24689.5;24694;24645.75;24651.25;1195
20260312 154800;24650.5;24651;24624;24631.75;1390
20260312 154900;24631.25;24676.25;24630.25;24671.25;1355
20260312 155000;24671;24676.5;24649.25;24657;972
20260312 155100;24657.25;24666.5;24651.75;24660.5;580
20260312 155200;24661.5;24668.75;24637;24646.5;762
20260312 155300;24646.75;24669;24646.25;24665;737
20260312 155400;24664.5;24679.5;24657.75;24668;621
20260312 155500;24668.75;24682;24658.5;24675.75;637
20260312 155600;24676.25;24677.75;24650.25;24657.25;601
20260312 155700;24658.25;24672.75;24654.5;24668.5;590
20260312 155800;24668.25;24672.5;24651.5;24654.75;478
20260312 155900;24654.75;24656;24641.5;24650.5;980
20260312 160000;24651;24672.75;24651;24665.5;576
20260312 160100;24666;24675;24657.25;24658.75;587
20260312 160200;24659;24683.25;24650;24669.25;1070
20260312 160300;24669.5;24681;24653.5;24669.25;678
20260312 160400;24669;24690.5;24669;24687.5;1088
20260312 160500;24686.25;24693;24682.75;24692;460
20260312 160600;24690.5;24706.25;24689;24698;1691
20260312 160700;24696.5;24699;24675;24680.75;896
20260312 160800;24679.75;24681;24648;24651.75;887
20260312 160900;24652;24652.5;24606.75;24608;2458
20260312 161000;24608;24612.75;24587.75;24597.5;2497
20260312 161100;24597.25;24627.25;24593.5;24625;1974
20260312 161200;24625;24630;24608.25;24611;610
20260312 161300;24612;24615.75;24603.25;24609;708
20260312 161400;24609.5;24636.75;24608;24631.75;1040
20260312 161500;24631.5;24656.25;24628;24654.75;1096
20260312 161600;24654;24683.75;24651;24681.5;1448
20260312 161700;24681.75;24693;24675.75;24689.5;1408
20260312 161800;24689;24698.75;24671.25;24675.5;1450
20260312 161900;24676;24682;24663;24675.5;753
20260312 162000;24676.75;24679.5;24667.5;24674.75;521
20260312 162100;24676.75;24697.5;24673.25;24697;1023
20260312 162200;24696.75;24724;24696.75;24721.25;2864
20260312 162300;24720.75;24735.25;24716.75;24722.25;1523
20260312 162400;24723.25;24724.25;24703.75;24711.25;1377
20260312 162500;24711;24713.25;24680.25;24681;1828
20260312 162600;24682.25;24685.75;24664;24671.75;1802
20260312 162700;24671.25;24673.5;24638;24644.5;1052
20260312 162800;24644.5;24652.25;24632;24635;1124
20260312 162900;24635;24647;24634;24635;1016
20260312 163000;24635.25;24644.75;24632.75;24640.75;895
20260312 163100;24639.75;24647;24630.75;24641.5;829
20260312 163200;24640;24646.25;24631.5;24642;680
20260312 163300;24642.5;24662.25;24631.5;24660.5;931
20260312 163400;24661.25;24679.75;24658;24677.75;1128
20260312 163500;24677.5;24692.75;24672.5;24673.5;1348
20260312 163600;24673.75;24681.25;24667.5;24675;676
20260312 163700;24674.25;24687.25;24669.75;24672.25;613
20260312 163800;24672.5;24689.25;24667;24688;515
20260312 163900;24688.25;24713;24682.75;24702.75;1438
20260312 164000;24703.25;24716;24699;24707.25;1493
20260312 164100;24707.5;24710;24693.75;24704.25;752
20260312 164200;24704;24707.75;24687.75;24702.75;932
20260312 164300;24702.25;24709.75;24698.25;24706.25;651
20260312 164400;24703.75;24708.25;24689.5;24690.25;608
20260312 164500;24689.75;24699.75;24677.25;24689.25;995
20260312 164600;24688;24696.25;24669.25;24673.25;634
20260312 164700;24672.75;24673;24625.5;24625.75;1542
20260312 164800;24626.75;24643.25;24624;24637.25;922
20260312 164900;24636;24646.5;24631.75;24640.75;866
20260312 165000;24641.25;24668.25;24640.5;24662;1039
20260312 165100;24661;24677;24659;24676.75;848
20260312 165200;24676.5;24679.75;24646.5;24655.5;573
20260312 165300;24658.75;24659;24647;24651.25;338
20260312 165400;24652.25;24654;24630;24630.5;830
20260312 165500;24630.25;24646;24628.25;24643;714
20260312 165600;24643.75;24663.25;24642.25;24648.25;682
20260312 165700;24648.5;24651.75;24637.75;24647.5;481
20260312 165800;24648.5;24661.25;24642.5;24657.25;377
20260312 165900;24658.25;24663.25;24651;24656;354
20260312 170000;24657.25;24667.75;24652.5;24662.25;324
20260312 170100;24661.5;24674.75;24656.5;24661;537
20260312 170200;24663;24673.75;24661.25;24664.75;283
20260312 170300;24666.25;24671.5;24658;24661.25;393
20260312 170400;24662;24673.5;24659.25;24672.25;406
20260312 170500;24672;24699.5;24671.75;24696.25;1107
20260312 170600;24696.25;24713.75;24691;24712.5;905
20260312 170700;24711.75;24724;24695.75;24723.25;1146
20260312 170800;24722.75;24723.25;24709.5;24713.5;1207
20260312 170900;24713.25;24715.25;24686.25;24687.5;938
20260312 171000;24687.25;24692.75;24665.5;24671.75;952
20260312 171100;24671.5;24696;24669.5;24691;760
20260312 171200;24691;24693.25;24683.5;24684.5;497
20260312 171300;24684.25;24686.5;24674;24685.5;473
20260312 171400;24684.75;24693.25;24680.75;24680.75;355
20260312 171500;24681.5;24681.5;24659.25;24662.5;697
20260312 171600;24660.5;24672;24655;24661.5;648
20260312 171700;24662;24663.75;24648;24655.25;531
20260312 171800;24654.5;24661.5;24648;24659.75;506
20260312 171900;24660.5;24662;24648.25;24649.75;516
20260312 172000;24649.25;24652.75;24635;24636.75;804
20260312 172100;24637;24644.5;24630.5;24639.25;649
20260312 172200;24639.25;24653;24639.25;24647;699
20260312 172300;24647.5;24682.25;24646.75;24681;927
20260312 172400;24680.5;24688.5;24663;24677;783
20260312 172500;24676.25;24682.5;24665;24676.25;404
20260312 172600;24676.5;24685;24665.75;24678.25;497
20260312 172700;24678.5;24681.5;24665.5;24674.25;415
20260312 172800;24674.75;24684.5;24665.75;24666.75;481
20260312 172900;24666.25;24667;24648;24648;689
20260312 173000;24648.75;24653.5;24642.5;24651.25;492
20260312 173100;24651;24668.5;24648.75;24666.25;577
20260312 173200;24666;24677;24659.25;24660.5;505
20260312 173300;24660.5;24671.25;24652.5;24668.75;494
20260312 173400;24667.5;24672.5;24654;24655.75;700
20260312 173500;24654.75;24664.5;24652;24663.75;478
20260312 173600;24663.5;24685.25;24662.25;24682.25;578
20260312 173700;24682;24690.25;24673;24686.25;621
20260312 173800;24685.5;24688;24680.25;24687.25;329
20260312 173900;24686;24686.75;24671;24675.5;422
20260312 174000;24675.75;24681.5;24668.25;24681.5;348
20260312 174100;24682;24692.5;24677;24686;615
20260312 174200;24687;24687.25;24657.75;24658.25;551
20260312 174300;24658.75;24661;24649.25;24652.5;566
20260312 174400;24652.25;24654.25;24646.75;24650;408
20260312 174500;24650.5;24654.25;24643;24646.75;510
20260312 174600;24646.25;24646.25;24624.25;24624.25;1103
20260312 174700;24624.75;24638.25;24618.5;24630;1017
20260312 174800;24630.25;24650.75;24629.5;24646.25;783
20260312 174900;24648.25;24656.75;24632.5;24633.75;645
20260312 175000;24633.25;24636;24624.75;24627.5;601
20260312 175100;24627.75;24649;24624.25;24648.25;520
20260312 175200;24648.25;24652.25;24639.25;24648;534
20260312 175300;24647.75;24650.75;24631.5;24639.5;322
20260312 175400;24639.75;24640.75;24626.75;24628.75;391
20260312 175500;24629.25;24632.25;24621.75;24621.75;454
20260312 175600;24622.75;24624;24585.25;24598.5;2314
20260312 175700;24597.75;24604.75;24596.5;24596.75;686
20260312 175800;24598;24611.5;24597.75;24610;655
20260312 175900;24609.5;24624;24608.75;24623;733
20260312 180000;24622.75;24628.5;24618.75;24625.5;523
20260312 180100;24625.25;24643.25;24624.75;24643.25;868
20260312 180200;24644;24644.75;24635.25;24639.75;466
20260312 180300;24640;24662.75;24640;24645.75;1056
20260312 180400;24645.5;24653.25;24636;24651.25;513
20260312 180500;24652.5;24655.25;24640.25;24640.75;371
20260312 180600;24640.5;24645.5;24635;24635.75;416
20260312 180700;24634.75;24636.5;24625.5;24632.75;464
20260312 180800;24633;24657.75;24631.5;24656;411
20260312 180900;24656;24671.5;24656;24659.5;823
20260312 181000;24660.5;24660.5;24648;24653.5;485
20260312 181100;24653.5;24656;24649.25;24654.75;230
20260312 181200;24655;24661.75;24648;24656.5;580
20260312 181300;24657.5;24658;24642.75;24648;308
20260312 181400;24649.5;24658;24640.5;24653;557
20260312 181500;24653.75;24657.25;24647.5;24657;368
20260312 181600;24657.5;24666.75;24657.25;24664.25;465
20260312 181700;24664.25;24671.5;24659.25;24663.5;762
20260312 181800;24663.5;24664.5;24651.75;24657.5;360
20260312 181900;24658.25;24658.25;24643;24644.75;554
20260312 182000;24645.25;24645.25;24633;24637.25;812
20260312 182100;24636.75;24637;24621.5;24621.5;736
20260312 182200;24621;24624.5;24612.25;24614.25;874
20260312 182300;24614.25;24634;24614;24621;713
20260312 182400;24620.75;24634.75;24619.75;24631.25;382
20260312 182500;24632;24640.25;24628;24630.75;437
20260312 182600;24631.5;24637;24624;24631;357
20260312 182700;24631.75;24634.75;24628.5;24632;285
20260312 182800;24630;24637.5;24623.25;24626.25;380
20260312 182900;24626.75;24631.25;24616.25;24621.25;541
20260312 183000;24621.75;24639;24620.25;24636.25;631
20260312 183100;24637.25;24640;24628.25;24637.25;463
20260312 183200;24636.75;24641.5;24630.5;24636.25;440
20260312 183300;24636;24646;24635.25;24644.5;413
20260312 183400;24644.25;24646.5;24635.25;24635.25;251
20260312 183500;24636.25;24638;24616;24618.75;687
20260312 183600;24619.25;24623.75;24609.75;24613.5;651
20260312 183700;24613.75;24614.5;24601.25;24604.25;1019
20260312 183800;24603.75;24618;24602.5;24615.25;767
20260312 183900;24615.5;24622.75;24612.75;24619.75;387
20260312 184000;24620.5;24630.5;24616.75;24622.25;472
20260312 184100;24622;24623.25;24610;24610.5;422
20260312 184200;24610.5;24617.5;24607.75;24616.5;355
20260312 184300;24616.75;24624.75;24615.5;24621.75;394
20260312 184400;24622;24622;24611;24616.25;222
20260312 184500;24616.75;24619.25;24608;24609;297
20260312 184600;24609.25;24614.5;24606.25;24608.25;313
20260312 184700;24608;24617.25;24607.25;24609;419
20260312 184800;24609;24609;24598;24606;738
20260312 184900;24605.25;24607.5;24601;24601.25;256
20260312 185000;24601.5;24602.5;24595.25;24598.75;440
20260312 185100;24599.75;24617.25;24599.25;24616.25;686
20260312 185200;24616.5;24630.5;24611.75;24618.25;767
20260312 185300;24618.5;24621;24604.5;24604.75;394
20260312 185400;24604.25;24615.5;24601.5;24613.75;421
20260312 185500;24614.25;24617;24609.5;24615.75;300
20260312 185600;24615;24617.25;24608.75;24611.75;383
20260312 185700;24611;24613.5;24596.5;24601;578
20260312 185800;24601.75;24613;24601.25;24606.5;561
20260312 185900;24606.75;24609;24597.25;24598.75;825
20260312 190000;24599;24605;24595.75;24599.75;643
20260312 190100;24599.5;24615;24591;24613.5;1509
20260312 190200;24612.75;24629.75;24595.5;24596.25;1669
20260312 190300;24596;24600;24582;24584.25;1067
20260312 190400;24584.75;24587.25;24580;24581.5;598
20260312 190500;24582;24598;24581.75;24594.5;735
20260312 190600;24594.5;24614.25;24591.25;24603.5;1171
20260312 190700;24603.25;24618.75;24602;24615.25;635
20260312 190800;24615;24618.5;24591;24595;596
20260312 190900;24594.25;24606.75;24591.75;24605.25;523
20260312 191000;24607;24609.5;24598;24600.75;535
20260312 191100;24600.75;24608.25;24599;24602.75;455
20260312 191200;24603;24603;24577;24577;649
20260312 191300;24576.75;24587.5;24570;24584.75;1006
20260312 191400;24584.75;24589.75;24581.5;24585.75;338
20260312 191500;24585.25;24594.5;24581;24593.75;363
20260312 191600;24594.25;24601;24589.25;24590.25;641
20260312 191700;24590.25;24596.5;24587.5;24587.5;472
20260312 191800;24588;24594.5;24584;24591.25;297
20260312 191900;24590.5;24612;24590;24607.25;636
20260312 192000;24607;24612.75;24601;24603.25;429
20260312 192100;24603.25;24606.5;24597;24604.5;359
20260312 192200;24604;24613.5;24596;24613.25;480
20260312 192300;24613.25;24626.25;24611;24625.5;618
20260312 192400;24625.5;24630.25;24615.25;24618;732
20260312 192500;24617.5;24618;24604.75;24609.75;557
20260312 192600;24610;24617.75;24604;24616;565
20260312 192700;24616.5;24620;24610;24616.75;546
20260312 192800;24617.25;24621.75;24610;24613;348
20260312 192900;24612;24620.25;24607.75;24608;420
20260312 193000;24608.75;24615.75;24602.75;24615.75;466
20260312 193100;24615.5;24635;24613.75;24631.75;1021
20260312 193200;24631.25;24633.75;24622.75;24627.5;463
20260312 193300;24627.5;24639.75;24622.25;24639.5;569
20260312 193400;24639.5;24643;24631.25;24632.25;712
20260312 193500;24632.5;24634.5;24624;24626.25;455
20260312 193600;24625.75;24631.5;24607;24607.75;605
20260312 193700;24607.5;24613.5;24603;24613.25;689
20260312 193800;24613;24626.5;24612.25;24620.5;591
20260312 193900;24620.5;24620.5;24612.5;24614.75;357
20260312 194000;24614.5;24616.25;24607.25;24609.25;353
20260312 194100;24610;24611;24580;24583.75;1622
20260312 194200;24584.5;24590.75;24580.5;24587;718
20260312 194300;24588;24593.25;24573.5;24580.75;892
20260312 194400;24580.25;24581.5;24576;24579.5;417
20260312 194500;24579.75;24588.25;24578.75;24583.5;857
20260312 194600;24583.75;24585;24572;24578;735
20260312 194700;24578;24580.5;24559.25;24569;1503
20260312 194800;24569;24579;24565.5;24569.5;972
20260312 194900;24569.75;24575.75;24565;24574.25;648
20260312 195000;24574.5;24580.5;24567.75;24571.5;646
20260312 195100;24571.5;24582;24554;24573.25;1490
20260312 195200;24573.5;24576;24567.25;24570.5;667
20260312 195300;24569.75;24571;24561;24567.25;673
20260312 195400;24566.75;24576.5;24559.75;24561.5;768
20260312 195500;24561.25;24576;24545.5;24571.5;1684
20260312 195600;24572;24584.25;24554.5;24555.5;1665
20260312 195700;24556;24558.5;24546.25;24550.75;1461
20260312 195800;24551.25;24553.75;24542.75;24547;1204
20260312 195900;24547.25;24555.75;24547;24554.75;1515
20260312 200000;24554;24566.75;24545.75;24554.75;8266
20260312 200100;24555;24566.5;24549.25;24562.25;2743
20260312 200200;24561.25;24563.75;24551.75;24561.5;871
20260312 200300;24560.5;24566.5;24556.75;24566.5;627
20260312 200400;24565.75;24572.5;24563.5;24571.5;497
20260312 200500;24572.25;24574;24569;24571.75;421
20260312 200600;24572;24573.75;24561.75;24567.5;690
20260312 200700;24567.25;24568.75;24559.25;24560.75;637
20260312 200800;24560.75;24562;24537.25;24543.75;986
20260312 200900;24544.25;24547.75;24539.75;24544.75;475
20260312 201000;24544.5;24548.75;24541.5;24543;386
20260312 201100;24543.5;24546;24532.75;24537.25;522
20260312 201200;24538;24539.25;24517.75;24522.75;738
20260312 201300;24523.25;24532.5;24520.5;24524.75;590
20260312 201400;24523.75;24547;24520;24533.5;600
20260312 201500;24533.75;24536.5;24531.5;24531.5;301
20260312 201600;24532.5;24540;24530.75;24537.75;223
20260312 201700;24537.5;24542.5;24534;24541.25;260
20260312 201800;24541.25;24547.75;24539.75;24541;312
20260312 201900;24540.25;24552.75;24540.25;24549;223
20260312 202000;24549.5;24552.5;24545.25;24546.75;233
20260312 202100;24547;24547.75;24539.25;24540;189
20260312 202200;24540;24546.25;24538.5;24545.5;173
20260312 202300;24545.75;24554;24545.75;24551;188
20260312 202400;24551.25;24551.5;24546.75;24547.5;148
20260312 202500;24547.75;24552.5;24544.5;24551;101
20260312 202600;24551.5;24556.25;24551.5;24554;172
20260312 202700;24555.5;24556.75;24551;24551;70
20260312 202800;24551;24555;24548.5;24553;130
20260312 202900;24553.25;24565.25;24553.25;24553.5;348
20260312 203000;24552.5;24556;24549;24550.25;78
20260312 203100;24549.5;24550.25;24546;24548.75;86
20260312 203200;24549;24552.75;24548.25;24549.5;132
20260312 203300;24549.75;24550.25;24546.25;24547.5;85
20260312 203400;24548.25;24552;24546;24551;121
20260312 203500;24550.5;24555;24549.25;24554.75;108
20260312 203600;24554.5;24558;24552.5;24555.25;75
20260312 203700;24555.75;24556.75;24554.25;24555.5;60
20260312 203800;24555.5;24557;24550.75;24556.75;91
20260312 203900;24557.25;24558.25;24554.5;24557.75;69
20260312 204000;24558;24562.75;24557.75;24561.25;81
20260312 204100;24562.5;24564.75;24557.5;24560.75;64
20260312 204200;24561.25;24561.25;24556.75;24558.5;79
20260312 204300;24558.25;24563;24558.25;24562.75;83
20260312 204400;24562;24569.25;24562;24565.5;101
20260312 204500;24565.5;24567;24563;24563.75;66
20260312 204600;24564;24566.75;24562.75;24563.75;128
20260312 204700;24563.5;24564.5;24561;24563.5;92
20260312 204800;24563;24572.75;24563;24571.5;112
20260312 204900;24571.5;24573;24570.5;24572.5;65
20260312 205000;24573;24573.25;24566;24571.25;247
20260312 205100;24571.25;24576;24570.25;24574.5;135
20260312 205200;24574.5;24576.75;24570.5;24571;205
20260312 205300;24571.5;24574.5;24569.75;24572.75;157
20260312 205400;24572.5;24577.5;24572.5;24572.5;94
20260312 205500;24572.75;24574.25;24570.5;24570.75;115
20260312 205600;24572;24574;24570;24570.75;163
20260312 205700;24571;24572.25;24569.25;24569.25;74
20260312 205800;24570.5;24570.5;24564.75;24570;88
20260312 205900;24570;24570.5;24566.75;24570.5;85
20260312 210000;24570;24571.75;24566;24568.5;96
20260312 220100;24567;24582;24550.75;24550.75;426
20260312 220200;24553.5;24557;24540;24541;339
20260312 220300;24541;24553;24541;24542;264
20260312 220400;24543.25;24555;24543;24547.25;178
20260312 220500;24547.75;24553;24545.25;24545.75;100
20260312 220600;24545;24557;24545;24550;159
20260312 220700;24551;24569.5;24548.25;24568;268
20260312 220800;24568.25;24586.75;24567.25;24576.25;372
20260312 220900;24577.25;24580;24571.25;24572.5;110
20260312 221000;24570.75;24573.75;24557.5;24561.25;269
20260312 221100;24561.5;24565;24557.25;24561.5;101
20260312 221200;24562.75;24570;24561.75;24569;78
20260312 221300;24569.25;24570.5;24566.5;24566.5;57
20260312 221400;24567.5;24567.5;24562.75;24566;60
20260312 221500;24564.5;24564.5;24558;24559.25;61
20260312 221600;24559.5;24561.25;24555;24557.75;78
20260312 221700;24558.5;24565;24558.5;24559;83
20260312 221800;24559.25;24560;24544.25;24548.25;181
20260312 221900;24548.75;24553.5;24541.75;24545;181
20260312 222000;24546.75;24550.25;24543.75;24545.75;72
20260312 222100;24547;24549.75;24541.75;24549.75;130
20260312 222200;24550.5;24553;24548.75;24548.75;69
20260312 222300;24551.5;24552.5;24547.25;24549;42
20260312 222400;24549;24554;24548.5;24552.75;54
20260312 222500;24551.5;24558;24551.25;24555.75;82
20260312 222600;24556.25;24577;24556.25;24568.25;295
20260312 222700;24568.5;24577.25;24566.5;24573;70
20260312 222800;24570.5;24575.5;24570;24570.25;32
20260312 222900;24569.5;24583.75;24567.75;24581.25;132
20260312 223000;24581;24583.5;24576.5;24581.25;98
20260312 223100;24580.5;24581;24574.75;24578;155
20260312 223200;24577.25;24585.25;24574.5;24576.75;122
20260312 223300;24577.25;24590;24577.25;24588;126
20260312 223400;24588;24596.25;24582;24595;286
20260312 223500;24594.75;24595.75;24587.5;24591;125
20260312 223600;24591.75;24598.25;24591.75;24595.75;138
20260312 223700;24595.25;24595.25;24589.5;24594.5;92
20260312 223800;24592.25;24598.5;24589.75;24595.5;100
20260312 223900;24595;24597.75;24593.75;24595.5;56
20260312 224000;24594.25;24598;24592.25;24597;95
20260312 224100;24597;24597.75;24595;24597.5;36
20260312 224200;24597.5;24601.75;24589.75;24589.75;367
20260312 224300;24590.25;24593.75;24586.75;24588.5;85
20260312 224400;24589.5;24596.25;24588.25;24588.25;75
20260312 224500;24590.25;24592;24587.5;24589.25;30
20260312 224600;24590;24590.5;24575.25;24585;296
20260312 224700;24586.75;24592.75;24585;24590;96
20260312 224800;24591.5;24597.25;24591.25;24595;83
20260312 224900;24595.25;24597;24582.5;24582.5;78
20260312 225000;24584;24584;24570.5;24574.5;157
20260312 225100;24575;24581;24573.75;24579.25;60
20260312 225200;24579.75;24586.5;24577.75;24584.5;80
20260312 225300;24585;24586.25;24580.25;24583;35
20260312 225400;24583.25;24583.75;24579.5;24579.75;29
20260312 225500;24581.75;24583;24578;24578;27
20260312 225600;24578.75;24584.75;24578.25;24582.5;42
20260312 225700;24582.75;24585.25;24582.75;24584.5;42
20260312 225800;24583.25;24587.75;24582.75;24585;33
20260312 225900;24583.75;24588.25;24583.75;24586.5;60
20260312 230000;24586.5;24587.5;24583.5;24586.75;54
20260312 230100;24587;24596;24585.75;24593.5;126
20260312 230200;24594;24594;24586;24586.5;55
20260312 230300;24587;24591.75;24587;24591.25;33
20260312 230400;24591.75;24596.25;24590.75;24594.5;49
20260312 230500;24595.5;24603.5;24595;24601.25;164
20260312 230600;24601.75;24614;24601.25;24608.25;267
20260312 230700;24609.5;24612.75;24609.5;24612.5;67
20260312 230800;24610.75;24611.75;24601;24601;131
20260312 230900;24601.75;24605;24601;24602.5;49
20260312 231000;24602.25;24605;24600.25;24601.5;34
20260312 231100;24601;24601.25;24590.75;24593.25;101
20260312 231200;24592;24592;24585.25;24587.25;97
20260312 231300;24586.75;24589.5;24586.5;24589.5;37
20260312 231400;24588.5;24591;24586.75;24590.25;39
20260312 231500;24591.25;24593;24585.25;24588;60
20260312 231600;24587.5;24589.75;24582.5;24582.5;82
20260312 231700;24584;24584.5;24573.5;24574.5;135
20260312 231800;24574.25;24583.75;24573.75;24581.25;94
20260312 231900;24581;24581;24578;24580.75;30
20260312 232000;24580.25;24583;24577.5;24579;42
20260312 232100;24580;24581.75;24577.5;24578.25;36
20260312 232200;24578.25;24583.5;24576.25;24579.25;34
20260312 232300;24578.75;24580.25;24576.75;24578.5;22
20260312 232400;24579.25;24579.25;24572.5;24575;88
20260312 232500;24574.75;24581.25;24574.75;24577;48
20260312 232600;24577.25;24579.75;24571.25;24572.75;62
20260312 232700;24572.75;24573.25;24564.75;24567.5;139
20260312 232800;24569;24569.5;24562.25;24567;89
20260312 232900;24565.5;24578.25;24564.75;24570.75;195
20260312 233000;24572.5;24582;24572.5;24575.25;107
20260312 233100;24576.25;24580.25;24572.75;24575;68
20260312 233200;24574.75;24577;24570;24573.25;57
20260312 233300;24574;24586.75;24574;24583.25;140
20260312 233400;24584;24584.5;24578.25;24580.75;65
20260312 233500;24579.75;24585;24577.5;24578.75;41
20260312 233600;24578.5;24578.75;24572.5;24575.25;56
20260312 233700;24575;24577.5;24571.75;24571.75;34
20260312 233800;24573;24575;24570;24573.5;46
20260312 233900;24573.75;24575.5;24572.25;24573.75;49
20260312 234000;24573.5;24573.5;24564.25;24572.25;116
20260312 234100;24573.25;24575.75;24563.25;24564.75;95
20260312 234200;24563.25;24569.25;24562.5;24564.75;90
20260312 234300;24566.25;24566.25;24561;24563.25;39
20260312 234400;24561.75;24561.75;24550;24560.25;316
20260312 234500;24560.25;24571;24558.75;24569.5;181
20260312 234600;24567.75;24568.25;24548.75;24550.5;176
20260312 234700;24549.75;24554;24543.25;24545;210
20260312 234800;24546.75;24551.25;24546.75;24548;66
20260312 234900;24548.75;24548.75;24543.75;24545.75;36
20260312 235000;24545.75;24550.75;24545.75;24550.5;46
20260312 235100;24550.75;24554.75;24550.75;24552;50
20260312 235200;24555.5;24555.5;24535.75;24540.5;192
20260312 235300;24541.5;24548.5;24541;24546.75;124
20260312 235400;24545.25;24554.5;24545.25;24548.75;81
20260312 235500;24548.75;24551.75;24547.5;24548;62
20260312 235600;24547;24548.75;24537.5;24540;128
20260312 235700;24539.75;24541.5;24539.25;24541.5;28
20260312 235800;24542;24542.5;24529.25;24533.75;178
20260312 235900;24534.25;24534.75;24527;24530.75;146
20260313 000000;24528.5;24535.25;24526.5;24528;84
20260313 000100;24529;24530;24499.25;24510.25;853
20260313 000200;24509.75;24515;24499.25;24513.5;271
20260313 000300;24511.5;24514.5;24491.25;24502.25;425
20260313 000400;24502.25;24509.5;24500.75;24509.5;208
20260313 000500;24508.5;24513.25;24502.5;24507.75;136
20260313 000600;24509.25;24520.75;24505.25;24519.25;166
20260313 000700;24520.5;24525;24515;24522.25;142
20260313 000800;24522.5;24526.75;24516;24524.75;131
20260313 000900;24526;24528;24517.75;24525.5;123
20260313 001000;24525.75;24545;24525;24543.75;329
20260313 001100;24546;24547.25;24540.25;24545.75;87
20260313 001200;24545.5;24555.5;24542;24554.75;177
20260313 001300;24554.75;24570.25;24554;24569.5;230
20260313 001400;24570.5;24575.75;24567;24567.25;274
20260313 001500;24568.25;24579;24568.25;24578.25;166
20260313 001600;24579;24599.5;24578.75;24598.75;532
20260313 001700;24598.75;24612;24595.5;24611.5;398
20260313 001800;24612;24618.75;24600.25;24609.5;449
20260313 001900;24609.75;24616.5;24607.5;24614.75;199
20260313 002000;24615.25;24616.75;24605.75;24605.75;161
20260313 002100;24605;24613.75;24605;24609.25;100
20260313 002200;24610.5;24616;24609.75;24611;90
20260313 002300;24613;24615.25;24603.5;24606.75;172
20260313 002400;24607.5;24616.25;24607.5;24608;80
20260313 002500;24609.75;24612.25;24604;24608;122
20260313 002600;24608;24612.5;24601.25;24611;147
20260313 002700;24611.25;24629.5;24609.25;24629;366
20260313 002800;24629.5;24639.25;24624;24634.5;568
20260313 002900;24634;24637;24624;24627.5;165
20260313 003000;24627.25;24627.25;24618.25;24619;134
20260313 003100;24619.25;24628;24616.25;24621.25;136
20260313 003200;24621.25;24640;24621.25;24635;194
20260313 003300;24636;24639.75;24634.25;24637.75;107
20260313 003400;24637;24639;24631.75;24636;164
20260313 003500;24635.75;24640;24635;24636;105
20260313 003600;24637.5;24643;24636;24636.25;187
20260313 003700;24636.5;24639.25;24628.25;24630.5;145
20260313 003800;24631.5;24637;24630.25;24637;68
20260313 003900;24637.5;24642.75;24631;24633.25;106
20260313 004000;24635.25;24635.25;24625.75;24626.75;90
20260313 004100;24627.5;24633.75;24627.5;24631.5;63
20260313 004200;24631.75;24631.75;24627;24629;66
20260313 004300;24629.75;24629.75;24623;24628.25;101
20260313 004400;24627.5;24627.5;24622;24624.5;52
20260313 004500;24625.5;24626.75;24614.75;24615.25;133
20260313 004600;24616;24623.75;24614.5;24618.25;90
20260313 004700;24617.75;24620;24615.75;24617;70
20260313 004800;24616.25;24622;24613;24620.5;142
20260313 004900;24619.5;24629.5;24612.25;24618;226
20260313 005000;24618.5;24619.25;24610;24613.75;134
20260313 005100;24615.5;24618;24612.25;24613;58
20260313 005200;24611.25;24614.5;24609.75;24614;56
20260313 005300;24615;24616.75;24608;24612.25;64
20260313 005400;24610.25;24613;24605.75;24607.25;61
20260313 005500;24607;24610.25;24605.25;24609.5;83
20260313 005600;24609.25;24621.75;24606;24621.75;113
20260313 005700;24621;24629.5;24616.75;24622.5;174
20260313 005800;24623.5;24623.75;24619.5;24622;63
20260313 005900;24621.5;24626;24619.5;24625.25;43
20260313 010000;24626.25;24627;24623.5;24624;36
20260313 010100;24624.5;24641.5;24624.5;24640.75;316
20260313 010200;24638.5;24646.75;24636;24643.25;232
20260313 010300;24643.5;24644.5;24633.25;24633.25;119
20260313 010400;24634.75;24637.5;24629.75;24634.25;114
20260313 010500;24633.75;24637.25;24632;24636.5;33
20260313 010600;24633.75;24647.5;24630.25;24646.5;161
20260313 010700;24647;24649.75;24641.25;24647;143
20260313 010800;24645.75;24653.5;24644.5;24649.75;365
20260313 010900;24650.5;24658.25;24650.5;24653.5;147
20260313 011000;24654.5;24658.25;24654.25;24657;99
20260313 011100;24658;24662.25;24655;24657.5;198
20260313 011200;24655.25;24656;24648.75;24651.25;137
20260313 011300;24649.5;24651.25;24645.5;24649.25;99
20260313 011400;24650.25;24650.5;24640.5;24645.5;141
20260313 011500;24644;24651;24642.25;24645.75;86
20260313 011600;24647;24653;24647;24651.75;52
20260313 011700;24647.5;24655.25;24645.25;24654.75;53
20260313 011800;24654.25;24655.5;24648.5;24648.5;65
20260313 011900;24648.75;24654;24648;24652.25;73
20260313 012000;24652.25;24653.5;24646;24650.5;61
20260313 012100;24651.25;24655;24650.5;24655;79
20260313 012200;24653.5;24655;24648.75;24649;72
20260313 012300;24651;24651;24642.75;24644.5;107
20260313 012400;24644.75;24647.5;24640.25;24641.25;101
20260313 012500;24641.25;24641.25;24635.5;24637.5;139
20260313 012600;24638.5;24649.5;24638.5;24639.75;113
20260313 012700;24640;24645.5;24639.75;24643.75;22
20260313 012800;24648;24650.5;24645;24647.5;45
20260313 012900;24645.5;24648.75;24641.25;24645.25;96
20260313 013000;24643.75;24645.5;24642;24645.5;23
20260313 013100;24645.5;24650.25;24641.75;24645.5;53
20260313 013200;24644.25;24646.75;24640.5;24645;55
20260313 013300;24644.25;24648.25;24641.75;24643.5;38
20260313 013400;24643.5;24653.5;24641.5;24653.5;162
20260313 013500;24653.5;24653.5;24645;24645;55
20260313 013600;24649;24649;24641.25;24645;42
20260313 013700;24645;24647.25;24643.25;24644.5;24
20260313 013800;24644.25;24647;24643;24646.25;28
20260313 013900;24644;24645;24642;24643.75;34
20260313 014000;24642.25;24645.75;24640.25;24642;106
20260313 014100;24640.75;24643.75;24639.75;24642.75;138
20260313 014200;24643.75;24645.75;24638.75;24638.75;55
20260313 014300;24638.25;24639.5;24633;24633;165
20260313 014400;24634;24638.5;24634;24636;64
20260313 014500;24635.25;24639;24634.25;24636.25;33
20260313 014600;24636;24639;24632.75;24633.25;35
20260313 014700;24632.25;24633.75;24628.5;24631;120
20260313 014800;24629.25;24629.75;24625;24627.5;134
20260313 014900;24626.25;24628;24622.75;24626.75;65
20260313 015000;24625.75;24632.25;24624;24627.25;64
20260313 015100;24629;24631.75;24628.5;24630.25;50
20260313 015200;24631;24632.25;24628.5;24629.5;39
20260313 015300;24629.5;24631;24621.5;24621.5;51
20260313 015400;24620.75;24624.5;24620.5;24623.25;86
20260313 015500;24624.5;24624.5;24620;24622.5;88
20260313 015600;24622.25;24629.75;24618.25;24626;161
20260313 015700;24625.75;24632;24625.5;24628;48
20260313 015800;24627.5;24629.75;24625.75;24628.25;31
20260313 015900;24627;24630;24625;24626;30
20260313 020000;24627.25;24632.25;24626.5;24629.5;52
20260313 020100;24629.25;24639.25;24629;24632.5;165
20260313 020200;24629.75;24632.75;24627.5;24631.75;56
20260313 020300;24630.5;24639.5;24629.5;24639.5;80
20260313 020400;24639;24646;24639;24644;135
20260313 020500;24646;24646.5;24642;24646.5;52
20260313 020600;24646.5;24648.75;24640.5;24642.25;96
20260313 020700;24642.25;24647.5;24641.75;24646.75;22
20260313 020800;24647.75;24651.5;24639.75;24641.25;103
20260313 020900;24642.5;24646.75;24640;24642.5;42
20260313 021000;24642.75;24645.75;24642;24645.75;38
20260313 021100;24644.25;24646.75;24643;24644.5;31
20260313 021200;24644.5;24646;24642.5;24645.75;33
20260313 021300;24646.25;24646.25;24639;24639.5;34
20260313 021400;24639.75;24639.75;24628;24629.5;117
20260313 021500;24630;24630.5;24624.75;24625;113
20260313 021600;24626.5;24626.75;24621.5;24622.25;158
20260313 021700;24623;24626;24621.25;24625;45
20260313 021800;24625.75;24632;24625;24631.75;57
20260313 021900;24630.5;24634;24627.25;24627.75;57
20260313 022000;24627.75;24628.25;24624.75;24627.5;25
20260313 022100;24627;24632.25;24626.25;24632.25;31
20260313 022200;24632.25;24632.75;24623.5;24623.5;66
20260313 022300;24623;24623;24617;24621;92
20260313 022400;24621;24622.75;24616.75;24620.5;85
20260313 022500;24620.75;24620.75;24615;24617.5;79
20260313 022600;24617;24622.75;24617;24620.5;57
20260313 022700;24619;24622.5;24618.25;24622.5;38
20260313 022800;24619.75;24625;24619.5;24622.5;39
20260313 022900;24621.75;24624.75;24619.75;24622.25;29
20260313 023000;24622.25;24622.25;24619;24619.5;17
20260313 023100;24620;24623.25;24614;24622.25;88
20260313 023200;24620.75;24630.25;24620.75;24627.75;67
20260313 023300;24628;24636.25;24628;24634.5;103
20260313 023400;24634.25;24638;24632.5;24637;57
20260313 023500;24635.75;24638;24633.75;24637;99
20260313 023600;24635;24640;24634.5;24634.5;41
20260313 023700;24634.5;24636.25;24630;24630.25;56
20260313 023800;24632;24633.5;24624.5;24625;60
20260313 023900;24626.25;24628.5;24620;24620;93
20260313 024000;24620;24622;24613;24617.75;162
20260313 024100;24617;24625.5;24616;24622.25;104
20260313 024200;24621.25;24624;24619.75;24621;39
20260313 024300;24620;24620;24612.25;24612.25;114
20260313 024400;24613.25;24613.25;24606.25;24610.25;143
20260313 024500;24610.25;24610.25;24603;24606.75;123
20260313 024600;24607.75;24615;24607.75;24611.25;103
20260313 024700;24609.25;24615;24607.25;24614.75;71
20260313 024800;24614.25;24617.5;24610.75;24612.25;73
20260313 024900;24613.25;24613.5;24607.75;24609.5;59
20260313 025000;24609.75;24609.75;24604;24606;57
20260313 025100;24605.5;24610.5;24600.25;24610.5;127
20260313 025200;24609.75;24609.75;24601.25;24604.75;62
20260313 025300;24603.75;24605;24601.25;24603.5;60
20260313 025400;24603.75;24607;24600;24602;70
20260313 025500;24602;24602.75;24599.25;24600.75;50
20260313 025600;24601;24602.5;24599.5;24600.75;58
20260313 025700;24600.75;24612;24600.75;24611;93
20260313 025800;24609.5;24609.75;24604.25;24606;35
20260313 025900;24606.5;24609.75;24604.5;24608.5;52
20260313 030000;24607;24607.75;24602;24603.75;42
20260313 030100;24605;24617.25;24605;24613.75;159
20260313 030200;24613;24613.75;24606.25;24610.25;90
20260313 030300;24612;24615.5;24609.75;24611.75;46
20260313 030400;24611.5;24613.75;24608;24609.5;30
20260313 030500;24610;24611;24602.25;24602.25;47
20260313 030600;24602.5;24604.25;24599.75;24601;97
20260313 030700;24601.25;24604.25;24596.25;24603.5;191
20260313 030800;24602.75;24614;24602;24614;120
20260313 030900;24614.25;24620.5;24613.75;24618;143
20260313 031000;24617.75;24619.25;24614.75;24618.25;50
20260313 031100;24617.75;24617.75;24608.5;24609.5;60
20260313 031200;24610.5;24612.5;24606;24606;56
20260313 031300;24607;24611;24604;24605;59
20260313 031400;24605;24606.25;24596;24598.25;128
20260313 031500;24598.25;24598.25;24590;24590.25;133
20260313 031600;24591.25;24595.5;24585.5;24588;139
20260313 031700;24587.75;24590.25;24583.25;24583.75;121
20260313 031800;24583.5;24586.75;24581.75;24584.25;89
20260313 031900;24584.5;24593.75;24583.25;24592.5;95
20260313 032000;24593.5;24596.25;24590.25;24596.25;79
20260313 032100;24595.25;24597.25;24592.75;24596;40
20260313 032200;24596.5;24597.25;24590.75;24592.75;51
20260313 032300;24592.75;24595.75;24591.25;24591.75;21
20260313 032400;24591.5;24597;24589;24597;57
20260313 032500;24596.75;24604.25;24596.75;24602.75;108
20260313 032600;24603.5;24610.25;24603.5;24606.25;87
20260313 032700;24607.25;24607.25;24601.75;24604;40
20260313 032800;24604.5;24604.5;24596.25;24598.5;50
20260313 032900;24599.75;24602.25;24597.25;24598.25;24
20260313 033000;24599.75;24601.5;24599.75;24600.75;21
20260313 033100;24599.25;24602;24588.25;24589.5;92
20260313 033200;24590;24596;24584;24595;120
20260313 033300;24595;24602;24591.25;24600;83
20260313 033400;24600;24600.25;24594.25;24595.25;27
20260313 033500;24595.5;24606.75;24595.5;24602.75;101
20260313 033600;24603.25;24604.25;24599;24600.5;38
20260313 033700;24599.5;24599.5;24587;24588;72
20260313 033800;24590;24592.5;24588.5;24588.5;29
20260313 033900;24591.5;24598.25;24591.5;24597.75;74
20260313 034000;24598.5;24600;24595;24595;49
20260313 034100;24596.75;24597.75;24591.5;24597;39
20260313 034200;24596.75;24604.75;24596;24603.5;67
20260313 034300;24602.75;24606;24600.75;24605.5;45
20260313 034400;24604.25;24609.25;24603.75;24607.75;75
20260313 034500;24607.75;24612.5;24607;24609.5;70
20260313 034600;24608.75;24617.75;24607.75;24616.25;89
20260313 034700;24616.5;24624.75;24615;24620.75;122
20260313 034800;24620;24625.5;24619.5;24625.25;79
20260313 034900;24625.5;24625.5;24620.75;24620.75;26
20260313 035000;24620.5;24622.5;24615.5;24616.5;53
20260313 035100;24615.5;24619.25;24611.75;24619.25;60
20260313 035200;24619.75;24621;24619;24619.5;14
20260313 035300;24620.5;24626.25;24620.5;24623.75;63
20260313 035400;24623.5;24626.75;24623;24626.75;46
20260313 035500;24625.5;24628.5;24623.75;24627;52
20260313 035600;24627.5;24628.25;24624.25;24627;41
20260313 035700;24626.5;24626.5;24624;24626;17
20260313 035800;24624.25;24627.75;24623.75;24626.5;32
20260313 035900;24627.75;24629;24624.75;24625.5;49
20260313 040000;24623.5;24627.25;24623;24625;31
20260313 040100;24625;24628.25;24622;24622;50
20260313 040200;24623.25;24624.5;24621;24623;32
20260313 040300;24620;24621;24616.25;24619.25;41
20260313 040400;24620.25;24621.75;24618.5;24620;29
20260313 040500;24619.5;24619.5;24615.5;24616.25;29
20260313 040600;24616.75;24621.25;24614.5;24619.25;39
20260313 040700;24619.75;24620.5;24617.25;24618.25;21
20260313 040800;24618;24625.25;24618;24622.75;32
20260313 040900;24623.5;24624;24620;24621.75;14
20260313 041000;24619.25;24619.5;24614.5;24617;21
20260313 041100;24616.75;24619.25;24616;24616.5;15
20260313 041200;24616;24616;24610.5;24612.75;89
20260313 041300;24613.25;24613.25;24605;24606.75;69
20260313 041400;24606.75;24611.25;24606.25;24610;46
20260313 041500;24609;24612;24606.75;24607.25;39
20260313 041600;24608.25;24609.25;24603.75;24608.5;51
20260313 041700;24607.75;24610.25;24607.75;24609.25;28
20260313 041800;24608.5;24608.5;24603;24605.75;60
20260313 041900;24605.5;24606;24600.75;24602;39
20260313 042000;24602.5;24606.5;24602.5;24606.25;45
20260313 042100;24606.25;24607;24601;24601.5;38
20260313 042200;24601.25;24602.25;24590.25;24592;438
20260313 042300;24591.25;24592;24580.5;24581.75;178
20260313 042400;24581;24585.25;24579.75;24580.75;114
20260313 042500;24580.5;24589;24579.5;24589;70
20260313 042600;24589;24591.25;24584.75;24589.5;62
20260313 042700;24590;24592;24587.5;24587.5;31
20260313 042800;24587.75;24591.25;24585.5;24589.5;35
20260313 042900;24589.5;24589.5;24588.25;24589.25;16
20260313 043000;24589;24589;24580;24584.25;83
20260313 043100;24584.25;24586.5;24577;24577.5;61
20260313 043200;24576.75;24577.5;24573;24577.5;94
20260313 043300;24575.5;24579.25;24571.75;24577;86
20260313 043400;24577.5;24581;24576;24577.75;52
20260313 043500;24577.75;24578.75;24573.25;24573.5;34
20260313 043600;24572.75;24574.5;24568.5;24572.25;110
20260313 043700;24570.25;24571.5;24569.75;24570.25;22
20260313 043800;24570.5;24570.75;24562.75;24563;117
20260313 043900;24564.25;24571;24563.75;24566;82
20260313 044000;24565.5;24574.25;24565.5;24572.5;74
20260313 044100;24573.75;24574.5;24570.25;24573.5;32
20260313 044200;24574.5;24577.75;24574.5;24575.75;34
20260313 044300;24576;24581;24575.75;24581;109
20260313 044400;24579.75;24583;24578.5;24582;72
20260313 044500;24583;24587.75;24582.75;24587;72
20260313 044600;24587.25;24588.25;24584.25;24586;72
20260313 044700;24584;24585.5;24579.75;24584.75;51
20260313 044800;24584.75;24586;24576.75;24578.25;42
20260313 044900;24579.25;24584.75;24579.25;24581;25
20260313 045000;24580.25;24580.25;24573.25;24576;49
20260313 045100;24577.5;24581;24574.75;24575;59
20260313 045200;24574.25;24576.5;24566.75;24573.5;135
20260313 045300;24574.25;24575;24569.5;24570.25;46
20260313 045400;24572.75;24575;24572.75;24574.25;27
20260313 045500;24573.25;24573.25;24568;24568.75;43
20260313 045600;24568.25;24570.5;24568.25;24569.75;24
20260313 045700;24569;24576;24568.5;24574.5;46
20260313 045800;24574.75;24576;24573.5;24575.5;22
20260313 045900;24576.25;24578;24571.25;24578;43
20260313 050000;24577.25;24577.75;24573.75;24576.5;27
20260313 050100;24576.5;24579.5;24573.5;24577.5;42
20260313 050200;24577.75;24584;24577.75;24583.5;82
20260313 050300;24584.5;24585.5;24579;24580.75;68
20260313 050400;24580.25;24580.75;24575.25;24577;41
20260313 050500;24576;24577.75;24572.5;24574.75;76
20260313 050600;24573.25;24574.5;24569.5;24570.25;41
20260313 050700;24569.75;24580.25;24569.75;24580.25;69
20260313 050800;24581;24581;24576;24576;26
20260313 050900;24575.75;24578.5;24573;24574;58
20260313 051000;24574;24576;24567.75;24570.25;61
20260313 051100;24570;24570.25;24567;24568.75;39
20260313 051200;24567.25;24570.75;24557.25;24557.5;136
20260313 051300;24558.75;24561;24553.5;24559.5;144
20260313 051400;24559.75;24561;24555.5;24556.75;54
20260313 051500;24557.5;24563.25;24557.5;24557.75;48
20260313 051600;24559;24565.25;24559;24563;37
20260313 051700;24562.75;24563.75;24557.25;24557.25;32
20260313 051800;24557.75;24562;24555;24558.5;47
20260313 051900;24557.75;24566.75;24557.75;24566.5;59
20260313 052000;24566;24571;24565.75;24570;47
20260313 052100;24571.25;24572;24563.5;24566.5;72
20260313 052200;24566.25;24569;24565.75;24569;28
20260313 052300;24571;24582.75;24569.75;24580.5;126
20260313 052400;24580.5;24581;24574.75;24581;85
20260313 052500;24580.25;24582.25;24571.5;24573.75;82
20260313 052600;24574.25;24575;24570.5;24574.25;37
20260313 052700;24573.5;24579.5;24571.25;24578;35
20260313 052800;24578;24579.5;24575.25;24578.25;42
20260313 052900;24578.75;24581;24578.25;24580;25
20260313 053000;24580.5;24585.25;24578.25;24581.25;75
20260313 053100;24581.5;24586.5;24581.5;24583.75;61
20260313 053200;24584.25;24592;24584.25;24589.25;105
20260313 053300;24589.75;24591.5;24588.25;24589.75;42
20260313 053400;24589.75;24593.75;24589.25;24593.75;40
20260313 053500;24594.25;24599.5;24591.75;24592;100
20260313 053600;24591;24591.75;24579;24580.75;122
20260313 053700;24581.75;24585.25;24579.75;24585.25;34
20260313 053800;24585.75;24593.25;24585.75;24587;70
20260313 053900;24586.5;24593.5;24586.25;24589;43
20260313 054000;24588.25;24588.25;24585;24585.5;28
20260313 054100;24585.5;24587.75;24582.25;24587.25;47
20260313 054200;24588.75;24588.75;24581;24581.25;19
20260313 054300;24580.5;24580.5;24571.25;24574.25;91
20260313 054400;24574.5;24578.5;24573.75;24575;42
20260313 054500;24575.25;24575.25;24571;24572.5;19
20260313 054600;24574;24580;24574;24574.5;37
20260313 054700;24573.5;24577.25;24571;24575.25;26
20260313 054800;24575.5;24578;24574.25;24577;16
20260313 054900;24575.5;24576.25;24572.75;24572.75;15
20260313 055000;24571.75;24577.25;24568.5;24575.25;41
20260313 055100;24573.75;24575.75;24571.25;24572;21
20260313 055200;24571.25;24577.5;24571;24575.75;36
20260313 055300;24575.75;24578.25;24574.75;24577.5;44
20260313 055400;24578;24579.75;24574;24574.5;26
20260313 055500;24573.5;24575.5;24571.75;24573.5;38
20260313 055600;24573;24576.25;24568;24576.25;49
20260313 055700;24575.5;24582.5;24575.5;24580.75;245
20260313 055800;24580.25;24586.25;24579.75;24586.25;52
20260313 055900;24586;24587;24581.25;24585.25;94
20260313 060000;24585.5;24588.25;24584.25;24585.75;46
20260313 060100;24584;24585;24581;24582.75;87
20260313 060200;24581.5;24581.5;24576.25;24576.5;27
20260313 060300;24575.75;24577.5;24569.25;24573.25;53
20260313 060400;24570.25;24573.5;24567.25;24572;47
20260313 060500;24571.25;24571.25;24563.5;24565.75;34
20260313 060600;24565;24571.5;24565;24571.25;54
20260313 060700;24570.5;24575.25;24569.75;24574.25;39
20260313 060800;24573.5;24583;24573.5;24583;73
20260313 060900;24583;24595;24581.25;24592;118
20260313 061000;24591.75;24596;24589.75;24590.25;60
20260313 061100;24592.25;24593.25;24587.75;24591.5;59
20260313 061200;24592.25;24593.5;24585;24592.75;55
20260313 061300;24593;24595;24589;24589.5;14
20260313 061400;24590.5;24591.5;24578.5;24579;61
20260313 061500;24578;24581.25;24575.5;24580;107
20260313 061600;24579.25;24579.75;24569.75;24571.25;65
20260313 061700;24570.75;24572.5;24569.25;24571.25;52
20260313 061800;24570;24573.25;24567.75;24571.75;26
20260313 061900;24569.75;24574.5;24569;24571.25;79
20260313 062000;24570.5;24573;24569.25;24570.25;15
20260313 062100;24570.25;24575.5;24568;24575.25;56
20260313 062200;24571.75;24574;24566.75;24569.5;36
20260313 062300;24568.25;24574.75;24567.75;24573.25;19
20260313 062400;24573;24573.25;24570;24572.75;42
20260313 062500;24572;24574;24565.5;24565.5;53
20260313 062600;24564.5;24564.75;24551.5;24552.25;209
20260313 062700;24552.5;24556;24546.5;24554;179
20260313 062800;24553;24556;24546.75;24552;72
20260313 062900;24551;24554.5;24539;24539.5;160
20260313 063000;24539.5;24552.75;24539.5;24548;99
20260313 063100;24550;24558.5;24546.75;24558;401
20260313 063200;24557.5;24560.5;24546.25;24547;134
20260313 063300;24545.75;24553;24542;24552.75;88
20260313 063400;24551.75;24553.25;24531.25;24535;146
20260313 063500;24534.75;24535.75;24530;24532.5;97
20260313 063600;24531.75;24537.5;24529.5;24534.25;83
20260313 063700;24532.75;24533.25;24528.25;24529.75;67
20260313 063800;24529.5;24532.25;24519.5;24524.75;170
20260313 063900;24525.5;24533.75;24520.25;24533.5;87
20260313 064000;24534.25;24540.25;24533.25;24537.75;127
20260313 064100;24537;24544.5;24535.5;24543;90
20260313 064200;24541.75;24544.25;24533.75;24544.25;167
20260313 064300;24543.25;24543.5;24536.25;24539;69
20260313 064400;24539;24540.25;24528;24528.25;117
20260313 064500;24528.5;24530.25;24515.75;24517;280
20260313 064600;24516;24520.5;24506.75;24506.75;268
20260313 064700;24508.5;24510.25;24503.25;24504.75;111
20260313 064800;24505.75;24521.5;24505.75;24509.5;221
20260313 064900;24509.75;24512.75;24495.25;24495.5;238
20260313 065000;24496.5;24497.75;24482;24490;354
20260313 065100;24487;24504.5;24487;24503.25;267
20260313 065200;24502.75;24508;24501;24502;103
20260313 065300;24499.25;24499.75;24493.25;24495.75;81
20260313 065400;24495.75;24497.25;24490;24494.25;123
20260313 065500;24492.75;24493.75;24479.25;24479.25;121
20260313 065600;24483.5;24493.75;24480.5;24484;133
20260313 065700;24482.75;24487.75;24476.5;24481.75;114
20260313 065800;24480.75;24491.25;24480.25;24488;72
20260313 065900;24487.75;24490.25;24483.5;24484.25;76
20260313 070000;24484.75;24484.75;24477;24479.75;75
20260313 070100;24479.25;24488;24476.75;24478.25;196
20260313 070200;24478.25;24480;24463.5;24470;283
20260313 070300;24469.75;24471;24458;24464.25;397
20260313 070400;24464.5;24469.5;24460;24465;127
20260313 070500;24462.25;24464;24453.25;24457.5;217
20260313 070600;24457;24459.25;24445.25;24452;340
20260313 070700;24451;24455.25;24428.25;24428.75;505
20260313 070800;24429.75;24442.75;24429.75;24435;217
20260313 070900;24435.25;24441.25;24432.75;24437.75;153
20260313 071000;24437.75;24441.75;24431.75;24431.75;179
20260313 071100;24434.25;24440.5;24423.25;24436.25;229
20260313 071200;24437;24439.75;24430.5;24438.5;219
20260313 071300;24437;24446;24436.25;24437.5;225
20260313 071400;24436.5;24436.5;24423.75;24431;282
20260313 071500;24430.75;24439;24429.5;24431;104
20260313 071600;24430;24430;24421;24427.75;167
20260313 071700;24426.75;24433.25;24415.75;24431.75;212
20260313 071800;24431;24434.75;24422.5;24424.75;159
20260313 071900;24424.75;24436.25;24422;24432.5;145
20260313 072000;24431;24435.5;24427.25;24434.5;88
20260313 072100;24434.5;24437.75;24430.25;24434.25;144
20260313 072200;24434;24435.25;24418.25;24418.25;153
20260313 072300;24418;24418;24410.5;24412.25;209
20260313 072400;24412.25;24426;24411.5;24421.25;144
20260313 072500;24422.25;24437.5;24418.5;24437;184
20260313 072600;24436.25;24442;24435;24441.5;223
20260313 072700;24442;24448.5;24435.5;24439.75;291
20260313 072800;24439.25;24447.75;24434.5;24446.75;119
20260313 072900;24447.75;24458;24445;24451.75;243
20260313 073000;24452.5;24462;24452.25;24458.25;254
20260313 073100;24457.25;24459.75;24453.25;24453.25;153
20260313 073200;24456.25;24463;24449.25;24449.25;220
20260313 073300;24451;24460.75;24449;24460.5;81
20260313 073400;24460.5;24466;24452.75;24456.75;123
20260313 073500;24457.25;24460;24452.25;24457.75;174
20260313 073600;24458.25;24467.75;24456.25;24467;155
20260313 073700;24467;24467;24461.75;24466;127
20260313 073800;24467;24475.5;24466.5;24469;195
20260313 073900;24470.5;24470.75;24463.75;24465.75;89
20260313 074000;24466;24468.5;24460;24461;69
20260313 074100;24461.75;24465.5;24457.75;24457.75;65
20260313 074200;24457.25;24461.75;24456.25;24458.5;134
20260313 074300;24458;24465.5;24446.25;24459.25;519
20260313 074400;24459.5;24464.75;24459.5;24461.75;85
20260313 074500;24461;24462;24456.5;24460.75;59
20260313 074600;24461;24463;24455.25;24459;56
20260313 074700;24459.5;24463;24456;24458.25;40
20260313 074800;24457.75;24460.75;24455.25;24456.5;41
20260313 074900;24457.75;24457.75;24445;24449.25;92
20260313 075000;24447.75;24450.75;24442.75;24450.75;119
20260313 075100;24452.25;24457.75;24449.5;24450.25;63
20260313 075200;24450.5;24453;24440;24440;218
20260313 075300;24443.5;24452;24443.5;24449.75;149
20260313 075400;24448.5;24448.5;24442.5;24445.25;61
20260313 075500;24447.75;24449.25;24432;24433;104
20260313 075600;24433;24435.25;24423.25;24433;188
20260313 075700;24433.5;24447.75;24432.25;24441.75;127
20260313 075800;24440.25;24448;24434.75;24447.5;137
20260313 075900;24445;24451.5;24443.25;24448.25;91
20260313 080000;24447.75;24450;24445.5;24447.5;88
20260313 080100;24448.75;24453;24437;24451.75;312
20260313 080200;24450.5;24459.25;24441.5;24447;430
20260313 080300;24444.25;24449.75;24426.25;24434.5;367
20260313 080400;24434.5;24441.75;24428;24433.5;222
20260313 080500;24433;24433;24419.25;24425.25;364
20260313 080600;24421.75;24429.75;24408.75;24426;503
20260313 080700;24426;24433.75;24419.75;24421.25;249
20260313 080800;24422.25;24432;24415;24427.25;159
20260313 080900;24428.75;24435;24421.25;24423.5;311
20260313 081000;24423.75;24425.5;24406.25;24409.5;277
20260313 081100;24408.25;24409.5;24398.75;24403.5;476
20260313 081200;24402.5;24413.5;24397;24411.75;252
20260313 081300;24412.25;24414;24404;24404.75;153
20260313 081400;24405.75;24408.75;24398.75;24407;157
20260313 081500;24406.75;24415.25;24399;24412.5;143
20260313 081600;24410;24415.5;24398;24409;242
20260313 081700;24412.5;24420.5;24411.25;24414.75;140
20260313 081800;24418.25;24424.25;24416.75;24423.5;187
20260313 081900;24424.5;24425.25;24418;24422.75;157
20260313 082000;24423;24424.75;24417;24421;134
20260313 082100;24420.5;24426.25;24419;24420;98
20260313 082200;24421.25;24426;24417.75;24421.5;125
20260313 082300;24421.5;24432.75;24415.25;24428;371
20260313 082400;24429;24434.75;24422.75;24430.25;153
20260313 082500;24429;24434.5;24422.25;24422.25;203
20260313 082600;24422.5;24430;24418.5;24423.75;124
20260313 082700;24423.75;24430.5;24422.75;24429.25;61
20260313 082800;24429.5;24431.5;24408.5;24409;177
20260313 082900;24409;24413.75;24406;24413;97
20260313 083000;24412.5;24421.75;24412.25;24415.75;103
20260313 083100;24415;24438.5;24414.25;24435;221
20260313 083200;24431.75;24437.75;24424;24437.25;158
20260313 083300;24438.5;24445;24433.5;24443;213
20260313 083400;24441.25;24444.25;24434;24442;88
20260313 083500;24443.25;24445;24432.75;24440.25;135
20260313 083600;24443;24448.5;24440;24447.75;138
20260313 083700;24447.75;24456;24445.75;24453;279
20260313 083800;24453.5;24460.25;24452.5;24459.5;167
20260313 083900;24459.5;24470.25;24455.75;24470;173
20260313 084000;24470.5;24483;24469.25;24472.5;391
20260313 084100;24472.25;24482;24471.75;24480;139
20260313 084200;24479.25;24480.25;24471.25;24476.25;117
20260313 084300;24475.75;24479.25;24470;24472.5;92
20260313 084400;24470;24476.5;24465.25;24475.75;148
20260313 084500;24476.75;24480.25;24468.5;24468.5;74
20260313 084600;24469;24473;24460;24463.75;119
20260313 084700;24464.25;24467.25;24458;24458.5;70
20260313 084800;24459.25;24468.5;24456.5;24468.5;132
20260313 084900;24469;24477;24464;24473.75;62
20260313 085000;24472.75;24493;24472.75;24491;332
20260313 085100;24490.25;24499;24489;24497.25;283
20260313 085200;24496.75;24506.75;24496.75;24505.75;171
20260313 085300;24505.5;24518;24502.75;24516.75;332
20260313 085400;24517.75;24524.25;24513.75;24516.75;289
20260313 085500;24518;24519.75;24509.25;24510;130
20260313 085600;24511;24511.5;24504.75;24509.75;167
20260313 085700;24509;24518.5;24507.5;24517.75;134
20260313 085800;24517.25;24523.5;24514;24522.75;134
20260313 085900;24521.75;24524;24514;24516.75;91
20260313 090000;24518;24518.75;24512;24512.5;99
20260313 090100;24513.75;24547.5;24513.75;24530.5;1434
20260313 090200;24528.5;24546.25;24521.5;24540.75;564
20260313 090300;24540;24566;24539.5;24565;475
20260313 090400;24566.25;24574.25;24553;24554;457
20260313 090500;24555;24559.75;24544.25;24548.25;266
20260313 090600;24549.25;24555.5;24542.75;24546;169
20260313 090700;24545.25;24546.5;24532.5;24541.25;428
20260313 090800;24542;24543.5;24531.25;24537;182
20260313 090900;24536.5;24541.25;24533.25;24537;159
20260313 091000;24538;24538;24528.25;24529;152
20260313 091100;24529.5;24529.75;24518.5;24525.75;203
20260313 091200;24524;24547;24520;24520;434
20260313 091300;24520.75;24533;24515.5;24531.25;164
20260313 091400;24532.25;24532.25;24525;24527.25;77
20260313 091500;24526.75;24531.25;24522;24531;193
20260313 091600;24532.5;24534.25;24522;24524.75;141
20260313 091700;24524.75;24526.25;24519.25;24520;65
20260313 091800;24519.25;24523.5;24514;24523.5;129
20260313 091900;24524.25;24530.25;24522.25;24529.25;76
20260313 092000;24529.25;24536.75;24525;24531.5;188
20260313 092100;24531.5;24543.5;24527.25;24536.25;131
20260313 092200;24535.5;24538;24532.75;24538;101
20260313 092300;24535.75;24535.75;24525;24527.75;69
20260313 092400;24528.5;24530.75;24521.25;24525.5;75
20260313 092500;24521.25;24522.25;24514.5;24517;83
20260313 092600;24517.25;24524;24512.75;24520.25;104
20260313 092700;24520;24530.25;24518;24529.75;61
20260313 092800;24531;24534.5;24527.5;24527.75;68
20260313 092900;24529.5;24530.5;24526;24527.25;58
20260313 093000;24528.5;24532.25;24527.25;24528;33
20260313 093100;24528.25;24532.75;24524.25;24529;43
20260313 093200;24526.25;24529.75;24517.75;24520.75;110
20260313 093300;24520.75;24520.75;24515;24518;131
20260313 093400;24518;24521.5;24512.75;24518;235
20260313 093500;24517.75;24528.5;24517.25;24521;64
20260313 093600;24519.5;24533;24517;24531.25;62
20260313 093700;24530.75;24530.75;24520.5;24526.25;100
20260313 093800;24526.75;24532.75;24523.25;24532.75;78
20260313 093900;24533;24533.5;24520.25;24523.75;107
20260313 094000;24523.5;24523.5;24508.5;24513.75;161
20260313 094100;24513;24521.25;24513;24515.25;105
20260313 094200;24517;24528;24517;24523.25;73
20260313 094300;24520.5;24523;24515.5;24521.25;70
20260313 094400;24522;24532.5;24522;24530;95
20260313 094500;24530.75;24534.75;24529.25;24530.5;121
20260313 094600;24529;24530.25;24524.75;24527.5;50
20260313 094700;24527;24529.5;24523;24525;56
20260313 094800;24523.5;24525.25;24519;24521.75;78
20260313 094900;24522;24538;24520.75;24534.25;122
20260313 095000;24534.75;24538.5;24525.75;24536.5;222
20260313 095100;24537.75;24547.5;24537.75;24538.5;173
20260313 095200;24539;24553;24539;24551.75;111
20260313 095300;24550.75;24552.25;24544.25;24544.25;339
20260313 095400;24545.5;24545.75;24531.25;24539;171
20260313 095500;24540;24541;24535.25;24539.25;82
20260313 095600;24536.75;24536.75;24528.5;24533.75;78
20260313 095700;24533.75;24545;24533.75;24541.75;95
20260313 095800;24541;24544.25;24535.5;24535.5;142
20260313 095900;24536.5;24537;24532;24534.25;65
20260313 100000;24533;24537;24529.25;24532;83
20260313 100100;24531.75;24539;24525.25;24538.5;209
20260313 100200;24539.25;24551;24536.25;24551;172
20260313 100300;24551.75;24566;24546.5;24564;278
20260313 100400;24563.75;24565.25;24554.25;24556.25;136
20260313 100500;24557.25;24561.25;24554;24554;113
20260313 100600;24554.25;24568;24554.25;24567.5;141
20260313 100700;24567;24568.5;24564.25;24565.5;121
20260313 100800;24565;24566.75;24560.25;24560.5;78
20260313 100900;24559.75;24566;24559.75;24563.25;111
20260313 101000;24562.5;24563.75;24556;24559;109
20260313 101100;24559.75;24572.75;24559.5;24570.75;138
20260313 101200;24572.75;24583.25;24572.25;24580.5;259
20260313 101300;24580.5;24591.25;24580.5;24590;234
20260313 101400;24590.25;24594;24586.75;24589.5;231
20260313 101500;24588.75;24592.75;24586.75;24590;89
20260313 101600;24589.75;24595.5;24587.5;24592;154
20260313 101700;24592.5;24592.75;24588;24589.75;39
20260313 101800;24589.5;24593.75;24589.5;24592.75;79
20260313 101900;24593.5;24596.5;24591;24593.5;103
20260313 102000;24594.75;24605;24590.75;24604.25;361
20260313 102100;24604.5;24613.5;24599.75;24599.75;279
20260313 102200;24601;24607.5;24600;24604.75;134
20260313 102300;24606;24606.25;24601.25;24605.25;113
20260313 102400;24605.5;24606.75;24601.5;24604.25;105
20260313 102500;24604.25;24604.5;24596;24597.25;93
20260313 102600;24597.25;24601.25;24589;24590.75;114
20260313 102700;24590.5;24593;24586.5;24590.25;145
20260313 102800;24590.75;24591;24583.25;24584.75;144
20260313 102900;24585.75;24585.75;24580.5;24581.5;204
20260313 103000;24581.5;24585.5;24579;24585.5;201
20260313 103100;24585.5;24585.5;24572;24576.75;100
20260313 103200;24576;24577.25;24570;24572.75;61
20260313 103300;24571.5;24579.5;24568.75;24577.5;211
20260313 103400;24580.25;24582;24578.5;24580.5;74
20260313 103500;24582.25;24587;24579.5;24584.25;89
20260313 103600;24584.5;24586.25;24580.75;24581;109
20260313 103700;24580.25;24582.25;24574;24578.75;99
20260313 103800;24579.25;24581.25;24576.25;24580.5;46
20260313 103900;24581.5;24583;24577;24582.75;63
20260313 104000;24583;24583.75;24579.5;24583.25;53
20260313 104100;24582.75;24585;24579;24582.5;56
20260313 104200;24583.25;24586;24580;24586;49
20260313 104300;24586.25;24586.75;24576;24577.25;65
20260313 104400;24577.75;24582;24577.75;24578.75;35
20260313 104500;24578.5;24579.25;24574.25;24577.25;73
20260313 104600;24577.5;24577.5;24573.75;24575.75;36
20260313 104700;24576.75;24586.25;24576.25;24581.75;185
20260313 104800;24582;24597.25;24580.5;24595;606
20260313 104900;24595;24612.5;24589.25;24603.25;567
20260313 105000;24604.5;24612;24600.25;24610;311
20260313 105100;24611;24622.25;24603.75;24622;397
20260313 105200;24621;24623;24611.75;24615.5;265
20260313 105300;24615;24617;24604.25;24607.5;322
20260313 105400;24608.75;24608.75;24599.5;24602.25;133
20260313 105500;24602.75;24606;24596.75;24599.5;121
20260313 105600;24599.5;24605.25;24596.25;24603.75;71
20260313 105700;24605;24611.25;24600;24609.75;112
20260313 105800;24609.5;24609.5;24598.75;24600;91
20260313 105900;24601.25;24610.5;24601.25;24610.5;103
20260313 110000;24611.25;24620.5;24609.25;24619;211
20260313 110100;24617.5;24632.75;24614.5;24629.5;491
20260313 110200;24628.75;24635;24627.5;24631.25;272
20260313 110300;24631;24635;24628.25;24633.25;155
20260313 110400;24634;24637.75;24630.75;24632.5;201
20260313 110500;24632;24634.25;24630.5;24633.75;170
20260313 110600;24633.75;24634.25;24624;24634.25;227
20260313 110700;24633.75;24645.75;24628.25;24628.25;406
20260313 110800;24629.25;24637.25;24624.25;24627.25;360
20260313 110900;24626.75;24627;24608;24610.25;495
20260313 111000;24611.5;24624.25;24609;24623.5;331
20260313 111100;24623;24626.5;24602;24605.25;336
20260313 111200;24604.75;24615.75;24604.75;24615.5;167
20260313 111300;24615.75;24620;24608.75;24615.25;147
20260313 111400;24618;24622.75;24617.75;24618;131
20260313 111500;24614.75;24618.75;24608.75;24618.75;146
20260313 111600;24619;24619.5;24605.5;24610.75;249
20260313 111700;24611;24624;24611;24624;293
20260313 111800;24623.5;24632;24618.75;24627;231
20260313 111900;24626.5;24635;24626.5;24630;138
20260313 112000;24630;24635.75;24630;24634.25;96
20260313 112100;24633.75;24638.75;24630.25;24634.75;164
20260313 112200;24633.75;24634.5;24625.75;24630.75;102
20260313 112300;24631.25;24637.5;24630.75;24637.25;155
20260313 112400;24635.5;24638.5;24628.5;24631.75;122
20260313 112500;24632.5;24634.5;24627.75;24632.25;163
20260313 112600;24631;24635.25;24629.5;24635.25;30
20260313 112700;24635.25;24653;24635.25;24645.5;1155
20260313 112800;24645.75;24647;24641.25;24643;126
20260313 112900;24642.5;24645.75;24638;24639.75;164
20260313 113000;24640.25;24641.5;24620.25;24630.5;364
20260313 113100;24628.25;24631.75;24620.75;24625;193
20260313 113200;24624.25;24637.5;24622.75;24635;148
20260313 113300;24635.75;24638;24630.5;24638;139
20260313 113400;24638.25;24641.25;24633;24638.75;168
20260313 113500;24637.25;24638.75;24627.5;24629.5;114
20260313 113600;24629.75;24633.25;24626;24633.25;110
20260313 113700;24631;24638.5;24628.75;24636.75;144
20260313 113800;24638.75;24646;24637;24643.75;173
20260313 113900;24642.5;24644.75;24629.75;24632.25;203
20260313 114000;24631;24638.75;24630.5;24635.75;120
20260313 114100;24635;24635.75;24627.5;24634.25;119
20260313 114200;24635.25;24640;24633.25;24634;265
20260313 114300;24633.25;24633.75;24624.75;24631.75;140
20260313 114400;24632.75;24633.5;24628.25;24631;74
20260313 114500;24632;24649.25;24632;24648.25;286
20260313 114600;24648.5;24656.25;24647.5;24651;322
20260313 114700;24651.25;24654;24645.75;24648.25;153
20260313 114800;24648;24648;24640;24648;461
20260313 114900;24648.75;24649.25;24641.5;24643;124
20260313 115000;24642;24650;24640;24645;125
20260313 115100;24643.5;24644.25;24638;24644.25;76
20260313 115200;24645;24659.75;24645;24655;340
20260313 115300;24655.5;24657.25;24648.75;24653;100
20260313 115400;24652.5;24663.5;24652;24657.25;224
20260313 115500;24658.75;24660.25;24649;24652.5;173
20260313 115600;24652.5;24663.25;24651.75;24662.75;135
20260313 115700;24662.5;24665.25;24660.5;24664.5;104
20260313 115800;24664.25;24664.25;24654.25;24657.25;90
20260313 115900;24658.25;24664.75;24652;24659.25;308
20260313 120000;24658.25;24664.5;24657.25;24662.75;143
20260313 120100;24663.75;24668.75;24662.25;24664.5;309
20260313 120200;24663.75;24671.75;24655.25;24669.25;335
20260313 120300;24669.25;24676.5;24668;24672.25;462
20260313 120400;24672.25;24675;24666.25;24666.75;139
20260313 120500;24668.5;24668.5;24653.75;24654.5;259
20260313 120600;24654.5;24656.25;24646.75;24648.5;161
20260313 120700;24647.75;24648;24641;24643;313
20260313 120800;24643.75;24654;24641.5;24651.5;307
20260313 120900;24650.5;24651;24644.25;24651;131
20260313 121000;24650.5;24650.5;24644.25;24644.25;73
20260313 121100;24645;24649.5;24637;24640.25;127
20260313 121200;24640;24647.25;24635;24641.75;110
20260313 121300;24643.25;24646.75;24635.75;24635.75;90
20260313 121400;24636.75;24645;24636.25;24642.75;91
20260313 121500;24641.25;24653;24640.25;24650.5;99
20260313 121600;24651.25;24652.75;24643.25;24646;102
20260313 121700;24646;24652.75;24643.75;24648.25;128
20260313 121800;24649;24652.25;24647.25;24649;99
20260313 121900;24649.25;24649.5;24638.5;24644.5;170
20260313 122000;24644.5;24646.75;24641.5;24644.5;56
20260313 122100;24641.5;24643.75;24631;24634;258
20260313 122200;24633;24640.75;24630.5;24635;165
20260313 122300;24634.25;24642.75;24634.25;24634.75;133
20260313 122400;24634.75;24642.5;24633;24636;112
20260313 122500;24637.5;24641.25;24635.5;24637.75;73
20260313 122600;24636.5;24642;24633.25;24634;269
20260313 122700;24634.75;24644;24634.75;24640.25;127
20260313 122800;24640.75;24652.25;24639.5;24650.75;192
20260313 122900;24651.25;24658.75;24650.75;24656.5;273
20260313 123000;24657;24657.25;24649.25;24653;204
20260313 123100;24650.5;24680;24648;24673.25;742
20260313 123200;24672;24672;24658;24665.25;489
20260313 123300;24665.5;24670;24658;24665;241
20260313 123400;24666;24668.25;24651.75;24665.25;315
20260313 123500;24664.75;24666.25;24658.25;24660.25;154
20260313 123600;24659.25;24659.25;24643.75;24645.75;257
20260313 123700;24646.75;24650.25;24640.25;24650;271
20260313 123800;24648.75;24652.5;24641.25;24643.25;168
20260313 123900;24641;24644.25;24634;24636.75;296
20260313 124000;24635.25;24654.5;24635.25;24653.25;193
20260313 124100;24652.5;24655.5;24646.25;24650.75;189
20260313 124200;24651.25;24660;24647;24656.75;167
20260313 124300;24656.75;24662.75;24652.25;24653;162
20260313 124400;24653.5;24658.75;24651.25;24654;108
20260313 124500;24654;24660.75;24652.5;24660.75;73
20260313 124600;24658.5;24731.5;24658.25;24726.25;2524
20260313 124700;24725.25;24738;24703.5;24704.5;1295
20260313 124800;24705;24712;24685;24690;723
20260313 124900;24690.5;24702;24688.75;24691.25;471
20260313 125000;24690;24692;24681.75;24685.25;249
20260313 125100;24686.25;24688;24676;24682;382
20260313 125200;24681.5;24682.25;24670.75;24676.25;258
20260313 125300;24675.25;24684;24674;24680.75;283
20260313 125400;24679.75;24682.25;24668;24669;231
20260313 125500;24670;24674.75;24662.5;24671;258
20260313 125600;24673;24674;24667.25;24670.25;140
20260313 125700;24670.75;24681.25;24670.75;24678;288
20260313 125800;24677.5;24677.75;24668;24673.5;174
20260313 125900;24674;24680.5;24672;24680.5;88
20260313 130000;24680.75;24683;24674.25;24681;112
20260313 130100;24680.5;24688.5;24672;24679;558
20260313 130200;24677;24691;24676.75;24684.5;277
20260313 130300;24684.25;24686.75;24677;24682;220
20260313 130400;24681.5;24683.5;24642.75;24663;1216
20260313 130500;24665.5;24677.5;24659.5;24676;671
20260313 130600;24675.25;24680.75;24664;24679;354
20260313 130700;24678;24681.5;24674.5;24677.75;163
20260313 130800;24677.5;24681;24668.25;24669.75;128
20260313 130900;24670.5;24673;24657;24657.5;178
20260313 131000;24657.75;24658.5;24652;24657;188
20260313 131100;24657.25;24657.25;24644;24648.75;277
20260313 131200;24649;24661.75;24647.5;24659.5;212
20260313 131300;24659.5;24669.5;24658.75;24665;201
20260313 131400;24665;24671.75;24663.25;24671.25;211
20260313 131500;24670.5;24673;24665;24667.75;174
20260313 131600;24667.75;24670;24661.5;24661.5;239
20260313 131700;24662.75;24666.25;24658;24663.75;154
20260313 131800;24665.5;24673;24664.25;24672;158
20260313 131900;24672.25;24677.75;24669.75;24677.5;194
20260313 132000;24677;24684;24674.5;24683;230
20260313 132100;24682.5;24682.5;24669.75;24669.75;252
20260313 132200;24670.5;24672.5;24661.5;24671.25;283
20260313 132300;24670.75;24675.5;24667.75;24669.75;159
20260313 132400;24670.25;24674.5;24666;24670.25;178
20260313 132500;24669.75;24684.25;24669.75;24681.75;196
20260313 132600;24681.75;24684.25;24654;24659;613
20260313 132700;24658;24663.5;24653;24661.5;253
20260313 132800;24660.5;24662;24648.5;24655;386
20260313 132900;24654.75;24658;24648.25;24653.5;436
20260313 133000;24652.75;24654;24637.75;24646;1071
20260313 133100;24645.75;24687.5;24636.25;24666.5;4612
20260313 133200;24666.5;24680.75;24648;24665.75;2533
20260313 133300;24666;24672.25;24653.5;24663;1538
20260313 133400;24662;24701.25;24660.25;24664;2274
20260313 133500;24663.75;24676.25;24648;24660.5;1717
20260313 133600;24660;24664.25;24618.5;24633.25;2394
20260313 133700;24633.5;24636;24611;24629.25;1722
20260313 133800;24629;24665.5;24621;24659.5;1966
20260313 133900;24659.5;24680;24645;24677.25;1688
20260313 134000;24676;24694.5;24668;24676.5;1767
20260313 134100;24676.5;24686;24666.25;24684;1164
20260313 134200;24683.25;24704.5;24681.25;24700.5;1372
20260313 134300;24700.5;24729.25;24692.5;24726.5;1977
20260313 134400;24726.75;24754;24714.5;24754;2437
20260313 134500;24754;24773;24751.75;24769.75;2355
20260313 134600;24769.5;24797.25;24762.5;24795.75;2768
20260313 134700;24796;24805.25;24777.25;24787;2566
20260313 134800;24787.25;24791.75;24771.5;24791;1726
20260313 134900;24790.25;24792.5;24763;24770.75;1901
20260313 135000;24770.25;24772.75;24755.25;24755.75;1569
20260313 135100;24756.25;24758;24736.75;24737.5;2068
20260313 135200;24738.25;24751;24734.75;24744.75;1044
20260313 135300;24745.25;24773.5;24742.5;24752;1640
20260313 135400;24753.25;24789.75;24746.5;24788;1819
20260313 135500;24788.25;24796.75;24775.25;24789.25;2041
20260313 135600;24790;24792.25;24776.75;24784.5;1168
20260313 135700;24784;24784.75;24748.25;24754.75;1885
20260313 135800;24754.75;24762.25;24732;24740.25;2186
20260313 135900;24740.75;24747.75;24728.75;24745.75;997
20260313 140000;24744.75;24747.75;24721;24726;1112
20260313 140100;24728.5;24765;24725.5;24752.5;1945
20260313 140200;24752.5;24755.75;24730.5;24744;1283
20260313 140300;24744;24744;24697;24697.75;2066
20260313 140400;24697.5;24710.25;24694;24696.75;1534
20260313 140500;24696.25;24721.5;24696.25;24711.5;1438
20260313 140600;24711.5;24739.25;24700.25;24700.25;1799
20260313 140700;24701.75;24722.5;24696.75;24718.75;1118
20260313 140800;24719.5;24726.75;24699.5;24699.5;925
20260313 140900;24700.5;24702;24680.5;24685.75;1655
20260313 141000;24687.5;24705;24678;24686.5;1406
20260313 141100;24686;24694;24666.5;24670.5;1629
20260313 141200;24668.75;24687;24658.75;24670.5;1514
20260313 141300;24670.25;24686;24665;24674.25;1755
20260313 141400;24674.25;24683.25;24663.25;24669;932
20260313 141500;24669.25;24682.5;24666.75;24666.75;891
20260313 141600;24666.75;24674.25;24654;24659.25;1804
20260313 141700;24659.25;24684.75;24654.25;24657.25;1454
20260313 141800;24657.5;24666.75;24636;24640.25;1621
20260313 141900;24640.5;24654;24634;24641.25;1452
20260313 142000;24641.25;24658.5;24638.5;24655;922
20260313 142100;24655;24690.75;24653;24669.75;2196
20260313 142200;24670.25;24683.25;24661.25;24676.75;1391
20260313 142300;24676;24678;24662.25;24662.75;809
20260313 142400;24662.75;24687.25;24653.75;24687.25;1177
20260313 142500;24686.25;24692;24665.25;24672;1113
20260313 142600;24671.25;24675.5;24662.25;24668.25;754
20260313 142700;24669.25;24686;24654;24672.75;1245
20260313 142800;24672.75;24703.25;24672;24683;1502
20260313 142900;24682.25;24688.5;24660.25;24686;1289
20260313 143000;24684;24687.75;24673.5;24674.25;700
20260313 143100;24674.75;24700.5;24666;24699.75;1218
20260313 143200;24698.75;24727.5;24695;24726.25;1808
20260313 143300;24725.5;24728.25;24714.5;24725;983
20260313 143400;24726;24726.5;24704;24706;889
20260313 143500;24706;24706.5;24677.5;24689.25;1490
20260313 143600;24688.75;24691.25;24641.5;24643.25;1652
20260313 143700;24644.25;24660.25;24639.25;24642;1164
20260313 143800;24642.5;24685.75;24642.5;24665.75;1874
20260313 143900;24667.25;24676.5;24659;24668;759
20260313 144000;24669.75;24684.25;24659.25;24661.25;889
20260313 144100;24661.25;24661.75;24625;24630;1854
20260313 144200;24629.75;24630.25;24613;24616.5;1393
20260313 144300;24616.5;24631;24602.5;24623.25;1990
20260313 144400;24623;24628.5;24607;24608.25;842
20260313 144500;24608.5;24614.25;24594.25;24595.5;1187
20260313 144600;24596.75;24598;24582.25;24584.75;1725
20260313 144700;24585;24593;24551.75;24553;2441
20260313 144800;24553.5;24566.25;24545.75;24553.75;2332
20260313 144900;24553.75;24581;24553.25;24568.5;2041
20260313 145000;24568.25;24582.25;24559.5;24572;1533
20260313 145100;24572.5;24597.5;24560;24576.5;1954
20260313 145200;24574.25;24581;24562;24562.5;1369
20260313 145300;24561.5;24568;24542.75;24548.75;2029
20260313 145400;24549;24572.5;24539.75;24561.25;1896
20260313 145500;24561.5;24566.5;24545.75;24547;972
20260313 145600;24545.75;24561.5;24526;24527.75;1698
20260313 145700;24527;24531;24495;24497.75;2402
20260313 145800;24498;24509.25;24485.75;24494.75;1858
20260313 145900;24494.75;24505.5;24487.75;24499.25;1538
20260313 150000;24499.75;24513;24482;24489.75;1651
20260313 150100;24490.5;24507.75;24471;24476.25;2512
20260313 150200;24476.25;24485.5;24469.25;24473.25;1510
20260313 150300;24473;24482;24461.75;24467.25;1415
20260313 150400;24468.5;24491.75;24461.75;24476.5;1855
20260313 150500;24476.25;24488.75;24471.25;24486.75;1234
20260313 150600;24485.5;24507.5;24480.75;24483;1537
20260313 150700;24483.25;24495;24475.5;24476.75;1110
20260313 150800;24476;24504.25;24472.75;24500;1177
20260313 150900;24499.25;24518.75;24494;24515;1760
20260313 151000;24515;24527;24514;24527;1454
20260313 151100;24527.25;24538;24526;24532.75;1262
20260313 151200;24532;24538.5;24517;24533.5;1184
20260313 151300;24534.5;24559.25;24534;24550;1416
20260313 151400;24551.5;24568.25;24540.5;24565.5;1152
20260313 151500;24565.5;24569.25;24556.25;24561.75;951
20260313 151600;24561;24564.25;24544;24552.75;1132
20260313 151700;24552.25;24556.25;24542.25;24544.5;657
20260313 151800;24544.5;24545.75;24530;24538.25;880
20260313 151900;24538.5;24548;24527.25;24540.5;910
20260313 152000;24540;24543;24520.25;24521.75;660
20260313 152100;24521.5;24531.25;24510.75;24524.5;1084
20260313 152200;24524.75;24542.75;24519.75;24531;744
20260313 152300;24532.5;24544;24528;24529.75;543
20260313 152400;24529.75;24531.25;24501.25;24501.75;897
20260313 152500;24502;24503.75;24477.75;24479.5;1444
20260313 152600;24479.5;24483;24470.5;24473;1066
20260313 152700;24473.25;24484;24466.25;24475.75;1439
20260313 152800;24473.25;24481;24463;24464.5;866
20260313 152900;24464.25;24480.25;24463.75;24470.5;618
20260313 153000;24469.5;24477.25;24465;24469.75;718
20260313 153100;24469;24478.75;24455.25;24469.5;1539
20260313 153200;24469.25;24488;24468.75;24470.25;1263
20260313 153300;24470.25;24481.5;24470;24472;625
20260313 153400;24472.25;24481.5;24459.25;24461.75;972
20260313 153500;24462.25;24496;24461.25;24486.5;1092
20260313 153600;24486;24494.25;24463.5;24464.75;1072
20260313 153700;24465.5;24468.75;24440.75;24449.25;1752
20260313 153800;24449.5;24471.75;24441.25;24467.75;1333
20260313 153900;24467.25;24480.5;24455.25;24476;1344
20260313 154000;24475.75;24482;24456.75;24462.25;1036
20260313 154100;24462;24471.5;24449.25;24453.75;764
20260313 154200;24453.25;24453.25;24424.5;24431.5;1425
20260313 154300;24432.25;24436;24420.25;24422.75;1093
20260313 154400;24423.75;24425.75;24405.75;24406.25;1552
20260313 154500;24406.5;24419.75;24402.25;24414.5;1349
20260313 154600;24414.5;24428.25;24412.25;24416.5;1245
20260313 154700;24416;24420;24395.5;24415.25;1965
20260313 154800;24415.25;24476;24415.25;24465;4474
20260313 154900;24466;24469;24432.5;24434;1692
20260313 155000;24434;24445;24428.75;24444.25;798
20260313 155100;24445.5;24450.75;24420.25;24442.5;1259
20260313 155200;24443.75;24450;24419;24420.25;1048
20260313 155300;24419.5;24423.75;24399.25;24402.75;1318
20260313 155400;24402.25;24418;24401.75;24408.5;630
20260313 155500;24408;24429;24406.75;24424.75;740
20260313 155600;24425.25;24430;24404.5;24414;832
20260313 155700;24414.5;24425.5;24407.75;24413.5;793
20260313 155800;24413.5;24416;24391.75;24401;1118
20260313 155900;24400.25;24412.25;24400;24408;872
20260313 160000;24409;24423.75;24406.5;24408.75;1234
20260313 160100;24408.75;24432.75;24406.75;24417.5;1160
20260313 160200;24417.75;24446.5;24414.75;24446;1206
20260313 160300;24445.25;24448.25;24414.25;24423;1106
20260313 160400;24424;24448;24420.75;24446.5;684
20260313 160500;24446.5;24452;24436.5;24438.25;812
20260313 160600;24438.5;24445.75;24432;24436.75;502
20260313 160700;24436;24447.25;24423.25;24441.75;747
20260313 160800;24442.5;24466.25;24439.5;24465.5;976
20260313 160900;24466;24466.5;24455.25;24455.75;636
20260313 161000;24455;24461.5;24447.75;24456.75;667
20260313 161100;24456.75;24467.25;24450.75;24456.75;769
20260313 161200;24455.5;24469.5;24451.25;24468.5;793
20260313 161300;24468.5;24475;24458.25;24458.25;754
20260313 161400;24457.5;24462;24407.75;24412.5;1765
20260313 161500;24412.5;24441.75;24411;24435;1148
20260313 161600;24436.5;24448.75;24434;24437.25;662
20260313 161700;24438;24438;24418.5;24423.5;956
20260313 161800;24423.25;24434;24417;24426;549
20260313 161900;24427.5;24437.5;24423.5;24433.5;608
20260313 162000;24433.75;24435.75;24428;24431.25;385
20260313 162100;24431.5;24443.5;24428;24436.5;897
20260313 162200;24436.25;24454;24434.5;24454;689
20260313 162300;24453;24462;24449.25;24456;674
20260313 162400;24456;24462.75;24448.25;24450.25;724
20260313 162500;24450;24462.25;24433.75;24442;812
20260313 162600;24441.25;24444;24433;24436.5;649
20260313 162700;24435.75;24440;24411.5;24416.5;689
20260313 162800;24415.75;24445.25;24415.75;24440.5;764
20260313 162900;24440.5;24457.5;24435.75;24453.25;687
20260313 163000;24453.5;24453.75;24439;24444.25;548
20260313 163100;24443.5;24460.75;24439.25;24459.75;755
20260313 163200;24459.5;24461.25;24444.75;24459.75;619
20260313 163300;24460.5;24466;24453.25;24456.75;634
20260313 163400;24455.5;24470.75;24452.25;24465.25;622
20260313 163500;24465.25;24465.25;24436.25;24440.25;989
20260313 163600;24440.25;24465.25;24438.5;24458.25;731
20260313 163700;24457;24485.25;24453;24481;1046
20260313 163800;24482;24486;24473.25;24483.25;749
20260313 163900;24483.5;24488.5;24468;24471.25;703
20260313 164000;24470.75;24472;24447.25;24455.25;970
20260313 164100;24454.25;24466.5;24450.25;24460;681
20260313 164200;24459.75;24462.25;24445;24456;474
20260313 164300;24455.75;24470.5;24454;24465.5;556
20260313 164400;24465.5;24466.5;24448;24451.75;685
20260313 164500;24450.5;24451;24426.75;24427.75;1282
20260313 164600;24427.75;24431.75;24414.5;24419;963
20260313 164700;24419.75;24424.5;24406;24407.25;781
20260313 164800;24407;24418.25;24400.25;24415.5;974
20260313 164900;24416.5;24427;24416;24421;612
20260313 165000;24421;24436.25;24416.25;24432;840
20260313 165100;24434.25;24462.75;24428;24462.25;970
20260313 165200;24462.5;24465.25;24446.75;24455.5;700
20260313 165300;24455.5;24460.75;24448;24459.75;583
20260313 165400;24459.5;24465.25;24454;24464.75;396
20260313 165500;24465.5;24472.25;24463;24469;575
20260313 165600;24469.25;24473.5;24437.75;24437.75;801
20260313 165700;24438;24442;24418.25;24421.25;1124
20260313 165800;24421.75;24438.75;24417;24437.5;722
20260313 165900;24436.75;24444;24406.25;24407;1640
20260313 170000;24407.75;24409.75;24382;24397.25;1787
20260313 170100;24396;24412.75;24393;24396.75;1187
20260313 170200;24396.5;24407.5;24396.5;24401.75;578
20260313 170300;24400.5;24403;24390.75;24394.75;494
20260313 170400;24394.75;24405.25;24394;24395;439
20260313 170500;24395.5;24408;24395.5;24405.25;502
20260313 170600;24405.25;24408.5;24392.25;24394.75;619
20260313 170700;24394.25;24419;24393.5;24409.75;769
20260313 170800;24409;24414;24402.75;24407.75;388
20260313 170900;24406;24427;24405.75;24423.75;695
20260313 171000;24424;24434.75;24418.75;24428.5;591
20260313 171100;24428;24433.75;24413;24414;584
20260313 171200;24413.25;24416.25;24402;24408;680
20260313 171300;24407.5;24453.5;24406;24448.75;1172
20260313 171400;24448.75;24451.25;24438.75;24443.5;722
20260313 171500;24443;24459.5;24440;24459.5;659
20260313 171600;24460;24469.25;24453;24465;880
20260313 171700;24464.75;24473.75;24460.25;24472.25;755
20260313 171800;24472.5;24472.75;24446.75;24454.75;986
20260313 171900;24453.75;24458.5;24435.25;24442.25;871
20260313 172000;24443.75;24463.25;24435.5;24459.75;587
20260313 172100;24459.5;24462;24449.75;24451;537
20260313 172200;24452.25;24459;24444.75;24446.25;365
20260313 172300;24446;24446;24420;24422;976
20260313 172400;24421.75;24446.25;24421.75;24442.5;799
20260313 172500;24442.5;24458.75;24442.5;24450.25;1118
20260313 172600;24451;24454;24438.5;24449.75;761
20260313 172700;24449.5;24449.5;24438.75;24439;416
20260313 172800;24439.75;24441.25;24428.75;24439.25;607
20260313 172900;24439;24454.75;24438.25;24453.5;493
20260313 173000;24453.75;24461;24445.75;24450.25;550
20260313 173100;24448.75;24456.25;24430;24432;655
20260313 173200;24431.25;24437.5;24428.25;24435;474
20260313 173300;24434.75;24450.75;24434.75;24436;544
20260313 173400;24435.75;24437.5;24424.25;24435;587
20260313 173500;24435.25;24436;24426.5;24433.75;424
20260313 173600;24433.75;24437.75;24421.25;24425;447
20260313 173700;24425;24441;24425;24433.25;780
20260313 173800;24433;24435;24422;24432.75;362
20260313 173900;24433;24439.75;24428.25;24437.5;312
20260313 174000;24438.25;24443;24433.5;24437;395
20260313 174100;24437.5;24440.5;24425;24434.25;792
20260313 174200;24437.25;24437.75;24411.25;24412.75;757
20260313 174300;24412.25;24421.75;24405.25;24408.25;801
20260313 174400;24408.5;24421.75;24407.25;24412.25;498
20260313 174500;24411.5;24436.25;24411.5;24425.75;1279
20260313 174600;24425;24433;24419.25;24419.25;397
20260313 174700;24419.25;24420.5;24392.25;24392.5;941
20260313 174800;24392.75;24395.5;24383;24389.75;1000
20260313 174900;24390.5;24397.25;24389.5;24392.25;466
20260313 175000;24392;24395.5;24366;24368;1366
20260313 175100;24367.75;24374.25;24353;24368.25;1427
20260313 175200;24367.5;24379.25;24366;24367.5;712
20260313 175300;24367;24385;24366.25;24379.25;817
20260313 175400;24379.75;24383;24374.75;24375.5;511
20260313 175500;24376.25;24381.5;24370;24377.25;508
20260313 175600;24377.25;24393;24374.5;24381.25;940
20260313 175700;24382;24386.25;24373;24373;595
20260313 175800;24373.75;24380.75;24371.75;24372;396
20260313 175900;24372;24375.75;24362.5;24371.5;769
20260313 180000;24372;24379.5;24370;24374.25;571
20260313 180100;24374.75;24385.5;24372.25;24379;657
20260313 180200;24377.75;24384.5;24375.25;24378.75;530
20260313 180300;24377.5;24387.5;24370;24382.25;581
20260313 180400;24382.25;24391.5;24380.75;24381.5;538
20260313 180500;24382.25;24398.75;24379;24391.75;929
20260313 180600;24391.75;24398;24386.25;24394;602
20260313 180700;24394;24400.5;24387.5;24388.25;635
20260313 180800;24388;24392.5;24376.25;24383.25;518
20260313 180900;24382.75;24384.5;24378;24381;298
20260313 181000;24381.25;24392.5;24379.5;24390;540
20260313 181100;24390.5;24399.25;24389.5;24394.25;472
20260313 181200;24393;24407.5;24392.5;24404.75;715
20260313 181300;24403.75;24405.75;24389;24398.5;600
20260313 181400;24398.25;24400.75;24388;24392.25;529
20260313 181500;24393.25;24403;24393.25;24401;497
20260313 181600;24400.25;24402.5;24391;24396.5;430
20260313 181700;24396;24415.75;24395.5;24412.5;839
20260313 181800;24412.75;24413;24395.5;24400.5;618
20260313 181900;24401;24403.25;24384.25;24388.5;645
20260313 182000;24388.5;24390;24379.75;24385.75;460
20260313 182100;24385.5;24391;24374.25;24384.25;789
20260313 182200;24385;24392.25;24383.75;24386;400
20260313 182300;24386.25;24392;24376;24378;425
20260313 182400;24379;24379;24369.75;24372.5;452
20260313 182500;24371.25;24381;24367.25;24377.75;524
20260313 182600;24378;24397;24376.75;24389.25;1068
20260313 182700;24390;24391.75;24379.5;24388;505
20260313 182800;24389;24392;24382.25;24382.75;359
20260313 182900;24383.75;24395.5;24383.5;24394.75;386
20260313 183000;24395;24413.75;24393.75;24411.5;944
20260313 183100;24411.5;24427.25;24398.5;24425.25;981
20260313 183200;24426;24428.75;24417.75;24425.75;683
20260313 183300;24426;24441.5;24424.5;24438.25;691
20260313 183400;24438.5;24438.5;24423.75;24430;672
20260313 183500;24430.5;24445.5;24429;24434;636
20260313 183600;24434.75;24440.5;24429;24440.5;491
20260313 183700;24440;24450.5;24438;24442.5;770
20260313 183800;24442.25;24442.25;24431.75;24438.25;482
20260313 183900;24437.75;24442.75;24434.5;24441.25;332
20260313 184000;24440.25;24446.5;24437.25;24443.75;400
20260313 184100;24444;24452;24438.75;24451;624
20260313 184200;24451;24451.25;24440;24447;624
20260313 184300;24447.5;24448.75;24444.5;24447.5;255
20260313 184400;24447.5;24462;24447.5;24461.25;740
20260313 184500;24460.25;24461.75;24456.25;24457.75;398
20260313 184600;24457.75;24458.5;24448.25;24454;592
20260313 184700;24454.25;24461.75;24448;24461.75;541
20260313 184800;24461;24467;24452.5;24458.5;716
20260313 184900;24457.75;24462;24452.25;24456;436
20260313 185000;24456.5;24469.25;24452;24460.5;1224
20260313 185100;24460.5;24462.5;24444.5;24461.75;648
20260313 185200;24461.25;24472.5;24461.25;24463.75;688
20260313 185300;24463.25;24469;24460.25;24462;499
20260313 185400;24461.5;24463;24451.25;24453.5;632
20260313 185500;24452.5;24467.75;24450.5;24463.5;438
20260313 185600;24464.25;24464.25;24450;24455;490
20260313 185700;24454.5;24458.25;24447.5;24455.5;436
20260313 185800;24455;24457.75;24446.75;24448.75;339
20260313 185900;24448.5;24454.5;24440;24451;621
20260313 190000;24450.25;24452.5;24443.75;24448.5;308
20260313 190100;24448.25;24449.5;24437;24440;558
20260313 190200;24440.5;24440.75;24430;24434.75;459
20260313 190300;24435;24442.75;24424.25;24426;588
20260313 190400;24426;24434.25;24424.75;24425.75;657
20260313 190500;24425.5;24427.5;24418.75;24418.75;774
20260313 190600;24418.75;24419.25;24411.25;24416.5;674
20260313 190700;24415.5;24416.75;24409;24414.75;588
20260313 190800;24414.75;24415.5;24406;24412.25;503
20260313 190900;24412.25;24429.75;24412;24423;982
20260313 191000;24422.25;24426.5;24418.25;24422.25;302
20260313 191100;24421.5;24432.25;24420;24431.5;479
20260313 191200;24432;24434.25;24424;24428.5;337
20260313 191300;24428.25;24428.75;24414.5;24416.5;484
20260313 191400;24417;24424;24414.75;24420;351
20260313 191500;24421;24422.5;24414.5;24416.5;355
20260313 191600;24416;24430.5;24416;24429;538
20260313 191700;24428.75;24430.5;24413.25;24414;451
20260313 191800;24414.75;24431;24413;24422.25;1134
20260313 191900;24422.75;24427;24412.75;24426.75;407
20260313 192000;24427;24431.5;24418.25;24420.75;529
20260313 192100;24419.5;24420;24392.25;24395.5;750
20260313 192200;24395.25;24396;24379.5;24383.5;1375
20260313 192300;24383.75;24386;24376.75;24377;524
20260313 192400;24377.25;24387.25;24375.75;24382.5;680
20260313 192500;24382;24390.75;24381.75;24386.5;733
20260313 192600;24385.75;24388.75;24374.25;24378.25;595
20260313 192700;24378;24384;24372;24372.25;562
20260313 192800;24372.25;24377;24367.75;24375;571
20260313 192900;24375.75;24384.75;24375;24382.25;509
20260313 193000;24381.75;24383.75;24370.5;24376.75;356
20260313 193100;24376.5;24396.5;24376;24392;892
20260313 193200;24392;24398.75;24387.5;24391.5;510
20260313 193300;24392.25;24395;24381.5;24384.75;434
20260313 193400;24384.75;24387;24373.75;24376.5;476
20260313 193500;24376.75;24383.75;24375.5;24378.5;341
20260313 193600;24378;24382;24372.5;24378.5;386
20260313 193700;24378.25;24381.5;24374.75;24379;395
20260313 193800;24379.75;24384.25;24378;24379.25;352
20260313 193900;24379.5;24380;24364.5;24367;890
20260313 194000;24367.25;24367.75;24359.5;24362;649
20260313 194100;24361.75;24368.25;24350.5;24356.75;920
20260313 194200;24356;24363;24350.75;24359.5;748
20260313 194300;24360.25;24362;24351.75;24361.25;610
20260313 194400;24361;24362.75;24353.75;24360.25;503
20260313 194500;24360;24368.25;24359.5;24367.25;759
20260313 194600;24367.25;24378.5;24358;24358.25;1195
20260313 194700;24358;24363;24356.5;24357.75;529
20260313 194800;24357.5;24374.25;24357.25;24372.75;603
20260313 194900;24372.5;24377.75;24368.5;24376.25;628
20260313 195000;24377;24378.5;24368;24372.25;605
20260313 195100;24372.75;24378;24358.75;24361.75;1232
20260313 195200;24363;24375;24359.25;24375;680
20260313 195300;24375.75;24380.25;24368.75;24379.5;889
20260313 195400;24379.75;24387.25;24375.25;24382;757
20260313 195500;24382.25;24391.5;24380.75;24385;1633
20260313 195600;24386;24392.5;24378;24389.75;1081
20260313 195700;24390;24396.25;24385.25;24392.25;910
20260313 195800;24392.75;24402.5;24391.75;24393;1324
20260313 195900;24393;24398.75;24387.75;24398.75;1373
20260313 200000;24398.5;24404;24389.75;24395.5;6237
20260313 200100;24395.25;24400.25;24385.25;24386;2997
20260313 200200;24385.5;24388.5;24379;24384;1015
20260313 200300;24383.75;24386.5;24363.25;24366;1035
20260313 200400;24367.5;24373.75;24366.5;24367;589
20260313 200500;24366.75;24371.5;24365.25;24370.25;542
20260313 200600;24370;24378.25;24369;24374.5;328
20260313 200700;24375.25;24382.75;24373.25;24381.5;360
20260313 200800;24381.5;24382;24372.25;24375.5;247
20260313 200900;24375.5;24379.5;24370;24370.75;284
20260313 201000;24371.25;24375.25;24370.5;24372.5;284
20260313 201100;24372.75;24374.5;24361.75;24364.5;447
20260313 201200;24364.75;24368;24360.25;24363.25;254
20260313 201300;24363.5;24369.75;24362;24367.5;192
20260313 201400;24367.25;24369;24364.75;24366.25;175
20260313 201500;24366.25;24368;24361.5;24364.25;334
20260313 201600;24363.25;24370;24361;24366.5;235
20260313 201700;24367;24370.25;24365.75;24365.75;152
20260313 201800;24366.25;24367.75;24362.5;24363.5;163
20260313 201900;24365;24368.5;24365;24368.25;109
20260313 202000;24369;24373.5;24367.75;24372.75;197
20260313 202100;24372.5;24376.5;24372;24376.25;215
20260313 202200;24376.75;24379.75;24375.5;24377;165
20260313 202300;24376.5;24377.5;24375;24375.75;70
20260313 202400;24375;24377;24372.5;24376.5;141
20260313 202500;24377;24377.75;24374.75;24374.75;95
20260313 202600;24373.5;24376.25;24373;24374;114
20260313 202700;24374.75;24376.5;24372.25;24374;107
20260313 202800;24373.75;24374.25;24372.5;24373.25;57
20260313 202900;24373.25;24374;24366;24369.5;182
20260313 203000;24370;24373.75;24368.75;24368.75;183
20260313 203100;24369.5;24372.5;24368.75;24370.25;76
20260313 203200;24369.25;24371.75;24367.25;24370.75;77
20260313 203300;24371.75;24373;24369;24369.75;111
20260313 203400;24368.5;24373.25;24368.25;24372.25;50
20260313 203500;24372.5;24373.75;24371.75;24373;37
20260313 203600;24372.25;24374.75;24371.75;24373.5;51
20260313 203700;24374;24377;24373.75;24374.5;85
20260313 203800;24375;24378.75;24375;24376.5;51
20260313 203900;24377.5;24383.25;24376.25;24382.5;141
20260313 204000;24382.5;24383.75;24378;24379.5;141
20260313 204100;24379.25;24382.5;24377;24377.25;134
20260313 204200;24378;24378.25;24370;24372;156
20260313 204300;24372;24373.25;24369.25;24369.25;111
20260313 204400;24370;24370;24366.25;24367.5;102
20260313 204500;24366.75;24368;24361.75;24364.75;152
20260313 204600;24364.5;24365.75;24357.25;24360.25;175
20260313 204700;24360.75;24360.75;24355.5;24357.5;91
20260313 204800;24357.75;24366.25;24357.5;24366;232
20260313 204900;24366.5;24368.5;24359;24360;241
20260313 205000;24360.75;24360.75;24356.5;24357.25;139
20260313 205100;24356.75;24358;24352.25;24356.5;155
20260313 205200;24357;24357.75;24351;24351.25;134
20260313 205300;24352;24352;24342.75;24348.25;200
20260313 205400;24350;24359.75;24348.25;24353.75;202
20260313 205500;24353.5;24355.75;24348.5;24353.75;156
20260313 205600;24353.5;24353.5;24339;24342.25;280
20260313 205700;24343.5;24345.25;24340.25;24343;147
20260313 205800;24343.75;24347.5;24342.25;24342.25;105
20260313 205900;24343.25;24346.5;24340.5;24341.25;184
20260313 210000;24341.5;24343.25;24333.75;24335.25;211
20260315 220100;24285;24359.75;24278;24335.25;907
20260315 220200;24331.75;24392;24328;24384.75;392
20260315 220300;24384.5;24405;24365.75;24377.75;403
20260315 220400;24375.25;24397.75;24374.25;24376;129
20260315 220500;24375.25;24379.25;24346.5;24358.5;330
20260315 220600;24360;24361.75;24349.25;24354.25;139
20260315 220700;24355.25;24359.75;24343.5;24354.5;167
20260315 220800;24353.25;24360.75;24350;24350.25;88
20260315 220900;24350;24354.5;24322.75;24322.75;276
20260315 221000;24321.25;24335;24321;24326;132
20260315 221100;24326;24332.5;24320;24332.5;139
20260315 221200;24326.75;24332.5;24320;24327.75;101
20260315 221300;24332;24336.5;24318;24318;162
20260315 221400;24318.25;24324.5;24306;24309;185
20260315 221500;24311.25;24316;24307.25;24309;82
20260315 221600;24309.25;24311.5;24303.5;24305;67
20260315 221700;24303.25;24309;24297;24298.25;119
20260315 221800;24295.5;24311.5;24295.25;24310.75;107
20260315 221900;24307.75;24309.5;24303.5;24305.75;41
20260315 222000;24304.75;24309.75;24300;24307.25;96
20260315 222100;24307.25;24323.75;24307;24323.5;107
20260315 222200;24322.5;24325;24317.5;24325;64
20260315 222300;24319.25;24330;24319;24329;53
20260315 222400;24327;24329.75;24305;24305;104
20260315 222500;24305.5;24330.75;24305.5;24328.25;97
20260315 222600;24330.25;24350;24328;24342.25;160
20260315 222700;24343.25;24346;24330.25;24337;62
20260315 222800;24336.75;24344.25;24322.75;24333.75;85
20260315 222900;24333.5;24337.25;24324.75;24337.25;60
20260315 223000;24337.75;24343;24333.25;24338.75;44
20260315 223100;24340;24344.5;24338.5;24344.5;51
20260315 223200;24340.25;24350;24340.25;24344;84
20260315 223300;24342.5;24343.75;24333.5;24336.25;48
20260315 223400;24333.25;24333.5;24323.75;24333.25;80
20260315 223500;24328;24334;24328;24329.25;10
20260315 223600;24332.75;24333.25;24326.25;24331.75;28
20260315 223700;24332;24346.25;24331.5;24344.75;85
20260315 223800;24344.25;24355;24343.75;24347;59
20260315 223900;24347.75;24353.75;24344.75;24347.25;47
20260315 224000;24347.75;24359.25;24346.25;24354.75;101
20260315 224100;24356.25;24358;24347.75;24353.75;86
20260315 224200;24355;24360;24352.25;24355.5;82
20260315 224300;24360;24366.25;24356;24366;66
20260315 224400;24366;24383.25;24366;24381;165
20260315 224500;24378.75;24395;24378;24391.25;134
20260315 224600;24391.25;24397.25;24385.5;24397.25;89
20260315 224700;24397;24397;24390.5;24395;41
20260315 224800;24397;24420;24394.75;24420;193
20260315 224900;24419.75;24428;24415.5;24419.25;156
20260315 225000;24418.5;24422.75;24415.25;24417.5;109
20260315 225100;24418.25;24451;24418.25;24448.25;274
20260315 225200;24445.75;24457.75;24437;24444;200
20260315 225300;24445.75;24448.75;24437.5;24445.75;100
20260315 225400;24448.5;24448.75;24440;24446.75;59
20260315 225500;24445.25;24459.25;24445;24456.5;69
20260315 225600;24453.25;24459.25;24453.25;24455.75;48
20260315 225700;24454;24468.25;24448.25;24448.25;203
20260315 225800;24448.25;24470.75;24448.25;24468.25;114
20260315 225900;24464.75;24475.5;24461;24472.75;172
20260315 230000;24470;24475.5;24448.5;24464.75;261
20260315 230100;24468.75;24496.75;24466;24492.75;361
20260315 230200;24492.75;24495.25;24471;24471.75;228
20260315 230300;24472.25;24475.5;24458;24458;204
20260315 230400;24458.5;24467.5;24436;24452.75;463
20260315 230500;24450.75;24462.25;24440.75;24459.75;131
20260315 230600;24458;24474.5;24457.5;24471;159
20260315 230700;24467.75;24473.75;24448.5;24451.5;101
20260315 230800;24451.5;24460;24450.25;24459.75;78
20260315 230900;24459.25;24459.25;24437.25;24440.25;162
20260315 231000;24440.5;24450;24438.5;24446.5;74
20260315 231100;24445.25;24449.75;24427.5;24429.75;182
20260315 231200;24426.25;24440;24426;24434;139
20260315 231300;24434;24445;24433;24439.5;53
20260315 231400;24439;24446.75;24436.25;24443.5;44
20260315 231500;24444.75;24452;24443.25;24452;71
20260315 231600;24450.25;24454.5;24432;24432.75;97
20260315 231700;24432.5;24443.5;24429;24443.5;75
20260315 231800;24438;24438;24431;24434.5;49
20260315 231900;24434.25;24441.75;24432.5;24441.75;55
20260315 232000;24437.75;24443.25;24434.75;24434.75;49
20260315 232100;24435.75;24437;24431.75;24432.75;30
20260315 232200;24431;24435.75;24429;24433.25;53
20260315 232300;24433.25;24437;24431;24431.25;31
20260315 232400;24432.75;24438.25;24430.75;24438.25;56
20260315 232500;24438.5;24446.75;24436;24445;90
20260315 232600;24443.5;24447.25;24437.25;24441.25;58
20260315 232700;24443;24443;24429;24429;64
20260315 232800;24432;24435.5;24428;24428.25;43
20260315 232900;24431;24433.75;24428.5;24430.75;32
20260315 233000;24431;24435;24429.25;24434.25;60
20260315 233100;24433.25;24433.25;24427;24433.25;26
20260315 233200;24433;24438.25;24432.25;24434.5;39
20260315 233300;24432;24432;24422;24422;68
20260315 233400;24423.25;24426.5;24420.25;24423;40
20260315 233500;24423.75;24430.5;24422;24430;48
20260315 233600;24426;24430.75;24425.5;24429;15
20260315 233700;24425.75;24427.5;24421;24421.25;23
20260315 233800;24421.5;24421.5;24411;24411.25;108
20260315 233900;24412.5;24422.5;24412.5;24419;64
20260315 234000;24416.5;24416.5;24408.5;24414.25;87
20260315 234100;24415;24427;24415;24426.5;95
20260315 234200;24425.25;24438.25;24424.75;24438.25;119
20260315 234300;24438.5;24449.75;24437.5;24446.25;179
20260315 234400;24444;24446.25;24432;24436;90
20260315 234500;24435.25;24436.25;24431.75;24434;18
20260315 234600;24435.25;24454.5;24435.25;24454.5;110
20260315 234700;24452.25;24459.25;24446;24456.25;105
20260315 234800;24456.25;24460.25;24451;24460;99
20260315 234900;24459.5;24460.5;24446.5;24450.5;110
20260315 235000;24450.25;24460;24449.25;24459;55
20260315 235100;24459.75;24460.5;24450.5;24456.25;73
20260315 235200;24457;24459;24449.5;24455.5;51
20260315 235300;24453.5;24459.5;24453.5;24457.25;52
20260315 235400;24457;24459.25;24456;24459.25;28
20260315 235500;24459;24459;24454.5;24454.5;21
20260315 235600;24453.75;24453.75;24447.75;24449;39
20260315 235700;24447.25;24452.25;24447.25;24450.25;36
20260315 235800;24447.75;24451.25;24440.5;24442;105
20260315 235900;24441.25;24447.25;24437.75;24444.75;58
20260316 000000;24445;24447;24439.5;24439.5;26
20260316 000100;24439;24465;24437.25;24465;156
20260316 000200;24463.25;24474;24462.5;24472;192
20260316 000300;24470.75;24482;24464.25;24482;190
20260316 000400;24481.75;24490.75;24477.25;24484.75;219
20260316 000500;24483;24485.5;24477;24481;109
20260316 000600;24482;24491.25;24480.25;24489.75;58
20260316 000700;24490;24495;24486.5;24492;205
20260316 000800;24492.5;24511.25;24490.25;24508;422
20260316 000900;24507;24512.25;24500.25;24501.75;268
20260316 001000;24501.5;24507;24496.75;24505;74
20260316 001100;24505.5;24516.75;24505.5;24512.25;204
20260316 001200;24510.25;24514;24495;24498;182
20260316 001300;24499.5;24514;24492.25;24505;135
20260316 001400;24509.25;24520.25;24503.75;24507.75;149
20260316 001500;24509.5;24514.5;24503.75;24507.25;51
20260316 001600;24509;24521;24509;24518.75;244
20260316 001700;24518.5;24525.25;24515.25;24523;228
20260316 001800;24522.75;24525.5;24520;24524;95
20260316 001900;24522.25;24522.25;24508.5;24511;79
20260316 002000;24509.25;24512.75;24508;24510;61
20260316 002100;24509;24509;24495;24496.75;93
20260316 002200;24497.5;24497.5;24492.25;24493.5;61
20260316 002300;24493.5;24500.25;24493;24498.5;56
20260316 002400;24498.25;24502.75;24495;24496.25;57
20260316 002500;24495.5;24497.5;24488.25;24495;125
20260316 002600;24496.25;24496.75;24487.75;24491.5;154
20260316 002700;24488.75;24497.5;24486.5;24491.25;126
20260316 002800;24491.25;24491.25;24487.5;24491.25;45
20260316 002900;24490;24491.75;24487;24487.5;35
20260316 003000;24487.25;24492.75;24487;24491;25
20260316 003100;24490.5;24494;24485.25;24488.75;82
20260316 003200;24489.25;24496;24487.75;24492;70
20260316 003300;24491.5;24494.75;24490.25;24491;53
20260316 003400;24493;24496.5;24492.5;24494.5;35
20260316 003500;24492.75;24499.5;24490;24499.25;90
20260316 003600;24497.5;24506.75;24497.5;24506.75;100
20260316 003700;24504.75;24506;24493.5;24494.5;137
20260316 003800;24494;24496.5;24489.25;24492.5;81
20260316 003900;24492.5;24502.75;24491.75;24501.75;88
20260316 004000;24502;24510.75;24501.25;24504.5;113
20260316 004100;24506.5;24511.75;24502.75;24505.25;65
20260316 004200;24505.25;24507.25;24503.75;24506.5;29
20260316 004300;24507.75;24512.5;24507.5;24508.25;67
20260316 004400;24507.75;24509.25;24506.25;24506.25;38
20260316 004500;24506.5;24506.75;24498;24498.5;78
20260316 004600;24497.75;24502.5;24497.5;24502;54
20260316 004700;24500;24501.5;24495;24501.5;55
20260316 004800;24501.5;24506.5;24488.75;24492.25;105
20260316 004900;24491.25;24516.5;24491.25;24512.5;177
20260316 005000;24511.75;24518;24507.75;24513.25;107
20260316 005100;24516.5;24517.5;24513;24517.25;33
20260316 005200;24517;24521.75;24515.5;24517.75;71
20260316 005300;24518;24518.75;24514;24517.5;164
20260316 005400;24516.25;24519;24510.25;24512;52
20260316 005500;24512.25;24519.25;24512.25;24516.25;34
20260316 005600;24518;24519.5;24509.5;24509.5;38
20260316 005700;24509;24512.25;24508;24510.5;37
20260316 005800;24510.25;24516;24509;24513.75;27
20260316 005900;24513;24513;24508.5;24508.5;30
20260316 010000;24508;24511.5;24508;24508.25;21
20260316 010100;24511.5;24523.5;24511.5;24513.5;151
20260316 010200;24512.25;24519;24507.5;24517;86
20260316 010300;24515.25;24515.25;24503.5;24510.75;84
20260316 010400;24511.25;24511.25;24496;24499.5;82
20260316 010500;24501.25;24501.25;24495;24496.75;73
20260316 010600;24497.5;24506.5;24496;24501.5;93
20260316 010700;24503.5;24506;24500.5;24503.75;93
20260316 010800;24503;24503.75;24498.25;24501.75;64
20260316 010900;24501.5;24507.5;24501.5;24504;73
20260316 011000;24502.5;24503.25;24497.75;24499.75;32
20260316 011100;24498;24500.25;24493;24493;75
20260316 011200;24493;24496.5;24490;24493.5;72
20260316 011300;24495;24502;24495;24498.75;138
20260316 011400;24498.75;24501.5;24492.25;24495.5;118
20260316 011500;24496.5;24501.5;24496.5;24500.25;25
20260316 011600;24502.5;24510.75;24499.25;24509.25;73
20260316 011700;24511;24519.25;24506;24507.25;180
20260316 011800;24510;24512.5;24507.75;24511.75;54
20260316 011900;24510;24510.25;24507;24509.5;18
20260316 012000;24508.25;24513.75;24507;24512;15
20260316 012100;24512;24516.5;24509.25;24516.5;30
20260316 012200;24515.25;24515.25;24509.5;24512.5;26
20260316 012300;24514.25;24516.25;24507.25;24507.25;58
20260316 012400;24506.25;24512;24504.25;24512;54
20260316 012500;24510.75;24510.75;24507.5;24507.5;31
20260316 012600;24507;24512;24501.75;24501.75;66
20260316 012700;24501.5;24505.75;24499.75;24504.75;37
20260316 012800;24507.5;24507.5;24497.5;24498;31
20260316 012900;24497.5;24499.75;24492.25;24498;79
20260316 013000;24494.5;24503;24493.25;24494.25;147
20260316 013100;24494.5;24496;24490;24490.75;43
20260316 013200;24492.75;24496;24487.5;24490;103
20260316 013300;24490.75;24490.75;24473.5;24475;199
20260316 013400;24474.75;24476.75;24468.75;24471.25;186
20260316 013500;24474.25;24481;24471.25;24478.5;79
20260316 013600;24480;24496.75;24478.25;24495;198
20260316 013700;24494.75;24496.5;24486.25;24490.75;59
20260316 013800;24491.25;24491.25;24478.75;24486;76
20260316 013900;24484.5;24493.75;24483.5;24483.5;172
20260316 014000;24483.25;24486;24472.25;24473.25;132
20260316 014100;24473;24479.75;24471.75;24478;69
20260316 014200;24478.25;24478.25;24470.25;24474;42
20260316 014300;24475.5;24491.75;24473.25;24488.75;121
20260316 014400;24488.5;24490.75;24479.5;24479.5;65
20260316 014500;24478.25;24484.25;24476.5;24481.25;69
20260316 014600;24483;24490.5;24483;24486.25;46
20260316 014700;24484.5;24489.25;24484.25;24488.5;58
20260316 014800;24489.75;24495.25;24489;24493.5;85
20260316 014900;24495.5;24500.5;24494.25;24496.5;83
20260316 015000;24497;24500.5;24495.5;24499.25;56
20260316 015100;24499.75;24519.75;24499.5;24512.25;235
20260316 015200;24512.75;24513.5;24503;24508.5;100
20260316 015300;24509.75;24511;24493.75;24510.25;212
20260316 015400;24511.25;24515;24510.5;24513.5;41
20260316 015500;24512.25;24523.75;24511;24517.5;244
20260316 015600;24518;24520.5;24511.5;24519;87
20260316 015700;24518;24519;24512.75;24515.25;59
20260316 015800;24515.25;24515.25;24509;24511.5;31
20260316 015900;24512.25;24518.5;24510.75;24513.75;40
20260316 020000;24512.5;24514.5;24511;24514.5;28
20260316 020100;24516;24518.5;24510.25;24510.25;55
20260316 020200;24512.25;24515.5;24510.25;24511.25;78
20260316 020300;24510.75;24511.5;24501.25;24504.75;90
20260316 020400;24504.5;24506.5;24496;24506.5;78
20260316 020500;24506.5;24510.75;24505.25;24510.5;29
20260316 020600;24510.25;24512;24502;24505.75;35
20260316 020700;24505.75;24507;24499.75;24506.25;38
20260316 020800;24508.75;24517;24508.75;24512;62
20260316 020900;24509.25;24511;24505;24506;20
20260316 021000;24504.5;24511.25;24504;24511.25;24
20260316 021100;24509.25;24513.25;24509;24510.5;37
20260316 021200;24510.75;24512.5;24507.75;24509;29
20260316 021300;24510.5;24511;24504;24506.25;28
20260316 021400;24503.75;24503.75;24496.25;24500.5;71
20260316 021500;24500.5;24504.25;24498;24502.25;89
20260316 021600;24504.5;24507.75;24480;24494;392
20260316 021700;24494;24498.25;24491.5;24498.25;32
20260316 021800;24496.25;24500.25;24496.25;24498.5;18
20260316 021900;24498;24502.5;24496.5;24502.5;32
20260316 022000;24502.75;24506.25;24500.75;24502.75;26
20260316 022100;24503.25;24504.75;24497.5;24500.25;33
20260316 022200;24498;24498;24490.25;24491;45
20260316 022300;24492.25;24495;24489.25;24489.25;31
20260316 022400;24491.75;24491.75;24485.5;24488.75;36
20260316 022500;24488.75;24491.75;24487.5;24489.5;18
20260316 022600;24489.5;24493.5;24489.25;24493.25;18
20260316 022700;24490;24492.25;24488.5;24489.5;28
20260316 022800;24488;24488;24484.5;24484.5;31
20260316 022900;24486.75;24488;24481.5;24484.5;39
20260316 023000;24484.25;24488.25;24484.25;24487.25;40
20260316 023100;24485.75;24487.25;24481.5;24483.25;37
20260316 023200;24484.5;24484.75;24483.25;24484;16
20260316 023300;24483.25;24484.25;24481.25;24482.25;31
20260316 023400;24482.5;24483.75;24481.75;24482.25;25
20260316 023500;24483;24486.5;24482.5;24486.25;43
20260316 023600;24485.5;24486.5;24483.5;24483.75;21
20260316 023700;24483;24483.75;24474.25;24477.5;109
20260316 023800;24479;24480;24475.75;24476.5;69
20260316 023900;24475.75;24479.75;24475.5;24477.5;26
20260316 024000;24477.25;24479.75;24477.25;24478;18
20260316 024100;24476;24480;24474.75;24480;40
20260316 024200;24480;24485.25;24480;24483.75;30
20260316 024300;24485.25;24488;24482;24486.5;29
20260316 024400;24485.75;24490.25;24483.25;24484.75;39
20260316 024500;24482.25;24482.25;24477.75;24479.5;25
20260316 024600;24479;24480;24477;24478.75;31
20260316 024700;24480.5;24492;24480.5;24490.75;106
20260316 024800;24490.5;24496;24489.5;24490;76
20260316 024900;24491.25;24496.75;24490;24494.75;38
20260316 025000;24495.25;24495.5;24486.5;24490;59
20260316 025100;24488;24492.5;24488;24491.25;7
20260316 025200;24492.5;24493.75;24490.75;24492.25;10
20260316 025300;24493.75;24495.25;24493;24494.75;9
20260316 025400;24494.25;24494.25;24485.25;24486.5;23
20260316 025500;24485;24485;24476.75;24477.75;80
20260316 025600;24479.75;24487.5;24479.75;24487.5;82
20260316 025700;24485.75;24496;24485.75;24496;57
20260316 025800;24495;24500;24495;24495;43
20260316 025900;24496.25;24496.25;24491.5;24491.5;14
20260316 030000;24493;24493;24490.75;24492;10
