20251202 030100;25423.75;25424.5;25422;25424.5;43
20251202 030200;25424.75;25426.5;25424.25;25426;14
20251202 030300;25425;25425;25419.25;25421.25;91
20251202 030400;25420.5;25425;25420;25424.25;58
20251202 030500;25423.75;25424;25420.75;25422;45
20251202 030600;25421.25;25422.5;25419.25;25421.75;29
20251202 030700;25421.25;25424.25;25419.5;25423;46
20251202 030800;25421.5;25422;25418.5;25419.25;67
20251202 030900;25420.75;25420.75;25418;25418.25;39
20251202 031000;25418.25;25419;25416.25;25418.5;36
20251202 031100;25418.25;25419.25;25415.75;25416.5;69
20251202 031200;25417;25417.75;25414.25;25414.25;17
20251202 031300;25414.75;25415.5;25413.25;25414.75;31
20251202 031400;25414;25414;25409.75;25409.75;71
20251202 031500;25409.75;25410.5;25407.5;25409;58
20251202 031600;25408.5;25408.5;25401.75;25402;86
20251202 031700;25402;25402;25395.75;25396;166
20251202 031800;25395.5;25397;25391.5;25394.25;200
20251202 031900;25394.75;25398.75;25391;25397;160
20251202 032000;25398;25402.25;25398;25398.25;93
20251202 032100;25398.75;25401.5;25396.5;25401;39
20251202 032200;25399.75;25399.75;25393.5;25394;80
20251202 032300;25394;25394;25390;25390.5;153
20251202 032400;25390;25392;25388.25;25389.25;61
20251202 032500;25390;25390.25;25381.5;25384.5;194
20251202 032600;25384.75;25384.75;25370.75;25374.75;371
20251202 032700;25374;25375.75;25371.75;25371.75;78
20251202 032800;25371.25;25371.25;25367.25;25368.5;122
20251202 032900;25367.75;25372.5;25366.25;25372.25;103
20251202 033000;25372.5;25375.25;25370.5;25373.75;71
20251202 033100;25370.5;25370.5;25360.25;25362;216
20251202 033200;25362.5;25362.5;25348.25;25354;428
20251202 033300;25353.25;25359.75;25353;25355.5;142
20251202 033400;25356;25360.75;25352;25360.75;138
20251202 033500;25360.75;25363.5;25355.25;25361.75;105
20251202 033600;25361.5;25365.25;25356;25357.75;96
20251202 033700;25358.25;25358.75;25354;25354;69
20251202 033800;25352.25;25356.75;25350;25356.75;122
20251202 033900;25356;25368;25356;25360.75;173
20251202 034000;25361;25362.75;25358;25358.75;48
20251202 034100;25360;25362.25;25358.5;25362;68
20251202 034200;25362.5;25368.5;25361.75;25367.5;142
20251202 034300;25367.75;25375;25367.75;25373.5;162
20251202 034400;25373.5;25380.25;25373.5;25379;132
20251202 034500;25379.25;25382.25;25377.5;25381.5;102
20251202 034600;25380.75;25380.75;25371;25372;121
20251202 034700;25373.25;25377.75;25371.5;25375.25;110
20251202 034800;25376;25382;25375.25;25381;68
20251202 034900;25380.75;25383.75;25379.5;25381.5;98
20251202 035000;25380.25;25382;25377.75;25380;48
20251202 035100;25380.25;25382.5;25378.5;25379;38
20251202 035200;25378.25;25382.75;25376;25381;94
20251202 035300;25381.25;25386;25380.25;25386;85
20251202 035400;25386.25;25390;25383.5;25390;134
20251202 035500;25390;25393.5;25388;25393;102
20251202 035600;25393.25;25399.75;25392;25399;138
20251202 035700;25399.75;25406.25;25399.5;25406.25;145
20251202 035800;25406.5;25407.75;25396.75;25398.5;115
20251202 035900;25398;25398.75;25389.5;25389.5;186
20251202 040000;25390;25392.75;25388.25;25391;83
20251202 040100;25390.5;25392;25385.5;25388.75;111
20251202 040200;25387.75;25393.75;25387.75;25393.75;54
20251202 040300;25393.75;25398;25391.25;25397.25;63
20251202 040400;25398;25398.25;25393.25;25393.5;30
20251202 040500;25394.5;25396;25390;25391.5;61
20251202 040600;25393.25;25393.5;25389.75;25393;44
20251202 040700;25393.75;25396.25;25392.75;25395;25
20251202 040800;25394.75;25395.75;25393.5;25394.75;13
20251202 040900;25394.5;25397.5;25394.5;25397.25;40
20251202 041000;25397.5;25399;25396.25;25399;24
20251202 041100;25399.25;25400;25396;25396;44
20251202 041200;25395;25396.25;25394.25;25395.25;17
20251202 041300;25394.75;25394.75;25390.75;25390.75;37
20251202 041400;25391.25;25394.75;25390.75;25394.75;26
20251202 041500;25393.75;25395.75;25393.5;25395;35
20251202 041600;25394.75;25395.5;25388;25388.25;51
20251202 041700;25388;25390.5;25386.5;25387.5;55
20251202 041800;25388.25;25392.75;25388.25;25392;27
20251202 041900;25392.25;25394.75;25391;25394.5;30
20251202 042000;25395;25395.25;25389.75;25391.25;27
20251202 042100;25392.5;25392.75;25389.25;25390.5;20
20251202 042200;25390;25390.75;25385;25386.75;45
20251202 042300;25387.5;25390;25386.5;25388.25;31
20251202 042400;25388.5;25390;25388.5;25388.5;16
20251202 042500;25388.75;25391.25;25387.25;25387.25;24
20251202 042600;25387;25391;25387;25389.5;29
20251202 042700;25388.75;25390.75;25388.75;25390;19
20251202 042800;25390.75;25392.75;25390.75;25390.75;52
20251202 042900;25389.75;25391.25;25388;25389;24
20251202 043000;25389;25390.5;25388;25388.75;24
20251202 043100;25388;25392.25;25387.5;25389.5;30
20251202 043200;25390.25;25390.25;25388;25388.75;12
20251202 043300;25388.75;25389.5;25385;25388.5;70
20251202 043400;25389.25;25390.5;25387.75;25387.75;62
20251202 043500;25389.5;25391.25;25388.75;25391;23
20251202 043600;25391.75;25397;25391;25393.25;80
20251202 043700;25393;25394.5;25390.75;25394.25;34
20251202 043800;25392.25;25395;25391.25;25393.75;20
20251202 043900;25394;25394;25390;25390.75;24
20251202 044000;25392.5;25395.5;25392.5;25394;17
20251202 044100;25392.5;25394;25391.25;25392.25;38
20251202 044200;25391.25;25391.25;25388.25;25389.75;34
20251202 044300;25390.75;25390.75;25390.75;25390.75;1
20251202 044400;25390.75;25392;25385.25;25388.5;60
20251202 044500;25388.75;25390.5;25388.5;25389;29
20251202 044600;25388.5;25390.75;25388.5;25390;24
20251202 044700;25390.25;25391.75;25387;25388.5;39
20251202 044800;25387.75;25388;25382.75;25384.25;114
20251202 044900;25383.5;25384.5;25381;25382.75;64
20251202 045000;25382.75;25384.75;25382.25;25384.75;12
20251202 045100;25384;25384;25381.5;25382.25;24
20251202 045200;25381.25;25384;25378.75;25381.25;54
20251202 045300;25380.75;25381.25;25377.5;25380.5;47
20251202 045400;25380;25383;25379.5;25379.5;23
20251202 045500;25379.25;25381.25;25378.5;25380;24
20251202 045600;25380;25381;25379.5;25379.5;16
20251202 045700;25377.5;25379;25375;25376.75;49
20251202 045800;25378.5;25378.5;25375;25377.5;16
20251202 045900;25376.75;25376.75;25366.5;25369;193
20251202 050000;25369.25;25372.5;25367.5;25372;55
20251202 050100;25372.75;25376;25370.5;25376;54
20251202 050200;25376.5;25379.5;25375.5;25379.5;32
20251202 050300;25378.5;25382.75;25377.75;25380;58
20251202 050400;25379;25382.25;25376.75;25378.75;43
20251202 050500;25378.5;25384.25;25378.5;25380;76
20251202 050600;25378.75;25378.75;25370.75;25371.5;93
20251202 050700;25371.25;25372;25368;25371;76
20251202 050800;25370.75;25373.5;25370.75;25373;32
20251202 050900;25374.25;25377;25374;25375.75;46
20251202 051000;25375.75;25378.25;25375.75;25376.25;41
20251202 051100;25377.75;25378;25374.5;25376;55
20251202 051200;25377.5;25378.25;25376.75;25377;13
20251202 051300;25377.5;25377.5;25372;25372.25;16
20251202 051400;25372.25;25373;25369.75;25372;34
20251202 051500;25371.5;25371.5;25368.25;25369.5;31
20251202 051600;25368.5;25371.25;25367;25369.75;43
20251202 051700;25370.5;25371;25368.25;25368.25;21
20251202 051800;25369;25369;25359.5;25361.5;150
20251202 051900;25362.5;25365.75;25360.5;25364.25;87
20251202 052000;25363.75;25369;25363.5;25368.5;50
20251202 052100;25369;25373;25368.75;25371;70
20251202 052200;25371.5;25374.25;25371.25;25372.5;54
20251202 052300;25372.25;25380;25371;25380;79
20251202 052400;25379.25;25379.25;25373.75;25373.75;39
20251202 052500;25373.25;25375.25;25372;25372;21
20251202 052600;25372.75;25373;25371;25372.25;16
20251202 052700;25372.25;25373.5;25368;25370;44
20251202 052800;25369.75;25372.25;25367.5;25372.25;40
20251202 052900;25372.5;25373.5;25370.5;25371.75;42
20251202 053000;25372.75;25372.75;25369.75;25372;18
20251202 053100;25372.5;25373.5;25368;25368;56
20251202 053200;25368;25368.5;25364.25;25365;45
20251202 053300;25365;25368.5;25363.75;25367;32
20251202 053400;25368.5;25370;25366.5;25368.25;27
20251202 053500;25367.5;25370.75;25366;25369.75;27
20251202 053600;25368.5;25373;25368.25;25371.5;47
20251202 053700;25371.5;25375.5;25370.25;25375.5;64
20251202 053800;25375.75;25375.75;25370.25;25370.5;40
20251202 053900;25371;25374;25370.5;25374;27
20251202 054000;25372.75;25372.75;25370;25370;9
20251202 054100;25369;25375.5;25368.75;25371.75;40
20251202 054200;25372;25372.25;25368.25;25370.25;17
20251202 054300;25370.75;25371;25368.5;25369.5;11
20251202 054400;25367.5;25368.5;25364.75;25366;29
20251202 054500;25367;25367;25365;25365.25;13
20251202 054600;25365.5;25367.5;25363.5;25367.5;44
20251202 054700;25367;25367;25365;25366.25;18
20251202 054800;25367.75;25368;25365.75;25366;13
20251202 054900;25367;25370.75;25367;25369.75;37
20251202 055000;25371.25;25372.25;25371;25372;13
20251202 055100;25372.25;25372.25;25367.5;25368;33
20251202 055200;25368.5;25373;25368.5;25371;50
20251202 055300;25370.5;25373.75;25370.25;25373.25;23
20251202 055400;25371.75;25371.75;25367.75;25368.25;39
20251202 055500;25367.75;25369.5;25367.75;25369.5;9
20251202 055600;25370;25371.5;25368.5;25368.5;19
20251202 055700;25370;25373.5;25370;25372.75;40
20251202 055800;25372;25375.5;25372;25375.5;28
20251202 055900;25375.25;25376.75;25374.75;25376.75;21
20251202 060000;25376.25;25377;25371;25373;37
20251202 060100;25373;25373.5;25367.75;25367.75;60
20251202 060200;25368.75;25369.25;25368;25368.25;22
20251202 060300;25368;25370;25367.25;25368.75;12
20251202 060400;25370;25372.5;25369;25369.5;17
20251202 060500;25369.25;25372.25;25365.75;25366.5;32
20251202 060600;25366.5;25366.5;25360;25360.75;92
20251202 060700;25361;25364.75;25358.75;25364.25;56
20251202 060800;25363.5;25364;25361.75;25361.75;7
20251202 060900;25360.75;25360.75;25357;25360.25;54
20251202 061000;25358.5;25360;25356.75;25359;54
20251202 061100;25358.5;25358.5;25352.75;25352.75;113
20251202 061200;25352.25;25352.25;25344.25;25349;212
20251202 061300;25348.25;25348.75;25345;25348.75;46
20251202 061400;25347.5;25350.25;25343.75;25347.75;79
20251202 061500;25347.25;25351.5;25345;25350.5;49
20251202 061600;25351;25352.25;25348.75;25351.5;42
20251202 061700;25351;25352.25;25347.75;25349.25;49
20251202 061800;25350.25;25353.25;25350;25353.25;20
20251202 061900;25351.75;25355;25351.75;25352.25;40
20251202 062000;25351;25351;25348;25349;23
20251202 062100;25347.5;25352;25347;25351;64
20251202 062200;25349.25;25350.25;25344.5;25344.75;42
20251202 062300;25344;25346.25;25341.5;25344.5;56
20251202 062400;25344.25;25345.25;25341.5;25343.5;55
20251202 062500;25344.75;25344.75;25336.5;25336.75;171
20251202 062600;25338;25340.5;25334.75;25334.75;158
20251202 062700;25334.75;25341.75;25334.25;25340.5;61
20251202 062800;25340.75;25342.5;25339.25;25341.5;45
20251202 062900;25340.75;25344.25;25339.5;25341.25;56
20251202 063000;25341.5;25342;25337.75;25339.25;24
20251202 063100;25339.5;25346.25;25339.5;25344.5;92
20251202 063200;25343.75;25348;25343;25346.25;64
20251202 063300;25346.25;25350.25;25344;25349.25;111
20251202 063400;25348.25;25356.25;25348;25351.5;153
20251202 063500;25349.75;25355.25;25347.25;25353.75;38
20251202 063600;25352.75;25353.75;25348.25;25349;18
20251202 063700;25348.25;25355;25346.75;25354.5;47
20251202 063800;25355.25;25358;25354;25356;61
20251202 063900;25356;25360.25;25355.25;25358.25;60
20251202 064000;25360;25361.75;25359.25;25359.5;37
20251202 064100;25360.5;25361.75;25356.5;25356.5;25
20251202 064200;25356;25356;25350.25;25353;44
20251202 064300;25352;25357.75;25352;25357.75;24
20251202 064400;25356.75;25357.25;25353;25353;19
20251202 064500;25353;25358.5;25353;25358.25;14
20251202 064600;25359.5;25361.25;25357.75;25359.25;48
20251202 064700;25359.25;25364.75;25359.25;25363.5;77
20251202 064800;25364.25;25367.25;25363.5;25365.75;75
20251202 064900;25365.25;25366.25;25360.25;25360.25;58
20251202 065000;25360;25364.5;25360;25363.5;37
20251202 065100;25364.75;25368.25;25364.75;25366.5;57
20251202 065200;25366.75;25368;25366.25;25367.75;30
20251202 065300;25367.75;25368;25365;25366.25;36
20251202 065400;25366.25;25374.25;25366.25;25371.5;102
20251202 065500;25372;25375.75;25370.75;25375.75;55
20251202 065600;25374.75;25386.75;25373.75;25383.5;219
20251202 065700;25383.75;25385;25382;25382;40
20251202 065800;25382.75;25382.75;25375.25;25375.75;79
20251202 065900;25376;25376.25;25371;25372;51
20251202 070000;25372.25;25372.25;25368;25369.5;39
20251202 070100;25370.25;25378.25;25368;25378;114
20251202 070200;25379;25384.5;25376.75;25380;96
20251202 070300;25379.25;25385;25379.25;25381.5;86
20251202 070400;25381.5;25382.75;25377.75;25380.75;30
20251202 070500;25382.25;25385.25;25380.75;25383.25;34
20251202 070600;25382.75;25383.25;25378;25380;42
20251202 070700;25378.75;25379.75;25375.5;25379.75;60
20251202 070800;25380.5;25383.25;25380.5;25381.75;34
20251202 070900;25383;25383.25;25378.25;25380.25;43
20251202 071000;25379.75;25381;25378.25;25380.75;29
20251202 071100;25380;25383.75;25375.25;25376.25;45
20251202 071200;25377.75;25380.25;25374.5;25378;46
20251202 071300;25378.5;25380.75;25377;25380;22
20251202 071400;25380;25381.25;25378.25;25379.75;17
20251202 071500;25377.75;25380.5;25377.5;25379.5;19
20251202 071600;25380.5;25383.25;25380.25;25383;36
20251202 071700;25383;25385.75;25380;25384.75;63
20251202 071800;25385.75;25385.75;25380.75;25381.75;35
20251202 071900;25381.5;25381.5;25374.25;25375.25;48
20251202 072000;25375.5;25377;25373.5;25375.75;46
20251202 072100;25376.5;25379;25372;25373.25;98
20251202 072200;25374.25;25379.25;25371.75;25378.75;81
20251202 072300;25380.25;25382.25;25379.75;25381;23
20251202 072400;25382.5;25383.75;25378.5;25378.75;57
20251202 072500;25379;25382.75;25379;25379.25;19
20251202 072600;25378.75;25380.5;25376.5;25378.75;23
20251202 072700;25380.25;25381.5;25380.25;25381.5;14
20251202 072800;25381.5;25383.75;25380;25381.5;23
20251202 072900;25382.75;25384.75;25380.5;25382.25;50
20251202 073000;25384;25385.5;25382.25;25383.75;21
20251202 073100;25384.25;25388;25384;25385.25;64
20251202 073200;25385.25;25385.75;25376.25;25376.25;44
20251202 073300;25376.5;25378.25;25371;25373.25;70
20251202 073400;25375;25379.5;25372.75;25377;50
20251202 073500;25377;25377.5;25374.5;25374.75;20
20251202 073600;25376.25;25379.5;25373;25379.25;44
20251202 073700;25379.5;25381;25375.75;25375.75;24
20251202 073800;25375.75;25379;25373.5;25379;34
20251202 073900;25378;25379.5;25375;25375.75;31
20251202 074000;25376.25;25376.25;25365.25;25367;107
20251202 074100;25366.75;25367.25;25351;25356;312
20251202 074200;25357.25;25360.5;25353.75;25359.75;93
20251202 074300;25360;25360.75;25357;25358.5;34
20251202 074400;25357.75;25357.75;25353.25;25357.75;46
20251202 074500;25359;25362.5;25358;25362.5;30
20251202 074600;25362.75;25366.25;25361;25361;73
20251202 074700;25361.75;25365.5;25361;25361.5;34
20251202 074800;25360.25;25363.25;25358.75;25361.75;28
20251202 074900;25362;25364.75;25362;25362.25;24
20251202 075000;25363.5;25367;25361.5;25361.5;40
20251202 075100;25361.75;25365.75;25361.75;25364.25;32
20251202 075200;25363.75;25366.5;25359.75;25359.75;34
20251202 075300;25359;25361.5;25355;25357.25;75
20251202 075400;25356.5;25359.5;25354.75;25355.5;44
20251202 075500;25355.25;25359;25354.5;25356.5;29
20251202 075600;25357.25;25362;25354.75;25361.25;72
20251202 075700;25362;25364.5;25361.75;25362.75;44
20251202 075800;25362.25;25362.25;25355.25;25356;57
20251202 075900;25356.25;25359.25;25356.25;25358.25;18
20251202 080000;25358.25;25362.75;25357.5;25358.75;106
20251202 080100;25357;25359;25350.25;25356.25;259
20251202 080200;25357.5;25361.75;25353.75;25357.5;110
20251202 080300;25358.75;25359.25;25353;25355.25;63
20251202 080400;25356.25;25356.75;25348;25350.75;96
20251202 080500;25350.25;25356;25346.5;25350.75;129
20251202 080600;25351.75;25352;25343.25;25344.5;114
20251202 080700;25343.25;25343.25;25337;25341;140
20251202 080800;25342;25344.25;25338;25338.25;96
20251202 080900;25338;25340.5;25328.25;25334;225
20251202 081000;25332.5;25337;25328.5;25333.75;122
20251202 081100;25333.5;25338.25;25324.75;25337.75;196
20251202 081200;25338.5;25348;25338.5;25343.75;192
20251202 081300;25343.75;25348;25341;25346.75;86
20251202 081400;25346.25;25350.25;25343.5;25350.25;59
20251202 081500;25350.25;25354.75;25349;25354.5;115
20251202 081600;25355;25357.5;25351.5;25352.5;99
20251202 081700;25354;25357.5;25354;25354.75;35
20251202 081800;25355.5;25355.75;25348.5;25354.25;109
20251202 081900;25354;25358.25;25353;25355.75;72
20251202 082000;25355.5;25357;25352.5;25352.5;30
20251202 082100;25352;25358.25;25351;25357;82
20251202 082200;25356.75;25359.5;25352.75;25352.75;53
20251202 082300;25351.5;25355.25;25348.25;25353.75;83
20251202 082400;25354.5;25354.75;25347.25;25354.75;97
20251202 082500;25355.5;25364.25;25352.5;25359;208
20251202 082600;25359;25359.75;25352;25355.5;84
20251202 082700;25356;25360.25;25354.5;25360.25;68
20251202 082800;25356.75;25359.25;25353.25;25357.5;31
20251202 082900;25358.25;25361;25356.5;25357.75;42
20251202 083000;25357;25360.5;25356.75;25356.75;25
20251202 083100;25358.75;25363.75;25357.75;25358.75;94
20251202 083200;25358.75;25362.75;25356.5;25361.75;55
20251202 083300;25361.75;25369.5;25361.5;25367.75;139
20251202 083400;25367.75;25371.25;25364.75;25370.25;122
20251202 083500;25370;25371;25365.5;25368.5;83
20251202 083600;25368.25;25373.25;25368.25;25368.25;79
20251202 083700;25367;25372.25;25366.5;25371.5;52
20251202 083800;25370.25;25373.25;25367.25;25368.75;68
20251202 083900;25370.25;25372.25;25368.25;25371.5;41
20251202 084000;25372.5;25377;25372.5;25375.75;64
20251202 084100;25376.25;25380;25376.25;25377.25;95
20251202 084200;25377.5;25381.75;25376.75;25380.5;95
20251202 084300;25381.25;25382.5;25379.5;25382.25;84
20251202 084400;25381.5;25386;25381;25383.75;128
20251202 084500;25383.75;25384.5;25379;25384.25;98
20251202 084600;25385;25391.75;25384.5;25390.75;288
20251202 084700;25390.75;25417.5;25390.5;25417;737
20251202 084800;25417.5;25419.25;25410.5;25410.5;215
20251202 084900;25411.5;25420.5;25410;25418;256
20251202 085000;25418.5;25421;25408.75;25410;351
20251202 085100;25410.75;25411.25;25401.75;25402.75;205
20251202 085200;25402.75;25409.5;25400.75;25408.25;184
20251202 085300;25407.25;25409;25405;25406.75;49
20251202 085400;25406.25;25409.5;25405.5;25408.5;61
20251202 085500;25409;25410.75;25406.75;25410;51
20251202 085600;25409.75;25413;25407.5;25413;50
20251202 085700;25414;25416.75;25412.75;25414.25;115
20251202 085800;25414.75;25424.5;25414.5;25420;152
20251202 085900;25422.25;25426.75;25420.75;25422.25;124
20251202 090000;25422;25424;25420.75;25421;46
20251202 090100;25420.5;25429.25;25419.25;25427.75;238
20251202 090200;25427.5;25435;25424.25;25424.25;321
20251202 090300;25423.5;25426.25;25420.75;25424.75;97
20251202 090400;25425.5;25426.75;25418.75;25425.75;161
20251202 090500;25426.75;25429.75;25424.5;25427.5;107
20251202 090600;25428;25430.25;25427;25428.5;88
20251202 090700;25428.5;25432.75;25427.25;25431.25;127
20251202 090800;25431.5;25433.5;25429.25;25432;52
20251202 090900;25432;25432;25426;25426.25;95
20251202 091000;25427.25;25427.75;25423.5;25426.75;70
20251202 091100;25427.5;25438.5;25427.5;25437.25;180
20251202 091200;25438;25439.5;25436;25438.25;81
20251202 091300;25438.75;25442;25438.25;25442;107
20251202 091400;25442;25443.5;25437.5;25438.5;88
20251202 091500;25438.5;25440;25435.25;25435.5;96
20251202 091600;25436.25;25443.75;25433.75;25440.5;107
20251202 091700;25440.25;25442;25438;25438.5;67
20251202 091800;25438.25;25440;25434;25440;127
20251202 091900;25440.25;25441.75;25437.5;25439.25;96
20251202 092000;25438.75;25442;25438.25;25438.25;94
20251202 092100;25438.25;25438.25;25433;25437.5;74
20251202 092200;25437.5;25437.5;25430.75;25432.5;119
20251202 092300;25432.5;25436;25428;25430.5;118
20251202 092400;25431;25434.5;25429.25;25434;76
20251202 092500;25434.75;25441;25434;25441;112
20251202 092600;25441;25450.5;25439.75;25448.5;261
20251202 092700;25448.75;25451;25445.75;25448.75;109
20251202 092800;25449;25450.75;25447.75;25448.75;56
20251202 092900;25448.25;25448.25;25445.25;25446;46
20251202 093000;25445.75;25447.25;25441.5;25445.5;75
20251202 093100;25445.75;25446;25438;25440;81
20251202 093200;25442.25;25442.25;25434.5;25436;77
20251202 093300;25435.5;25436.75;25429.5;25434;175
20251202 093400;25433.25;25433.25;25426.25;25431.25;137
20251202 093500;25432;25434.5;25430.25;25431.75;46
20251202 093600;25432;25432.5;25425.25;25432.5;141
20251202 093700;25432.75;25435.25;25429.25;25429.25;51
20251202 093800;25428.25;25430.75;25426.5;25428.75;51
20251202 093900;25429.5;25433;25427.5;25429.5;114
20251202 094000;25430.25;25431.75;25426.5;25428.5;47
20251202 094100;25430.75;25431.75;25426.25;25426.25;76
20251202 094200;25427;25428.5;25426;25428;51
20251202 094300;25426.25;25430.25;25425.25;25430;65
20251202 094400;25430.25;25433.5;25429.5;25433;57
20251202 094500;25433.25;25436;25432;25433.25;44
20251202 094600;25431.5;25431.75;25423.5;25423.5;62
20251202 094700;25424.25;25428.75;25423.5;25428.75;85
20251202 094800;25428.5;25430.25;25426;25429.5;63
20251202 094900;25428.25;25436.5;25428;25434.75;69
20251202 095000;25436.75;25439;25435;25438.5;53
20251202 095100;25439;25442;25436.75;25442;80
20251202 095200;25442.25;25445;25441;25444;72
20251202 095300;25444.25;25449;25444.25;25447;101
20251202 095400;25447.5;25451.5;25445.25;25446.5;80
20251202 095500;25447.25;25449.5;25444.75;25448;97
20251202 095600;25449.5;25449.5;25446.25;25447.5;37
20251202 095700;25448.25;25449;25440.75;25445.25;120
20251202 095800;25444.25;25445.5;25441.5;25443.75;66
20251202 095900;25444.75;25445.5;25440.25;25441;216
20251202 100000;25440;25442.25;25438;25442.25;87
20251202 100100;25441.5;25445.75;25441;25442.25;65
20251202 100200;25442.25;25443.5;25440;25440.75;23
20251202 100300;25441.75;25442;25439.5;25441.25;22
20251202 100400;25441;25444;25440.5;25441;46
20251202 100500;25441.25;25443;25440.5;25441.5;22
20251202 100600;25441.25;25443.5;25441;25443.5;38
20251202 100700;25444;25446.5;25443.75;25445.75;43
20251202 100800;25446;25453.5;25446;25452.25;124
20251202 100900;25452.75;25453.5;25451;25453.5;49
20251202 101000;25453.75;25458;25453;25458;137
20251202 101100;25458;25458.5;25451;25451.5;119
20251202 101200;25451.5;25451.75;25444;25445.5;92
20251202 101300;25445.25;25448;25442.75;25446;72
20251202 101400;25447.75;25449.5;25447.5;25447.75;33
20251202 101500;25447.75;25449.75;25446.5;25447.5;43
20251202 101600;25447.25;25447.75;25444.75;25447;52
20251202 101700;25446.5;25447.25;25442;25442.5;32
20251202 101800;25442.25;25445.5;25440.5;25441.25;84
20251202 101900;25441.25;25442.25;25438.5;25441.75;80
20251202 102000;25442.5;25448.5;25442.5;25447.75;51
20251202 102100;25448;25449.25;25443.25;25445.5;43
20251202 102200;25445.5;25447;25440.75;25441.25;47
20251202 102300;25440.25;25441.25;25437;25441.25;68
20251202 102400;25440.75;25443.25;25439;25443.25;65
20251202 102500;25442.75;25444;25439.75;25439.75;36
20251202 102600;25439.5;25443;25436.5;25441.5;66
20251202 102700;25442;25442;25438.75;25439;27
20251202 102800;25439.25;25448.75;25438.5;25448.25;74
20251202 102900;25447.5;25451.25;25447.5;25448.75;37
20251202 103000;25450;25457;25450;25453;183
20251202 103100;25452.75;25457.25;25451;25456;132
20251202 103200;25455.5;25460;25455.25;25458;85
20251202 103300;25458.5;25463.5;25458.25;25462.75;128
20251202 103400;25462.75;25466;25461.5;25465;112
20251202 103500;25464.75;25464.75;25458.75;25459.5;111
20251202 103600;25458.75;25460;25456.5;25459;42
20251202 103700;25459.75;25463.5;25453.25;25457.25;128
20251202 103800;25458;25460.25;25455.5;25455.75;65
20251202 103900;25456.25;25460.5;25455.75;25459;62
20251202 104000;25458.5;25461.25;25457.75;25461.25;54
20251202 104100;25462.5;25465.25;25461.75;25465.25;67
20251202 104200;25465;25467;25464;25465.75;75
20251202 104300;25465.5;25466.75;25463.5;25466.25;73
20251202 104400;25466.5;25471.25;25466.5;25470.5;115
20251202 104500;25470;25474.75;25470;25474.25;114
20251202 104600;25474.25;25481.25;25474.25;25480.5;267
20251202 104700;25481;25481.75;25476.75;25477.25;110
20251202 104800;25477.5;25482.5;25475.75;25479;119
20251202 104900;25478.75;25479.5;25475;25476.25;75
20251202 105000;25475.75;25476.75;25474.75;25475.75;42
20251202 105100;25476.25;25480.75;25474.25;25480.25;98
20251202 105200;25479.75;25484.5;25479.75;25484.25;63
20251202 105300;25484.25;25488.75;25483;25488.25;156
20251202 105400;25488;25491;25487.75;25489.5;159
20251202 105500;25490;25494.5;25489.75;25493;118
20251202 105600;25493;25499.75;25492;25499;233
20251202 105700;25498.25;25498.75;25491;25492.25;193
20251202 105800;25491.75;25497;25488.75;25493.5;322
20251202 105900;25494.5;25495;25489.5;25491.25;109
20251202 110000;25491.25;25493;25487.25;25490;131
20251202 110100;25489.5;25494;25487.75;25491.75;133
20251202 110200;25491.5;25494.25;25485;25486;191
20251202 110300;25485.5;25488;25482.25;25484.75;178
20251202 110400;25482.75;25484.25;25480.5;25481.5;101
20251202 110500;25482;25482;25478.25;25480.25;61
20251202 110600;25480.25;25488;25480;25486.75;122
20251202 110700;25487;25492.75;25485.75;25491.75;62
20251202 110800;25491.5;25494.25;25489;25490.25;126
20251202 110900;25490.5;25493;25488.5;25490.25;82
20251202 111000;25491;25494;25488.5;25494;75
20251202 111100;25493.75;25497;25493;25494.5;77
20251202 111200;25493.75;25494.75;25488;25488.25;41
20251202 111300;25488.75;25490.25;25486;25490.25;84
20251202 111400;25489.75;25491.75;25488.5;25491;21
20251202 111500;25491.25;25492;25490;25491.25;26
20251202 111600;25491.75;25493.25;25489.75;25491;56
20251202 111700;25490;25491.25;25487.25;25488;37
20251202 111800;25487.25;25491.75;25487.25;25489.5;76
20251202 111900;25489.75;25494.25;25489.75;25492.75;78
20251202 112000;25492.75;25493.75;25490.25;25492.75;50
20251202 112100;25493;25494.25;25488;25488.75;49
20251202 112200;25489.25;25493.5;25489.25;25492.25;33
20251202 112300;25492.75;25494;25491.25;25492;26
20251202 112400;25492.25;25494.25;25490.25;25493;78
20251202 112500;25492.5;25497.75;25491;25497;97
20251202 112600;25497;25497;25489;25489.5;84
20251202 112700;25489;25489;25485;25486.5;150
20251202 112800;25486.75;25489;25485.75;25487.75;35
20251202 112900;25488.5;25491.25;25485;25490.5;93
20251202 113000;25490.75;25502.75;25490.75;25501.25;348
20251202 113100;25502;25503.75;25497.5;25498.25;150
20251202 113200;25497.5;25502;25493.75;25501.25;107
20251202 113300;25501.75;25508.5;25501.75;25506.25;226
20251202 113400;25506.75;25508.75;25503.25;25503.25;127
20251202 113500;25503.5;25503.75;25496.25;25497;116
20251202 113600;25496.75;25499;25490;25490;131
20251202 113700;25489.5;25490;25483.75;25487.75;165
20251202 113800;25487.5;25491.5;25485.5;25489.75;84
20251202 113900;25490.75;25493.5;25489.5;25490.25;85
20251202 114000;25491.5;25499.25;25491.5;25496.75;106
20251202 114100;25496.25;25497;25491.75;25494.25;93
20251202 114200;25493.25;25493.25;25487.5;25489;94
20251202 114300;25489.25;25492.5;25487;25487;56
20251202 114400;25488.75;25493.75;25486.75;25493.5;48
20251202 114500;25492.5;25497;25490.25;25491.5;47
20251202 114600;25491.75;25493.75;25490.75;25492.5;50
20251202 114700;25493;25494.25;25489;25489;31
20251202 114800;25490.5;25490.5;25487.25;25488.75;38
20251202 114900;25489.25;25495.5;25489.25;25495;43
20251202 115000;25495;25495.25;25491;25492;27
20251202 115100;25493.5;25494;25491.25;25493;23
20251202 115200;25492.75;25497;25492.75;25494.25;39
20251202 115300;25494.5;25495.25;25492.75;25492.75;41
20251202 115400;25492;25492.5;25488.5;25490.5;38
20251202 115500;25490.75;25492.5;25490.5;25491;19
20251202 115600;25490.5;25491.25;25485.25;25489.5;91
20251202 115700;25489.5;25490.25;25486.25;25486.75;62
20251202 115800;25486.5;25486.5;25480.5;25481.75;135
20251202 115900;25482.75;25484;25479;25481;48
20251202 120000;25480.5;25482;25476.25;25481.25;119
20251202 120100;25481.25;25483.5;25479.25;25481.75;138
20251202 120200;25483;25489.5;25480;25488.75;146
20251202 120300;25488.25;25491.5;25484.75;25486.5;112
20251202 120400;25485.5;25486.5;25479;25483;104
20251202 120500;25484;25486.5;25482.25;25485;90
20251202 120600;25485.75;25495.75;25485.25;25492;174
20251202 120700;25491.5;25492;25484.5;25488.25;90
20251202 120800;25486.25;25492;25484.5;25484.5;61
20251202 120900;25484.5;25484.5;25477.75;25480.75;108
20251202 121000;25480.5;25481.75;25479.25;25480.75;64
20251202 121100;25481.25;25482.75;25467.75;25470.25;354
20251202 121200;25470.5;25472.5;25463;25465.75;249
20251202 121300;25466;25472.5;25462.75;25470;162
20251202 121400;25471;25477.25;25470.75;25476.5;128
20251202 121500;25477.5;25477.75;25471.75;25475.75;125
20251202 121600;25476;25478;25471.5;25475;69
20251202 121700;25475;25476.25;25472;25474.75;76
20251202 121800;25474.75;25480.25;25474.5;25477.5;52
20251202 121900;25478;25481.5;25476.5;25480.75;63
20251202 122000;25482;25484;25479;25482.25;94
20251202 122100;25482.5;25488;25481.25;25487;126
20251202 122200;25486.75;25487.25;25482.5;25484;62
20251202 122300;25484;25491.25;25478.5;25491.25;218
20251202 122400;25490.75;25491.25;25484.25;25488.75;152
20251202 122500;25488;25490;25485.75;25488;78
20251202 122600;25487.5;25487.5;25479.25;25483;116
20251202 122700;25483.25;25483.25;25479;25481.5;52
20251202 122800;25482;25489.5;25482;25488.25;140
20251202 122900;25488;25489.5;25482.75;25486;81
20251202 123000;25485.75;25490;25485.25;25488;65
20251202 123100;25487;25487;25480;25482;95
20251202 123200;25481.75;25482.25;25476.75;25477.25;89
20251202 123300;25476.25;25477.25;25471.25;25474.75;133
20251202 123400;25475.25;25476.75;25468;25469.25;89
20251202 123500;25469;25469;25460.5;25463.75;179
20251202 123600;25463.5;25463.75;25458.5;25461.25;175
20251202 123700;25462;25466.25;25461.25;25463.25;109
20251202 123800;25462.5;25465.75;25458;25465.75;146
20251202 123900;25464.75;25467.25;25459;25460;120
20251202 124000;25460.25;25468;25458.5;25468;126
20251202 124100;25467.75;25467.75;25462.25;25465.25;89
20251202 124200;25464.75;25469.75;25462;25464.25;165
20251202 124300;25463.5;25469;25461;25468;101
20251202 124400;25468.25;25470.75;25466.25;25468.25;68
20251202 124500;25468;25470.5;25465.25;25466.5;53
20251202 124600;25468.5;25469.75;25465.5;25467.25;41
20251202 124700;25468.25;25470.75;25466.75;25470.25;35
20251202 124800;25468.75;25469.75;25464.25;25465.5;50
20251202 124900;25466.25;25467.25;25462.25;25465.25;84
20251202 125000;25464.75;25469.5;25464.75;25467.75;77
20251202 125100;25467.5;25470.25;25466.75;25468.75;58
20251202 125200;25469;25475.25;25468.75;25474.25;116
20251202 125300;25475;25478.75;25474.75;25478.5;104
20251202 125400;25479.25;25479.75;25475.75;25478;89
20251202 125500;25478.25;25482.25;25478.25;25479.75;74
20251202 125600;25479;25487.25;25477.5;25486.5;181
20251202 125700;25487.25;25500;25486.75;25497;394
20251202 125800;25495.75;25498;25493;25493;138
20251202 125900;25493.25;25495;25490.5;25494.5;125
20251202 130000;25494.75;25501.25;25494.25;25498.75;312
20251202 130100;25498.5;25499.5;25492.75;25496;167
20251202 130200;25495.5;25496.25;25490.5;25491.25;109
20251202 130300;25490.75;25491.25;25487.25;25489.75;135
20251202 130400;25489;25490;25485.75;25490;79
20251202 130500;25490;25493.25;25487.25;25493.25;95
20251202 130600;25493;25495;25489.75;25491;71
20251202 130700;25491;25493.25;25490;25491;79
20251202 130800;25490.5;25490.5;25487.5;25488.5;53
20251202 130900;25490;25492.25;25488.5;25490.75;31
20251202 131000;25491.5;25493.5;25490.25;25492.75;73
20251202 131100;25492.5;25494;25489.5;25493.5;90
20251202 131200;25493;25500.5;25493;25496.75;283
20251202 131300;25497;25501;25497;25499.75;88
20251202 131400;25499.75;25501;25495.5;25498.5;86
20251202 131500;25498.25;25500.5;25496.75;25498.75;166
20251202 131600;25499.25;25505;25499.25;25503.5;232
20251202 131700;25504;25505.25;25500.25;25503.5;147
20251202 131800;25503.5;25504;25498.75;25500.25;119
20251202 131900;25500.5;25500.5;25493.25;25495.25;162
20251202 132000;25494.5;25495.25;25491.75;25493.5;49
20251202 132100;25494.75;25498.25;25490;25492.75;94
20251202 132200;25492;25494.5;25490.25;25490.75;67
20251202 132300;25491;25492.75;25486.75;25491.5;101
20251202 132400;25492.25;25501;25491.5;25500.25;118
20251202 132500;25500.25;25502.5;25498.75;25500.5;172
20251202 132600;25498.75;25502.25;25497.5;25501.25;78
20251202 132700;25501.5;25501.5;25497.75;25500;53
20251202 132800;25499;25499;25495.75;25497.75;70
20251202 132900;25497.75;25499.25;25496;25497.5;78
20251202 133000;25497.75;25498.75;25495.5;25495.75;69
20251202 133100;25496.25;25498;25492.75;25493;128
20251202 133200;25492.5;25492.5;25483;25485;319
20251202 133300;25485.5;25490;25485;25487.75;120
20251202 133400;25487.5;25490.25;25486.5;25487.75;118
20251202 133500;25487.25;25489.75;25485;25489.25;111
20251202 133600;25489;25490;25483.5;25489;122
20251202 133700;25488.75;25492.75;25487.5;25492.75;75
20251202 133800;25492.5;25492.75;25488;25488.75;73
20251202 133900;25489.75;25490.75;25488;25489.75;137
20251202 134000;25489.5;25500.5;25489;25500.5;266
20251202 134100;25501;25512.75;25501;25512;567
20251202 134200;25511.75;25514.75;25507.5;25509.25;366
20251202 134300;25509.75;25513.25;25507.75;25511.75;141
20251202 134400;25511.5;25512.25;25507.25;25511.5;127
20251202 134500;25511;25511.75;25505.75;25507.5;189
20251202 134600;25506.5;25507;25496;25499.75;506
20251202 134700;25499.25;25500.25;25496;25497.25;192
20251202 134800;25495.75;25498;25493.5;25494.25;130
20251202 134900;25493.25;25493.25;25486;25489.75;228
20251202 135000;25490.25;25495.25;25489.75;25493.25;159
20251202 135100;25493.25;25495.25;25480.5;25488.5;558
20251202 135200;25487.75;25493.25;25485.5;25489.25;208
20251202 135300;25490;25493.25;25488;25493;171
20251202 135400;25493.25;25496.75;25492.25;25493.75;155
20251202 135500;25493.5;25494.5;25491.25;25492.5;83
20251202 135600;25492.5;25492.75;25485.5;25486.5;260
20251202 135700;25487.25;25492;25487;25492;226
20251202 135800;25491.75;25494.5;25489.75;25492.5;112
20251202 135900;25493.75;25498.25;25492.75;25498.25;128
20251202 140000;25498.25;25507.25;25497.75;25506.75;319
20251202 140100;25507.25;25510.5;25504;25505.75;524
20251202 140200;25506.25;25522.5;25503.75;25519.25;1030
20251202 140300;25520;25521.75;25513.25;25513.25;316
20251202 140400;25513;25517;25508;25516;283
20251202 140500;25516.5;25518;25514.75;25517.25;189
20251202 140600;25517.5;25522.75;25517.25;25519.5;245
20251202 140700;25519.75;25522.25;25513.75;25515.5;383
20251202 140800;25515.5;25517.75;25514;25515.25;196
20251202 140900;25515.5;25515.5;25509.25;25511.75;240
20251202 141000;25511.75;25511.75;25507.25;25507.25;190
20251202 141100;25507.75;25511;25503.5;25508.5;258
20251202 141200;25508;25512;25506.75;25509.25;134
20251202 141300;25509;25513.5;25508.5;25508.75;149
20251202 141400;25508.5;25508.5;25502;25505.75;262
20251202 141500;25505.5;25508.75;25503;25508.75;142
20251202 141600;25509;25511;25505.25;25506;202
20251202 141700;25505.25;25508.75;25505;25508.75;172
20251202 141800;25508.75;25512.5;25508;25512.5;93
20251202 141900;25512.25;25514.25;25510.5;25510.5;166
20251202 142000;25510.5;25511.5;25509.5;25509.75;71
20251202 142100;25509.25;25511.5;25505.25;25507.25;140
20251202 142200;25507.25;25508.25;25503.75;25506.5;127
20251202 142300;25506;25511.25;25504.25;25510.5;244
20251202 142400;25510.75;25515.25;25510.75;25511;171
20251202 142500;25510.75;25511.25;25506.5;25511.25;149
20251202 142600;25511;25511;25501.25;25504.25;366
20251202 142700;25503.75;25507.75;25501.5;25502.5;223
20251202 142800;25502;25504.5;25499.5;25501.5;411
20251202 142900;25501.75;25507.5;25497;25498.5;497
20251202 143000;25498.5;25499.5;25484;25492.25;1320
20251202 143100;25492.75;25500.75;25473.25;25477.5;4381
20251202 143200;25477;25496.25;25471.25;25495;2762
20251202 143300;25494.75;25508;25484.25;25496.25;2762
20251202 143400;25496.5;25527;25496;25514;2787
20251202 143500;25514.25;25526.5;25504;25526;2083
20251202 143600;25526.25;25545.75;25520.5;25541.5;3442
20251202 143700;25542.25;25590.75;25538.5;25585.75;4874
20251202 143800;25585.5;25603;25578.25;25593.5;3167
20251202 143900;25593.5;25597.25;25582.25;25596;2536
20251202 144000;25596.5;25608.75;25593;25597;2471
20251202 144100;25597.25;25613;25583.5;25596;3326
20251202 144200;25595;25609.5;25588.75;25591.5;2048
20251202 144300;25592.5;25595.75;25575.75;25593;2263
20251202 144400;25592.75;25598.5;25579.25;25587.5;1407
20251202 144500;25586.25;25601.25;25579;25595.5;1666
20251202 144600;25595.75;25603.25;25590.75;25601.75;1809
20251202 144700;25601.75;25604.25;25568.75;25578.5;2322
20251202 144800;25579.25;25595;25571.75;25590.5;1804
20251202 144900;25590;25600;25570;25576.75;1767
20251202 145000;25577;25587;25566.75;25583.25;1598
20251202 145100;25583.5;25600;25576.25;25594.75;1761
20251202 145200;25594.75;25609.75;25583;25608.75;1904
20251202 145300;25608.5;25609.75;25593.25;25595.75;1585
20251202 145400;25595;25596.5;25562;25573.5;2637
20251202 145500;25573.5;25582.75;25565;25569.5;1845
20251202 145600;25569.5;25588;25564.25;25576.5;2071
20251202 145700;25576.5;25583.75;25566.5;25580;1358
20251202 145800;25580;25594.5;25574.25;25593.5;1420
20251202 145900;25593.5;25599.75;25586.5;25598.75;1733
20251202 150000;25598.5;25605.5;25588.75;25597.75;1491
20251202 150100;25598.5;25620.75;25595;25618;3001
20251202 150200;25618.5;25645;25618.5;25641.75;3607
20251202 150300;25641.75;25646;25632.75;25637.25;2069
20251202 150400;25637.75;25641;25629;25631.5;1568
20251202 150500;25631.5;25637.75;25623;25634.75;1524
20251202 150600;25635.5;25647;25630.75;25642.5;1702
20251202 150700;25643;25645.25;25633.5;25637.25;1691
20251202 150800;25637.75;25642.5;25629;25642.25;1407
20251202 150900;25642.75;25651;25639.25;25651;1372
20251202 151000;25651;25654.75;25637;25637.75;1556
20251202 151100;25638.25;25639.75;25621;25626;2106
20251202 151200;25625.5;25626;25603.5;25621;2552
20251202 151300;25621.25;25634.5;25616;25631.5;1683
20251202 151400;25631.25;25637;25624.25;25635.75;1146
20251202 151500;25636;25638.75;25618.75;25634.5;1265
20251202 151600;25634.75;25644.5;25631.75;25637.25;1675
20251202 151700;25637.25;25640.5;25625.75;25636;1179
20251202 151800;25635.5;25639.5;25629;25634.75;805
20251202 151900;25634.75;25637.25;25625;25626.25;836
20251202 152000;25626.25;25629;25616.5;25628.25;945
20251202 152100;25627.75;25628.75;25605.75;25608;1469
20251202 152200;25608;25620;25607.5;25614.5;1348
20251202 152300;25614.25;25624.75;25606.5;25624.25;1010
20251202 152400;25623.5;25638.25;25620;25637.25;1225
20251202 152500;25637.75;25640;25631.75;25638.25;1082
20251202 152600;25638.25;25647.25;25628.5;25629.75;1599
20251202 152700;25628.75;25636.5;25618.75;25619.25;1181
20251202 152800;25618.75;25624.75;25610.25;25612.75;1210
20251202 152900;25613.25;25615.5;25573;25577;3031
20251202 153000;25576.25;25581.75;25566.5;25573.25;2572
20251202 153100;25573.25;25579;25539.75;25576.75;4679
20251202 153200;25576.5;25581;25560;25576;2520
20251202 153300;25575;25576.75;25555.75;25559.25;1877
20251202 153400;25559.25;25564.5;25542.75;25543.25;1997
20251202 153500;25542.75;25558;25531;25550.5;2556
20251202 153600;25551.25;25562;25538;25558.75;1981
20251202 153700;25558.75;25565;25547.25;25554.25;1237
20251202 153800;25554.75;25571.25;25552;25565.25;1496
20251202 153900;25565.5;25570.75;25554.25;25568;1172
20251202 154000;25567.5;25568;25552.5;25557.75;968
20251202 154100;25559.5;25592.75;25555;25591.25;2013
20251202 154200;25591.25;25609;25587.5;25608.25;1687
20251202 154300;25608.25;25619.75;25608;25613.5;2116
20251202 154400;25613.75;25628;25613.5;25626;1146
20251202 154500;25626;25626;25619.5;25621.5;873
20251202 154600;25621.75;25630.5;25614;25622.5;1597
20251202 154700;25622.25;25629;25618;25625.25;796
20251202 154800;25624.5;25637;25620.75;25635.75;1113
20251202 154900;25636.5;25648.5;25636.5;25644.25;1840
20251202 155000;25644.25;25650.25;25638;25650;1171
20251202 155100;25650.5;25662.75;25650.25;25661.75;2592
20251202 155200;25662;25670;25656.5;25659;2061
20251202 155300;25659.25;25661.75;25650;25652;1381
20251202 155400;25652.5;25654.75;25645.25;25652.75;1165
20251202 155500;25653;25656;25646.5;25651.25;1175
20251202 155600;25651.75;25660.75;25648;25655.5;1084
20251202 155700;25656.25;25658.75;25650.75;25652;859
20251202 155800;25651.75;25655.75;25645.5;25649.75;635
20251202 155900;25649.5;25653.5;25638;25650.75;1088
20251202 160000;25651.25;25653.75;25644.5;25647.75;680
20251202 160100;25648;25652.25;25620;25636;3485
20251202 160200;25636.75;25656;25636.75;25655.5;1865
20251202 160300;25655.75;25660.5;25652.75;25659.75;1332
20251202 160400;25660;25662;25654.25;25661.75;924
20251202 160500;25661.5;25663.5;25646.25;25647.75;1256
20251202 160600;25647.75;25648.5;25616.25;25616.75;2301
20251202 160700;25616.5;25626;25601.75;25614;3117
20251202 160800;25613;25616.75;25600;25616;1873
20251202 160900;25616.75;25628.25;25607;25617.5;1615
20251202 161000;25617.75;25617.75;25584;25592.75;2038
20251202 161100;25593.25;25604.75;25573.25;25583;1985
20251202 161200;25582.75;25588.75;25568.75;25575.75;1822
20251202 161300;25575.5;25585.75;25547.75;25554;2926
20251202 161400;25555;25556.75;25529;25534.5;3683
20251202 161500;25534.5;25546.25;25524.25;25539.75;2257
20251202 161600;25540.25;25548.75;25531.25;25532.5;2144
20251202 161700;25532.5;25553.75;25526.5;25549;2017
20251202 161800;25548.25;25553.25;25533.75;25534.75;1457
20251202 161900;25536.5;25545.5;25525.5;25541;1181
20251202 162000;25541;25544.5;25514.5;25529.75;2060
20251202 162100;25529.5;25541;25515.5;25536.75;1446
20251202 162200;25536.25;25543;25512;25512.75;1516
20251202 162300;25512.75;25512.75;25484.25;25499.5;2848
20251202 162400;25498.75;25499.5;25468.5;25478.75;2482
20251202 162500;25478.25;25482.75;25459;25462.5;2632
20251202 162600;25462;25484.25;25453.25;25465.75;2625
20251202 162700;25464.5;25473.75;25446.25;25466.5;2496
20251202 162800;25466;25471.5;25454;25464.5;1603
20251202 162900;25465;25465;25443;25451;1747
20251202 163000;25451;25462.5;25448.25;25459.75;1318
20251202 163100;25459.5;25480.75;25445.75;25448;3146
20251202 163200;25447.25;25452.5;25420.25;25423.25;3243
20251202 163300;25422.25;25430;25414.5;25417.75;2427
20251202 163400;25417;25456.75;25414.5;25451;2195
20251202 163500;25451.5;25456.5;25435;25449.5;1543
20251202 163600;25448.75;25470.25;25445;25469;1969
20251202 163700;25470;25479.75;25463;25468.25;2014
20251202 163800;25468.5;25493.25;25467.75;25483.5;2076
20251202 163900;25484.75;25499;25478.5;25495.75;1072
20251202 164000;25496.5;25502.75;25489.75;25501.75;1062
20251202 164100;25502;25519.25;25498.25;25518.25;1786
20251202 164200;25518.75;25525;25507.75;25507.75;1563
20251202 164300;25507.75;25515.5;25498.25;25500;1377
20251202 164400;25500.25;25514;25493.25;25506.75;1317
20251202 164500;25506.5;25508.75;25488.25;25488.25;906
20251202 164600;25488.5;25502.25;25485.5;25487;1410
20251202 164700;25487.25;25510.75;25482.5;25508;1388
20251202 164800;25508;25510.25;25502;25508.25;974
20251202 164900;25507.75;25510.75;25489;25490.5;1124
20251202 165000;25490;25496.75;25477.75;25495.75;1289
20251202 165100;25495.5;25508.5;25490;25508;1372
20251202 165200;25508;25517.5;25503.5;25512.75;1118
20251202 165300;25513.75;25520.5;25503.25;25505.25;981
20251202 165400;25505.5;25515.5;25504;25506.25;709
20251202 165500;25503.75;25519;25497.5;25517;973
20251202 165600;25517;25534.25;25516.5;25523.5;1400
20251202 165700;25523;25531.5;25512.5;25522.5;1120
20251202 165800;25523;25526.25;25509.75;25510.25;911
20251202 165900;25509.75;25517.25;25502.25;25505.25;1017
20251202 170000;25505.75;25511.5;25502;25509.25;1065
20251202 170100;25509.75;25534.5;25504.5;25533.25;2163
20251202 170200;25534;25547.25;25528.75;25546.75;1617
20251202 170300;25546.25;25554.25;25542;25549.25;1301
20251202 170400;25549.5;25551;25533;25533;1048
20251202 170500;25533;25542.25;25530.25;25535.5;789
20251202 170600;25535.25;25545.75;25533.75;25538.25;558
20251202 170700;25538.5;25538.5;25520.75;25522;1075
20251202 170800;25522.5;25533;25521.5;25531;762
20251202 170900;25531.75;25533.5;25523;25524.5;568
20251202 171000;25524.5;25526.5;25515.5;25518;714
20251202 171100;25517.5;25530.25;25514.75;25527.25;871
20251202 171200;25527.25;25534.25;25521.75;25532.75;767
20251202 171300;25533;25544;25528;25543.25;769
20251202 171400;25543.5;25550.25;25537.75;25542;871
20251202 171500;25541.75;25550.75;25540.25;25549.75;483
20251202 171600;25549.5;25557.25;25545.5;25553.5;925
20251202 171700;25553.5;25569;25553.5;25562;1291
20251202 171800;25563;25576.25;25560.25;25575;1118
20251202 171900;25575.25;25582;25568.5;25580.5;902
20251202 172000;25580.25;25599.25;25580.25;25594;1621
20251202 172100;25594.5;25607.25;25593.5;25594.75;1534
20251202 172200;25595.5;25601;25590.5;25595.75;922
20251202 172300;25595.5;25595.5;25583.5;25583.75;1268
20251202 172400;25583.75;25593.75;25579;25590;873
20251202 172500;25590.5;25590.75;25580.25;25583.75;640
20251202 172600;25584.5;25587.75;25579.5;25583.75;533
20251202 172700;25584.5;25601;25584;25600.75;1398
20251202 172800;25600.5;25605.25;25598;25602.25;578
20251202 172900;25603;25613.75;25601.75;25608.75;995
20251202 173000;25609.5;25610;25601.5;25603.75;572
20251202 173100;25604.25;25612.5;25604.25;25611.25;748
20251202 173200;25612;25617.5;25609.25;25616.25;861
20251202 173300;25616.5;25622.25;25608.25;25610;959
20251202 173400;25610.5;25613;25606.25;25608.25;712
20251202 173500;25608.5;25611.75;25604.75;25611.5;603
20251202 173600;25612;25612;25605.25;25608.25;617
20251202 173700;25608.5;25608.5;25586.5;25604.75;1618
20251202 173800;25605.25;25612.75;25600.25;25607.75;938
20251202 173900;25608.25;25611.75;25596.25;25596.5;770
20251202 174000;25595.25;25600.75;25590;25596.75;764
20251202 174100;25597;25602.25;25595.25;25598.5;689
20251202 174200;25599.25;25602.75;25584;25586;711
20251202 174300;25586.5;25598;25584.25;25598;791
20251202 174400;25598.75;25600.75;25592.75;25598;460
20251202 174500;25598.25;25602.75;25595.5;25597;505
20251202 174600;25597;25605.25;25591.75;25602;645
20251202 174700;25601.75;25608;25599.5;25602.5;618
20251202 174800;25601.5;25604;25594.5;25598.5;409
20251202 174900;25598;25602;25595.5;25597.75;368
20251202 175000;25598.75;25603;25591;25601.5;598
20251202 175100;25602;25606;25598.5;25599.5;614
20251202 175200;25600.25;25601.5;25582.25;25585;930
20251202 175300;25584.5;25584.75;25574;25575.75;1015
20251202 175400;25576;25576;25560.25;25563;1872
20251202 175500;25562.75;25567.5;25552.5;25562.5;1450
20251202 175600;25562.5;25565.25;25548.25;25550.5;1052
20251202 175700;25550;25551.75;25528.25;25529.25;1973
20251202 175800;25529.25;25531.25;25521.25;25524.25;1342
20251202 175900;25525;25529.25;25515.75;25518.5;1126
20251202 180000;25518.75;25523.5;25506;25506.25;986
20251202 180100;25505.5;25529.5;25496.5;25528.5;2376
20251202 180200;25528.5;25538.25;25517.75;25536;1540
20251202 180300;25537;25545.5;25527.75;25541.5;1142
20251202 180400;25541.75;25548;25532.25;25545.5;734
20251202 180500;25545;25548.5;25534;25535.25;619
20251202 180600;25535.25;25552;25532.5;25548.75;895
20251202 180700;25548.75;25568.75;25548.75;25567.5;1211
20251202 180800;25568.5;25578.25;25565.5;25570.25;964
20251202 180900;25571;25571.5;25557.75;25557.75;518
20251202 181000;25557.75;25565;25554.75;25557.25;535
20251202 181100;25557.25;25562;25545.75;25545.75;869
20251202 181200;25546;25551.5;25539.25;25545.25;1087
20251202 181300;25545.75;25556.25;25539.5;25555.75;944
20251202 181400;25555.75;25555.75;25546.25;25547.25;413
20251202 181500;25546.75;25552.5;25545;25551.5;406
20251202 181600;25551.75;25553.5;25540.25;25545.75;751
20251202 181700;25546.75;25558.75;25546.5;25557.5;689
20251202 181800;25558.5;25565.5;25549.5;25563.75;671
20251202 181900;25563.75;25566;25553.25;25566;494
20251202 182000;25566;25567.75;25560.75;25564;393
20251202 182100;25563.75;25573.75;25559;25570;711
20251202 182200;25569.5;25572.25;25564.75;25567.5;548
20251202 182300;25568.25;25583.75;25567.75;25583.75;859
20251202 182400;25583;25586;25577.5;25578.25;615
20251202 182500;25578.25;25582.5;25568;25570.75;708
20251202 182600;25570.5;25572.5;25547;25548;1115
20251202 182700;25547.25;25556.5;25544.5;25556.5;864
20251202 182800;25557;25559.5;25547.75;25555;548
20251202 182900;25554.25;25565;25550.25;25565;714
20251202 183000;25565.5;25571;25561;25563.75;756
20251202 183100;25563;25573.25;25559;25570.75;708
20251202 183200;25571.75;25576.75;25568.25;25570;559
20251202 183300;25568.5;25568.5;25552.5;25553.75;592
20251202 183400;25552.5;25559;25549.5;25554.5;666
20251202 183500;25555;25557.75;25546.25;25553.25;564
20251202 183600;25553.25;25553.25;25541.75;25547.25;767
20251202 183700;25547.25;25553.5;25545.75;25552.25;413
20251202 183800;25552.5;25555.25;25530.75;25545.5;1022
20251202 183900;25545;25555;25543;25545.75;632
20251202 184000;25545.75;25549.5;25535.75;25536;556
20251202 184100;25536;25541.75;25531;25532.75;654
20251202 184200;25532.5;25544;25530;25540.25;667
20251202 184300;25540.25;25549;25537.75;25542.25;779
20251202 184400;25542;25554.75;25538.5;25551.5;659
20251202 184500;25552;25562.75;25552;25558;619
20251202 184600;25557.5;25557.5;25545;25545.75;688
20251202 184700;25546;25558;25542.5;25554.25;679
20251202 184800;25555.5;25561;25553.75;25560.25;528
20251202 184900;25560.25;25567.25;25559.75;25563.25;587
20251202 185000;25562.75;25565.5;25556.25;25561.75;540
20251202 185100;25561.75;25563.75;25552;25555;707
20251202 185200;25554.5;25568.5;25553.5;25567.25;512
20251202 185300;25567.75;25584.75;25567;25584.25;1099
20251202 185400;25584.5;25586.5;25573;25581.75;917
20251202 185500;25581.75;25585.5;25577.75;25585.5;505
20251202 185600;25586;25587.25;25579.5;25580.5;503
20251202 185700;25580.5;25581.5;25566.25;25573.25;1017
20251202 185800;25572.5;25574.5;25562.75;25566.5;645
20251202 185900;25566;25567;25558.25;25563.75;580
20251202 190000;25563.5;25580;25560.75;25577;583
20251202 190100;25577.25;25584.25;25566.5;25567.5;877
20251202 190200;25567.25;25583.5;25564.5;25583.5;424
20251202 190300;25583.5;25589.25;25579;25580.75;836
20251202 190400;25580.75;25589.25;25577.25;25588.25;560
20251202 190500;25587.75;25600.25;25587.5;25595.25;1082
20251202 190600;25595.25;25606.25;25594.5;25603.25;843
20251202 190700;25604.25;25609.25;25597;25601.5;852
20251202 190800;25601.5;25602;25589.25;25597.75;506
20251202 190900;25598.5;25607.25;25596.5;25600.25;646
20251202 191000;25600.75;25601.75;25594;25595.5;323
20251202 191100;25596.25;25597.5;25588;25592.25;516
20251202 191200;25592.75;25603.5;25592.75;25598.25;565
20251202 191300;25598.75;25604.75;25593.5;25602.5;525
20251202 191400;25601.5;25608.75;25601.25;25608.25;596
20251202 191500;25607.75;25609.25;25597.5;25604;438
20251202 191600;25603;25609;25603;25607;378
20251202 191700;25607.75;25610.25;25603.75;25605.5;522
20251202 191800;25604.5;25608.5;25595.75;25597.25;579
20251202 191900;25597;25605.5;25595.25;25599;492
20251202 192000;25599.25;25600;25594.25;25596.5;362
20251202 192100;25597.5;25599;25584;25585.25;817
20251202 192200;25585.75;25588.5;25577.25;25577.5;640
20251202 192300;25577;25584;25566.75;25582.75;1033
20251202 192400;25582.25;25585;25573;25573;445
20251202 192500;25572.75;25572.75;25563.25;25571.75;650
20251202 192600;25573;25577.75;25570;25577.5;546
20251202 192700;25577.75;25578.5;25566.25;25571;546
20251202 192800;25571.75;25578;25570.25;25571.75;501
20251202 192900;25571.25;25580.75;25565;25580.75;562
20251202 193000;25581;25586.75;25577.5;25585.25;662
20251202 193100;25584.75;25595.5;25580.75;25594.75;899
20251202 193200;25594.25;25605.25;25594.25;25600;923
20251202 193300;25600.5;25602.75;25595;25597.75;491
20251202 193400;25599;25602.25;25597.25;25600.75;267
20251202 193500;25602;25607;25600;25604.5;454
20251202 193600;25604.25;25611;25602.75;25604.75;635
20251202 193700;25604.5;25607.5;25598.75;25604;409
20251202 193800;25604.25;25606;25599;25600;353
20251202 193900;25600.75;25605;25595.25;25604.75;600
20251202 194000;25604.75;25609;25600.25;25603.25;414
20251202 194100;25603.5;25606.75;25599.5;25603.25;506
20251202 194200;25603;25606;25596.25;25598.5;377
20251202 194300;25598.5;25602;25592.75;25595.75;567
20251202 194400;25595;25597.5;25578.5;25578.5;775
20251202 194500;25579.25;25591.25;25578.5;25587.25;719
20251202 194600;25587.5;25590;25582.25;25589;399
20251202 194700;25589.25;25596.5;25584.5;25585;529
20251202 194800;25585;25592.75;25582.75;25591.5;433
20251202 194900;25591.75;25608;25591;25606.5;743
20251202 195000;25607.5;25612;25600;25603;910
20251202 195100;25603.75;25613.75;25599;25613.5;645
20251202 195200;25613.5;25635;25613.5;25630.5;1744
20251202 195300;25630.25;25632.75;25622.5;25631.75;896
20251202 195400;25631.5;25635.5;25627.75;25629.25;758
20251202 195500;25629;25629.75;25621.25;25625;668
20251202 195600;25625.5;25630.75;25622.5;25628.25;704
20251202 195700;25629;25631;25624.75;25627;625
20251202 195800;25627.75;25635.25;25622.25;25634.25;933
20251202 195900;25635;25639;25631.75;25636.25;756
20251202 200000;25636.5;25643;25632.75;25633.75;907
20251202 200100;25634;25639.75;25625.75;25629.75;830
20251202 200200;25629.25;25632.75;25619.5;25621;776
20251202 200300;25621.25;25626.75;25615;25624.75;785
20251202 200400;25625;25628.75;25620.5;25625.5;467
20251202 200500;25626;25626.25;25619.5;25622;376
20251202 200600;25622.25;25629;25618.75;25627.25;542
20251202 200700;25627.5;25628.5;25621.75;25623.5;451
20251202 200800;25623.75;25626;25616.75;25623;370
20251202 200900;25623.25;25624.5;25618.75;25620.5;363
20251202 201000;25620.5;25627.5;25616.75;25627.5;463
20251202 201100;25628;25629.75;25621;25622.25;346
20251202 201200;25622;25625.5;25618;25618;379
20251202 201300;25617.25;25629.5;25617;25629.5;279
20251202 201400;25629.75;25637;25629.25;25632.25;666
20251202 201500;25631.75;25633;25625;25629.5;454
20251202 201600;25629.5;25630;25623.25;25627.5;372
20251202 201700;25627;25629.25;25620.25;25626.25;503
20251202 201800;25626.25;25627.75;25622.25;25625;292
20251202 201900;25625.75;25631.25;25621;25625;485
20251202 202000;25624.25;25630;25623.5;25627;343
20251202 202100;25627.5;25631.5;25626.75;25628.25;358
20251202 202200;25628;25636.5;25626.5;25628.25;588
20251202 202300;25628.5;25632.25;25626.25;25630.5;392
20251202 202400;25630;25632.25;25626.5;25630.25;257
20251202 202500;25629.75;25631.75;25627.25;25630;207
20251202 202600;25629.75;25634.25;25626.75;25627.25;399
20251202 202700;25626.25;25638.5;25625;25635.75;645
20251202 202800;25635.75;25637.5;25630.75;25635.25;332
20251202 202900;25634.75;25636.75;25629;25630.75;464
20251202 203000;25629.75;25635;25627.5;25633.25;415
20251202 203100;25633.25;25640.5;25629.75;25640.25;843
20251202 203200;25640.25;25646.75;25638.75;25642.75;1177
20251202 203300;25642.5;25643.25;25635.25;25635.25;596
20251202 203400;25635.75;25639.5;25632.5;25637.25;567
20251202 203500;25637;25640.5;25633.5;25635;375
20251202 203600;25635;25636.25;25630.25;25634;487
20251202 203700;25633.75;25634.25;25625.75;25627.25;582
20251202 203800;25626.5;25627.25;25619.75;25623.75;683
20251202 203900;25624;25628.75;25613.5;25614;643
20251202 204000;25613.5;25619.5;25612;25614;680
20251202 204100;25613.75;25623.25;25606;25623;1433
20251202 204200;25623;25623.75;25612;25619;587
20251202 204300;25619;25619.75;25610;25611;504
20251202 204400;25610.75;25619.25;25607;25618.25;774
20251202 204500;25618.5;25622.25;25617;25620.75;497
20251202 204600;25621.25;25624.5;25617.5;25620.75;509
20251202 204700;25621;25630.75;25621;25626;672
20251202 204800;25626.25;25636;25624.25;25625.25;909
20251202 204900;25624.75;25630;25623.5;25626;387
20251202 205000;25625.25;25625.25;25617.25;25624;639
20251202 205100;25623.75;25633.5;25615.5;25617;1676
20251202 205200;25617.25;25620;25613.25;25614.5;864
20251202 205300;25615;25619;25607.5;25610.25;990
20251202 205400;25610;25610;25602;25606.5;1493
20251202 205500;25606.5;25619.75;25591.5;25593;3255
20251202 205600;25593.75;25607;25593;25603.5;1756
20251202 205700;25603.5;25612.75;25603;25610.75;844
20251202 205800;25610.5;25613.5;25598.5;25600;1134
20251202 205900;25600;25607.5;25595.75;25607.25;1205
20251202 210000;25607.25;25614;25596.5;25600;5546
20251202 210100;25600;25607;25595;25602.25;2885
20251202 210200;25602.25;25603.5;25592.25;25592.75;989
20251202 210300;25592.75;25599.5;25592.25;25596;471
20251202 210400;25595.75;25601.25;25594;25598.5;518
20251202 210500;25599.25;25599.25;25595;25598.75;168
20251202 210600;25598.75;25604.5;25586.5;25602.5;748
20251202 210700;25602.75;25603.5;25598.25;25601;115
20251202 210800;25601.5;25603;25595.5;25599.5;285
20251202 210900;25599;25599;25594.25;25596.75;148
20251202 211000;25597.25;25599.5;25595.75;25595.75;114
20251202 211100;25596;25599.25;25589;25593.5;420
20251202 211200;25593.25;25595;25590.5;25595;265
20251202 211300;25594.5;25597.25;25594.5;25596.25;128
20251202 211400;25596.25;25599.5;25595.25;25596.25;143
20251202 211500;25596;25597.5;25594.75;25595.5;76
20251202 211600;25596.25;25599;25595.5;25599;166
20251202 211700;25598.5;25600.25;25597.25;25598.5;115
20251202 211800;25597.75;25597.75;25595.5;25596.5;80
20251202 211900;25597;25599.75;25596.25;25598.25;85
20251202 212000;25598.25;25598.75;25593.25;25593.75;120
20251202 212100;25593.5;25594.25;25588.5;25592.75;138
20251202 212200;25592.25;25595.75;25591.25;25594.5;90
20251202 212300;25595;25598.25;25594.75;25598;49
20251202 212400;25598.25;25599;25597.5;25598.25;74
20251202 212500;25598.75;25599.5;25596.5;25597.75;75
20251202 212600;25598.25;25601;25598.25;25599;84
20251202 212700;25599.25;25599.75;25596.25;25598.25;55
20251202 212800;25598;25598.75;25596.25;25596.75;40
20251202 212900;25597;25599.5;25596.25;25598;78
20251202 213000;25598.5;25600;25598;25598.75;43
20251202 213100;25599;25600;25597.75;25600;55
20251202 213200;25600;25600;25595.75;25596;50
20251202 213300;25596;25598.25;25596;25598;41
20251202 213400;25598.25;25599;25597.75;25598.5;31
20251202 213500;25598.25;25598.5;25597.25;25598;48
20251202 213600;25597.5;25597.5;25592.5;25592.75;66
20251202 213700;25592.25;25595.25;25592;25594.5;60
20251202 213800;25594.25;25597;25592.25;25597;37
20251202 213900;25597.25;25598;25596.25;25597.25;30
20251202 214000;25596.5;25597.5;25595;25595.25;24
20251202 214100;25596;25597.25;25595.75;25597.25;30
20251202 214200;25596.5;25597.5;25595.75;25596.5;48
20251202 214300;25596.5;25596.75;25594;25594;49
20251202 214400;25593.75;25594;25590.75;25594;75
20251202 214500;25593.75;25593.75;25589;25590;128
20251202 214600;25589.5;25592.25;25587.5;25592.25;170
20251202 214700;25592.5;25592.75;25590.25;25590.75;111
20251202 214800;25590.75;25594.75;25590.75;25594.5;89
20251202 214900;25595;25595;25593;25594.75;39
20251202 215000;25595;25595;25592;25592;20
20251202 215100;25592.25;25592.75;25590.5;25592.75;106
20251202 215200;25592.5;25594.5;25592.5;25593.5;23
20251202 215300;25594.25;25594.25;25593.5;25594;36
20251202 215400;25594.25;25595.75;25594.25;25595.75;51
20251202 215500;25596;25599.25;25596;25599;65
20251202 215600;25599.5;25599.75;25597;25597.75;69
20251202 215700;25598;25598.75;25596.5;25598.25;59
20251202 215800;25598.75;25600.25;25597.5;25600.25;212
20251202 215900;25599.75;25606.5;25599.25;25601.75;280
20251202 220000;25601.5;25607.5;25599.75;25603.75;367
20251202 230100;25611;25628.75;25611;25625.5;447
20251202 230200;25624.25;25624.25;25618;25620.5;147
20251202 230300;25620.25;25624;25618.75;25619.5;83
20251202 230400;25620;25622;25618.25;25621.25;39
20251202 230500;25621.5;25622;25616;25617;64
20251202 230600;25616.25;25619;25611;25616.75;126
20251202 230700;25617;25619.5;25616.25;25617;37
20251202 230800;25617.25;25620.5;25613;25614.5;48
20251202 230900;25615.25;25619.75;25615.25;25617;55
20251202 231000;25619.5;25619.5;25615;25616.25;37
20251202 231100;25617.5;25621;25615.25;25619.75;24
20251202 231200;25618.75;25618.75;25614;25615.25;73
20251202 231300;25614.25;25615.5;25610;25612;67
20251202 231400;25612.5;25616.5;25612.5;25615.25;38
20251202 231500;25616;25616.5;25614;25616.25;21
20251202 231600;25614;25614.5;25611.25;25614;30
20251202 231700;25615;25616.75;25613.5;25613.75;20
20251202 231800;25613.5;25615.5;25613;25614.75;21
20251202 231900;25615;25623.25;25615;25622.75;110
20251202 232000;25622;25623.75;25620;25622.25;72
20251202 232100;25624;25628.25;25622.75;25626.75;119
20251202 232200;25626.5;25633.5;25626.5;25630.25;130
20251202 232300;25630;25630;25625.75;25627.25;97
20251202 232400;25626;25628.25;25621.75;25624;103
20251202 232500;25623.5;25626.75;25621.5;25626.5;35
20251202 232600;25626.5;25628.75;25625.5;25625.5;48
20251202 232700;25625.5;25625.5;25621.75;25623.25;33
20251202 232800;25623.75;25625.75;25620.25;25625.75;47
20251202 232900;25625.25;25628;25624;25626.25;22
20251202 233000;25627.5;25629;25625.75;25627.75;35
20251202 233100;25629.25;25630;25626.75;25630;30
20251202 233200;25629;25629.75;25624;25627.5;57
20251202 233300;25625.75;25626;25623.25;25624.75;32
20251202 233400;25625;25627.75;25625;25625.75;17
20251202 233500;25626;25626.75;25624.75;25626.75;25
20251202 233600;25626.5;25627.75;25625.75;25627.25;17
20251202 233700;25625;25625.75;25624;25624;12
20251202 233800;25624.5;25626.25;25624.5;25626;15
20251202 233900;25623.75;25626.75;25623;25626.75;33
20251202 234000;25625.75;25628;25624;25626;25
20251202 234100;25625.75;25625.75;25623.25;25625.5;16
20251202 234200;25624.75;25625.75;25623;25623.75;19
20251202 234300;25623.75;25625.75;25623.75;25625;23
20251202 234400;25624.25;25624.5;25619.25;25621;91
20251202 234500;25621.25;25624;25619.75;25624;41
20251202 234600;25623.75;25628.5;25623.75;25625;73
20251202 234700;25625.5;25626;25623.25;25624.5;20
20251202 234800;25625;25625;25620;25621;47
20251202 234900;25621;25621.25;25618.25;25619.75;44
20251202 235000;25621.5;25622.75;25620;25622;21
20251202 235100;25621.75;25624.5;25621.25;25624.5;21
20251202 235200;25625;25625.25;25622.75;25624;28
20251202 235300;25623.5;25624;25621.75;25623;23
20251202 235400;25622.5;25624.25;25620.75;25620.75;23
20251202 235500;25620.5;25623.25;25620.25;25623.25;36
20251202 235600;25622;25623.5;25621;25623.25;37
20251202 235700;25623.25;25629.75;25623.25;25628;92
20251202 235800;25628.5;25630.75;25626.5;25630;97
20251202 235900;25629;25631.25;25625;25625;68
20251203 000000;25626;25626.5;25620.5;25623.75;79
20251203 000100;25624.75;25635;25623.5;25635;165
20251203 000200;25634.75;25638.25;25632.5;25635.5;127
20251203 000300;25635.5;25637.5;25634.25;25635;94
20251203 000400;25636;25636;25630.25;25633.5;70
20251203 000500;25633.25;25636.75;25632.75;25633.5;60
20251203 000600;25632.75;25632.75;25624;25625.5;101
20251203 000700;25626.5;25630.75;25623.75;25629;75
20251203 000800;25629.75;25629.75;25626.5;25627.75;31
20251203 000900;25626.5;25631.5;25624.75;25626.25;90
20251203 001000;25627.75;25628.25;25626;25627.75;17
20251203 001100;25626.5;25628;25624.75;25624.75;16
20251203 001200;25624;25627.5;25623.75;25626.5;21
20251203 001300;25626.75;25630;25626.75;25630;32
20251203 001400;25628.75;25628.75;25622;25626.5;44
20251203 001500;25625;25627.75;25624.75;25625;8
20251203 001600;25625;25626.75;25620.25;25626.75;70
20251203 001700;25626.5;25629;25625.75;25627.75;33
20251203 001800;25625.25;25625.25;25616.25;25617;101
20251203 001900;25617.25;25618;25613.5;25615.25;95
20251203 002000;25615;25615.25;25611.25;25613.25;66
20251203 002100;25612.25;25616.25;25599;25599.25;470
20251203 002200;25599.5;25600.25;25588.5;25590;331
20251203 002300;25590;25590.75;25584.5;25589.75;204
20251203 002400;25589.75;25594.5;25586;25587;147
20251203 002500;25586.75;25592;25585;25588.75;78
20251203 002600;25588.25;25589.5;25580;25584.5;241
20251203 002700;25582.75;25585;25579;25582.75;165
20251203 002800;25583;25586.25;25580;25582;115
20251203 002900;25581.75;25582.5;25576;25578.5;146
20251203 003000;25580;25584;25579.25;25581.25;142
20251203 003100;25580.5;25586.25;25577.75;25583.5;192
20251203 003200;25584.75;25587;25578.5;25580.5;182
20251203 003300;25580.25;25584.25;25576.25;25581.5;114
20251203 003400;25580.75;25585.75;25577;25585.25;85
20251203 003500;25585.75;25594.25;25583.5;25587.5;262
20251203 003600;25588;25590;25586.75;25588.25;61
20251203 003700;25588.25;25593.25;25586.25;25590.75;67
20251203 003800;25592.5;25601.75;25592.25;25601.75;155
20251203 003900;25601.25;25603.75;25597.75;25602.25;151
20251203 004000;25602.5;25606;25601.25;25603;88
20251203 004100;25602.25;25602.25;25598.75;25600.75;65
20251203 004200;25601;25605;25600.5;25605;46
20251203 004300;25604.75;25607.75;25603.25;25606.5;74
20251203 004400;25604.75;25604.75;25601.75;25601.75;25
20251203 004500;25602;25607.5;25600.75;25607.5;71
20251203 004600;25606.75;25611;25606.5;25610;101
20251203 004700;25610;25615.75;25609.5;25615.75;116
20251203 004800;25616.5;25623;25615;25621.75;288
20251203 004900;25622.25;25626.5;25621.25;25625;172
20251203 005000;25625.75;25627.75;25622.5;25626.75;109
20251203 005100;25626.5;25630;25626;25628.75;87
20251203 005200;25627.75;25630.75;25626;25628;70
20251203 005300;25628;25637.25;25627.75;25636;177
20251203 005400;25636;25639.5;25627;25629.75;189
20251203 005500;25629.75;25629.75;25621.5;25623;125
20251203 005600;25623;25624.5;25618.5;25621.5;130
20251203 005700;25621;25624;25620.75;25622.25;66
20251203 005800;25622;25628;25621.75;25627.25;86
20251203 005900;25627.75;25630.75;25626;25630.75;60
20251203 010000;25630.25;25630.25;25624.5;25626.5;74
20251203 010100;25627.25;25634;25625.25;25632.75;169
20251203 010200;25632.25;25639.75;25632.25;25639.25;142
20251203 010300;25638.75;25642.5;25635.5;25636.5;200
20251203 010400;25636;25636;25628.5;25633.75;90
20251203 010500;25633;25635.75;25630.5;25632.5;62
20251203 010600;25633;25633.25;25625.5;25627.25;59
20251203 010700;25628;25632;25626.25;25632;43
20251203 010800;25630.5;25635.5;25629;25634;38
20251203 010900;25634.5;25639.25;25633.5;25637;49
20251203 011000;25638;25638;25632;25635;40
20251203 011100;25635;25638.75;25635;25638.5;61
20251203 011200;25638.5;25638.75;25635.75;25638;22
20251203 011300;25639;25639;25636;25637.75;28
20251203 011400;25637;25638.25;25635;25637.5;33
20251203 011500;25637.75;25639.75;25635.25;25638;53
20251203 011600;25638;25641.5;25636.25;25641.5;92
20251203 011700;25640.25;25642.25;25638.75;25640.75;86
20251203 011800;25640.25;25640.25;25633.75;25633.75;69
20251203 011900;25633.5;25635.25;25627.75;25631.5;176
20251203 012000;25631;25633.5;25628.75;25630.75;48
20251203 012100;25633;25638.75;25632;25637.25;64
20251203 012200;25637;25641;25636;25636.75;93
20251203 012300;25635.75;25636.75;25631;25631.75;50
20251203 012400;25631;25633.5;25630.5;25633.5;39
20251203 012500;25632.25;25633.25;25631.25;25632.5;28
20251203 012600;25632.5;25636.25;25632.5;25636;54
20251203 012700;25635.75;25637;25633;25633;31
20251203 012800;25634;25635.25;25632.25;25632.25;26
20251203 012900;25633;25636.25;25632;25635;48
20251203 013000;25635;25637.25;25634;25636.25;34
20251203 013100;25635;25642.5;25635;25638.75;141
20251203 013200;25638.75;25641.5;25636.5;25637.5;76
20251203 013300;25637.75;25644;25637.75;25642.75;85
20251203 013400;25642.75;25646;25642.75;25642.75;118
20251203 013500;25642.5;25649.25;25641.75;25647.5;150
20251203 013600;25648.25;25649.5;25643.5;25645.25;65
20251203 013700;25646;25646.5;25644.75;25645.5;23
20251203 013800;25644.5;25646.25;25642;25644.25;38
20251203 013900;25643.5;25645.25;25640.25;25641;52
20251203 014000;25641.25;25641.5;25638.25;25640;81
20251203 014100;25640.25;25644;25639.5;25643.5;54
20251203 014200;25642.75;25642.75;25636.25;25636.25;102
20251203 014300;25635.75;25641.5;25635.5;25640.75;59
20251203 014400;25641.5;25646.5;25640.75;25644.5;107
20251203 014500;25644.5;25647;25641.75;25642;81
20251203 014600;25642.75;25643;25639.25;25641;101
20251203 014700;25641;25645;25641;25643.5;44
20251203 014800;25644;25644;25642.5;25642.5;21
20251203 014900;25642.5;25644;25640.25;25640.25;43
20251203 015000;25640;25642.5;25639.25;25642;24
20251203 015100;25642;25643.75;25641.25;25643.75;37
20251203 015200;25643.75;25644;25642;25642.75;17
20251203 015300;25643.25;25643.25;25638;25639;61
20251203 015400;25638.75;25640;25637.75;25639;51
20251203 015500;25638.25;25639;25636.5;25638;47
20251203 015600;25637.25;25641;25636.75;25640.5;41
20251203 015700;25642;25642.5;25637;25637;42
20251203 015800;25637.75;25637.75;25635.75;25637.25;51
20251203 015900;25637.75;25640;25637;25638.75;23
20251203 020000;25638.75;25640.25;25638.5;25640;20
20251203 020100;25640;25644.75;25639;25644;67
20251203 020200;25643.5;25644.75;25640;25641;88
20251203 020300;25640;25640.75;25637.5;25639.5;38
20251203 020400;25639.5;25641.25;25638.25;25641;37
20251203 020500;25641.75;25643;25639.5;25639.75;26
20251203 020600;25639;25639.5;25637;25637.25;47
20251203 020700;25638.25;25640;25637.25;25639.25;26
20251203 020800;25640;25643;25638.5;25642.75;35
20251203 020900;25642.5;25646.75;25642.5;25646.25;68
20251203 021000;25646.25;25646.75;25642;25642.25;42
20251203 021100;25642.75;25646;25642.75;25645.25;34
20251203 021200;25645.75;25647.5;25645;25646.5;48
20251203 021300;25647;25656.5;25647;25654.5;311
20251203 021400;25653.5;25655.75;25653;25654.5;53
20251203 021500;25655.5;25656.25;25653;25654.75;73
20251203 021600;25655;25655;25650.75;25653;93
20251203 021700;25653.5;25654;25651.5;25654;55
20251203 021800;25654.25;25660.75;25653;25658.25;280
20251203 021900;25659;25662;25658.5;25660.5;137
20251203 022000;25660.5;25660.5;25657.25;25659.5;54
20251203 022100;25660;25662.25;25659.5;25661;60
20251203 022200;25661.25;25664;25660.5;25661.5;138
20251203 022300;25660.75;25663.25;25658.5;25662.25;127
20251203 022400;25662.75;25666.5;25662.5;25663.5;113
20251203 022500;25663;25663.75;25661.25;25662.75;53
20251203 022600;25663.5;25667;25663.5;25665.5;72
20251203 022700;25665.5;25669.75;25665.5;25668.25;288
20251203 022800;25668.25;25673;25668.25;25671.75;231
20251203 022900;25671.75;25673.75;25665.25;25667.25;150
20251203 023000;25666.75;25667.75;25664.75;25666.25;71
20251203 023100;25665.5;25666;25657;25659;307
20251203 023200;25658.5;25659;25653.75;25655.5;177
20251203 023300;25654.75;25657.75;25652.5;25653.75;85
20251203 023400;25653.5;25655.25;25649.25;25653;96
20251203 023500;25655;25659;25654.5;25655;52
20251203 023600;25655.25;25656;25652.25;25653.75;41
20251203 023700;25653.75;25654.25;25652;25652.75;26
20251203 023800;25653.75;25655;25650.75;25650.75;26
20251203 023900;25651.75;25652;25647;25648.75;128
20251203 024000;25648.5;25653.25;25648.5;25653;51
20251203 024100;25653.25;25654.25;25650.5;25650.5;72
20251203 024200;25651.25;25651.75;25649.75;25650.25;20
20251203 024300;25649;25649.75;25646.75;25648;56
20251203 024400;25647.5;25648.75;25646.25;25647.25;40
20251203 024500;25647.25;25651.5;25646.5;25650.25;41
20251203 024600;25650.5;25652;25649.25;25650;35
20251203 024700;25650;25650;25646.25;25648.25;42
20251203 024800;25650;25654.5;25649.5;25654.25;101
20251203 024900;25654.75;25656;25652.75;25652.75;74
20251203 025000;25651.75;25653.75;25650.5;25651.25;35
20251203 025100;25653.75;25654;25650;25650;27
20251203 025200;25652;25652;25650;25651.75;9
20251203 025300;25652.25;25652.25;25651;25651;7
20251203 025400;25651.75;25651.75;25648;25648;34
20251203 025500;25648.5;25650;25646.75;25650;80
20251203 025600;25650.25;25653;25649.75;25653;34
20251203 025700;25652.75;25654.75;25652.75;25654.25;36
20251203 025800;25654;25658.75;25653.75;25656.25;106
20251203 025900;25656.25;25656.25;25653.5;25654;28
20251203 030000;25654;25656;25653.75;25655.25;30
20251203 030100;25654.75;25655.75;25651.25;25653.25;62
20251203 030200;25654.5;25655.25;25653.5;25655;25
20251203 030300;25653.75;25654;25652.5;25653.75;21
20251203 030400;25653.75;25653.75;25647.25;25648.25;68
20251203 030500;25648.25;25649;25646.25;25647.25;48
20251203 030600;25646.25;25648.5;25642.25;25648.5;120
20251203 030700;25648.5;25649.25;25647;25648.75;31
20251203 030800;25648;25649.5;25646;25646.5;41
20251203 030900;25647.25;25648.5;25647.25;25647.25;16
20251203 031000;25647.5;25650.5;25647.25;25647.25;31
20251203 031100;25647.5;25651;25645.75;25650.75;18
20251203 031200;25651.5;25653.5;25649.5;25651.5;55
20251203 031300;25651;25653.5;25650.75;25653.25;29
20251203 031400;25653.25;25654;25652.75;25654;25
20251203 031500;25653.75;25653.75;25650;25650.5;21
20251203 031600;25651;25657.25;25651;25655;86
20251203 031700;25655.75;25656.75;25652.75;25653.75;46
20251203 031800;25652.75;25655.5;25651.75;25655.25;33
20251203 031900;25655.5;25660;25655.5;25657;90
20251203 032000;25656.5;25659;25655;25659;41
20251203 032100;25658.75;25661.25;25658.75;25659;64
20251203 032200;25658.5;25658.75;25656.5;25658;25
20251203 032300;25658;25658.25;25657;25657.5;7
20251203 032400;25656.75;25658.75;25656.5;25657;18
20251203 032500;25657.25;25658;25656.25;25658;14
20251203 032600;25658;25662.25;25657.75;25661;57
20251203 032700;25661;25662.5;25661;25661.75;67
20251203 032800;25661.75;25665;25661.75;25663.5;74
20251203 032900;25663.75;25664.25;25659.25;25662;30
20251203 033000;25660.75;25664.5;25660.5;25664.5;43
20251203 033100;25665;25669.25;25664;25667.75;137
20251203 033200;25668.25;25668.25;25665.75;25667.25;19
20251203 033300;25666;25668.5;25665.75;25667.25;61
20251203 033400;25666.75;25668.25;25666.75;25667.25;27
20251203 033500;25668;25670.25;25666.75;25669;83
20251203 033600;25669.75;25675.25;25669.75;25674;191
20251203 033700;25673.5;25674.5;25670.5;25671.75;49
20251203 033800;25671.75;25671.75;25667.75;25669;57
20251203 033900;25669;25669.5;25667.25;25668.75;46
20251203 034000;25668.75;25674;25668.75;25673.5;45
20251203 034100;25673.75;25673.75;25670.5;25670.5;52
20251203 034200;25670.25;25672.5;25669.25;25671.25;35
20251203 034300;25672;25674.25;25671.5;25674;38
20251203 034400;25673.25;25674.75;25671.25;25674.75;41
20251203 034500;25674.25;25677;25670.25;25673;108
20251203 034600;25673.25;25674;25669;25669.25;65
20251203 034700;25669.75;25670.75;25668.25;25670.25;32
20251203 034800;25671;25671;25669;25671;29
20251203 034900;25670.25;25670.75;25669.5;25669.75;9
20251203 035000;25670.5;25670.75;25668.5;25668.5;33
20251203 035100;25668.25;25668.5;25666;25666;61
20251203 035200;25666.75;25668;25666.25;25666.25;21
20251203 035300;25666.25;25667.75;25665;25665.75;30
20251203 035400;25666.25;25666.25;25664.5;25665.75;41
20251203 035500;25666.5;25667;25665.25;25665.75;11
20251203 035600;25666.25;25667;25664.75;25665.75;40
20251203 035700;25666.25;25669.75;25665.25;25669.75;70
20251203 035800;25669;25670.25;25666;25666.5;59
20251203 035900;25666.25;25667;25665.5;25665.5;12
20251203 040000;25665.5;25668.75;25665.5;25668.5;26
20251203 040100;25668;25668;25665.25;25665.25;13
20251203 040200;25665.5;25669;25665.25;25669;39
20251203 040300;25667.5;25670.5;25667.5;25670.25;30
20251203 040400;25669.75;25670;25667;25670;29
20251203 040500;25670;25670;25669;25669.75;18
20251203 040600;25668;25668.75;25663.5;25664.75;85
20251203 040700;25665.5;25665.5;25663.5;25665.5;35
20251203 040800;25664.5;25667.75;25663.5;25667.75;22
20251203 040900;25668;25672;25668;25668.75;63
20251203 041000;25668.75;25672;25668.5;25672;45
20251203 041100;25671.25;25671.75;25670;25671;60
20251203 041200;25671.5;25672.75;25671;25671.25;18
20251203 041300;25671;25672.5;25670.5;25670.5;22
20251203 041400;25670;25670.75;25669;25670;14
20251203 041500;25670.5;25671;25669.25;25671;31
20251203 041600;25669.5;25671.25;25666.5;25667.75;55
20251203 041700;25667.5;25668.75;25667.25;25667.5;9
20251203 041800;25669.25;25669.25;25668.25;25668.5;8
20251203 041900;25669.25;25670.5;25669;25670.5;13
20251203 042000;25669.75;25671;25669.5;25669.75;11
20251203 042100;25669;25672;25668.75;25671;31
20251203 042200;25671;25671;25669.5;25670;10
20251203 042300;25669.75;25669.75;25668.25;25668.25;17
20251203 042400;25668.25;25669;25666.75;25668.25;27
20251203 042500;25668;25670;25668;25668.75;16
20251203 042600;25667.75;25668;25665.25;25667;44
20251203 042700;25667.25;25667.75;25666.25;25667.5;6
20251203 042800;25667;25668.5;25665.25;25665.75;21
20251203 042900;25665.5;25665.75;25664.5;25665.75;24
20251203 043000;25665;25666;25665;25665.5;10
20251203 043100;25665;25665.25;25662;25662;67
20251203 043200;25662;25666.5;25661.25;25666.5;39
20251203 043300;25665.5;25666.5;25663.5;25665.5;32
20251203 043400;25665.75;25666.25;25662.5;25663.5;20
20251203 043500;25663;25664;25662.5;25664;8
20251203 043600;25664.5;25665.25;25663.25;25664.25;12
20251203 043700;25664;25664;25663;25663;8
20251203 043800;25663;25666.25;25662.25;25664.5;27
20251203 043900;25665;25666.5;25663.75;25665.75;33
20251203 044000;25665.5;25665.5;25663.25;25664.5;14
20251203 044100;25664.5;25664.5;25663.25;25663.25;12
20251203 044200;25662.5;25663.5;25661.75;25663.5;30
20251203 044300;25664.25;25666.25;25664.25;25665;13
20251203 044400;25664.75;25665.75;25664;25664;15
20251203 044500;25663.75;25663.75;25663;25663.5;10
20251203 044600;25662.25;25663.75;25662.25;25662.75;5
20251203 044700;25662.75;25664;25662.75;25664;15
20251203 044800;25663.25;25663.25;25660.5;25661.5;34
20251203 044900;25662;25662.75;25661;25662.25;21
20251203 045000;25661.5;25663.25;25661.25;25663.25;9
20251203 045100;25663.25;25663.75;25662.5;25663.25;24
20251203 045200;25663.5;25665;25662.75;25663.75;38
20251203 045300;25664;25664.75;25662.5;25662.5;21
20251203 045400;25663;25664;25661.75;25662.75;16
20251203 045500;25662.25;25663.75;25661.5;25663.5;37
20251203 045600;25662.75;25663.75;25661.75;25662.5;12
20251203 045700;25661.75;25661.75;25658.5;25659;48
20251203 045800;25659;25660.5;25657.25;25659.75;35
20251203 045900;25661;25662;25660.25;25660.5;6
20251203 050000;25660.25;25660.25;25658.75;25659.5;14
20251203 050100;25659.25;25661;25658;25659;29
20251203 050200;25658.5;25660.5;25658.25;25660.5;16
20251203 050300;25660.25;25660.75;25658.25;25660.75;16
20251203 050400;25661;25661;25660.25;25660.75;7
20251203 050500;25661;25668;25661;25666.25;118
20251203 050600;25666.25;25668.25;25664;25667.75;55
20251203 050700;25668.5;25674.25;25667.75;25670.25;131
20251203 050800;25670;25670;25668;25668.75;21
20251203 050900;25669.5;25673;25668.5;25672.5;61
20251203 051000;25673.25;25675;25671;25673.5;75
20251203 051100;25673.75;25673.75;25671.75;25673;26
20251203 051200;25672.75;25673.75;25671.75;25672;27
20251203 051300;25671.5;25672;25669.5;25669.5;31
20251203 051400;25670;25672;25667.75;25672;28
20251203 051500;25672.5;25673.5;25672.25;25672.75;16
20251203 051600;25672.5;25678.25;25672;25672.75;137
20251203 051700;25673.5;25675.5;25672.5;25673.25;58
20251203 051800;25672;25672.25;25670.5;25672;26
20251203 051900;25671.25;25672.25;25670.75;25671.25;27
20251203 052000;25672.25;25673.75;25671.75;25671.75;11
20251203 052100;25672.25;25673.75;25671;25671;39
20251203 052200;25672;25672;25668.25;25668.25;27
20251203 052300;25668;25669.75;25667;25669;21
20251203 052400;25669.25;25670.75;25668.25;25670;42
20251203 052500;25670.5;25672.25;25670.5;25671.25;17
20251203 052600;25671.75;25671.75;25667.5;25667.5;21
20251203 052700;25668;25669.25;25667;25668;25
20251203 052800;25668.5;25670;25668;25669;22
20251203 052900;25668.25;25670.75;25668;25670.75;19
20251203 053000;25670.5;25672.5;25670.5;25672.5;25
20251203 053100;25672.5;25672.75;25669;25670.75;36
20251203 053200;25671.5;25673.5;25670.25;25671.75;39
20251203 053300;25671.25;25671.25;25670;25670;6
20251203 053400;25670.5;25672;25670.5;25671;8
20251203 053500;25670;25670.5;25668;25668.5;19
20251203 053600;25668;25668;25666;25666.75;36
20251203 053700;25666;25669;25666;25669;37
20251203 053800;25667.25;25668;25666.75;25666.75;13
20251203 053900;25667;25667;25666;25667;22
20251203 054000;25666.25;25666.5;25664;25666.25;36
20251203 054100;25666.25;25666.5;25664.5;25666;16
20251203 054200;25666.75;25667.5;25665.25;25665.5;15
20251203 054300;25665.25;25666.25;25664;25664.5;19
20251203 054400;25663.5;25663.5;25658;25659.5;80
20251203 054500;25658.75;25662.25;25658.75;25661.25;21
20251203 054600;25660.5;25663;25660.25;25661.75;16
20251203 054700;25663;25664;25662.5;25664;13
20251203 054800;25663.75;25664.25;25662.5;25663.25;16
20251203 054900;25662.25;25665;25661.75;25664.25;24
20251203 055000;25664.75;25666;25663.5;25664.25;47
20251203 055100;25665.25;25665.25;25661.5;25663.25;25
20251203 055200;25663;25663.25;25662;25662;17
20251203 055300;25662.75;25663.25;25659.75;25660;35
20251203 055400;25660.25;25662.25;25659;25661.25;35
20251203 055500;25659.75;25660.5;25658;25658.25;30
20251203 055600;25658.25;25659;25654.5;25657.75;162
20251203 055700;25657.5;25661.5;25656.25;25660.5;23
20251203 055800;25662;25663.25;25659;25659;31
20251203 055900;25660.5;25662;25659.5;25660.5;12
20251203 060000;25659.25;25660.5;25659;25660.25;15
20251203 060100;25660.5;25661.25;25658;25658.25;34
20251203 060200;25658;25658.25;25652.5;25655.25;79
20251203 060300;25655.75;25658;25654.5;25657.25;36
20251203 060400;25656.75;25661.5;25656.75;25661.5;34
20251203 060500;25662.25;25665;25662.25;25665;37
20251203 060600;25664.75;25665;25658.25;25658.5;52
20251203 060700;25659.25;25661;25659.25;25661;13
20251203 060800;25663;25663;25661.25;25662.5;10
20251203 060900;25661;25661.75;25660.75;25660.75;13
20251203 061000;25661.25;25664.25;25660;25663.25;37
20251203 061100;25661;25661;25657.25;25658.5;33
20251203 061200;25659;25661.25;25658.25;25659.25;22
20251203 061300;25660.25;25661;25658.25;25658.25;18
20251203 061400;25658.5;25660;25658;25658.25;19
20251203 061500;25657.75;25658.25;25656.75;25658.25;26
20251203 061600;25658;25658.5;25654.75;25656.5;32
20251203 061700;25658;25658.75;25656.5;25656.75;18
20251203 061800;25657;25657.25;25656;25657.25;9
20251203 061900;25656.75;25661.25;25656.75;25661;30
20251203 062000;25661.5;25663;25660.5;25660.75;41
20251203 062100;25661.25;25661.5;25657;25657;35
20251203 062200;25657.75;25659;25656;25656;22
20251203 062300;25657;25657;25654;25656;24
20251203 062400;25656;25656.75;25654.75;25656.75;16
20251203 062500;25657.25;25659.75;25656.75;25659.25;35
20251203 062600;25659.25;25659.5;25655.5;25656.5;39
20251203 062700;25657;25657.5;25655.25;25655.25;15
20251203 062800;25654.75;25655.25;25650.75;25650.75;54
20251203 062900;25650;25655.25;25650;25654.25;54
20251203 063000;25652.75;25653.25;25649.5;25651;58
20251203 063100;25651.75;25652.5;25648.75;25652;76
20251203 063200;25653;25653.25;25647.25;25647.75;70
20251203 063300;25647;25647;25643.25;25643.5;128
20251203 063400;25643.25;25643.5;25641;25643;61
20251203 063500;25642;25647;25640.5;25645.75;50
20251203 063600;25646;25647;25637.5;25642.25;127
20251203 063700;25642.25;25644;25640;25643.75;42
20251203 063800;25644.25;25647.25;25643.25;25647;56
20251203 063900;25647.75;25651.25;25647.25;25647.25;85
20251203 064000;25646.75;25647;25643;25643;43
20251203 064100;25643;25643.25;25639;25642.5;70
20251203 064200;25643.25;25649.75;25643.25;25648.25;76
20251203 064300;25646.75;25652;25646.75;25652;53
20251203 064400;25651.5;25657.25;25649.5;25656.75;105
20251203 064500;25656;25659.25;25653.5;25655;59
20251203 064600;25654.5;25656.25;25652.5;25656.25;26
20251203 064700;25655.25;25658.25;25655.25;25658.25;33
20251203 064800;25657.75;25661.5;25657.25;25661.5;64
20251203 064900;25660.75;25664.25;25660.5;25662.25;79
20251203 065000;25662.25;25662.25;25660;25660.75;35
20251203 065100;25661.75;25665.75;25656.75;25658.25;204
20251203 065200;25656.75;25656.75;25652.75;25653.75;57
20251203 065300;25653.75;25653.75;25651.25;25653.5;37
20251203 065400;25654;25657.5;25654;25655;42
20251203 065500;25655.25;25656;25654.25;25654.75;20
20251203 065600;25653.75;25654.25;25651.5;25652.5;35
20251203 065700;25653;25654.5;25652.25;25653.5;14
20251203 065800;25653.75;25654.25;25651.75;25654.25;22
20251203 065900;25653.75;25654.25;25653.75;25654.25;4
20251203 070000;25655.5;25657.5;25654.5;25657.25;37
20251203 070100;25657.5;25658;25653.75;25657.75;44
20251203 070200;25658;25658;25653.75;25655;39
20251203 070300;25654.75;25656.75;25653.75;25656;27
20251203 070400;25656.5;25661.75;25656.5;25659.75;48
20251203 070500;25659.25;25660.25;25656.5;25659.25;24
20251203 070600;25659.25;25661.25;25657;25657;29
20251203 070700;25658.25;25659.75;25657;25657;24
20251203 070800;25657;25658.5;25657;25657.5;14
20251203 070900;25656.75;25659;25656.75;25657;26
20251203 071000;25656.75;25660;25656.75;25659.75;13
20251203 071100;25659.5;25665;25659.5;25664.5;65
20251203 071200;25663.75;25666.75;25662.5;25663;98
20251203 071300;25663.25;25665.25;25661.75;25662.25;42
20251203 071400;25662;25663.75;25660.75;25663.5;25
20251203 071500;25663.5;25668.5;25663.5;25667.25;85
20251203 071600;25668.25;25669.25;25666.5;25667;73
20251203 071700;25667.25;25667.25;25664.5;25665.75;82
20251203 071800;25665.5;25666;25664;25665;23
20251203 071900;25665.5;25666.75;25665;25665.25;17
20251203 072000;25665.5;25665.5;25664.25;25664.75;16
20251203 072100;25665.75;25671.75;25665.75;25669.25;74
20251203 072200;25671.5;25674.25;25669.25;25673.25;109
20251203 072300;25672.5;25675;25671.5;25673.25;57
20251203 072400;25673.75;25676;25673.75;25674.5;21
20251203 072500;25674.75;25675;25672.75;25674;58
20251203 072600;25674.5;25676.75;25674.25;25675;33
20251203 072700;25673.75;25674.25;25670.5;25671;61
20251203 072800;25670.75;25672;25668.25;25669.5;53
20251203 072900;25669.5;25670;25667.5;25667.75;35
20251203 073000;25667;25669.5;25665;25669.25;63
20251203 073100;25668;25669.75;25665.5;25667;65
20251203 073200;25665.75;25667.25;25663.5;25665.25;47
20251203 073300;25665;25665.5;25661.5;25663.25;61
20251203 073400;25662.75;25666.5;25661.75;25665.5;33
20251203 073500;25663.75;25668.5;25663.75;25668.5;37
20251203 073600;25667.25;25667.25;25665.25;25666.5;29
20251203 073700;25665.75;25669.5;25665;25669.25;22
20251203 073800;25669.75;25672;25666.75;25667;51
20251203 073900;25667;25667.25;25665;25665.5;54
20251203 074000;25665;25668.25;25665;25668.25;32
20251203 074100;25667.75;25669.5;25667;25667.25;25
20251203 074200;25665.75;25666.25;25665.25;25665.75;8
20251203 074300;25665.5;25665.75;25652.5;25661.75;221
20251203 074400;25661.75;25663.25;25656;25656.75;73
20251203 074500;25655.75;25657.5;25648.5;25649.5;125
20251203 074600;25649;25650.5;25643;25649.75;141
20251203 074700;25648.75;25654.5;25646.25;25654.5;66
20251203 074800;25655;25658.5;25652;25657;42
20251203 074900;25657.75;25660;25655;25655.25;41
20251203 075000;25656;25656;25651.5;25652.5;36
20251203 075100;25653;25658;25652;25657.75;49
20251203 075200;25659;25659.25;25655.75;25656.5;16
20251203 075300;25655.5;25655.5;25653.25;25654.5;19
20251203 075400;25655;25656.75;25655;25656;18
20251203 075500;25654.75;25656.5;25652.5;25655;19
20251203 075600;25655.75;25656.75;25652.5;25652.5;54
20251203 075700;25652.5;25655.25;25652.25;25655.25;27
20251203 075800;25654.5;25658;25653.75;25658;32
20251203 075900;25657.5;25658.75;25655.25;25655.25;31
20251203 080000;25654;25655.25;25650.25;25651.75;77
20251203 080100;25651.25;25658.75;25648.25;25653.25;166
20251203 080200;25653.25;25657;25651.25;25656.5;103
20251203 080300;25657.75;25659;25655.25;25658;63
20251203 080400;25658.75;25661.5;25656.25;25661;78
20251203 080500;25661.75;25664.75;25660.25;25663;61
20251203 080600;25664;25664.75;25660.5;25664.25;73
20251203 080700;25663.75;25664.75;25660.75;25662.25;68
20251203 080800;25662.25;25662.25;25657.5;25659.5;69
20251203 080900;25660;25662.25;25658.5;25660.75;64
20251203 081000;25662;25662.75;25659;25660.5;39
20251203 081100;25662.25;25662.25;25653.5;25655.25;74
20251203 081200;25655.5;25656.75;25648.25;25650.5;158
20251203 081300;25650.75;25655.5;25647.25;25654;93
20251203 081400;25654.25;25656.5;25652.5;25652.5;44
20251203 081500;25652.75;25654.75;25652;25652;38
20251203 081600;25653.25;25654.25;25649;25651.25;77
20251203 081700;25651;25652.5;25645.5;25648.25;133
20251203 081800;25649;25650.75;25646.5;25646.5;45
20251203 081900;25646;25646;25640.25;25640.25;96
20251203 082000;25640.5;25645.75;25640;25643.75;75
20251203 082100;25643.25;25646.75;25643;25646;31
20251203 082200;25646.25;25646.25;25641.75;25641.75;28
20251203 082300;25642.25;25642.25;25628.5;25632.5;265
20251203 082400;25632.5;25633.25;25628.25;25628.75;83
20251203 082500;25628.25;25630;25625.25;25628.75;110
20251203 082600;25629;25631.75;25622.75;25624.5;152
20251203 082700;25623.75;25627.5;25621.25;25622.25;105
20251203 082800;25622;25622;25613.25;25619.75;231
20251203 082900;25619.25;25621.5;25614.75;25615.75;73
20251203 083000;25615.5;25621.25;25613.5;25619.25;95
20251203 083100;25620.5;25625.5;25619.25;25622;91
20251203 083200;25621;25621;25614.25;25615.5;97
20251203 083300;25615.25;25621.25;25615.25;25621.25;59
20251203 083400;25620.5;25621.75;25615.75;25616.25;70
20251203 083500;25615.5;25618;25613.5;25617.25;82
20251203 083600;25618;25626;25618;25624.75;105
20251203 083700;25625;25627;25618.75;25626;142
20251203 083800;25625;25627.25;25621.75;25626.75;59
20251203 083900;25627.75;25633.5;25627.75;25632.25;115
20251203 084000;25632;25633.75;25626.25;25631;94
20251203 084100;25630.75;25632.75;25628.75;25631;43
20251203 084200;25631.75;25636.5;25631.25;25635.75;86
20251203 084300;25635.75;25641.25;25635.5;25638.75;109
20251203 084400;25639;25642;25638.5;25641.5;47
20251203 084500;25641.5;25644.75;25641.25;25643;71
20251203 084600;25643.25;25645.25;25638.75;25643;91
20251203 084700;25643.75;25647.5;25642.5;25644;75
20251203 084800;25644.25;25649.5;25644.25;25648.75;61
20251203 084900;25648.75;25653.5;25648.75;25653;121
20251203 085000;25653.25;25655;25651.5;25652;101
20251203 085100;25651;25652.75;25648;25651.25;115
20251203 085200;25650.75;25654.5;25650;25654.5;55
20251203 085300;25654.75;25657.75;25654.75;25656.25;88
20251203 085400;25656.75;25661.25;25656;25658.25;109
20251203 085500;25658.5;25660;25655.5;25658.5;74
20251203 085600;25658;25659.5;25655.25;25655.25;56
20251203 085700;25655;25661.5;25654;25660.5;99
20251203 085800;25661;25666.5;25661;25665.75;190
20251203 085900;25665.5;25667.75;25660.75;25662;105
20251203 090000;25661.25;25661.25;25658.25;25659.5;62
20251203 090100;25659.25;25661;25650;25650;147
20251203 090200;25650;25651.75;25643.25;25643.25;224
20251203 090300;25644.25;25645.5;25639;25642.5;209
20251203 090400;25644;25644.25;25641.75;25642.25;49
20251203 090500;25641.5;25643.25;25637;25642.5;122
20251203 090600;25641.75;25646.25;25629.5;25630.75;165
20251203 090700;25629.75;25633;25626;25631.5;166
20251203 090800;25634;25636;25630;25630;70
20251203 090900;25631;25634.5;25628.25;25628.25;38
20251203 091000;25628.75;25628.75;25621.75;25625;131
20251203 091100;25625.5;25627;25622.5;25625.75;86
20251203 091200;25625.5;25634.25;25622.25;25632.75;106
20251203 091300;25634;25636.25;25632.25;25633.75;69
20251203 091400;25635;25637.75;25630.5;25632;65
20251203 091500;25633;25633;25627.25;25631;114
20251203 091600;25631.75;25633;25628;25629.25;52
20251203 091700;25626.5;25630.25;25617.75;25617.75;111
20251203 091800;25619.5;25629.25;25618.75;25625.5;108
20251203 091900;25625.75;25630;25620.25;25622.75;99
20251203 092000;25623;25624.5;25621.75;25622.75;21
20251203 092100;25622.75;25624.5;25620;25621.75;40
20251203 092200;25621.75;25624;25617.5;25619.5;59
20251203 092300;25619;25622.25;25616.5;25622;61
20251203 092400;25619.25;25626;25618.5;25619.5;121
20251203 092500;25618.5;25621.75;25616.75;25617.75;71
20251203 092600;25617;25619;25616.25;25618.75;33
20251203 092700;25619.25;25622;25614.75;25615.5;179
20251203 092800;25616.25;25622.5;25615.75;25621.75;85
20251203 092900;25622;25622.75;25616;25617.5;61
20251203 093000;25618.25;25622.5;25618.25;25620;41
20251203 093100;25619.25;25621.25;25613.75;25617.5;100
20251203 093200;25617.5;25620.5;25615.75;25619.25;42
20251203 093300;25619;25621.5;25617.25;25619.25;47
20251203 093400;25620.25;25625;25619.5;25625;63
20251203 093500;25624.25;25628;25623.75;25624.5;105
20251203 093600;25624;25639.25;25620;25627.5;664
20251203 093700;25628.5;25636;25628.5;25635.25;67
20251203 093800;25635;25637.5;25626.25;25629.5;153
20251203 093900;25630.5;25631.5;25627;25630;50
20251203 094000;25631;25636.5;25631;25634;93
20251203 094100;25634;25634.25;25629.75;25631;62
20251203 094200;25630.75;25632;25628.25;25630;43
20251203 094300;25630.25;25630.25;25617.25;25620;90
20251203 094400;25621;25627;25617.75;25627;153
20251203 094500;25626;25629;25623;25624.25;88
20251203 094600;25624.25;25634.25;25624.25;25633.25;54
20251203 094700;25633.75;25636.5;25632.5;25632.75;68
20251203 094800;25631.75;25631.75;25626.25;25630;58
20251203 094900;25632.25;25635.75;25630.75;25633.25;55
20251203 095000;25632.25;25634.5;25628.25;25629.25;86
20251203 095100;25629.25;25632;25626.5;25629.5;108
20251203 095200;25629.25;25632;25627.75;25631;88
20251203 095300;25630.25;25633.75;25628.25;25630;88
20251203 095400;25631.5;25632.75;25631.25;25631.75;29
20251203 095500;25631.75;25634;25628.75;25632.75;41
20251203 095600;25633.25;25634.75;25632.25;25634.5;32
20251203 095700;25635;25637.75;25634;25636.75;60
20251203 095800;25636.5;25636.5;25634;25636.25;22
20251203 095900;25636.75;25639.5;25636;25637.75;59
20251203 100000;25638.5;25640.5;25637.75;25638.25;57
20251203 100100;25637.75;25641.25;25635.75;25639.5;87
20251203 100200;25640.75;25641.5;25637.25;25638.75;63
20251203 100300;25638.25;25639.75;25636.25;25638.5;33
20251203 100400;25638.5;25638.5;25634.5;25636;54
20251203 100500;25637.25;25639;25636;25638.75;32
20251203 100600;25639.5;25644;25639.25;25642.75;117
20251203 100700;25642.75;25643.25;25638.75;25639;91
20251203 100800;25641;25644.25;25640.75;25643;95
20251203 100900;25642.75;25643;25641;25643;47
20251203 101000;25642.25;25645.75;25642;25644;45
20251203 101100;25643.75;25645.75;25640.5;25643;142
20251203 101200;25643;25648.25;25642;25646.5;75
20251203 101300;25647.25;25650.75;25644.25;25644.5;101
20251203 101400;25645.25;25645.25;25641.5;25641.75;56
20251203 101500;25641;25641.5;25637;25640.75;71
20251203 101600;25639.5;25641.25;25636.75;25640;60
20251203 101700;25639.25;25642.5;25638.75;25642;28
20251203 101800;25641;25642;25639;25640.5;43
20251203 101900;25639.75;25644.5;25639.75;25643.75;43
20251203 102000;25643;25645.25;25642.25;25642.25;36
20251203 102100;25642.5;25645.5;25641.5;25643.5;60
20251203 102200;25643.5;25645.25;25643.25;25644.5;39
20251203 102300;25645;25646.5;25645;25646.25;26
20251203 102400;25645;25645;25641.5;25644;37
20251203 102500;25643.75;25644.75;25638.75;25642.75;67
20251203 102600;25641.5;25645;25641.5;25644.25;35
20251203 102700;25643.75;25646;25642.75;25644.75;51
20251203 102800;25645;25645.5;25643.5;25644.25;17
20251203 102900;25644.75;25646.25;25643.25;25645.25;25
20251203 103000;25645.25;25646.5;25643.5;25645;25
20251203 103100;25645;25645.25;25643;25643.5;51
20251203 103200;25643.75;25643.75;25632;25633.25;117
20251203 103300;25632.75;25635;25628.75;25634;140
20251203 103400;25633.75;25635.75;25631.25;25635.5;73
20251203 103500;25634.25;25637.25;25633.5;25634.25;54
20251203 103600;25635;25635;25630.5;25631;40
20251203 103700;25632.25;25633.5;25631.25;25631.5;26
20251203 103800;25631;25631;25626.5;25627.5;77
20251203 103900;25626;25627.25;25621;25627.25;131
20251203 104000;25627.5;25630;25626.5;25627.25;48
20251203 104100;25627.5;25629.25;25624.25;25624.5;51
20251203 104200;25625.5;25626.75;25623.25;25625.75;60
20251203 104300;25626;25630.25;25625.25;25630;60
20251203 104400;25631;25632.5;25627.25;25632;44
20251203 104500;25632;25632;25629.25;25630;54
20251203 104600;25630.5;25630.75;25626;25628.25;64
20251203 104700;25628.25;25628.25;25624.75;25625;35
20251203 104800;25624.75;25626;25622.75;25622.75;37
20251203 104900;25623.25;25623.25;25619.25;25621.5;54
20251203 105000;25621.5;25622;25613.75;25613.75;146
20251203 105100;25613.75;25613.75;25605.25;25610;216
20251203 105200;25609.75;25614.5;25608.75;25614;80
20251203 105300;25614.5;25619.25;25613.5;25615.25;109
20251203 105400;25615.75;25616.25;25610;25611.5;76
20251203 105500;25612.75;25618.5;25611.5;25617.25;69
20251203 105600;25617.75;25622;25617.25;25622;59
20251203 105700;25621.75;25623;25619.75;25621.25;67
20251203 105800;25622;25622.75;25618.5;25622.25;35
20251203 105900;25621;25621.5;25619.75;25620.5;21
20251203 110000;25622;25626;25622;25624.25;104
20251203 110100;25624.75;25625.5;25615;25618.5;119
20251203 110200;25617.75;25622.5;25614.5;25622.25;72
20251203 110300;25622.5;25623;25620.25;25620.75;43
20251203 110400;25620;25620.25;25617;25618.75;34
20251203 110500;25618;25619.75;25617.75;25619.5;18
20251203 110600;25619;25624;25619;25622.5;28
20251203 110700;25623;25628.5;25622.25;25622.5;125
20251203 110800;25622;25622;25612.5;25614.5;109
20251203 110900;25614;25615.75;25610.25;25615.75;93
20251203 111000;25614.75;25615;25613;25613.5;18
20251203 111100;25613.75;25617.75;25611.5;25616.25;47
20251203 111200;25616.5;25618.25;25615.25;25618;43
20251203 111300;25617.75;25620.75;25615.75;25619.75;39
20251203 111400;25618.25;25624.25;25618;25624.25;31
20251203 111500;25623;25624;25621.25;25622.5;19
20251203 111600;25623;25624;25621.25;25621.5;26
20251203 111700;25622.25;25627.5;25622.25;25625.5;31
20251203 111800;25626;25626.75;25624.5;25626.75;20
20251203 111900;25626;25627.75;25625.75;25626.5;24
20251203 112000;25625.75;25626.25;25623;25624.25;29
20251203 112100;25623.5;25625.75;25620.75;25621.75;42
20251203 112200;25622.75;25628.25;25622.75;25628.25;40
20251203 112300;25628.75;25629.75;25626.25;25627.5;63
20251203 112400;25628.5;25628.5;25625.5;25627.75;29
20251203 112500;25627.25;25630.75;25627.25;25628.75;40
20251203 112600;25628.75;25636;25628.75;25635;72
20251203 112700;25635;25637.25;25633;25633;84
20251203 112800;25634;25635;25632;25634.75;39
20251203 112900;25634.25;25637.75;25634.25;25637.75;38
20251203 113000;25637.75;25641.75;25637.75;25639.25;120
20251203 113100;25638.25;25639.5;25635.5;25639;141
20251203 113200;25640.5;25641;25636.75;25638;47
20251203 113300;25638.25;25640.75;25637;25640.25;41
20251203 113400;25639.75;25639.75;25636.75;25636.75;32
20251203 113500;25637.5;25638.25;25635.5;25637.75;41
20251203 113600;25637;25637;25632;25636.5;37
20251203 113700;25636;25639.25;25635.75;25636.5;31
20251203 113800;25635.75;25637.25;25633.75;25636;33
20251203 113900;25635.5;25638.75;25634.5;25636.75;55
20251203 114000;25636.5;25637;25634.25;25634.25;28
20251203 114100;25634.75;25637.25;25633.5;25637.25;62
20251203 114200;25638;25640.75;25638;25640.5;55
20251203 114300;25639.75;25639.75;25635.75;25638;32
20251203 114400;25638.75;25638.75;25634.5;25635;60
20251203 114500;25635.25;25638.5;25634;25636.75;59
20251203 114600;25637;25639;25636.5;25639;24
20251203 114700;25638.5;25638.75;25636.75;25637.5;13
20251203 114800;25636.5;25636.75;25634.5;25635.75;39
20251203 114900;25636;25636.5;25634;25634.75;39
20251203 115000;25635.5;25637.25;25634.5;25636.5;18
20251203 115100;25637.5;25640;25637.25;25640;26
20251203 115200;25639;25641;25638.5;25639.25;75
20251203 115300;25639.5;25644.25;25636.75;25643;154
20251203 115400;25643;25644.75;25638.5;25640.25;71
20251203 115500;25639.75;25641.5;25638.5;25641.5;35
20251203 115600;25642;25643.75;25640.75;25640.75;39
20251203 115700;25641;25641.75;25638;25640.5;130
20251203 115800;25642;25644.25;25639.75;25641.5;70
20251203 115900;25641;25641;25635.75;25636.25;168
20251203 120000;25636.5;25636.75;25632.5;25634.5;97
20251203 120100;25633.75;25638.75;25626;25627;220
20251203 120200;25625.75;25626;25617;25617;286
20251203 120300;25616.75;25628.5;25614.75;25628.5;180
20251203 120400;25628.5;25632.5;25626.5;25630.25;144
20251203 120500;25631.25;25632;25627.75;25629.75;51
20251203 120600;25628.5;25632.25;25628;25629.25;44
20251203 120700;25630.5;25632;25628.75;25630.5;73
20251203 120800;25632.5;25634.75;25630.5;25634;52
20251203 120900;25634.75;25641.5;25633.75;25639.75;105
20251203 121000;25640.25;25645;25640.25;25643;106
20251203 121100;25643.25;25644.75;25640.75;25642.75;88
20251203 121200;25642;25648;25641.5;25646.25;114
20251203 121300;25646.75;25648.25;25643.75;25646.5;121
20251203 121400;25646;25647.25;25645;25647.25;35
20251203 121500;25647.25;25648.25;25645.25;25646.25;47
20251203 121600;25645.75;25647;25644.5;25646.25;41
20251203 121700;25646.25;25648;25645.5;25645.5;46
20251203 121800;25647.25;25647.75;25643.25;25643.5;48
20251203 121900;25643.75;25646.5;25638.25;25646.5;278
20251203 122000;25646.5;25647.75;25643.25;25645.25;62
20251203 122100;25645.25;25647;25641;25641.5;86
20251203 122200;25641;25642.5;25638.75;25639.25;50
20251203 122300;25640.5;25641.5;25638.5;25639;178
20251203 122400;25638.5;25650.5;25637.25;25648.5;176
20251203 122500;25648;25654.25;25648;25651.75;207
20251203 122600;25652.25;25653;25646.25;25648.25;163
20251203 122700;25647.5;25648.75;25643;25646;82
20251203 122800;25646.75;25647.75;25642.75;25644.75;68
20251203 122900;25645.5;25647.5;25644.5;25645.25;68
20251203 123000;25646;25647.5;25645;25646.5;67
20251203 123100;25647.5;25651;25647;25650.5;145
20251203 123200;25651;25651.5;25646;25647.25;84
20251203 123300;25646.75;25648.75;25645.25;25646.5;98
20251203 123400;25648;25649.75;25647.25;25648.75;29
20251203 123500;25648.75;25653.25;25646.25;25652.75;88
20251203 123600;25653.5;25660;25652;25656.25;233
20251203 123700;25656.5;25659.75;25655.5;25658;95
20251203 123800;25658.5;25659.5;25656.75;25659.25;50
20251203 123900;25658.5;25663.5;25658;25661;130
20251203 124000;25660.75;25661;25657.75;25658.75;61
20251203 124100;25659.75;25660.75;25657.5;25658;41
20251203 124200;25658.75;25661.5;25658.75;25660.75;45
20251203 124300;25659.75;25661.75;25658.5;25659.75;55
20251203 124400;25659.5;25659.75;25656.75;25658;67
20251203 124500;25657.25;25658.75;25656.5;25658.75;42
20251203 124600;25659.25;25661.25;25657.25;25657.25;83
20251203 124700;25657.5;25660.75;25657.5;25660.75;42
20251203 124800;25660;25662.75;25659.5;25661.75;64
20251203 124900;25660.75;25661.75;25659;25659.75;42
20251203 125000;25660.25;25662.5;25660.25;25661.75;37
20251203 125100;25661.25;25663.25;25661;25661.75;60
20251203 125200;25662.25;25663.75;25660.5;25661.25;52
20251203 125300;25661.75;25661.75;25657.5;25658;62
20251203 125400;25658.5;25661.75;25657.5;25661;62
20251203 125500;25661.75;25663.5;25658.25;25658.75;103
20251203 125600;25658;25660.25;25656.5;25657;91
20251203 125700;25656.75;25660.75;25654.75;25660.75;62
20251203 125800;25660.75;25660.75;25657.5;25657.75;86
20251203 125900;25657.25;25657.25;25654.25;25656;85
20251203 130000;25656;25658.75;25654.25;25654.75;88
20251203 130100;25654.5;25663;25653.5;25659.5;236
20251203 130200;25660;25663;25659.25;25659.75;113
20251203 130300;25659;25664.5;25659;25664;101
20251203 130400;25663.25;25665;25660.75;25664.25;98
20251203 130500;25664.5;25664.5;25660.5;25660.75;106
20251203 130600;25660.75;25662.25;25659.25;25661.25;55
20251203 130700;25660.25;25661;25657.5;25659.25;67
20251203 130800;25660;25661.25;25658.25;25660.5;86
20251203 130900;25661;25663.25;25661;25662.75;59
20251203 131000;25662.75;25663;25660;25662.5;42
20251203 131100;25662.25;25665;25661.25;25664.75;82
20251203 131200;25664.75;25665;25661.5;25664.25;88
20251203 131300;25664.75;25667;25664.5;25665.5;124
20251203 131400;25666;25667;25662.75;25666.75;98
20251203 131500;25667.25;25676.5;25667;25676.25;361
20251203 131600;25676.25;25677.75;25665.25;25672;606
20251203 131700;25673;25675;25666;25666;241
20251203 131800;25666;25666.75;25656.25;25657.25;264
20251203 131900;25657;25659.5;25646.75;25647.5;316
20251203 132000;25647.25;25657.75;25647.25;25652.75;180
20251203 132100;25652.5;25653;25639.5;25640.75;351
20251203 132200;25641.5;25649.75;25640;25649.25;278
20251203 132300;25649;25653.25;25646;25647.75;146
20251203 132400;25647;25651;25643.25;25651;182
20251203 132500;25651.25;25661;25647;25656.25;211
20251203 132600;25656.5;25660.25;25655.5;25657;128
20251203 132700;25657.75;25662.75;25656;25662.5;141
20251203 132800;25662.5;25665;25658.75;25662.5;174
20251203 132900;25662.5;25665;25660;25662.75;104
20251203 133000;25661.5;25665.25;25660;25662;123
20251203 133100;25661.25;25662.75;25652.5;25655.75;262
20251203 133200;25655.5;25659.25;25651;25655;180
20251203 133300;25655.25;25658.5;25654.25;25655.25;112
20251203 133400;25654.5;25657;25651.5;25655.75;67
20251203 133500;25656.75;25657.75;25654.25;25656;67
20251203 133600;25655.25;25660;25654;25659;90
20251203 133700;25659.5;25666;25658.75;25665.25;150
20251203 133800;25665;25667.75;25663.25;25664.25;125
20251203 133900;25664;25664.5;25660.25;25663.5;99
20251203 134000;25663.5;25668.75;25663;25665;247
20251203 134100;25665.25;25666;25661.25;25663;92
20251203 134200;25663.5;25664.5;25662.5;25664;41
20251203 134300;25663.75;25664.5;25659.5;25661.25;95
20251203 134400;25661.5;25664;25660.5;25662.25;58
20251203 134500;25662.5;25662.5;25654.75;25656.5;106
20251203 134600;25656.5;25656.5;25650.75;25653;230
20251203 134700;25652.75;25657.5;25651.75;25653;100
20251203 134800;25654.25;25657.25;25653.5;25654.25;97
20251203 134900;25654.75;25657;25650.5;25657;179
20251203 135000;25656;25657.75;25654.75;25657;55
20251203 135100;25656;25657.5;25653.25;25656;174
20251203 135200;25655.25;25660;25655.25;25657.5;111
20251203 135300;25657.75;25659;25656.25;25658.75;46
20251203 135400;25658.25;25671.75;25658.25;25665;365
20251203 135500;25664;25664;25658.5;25658.75;127
20251203 135600;25659.25;25660.5;25650.25;25652;209
20251203 135700;25652.5;25652.75;25646.75;25647.75;225
20251203 135800;25647.75;25652.5;25646.5;25651.5;172
20251203 135900;25651.5;25652.25;25648.25;25649.75;161
20251203 140000;25649.25;25651.5;25648.25;25648.5;103
20251203 140100;25648;25653;25635;25636.25;589
20251203 140200;25636.75;25636.75;25592.25;25596.75;2761
20251203 140300;25596;25599.25;25564;25566.25;2350
20251203 140400;25566.75;25579;25545.5;25558.75;2844
20251203 140500;25557.5;25558;25512.75;25523.5;3390
20251203 140600;25520.75;25524.75;25491.75;25520.25;2652
20251203 140700;25519.5;25536.25;25506;25514;2176
20251203 140800;25513.25;25513.25;25471;25472.75;2581
20251203 140900;25471.75;25480.5;25443.25;25459.75;2427
20251203 141000;25458.75;25458.75;25424.25;25440.5;2338
20251203 141100;25440.5;25472.5;25424.25;25462;1717
20251203 141200;25460.75;25474;25438.5;25463;1496
20251203 141300;25462;25472.75;25445.25;25455.75;1436
20251203 141400;25455.75;25462.25;25441;25443;1270
20251203 141500;25443.25;25448.5;25421.5;25433.75;1487
20251203 141600;25432.5;25450;25423.25;25446.5;1365
20251203 141700;25447;25458.5;25430.25;25456;1257
20251203 141800;25456.75;25471.75;25455.25;25470.25;1077
20251203 141900;25471.25;25483;25463.5;25466.25;1157
20251203 142000;25466.75;25468.25;25448;25451;913
20251203 142100;25451;25466.75;25445.5;25463;909
20251203 142200;25463.25;25481;25459.75;25480.25;992
20251203 142300;25480.25;25481;25460;25468.25;692
20251203 142400;25468;25469;25452.75;25463.25;640
20251203 142500;25465.25;25475.75;25461.25;25468.25;603
20251203 142600;25468;25479.5;25464;25477;660
20251203 142700;25476.75;25494;25473.75;25491.5;920
20251203 142800;25491.5;25500;25483.75;25484;1161
20251203 142900;25484.75;25495.5;25484.75;25489.5;643
20251203 143000;25490.25;25497.75;25487.5;25494.25;755
20251203 143100;25495;25507.5;25457.75;25479.5;5052
20251203 143200;25480;25527.5;25459;25494.75;3843
20251203 143300;25494;25527.5;25474.75;25524.5;2822
20251203 143400;25525.25;25538;25509.75;25515.75;3083
20251203 143500;25517.75;25526.5;25473.25;25473.25;2875
20251203 143600;25473.75;25505.75;25466;25490.5;3027
20251203 143700;25491.25;25515.75;25475;25512.75;2125
20251203 143800;25513.5;25520;25490.25;25494.75;1797
20251203 143900;25494.5;25507.25;25482.75;25484.25;1462
20251203 144000;25483.25;25496.25;25453;25462.75;2893
20251203 144100;25463;25486.75;25458.5;25482.25;1795
20251203 144200;25484.25;25517;25484.25;25499.25;2346
20251203 144300;25499.25;25508;25473.25;25481.75;1449
20251203 144400;25480.25;25496.5;25471.25;25491.25;1446
20251203 144500;25491.75;25492;25465;25475.5;1254
20251203 144600;25474.25;25493.5;25465.5;25484.25;1571
20251203 144700;25483.25;25504.5;25476.5;25499;1496
20251203 144800;25499;25502.25;25480.75;25485;1081
20251203 144900;25485.25;25501.25;25474.5;25476;1343
20251203 145000;25476.25;25482;25461.25;25466.25;1618
20251203 145100;25466.5;25486.25;25460;25484.25;1770
20251203 145200;25484.75;25489.75;25458;25479.5;1560
20251203 145300;25478.75;25485.25;25460.25;25461.75;1442
20251203 145400;25461;25471.75;25430;25447;2816
20251203 145500;25447;25494;25447;25489.75;2382
20251203 145600;25488.5;25502.25;25475.25;25489.25;1819
20251203 145700;25488.5;25497.25;25477;25493.5;944
20251203 145800;25492.75;25498.5;25478.75;25486.25;790
20251203 145900;25487;25497.75;25478;25486.25;910
20251203 150000;25486.25;25508;25481;25494.5;1047
20251203 150100;25497.5;25530;25482.25;25517.25;3024
20251203 150200;25517.75;25525;25507.75;25518.75;1635
20251203 150300;25519.5;25555.5;25518;25551.75;3674
20251203 150400;25552.25;25573.75;25551.5;25566.25;2967
20251203 150500;25566.5;25573.75;25555;25570;1592
20251203 150600;25571.75;25574.5;25552;25554.75;1849
20251203 150700;25555;25555.5;25528.25;25531.25;2400
20251203 150800;25531;25543;25522;25530.5;1904
20251203 150900;25530.75;25539;25524.25;25532;868
20251203 151000;25532.5;25544;25513.5;25513.75;1583
20251203 151100;25514;25531.5;25503.5;25527;2262
20251203 151200;25527;25540.75;25514.75;25520.5;1869
20251203 151300;25520.25;25524.75;25498.25;25507.5;2728
20251203 151400;25506.75;25517.75;25499.75;25503.25;1513
20251203 151500;25503;25523;25499;25515.25;1378
20251203 151600;25515.75;25525;25511;25518.5;1254
20251203 151700;25518.5;25532.25;25512.25;25531.25;1283
20251203 151800;25531.5;25553;25531.25;25543;2103
20251203 151900;25542.75;25563.5;25542.75;25562;1514
20251203 152000;25562.25;25562.25;25526.5;25535.25;1987
20251203 152100;25534.5;25541.75;25526;25531;1428
20251203 152200;25531;25541;25521.5;25521.75;1385
20251203 152300;25521.25;25528.5;25500;25525.5;2295
20251203 152400;25525.25;25545.75;25521.5;25544.5;1408
20251203 152500;25545.25;25552.5;25534.25;25547.25;1029
20251203 152600;25549.5;25553.5;25530.5;25544.25;1349
20251203 152700;25543;25555;25536.75;25544.5;1097
20251203 152800;25544.5;25552.5;25534;25546.5;1025
20251203 152900;25546;25555.25;25533;25538.25;846
20251203 153000;25538;25542.75;25523.25;25528.5;1103
20251203 153100;25527.25;25532.75;25512.75;25518.75;1510
20251203 153200;25518;25526;25510.25;25514.75;1179
20251203 153300;25515.5;25524.25;25500.5;25519.75;1609
20251203 153400;25520.25;25582.75;25518.5;25562.5;7438
20251203 153500;25563.25;25579.75;25557.25;25577.75;2574
20251203 153600;25578.75;25597;25572.75;25589.75;3025
20251203 153700;25589;25598.5;25570.75;25596.25;2068
20251203 153800;25596.5;25600.75;25584;25592;1664
20251203 153900;25591.5;25602.25;25559.5;25561.5;2268
20251203 154000;25561.75;25580;25555;25570;1457
20251203 154100;25570.75;25589.25;25570.75;25585.5;1579
20251203 154200;25585.5;25587;25570;25575;1127
20251203 154300;25575.25;25584;25565.75;25583.75;1114
20251203 154400;25583.5;25596.75;25581.25;25591.5;1361
20251203 154500;25590.5;25600.25;25588.25;25595.25;1070
20251203 154600;25596;25599.5;25585.75;25597;1106
20251203 154700;25597.25;25605.5;25593;25599.5;1484
20251203 154800;25599;25600.75;25582;25589.75;1255
20251203 154900;25589.5;25597;25586.5;25593.75;612
20251203 155000;25592.75;25600.5;25587.75;25588;658
20251203 155100;25588.25;25597;25582.25;25584.5;1124
20251203 155200;25584.25;25595.5;25578.5;25591.5;1043
20251203 155300;25591.25;25592.25;25574.25;25582.25;736
20251203 155400;25582.75;25587.5;25567;25570.25;889
20251203 155500;25571.25;25575.25;25559.75;25560;937
20251203 155600;25560;25575;25555.75;25575;1068
20251203 155700;25575.5;25577;25550.75;25555.75;1155
20251203 155800;25556;25570;25554;25569.5;846
20251203 155900;25570;25571.25;25559;25563.75;531
20251203 160000;25563.75;25568.5;25559.5;25563;950
20251203 160100;25563.25;25578;25561.25;25571;1327
20251203 160200;25570.25;25586.75;25567;25586;1209
20251203 160300;25585;25592.25;25579;25591.75;983
20251203 160400;25592;25594.75;25585;25585;524
20251203 160500;25585;25599.25;25582.25;25596.75;925
20251203 160600;25597;25597;25580;25589.75;997
20251203 160700;25590;25591;25574.25;25574.5;690
20251203 160800;25573.75;25580.75;25567;25575;662
20251203 160900;25574.75;25578;25564.75;25571.75;659
20251203 161000;25571.25;25571.5;25552.25;25553.25;891
20251203 161100;25553;25557.5;25527.5;25537.25;2046
20251203 161200;25536.75;25539;25528.5;25536.25;1157
20251203 161300;25536.25;25543.25;25521.75;25531.75;1137
20251203 161400;25531;25552.75;25528.25;25545.25;1092
20251203 161500;25545.5;25550.5;25537.5;25540.25;802
20251203 161600;25539.75;25546.75;25534;25539.5;668
20251203 161700;25541.25;25551;25536.25;25549;640
20251203 161800;25549.75;25567.5;25544;25555.75;1684
20251203 161900;25555.25;25568.25;25553.5;25563.25;765
20251203 162000;25564;25581;25563.25;25581;1004
20251203 162100;25581.25;25582.5;25570.75;25578.25;1071
20251203 162200;25577.75;25586.5;25562.25;25566.25;984
20251203 162300;25567.5;25573.5;25548.25;25556;916
20251203 162400;25556.25;25557.25;25544.75;25545;690
20251203 162500;25544.75;25555;25537.25;25552;1150
20251203 162600;25550.75;25559.75;25545.25;25557.5;859
20251203 162700;25557.75;25562.25;25545.75;25555;728
20251203 162800;25554.25;25566.75;25549;25551.25;773
20251203 162900;25550.25;25562.5;25544.75;25560.75;987
20251203 163000;25561;25568;25558.5;25566.75;856
20251203 163100;25566.75;25573.5;25560.75;25572;1199
20251203 163200;25572;25593.25;25567;25592.75;1596
20251203 163300;25592;25594.25;25587;25591.75;940
20251203 163400;25592.75;25610.5;25589.25;25608.25;1383
20251203 163500;25608.5;25614.25;25604;25612;2001
20251203 163600;25612.25;25614.75;25602.25;25608;1366
20251203 163700;25607.75;25611.5;25596.5;25608.25;1008
20251203 163800;25608;25611.5;25605.75;25609;510
20251203 163900;25608.75;25621.5;25608.25;25619.75;1545
20251203 164000;25619.75;25621.5;25610.75;25611.25;904
20251203 164100;25611;25614;25602;25612;935
20251203 164200;25612.5;25615.5;25606.5;25613.25;579
20251203 164300;25612.25;25615.75;25606.25;25613.25;466
20251203 164400;25614;25614.75;25606;25614;460
20251203 164500;25614.25;25615.75;25610.5;25612.75;405
20251203 164600;25613;25616.5;25599.25;25600.25;901
20251203 164700;25600.25;25609.25;25593.75;25607;766
20251203 164800;25606.25;25614.75;25603.75;25605.75;827
20251203 164900;25605.75;25609.25;25599.75;25602.75;555
20251203 165000;25602.25;25603;25595.25;25598;613
20251203 165100;25597.5;25597.5;25573;25578.25;1810
20251203 165200;25578;25586;25575;25583.75;719
20251203 165300;25583.5;25590.75;25581;25586;884
20251203 165400;25586.5;25587.5;25575.25;25586.25;694
20251203 165500;25586.25;25586.25;25567.5;25568.5;784
20251203 165600;25567.75;25569.75;25548.25;25551.75;1625
20251203 165700;25551.5;25557;25544;25548.5;1257
20251203 165800;25547.75;25548.5;25530;25535.75;1687
20251203 165900;25536.5;25552;25536.5;25551.75;1020
20251203 170000;25551;25563.25;25549.25;25560.25;1325
20251203 170100;25560.75;25573.25;25558;25568.5;1279
20251203 170200;25567.5;25577.75;25565.5;25573.5;891
20251203 170300;25573;25586.5;25572.5;25578.5;998
20251203 170400;25578.5;25583;25570.25;25581.25;967
20251203 170500;25581.75;25594;25581.75;25591.5;779
20251203 170600;25592.25;25597.75;25579;25580.5;1016
20251203 170700;25581.25;25581.25;25560;25560;994
20251203 170800;25560.75;25564.75;25555;25564.5;1131
20251203 170900;25564.75;25569.75;25555.25;25566;797
20251203 171000;25565.75;25567;25559.25;25565.75;380
20251203 171100;25565.25;25571.75;25559;25568.5;1057
20251203 171200;25568.25;25575.5;25561.25;25571;704
20251203 171300;25570.75;25586;25570.5;25582;732
20251203 171400;25582.25;25598.25;25581.5;25597;800
20251203 171500;25595.75;25600.75;25589.5;25597.75;814
20251203 171600;25598.25;25605;25592.25;25596.75;879
20251203 171700;25596.75;25605.25;25594.25;25599.5;796
20251203 171800;25599.5;25599.5;25591;25594;700
20251203 171900;25593.75;25594.5;25585.5;25589.25;579
20251203 172000;25590;25606.75;25588.75;25603.75;832
20251203 172100;25603.25;25612.5;25602.5;25607.5;825
20251203 172200;25607.75;25625.5;25606.25;25622.75;1792
20251203 172300;25623.25;25627.25;25618.5;25622.25;720
20251203 172400;25623;25633.5;25619.5;25619.75;1255
20251203 172500;25619.75;25626.25;25615.75;25623.75;967
20251203 172600;25624.25;25626.75;25619.25;25623.75;523
20251203 172700;25624.25;25625.75;25614.5;25616.75;579
20251203 172800;25617;25619;25612.5;25617.5;437
20251203 172900;25618;25624.5;25617.75;25622.75;480
20251203 173000;25622.5;25623.25;25617.5;25619.75;460
20251203 173100;25619.75;25627;25610.75;25611.5;861
20251203 173200;25611.25;25615.25;25607.25;25609.5;662
20251203 173300;25610;25615.5;25606.25;25614.75;453
20251203 173400;25615.75;25617.75;25612.5;25613.75;342
20251203 173500;25614.25;25617.5;25606;25606.5;518
20251203 173600;25607;25608.25;25598.25;25608;887
20251203 173700;25608.5;25613.5;25605;25609.75;549
20251203 173800;25609.5;25615.25;25607.75;25613.25;319
20251203 173900;25613.5;25617;25609.75;25614;346
20251203 174000;25613.75;25619;25611.5;25617.25;304
20251203 174100;25617.75;25621;25615.25;25616.75;426
20251203 174200;25617;25621;25613.75;25618.5;426
20251203 174300;25618.5;25619;25609.5;25609.5;518
20251203 174400;25609.25;25617.25;25608.5;25616;510
20251203 174500;25616.25;25621.25;25615;25619.75;526
20251203 174600;25620.25;25621.5;25611.25;25614;604
20251203 174700;25614.25;25620;25613;25614.5;311
20251203 174800;25613.75;25623.5;25613.25;25622;428
20251203 174900;25621.5;25629;25620.25;25624.5;947
20251203 175000;25624.25;25627.5;25621.75;25625.25;394
20251203 175100;25625.25;25626.25;25610.75;25611.25;868
20251203 175200;25610.75;25616;25606.25;25610.5;758
20251203 175300;25610.75;25624.25;25609.75;25622.5;590
20251203 175400;25623;25624.75;25614.75;25616.75;592
20251203 175500;25616.5;25621.75;25615.75;25620.75;229
20251203 175600;25620.5;25624.75;25616.5;25623.75;416
20251203 175700;25623.25;25637.25;25623.25;25631.25;1396
20251203 175800;25630.75;25632.75;25625.75;25625.75;557
20251203 175900;25625.5;25627;25621;25621.5;369
20251203 180000;25621;25625.75;25618.5;25625.5;508
20251203 180100;25625.25;25632;25624;25628.25;558
20251203 180200;25628.75;25636;25627.5;25631.25;613
20251203 180300;25630.5;25635.75;25628.75;25631.75;655
20251203 180400;25631.5;25638.25;25631.5;25634.25;591
20251203 180500;25634.25;25635.25;25626.5;25629;461
20251203 180600;25629;25633.5;25628;25628.25;265
20251203 180700;25629.5;25632;25623.25;25629.25;446
20251203 180800;25629.5;25631.5;25626.25;25626.5;262
20251203 180900;25626;25627.25;25621.5;25622;392
20251203 181000;25621.75;25626.25;25618.25;25621.25;691
20251203 181100;25621.25;25624;25618;25622.75;285
20251203 181200;25623;25629.25;25618.75;25628.75;561
20251203 181300;25628.25;25633.5;25626;25626.75;574
20251203 181400;25627.25;25628;25622.25;25628;297
20251203 181500;25628.25;25634;25627.5;25633.5;445
20251203 181600;25633;25634;25628.5;25632.75;413
20251203 181700;25633;25635.25;25628.75;25629.75;450
20251203 181800;25629.5;25632.25;25626.75;25626.75;340
20251203 181900;25626.5;25629.5;25622.75;25623.75;432
20251203 182000;25624.25;25624.25;25620.25;25621;528
20251203 182100;25621.25;25621.25;25608.25;25617.5;1441
20251203 182200;25618;25623;25616.75;25619.25;739
20251203 182300;25619.25;25626.75;25618.25;25624;359
20251203 182400;25624.25;25625.75;25613.75;25613.75;481
20251203 182500;25613.75;25618.5;25612.5;25617.5;687
20251203 182600;25618.25;25625.75;25618;25623.75;566
20251203 182700;25623.25;25624;25618.5;25622.25;430
20251203 182800;25622.25;25626.75;25621.25;25621.25;511
20251203 182900;25621.5;25627;25619;25624.5;354
20251203 183000;25624.25;25628.5;25621;25626.75;462
20251203 183100;25627.25;25638.75;25627.25;25634.5;1051
20251203 183200;25634;25635.25;25627;25633.75;734
20251203 183300;25633.75;25634.5;25627.5;25632;424
20251203 183400;25632.25;25636.25;25631.5;25631.5;422
20251203 183500;25631.25;25637.75;25629.75;25633.5;489
20251203 183600;25633.25;25639.25;25632.5;25636.75;527
20251203 183700;25637.5;25638.25;25634;25634.75;246
20251203 183800;25635.25;25637;25632.25;25632.75;336
20251203 183900;25632.75;25638.75;25632.25;25638;377
20251203 184000;25638.25;25642.25;25635;25638.75;526
20251203 184100;25638.5;25645.25;25637.75;25638.25;569
20251203 184200;25638.75;25648.5;25638.25;25646.25;777
20251203 184300;25646.75;25647;25642.5;25646;698
20251203 184400;25646.25;25653.5;25646;25653.25;999
20251203 184500;25652.75;25653.5;25649.75;25651.5;702
20251203 184600;25652.25;25654.75;25643;25643.5;776
20251203 184700;25643;25646.25;25642.25;25644.25;491
20251203 184800;25645.5;25647.5;25644;25646.25;417
20251203 184900;25646.25;25653.5;25645.75;25650.75;553
20251203 185000;25651.25;25652.25;25647.75;25648.5;511
20251203 185100;25648;25653;25647.5;25650.25;407
20251203 185200;25649.75;25650.75;25639.75;25640.75;556
20251203 185300;25641.25;25646.5;25637.75;25645.5;473
20251203 185400;25645.25;25651.75;25644;25650;344
20251203 185500;25649.75;25649.75;25645.25;25646.75;275
20251203 185600;25646.5;25648.25;25643.5;25646.5;304
20251203 185700;25646.25;25646.5;25632.25;25633.75;1037
20251203 185800;25633.75;25636.75;25626;25628.5;1025
20251203 185900;25628.5;25631.25;25622.25;25622.75;818
20251203 190000;25623.25;25631.5;25623;25629;428
20251203 190100;25628.5;25637;25625.75;25636.25;1154
20251203 190200;25636.5;25645.5;25636.25;25644.25;742
20251203 190300;25645;25648.5;25643.75;25646.5;545
20251203 190400;25647;25649;25640.5;25643.5;819
20251203 190500;25644;25647;25641.75;25642.75;361
20251203 190600;25642.75;25644.75;25637.25;25639.25;483
20251203 190700;25639.5;25646.5;25639.5;25645.25;390
20251203 190800;25645.5;25650.25;25644;25646.5;667
20251203 190900;25647.5;25648;25643.25;25643.75;213
20251203 191000;25643.5;25646.75;25640.5;25644.75;253
20251203 191100;25645;25648.75;25643.25;25647.25;269
20251203 191200;25646.75;25646.75;25641;25642.25;240
20251203 191300;25642.5;25647.25;25636.75;25645;751
20251203 191400;25645;25649.75;25642.25;25647.5;375
20251203 191500;25647;25651.5;25645.25;25649;454
20251203 191600;25649.5;25650.75;25645.5;25647;309
20251203 191700;25647.25;25651.75;25643;25644.75;573
20251203 191800;25645.25;25646.5;25639;25645.5;467
20251203 191900;25645.25;25645.25;25639.25;25644;222
20251203 192000;25644;25647.75;25643;25644;257
20251203 192100;25643.75;25646.25;25642.25;25644.75;229
20251203 192200;25643.75;25645;25641.75;25644.25;185
20251203 192300;25644.25;25647.25;25642.25;25644.5;289
20251203 192400;25644.75;25646.75;25639.75;25646;328
20251203 192500;25646.75;25651.5;25645.5;25650.25;480
20251203 192600;25650.5;25651;25646.5;25646.5;285
20251203 192700;25646.5;25652.5;25646.5;25651;336
20251203 192800;25651.75;25658;25649.75;25651;858
20251203 192900;25650.75;25652.5;25649;25650;362
20251203 193000;25649.75;25650.5;25646.75;25649;344
20251203 193100;25649.25;25650.5;25645;25648.75;489
20251203 193200;25648.75;25648.75;25641.25;25644;589
20251203 193300;25644;25650.5;25643.75;25648.5;359
20251203 193400;25649.25;25651.75;25644.25;25648;420
20251203 193500;25648.25;25648.25;25641.25;25646.25;352
20251203 193600;25646.75;25652.25;25642.5;25651.75;455
20251203 193700;25652;25653.25;25648.25;25648.5;289
20251203 193800;25648;25649.25;25644;25647.75;288
20251203 193900;25647.75;25650.75;25643;25650;266
20251203 194000;25650.25;25652.5;25649;25650.75;206
20251203 194100;25650.25;25652.25;25647.75;25651;300
20251203 194200;25650.75;25652.5;25649;25650.25;357
20251203 194300;25650;25656;25650;25653.75;495
20251203 194400;25653.5;25658.5;25652.75;25656.75;374
20251203 194500;25656.75;25659;25654.5;25658;669
20251203 194600;25657.5;25657.5;25650.75;25651.75;438
20251203 194700;25652;25655.5;25650;25651.5;306
20251203 194800;25651.5;25654.5;25649.5;25652.75;410
20251203 194900;25653;25653.75;25650.75;25653.5;196
20251203 195000;25654;25656.75;25653.75;25656.25;300
20251203 195100;25656;25664.25;25655.75;25661.75;1013
20251203 195200;25662;25666;25655.75;25664.75;895
20251203 195300;25664.5;25667.75;25663;25665.75;659
20251203 195400;25666.25;25666.25;25663;25664.75;584
20251203 195500;25664.75;25669.75;25663.25;25666.25;648
20251203 195600;25665.75;25671.25;25665.25;25668.75;590
20251203 195700;25668.75;25672;25667;25671;760
20251203 195800;25670.75;25672.25;25668.75;25669.75;497
20251203 195900;25669.5;25671;25667;25668.5;480
20251203 200000;25668;25671.25;25666.25;25669.75;530
20251203 200100;25670;25675.25;25669;25674.5;838
20251203 200200;25674.75;25676;25671;25671.75;489
20251203 200300;25671.25;25673.25;25669.25;25672;419
20251203 200400;25672.5;25673;25668;25670;512
20251203 200500;25670;25670;25664.5;25665.25;552
20251203 200600;25665.25;25666;25659;25660.25;679
20251203 200700;25661;25668.25;25660.75;25666.75;623
20251203 200800;25666.75;25671;25665.75;25669.25;402
20251203 200900;25669;25670.25;25666.75;25668;212
20251203 201000;25668.5;25669.5;25666.25;25667.75;234
20251203 201100;25668;25681.75;25667.25;25679.75;1789
20251203 201200;25679.5;25680.25;25676;25680.25;477
20251203 201300;25679.75;25682;25675.75;25681.25;658
20251203 201400;25681;25681.5;25676;25677;233
20251203 201500;25677;25679.25;25675;25678.5;296
20251203 201600;25678.25;25682.5;25678.25;25682.25;376
20251203 201700;25682.25;25685.25;25679.5;25683.25;773
20251203 201800;25683.5;25684.5;25681;25681.5;310
20251203 201900;25681;25681.75;25676.75;25677.5;444
20251203 202000;25678;25678.5;25675;25676.5;355
20251203 202100;25676.75;25681;25674.5;25675;350
20251203 202200;25674.5;25677.5;25672.25;25675;506
20251203 202300;25674.5;25678.25;25674.5;25676.75;269
20251203 202400;25677.25;25678.5;25673.25;25675.25;418
20251203 202500;25675.75;25679.75;25675.25;25678;337
20251203 202600;25678.25;25680.25;25676.75;25680;357
20251203 202700;25680;25682;25673.5;25675;560
20251203 202800;25674.5;25675.75;25667.75;25675;1153
20251203 202900;25675;25679.5;25673;25677.5;476
20251203 203000;25678;25685.25;25676.25;25682.25;1314
20251203 203100;25682;25682;25676.75;25679;519
20251203 203200;25679.25;25681;25676.5;25677.25;438
20251203 203300;25677;25679.5;25674.25;25674.5;376
20251203 203400;25674.5;25678.25;25673.5;25673.5;324
20251203 203500;25673.5;25674;25669;25669.25;687
20251203 203600;25669;25677;25667.5;25672.75;988
20251203 203700;25672.75;25675;25670.75;25672.25;393
20251203 203800;25671.75;25672.5;25668;25669.5;383
20251203 203900;25669;25674;25667;25670.75;549
20251203 204000;25670;25674.25;25669;25673;300
20251203 204100;25673.25;25674.5;25668.25;25673.75;459
20251203 204200;25674;25678.25;25670.5;25672.75;628
20251203 204300;25673;25675.5;25671.25;25672.5;451
20251203 204400;25672.25;25675.25;25671;25674.75;385
20251203 204500;25674.25;25678.5;25673.75;25676.75;419
20251203 204600;25676.5;25682.5;25674.75;25676.75;806
20251203 204700;25676.5;25681.25;25674.25;25680.75;408
20251203 204800;25680.5;25680.5;25671.5;25673.75;590
20251203 204900;25673;25675;25671.75;25673;379
20251203 205000;25673;25675.75;25671;25674.5;456
20251203 205100;25673.75;25678.75;25660.75;25663;1931
20251203 205200;25662;25667;25659.25;25661.5;959
20251203 205300;25661.25;25668;25661;25666.25;752
20251203 205400;25666.25;25675;25665.5;25668;978
20251203 205500;25667.75;25667.75;25645;25648;2495
20251203 205600;25648.75;25658;25640.75;25655.25;2031
20251203 205700;25654.75;25659.25;25652;25654.75;750
20251203 205800;25654.75;25655.75;25649.75;25652.75;1026
20251203 205900;25652.5;25659;25649.75;25658.25;1440
20251203 210000;25658;25662.75;25652.25;25657.25;6148
20251203 210100;25657.5;25660.25;25650.25;25658;2096
20251203 210200;25658.5;25662;25648;25649;1756
20251203 210300;25648.75;25653.5;25648.25;25650.75;664
20251203 210400;25651.25;25652.5;25647.25;25648;418
20251203 210500;25647.75;25658;25647.75;25655;795
20251203 210600;25655;25657.25;25651.75;25654;440
20251203 210700;25653.75;25654.75;25651.75;25653.75;163
20251203 210800;25653.75;25656;25648;25649.25;368
20251203 210900;25649.5;25649.75;25644;25644;231
20251203 211000;25644;25650.75;25643.25;25648.5;263
20251203 211100;25648.5;25649.75;25644.5;25645.25;190
20251203 211200;25645.5;25645.75;25644;25645.5;178
20251203 211300;25646;25646.25;25643.75;25643.75;223
20251203 211400;25644;25649.75;25643.5;25649.75;229
20251203 211500;25649.5;25653;25647.5;25649;294
20251203 211600;25649;25651.75;25645.75;25649.25;161
20251203 211700;25649.5;25653.5;25649.25;25652.75;91
20251203 211800;25652;25653.25;25650.5;25653;95
20251203 211900;25652.75;25654.5;25652.75;25653.75;120
20251203 212000;25653.25;25653.5;25648.5;25648.5;80
20251203 212100;25648.75;25648.75;25645;25648.5;197
20251203 212200;25648.5;25652.25;25648.5;25650.75;75
20251203 212300;25650;25651.5;25649.75;25650.5;47
20251203 212400;25650.25;25650.75;25647.75;25648;67
20251203 212500;25648;25650.5;25648;25648.5;43
20251203 212600;25648.75;25648.75;25646.5;25648.5;58
20251203 212700;25648.5;25648.5;25645.5;25647.25;77
20251203 212800;25647.25;25648.25;25644.75;25645.25;55
20251203 212900;25644.75;25647.25;25644.75;25646.75;65
20251203 213000;25646;25646.25;25641.75;25642.25;178
20251203 213100;25642;25642.25;25638.75;25640.25;249
20251203 213200;25640.25;25642;25637.25;25642;123
20251203 213300;25642.5;25644.5;25642.25;25644;81
20251203 213400;25645.25;25647;25644.5;25645.75;34
20251203 213500;25645.5;25646.5;25645.5;25646.5;47
20251203 213600;25646;25651;25645.75;25648.75;200
20251203 213700;25648.75;25649.25;25648.25;25648.75;22
20251203 213800;25648.75;25650.5;25647.75;25649.25;37
20251203 213900;25648.75;25649.25;25647.5;25647.75;40
20251203 214000;25647.5;25647.75;25645.75;25646.75;151
20251203 214100;25646.75;25647;25643.5;25646.25;171
20251203 214200;25646.5;25646.75;25644.5;25644.75;129
20251203 214300;25644.75;25645;25642.25;25642.25;78
20251203 214400;25642.75;25643.5;25640;25640.5;95
20251203 214500;25640;25641.5;25639.5;25641;84
20251203 214600;25640.5;25642;25638;25639.25;181
20251203 214700;25638.75;25641.75;25638.5;25639.75;85
20251203 214800;25640;25640;25637.75;25638.25;68
20251203 214900;25638;25639.75;25638;25638;34
20251203 215000;25638.25;25638.25;25636;25637.25;76
20251203 215100;25636.5;25640.5;25636.5;25637.5;104
20251203 215200;25637.25;25639.5;25637;25639;62
20251203 215300;25639;25641.5;25639;25641;43
20251203 215400;25640.75;25641.75;25640;25641.75;37
20251203 215500;25641.5;25646;25641.25;25646;83
20251203 215600;25646;25647.75;25644.75;25646;112
20251203 215700;25645.5;25646.5;25644.75;25645.25;75
20251203 215800;25644.75;25647.5;25644.75;25646.75;65
20251203 215900;25646.75;25646.75;25644.75;25645.5;27
20251203 220000;25645;25651.75;25645;25645.75;168
20251203 230100;25650.25;25656.75;25648.5;25651.5;264
20251203 230200;25651.75;25658.75;25650;25653;168
20251203 230300;25653;25653;25643.5;25643.5;121
20251203 230400;25644;25644.75;25633.75;25643;203
20251203 230500;25643;25652;25640.5;25650;165
20251203 230600;25650;25650.25;25646.25;25648.5;66
20251203 230700;25648.75;25649.25;25644.75;25646.25;54
20251203 230800;25646.25;25646.75;25644;25645.25;30
20251203 230900;25644.5;25645;25638.75;25640.25;104
20251203 231000;25640.25;25642.25;25638.75;25642.25;29
20251203 231100;25642.25;25644;25640.5;25643.25;32
20251203 231200;25642;25647.25;25641.75;25647.25;58
20251203 231300;25646.5;25656.5;25646.5;25654;202
20251203 231400;25652.75;25655;25643.25;25644.75;125
20251203 231500;25646;25648.5;25644;25647.25;52
20251203 231600;25647.5;25652;25646.5;25650.5;40
20251203 231700;25649;25650.25;25647;25647.75;18
20251203 231800;25648;25651.75;25648;25648.5;15
20251203 231900;25650;25654.25;25648.5;25651.25;115
20251203 232000;25651.25;25656;25650.75;25653.25;44
20251203 232100;25653.75;25657.5;25653.25;25653.75;51
20251203 232200;25652.25;25652.25;25649.5;25652.25;22
20251203 232300;25654;25655.25;25652.75;25653.25;25
20251203 232400;25654;25656.5;25653;25653.5;40
20251203 232500;25652.25;25652.25;25650;25652.25;22
20251203 232600;25651.75;25652;25649;25651;39
20251203 232700;25650;25652;25650;25651.25;19
20251203 232800;25650;25650;25646.25;25649.5;40
20251203 232900;25650.75;25650.75;25648.5;25648.5;10
20251203 233000;25649.25;25652;25649.25;25652;14
20251203 233100;25651;25655;25650.75;25653;27
20251203 233200;25653.5;25657.75;25653.5;25657.75;42
20251203 233300;25658;25658.25;25654.5;25654.5;38
20251203 233400;25654;25654.5;25650;25653.25;44
20251203 233500;25652.5;25654.5;25651.25;25651.25;23
20251203 233600;25651.25;25655.75;25651;25654.25;15
20251203 233700;25654.25;25656;25652.75;25655.75;20
20251203 233800;25654;25656;25654;25654.5;17
20251203 233900;25654.5;25654.5;25650.5;25650.5;33
20251203 234000;25651.5;25653.25;25650.75;25652.5;21
20251203 234100;25651.75;25657.25;25651.75;25657.25;33
20251203 234200;25657.25;25657.25;25653;25653;44
20251203 234300;25652;25653;25651;25651;9
20251203 234400;25650.25;25652.75;25650.25;25652.5;20
20251203 234500;25652.5;25653.5;25651.75;25653.5;17
20251203 234600;25653.5;25654.5;25651.25;25651.25;17
20251203 234700;25651.25;25652;25648.25;25651.5;68
20251203 234800;25650;25650;25648;25649.25;23
20251203 234900;25648.75;25650.5;25645.75;25650.25;60
20251203 235000;25651.25;25651.25;25646;25646.5;31
20251203 235100;25646.5;25647.5;25641.25;25646.75;114
20251203 235200;25647.25;25653;25646.25;25651.5;89
20251203 235300;25651.5;25651.5;25645;25647.75;54
20251203 235400;25647.25;25647.25;25644.25;25646.75;17
20251203 235500;25646.5;25646.5;25645;25646.5;12
20251203 235600;25645.25;25647.5;25644.75;25645.5;17
20251203 235700;25646;25647.25;25646;25647.25;3
20251203 235800;25647.5;25648.5;25646.5;25646.5;12
20251203 235900;25646.25;25648.5;25646;25646.75;17
20251204 000000;25647;25648;25646;25647.5;34
20251204 000100;25647.5;25650;25644.5;25644.5;79
20251204 000200;25644;25645.25;25642;25643.25;62
20251204 000300;25642.25;25650.5;25642.25;25650;43
20251204 000400;25649;25656.25;25649;25655.25;78
20251204 000500;25655;25662.75;25653;25659.5;214
20251204 000600;25659.5;25660.75;25655.75;25660.25;65
20251204 000700;25661.25;25661.25;25656.5;25660.5;28
20251204 000800;25660.25;25660.5;25653.75;25654.5;62
20251204 000900;25654.75;25658.5;25653.25;25658.25;44
20251204 001000;25659;25660.25;25656.75;25657.25;57
20251204 001100;25659.25;25666;25658;25663.5;141
20251204 001200;25663.25;25663.25;25656.5;25658;64
20251204 001300;25657.25;25658.75;25652.25;25654.25;53
20251204 001400;25655.75;25657.5;25651.5;25656.5;46
20251204 001500;25656.25;25657;25654.75;25657;20
20251204 001600;25656.75;25663;25656.75;25661;115
20251204 001700;25661;25663.75;25658.5;25660.5;42
20251204 001800;25660;25661;25653.25;25655;76
20251204 001900;25655.25;25658.5;25653.25;25656.75;39
20251204 002000;25655.75;25662;25655.25;25661.25;37
20251204 002100;25662;25662.25;25657.5;25658;40
20251204 002200;25659.25;25659.25;25658;25658;9
20251204 002300;25657.5;25660;25657.25;25659.75;22
20251204 002400;25658.75;25659.5;25656.5;25658;25
20251204 002500;25658.75;25659.5;25658;25658.5;19
20251204 002600;25658.5;25659.5;25657.5;25659;30
20251204 002700;25657.75;25657.75;25654;25657.25;33
20251204 002800;25659;25659.5;25656.5;25657.5;26
20251204 002900;25657;25657;25654;25655.5;13
20251204 003000;25655.75;25656.75;25654.5;25656;10
20251204 003100;25656.5;25660.25;25654.75;25659.25;40
20251204 003200;25660.5;25660.5;25657.25;25658.5;17
20251204 003300;25657.25;25657.25;25655.5;25656.25;12
20251204 003400;25656.25;25657.25;25654.75;25656.5;11
20251204 003500;25655.75;25658.25;25654;25657.75;38
20251204 003600;25657.5;25657.5;25655.5;25656.75;20
20251204 003700;25657.5;25659.25;25657;25658.25;14
20251204 003800;25659;25659;25656.75;25657.5;7
20251204 003900;25656;25657.25;25654.5;25657.25;12
20251204 004000;25656.75;25657.25;25655.5;25657.25;18
20251204 004100;25654.75;25657;25654.25;25656.5;25
20251204 004200;25657.25;25658;25657.25;25658;8
20251204 004300;25656;25658.25;25656;25657.5;21
20251204 004400;25657.25;25657.25;25654.5;25654.5;31
20251204 004500;25655.25;25655.75;25653.25;25655;28
20251204 004600;25654.75;25655.5;25651.5;25654;42
20251204 004700;25652;25652.75;25646.25;25648.75;136
20251204 004800;25648;25649.75;25647;25649.5;40
20251204 004900;25648.75;25651.75;25648.75;25651.25;51
20251204 005000;25650.75;25651.5;25648.75;25650;18
20251204 005100;25651.5;25652.75;25648.25;25650;44
20251204 005200;25649;25650;25647;25647;39
20251204 005300;25647.75;25648;25642.5;25644.25;94
20251204 005400;25643.75;25645.75;25638;25638.5;113
20251204 005500;25638.75;25638.75;25627;25630.25;295
20251204 005600;25630.25;25631.75;25622;25631.5;250
20251204 005700;25631.75;25637.75;25630.5;25636.75;126
20251204 005800;25637;25637;25632;25632.5;44
20251204 005900;25632.5;25634.75;25629;25629;45
20251204 010000;25628.75;25634.5;25627.25;25632.75;66
20251204 010100;25632.5;25637;25628.5;25633.5;100
20251204 010200;25632.75;25639;25632.5;25635.5;65
20251204 010300;25636.75;25637;25632;25634.75;43
20251204 010400;25634.75;25636.75;25632.5;25633;38
20251204 010500;25632.5;25634.25;25631.25;25631.5;50
20251204 010600;25632.5;25640;25628.5;25640;123
20251204 010700;25638.75;25651.75;25638.75;25649.5;225
20251204 010800;25650.25;25652.25;25647;25648;111
20251204 010900;25648.75;25649.75;25643;25648;81
20251204 011000;25647.75;25650.25;25646;25648.75;44
20251204 011100;25649.25;25661;25649.25;25658;177
20251204 011200;25659.25;25662.75;25658.75;25659.75;106
20251204 011300;25661;25662.25;25657.5;25657.5;59
20251204 011400;25657.75;25658;25652.75;25656.5;85
20251204 011500;25654.75;25657;25653.5;25655.25;20
20251204 011600;25654;25655.5;25649.75;25655.25;81
20251204 011700;25653.5;25657.75;25652.75;25655.75;49
20251204 011800;25655;25660.25;25653.25;25654.5;73
20251204 011900;25653.75;25655.5;25651.25;25654;30
20251204 012000;25652.5;25653.25;25649.5;25650.5;53
20251204 012100;25651.5;25656.25;25651.25;25655;45
20251204 012200;25655.5;25658.5;25655;25656.75;34
20251204 012300;25655.75;25658.75;25653.5;25654.25;39
20251204 012400;25653.5;25655.25;25651.5;25652.25;42
20251204 012500;25653;25655;25650.5;25651;34
20251204 012600;25651.75;25656.5;25651.75;25656.5;33
20251204 012700;25655;25658.5;25654;25657.25;40
20251204 012800;25656.75;25660.5;25656;25659.25;47
20251204 012900;25658.5;25659.5;25656;25656.75;30
20251204 013000;25656.75;25658.5;25655.75;25658.5;25
20251204 013100;25657.25;25658.25;25653.25;25655.5;52
20251204 013200;25655;25657;25650.5;25651.75;42
20251204 013300;25651;25651.75;25645;25648.5;134
20251204 013400;25647.5;25651.75;25645;25651;39
20251204 013500;25649.75;25654.25;25649.25;25652.75;21
20251204 013600;25653.25;25654.25;25650.5;25653;31
20251204 013700;25652;25653.25;25649;25649.75;41
20251204 013800;25649.5;25649.5;25646.75;25648.75;30
20251204 013900;25648.75;25649;25647;25648.5;17
20251204 014000;25648.75;25652;25648.5;25650.25;30
20251204 014100;25650.25;25650.25;25647.5;25647.75;31
20251204 014200;25649;25651.25;25648.75;25648.75;23
20251204 014300;25648.25;25648.75;25643;25644.75;67
20251204 014400;25644.5;25649.25;25643.5;25648.25;65
20251204 014500;25649;25650.75;25648.25;25649;45
20251204 014600;25649.75;25652;25648.25;25650.75;95
20251204 014700;25650;25650.5;25646.25;25647;28
20251204 014800;25647;25647.5;25643;25646;33
20251204 014900;25645.75;25646.25;25643.25;25644;34
20251204 015000;25643.75;25645.75;25643.5;25643.75;16
20251204 015100;25643.25;25645.75;25643;25644.25;25
20251204 015200;25645;25645;25640.5;25643;64
20251204 015300;25641.25;25644.75;25640;25644.25;67
20251204 015400;25643.75;25645.5;25643.25;25644.75;23
20251204 015500;25643.5;25644.5;25641.75;25642.5;23
20251204 015600;25642;25643.25;25634.75;25635.75;97
20251204 015700;25635.5;25640.5;25632.75;25639.25;88
20251204 015800;25640.25;25642.25;25640;25642.25;14
20251204 015900;25642.5;25643.5;25640.25;25642;40
20251204 020000;25641.25;25641.25;25637.75;25639.25;22
20251204 020100;25640.25;25641.25;25634;25634.75;65
20251204 020200;25637.25;25637.75;25633;25637.75;50
20251204 020300;25637.25;25642.5;25635.75;25641.25;41
20251204 020400;25642.5;25647.25;25641.5;25644.5;89
20251204 020500;25644.75;25647.25;25641;25646.25;118
20251204 020600;25645.5;25649.75;25642.25;25642.25;141
20251204 020700;25642.75;25643.25;25640;25642.75;15
20251204 020800;25641.75;25642;25639.25;25640.5;20
20251204 020900;25639;25640.75;25636;25638.25;59
20251204 021000;25637.5;25638.5;25636.75;25637;15
20251204 021100;25637.25;25638.25;25631.25;25634.5;154
20251204 021200;25636.25;25636.75;25633;25634.5;36
20251204 021300;25635.25;25635.25;25623.75;25625;315
20251204 021400;25625.75;25627.25;25622.75;25625.5;169
20251204 021500;25626;25628;25624.5;25625.25;79
20251204 021600;25624.75;25628;25624.25;25625.75;92
20251204 021700;25625.5;25632;25625;25631.5;105
20251204 021800;25630.75;25631;25627.25;25628;53
20251204 021900;25629.5;25630.75;25627.5;25628.25;25
20251204 022000;25627.5;25627.5;25624;25624;54
20251204 022100;25623.75;25625.75;25619.25;25624;178
20251204 022200;25624;25628.75;25623.25;25628;61
20251204 022300;25626.25;25630.5;25626;25628.5;49
20251204 022400;25628.75;25634.5;25628.75;25632;72
20251204 022500;25633;25636.25;25631.75;25634.75;67
20251204 022600;25635;25637.75;25635;25635.5;45
20251204 022700;25636.25;25639.25;25635.5;25637.25;39
20251204 022800;25638;25640;25638;25639.5;35
20251204 022900;25639.75;25641.25;25636.25;25637;45
20251204 023000;25636.5;25637;25635.25;25636;11
20251204 023100;25634.75;25639.75;25634.25;25638.5;34
20251204 023200;25638.75;25640.25;25638.5;25640.25;17
20251204 023300;25640;25642.5;25639;25640.5;50
20251204 023400;25640.25;25641;25639;25640;14
20251204 023500;25639.25;25639.25;25636.5;25639.25;28
20251204 023600;25638.75;25639.75;25636.5;25639.75;28
20251204 023700;25640;25640;25638;25639.5;32
20251204 023800;25639.75;25641.75;25639;25639.5;31
20251204 023900;25639.5;25641;25639.5;25641;12
20251204 024000;25640.25;25641.25;25637.75;25637.75;26
20251204 024100;25638.75;25638.75;25637.5;25638.5;19
20251204 024200;25637.5;25640.5;25637.5;25640.5;20
20251204 024300;25641;25641;25638.75;25638.75;11
20251204 024400;25639.5;25639.5;25635.5;25636.25;25
20251204 024500;25636.75;25639.25;25636.25;25638.75;21
20251204 024600;25639.25;25640;25637.5;25638.75;18
20251204 024700;25637.5;25638.25;25636.25;25636.25;25
20251204 024800;25638.25;25640.5;25638.25;25638.25;28
20251204 024900;25638;25639.5;25638;25638.5;10
20251204 025000;25639.5;25640;25638.75;25640;9
20251204 025100;25640.75;25641.75;25638.75;25639.25;38
20251204 025200;25640;25643;25639.25;25641.5;39
20251204 025300;25642.5;25644.75;25641.5;25642;62
20251204 025400;25642.5;25643.5;25642.25;25643.25;19
20251204 025500;25644;25647.75;25644;25645.5;52
20251204 025600;25645.75;25651;25645.75;25650.75;38
20251204 025700;25650.75;25657.5;25650.5;25650.5;197
20251204 025800;25651;25653;25650.5;25652.75;33
20251204 025900;25653;25654.25;25651.75;25652;30
20251204 030000;25652;25652;25648;25649;53
20251204 030100;25649.25;25650;25644.5;25645;71
20251204 030200;25645;25645;25639.25;25639.5;88
20251204 030300;25640;25642;25636;25637.25;82
20251204 030400;25638;25640.5;25637;25640.5;36
20251204 030500;25641;25644.75;25640.25;25644;43
20251204 030600;25644.5;25646.25;25642.75;25644.75;29
20251204 030700;25643.25;25648;25643.25;25646;38
20251204 030800;25647;25647;25642.25;25642.25;16
20251204 030900;25640.75;25645;25639.75;25644;45
20251204 031000;25642.5;25644;25641.75;25642.25;28
20251204 031100;25642.25;25644.75;25642.25;25644.75;6
20251204 031200;25644.75;25645.75;25642;25643.5;20
20251204 031300;25643.5;25643.5;25642;25643.25;12
20251204 031400;25643;25643;25642.5;25643;6
20251204 031500;25642;25643;25642;25642.75;3
20251204 031600;25641.5;25641.5;25636;25637;52
20251204 031700;25637.75;25637.75;25634.5;25635.75;52
20251204 031800;25636.25;25637.25;25632;25633;76
20251204 031900;25634.25;25636;25632.75;25634.25;31
20251204 032000;25634.25;25634.25;25632.75;25633.5;30
20251204 032100;25633.25;25636;25631.75;25631.75;32
20251204 032200;25632.75;25632.75;25630.5;25632.75;41
20251204 032300;25633;25633.5;25628;25630.25;65
20251204 032400;25629.5;25631.5;25626.75;25630;59
20251204 032500;25629.25;25631;25629;25630;21
20251204 032600;25629.5;25630;25625;25628.5;84
20251204 032700;25627.75;25631.75;25626.75;25630.75;48
20251204 032800;25631;25631.75;25629.5;25630.5;24
20251204 032900;25630.5;25635;25629.75;25632.75;90
20251204 033000;25631.75;25633.25;25629;25629;32
20251204 033100;25628.25;25629.75;25625.5;25627.25;58
20251204 033200;25625.75;25628.5;25625;25627;46
20251204 033300;25625.75;25627.25;25621.25;25624.25;113
20251204 033400;25623.75;25623.75;25616.5;25622;187
20251204 033500;25621.25;25622;25618.25;25618.5;59
20251204 033600;25618.5;25619.5;25613.25;25615.25;139
20251204 033700;25615.5;25620;25614;25619.75;67
20251204 033800;25620;25621.5;25618.5;25619.75;47
20251204 033900;25621;25624;25620;25622.5;58
20251204 034000;25623;25627.75;25622.75;25626.5;107
20251204 034100;25627.75;25629.75;25627;25627;49
20251204 034200;25627.5;25627.5;25623.25;25625;64
20251204 034300;25625.75;25626.75;25625.25;25626;12
20251204 034400;25624.75;25624.75;25622.25;25623;20
20251204 034500;25622.75;25624.5;25622.25;25623.5;11
20251204 034600;25623.25;25625.25;25621.25;25624.75;49
20251204 034700;25625.5;25627.5;25624;25626;28
20251204 034800;25626.25;25627;25623.5;25625;25
20251204 034900;25625;25626.5;25625;25625;10
20251204 035000;25625.5;25629.5;25625.5;25629.5;38
20251204 035100;25628.25;25631.5;25627.75;25630.5;73
20251204 035200;25631;25632;25629.75;25631;22
20251204 035300;25631;25631.5;25629.5;25629.5;26
20251204 035400;25628;25628.25;25624.25;25625.25;59
20251204 035500;25625.75;25626.25;25624.75;25626.25;15
20251204 035600;25627;25628.5;25626;25626;23
20251204 035700;25627;25631.75;25627;25630;58
20251204 035800;25630.5;25631;25629.5;25629.75;12
20251204 035900;25630;25631.25;25629;25630.5;11
20251204 040000;25631.5;25633;25630.25;25630.25;39
20251204 040100;25631.5;25634;25629.5;25629.5;40
20251204 040200;25629.75;25632;25626.5;25627.25;29
20251204 040300;25627.75;25628.5;25626.5;25627.25;7
20251204 040400;25626;25627.75;25626;25627.5;11
20251204 040500;25627.75;25628.5;25627.25;25628;20
20251204 040600;25627;25629;25626;25629;18
20251204 040700;25629.75;25633;25629.75;25633;52
20251204 040800;25633;25633.25;25631.5;25631.5;17
20251204 040900;25633.5;25635;25632.75;25633.25;40
20251204 041000;25633.25;25633.25;25632.75;25632.75;3
20251204 041100;25633.75;25634;25631.75;25631.75;27
20251204 041200;25632.5;25633.5;25632.25;25632.75;8
20251204 041300;25632.75;25633.25;25632;25633.25;14
20251204 041400;25633;25633;25631.25;25632.25;36
20251204 041500;25631.75;25633.75;25631.5;25632.75;14
20251204 041600;25633.25;25633.75;25631.25;25631.25;21
20251204 041700;25631;25632;25628.25;25629.5;31
20251204 041800;25629.25;25629.75;25626.75;25627;51
20251204 041900;25628;25630.5;25627;25630;31
20251204 042000;25629.75;25630.75;25629.75;25630.25;9
20251204 042100;25630.5;25630.5;25628.5;25629.75;21
20251204 042200;25628.5;25629;25627.5;25629;19
20251204 042300;25629.25;25631.25;25628.25;25629.25;44
20251204 042400;25628.5;25629.25;25621.75;25623.25;57
20251204 042500;25622.5;25623.25;25618.5;25621.25;90
20251204 042600;25620.75;25636.5;25620.25;25631.75;280
20251204 042700;25632.5;25632.5;25625.25;25628;100
20251204 042800;25629.75;25632.25;25627.75;25628.5;58
20251204 042900;25627.25;25629.75;25626.75;25629.75;36
20251204 043000;25630;25631;25626;25628.25;31
20251204 043100;25628.5;25629.25;25626.75;25626.75;29
20251204 043200;25625.75;25626.75;25625.25;25626.75;20
20251204 043300;25626.75;25628.5;25626.25;25627;23
20251204 043400;25627.75;25630;25627.25;25628.75;22
20251204 043500;25628.75;25629;25627.25;25629;9
20251204 043600;25629.5;25630.25;25629;25629.25;25
20251204 043700;25628.5;25630.75;25628.25;25630.25;47
20251204 043800;25630.25;25633.25;25630.25;25631.75;75
20251204 043900;25633.25;25633.25;25629.75;25631;23
20251204 044000;25630.75;25631;25629.75;25631;10
20251204 044100;25630.5;25631;25628.75;25630.5;30
20251204 044200;25631;25633.75;25630.75;25633.25;20
20251204 044300;25633.25;25637.5;25633.25;25636.5;50
20251204 044400;25636.5;25637.5;25635.25;25636.75;36
20251204 044500;25636.5;25640.5;25636.5;25639;76
20251204 044600;25639.75;25639.75;25635.75;25635.75;40
20251204 044700;25636.75;25637.5;25635.5;25636;32
20251204 044800;25635.5;25636.75;25634.75;25636.75;11
20251204 044900;25637;25637.25;25635;25635.5;17
20251204 045000;25635;25636.5;25635;25636.25;23
20251204 045100;25636.5;25638.75;25636.5;25637.25;40
20251204 045200;25637.25;25637.5;25635;25636.75;23
20251204 045300;25637;25637.25;25636.25;25636.5;7
20251204 045400;25637.5;25640.25;25637.25;25640;28
20251204 045500;25639.75;25641;25639.5;25640;34
20251204 045600;25640.5;25643;25640.5;25642.75;36
20251204 045700;25642;25642.5;25640;25640;16
20251204 045800;25639.75;25639.75;25637.75;25639.25;38
20251204 045900;25639.75;25640.5;25638.5;25640.5;12
20251204 050000;25640;25640.5;25639.5;25639.75;9
20251204 050100;25640;25641;25639.5;25641;31
20251204 050200;25640.75;25641.25;25637.25;25637.25;42
20251204 050300;25637.75;25639.5;25635.5;25635.5;41
20251204 050400;25635;25637.75;25634.25;25637;27
20251204 050500;25637.25;25639.75;25637;25637;24
20251204 050600;25640;25641;25638;25638.75;20
20251204 050700;25638.5;25638.75;25636.25;25637.75;21
20251204 050800;25637;25638.25;25636.25;25637.75;14
20251204 050900;25638.25;25639.25;25637.5;25637.5;8
20251204 051000;25637.5;25638.25;25637;25638;21
20251204 051100;25638.5;25641;25638.5;25639.25;32
20251204 051200;25640;25641.25;25638.5;25638.75;19
20251204 051300;25639.25;25639.75;25638.25;25639.5;8
20251204 051400;25639.75;25645.25;25639.75;25643.5;78
20251204 051500;25644;25648;25643.75;25646;99
20251204 051600;25646.25;25649.75;25645.5;25645.75;60
20251204 051700;25645.25;25647;25644;25644.75;45
20251204 051800;25644.25;25644.5;25639.25;25641;78
20251204 051900;25640.5;25640.5;25636.5;25636.75;35
20251204 052000;25636.25;25636.25;25631.75;25633;90
20251204 052100;25632.75;25635.75;25629.5;25635.25;66
20251204 052200;25635.5;25636.75;25634.5;25635;54
20251204 052300;25634.5;25635.5;25630;25631.75;43
20251204 052400;25632.75;25636.75;25632.75;25636.75;21
20251204 052500;25636.5;25639.5;25636.25;25639.5;41
20251204 052600;25638;25638;25636.5;25637.5;20
20251204 052700;25638.25;25638.25;25637.75;25637.75;5
20251204 052800;25637.5;25639;25634.75;25634.75;24
20251204 052900;25634;25634.75;25633;25633.5;21
20251204 053000;25633;25635;25631.75;25632.25;26
20251204 053100;25632.75;25634.5;25631.25;25633.25;38
20251204 053200;25634;25634.25;25632;25633.5;25
20251204 053300;25635.25;25635.75;25633.75;25633.75;15
20251204 053400;25635.5;25636.75;25634.5;25636.5;22
20251204 053500;25636.5;25636.5;25634.5;25635.75;13
20251204 053600;25635.75;25636;25628.25;25636;101
20251204 053700;25636;25640.5;25635.5;25639;86
20251204 053800;25639.5;25640.25;25637.5;25639.25;35
20251204 053900;25638.5;25639;25634.75;25638;30
20251204 054000;25636.5;25636.75;25634.25;25635.75;12
20251204 054100;25636;25636;25632.5;25633.75;22
20251204 054200;25633.25;25635;25633;25635;13
20251204 054300;25636;25636;25633.5;25633.5;13
20251204 054400;25633.75;25635.25;25633;25634.75;21
20251204 054500;25635;25637.25;25634.75;25636;31
20251204 054600;25636.25;25640.25;25635;25639.75;37
20251204 054700;25639.5;25640.5;25638.5;25639;28
20251204 054800;25638.25;25639;25637;25638.75;15
20251204 054900;25638.5;25639;25637.5;25638.5;14
20251204 055000;25640;25640.5;25639.25;25639.5;19
20251204 055100;25637.75;25637.75;25634.5;25636.75;51
20251204 055200;25637;25638.25;25635.5;25638.25;13
20251204 055300;25636;25636.25;25635;25635.5;8
20251204 055400;25637.25;25638.25;25635.75;25637.25;54
20251204 055500;25636.5;25638.25;25636.5;25637.75;5
20251204 055600;25637.75;25640.25;25637.25;25639.25;36
20251204 055700;25639;25639.5;25637;25639.5;8
20251204 055800;25639;25639;25637.5;25639;16
20251204 055900;25638.5;25638.75;25636.75;25637.5;18
20251204 060000;25638.25;25640.25;25638;25639.25;29
20251204 060100;25640.25;25642.5;25639.25;25642.25;57
20251204 060200;25642.25;25642.5;25640.25;25641;33
20251204 060300;25641.75;25646.25;25640.75;25645.75;62
20251204 060400;25645.75;25648.25;25644.5;25646.25;41
20251204 060500;25646.25;25647.75;25644.5;25644.5;18
20251204 060600;25646.25;25648.75;25646.25;25648.5;15
20251204 060700;25648.75;25654.25;25648.75;25653.75;124
20251204 060800;25653;25655.25;25652.5;25654.25;74
20251204 060900;25653;25655.25;25651.75;25654.5;42
20251204 061000;25653.75;25653.75;25647;25649;95
20251204 061100;25649.5;25652.5;25648.5;25649;49
20251204 061200;25649.5;25651;25649;25649.25;23
20251204 061300;25649;25649.5;25647.5;25647.75;27
20251204 061400;25648;25649.25;25647;25647.5;10
20251204 061500;25647.75;25648.25;25646.5;25647.25;19
20251204 061600;25646.5;25647.5;25642;25643.5;90
20251204 061700;25643.5;25643.5;25640.25;25641.5;21
20251204 061800;25641.75;25643.25;25641.25;25643.25;9
20251204 061900;25642.75;25647.25;25642.75;25647.25;25
20251204 062000;25647;25648.5;25647;25648.5;5
20251204 062100;25647.5;25647.5;25643.25;25643.5;15
20251204 062200;25643.25;25643.75;25642;25643;27
20251204 062300;25642.75;25645.25;25642.75;25645;12
20251204 062400;25645;25646.5;25644;25646;22
20251204 062500;25646.25;25646.5;25645.75;25646.5;5
20251204 062600;25646;25649.25;25645.75;25648.75;25
20251204 062700;25648.25;25649.75;25646.75;25646.75;16
20251204 062800;25647;25648.5;25646.75;25648;15
20251204 062900;25648.5;25649.5;25648.5;25649.5;5
20251204 063000;25649.5;25654.5;25649.5;25654.5;77
20251204 063100;25653.75;25657.75;25653.25;25657.25;115
20251204 063200;25657;25657.75;25652.5;25655;90
20251204 063300;25654.25;25656.5;25652.75;25654.75;45
20251204 063400;25653.75;25654.5;25651.75;25652.25;30
20251204 063500;25652.5;25658.25;25651.75;25657.5;126
20251204 063600;25657;25659;25656.75;25658;46
20251204 063700;25658.75;25659.5;25655.25;25655.75;32
20251204 063800;25655.75;25655.75;25653.75;25654.5;14
20251204 063900;25654.5;25655.75;25653.5;25655.5;18
20251204 064000;25655;25655;25651;25651.75;22
20251204 064100;25652;25653.75;25650.25;25652.75;49
20251204 064200;25652.5;25652.75;25650.5;25651.75;20
20251204 064300;25652.75;25653.75;25650.5;25650.75;50
20251204 064400;25650;25652.25;25650;25651.5;28
20251204 064500;25652;25653.75;25652;25653.75;10
20251204 064600;25653.25;25655.5;25652.5;25655.5;26
20251204 064700;25655.5;25656.5;25655;25656;25
20251204 064800;25657;25659.25;25657;25659;45
20251204 064900;25658.25;25661.25;25656.75;25660.75;90
20251204 065000;25659.5;25665.75;25659.25;25661.25;143
20251204 065100;25660.75;25661.25;25656.25;25657.5;62
20251204 065200;25657.25;25659.75;25656.75;25659.75;26
20251204 065300;25658.5;25658.75;25656.25;25657.25;17
20251204 065400;25656;25657.75;25656;25657.25;9
20251204 065500;25658;25658.25;25655.5;25656.75;14
20251204 065600;25656;25658.75;25656;25657.75;20
20251204 065700;25658.5;25658.5;25655.75;25656.5;15
20251204 065800;25657;25657;25656.5;25656.5;7
20251204 065900;25656.5;25656.75;25656;25656;6
20251204 070000;25656.5;25656.5;25654.25;25654.25;20
20251204 070100;25655.25;25656.25;25652.5;25653.75;62
20251204 070200;25656.25;25656.25;25652.25;25652.25;60
20251204 070300;25653.5;25655.25;25653;25653.5;48
20251204 070400;25655;25658;25654.5;25655.5;30
20251204 070500;25655.25;25655.25;25654;25654.75;18
20251204 070600;25655.25;25664.5;25654.75;25664.25;112
20251204 070700;25664;25666.75;25663.75;25665.75;149
20251204 070800;25666.5;25669.75;25663.75;25663.75;112
20251204 070900;25663.75;25664.25;25661.25;25661.25;44
20251204 071000;25661.5;25662;25658.5;25661.25;34
20251204 071100;25661;25662.25;25655.5;25656;61
20251204 071200;25654.75;25654.75;25652;25652.75;64
20251204 071300;25653;25655.75;25651.25;25652;44
20251204 071400;25651.75;25654.5;25651.75;25654;17
20251204 071500;25655.5;25655.5;25652.5;25653.75;11
20251204 071600;25653.25;25655;25652.25;25653.75;31
20251204 071700;25653.25;25653.5;25651.25;25652.25;18
20251204 071800;25652.25;25658.25;25652.25;25657.25;47
20251204 071900;25657.25;25659.75;25657.25;25658;34
20251204 072000;25656.75;25661.5;25656.25;25659.5;69
20251204 072100;25660.75;25662.25;25660.5;25660.5;20
20251204 072200;25660.75;25662.25;25659.5;25661.25;17
20251204 072300;25661.5;25662;25659.75;25661.75;38
20251204 072400;25662.25;25662.75;25659;25661.75;25
20251204 072500;25662.25;25663.75;25661.25;25663;29
20251204 072600;25663.75;25664.75;25662.5;25664.75;25
20251204 072700;25665;25669.75;25664.75;25669;86
20251204 072800;25669.5;25669.5;25664.75;25665.5;41
20251204 072900;25665.5;25667;25664.25;25664.75;26
20251204 073000;25665.5;25666.75;25664;25665;45
20251204 073100;25664.5;25664.5;25660.5;25660.5;46
20251204 073200;25660.25;25662.25;25660;25662.25;37
20251204 073300;25662.25;25662.5;25660.25;25660.25;18
20251204 073400;25660.25;25660.5;25657.75;25658;54
20251204 073500;25660.25;25662.5;25660.25;25662.25;20
20251204 073600;25660.75;25664;25660.5;25662.25;29
20251204 073700;25662;25662.5;25659.25;25660.5;27
20251204 073800;25661.75;25661.75;25660.5;25660.75;9
20251204 073900;25660.5;25660.5;25658.75;25658.75;11
20251204 074000;25658.75;25658.75;25656.75;25656.75;25
20251204 074100;25656.25;25657.5;25654.75;25657;31
20251204 074200;25656.25;25658.5;25655.75;25657.75;20
20251204 074300;25657.75;25658;25656;25656.75;15
20251204 074400;25656.5;25656.5;25654.5;25655.5;22
20251204 074500;25655.75;25658.5;25655;25657.25;20
20251204 074600;25657.75;25659.75;25656.5;25658.75;21
20251204 074700;25658.75;25658.75;25654;25655;35
20251204 074800;25655;25656.75;25654.5;25656.75;18
20251204 074900;25657.75;25659.25;25657;25658.25;17
20251204 075000;25658.25;25660.5;25658.25;25660.25;23
20251204 075100;25660.75;25665.25;25660.75;25664.5;82
20251204 075200;25664.75;25665.25;25663;25663;23
20251204 075300;25662.25;25663.25;25660.25;25662.25;21
20251204 075400;25662;25662.5;25660.25;25660.25;16
20251204 075500;25660.25;25661;25658.75;25660.5;35
20251204 075600;25660.5;25663;25659.25;25661.25;51
20251204 075700;25661.5;25662.5;25657.75;25658;45
20251204 075800;25657.75;25658.75;25656.25;25656.75;44
20251204 075900;25656.75;25658;25653;25653;55
20251204 080000;25652.75;25657;25652.25;25657;49
20251204 080100;25656;25657.5;25641;25641;410
20251204 080200;25642;25648.5;25635.5;25647;295
20251204 080300;25647.75;25655;25645;25651.25;84
20251204 080400;25652.5;25655.25;25650.75;25653.25;54
20251204 080500;25652.75;25655.25;25648.75;25650.25;71
20251204 080600;25648.75;25650.5;25643.25;25644.5;121
20251204 080700;25646.25;25647.25;25642.5;25645.5;61
20251204 080800;25649;25651.25;25646.75;25648.75;49
20251204 080900;25650;25650;25647;25648.75;30
20251204 081000;25649.5;25650;25644.75;25646.5;34
20251204 081100;25647.25;25648;25638.5;25638.5;87
20251204 081200;25638.25;25638.5;25626;25629;264
20251204 081300;25628.5;25637;25628;25633.25;102
20251204 081400;25632.5;25635.5;25632;25635.25;50
20251204 081500;25634;25637.25;25630.5;25636;105
20251204 081600;25636;25636.5;25633;25634.25;57
20251204 081700;25635.25;25644.5;25634.5;25644.5;120
20251204 081800;25643.75;25644.25;25636.75;25639;49
20251204 081900;25639;25640.5;25637;25637;24
20251204 082000;25636.25;25640;25635.75;25639.5;38
20251204 082100;25640.5;25641;25636;25637.75;36
20251204 082200;25636.75;25638.5;25633;25633.25;28
20251204 082300;25632.75;25632.75;25628.75;25629.75;63
20251204 082400;25629.75;25629.75;25621;25623;150
20251204 082500;25622.75;25624.5;25617.5;25618.75;132
20251204 082600;25618.5;25621.5;25617;25619;98
20251204 082700;25618;25620.25;25614.75;25615.25;121
20251204 082800;25615.25;25616;25603.25;25608;332
20251204 082900;25606.5;25618.25;25605.5;25617.75;226
20251204 083000;25617.75;25622.5;25617.5;25619.5;194
20251204 083100;25618;25620.25;25611.5;25617.25;128
20251204 083200;25618;25623;25615.75;25618.75;101
20251204 083300;25618.75;25622.5;25617.5;25622.5;83
20251204 083400;25623;25627;25620;25624.25;126
20251204 083500;25624.25;25630.5;25624;25627.75;113
20251204 083600;25627.5;25635.25;25626.25;25634.75;54
20251204 083700;25635.5;25638.5;25634.75;25636.75;81
20251204 083800;25637.25;25639;25635;25639;83
20251204 083900;25638.5;25640.5;25636;25638;59
20251204 084000;25637.5;25637.5;25633.75;25636.25;59
20251204 084100;25637.75;25641;25637;25637;68
20251204 084200;25637.25;25641.75;25636.25;25640.75;59
20251204 084300;25640.5;25647.5;25640.25;25644.75;212
20251204 084400;25644.5;25644.5;25638.5;25641.25;67
20251204 084500;25641.75;25642;25638.75;25638.75;45
20251204 084600;25640;25641.75;25635.75;25635.75;100
20251204 084700;25637.75;25638.75;25627.25;25631;134
20251204 084800;25631.75;25635.25;25630.75;25634.75;82
20251204 084900;25636.5;25641;25636.25;25639.5;73
20251204 085000;25639.5;25641.75;25638.75;25639.75;38
20251204 085100;25639.5;25642.75;25637;25637;51
20251204 085200;25637.25;25639.75;25637;25639;34
20251204 085300;25638.5;25646.25;25638.5;25645.75;81
20251204 085400;25646.75;25649.25;25645;25648.75;73
20251204 085500;25648.75;25648.75;25642.25;25643;62
20251204 085600;25643.5;25644.75;25640.5;25641.75;88
20251204 085700;25641.75;25645;25640.75;25644.25;113
20251204 085800;25643.5;25645.75;25640.5;25641.5;54
20251204 085900;25641.25;25641.25;25635;25637;86
20251204 090000;25636.25;25637;25633.75;25634;51
20251204 090100;25634.25;25640.25;25631.75;25632;116
20251204 090200;25631.25;25640;25628.75;25637;78
20251204 090300;25637;25645.25;25635.5;25645.25;74
20251204 090400;25645.25;25650;25643.25;25649.25;149
20251204 090500;25649.75;25652.25;25648.75;25649.5;76
20251204 090600;25650.5;25651.75;25645.5;25646.75;41
20251204 090700;25648.5;25651;25648;25648;35
20251204 090800;25648.25;25650;25640.75;25644.75;100
20251204 090900;25644.75;25646.75;25643.25;25644.5;32
20251204 091000;25645;25645;25634.25;25638.75;178
20251204 091100;25640.25;25643.75;25639;25639.75;46
20251204 091200;25639.75;25639.75;25635.75;25637.5;26
20251204 091300;25637.25;25641;25636.5;25639.75;43
20251204 091400;25640.25;25642;25637.75;25639;34
20251204 091500;25640;25640.5;25635.25;25635.25;22
20251204 091600;25635;25635.75;25628.75;25630.25;75
20251204 091700;25629.75;25630;25611.5;25616.25;336
20251204 091800;25617.25;25621.75;25613.5;25619.25;101
20251204 091900;25618.75;25624;25617.75;25623.5;94
20251204 092000;25624;25624.75;25620;25620.75;62
20251204 092100;25622;25625;25618.5;25623.75;49
20251204 092200;25624.25;25636.25;25624.25;25633.5;133
20251204 092300;25635;25638.25;25633;25637.25;38
20251204 092400;25638.5;25641.25;25637.75;25638.25;35
20251204 092500;25637.25;25642.5;25635.75;25640.25;56
20251204 092600;25640.75;25643.25;25640.5;25642.5;44
20251204 092700;25642.25;25644;25640.75;25644;22
20251204 092800;25643.25;25646.25;25643.25;25645;43
20251204 092900;25644.25;25646.25;25643.5;25643.75;22
20251204 093000;25644.75;25646.25;25644.75;25645.25;28
20251204 093100;25646.25;25655.25;25645.75;25655;140
20251204 093200;25654.5;25667.75;25650;25664.75;366
20251204 093300;25665.75;25669;25663;25669;228
20251204 093400;25667.75;25667.75;25658.5;25664;150
20251204 093500;25663.75;25666.5;25662.5;25662.75;122
20251204 093600;25663.5;25668.25;25663;25663.25;82
20251204 093700;25663.5;25668.75;25662.75;25667;56
20251204 093800;25667;25667.5;25664.25;25667.25;68
20251204 093900;25667.5;25669.5;25664.5;25669.5;72
20251204 094000;25669.5;25677.75;25668.75;25677.25;329
20251204 094100;25677.5;25687.75;25677.5;25685;407
20251204 094200;25687.5;25692.5;25686.75;25689.5;413
20251204 094300;25689.75;25692;25680.25;25684;183
20251204 094400;25684.75;25686.75;25683.75;25684.75;55
20251204 094500;25683.5;25685.75;25682;25684.25;75
20251204 094600;25684.25;25686.25;25683.5;25685.75;59
20251204 094700;25686.5;25687.5;25680;25680.5;129
20251204 094800;25681.5;25682.25;25677.25;25679.25;56
20251204 094900;25678.5;25678.5;25673.75;25677.75;109
20251204 095000;25677.75;25683;25677;25683;73
20251204 095100;25683.75;25686.25;25678.5;25682.5;153
20251204 095200;25683.75;25687.75;25682;25686.25;72
20251204 095300;25686.5;25688.75;25684.25;25684.5;88
20251204 095400;25685.75;25687.75;25684.25;25685.5;74
20251204 095500;25686.25;25690;25685;25688;77
20251204 095600;25687.75;25688.75;25686.75;25687.25;47
20251204 095700;25687.5;25690.5;25685.75;25686;42
20251204 095800;25685.75;25686.75;25684.25;25685;48
20251204 095900;25686.25;25687.25;25683.5;25687;27
20251204 100000;25687.5;25688.5;25684.25;25684.25;38
20251204 100100;25685;25687.25;25683.25;25686.25;78
20251204 100200;25685.75;25688.25;25680.25;25682.25;60
20251204 100300;25683;25685;25681;25683.75;61
20251204 100400;25684;25690;25683.25;25690;40
20251204 100500;25690;25690;25685.75;25687;78
20251204 100600;25687.5;25691.25;25686.75;25686.75;73
20251204 100700;25686;25687;25684.25;25685.25;27
20251204 100800;25683.75;25683.75;25678.75;25679.5;129
20251204 100900;25679.75;25682.5;25675.5;25682;118
20251204 101000;25682.5;25686.25;25680.75;25685.75;45
20251204 101100;25685.5;25685.75;25680.75;25682;45
20251204 101200;25681.25;25681.5;25679.5;25679.5;14
20251204 101300;25679.75;25680.75;25676;25676.5;38
20251204 101400;25676.75;25677.25;25674.75;25676;78
20251204 101500;25676.25;25678.5;25675;25675;51
20251204 101600;25674.5;25676;25674.25;25675;35
20251204 101700;25674;25677;25673;25674;93
20251204 101800;25673.5;25677.5;25670.75;25677.5;71
20251204 101900;25676.5;25679;25676.5;25678.5;35
20251204 102000;25677.5;25679.75;25676.75;25679.5;33
20251204 102100;25679.75;25680;25677.25;25678;32
20251204 102200;25678.25;25679.5;25677;25677;33
20251204 102300;25676.5;25679;25676.5;25678;14
20251204 102400;25678.5;25679.5;25677;25678.5;11
20251204 102500;25677.75;25680;25677;25678.5;25
20251204 102600;25677.25;25679;25676.25;25676.25;27
20251204 102700;25676.25;25676.25;25672.75;25675.5;52
20251204 102800;25674.25;25677.5;25674.25;25675.75;27
20251204 102900;25676.75;25679.5;25676.25;25679.5;39
20251204 103000;25679;25681.25;25678.75;25679.25;46
20251204 103100;25678.75;25678.75;25672.25;25672.25;99
20251204 103200;25672;25673.75;25664.75;25667;221
20251204 103300;25666.75;25671.75;25664.75;25667;75
20251204 103400;25667;25669.5;25663.75;25669;140
20251204 103500;25669.25;25669.5;25663;25663;72
20251204 103600;25662.75;25663;25657.5;25658;132
20251204 103700;25657.75;25662.5;25657.25;25661.25;135
20251204 103800;25660.5;25662;25656.5;25656.5;100
20251204 103900;25656.5;25659.75;25654;25657.5;81
20251204 104000;25657.75;25663;25655.25;25661;51
20251204 104100;25659.5;25660.75;25656;25657.25;50
20251204 104200;25656.25;25659.5;25654.5;25656.75;30
20251204 104300;25659.25;25662.25;25658.25;25660.5;45
20251204 104400;25661.5;25661.5;25655.5;25656.5;102
20251204 104500;25655.75;25657;25655.75;25657;18
20251204 104600;25656.5;25660;25656;25656.75;33
20251204 104700;25656.25;25657.5;25648.25;25651.25;140
20251204 104800;25651.75;25653;25650;25651.75;57
20251204 104900;25652;25656;25651.75;25655.5;67
20251204 105000;25654.75;25655;25649.75;25651.5;73
20251204 105100;25652.25;25656.25;25648.25;25649;74
20251204 105200;25648.5;25650.5;25647.75;25649.75;37
20251204 105300;25648.75;25648.75;25640.75;25644;171
20251204 105400;25643.25;25647.75;25641;25643.5;129
20251204 105500;25643.75;25649;25643.75;25648.25;50
20251204 105600;25648;25652.75;25647;25652.75;60
20251204 105700;25653.75;25654.75;25652;25652.75;32
20251204 105800;25653.5;25654;25650.25;25650.75;34
20251204 105900;25650.25;25651.75;25645;25647.5;74
20251204 110000;25648.5;25649.5;25644;25644;61
20251204 110100;25644.75;25644.75;25638;25641.25;206
20251204 110200;25641;25646.5;25640.25;25645;68
20251204 110300;25645.75;25648.75;25643.25;25648.75;60
20251204 110400;25649;25651.5;25648.5;25650;78
20251204 110500;25651.5;25652.75;25649.75;25652.25;28
20251204 110600;25653;25653.5;25627;25639.5;377
20251204 110700;25639.25;25649.75;25638.75;25648.75;113
20251204 110800;25647.75;25650.25;25638.75;25640.75;122
20251204 110900;25640.5;25642.5;25638.75;25641.25;82
20251204 111000;25640.5;25646.5;25637.25;25646;98
20251204 111100;25644.5;25646;25638.25;25645;79
20251204 111200;25644.5;25648.25;25643.25;25646;48
20251204 111300;25646;25647.75;25645.25;25646;57
20251204 111400;25645;25645.25;25641.25;25643.25;37
20251204 111500;25641.75;25642.75;25639.75;25639.75;16
20251204 111600;25638.5;25639.75;25633.75;25638.5;130
20251204 111700;25638.25;25642;25637.25;25639;69
20251204 111800;25638;25638.5;25630;25631.25;107
20251204 111900;25630.5;25633.5;25628.75;25629.25;85
20251204 112000;25629.25;25634.5;25626.25;25634.5;106
20251204 112100;25633.75;25634;25629;25631;126
20251204 112200;25630.25;25635;25628.75;25635;66
20251204 112300;25634.75;25640.25;25634.75;25635;77
20251204 112400;25634.75;25637.5;25634.75;25636.25;22
20251204 112500;25636;25636;25631.75;25631.75;59
20251204 112600;25633.75;25635.75;25631.5;25634.75;31
20251204 112700;25635.5;25636.25;25633.75;25634.25;43
20251204 112800;25634.25;25639.5;25634;25637.25;41
20251204 112900;25636.75;25640.5;25636;25638;70
20251204 113000;25638.75;25641.75;25638.25;25638.25;43
20251204 113100;25639.25;25647;25636.5;25646;115
20251204 113200;25646.5;25652.25;25645.75;25651;144
20251204 113300;25651.75;25652.75;25648.5;25652;134
20251204 113400;25653;25653;25648;25648;46
20251204 113500;25646.75;25647.75;25643.5;25645.25;74
20251204 113600;25646;25653;25645;25651.75;60
20251204 113700;25652.5;25654.25;25650;25651;54
20251204 113800;25651.25;25651.5;25647.25;25648.5;25
20251204 113900;25648.25;25648.25;25644.5;25645.25;50
20251204 114000;25645.75;25645.75;25640.25;25640.5;55
20251204 114100;25640.25;25640.25;25633;25634;99
20251204 114200;25633.5;25639.5;25633.5;25638.75;38
20251204 114300;25638.75;25639.25;25636.5;25638;24
20251204 114400;25640.5;25643.25;25638;25639.5;69
20251204 114500;25640.75;25643.25;25640.75;25642.5;45
20251204 114600;25642;25642;25638.5;25640.5;63
20251204 114700;25641.25;25644.5;25638.75;25641;37
20251204 114800;25641.5;25644;25640.25;25643;19
20251204 114900;25643.75;25647;25643;25645.5;42
20251204 115000;25644.75;25650.5;25644.25;25648.5;76
20251204 115100;25648.25;25650.75;25648.25;25650;51
20251204 115200;25650.25;25652;25650.25;25650.75;37
20251204 115300;25651.75;25654.75;25650.25;25653.25;86
20251204 115400;25653;25656.5;25653;25655.5;68
20251204 115500;25655.25;25655.25;25652.75;25654.5;78
20251204 115600;25655;25655;25649.5;25651.5;63
20251204 115700;25651.25;25652.25;25646.25;25647.75;64
20251204 115800;25647.5;25649;25644.5;25645.75;70
20251204 115900;25646.75;25651.5;25646.25;25651.5;55
20251204 120000;25651.75;25657.5;25651.75;25656;94
20251204 120100;25656;25661.75;25651.75;25659.75;207
20251204 120200;25660.75;25666.75;25660.5;25663.75;117
20251204 120300;25665;25665.25;25658.5;25661;115
20251204 120400;25661.25;25666.5;25658.5;25663.75;141
20251204 120500;25663.25;25665.25;25662.75;25663;56
20251204 120600;25663.75;25664.5;25660.75;25661.75;57
20251204 120700;25661;25663.25;25659.75;25662.75;46
20251204 120800;25662.75;25664.75;25655.5;25657.75;85
20251204 120900;25659;25660.25;25655;25660.25;113
20251204 121000;25660.25;25663;25659.25;25663;49
20251204 121100;25662.5;25662.75;25660;25660;23
20251204 121200;25659.75;25663.5;25659.75;25662;15
20251204 121300;25663.5;25665.5;25662.25;25665.5;18
20251204 121400;25665;25667.5;25664.25;25665.5;66
20251204 121500;25665.25;25665.75;25663;25664.75;75
20251204 121600;25665.75;25667.5;25664.5;25666.25;44
20251204 121700;25666;25666;25658;25658;122
20251204 121800;25659;25662.75;25657.75;25660.25;57
20251204 121900;25661.5;25664.75;25660.75;25662.75;47
20251204 122000;25662.75;25664.75;25662;25662;24
20251204 122100;25663;25663.5;25660.25;25663.5;36
20251204 122200;25663.5;25663.5;25661.5;25662.75;20
20251204 122300;25663.5;25671.5;25663.5;25666.5;230
20251204 122400;25667.25;25669;25664.75;25664.75;62
20251204 122500;25664;25666.5;25663.25;25665.5;52
20251204 122600;25665.25;25665.25;25663;25663;58
20251204 122700;25663.25;25665.5;25662;25665.5;44
20251204 122800;25665;25665.25;25661.75;25664.75;61
20251204 122900;25664.75;25665.5;25662.75;25663.5;16
20251204 123000;25663.5;25663.75;25661.5;25662.5;24
20251204 123100;25662.5;25665.5;25660.75;25665.5;82
20251204 123200;25665.5;25669.5;25664.5;25668.75;58
20251204 123300;25668.75;25668.75;25665.25;25667;65
20251204 123400;25666.75;25666.75;25658.25;25658.25;149
20251204 123500;25658.25;25661.25;25655.25;25659.75;130
20251204 123600;25659.5;25662.75;25659.5;25661.25;130
20251204 123700;25661.75;25665.25;25661.25;25661.5;96
20251204 123800;25662;25663.75;25660.25;25663;53
20251204 123900;25662.5;25664.75;25660.75;25662.75;104
20251204 124000;25663.5;25664.75;25659.75;25663.5;123
20251204 124100;25663.5;25664.5;25656.25;25657;139
20251204 124200;25656.75;25661.25;25656.75;25661.25;58
20251204 124300;25661;25665.75;25660.25;25660.75;143
20251204 124400;25662.25;25668.75;25662.25;25667.75;78
20251204 124500;25667.5;25670;25664.75;25669.5;82
20251204 124600;25669;25671;25666.75;25670.25;63
20251204 124700;25669.5;25669.5;25667.5;25669;38
20251204 124800;25668.5;25672;25665.75;25666.75;84
20251204 124900;25667.75;25669;25665.5;25666.5;47
20251204 125000;25666;25666.25;25660.25;25661.25;63
20251204 125100;25661.25;25664;25659;25663.25;53
20251204 125200;25663;25667.5;25660.25;25666.75;57
20251204 125300;25667.5;25674.5;25667.5;25674.25;122
20251204 125400;25673.5;25674.5;25665.25;25666.25;104
20251204 125500;25665.25;25667.25;25664.25;25665.25;87
20251204 125600;25665.25;25666.25;25663;25665;29
20251204 125700;25664.5;25665;25661.75;25662;28
20251204 125800;25661.75;25662.5;25657.5;25659.75;152
20251204 125900;25659.5;25660.25;25658;25658.75;82
20251204 130000;25659;25660.5;25657.75;25658.75;50
20251204 130100;25657.75;25659.25;25656;25657.75;77
20251204 130200;25657.75;25661;25657.75;25659.5;63
20251204 130300;25658.5;25658.75;25649.75;25652.25;195
20251204 130400;25651.5;25653.5;25649.75;25653.5;108
20251204 130500;25653.75;25654.5;25651.5;25653;61
20251204 130600;25652.25;25652.75;25648.5;25650;101
20251204 130700;25649.25;25655.75;25649;25655.75;115
20251204 130800;25655;25658.25;25652;25657.75;107
20251204 130900;25656;25658.25;25656;25657.5;41
20251204 131000;25658;25658;25655.5;25656;40
20251204 131100;25656.75;25656.75;25652.5;25652.5;129
20251204 131200;25652.75;25657.5;25651;25652;77
20251204 131300;25652.25;25652.25;25643.25;25645;154
20251204 131400;25645.25;25647.25;25641.5;25647;144
20251204 131500;25647;25647;25637.25;25638.25;190
20251204 131600;25639.25;25642;25635.75;25641.75;139
20251204 131700;25642;25643.5;25640;25641.25;91
20251204 131800;25643;25644.5;25639;25642.5;46
20251204 131900;25643;25646.75;25643;25646.25;42
20251204 132000;25647.5;25649;25646;25648.5;52
20251204 132100;25648.25;25648.75;25643.5;25647;62
20251204 132200;25646;25647;25645.25;25647;22
20251204 132300;25647.25;25652.25;25647.25;25651.75;109
20251204 132400;25651.75;25652.5;25649.25;25650.5;32
20251204 132500;25651;25654.75;25651;25654;82
20251204 132600;25653.5;25654.25;25650.5;25654;78
20251204 132700;25654.5;25657.5;25652.25;25653;86
20251204 132800;25653;25656.25;25652.25;25655.25;52
20251204 132900;25654.75;25656.5;25654.25;25655.25;41
20251204 133000;25655.5;25657;25653.25;25654.75;78
20251204 133100;25653.5;25666.5;25650;25654.5;719
20251204 133200;25654.5;25654.5;25630.25;25636.5;593
20251204 133300;25636.75;25648.5;25636.25;25645.5;244
20251204 133400;25645.25;25651.25;25641.25;25648.75;150
20251204 133500;25650.25;25653.25;25644.25;25647.25;128
20251204 133600;25648.25;25648.25;25639;25643.25;196
20251204 133700;25644;25651.5;25642.25;25643.5;121
20251204 133800;25643.25;25652.5;25643.25;25649.5;103
20251204 133900;25650.25;25651.75;25646;25649.75;104
20251204 134000;25651.25;25651.25;25644;25644.75;76
20251204 134100;25644;25644.5;25639.25;25641.75;136
20251204 134200;25642;25648.5;25640.25;25640.25;108
20251204 134300;25640;25643.25;25632.5;25638;202
20251204 134400;25637.5;25637.75;25628;25634.75;245
20251204 134500;25634.5;25641.5;25632.75;25641;175
20251204 134600;25640.5;25643.75;25636;25636.75;149
20251204 134700;25637.25;25638;25631.75;25632;119
20251204 134800;25632.25;25633;25624.25;25632.25;322
20251204 134900;25632.5;25634.75;25628.25;25632.75;147
20251204 135000;25633;25638.5;25632.25;25636.25;142
20251204 135100;25637;25638.25;25628.75;25635;223
20251204 135200;25635.25;25636.5;25627.25;25627.25;174
20251204 135300;25627;25627.5;25618.25;25624.25;539
20251204 135400;25624.25;25633.25;25624.25;25632.5;244
20251204 135500;25633;25633.25;25627.75;25631.25;71
20251204 135600;25631.25;25636.25;25631.25;25632.75;202
20251204 135700;25632.5;25634.75;25627.75;25634;169
20251204 135800;25633.5;25635.75;25630.25;25632.25;77
20251204 135900;25631;25634.25;25628;25632.5;76
20251204 140000;25633;25636;25631.25;25632;85
20251204 140100;25631.75;25652.5;25631.5;25650;923
20251204 140200;25649.75;25659.25;25647.75;25658.5;529
20251204 140300;25659;25663.75;25654.5;25662.5;460
20251204 140400;25662.25;25672.75;25659.25;25672.25;459
20251204 140500;25672;25677;25667.25;25668.25;607
20251204 140600;25668.25;25676;25666.25;25671.5;448
20251204 140700;25672.25;25679;25671.5;25677.5;288
20251204 140800;25677.25;25687.25;25675.5;25686.75;560
20251204 140900;25687.25;25709.25;25686.25;25708.25;1297
20251204 141000;25708.75;25716.25;25706.25;25711;915
20251204 141100;25711.25;25715.5;25706.25;25711.5;824
20251204 141200;25710.75;25719.75;25709.75;25718.5;632
20251204 141300;25719.25;25732.5;25718.5;25725.75;1212
20251204 141400;25725.75;25732;25722.25;25723.5;591
20251204 141500;25723;25726;25721;25724.25;369
20251204 141600;25724.75;25728.5;25719.25;25720.75;398
20251204 141700;25720.5;25721.5;25705.75;25708;826
20251204 141800;25707;25712.25;25702.5;25707.25;491
20251204 141900;25708.25;25709.5;25704;25706.75;194
20251204 142000;25706.5;25707.25;25697;25705.75;438
20251204 142100;25705.75;25707.25;25702.25;25704.25;263
20251204 142200;25704;25706.75;25698.75;25705;278
20251204 142300;25704.5;25705;25700;25700.25;301
20251204 142400;25700.25;25701.75;25694;25694;272
20251204 142500;25694.25;25697.25;25691.75;25697;311
20251204 142600;25696.5;25700;25691.25;25691.5;495
20251204 142700;25691.25;25699.5;25691.25;25695;268
20251204 142800;25694.5;25696.75;25688.75;25695.25;379
20251204 142900;25695.75;25712.5;25695.75;25712;810
20251204 143000;25711.25;25712.25;25705.5;25711.75;917
20251204 143100;25712;25713;25665;25669;5183
20251204 143200;25669.5;25678.5;25647.25;25648;3437
20251204 143300;25647.75;25658.5;25637.5;25657;3354
20251204 143400;25656.25;25667.75;25615.5;25619.75;3171
20251204 143500;25619.75;25619.75;25560;25566.5;6126
20251204 143600;25567.5;25614.25;25550.75;25608.25;4560
20251204 143700;25608.75;25637;25598;25631.25;3581
20251204 143800;25632.25;25636;25595.5;25612.75;2590
20251204 143900;25613.25;25618.75;25588.75;25617.25;2215
20251204 144000;25618;25628.25;25604.25;25617;1736
20251204 144100;25617.25;25642.75;25613;25638;2478
20251204 144200;25636.75;25639.5;25600.25;25607.75;2164
20251204 144300;25608;25619.5;25578.5;25592.25;2919
20251204 144400;25593.25;25611.25;25577.5;25609;2346
20251204 144500;25607;25612;25588.5;25591;1346
20251204 144600;25590.75;25608.5;25582;25590.5;1778
20251204 144700;25591;25602;25578;25590;1637
20251204 144800;25589;25598;25570;25583;1720
20251204 144900;25583.75;25599;25581;25589.25;1561
20251204 145000;25589;25603.25;25584.5;25584.5;992
20251204 145100;25584.5;25604.75;25577.25;25600.5;1345
20251204 145200;25598.75;25598.75;25566;25573.75;1656
20251204 145300;25572.75;25588;25561.5;25586.25;1876
20251204 145400;25586.5;25591.25;25571.75;25573.25;1198
20251204 145500;25572;25586.25;25565;25584.5;1017
20251204 145600;25584;25599;25575.75;25593;1232
20251204 145700;25591.5;25603.75;25575.75;25575.75;1260
20251204 145800;25576;25579.75;25552.75;25555.5;1533
20251204 145900;25555.25;25566.5;25540.25;25554;2315
20251204 150000;25554.25;25562;25545;25555.5;1508
20251204 150100;25555.5;25577.5;25548.75;25562.75;1729
20251204 150200;25563;25572.25;25555.25;25560;1068
20251204 150300;25560;25566.25;25552.75;25561.5;1047
20251204 150400;25561.5;25573.25;25558.75;25564.5;1215
20251204 150500;25565.25;25571.5;25557.25;25568;1055
20251204 150600;25566.75;25581.25;25560.5;25573;1644
20251204 150700;25572;25579.5;25561;25576;1263
20251204 150800;25575.75;25577.25;25556;25558;1122
20251204 150900;25559.25;25583.75;25559;25580;1156
20251204 151000;25580.5;25592;25573.75;25575.5;1497
20251204 151100;25574;25579.75;25555.25;25556;1418
20251204 151200;25555.75;25568.5;25551;25567.75;1285
20251204 151300;25568;25572.25;25558.25;25560.5;1045
20251204 151400;25561.25;25569.75;25545.25;25563;1499
20251204 151500;25562.25;25578.25;25560.75;25567.5;1320
20251204 151600;25567;25569.75;25548.25;25557;1568
20251204 151700;25557.5;25579.25;25551;25576.75;1254
20251204 151800;25577.5;25588.75;25572.5;25578;1575
20251204 151900;25578;25583.75;25564.25;25572.25;1282
20251204 152000;25572.75;25577.25;25568;25569.5;649
20251204 152100;25569;25583.5;25562.5;25581.5;927
20251204 152200;25581;25592.25;25577.75;25584;1635
20251204 152300;25584.25;25594.75;25582;25593.75;1027
20251204 152400;25594;25597.5;25576.5;25578.25;1333
20251204 152500;25577.25;25579.75;25557.25;25562;1547
20251204 152600;25560.75;25562;25520.5;25526.75;3745
20251204 152700;25526.25;25548.25;25521.25;25542;2776
20251204 152800;25542;25559.25;25539.25;25547;1616
20251204 152900;25547.5;25583.75;25543.75;25583.5;2097
20251204 153000;25583.75;25594.5;25580.75;25591;1867
20251204 153100;25590.5;25598.25;25581;25597.5;1755
20251204 153200;25597.25;25599;25587;25590.5;1120
20251204 153300;25589.25;25595.25;25582.25;25586;935
20251204 153400;25586.25;25596.5;25579;25595.75;1123
20251204 153500;25595.5;25605;25592.5;25596.25;1412
20251204 153600;25596;25603.25;25593.25;25597.75;1084
20251204 153700;25597.25;25607.5;25593.75;25607;801
20251204 153800;25606.5;25625.5;25602.5;25623.5;2204
20251204 153900;25623.75;25628.5;25613;25624;1510
20251204 154000;25623.75;25631.75;25619;25628.25;1097
20251204 154100;25628.75;25629.75;25620.75;25625.25;857
20251204 154200;25625.25;25632.75;25614.75;25632.25;1498
20251204 154300;25631.75;25639.25;25627.25;25630;1143
20251204 154400;25629.75;25632.75;25622.25;25625;974
20251204 154500;25624.5;25630.5;25617.25;25630.5;1266
20251204 154600;25630.5;25636;25625.75;25632;1304
20251204 154700;25631.5;25631.75;25617.25;25622;1188
20251204 154800;25622.25;25624.25;25591.75;25598;2527
20251204 154900;25598.5;25608.75;25593.75;25602.75;1568
20251204 155000;25602.75;25603.75;25582.5;25597.25;1728
20251204 155100;25597.25;25599;25579.5;25581.5;1454
20251204 155200;25581;25591;25578.5;25582.25;1169
20251204 155300;25581.25;25583.75;25566;25581.25;1761
20251204 155400;25581.25;25588.25;25570.5;25587.25;1197
20251204 155500;25587;25597.75;25584;25588;1316
20251204 155600;25587;25593.25;25584;25584;752
20251204 155700;25583.75;25586.75;25571.5;25574;1287
20251204 155800;25574.25;25583;25568;25570.5;1112
20251204 155900;25570.25;25580;25569.5;25578.25;959
20251204 160000;25577.75;25578.25;25569;25569.75;773
20251204 160100;25569.5;25583.5;25557;25568.5;2061
20251204 160200;25568.25;25571.25;25555.75;25555.75;1197
20251204 160300;25556;25567.5;25553.75;25563.75;1199
20251204 160400;25564.75;25568;25546.25;25550.25;1467
20251204 160500;25549.75;25550;25528;25533.75;2531
20251204 160600;25533.5;25533.5;25511;25515.25;2944
20251204 160700;25515;25532.25;25505;25528.5;2526
20251204 160800;25528;25544.5;25524.5;25530.5;1606
20251204 160900;25530.75;25539.25;25528;25530.75;1087
20251204 161000;25530.5;25549.5;25530.25;25548.75;1164
20251204 161100;25548.75;25556.75;25540.75;25540.75;1362
20251204 161200;25541.75;25542.5;25522;25529.5;1276
20251204 161300;25529.25;25555.5;25525.75;25541.75;1563
20251204 161400;25541;25555;25538;25551;1032
20251204 161500;25550.75;25561.5;25543.5;25550.5;1243
20251204 161600;25551;25552.5;25538.25;25541.5;883
20251204 161700;25542.25;25557;25539.75;25557;829
20251204 161800;25556.25;25564.5;25554.75;25557.25;1186
20251204 161900;25557.25;25567.75;25552.25;25565.25;1315
20251204 162000;25565.5;25575;25565;25572.75;1548
20251204 162100;25572.75;25576;25567.75;25573.5;1301
20251204 162200;25574.25;25588.75;25573.5;25585.5;1505
20251204 162300;25586;25590.75;25583.25;25585;972
20251204 162400;25584.75;25588.75;25579.25;25588.5;795
20251204 162500;25589;25597.25;25588.25;25592.5;960
20251204 162600;25592.75;25594.25;25580;25581.25;998
20251204 162700;25581.5;25581.5;25567;25571.5;1706
20251204 162800;25572.25;25575.5;25565;25573.25;1007
20251204 162900;25573.75;25574;25565.75;25569.75;775
20251204 163000;25570.25;25587.5;25568.25;25582.5;1102
20251204 163100;25582.75;25582.75;25570.5;25572.75;1243
20251204 163200;25573.25;25587.75;25570.25;25587.75;870
20251204 163300;25587.75;25594.75;25586;25593.5;1147
20251204 163400;25592.75;25600.5;25585;25586.5;1210
20251204 163500;25586.25;25589.25;25573.5;25576.5;1252
20251204 163600;25577.25;25591.5;25571.75;25583;1123
20251204 163700;25583.25;25594.5;25580.5;25591.25;767
20251204 163800;25591.75;25598.75;25586.5;25596.25;857
20251204 163900;25596.25;25597.5;25575.25;25579.5;1195
20251204 164000;25579;25580.75;25568;25580;1193
20251204 164100;25580;25581.25;25572.5;25578.25;785
20251204 164200;25577.5;25582;25568.5;25569.25;839
20251204 164300;25568.5;25574;25565.25;25570;823
20251204 164400;25570;25577.5;25567.25;25572.5;681
20251204 164500;25572.75;25575.25;25564.5;25569.25;621
20251204 164600;25569.5;25582.75;25569;25575.5;851
20251204 164700;25575.25;25597.75;25572.25;25597.5;1266
20251204 164800;25597.25;25605;25590.25;25602.25;1441
20251204 164900;25602.75;25615.25;25598;25614.75;1026
20251204 165000;25615.25;25620;25613.75;25617.25;959
20251204 165100;25618;25620.75;25611.5;25620.25;992
20251204 165200;25620.25;25633.75;25618.75;25630.25;1468
20251204 165300;25630.75;25635.5;25625.5;25631.5;1033
20251204 165400;25632;25636.5;25631;25635.5;807
20251204 165500;25635;25636;25621.5;25630;1590
20251204 165600;25629.75;25630.5;25624;25628;828
20251204 165700;25628;25638;25626.75;25636.25;1121
20251204 165800;25636;25644;25633.75;25644;1069
20251204 165900;25644;25647;25637.5;25643.25;974
20251204 170000;25643.75;25650.25;25641.75;25642;1060
20251204 170100;25641.75;25647.5;25634.5;25646;1522
20251204 170200;25646.5;25653.25;25639;25641.5;806
20251204 170300;25641.5;25648.5;25635.25;25644.75;849
20251204 170400;25645.25;25651;25642;25648.5;568
20251204 170500;25647.75;25649.75;25634.75;25638.5;852
20251204 170600;25638;25638.5;25624.75;25631.25;1349
20251204 170700;25631.25;25632.75;25621.25;25622.25;749
20251204 170800;25622.5;25626;25617;25620;1051
20251204 170900;25620.5;25622.75;25615;25616.75;584
20251204 171000;25617.5;25618.25;25604.5;25616;1262
20251204 171100;25616.25;25619.75;25608.25;25610;752
20251204 171200;25610.25;25613.25;25603.5;25607.75;870
20251204 171300;25607.25;25616.75;25600;25614.75;1163
20251204 171400;25614.5;25625.25;25612.5;25625;1056
20251204 171500;25625.25;25633;25622.75;25632.25;1104
20251204 171600;25632.25;25634.75;25613.75;25622;1214
20251204 171700;25622.25;25623.75;25615;25616.75;427
20251204 171800;25617;25626.5;25615.25;25625.25;386
20251204 171900;25625.5;25628;25618.75;25618.75;437
20251204 172000;25618.5;25624.25;25615.75;25620.75;464
20251204 172100;25621.5;25625;25617;25617;496
20251204 172200;25618.25;25624.5;25613.25;25616.25;592
20251204 172300;25616.25;25616.5;25607.5;25609.25;665
20251204 172400;25609.25;25613;25606;25610;528
20251204 172500;25610;25612.25;25597.25;25601.25;881
20251204 172600;25601.5;25610.75;25600.5;25610;747
20251204 172700;25610.5;25616.5;25608.75;25613.25;683
20251204 172800;25612.75;25617;25608.75;25614.75;443
20251204 172900;25614.75;25615.75;25609.25;25611;375
20251204 173000;25610.75;25611.25;25598;25600.75;632
20251204 173100;25601;25604.25;25593;25597.5;1097
20251204 173200;25598.25;25600.25;25589.75;25594.5;778
20251204 173300;25594.5;25600.25;25588.5;25589;684
20251204 173400;25588.75;25594.5;25585.75;25593.25;687
20251204 173500;25593.5;25605.5;25592.5;25600.25;660
20251204 173600;25600.25;25610.25;25600;25610;607
20251204 173700;25610.5;25622;25608;25616.5;1329
20251204 173800;25616.5;25624;25615.5;25622;667
20251204 173900;25622;25625.5;25612.75;25612.75;539
20251204 174000;25612.75;25614;25602.25;25603.25;603
20251204 174100;25602;25607.5;25595.25;25595.75;694
20251204 174200;25595;25604.25;25592.25;25601.5;606
20251204 174300;25602.25;25607.5;25599.25;25605.5;608
20251204 174400;25606;25607.25;25598;25602.25;425
20251204 174500;25602.75;25614.75;25602;25613.25;814
20251204 174600;25613.5;25616.5;25608;25609.75;624
20251204 174700;25610;25612.75;25605;25609.75;530
20251204 174800;25609.75;25616;25609.5;25613.25;481
20251204 174900;25613.5;25615.25;25607.75;25610.75;320
20251204 175000;25609.75;25609.75;25599;25600.75;647
20251204 175100;25601;25609.5;25599.25;25609.5;662
20251204 175200;25609;25612.75;25606;25612.75;452
20251204 175300;25612.25;25616.5;25611;25611.25;501
20251204 175400;25611;25616.25;25610.75;25612.5;524
20251204 175500;25612.5;25618.75;25609.25;25618;331
20251204 175600;25618;25621.25;25616;25618;508
20251204 175700;25618.25;25619.75;25608.75;25612;492
20251204 175800;25611.25;25615.25;25609.25;25614.25;343
20251204 175900;25614.75;25622.5;25614.5;25621.25;579
20251204 180000;25621.75;25622.25;25614.75;25617.5;514
20251204 180100;25617.5;25620;25613.25;25617.75;429
20251204 180200;25617.75;25620.5;25615;25615.25;306
20251204 180300;25614.25;25617.5;25610;25610.75;305
20251204 180400;25610.5;25613.75;25606.25;25607;588
20251204 180500;25607.5;25613.25;25607.25;25611;302
20251204 180600;25611.25;25611.25;25595.25;25595.5;860
20251204 180700;25595.5;25598.75;25589.5;25594.75;1036
20251204 180800;25594.5;25596;25574.75;25575.5;1473
20251204 180900;25575.25;25590.25;25574.75;25587.5;1166
20251204 181000;25588;25592;25582;25591;567
20251204 181100;25591.75;25597.5;25588.5;25590.75;736
20251204 181200;25591;25591;25578.5;25583.5;889
20251204 181300;25583.25;25588.5;25579.5;25586.5;384
20251204 181400;25586.5;25597.75;25586;25594.25;679
20251204 181500;25595;25605.75;25593.25;25603;785
20251204 181600;25603;25613.75;25602.5;25612.75;791
20251204 181700;25612.75;25618;25609.75;25612.5;960
20251204 181800;25612.75;25619.5;25612.25;25614.25;719
20251204 181900;25614.5;25614.75;25608.75;25609;565
20251204 182000;25609;25609;25598;25601.75;678
20251204 182100;25601.5;25608.75;25600.75;25606.25;586
20251204 182200;25606.5;25610.5;25603.5;25606.5;533
20251204 182300;25606.25;25612.25;25605.5;25608.5;535
20251204 182400;25607.75;25614;25606.5;25611;370
20251204 182500;25611.25;25615.5;25610.5;25614.75;433
20251204 182600;25614.25;25615.5;25610;25615.5;403
20251204 182700;25616;25618.5;25611;25611.5;586
20251204 182800;25611.5;25615.5;25608.75;25615;426
20251204 182900;25615.25;25622;25614.5;25620.25;803
20251204 183000;25620.75;25626.5;25620.5;25621.25;527
20251204 183100;25621.25;25624;25618.5;25623.5;551
20251204 183200;25623.25;25629.75;25621.75;25629;610
20251204 183300;25629;25632.5;25627.5;25630.25;677
20251204 183400;25630.25;25630.25;25618.75;25618.75;911
20251204 183500;25619.5;25625.75;25618.25;25621.25;569
20251204 183600;25621.5;25622;25612.75;25617.5;810
20251204 183700;25617.5;25620.5;25615.5;25616.5;331
20251204 183800;25618;25619.5;25609.25;25614.5;634
20251204 183900;25614.5;25617;25611.25;25614;449
20251204 184000;25613.75;25621.25;25613.5;25616.5;419
20251204 184100;25616;25619.25;25606.75;25607.25;630
20251204 184200;25607;25607;25595.5;25598.25;1380
20251204 184300;25598.75;25605.25;25597.75;25605;814
20251204 184400;25605.25;25608;25599.25;25601;507
20251204 184500;25601.25;25604;25597.75;25600;406
20251204 184600;25600;25607;25599.5;25603.5;485
20251204 184700;25603.25;25608.75;25600;25604.5;408
20251204 184800;25604;25604.5;25594;25595.25;725
20251204 184900;25595;25599.5;25592.5;25596.25;623
20251204 185000;25596;25599.5;25594.5;25597.25;360
20251204 185100;25597.25;25603;25595.25;25601.75;587
20251204 185200;25601.75;25610;25601;25608.5;528
20251204 185300;25608;25611.5;25602.5;25605.25;530
20251204 185400;25606.25;25609.75;25604.25;25608;401
20251204 185500;25608.25;25610.25;25604.25;25607.25;275
20251204 185600;25607.25;25607.75;25598.5;25598.75;468
20251204 185700;25598.5;25606.25;25597.75;25605.75;410
20251204 185800;25605.75;25609;25604.5;25607.75;291
20251204 185900;25608.25;25611.25;25600.75;25603.5;407
20251204 190000;25604;25609.25;25603;25604;265
20251204 190100;25603.75;25605.75;25596.75;25597.5;657
20251204 190200;25596.75;25607;25595.25;25604.25;654
20251204 190300;25604.75;25607.5;25600;25604.75;373
20251204 190400;25604.5;25607.25;25602;25603;261
20251204 190500;25603.25;25603.25;25597.75;25599.75;418
20251204 190600;25599.25;25607.5;25599;25605.5;401
20251204 190700;25605;25612;25605;25606.25;442
20251204 190800;25606;25606.75;25597.75;25598.25;558
20251204 190900;25597.5;25599.25;25592.75;25597.25;845
20251204 191000;25597.25;25607.5;25596.5;25602.75;635
20251204 191100;25602.5;25604.25;25596;25601.75;623
20251204 191200;25601.5;25603.25;25597.75;25601;433
20251204 191300;25601;25603;25591;25592;582
20251204 191400;25591.75;25593.75;25583.25;25592;1292
20251204 191500;25591.5;25595.5;25589.25;25592.75;479
20251204 191600;25592.75;25592.75;25584;25587.5;758
20251204 191700;25587.25;25587.5;25575.75;25578.25;1106
20251204 191800;25578.5;25588.25;25577.75;25585.5;680
20251204 191900;25583.75;25584.75;25573.25;25573.5;708
20251204 192000;25573;25573.75;25542.25;25545;2781
20251204 192100;25544.5;25548.5;25515;25528.5;3084
20251204 192200;25528;25528;25497.25;25513.75;3003
20251204 192300;25513.25;25519.25;25499.25;25499.25;1750
20251204 192400;25500.75;25511.75;25488.75;25501.75;1952
20251204 192500;25501;25516;25494.5;25512;1455
20251204 192600;25512.5;25534.25;25508.25;25524.75;2226
20251204 192700;25524;25535;25521.25;25533.5;1049
20251204 192800;25533.75;25548.75;25532.25;25547.75;1436
20251204 192900;25548;25551.25;25542.25;25547.5;886
20251204 193000;25548.25;25548.75;25529.25;25532.5;1423
20251204 193100;25532.5;25540.5;25524.75;25538;1260
20251204 193200;25536.75;25548.75;25536.25;25538.25;828
20251204 193300;25539;25558.25;25539;25558.25;908
20251204 193400;25558.25;25564.75;25556.5;25562.5;1088
20251204 193500;25562.25;25572.75;25562.25;25571.75;1043
20251204 193600;25572.25;25590.5;25571.25;25588.25;1863
20251204 193700;25588.25;25600.25;25588.25;25599.25;1545
20251204 193800;25600;25610.25;25599.5;25606.75;1446
20251204 193900;25607.25;25611.5;25590.5;25592;1573
20251204 194000;25592;25601;25587.5;25589.5;1046
20251204 194100;25589;25597.75;25584;25590.5;1154
20251204 194200;25590.25;25590.75;25576.25;25576.25;1105
20251204 194300;25576.25;25591.25;25576;25590.5;979
20251204 194400;25591.25;25593.25;25587;25589;695
20251204 194500;25589;25595.5;25588;25591.75;493
20251204 194600;25592;25599.5;25589.75;25592.75;716
20251204 194700;25592.5;25594.75;25586.25;25592.25;642
20251204 194800;25592;25598.25;25591;25598.25;385
20251204 194900;25598.25;25608;25596.5;25603.25;863
20251204 195000;25603.25;25603.25;25594;25600.5;560
20251204 195100;25601.25;25605.25;25591.25;25596.75;1395
20251204 195200;25596;25603.25;25588.5;25595;906
20251204 195300;25594.25;25602;25588.75;25596.5;607
20251204 195400;25597.25;25601.75;25595.25;25596;405
20251204 195500;25595.5;25601.75;25593;25594.25;431
20251204 195600;25593.5;25603.75;25587.25;25603.75;676
20251204 195700;25604;25605.25;25594;25596;973
20251204 195800;25596.75;25600;25592.5;25597.25;531
20251204 195900;25597.5;25598.25;25582.25;25582.25;745
20251204 200000;25582.25;25592.75;25580.5;25589;623
20251204 200100;25589.25;25592.75;25585.25;25589.75;908
20251204 200200;25590.25;25593.5;25581;25584.5;681
20251204 200300;25583.5;25591;25582;25586;419
20251204 200400;25586.75;25592;25582.5;25585.75;571
20251204 200500;25585.75;25587.25;25571.5;25571.75;1378
20251204 200600;25571.5;25580.5;25561.5;25579.25;1659
20251204 200700;25579;25580.75;25563.75;25564;713
20251204 200800;25563.75;25565;25551.75;25558.25;1339
20251204 200900;25559;25566.25;25551.75;25564.75;971
20251204 201000;25565;25575.25;25561.5;25575.25;736
20251204 201100;25575;25583.75;25571.25;25583.5;1099
20251204 201200;25583.5;25586;25574.5;25581.25;634
20251204 201300;25582;25584;25574.75;25582.75;583
20251204 201400;25583;25592.5;25583;25590;1031
20251204 201500;25590.25;25593.75;25583.75;25587.75;690
20251204 201600;25587.75;25588;25580.25;25582.75;704
20251204 201700;25582;25582;25575.75;25578;727
20251204 201800;25578.5;25581.5;25571.75;25573;785
20251204 201900;25572.25;25575.5;25565.25;25573.75;697
20251204 202000;25573.25;25579.5;25568;25579;730
20251204 202100;25579.5;25581.25;25570.25;25570.25;651
20251204 202200;25570.5;25577.25;25568.75;25574;495
20251204 202300;25574.75;25580.5;25572.5;25575;525
20251204 202400;25575.25;25578;25567.75;25568.5;507
20251204 202500;25568.5;25573.25;25567;25568.5;617
20251204 202600;25569;25576.25;25563.75;25574;775
20251204 202700;25574;25578.75;25570;25574.5;583
20251204 202800;25576;25578.25;25571.75;25575.5;386
20251204 202900;25576;25580;25571.75;25572.5;314
20251204 203000;25573;25574;25562;25563.75;1013
20251204 203100;25563.5;25575.25;25560.5;25572.5;826
20251204 203200;25572.5;25575.5;25564.5;25574.25;590
20251204 203300;25574.25;25580;25571.25;25579.25;669
20251204 203400;25579.25;25583.25;25578.25;25578.25;444
20251204 203500;25578.5;25583;25576.25;25577;530
20251204 203600;25577.75;25579.5;25568;25570.5;536
20251204 203700;25570;25570.75;25564.25;25570.5;471
20251204 203800;25570.5;25578.75;25567;25574.75;495
20251204 203900;25574;25576;25571.25;25574.5;282
20251204 204000;25575.5;25579.5;25574.75;25577.5;416
20251204 204100;25577.5;25580;25569.25;25572.25;590
20251204 204200;25573;25574.5;25566.5;25567.5;575
20251204 204300;25566.5;25572.25;25565.25;25567;565
20251204 204400;25567.75;25570.75;25562.75;25569.5;566
20251204 204500;25569;25573.5;25566;25570.5;527
20251204 204600;25570.25;25572.75;25564.25;25567;549
20251204 204700;25566.5;25575.5;25564;25574.25;553
20251204 204800;25574.75;25579.5;25573.75;25578.75;564
20251204 204900;25579.5;25583.75;25577.5;25578.75;650
20251204 205000;25578.75;25584.5;25578.5;25584;561
20251204 205100;25584.25;25608;25584;25605;2823
20251204 205200;25605.5;25610.25;25602.75;25610.25;1100
20251204 205300;25610.25;25616.75;25606.75;25609.75;1667
20251204 205400;25610.25;25610.75;25603.5;25605;1057
20251204 205500;25605;25612.25;25593.5;25598;2555
20251204 205600;25598.25;25613.5;25598;25606.25;1591
20251204 205700;25606.5;25607.25;25595.25;25597.5;770
20251204 205800;25597.5;25609.25;25597.5;25608.5;897
20251204 205900;25608.75;25610;25602.25;25605.5;981
20251204 210000;25605.75;25632.75;25604.25;25627.75;5848
20251204 210100;25627.25;25633.75;25620.5;25629.5;3345
20251204 210200;25629.25;25630.75;25622;25626.75;1008
20251204 210300;25626.5;25631.75;25624.75;25630.75;824
20251204 210400;25630.5;25634.75;25629.5;25633.25;827
20251204 210500;25633.25;25633.5;25620.5;25620.5;653
20251204 210600;25621;25621.5;25617;25618;512
20251204 210700;25617.5;25625.5;25617.25;25625.25;261
20251204 210800;25625.75;25633;25624.5;25633;308
20251204 210900;25632.5;25635;25631.5;25631.75;371
20251204 211000;25631;25634.75;25630.75;25634.25;244
20251204 211100;25634.25;25634.5;25629.5;25630.75;304
20251204 211200;25631;25633.5;25630.25;25631.25;159
20251204 211300;25631.25;25632.75;25629;25630.5;126
20251204 211400;25630.25;25634.5;25628;25633.5;269
20251204 211500;25633.75;25634.75;25631.5;25632.25;217
20251204 211600;25632.5;25634.5;25631.75;25632.5;186
20251204 211700;25632.75;25634.5;25632.25;25632.25;87
20251204 211800;25632.75;25634.75;25631.75;25633.25;133
20251204 211900;25633.5;25635.5;25632.25;25634;240
20251204 212000;25634.5;25636;25633.75;25635.25;213
20251204 212100;25634.75;25637.75;25634.75;25636;118
20251204 212200;25636;25637.75;25633.5;25637.25;101
20251204 212300;25637.75;25637.75;25635.25;25636;104
20251204 212400;25637;25637;25632.75;25634.25;150
20251204 212500;25634;25636.25;25634;25634.25;48
20251204 212600;25634.75;25636.75;25634.25;25635.5;125
20251204 212700;25635.25;25636;25633.75;25634.25;78
20251204 212800;25635;25636.75;25634.25;25636.5;108
20251204 212900;25636.5;25637;25635;25635.25;107
20251204 213000;25635.5;25635.5;25633;25633.5;93
20251204 213100;25633;25633.5;25631.25;25633;44
20251204 213200;25632.75;25633.75;25631.5;25631.75;52
20251204 213300;25632;25633;25631;25632.5;69
20251204 213400;25632.75;25633.75;25631.75;25633.5;33
20251204 213500;25634;25634.25;25632.75;25632.75;28
20251204 213600;25632.75;25634.75;25632.75;25633.5;42
20251204 213700;25633.25;25633.75;25632.5;25632.5;16
20251204 213800;25632.75;25632.75;25631;25631.5;52
20251204 213900;25631.75;25632.25;25630.75;25630.75;50
20251204 214000;25630.5;25631.5;25628.5;25631.25;79
20251204 214100;25630.75;25631.5;25629.75;25630.25;54
20251204 214200;25630;25630;25627.5;25628;52
20251204 214300;25628.75;25629.5;25627.25;25629;50
20251204 214400;25628.75;25629.5;25628.25;25628.75;20
20251204 214500;25628.25;25629.25;25628.25;25629;41
20251204 214600;25629;25629.75;25628.5;25628.5;57
20251204 214700;25629;25629.25;25624.75;25627.25;160
20251204 214800;25627.25;25628.25;25627;25627.25;49
20251204 214900;25626.75;25627.75;25626.5;25627.25;52
20251204 215000;25627.25;25627.5;25626.25;25627.25;44
20251204 215100;25627.5;25627.75;25625;25625.75;72
20251204 215200;25625.5;25628.5;25625;25627.25;94
20251204 215300;25627.75;25627.75;25626.75;25626.75;44
20251204 215400;25626.75;25629.75;25625.75;25627;100
20251204 215500;25627.5;25628;25626.75;25626.75;17
20251204 215600;25627.25;25628.5;25627;25628.25;42
20251204 215700;25628.25;25629.25;25626;25626.25;47
20251204 215800;25626.75;25629;25626.5;25629;61
20251204 215900;25628.75;25630.5;25628.75;25630.5;40
20251204 220000;25630.5;25632.75;25630.25;25632.5;90
20251204 230100;25629.75;25647.5;25629.75;25638.75;334
20251204 230200;25639;25647.25;25637.5;25643.75;246
20251204 230300;25643;25645.25;25640;25643.25;74
20251204 230400;25643.25;25646.5;25642.5;25645;83
20251204 230500;25644.75;25648.75;25643.75;25646;91
20251204 230600;25644.5;25646.75;25638;25638.5;54
20251204 230700;25637.25;25642;25636;25639.25;52
20251204 230800;25640.5;25641.5;25638;25639.75;46
20251204 230900;25638.75;25639;25636.5;25636.75;41
20251204 231000;25636.75;25637;25633.75;25635.25;62
20251204 231100;25635.5;25639.25;25632.75;25638;46
20251204 231200;25637.5;25640;25636;25639.25;44
20251204 231300;25638.5;25639.5;25637;25637.25;46
20251204 231400;25637;25637;25628;25628.25;115
20251204 231500;25629.5;25633.75;25627;25631.5;104
20251204 231600;25632.25;25635.25;25629.75;25634.25;69
20251204 231700;25634;25635.5;25632.5;25634.75;38
20251204 231800;25633.25;25633.5;25631.5;25632;25
20251204 231900;25632;25634;25631;25633;24
20251204 232000;25633.25;25633.5;25632.5;25632.5;9
20251204 232100;25632.75;25632.75;25631.75;25632;10
20251204 232200;25631.5;25631.5;25628.5;25630.5;51
20251204 232300;25631.5;25634.5;25631.5;25634.5;35
20251204 232400;25633.5;25633.5;25628.75;25630.5;43
20251204 232500;25630.5;25631.5;25628.75;25629.5;48
20251204 232600;25629.5;25632.25;25629.5;25631.25;30
20251204 232700;25631.75;25634;25631.5;25634;18
20251204 232800;25634;25635.5;25631.25;25631.25;23
20251204 232900;25632.25;25632.25;25630.5;25631;14
20251204 233000;25633;25634;25631.75;25631.75;8
20251204 233100;25633;25634.5;25631.25;25633;26
20251204 233200;25632;25633;25631;25633;16
20251204 233300;25632.25;25633;25626;25626.25;81
20251204 233400;25626.75;25627.75;25615.75;25618;307
20251204 233500;25618.5;25619.5;25612.5;25615;103
20251204 233600;25614.5;25619.75;25613.75;25619.75;61
20251204 233700;25619.25;25621.5;25618.5;25619.75;40
20251204 233800;25621;25621.5;25619.75;25620;23
20251204 233900;25618.75;25620.5;25617;25618.5;30
20251204 234000;25619;25620.5;25618.75;25620.5;11
20251204 234100;25618.25;25618.25;25616.75;25617.25;16
20251204 234200;25617.75;25621.75;25615.25;25621.75;34
20251204 234300;25621;25623.75;25621;25622.5;21
20251204 234400;25622;25623.25;25618.75;25619.5;36
20251204 234500;25618.75;25618.75;25615.5;25618.25;37
20251204 234600;25617.25;25618.5;25614;25614.5;30
20251204 234700;25614.25;25614.25;25608.5;25610.5;114
20251204 234800;25611.25;25614;25611.25;25614;38
20251204 234900;25613.75;25618.5;25613.25;25617.5;40
20251204 235000;25618.25;25619;25616.5;25619;17
20251204 235100;25618.25;25626.5;25618;25625;79
20251204 235200;25623.75;25623.75;25621;25623;21
20251204 235300;25623.75;25624.75;25622.25;25623;25
20251204 235400;25622.75;25624.75;25622.5;25624.75;16
20251204 235500;25623.25;25625.25;25623.25;25624.5;18
20251204 235600;25623.5;25624.75;25623;25623.5;16
20251204 235700;25625;25625;25622;25622;8
20251204 235800;25622;25622.5;25617.75;25618.75;70
20251204 235900;25620;25620.75;25618.25;25620;18
20251205 000000;25620.25;25623.25;25619;25621;75
20251205 000100;25620.75;25629;25619.75;25627.25;143
20251205 000200;25626.75;25628;25618.75;25618.75;73
20251205 000300;25618.25;25621;25613.75;25621;90
20251205 000400;25624;25625;25620;25624.25;16
20251205 000500;25623.5;25626;25622.25;25623.25;31
20251205 000600;25624;25626.75;25619.25;25621.75;31
20251205 000700;25620.5;25620.5;25616;25616.5;50
20251205 000800;25615.5;25617.25;25612;25616.75;108
20251205 000900;25614;25618.25;25611;25617;59
20251205 001000;25617.5;25619.25;25616;25616.75;34
20251205 001100;25616.5;25617.25;25615;25615.75;11
20251205 001200;25617.25;25621;25617.25;25618.5;36
20251205 001300;25619.75;25621.25;25617.5;25617.5;22
20251205 001400;25620;25621.25;25619;25621;18
20251205 001500;25620;25620;25616.75;25617;31
20251205 001600;25618;25619.5;25616.75;25617.5;22
20251205 001700;25619.25;25623.75;25618.5;25622.25;36
20251205 001800;25621.25;25623.25;25618.5;25619.75;36
20251205 001900;25622;25622.25;25618.5;25621.5;14
20251205 002000;25621.5;25624.5;25621;25622.5;41
20251205 002100;25623.5;25624.75;25620.25;25622.5;42
20251205 002200;25624.25;25626.25;25623.25;25624.5;31
20251205 002300;25624.5;25632.5;25623.25;25631;90
20251205 002400;25631;25632.5;25626.5;25632.5;73
20251205 002500;25631.75;25643.5;25631.5;25641.25;368
20251205 002600;25642.5;25645;25638.75;25644.75;125
20251205 002700;25644.75;25645;25633.75;25638;117
20251205 002800;25638;25639.25;25636.5;25638.75;46
20251205 002900;25638;25642.25;25637.75;25639.25;63
20251205 003000;25638.25;25639.75;25637.5;25639.5;24
20251205 003100;25638.75;25639.25;25635;25635.75;55
20251205 003200;25636;25641.5;25636;25639;48
20251205 003300;25638;25642.5;25637;25640.5;31
20251205 003400;25641.25;25644.25;25641.25;25643.25;42
20251205 003500;25643.25;25647.75;25643;25643.5;105
20251205 003600;25643.5;25644.5;25642.75;25643;22
20251205 003700;25643.5;25646;25641.5;25645.75;47
20251205 003800;25646;25657.5;25644.5;25653.75;219
20251205 003900;25653.5;25657;25652.5;25654.75;84
20251205 004000;25654.5;25654.5;25649.25;25649.25;64
20251205 004100;25649;25649;25644.75;25645;74
20251205 004200;25644.75;25648;25644.25;25645;36
20251205 004300;25644;25648;25640;25646.5;92
20251205 004400;25646.25;25646.5;25644;25646.5;28
20251205 004500;25646.25;25648.75;25644.25;25648.75;62
20251205 004600;25648.25;25650;25643.25;25644.75;56
20251205 004700;25645.5;25645.5;25642.5;25645;43
20251205 004800;25645;25647;25644.75;25645.5;17
20251205 004900;25646.75;25653;25646.75;25652;72
20251205 005000;25652.25;25653;25650;25650.5;23
20251205 005100;25649.75;25651.75;25647.75;25649.5;38
20251205 005200;25651;25651;25648;25649.5;28
20251205 005300;25649;25650.5;25647.75;25649.5;28
20251205 005400;25648.75;25650.75;25648.5;25650;13
20251205 005500;25649;25650;25648.25;25649.5;18
20251205 005600;25649;25650.5;25647.75;25648.5;35
20251205 005700;25648;25648;25647;25647.75;8
20251205 005800;25648;25651.5;25647.75;25651.5;24
20251205 005900;25652;25654;25650.75;25652.25;43
20251205 010000;25651.5;25654.75;25651;25654;44
20251205 010100;25654;25664.75;25652.5;25663.5;275
20251205 010200;25664;25664.5;25659;25661.5;125
20251205 010300;25660.75;25664.25;25659;25663.75;54
20251205 010400;25664.75;25672;25664.75;25667.5;287
20251205 010500;25668;25668;25663.25;25664.25;64
20251205 010600;25664.25;25666.75;25657.75;25658.75;88
20251205 010700;25658.5;25661.75;25653.75;25660;71
20251205 010800;25661;25663.75;25661;25661.75;37
20251205 010900;25661.25;25664;25660;25662;23
20251205 011000;25662;25664;25658.25;25660;50
20251205 011100;25659.5;25664;25659.25;25662;37
20251205 011200;25661.5;25663;25659;25661;36
20251205 011300;25660.75;25663;25660.75;25662.75;15
20251205 011400;25662.75;25663;25660.75;25662.5;26
20251205 011500;25663;25663.25;25660.5;25663.25;32
20251205 011600;25663.5;25666.25;25661.75;25664.25;71
20251205 011700;25665;25666.5;25664;25665;51
20251205 011800;25664;25666.25;25661.75;25662.5;28
20251205 011900;25662;25662;25660;25660;26
20251205 012000;25660.25;25664.5;25660;25664;31
20251205 012100;25664.75;25665;25663;25663.25;17
20251205 012200;25664;25665.75;25663.5;25665.75;42
20251205 012300;25665;25672;25665;25667;196
20251205 012400;25665.75;25666.75;25663.75;25664.5;28
20251205 012500;25664;25668;25664;25666.75;29
20251205 012600;25664.75;25668.5;25664.75;25668;32
20251205 012700;25666.75;25666.75;25662;25664.5;43
20251205 012800;25664;25670.25;25664;25669.75;66
20251205 012900;25669;25671.75;25667.75;25671;73
20251205 013000;25670.5;25671.5;25667.5;25668.25;58
20251205 013100;25667;25669;25666.75;25668.75;26
20251205 013200;25669.75;25675;25669.75;25672.75;151
20251205 013300;25673.25;25674;25671;25671;52
20251205 013400;25669.75;25670.5;25668;25668;42
20251205 013500;25670;25670;25667;25668.25;35
20251205 013600;25668.75;25670.5;25668.5;25669;38
20251205 013700;25668.75;25670;25664.25;25666.25;73
20251205 013800;25666;25669.5;25666;25669;25
20251205 013900;25668;25674;25668;25672.25;50
20251205 014000;25671.25;25672;25670.5;25671.25;29
20251205 014100;25672.5;25675.25;25672.5;25674;36
20251205 014200;25673.5;25677.25;25673.5;25676.75;60
20251205 014300;25676.25;25681.5;25674.5;25678.75;150
20251205 014400;25678.25;25680;25676.75;25679;60
20251205 014500;25679.5;25679.5;25675.75;25676.5;81
20251205 014600;25675.5;25677.5;25674.5;25677.25;31
20251205 014700;25676.5;25678.75;25676.5;25676.5;14
20251205 014800;25676.75;25679.25;25676.75;25678.75;24
20251205 014900;25679;25682.5;25678.5;25682;84
20251205 015000;25681.5;25683;25680;25682.5;50
20251205 015100;25682.25;25683.75;25680.25;25682.75;76
20251205 015200;25683;25684;25681.5;25682.5;33
20251205 015300;25682.5;25683.75;25681.5;25682;48
20251205 015400;25682.5;25682.75;25680.75;25681;26
20251205 015500;25680.5;25681.5;25678;25681;76
20251205 015600;25679.75;25682;25679.75;25679.75;24
20251205 015700;25679.25;25679.5;25676.5;25677.75;46
20251205 015800;25677.5;25680.75;25676.5;25679.25;52
20251205 015900;25678.5;25680.75;25678.5;25680;20
20251205 020000;25680.25;25682.25;25680;25682;46
20251205 020100;25681.75;25683;25681.25;25682.5;45
20251205 020200;25682;25688;25681.5;25685.75;136
20251205 020300;25686.25;25686.75;25681.25;25682.25;62
20251205 020400;25682.75;25683;25679;25682;44
20251205 020500;25682.25;25682.5;25679.75;25681.25;24
20251205 020600;25681.5;25687.75;25681;25686.75;98
20251205 020700;25686.75;25690.5;25686.25;25689.5;145
20251205 020800;25689.75;25690.75;25687.25;25687.75;58
20251205 020900;25687.5;25690;25686.75;25689.75;68
20251205 021000;25689.5;25691;25689.25;25689.5;47
20251205 021100;25690;25690.25;25685.5;25685.5;47
20251205 021200;25685.5;25686.25;25684;25685.25;59
20251205 021300;25686;25689.5;25686;25687.25;35
20251205 021400;25687;25689.25;25686.5;25687.75;37
20251205 021500;25687.5;25692;25687.5;25692;62
20251205 021600;25692;25696.75;25692;25693;143
20251205 021700;25692.5;25692.5;25688.75;25690;58
20251205 021800;25691;25693.75;25689.25;25693.75;38
20251205 021900;25693.75;25696.75;25693.75;25695.25;43
20251205 022000;25696;25697.25;25694.5;25695.25;67
20251205 022100;25694.75;25697.75;25694;25695.5;43
20251205 022200;25695.75;25696.75;25694.75;25695.5;23
20251205 022300;25695.25;25695.25;25692;25692;42
20251205 022400;25691.5;25693.5;25691.25;25693;43
20251205 022500;25693;25694.75;25693;25694.75;31
20251205 022600;25695.25;25699;25695;25697.75;69
20251205 022700;25698;25703.25;25697.25;25701.75;315
20251205 022800;25701.5;25705.5;25701.5;25702.75;102
20251205 022900;25703.5;25709.75;25702.5;25705.75;211
20251205 023000;25706;25713.25;25706;25711.25;202
20251205 023100;25711;25711.25;25704.5;25705.25;290
20251205 023200;25705.5;25706.75;25702;25703.25;170
20251205 023300;25702.75;25703.75;25698.25;25700.75;113
20251205 023400;25700.5;25700.5;25698;25699.5;75
20251205 023500;25700;25701.25;25697.5;25699;44
20251205 023600;25698.25;25698.25;25695.25;25696.75;77
20251205 023700;25695.25;25696.75;25695;25696.5;71
20251205 023800;25696;25697;25694.25;25694.25;29
20251205 023900;25695;25700;25694.75;25696.75;83
20251205 024000;25697;25698;25694.75;25696.25;38
20251205 024100;25696.5;25697.75;25695.75;25697.75;23
20251205 024200;25697.75;25698.5;25694.25;25695.5;40
20251205 024300;25694.75;25696;25694;25694;43
20251205 024400;25693.75;25698;25693.75;25696.5;46
20251205 024500;25696.5;25697.5;25695.25;25696.25;20
20251205 024600;25695.75;25697.5;25695.5;25696;19
20251205 024700;25695.25;25695.5;25693.5;25694.25;32
20251205 024800;25694.25;25694.5;25693;25694;39
20251205 024900;25694.75;25694.75;25692.5;25693.75;34
20251205 025000;25694;25694.75;25693.25;25694;17
20251205 025100;25694.5;25696.5;25694.25;25695.5;44
20251205 025200;25693;25694.25;25692.75;25693.25;13
20251205 025300;25693.75;25693.75;25692.25;25693.5;33
20251205 025400;25693.25;25693.5;25689.5;25692.25;57
20251205 025500;25692.25;25692.25;25690.25;25691.25;34
20251205 025600;25690.75;25690.75;25685.75;25685.75;77
20251205 025700;25685.5;25685.75;25683.75;25685.25;91
20251205 025800;25685.5;25685.5;25682.25;25682.75;58
20251205 025900;25682.75;25687;25682.75;25687;51
20251205 030000;25687;25689.5;25686.75;25689.5;72
20251205 030100;25689.75;25695.5;25689.25;25689.25;155
20251205 030200;25689.25;25690;25686;25690;88
20251205 030300;25689.25;25689.25;25687;25688.75;27
20251205 030400;25689.25;25690.75;25688.75;25689;31
20251205 030500;25690;25690;25688.25;25689.25;8
20251205 030600;25688.75;25688.75;25687.25;25687.75;15
20251205 030700;25688.5;25691;25688;25691;18
20251205 030800;25690;25690.5;25688.75;25689.5;20
20251205 030900;25690.75;25691.5;25689.75;25690.75;13
20251205 031000;25689.75;25690;25688.75;25689;13
20251205 031100;25688.25;25689;25687.5;25688;18
20251205 031200;25687.5;25689.5;25687.25;25689.5;32
20251205 031300;25689;25689;25683.25;25684.5;109
20251205 031400;25684.5;25688.25;25683.75;25686.75;76
20251205 031500;25686.75;25688.75;25685.75;25687.75;80
20251205 031600;25687;25688;25687;25687.5;12
20251205 031700;25687.25;25692.25;25687.25;25691.75;73
20251205 031800;25691.5;25696.25;25691.5;25696.25;89
20251205 031900;25696.25;25699.75;25696.25;25698.25;106
20251205 032000;25698;25700.25;25698;25698.75;53
20251205 032100;25698;25698.75;25696.25;25697.5;37
20251205 032200;25697.5;25698;25694.75;25694.75;41
20251205 032300;25694.5;25694.5;25692;25694.5;45
20251205 032400;25694.25;25696;25693.25;25694.75;52
20251205 032500;25694.5;25696.25;25694;25694.25;36
20251205 032600;25695.5;25696.25;25695;25695.25;22
20251205 032700;25694.75;25696.5;25691;25691.25;54
20251205 032800;25691.75;25693;25689.25;25690.5;28
20251205 032900;25690.75;25692.5;25688.25;25692;72
20251205 033000;25691.25;25693;25691.25;25693;8
20251205 033100;25693.25;25694;25690.5;25691.75;43
20251205 033200;25693.25;25693.75;25687.25;25688.75;47
20251205 033300;25688.25;25689.75;25683.75;25685.25;66
20251205 033400;25685;25688.25;25685;25688.25;19
20251205 033500;25689.5;25689.5;25688.75;25689;7
20251205 033600;25689.75;25692.75;25689.75;25690.25;30
20251205 033700;25689.75;25689.75;25688.5;25688.5;16
20251205 033800;25688.5;25688.5;25685.75;25687;18
20251205 033900;25687.5;25689.75;25687.25;25688.5;11
20251205 034000;25689;25690.75;25688.5;25690.75;15
20251205 034100;25690.5;25692.75;25690;25692.25;16
20251205 034200;25692.75;25696.75;25692;25693.25;60
20251205 034300;25693;25694.5;25691.75;25692.75;10
20251205 034400;25691.75;25694.75;25691.75;25694.75;11
20251205 034500;25694.5;25694.75;25692.75;25692.75;13
20251205 034600;25691.5;25693.75;25691.5;25692;19
20251205 034700;25693.25;25695;25693;25693.5;14
20251205 034800;25693.5;25693.5;25690.75;25692;15
20251205 034900;25690.75;25691.75;25690;25691.5;11
20251205 035000;25691.75;25693.25;25691.25;25691.75;12
20251205 035100;25692.25;25693.25;25692;25693.25;5
20251205 035200;25693.5;25694.5;25693;25694.5;22
20251205 035300;25694;25694.75;25693.5;25694.75;10
20251205 035400;25695.75;25699.75;25695.5;25698.75;44
20251205 035500;25698.5;25699;25696.75;25698.5;27
20251205 035600;25699;25702.5;25699;25701;61
20251205 035700;25701.5;25701.75;25697;25698;67
20251205 035800;25699.75;25705;25699.75;25703.25;72
20251205 035900;25703.75;25707;25702.75;25702.75;91
20251205 040000;25703.25;25705.25;25699.75;25701;55
20251205 040100;25700.25;25705.25;25697.75;25704.25;75
20251205 040200;25705.25;25707.5;25704.25;25706.25;67
20251205 040300;25707.25;25710.75;25707.25;25709.5;73
20251205 040400;25709.75;25711.25;25708.75;25710.5;37
20251205 040500;25711;25712.5;25710.25;25711.5;48
20251205 040600;25710.75;25711.5;25710;25711;48
20251205 040700;25712;25713;25709.5;25710.75;55
20251205 040800;25711;25716.5;25711;25714.25;167
20251205 040900;25713.75;25716.5;25712.5;25715.75;54
20251205 041000;25714.75;25716.25;25713.75;25714.75;23
20251205 041100;25714.25;25715.75;25712.5;25712.5;28
20251205 041200;25712.25;25716;25711.75;25715.25;40
20251205 041300;25715;25717.25;25714.75;25716.25;29
20251205 041400;25716;25717;25713.75;25715.75;51
20251205 041500;25714.75;25715.25;25712;25712.5;67
20251205 041600;25712;25714.25;25710;25710.5;55
20251205 041700;25710.5;25710.75;25703.75;25706;160
20251205 041800;25706.75;25707;25704.75;25705.25;39
20251205 041900;25705.75;25707.5;25703.5;25706.5;32
20251205 042000;25707.5;25709.5;25706.5;25709.5;32
20251205 042100;25708.25;25708.5;25706.75;25707;30
20251205 042200;25707.25;25710;25706.25;25709.25;24
20251205 042300;25710;25711;25706;25706.25;47
20251205 042400;25706.75;25707.25;25705;25705.25;18
20251205 042500;25704.25;25705;25701.75;25702.5;32
20251205 042600;25701.75;25705;25700.75;25703.5;50
20251205 042700;25705.25;25705.75;25703.5;25705.5;14
20251205 042800;25705.5;25705.75;25696.75;25701.5;107
20251205 042900;25701.5;25703.5;25701.25;25701.5;31
20251205 043000;25703.25;25707;25703.25;25706.75;12
20251205 043100;25706.5;25707.25;25703.25;25707;51
20251205 043200;25707.5;25708.75;25705;25707.25;53
20251205 043300;25707.25;25709.25;25707.25;25708.75;29
20251205 043400;25709;25711.25;25709;25710.25;41
20251205 043500;25709.5;25710.75;25709;25709.75;36
20251205 043600;25710;25712.5;25709;25710.25;41
20251205 043700;25711.75;25711.75;25710.75;25711;9
20251205 043800;25711.5;25711.5;25708.25;25709.5;28
20251205 043900;25709.25;25710;25707.5;25709.75;25
20251205 044000;25710.25;25710.5;25709.25;25710.25;8
20251205 044100;25708.75;25709.25;25706;25709.25;35
20251205 044200;25708.5;25709.25;25706.25;25706.75;18
20251205 044300;25707;25707;25703.25;25703.25;53
20251205 044400;25703.75;25706;25702.75;25705.25;23
20251205 044500;25706.5;25706.75;25703.25;25703.25;52
20251205 044600;25703;25704.25;25699.75;25700.75;149
20251205 044700;25700.25;25703;25700;25702.5;30
20251205 044800;25702.5;25704.75;25701.5;25703.75;27
20251205 044900;25703.25;25705.5;25703.25;25705.5;16
20251205 045000;25705.25;25705.5;25704.25;25705;20
20251205 045100;25705.25;25708;25705.25;25707.25;38
20251205 045200;25707;25707.75;25704.75;25704.75;22
20251205 045300;25704.75;25707.75;25704.75;25707;27
20251205 045400;25707;25709;25707;25709;12
20251205 045500;25709.25;25711;25708.5;25710.75;24
20251205 045600;25710.25;25712.5;25710.25;25712.5;33
20251205 045700;25711.75;25712.5;25709.5;25711;43
20251205 045800;25711;25714.5;25710.25;25714.5;31
20251205 045900;25714;25714.75;25713;25713;40
20251205 050000;25712.75;25712.75;25709.75;25712.5;53
20251205 050100;25712;25716;25711.5;25716;68
20251205 050200;25716.25;25719;25715;25717.5;103
20251205 050300;25717.5;25719;25717;25717.5;45
20251205 050400;25718;25719.5;25716.75;25716.75;43
20251205 050500;25717;25718;25714.5;25715;58
20251205 050600;25714.75;25716.25;25712;25714.5;69
20251205 050700;25714;25715.75;25712.75;25713.75;40
20251205 050800;25713.75;25715.25;25713.75;25714.75;9
20251205 050900;25714.75;25717.75;25714.75;25717.25;40
20251205 051000;25717.5;25721.5;25717.25;25718.5;145
20251205 051100;25718.25;25719.75;25717;25718.5;23
20251205 051200;25718.25;25720.25;25717.5;25719.75;25
20251205 051300;25718.25;25718.75;25716.75;25717.75;23
20251205 051400;25718.5;25719;25717.25;25717.25;13
20251205 051500;25718;25718;25715.25;25715.5;28
20251205 051600;25715;25717.5;25713.5;25717.5;25
20251205 051700;25717.25;25718.75;25716.5;25716.5;33
20251205 051800;25716.75;25719.5;25716.75;25717.25;20
20251205 051900;25717.25;25717.75;25716.5;25717.75;9
20251205 052000;25717.25;25718;25715.25;25716;25
20251205 052100;25716;25717.5;25716;25716.5;19
20251205 052200;25716;25716.75;25713.75;25714.25;31
20251205 052300;25715.75;25716.25;25713.5;25713.5;39
20251205 052400;25714.25;25714.5;25712;25712.5;30
20251205 052500;25712.75;25714.5;25712.25;25713.75;37
20251205 052600;25714.25;25717;25713.75;25714.25;39
20251205 052700;25714.5;25715.5;25714;25714.25;20
20251205 052800;25714;25715.25;25714;25714.75;19
20251205 052900;25714.5;25718.25;25714;25716.5;24
20251205 053000;25716.5;25716.5;25713.75;25713.75;21
20251205 053100;25713.5;25713.5;25708.25;25709.75;112
20251205 053200;25710;25711.5;25709.25;25710.75;41
20251205 053300;25709.5;25712;25709;25711.25;27
20251205 053400;25711.25;25713.5;25710.5;25710.5;31
20251205 053500;25711.25;25713;25711;25713;25
20251205 053600;25712;25712.25;25709.5;25710.25;26
20251205 053700;25710;25711;25708;25710.25;44
20251205 053800;25710;25711.5;25710;25711.5;13
20251205 053900;25711.5;25715;25711.5;25715;37
20251205 054000;25714.25;25716.25;25714;25714.75;31
20251205 054100;25715.5;25717.5;25714.5;25715.25;33
20251205 054200;25716.25;25719;25715.75;25717.25;24
20251205 054300;25717.25;25718.5;25716.75;25716.75;16
20251205 054400;25717.75;25721;25717.25;25718;38
20251205 054500;25718.5;25721;25718;25719.75;40
20251205 054600;25720;25721.5;25718.5;25721.25;35
20251205 054700;25721.25;25721.25;25719.25;25719.5;24
20251205 054800;25720.25;25720.5;25719.75;25720.25;17
20251205 054900;25719.75;25719.75;25717.75;25718.5;18
20251205 055000;25718.25;25718.5;25718.25;25718.5;6
20251205 055100;25717.5;25717.5;25715.25;25716;22
20251205 055200;25716.75;25718.75;25716.75;25718.75;21
20251205 055300;25717.75;25718;25717.75;25717.75;4
20251205 055400;25717.75;25718.75;25717.75;25718;10
20251205 055500;25717.75;25719.25;25717;25717.5;26
20251205 055600;25718.25;25720.5;25717.75;25720.5;26
20251205 055700;25720.75;25723.25;25720;25721.5;75
20251205 055800;25721.25;25724.25;25720.75;25722.75;83
20251205 055900;25722.75;25723.5;25722.25;25722.25;10
20251205 060000;25723;25724.25;25722.75;25723.5;31
20251205 060100;25723.75;25724;25721.25;25721.5;35
20251205 060200;25721.5;25724.5;25720.75;25722.75;32
20251205 060300;25722.5;25725;25722.5;25724.75;35
20251205 060400;25724.75;25725.75;25723.75;25725;129
20251205 060500;25725.75;25727.25;25724.25;25725;61
20251205 060600;25724.5;25726;25724.25;25725.5;19
20251205 060700;25725.75;25725.75;25723.25;25724.25;24
20251205 060800;25724;25725.25;25723.75;25724.75;25
20251205 060900;25725;25728.25;25724.5;25728.25;35
20251205 061000;25728;25729.75;25725;25725.75;61
20251205 061100;25725.5;25725.75;25722.25;25722.5;63
20251205 061200;25723.25;25729;25723.25;25729;47
20251205 061300;25728.5;25730;25723.5;25725.25;142
20251205 061400;25724.25;25727;25723;25725.25;51
20251205 061500;25726;25726;25723.5;25724.25;20
20251205 061600;25724.25;25726.25;25722.5;25726.25;37
20251205 061700;25725.75;25728.25;25725.75;25728.25;30
20251205 061800;25728.5;25729.5;25727.25;25729.5;35
20251205 061900;25729.75;25729.75;25724;25724.5;50
20251205 062000;25724.5;25725.25;25721.25;25721.25;77
20251205 062100;25721.25;25722;25718.75;25719.75;78
20251205 062200;25720;25722.25;25720;25722;19
20251205 062300;25722;25723.75;25721.5;25721.75;34
20251205 062400;25722;25723.25;25721;25721;20
20251205 062500;25721.5;25723;25721.25;25721.25;23
20251205 062600;25722;25722.5;25721;25721;10
20251205 062700;25720.25;25720.25;25717.5;25719.5;47
20251205 062800;25719.75;25720.75;25718.5;25720.25;25
20251205 062900;25720;25722.5;25718.75;25720.25;52
20251205 063000;25720.75;25721;25718.75;25720.5;19
20251205 063100;25722;25724;25719.25;25719.25;57
20251205 063200;25720.5;25720.75;25710;25710.25;166
20251205 063300;25711;25712.75;25708.25;25711;114
20251205 063400;25711;25713.25;25702.25;25706.75;226
20251205 063500;25706.75;25710.75;25704.75;25710;91
20251205 063600;25709.75;25712.5;25708.75;25711.75;62
20251205 063700;25712.25;25712.25;25707.75;25708.25;46
20251205 063800;25709;25709;25707.25;25708;18
20251205 063900;25708.25;25712.5;25708.25;25712.5;61
20251205 064000;25712;25712;25708.75;25709.5;13
20251205 064100;25710.75;25714.75;25710.75;25713.25;63
20251205 064200;25715;25722.25;25715;25721;154
20251205 064300;25722.25;25724;25721;25723;43
20251205 064400;25722.5;25722.5;25720.75;25720.75;24
20251205 064500;25721.75;25722;25717;25717.5;51
20251205 064600;25717.5;25718.5;25716.5;25718.5;15
20251205 064700;25719.5;25720.5;25718;25719.75;28
20251205 064800;25719.75;25720;25718.5;25718.75;11
20251205 064900;25718.5;25719;25716.5;25717;15
20251205 065000;25717.25;25717.75;25715;25715.75;18
20251205 065100;25715;25716.25;25714;25715;33
20251205 065200;25714;25714;25713.25;25713.25;24
20251205 065300;25713.25;25715.25;25713;25714.25;59
20251205 065400;25713.25;25713.25;25709.5;25709.5;60
20251205 065500;25709.5;25711;25709.25;25710.25;28
20251205 065600;25710.5;25711.25;25709.5;25710.75;21
20251205 065700;25711;25711.25;25710;25711;20
20251205 065800;25711.75;25715.25;25711.5;25715;37
20251205 065900;25715;25715.5;25712;25712;45
20251205 070000;25712.5;25713;25711.25;25713;17
20251205 070100;25712;25712.5;25704;25709.75;134
20251205 070200;25709.25;25710.5;25707;25710.25;54
20251205 070300;25710.5;25713.75;25710.5;25712.75;63
20251205 070400;25714.5;25714.5;25709.25;25713;33
20251205 070500;25713.5;25716.75;25712.75;25716.75;113
20251205 070600;25717;25723.5;25716;25721.75;199
20251205 070700;25722.25;25729.25;25721.75;25729.25;99
20251205 070800;25729.25;25729.25;25721.75;25721.75;76
20251205 070900;25722.25;25723.25;25717;25717.25;78
20251205 071000;25717.75;25719.5;25717.5;25717.75;21
20251205 071100;25718;25718.75;25711.25;25711.25;98
20251205 071200;25711;25717.75;25710.5;25715.5;50
20251205 071300;25715.25;25718.5;25712.75;25715.25;57
20251205 071400;25714.25;25717;25713;25716.5;16
20251205 071500;25716.25;25716.25;25713;25714.25;39
20251205 071600;25713.5;25714.5;25710;25713.75;62
20251205 071700;25713;25716.25;25711.5;25715.25;52
20251205 071800;25716;25717;25712.5;25715;53
20251205 071900;25714.75;25714.75;25711.25;25713.25;26
20251205 072000;25713;25713.25;25710.25;25712.25;43
20251205 072100;25714;25714.25;25713.25;25713.25;12
20251205 072200;25714;25716.5;25714;25716.25;39
20251205 072300;25715.25;25720.25;25715.25;25719;49
20251205 072400;25719.5;25722.5;25719.5;25721.5;51
20251205 072500;25722;25723.75;25720.25;25723.75;35
20251205 072600;25724;25724.75;25723;25723.25;50
20251205 072700;25723;25725.75;25722.75;25724.5;37
20251205 072800;25725.25;25726.75;25725.25;25726.5;38
20251205 072900;25726.75;25727.75;25724.5;25726.25;56
20251205 073000;25725.25;25725.25;25722.75;25724.25;59
20251205 073100;25724;25725.5;25722.25;25723.5;34
20251205 073200;25724;25728.75;25724;25726.25;101
20251205 073300;25727;25727.5;25725.75;25726.5;24
20251205 073400;25726;25728;25723.75;25724;78
20251205 073500;25723.75;25723.75;25721;25721.5;41
20251205 073600;25721.25;25722.25;25721;25721.75;10
20251205 073700;25721;25728.25;25720.5;25725.25;221
20251205 073800;25724.75;25726.75;25724.75;25726.25;23
20251205 073900;25726.5;25727.5;25724.5;25724.75;31
20251205 074000;25724;25725.5;25721.25;25723.25;101
20251205 074100;25724;25724;25715.5;25717.25;135
20251205 074200;25717.25;25720.75;25716.5;25720.25;55
20251205 074300;25720;25720.25;25716.75;25719.75;48
20251205 074400;25719.75;25720;25718.25;25719;14
20251205 074500;25718.25;25719.75;25717;25718.5;59
20251205 074600;25718.25;25721.25;25718;25721.25;31
20251205 074700;25720.75;25721.75;25716.75;25717;41
20251205 074800;25716.75;25719.25;25715;25718.5;82
20251205 074900;25719;25720;25718.25;25718.25;23
20251205 075000;25719.75;25723;25719.75;25722;31
20251205 075100;25721.75;25722.75;25719.75;25721.25;48
20251205 075200;25722;25724;25722;25723;29
20251205 075300;25723.5;25727;25723.5;25726.75;38
20251205 075400;25726.75;25727.25;25725.5;25726;26
20251205 075500;25726.25;25727;25725;25726;15
20251205 075600;25725.75;25728;25724.5;25728;40
20251205 075700;25728.25;25728.75;25724.75;25726.5;55
20251205 075800;25726.25;25726.5;25723.75;25724.25;41
20251205 075900;25723.75;25726.75;25723.25;25725.5;26
20251205 080000;25725.5;25725.75;25722.75;25725;46
20251205 080100;25725.5;25727.75;25723.25;25724.75;179
20251205 080200;25725.75;25726.75;25721.5;25726.25;74
20251205 080300;25726;25745.25;25724.25;25744;769
20251205 080400;25743.75;25744.75;25736.5;25739.75;172
20251205 080500;25739;25739.25;25732.25;25735;122
20251205 080600;25734.25;25737.75;25734;25735;82
20251205 080700;25735.25;25737.75;25728;25735.75;179
20251205 080800;25735.5;25736.25;25730.5;25730.5;128
20251205 080900;25731.25;25733.25;25730;25730.25;34
20251205 081000;25731.5;25735;25729.75;25735;62
20251205 081100;25736;25739.25;25734.5;25736.5;146
20251205 081200;25736;25736.75;25732.25;25732.25;59
20251205 081300;25733;25735.25;25731.75;25734.5;124
20251205 081400;25735.25;25737.75;25734;25735.5;53
20251205 081500;25735.25;25737.25;25733.75;25735.25;41
20251205 081600;25734;25737.75;25729.75;25737.25;106
20251205 081700;25736.75;25740.5;25734.75;25739;86
20251205 081800;25739;25739.5;25737;25738.5;73
20251205 081900;25739;25739.5;25737;25737;48
20251205 082000;25737;25743.25;25737;25742.75;105
20251205 082100;25743.25;25747;25742.25;25745;197
20251205 082200;25745.75;25755.75;25744.75;25747.5;410
20251205 082300;25747;25750.75;25746;25748;123
20251205 082400;25749.25;25753.25;25748.5;25749;136
20251205 082500;25749;25751;25748;25750;123
20251205 082600;25750.75;25751.75;25744.25;25750.25;285
20251205 082700;25749.75;25752;25747.25;25748;84
20251205 082800;25748;25750.25;25738.25;25738.25;263
20251205 082900;25738;25743.25;25730.5;25741.25;209
20251205 083000;25741.5;25742;25736.25;25737.25;90
20251205 083100;25737.5;25738.75;25734.75;25734.75;57
20251205 083200;25735.25;25742;25735;25738;60
20251205 083300;25739;25741.25;25738.75;25741.25;62
20251205 083400;25741.75;25742;25738.5;25740.5;36
20251205 083500;25740;25748.25;25740;25742.75;124
20251205 083600;25742.25;25744;25741.25;25742.75;34
20251205 083700;25743.5;25745.5;25741;25744.25;46
20251205 083800;25743.75;25747;25742;25743.5;58
20251205 083900;25743;25743.5;25736.75;25738.5;73
20251205 084000;25739.5;25744.75;25739.5;25744.5;41
20251205 084100;25743;25745.5;25742;25743;56
20251205 084200;25743;25744.75;25742.5;25743;40
20251205 084300;25741.75;25742;25740;25741.25;18
20251205 084400;25739.25;25744.25;25739;25743.25;26
20251205 084500;25744.75;25747.75;25744.75;25746.5;42
20251205 084600;25746;25746.75;25744.75;25746.5;38
20251205 084700;25747;25747;25744;25745.75;49
20251205 084800;25746.25;25746.25;25741.25;25741.25;36
20251205 084900;25742.25;25744.5;25741;25741.25;27
20251205 085000;25740.5;25743.5;25740.5;25742.5;44
20251205 085100;25742.75;25743.5;25739.25;25739.5;50
20251205 085200;25740;25740.25;25733.25;25736.5;93
20251205 085300;25735.75;25737.75;25733;25733.5;53
20251205 085400;25733;25734.75;25728;25730.5;150
20251205 085500;25730.75;25733.75;25725.25;25727.75;90
20251205 085600;25727.25;25732.75;25727.25;25731.25;36
20251205 085700;25732.25;25735;25731.75;25732;58
20251205 085800;25732;25733.75;25728.5;25728.5;44
20251205 085900;25729.25;25729.25;25724;25726;85
20251205 090000;25726.5;25727.25;25723.75;25725.75;60
20251205 090100;25724.25;25726.75;25716.25;25724;298
20251205 090200;25723.75;25724.75;25720.5;25722.5;103
20251205 090300;25722;25722;25718.25;25718.25;75
20251205 090400;25719;25724;25718;25722.75;92
20251205 090500;25724.25;25732.25;25724.25;25731.75;80
20251205 090600;25733;25736.25;25731.75;25732.25;110
20251205 090700;25732.25;25734.75;25726.5;25726.5;80
20251205 090800;25726;25728;25724.5;25725.5;76
20251205 090900;25725;25728.75;25723.5;25725;47
20251205 091000;25725.25;25726.25;25721;25722;52
20251205 091100;25722;25725.25;25719.25;25722;90
20251205 091200;25722.5;25724;25718.25;25718.5;45
20251205 091300;25718.5;25720.5;25717.75;25719;38
20251205 091400;25718.25;25718.25;25713.75;25715.25;123
20251205 091500;25715.75;25717.25;25712;25717.25;97
20251205 091600;25716.5;25720;25714.5;25716.75;80
20251205 091700;25716.25;25719.75;25715.25;25718.5;54
20251205 091800;25719.75;25722;25718.75;25720;55
20251205 091900;25718.5;25720.25;25714;25715;139
20251205 092000;25714.5;25716.5;25713.5;25714.5;43
20251205 092100;25715;25720.5;25715;25717.75;40
20251205 092200;25718.25;25719.5;25714.5;25717.75;32
20251205 092300;25717.25;25718.25;25716.75;25717;16
20251205 092400;25716.75;25717.5;25715;25717.25;30
20251205 092500;25717;25719;25717;25717.75;27
20251205 092600;25717.25;25725.5;25717.25;25723.75;142
20251205 092700;25724.75;25728.75;25724;25728;69
20251205 092800;25727.5;25728.25;25722.75;25722.75;33
20251205 092900;25722.5;25726.75;25722.5;25726.75;29
20251205 093000;25727;25729;25726.25;25728;37
20251205 093100;25728.5;25728.75;25724;25725.75;48
20251205 093200;25726;25726;25723.5;25724.25;24
20251205 093300;25723;25724.5;25721.25;25724.5;37
20251205 093400;25724.75;25725.25;25721.5;25721.75;25
20251205 093500;25721;25721.75;25719.5;25719.5;40
20251205 093600;25720.25;25720.75;25717.75;25718.75;33
20251205 093700;25717.5;25722.5;25716.75;25719.5;63
20251205 093800;25719.75;25720.5;25712.75;25713;96
20251205 093900;25713;25714.5;25711.5;25713.25;82
20251205 094000;25713.25;25714.5;25710.25;25711.75;71
20251205 094100;25711.75;25711.75;25707.25;25708.25;117
20251205 094200;25708;25712.5;25707;25709;94
20251205 094300;25710;25710;25706.5;25706.5;40
20251205 094400;25707.25;25708.75;25706.25;25707.5;77
20251205 094500;25709;25712.25;25709;25711;82
20251205 094600;25711.5;25715.75;25711.5;25713.25;82
20251205 094700;25714.25;25714.75;25713;25713;19
20251205 094800;25713;25714.75;25712.5;25713;46
20251205 094900;25712.75;25713.5;25711.75;25712.75;32
20251205 095000;25712.5;25713;25712.25;25712.25;10
20251205 095100;25713.75;25716.25;25712.75;25715;78
20251205 095200;25715.5;25716.25;25713;25716.25;49
20251205 095300;25716;25716;25712.75;25713.25;25
20251205 095400;25713.25;25715;25712.25;25713.5;41
20251205 095500;25714.75;25714.75;25712.5;25712.5;16
20251205 095600;25712;25716.5;25711.25;25716;34
20251205 095700;25715.5;25718.5;25715.5;25717;107
20251205 095800;25718.5;25719.5;25717;25717.5;30
20251205 095900;25717.75;25719.75;25717.5;25719.25;47
20251205 100000;25719.25;25720.25;25718.5;25718.5;29
20251205 100100;25717.5;25720.25;25717;25717.5;47
20251205 100200;25718;25723.75;25718;25721;86
20251205 100300;25721.75;25723.5;25717.75;25718;70
20251205 100400;25717;25717;25714.75;25716;29
20251205 100500;25714.5;25717.75;25713;25717.25;71
20251205 100600;25717;25719.25;25717;25719.25;16
20251205 100700;25718.5;25718.5;25712.5;25712.5;29
20251205 100800;25712.75;25714.5;25712.5;25714.5;36
20251205 100900;25715;25719.25;25714.5;25719.25;35
20251205 101000;25718.75;25722.75;25718.75;25722.75;62
20251205 101100;25723;25725;25722.25;25723.25;40
20251205 101200;25724;25726.25;25722.75;25726;42
20251205 101300;25725.75;25736.75;25724.25;25728.25;299
20251205 101400;25729.25;25731;25723.5;25723.5;91
20251205 101500;25725;25726;25721.5;25722.25;50
20251205 101600;25723;25723.75;25719;25723.25;69
20251205 101700;25724;25726;25724;25725;35
20251205 101800;25725;25727.25;25724.5;25725;34
20251205 101900;25725.25;25726.5;25724.5;25724.5;15
20251205 102000;25725;25727.25;25725;25727;32
20251205 102100;25726;25727;25724.5;25726.5;38
20251205 102200;25726.25;25727.5;25723.75;25724;22
20251205 102300;25723.75;25725;25722;25725;40
20251205 102400;25725.5;25726.25;25723.5;25723.5;33
20251205 102500;25724;25725.75;25723.5;25724;47
20251205 102600;25723.5;25725.25;25722.5;25724;48
20251205 102700;25723.25;25723.5;25722.25;25722.75;31
20251205 102800;25722.75;25722.75;25719.5;25720.75;40
20251205 102900;25720.25;25723;25720;25723;23
20251205 103000;25724.25;25726;25723;25726;27
20251205 103100;25726;25727;25723.5;25723.5;57
20251205 103200;25723;25724.5;25722.5;25724.25;35
20251205 103300;25725.25;25726;25723.5;25725.25;12
20251205 103400;25725.75;25725.75;25722;25722;14
20251205 103500;25720.75;25724.5;25720.75;25723.5;22
20251205 103600;25723.25;25725.25;25723.25;25724.5;12
20251205 103700;25725.75;25727.25;25724.25;25726.75;45
20251205 103800;25726.75;25728;25724;25724;31
20251205 103900;25723;25724;25722;25723.5;23
20251205 104000;25724.25;25725.5;25723.75;25725.25;29
20251205 104100;25726;25729;25725.25;25725.25;53
20251205 104200;25726.25;25726.25;25724.75;25725.5;7
20251205 104300;25726.5;25729.5;25725;25728.75;43
20251205 104400;25728.25;25731.25;25728;25731.25;47
20251205 104500;25729.25;25731.5;25729.25;25731.5;32
20251205 104600;25729.75;25730;25727.5;25729;36
20251205 104700;25729;25729.25;25726.5;25728;20
20251205 104800;25729;25729.5;25727.75;25728.25;14
20251205 104900;25728;25728;25723.25;25723.75;24
20251205 105000;25723.75;25726.5;25723.75;25724.5;38
20251205 105100;25725;25726.25;25724.25;25725.5;21
20251205 105200;25725.75;25727.75;25725.5;25727;38
20251205 105300;25727;25727.25;25723;25723.5;44
20251205 105400;25724.25;25726.75;25724.25;25725.5;15
20251205 105500;25724;25724.25;25720;25721;32
20251205 105600;25721.25;25722.5;25719.75;25720.75;33
20251205 105700;25720.5;25721.25;25716;25717;67
20251205 105800;25717;25717;25713.25;25713.75;39
20251205 105900;25714.25;25717.75;25713.75;25717.75;68
20251205 110000;25716.75;25719.25;25715.75;25715.75;28
20251205 110100;25716;25716.25;25704.25;25705;321
20251205 110200;25705;25710.75;25704.75;25709.75;64
20251205 110300;25711;25717.25;25711;25715.75;47
20251205 110400;25715.5;25718.5;25712;25718.5;55
20251205 110500;25719;25719.5;25714.75;25716;64
20251205 110600;25715.75;25715.75;25712;25714.75;41
20251205 110700;25716.25;25721.75;25716;25720.75;44
20251205 110800;25720.75;25723;25720.5;25722.5;30
20251205 110900;25723.5;25724.75;25719.25;25719.25;73
20251205 111000;25719.5;25720;25717.75;25718.25;23
20251205 111100;25717.75;25719;25715.75;25717;54
20251205 111200;25716.75;25718;25715.75;25718;15
20251205 111300;25718;25719.5;25716.25;25718;36
20251205 111400;25717.5;25720.5;25716.5;25719.75;20
20251205 111500;25718.25;25720.5;25717.25;25720.25;26
20251205 111600;25721.25;25721.75;25716.5;25716.5;39
20251205 111700;25716.75;25716.75;25710.5;25713.25;41
20251205 111800;25713.25;25717;25713.25;25714.25;60
20251205 111900;25715.75;25717.5;25713.25;25714.75;43
20251205 112000;25714;25719;25710.75;25719;76
20251205 112100;25719.25;25724.75;25718.75;25724.75;73
20251205 112200;25723.5;25727.25;25723.25;25725.25;57
20251205 112300;25724.75;25724.75;25723;25723.75;21
20251205 112400;25722.75;25723.5;25721.75;25723.5;14
20251205 112500;25723.75;25723.75;25718.75;25718.75;50
20251205 112600;25718;25721.25;25717.25;25720.5;47
20251205 112700;25720.5;25721.75;25718.75;25720.5;41
20251205 112800;25720.5;25726.5;25720.5;25726.25;50
20251205 112900;25724.75;25724.75;25721.75;25721.75;22
20251205 113000;25723.25;25724;25722.75;25722.75;16
20251205 113100;25722.5;25725.5;25722.25;25724.25;110
20251205 113200;25722.5;25723.25;25715.5;25718.5;84
20251205 113300;25719.5;25720.5;25715;25719;48
20251205 113400;25719.5;25721.25;25718;25721;15
20251205 113500;25720.75;25721.75;25719;25720;16
20251205 113600;25720;25721;25717.25;25717.25;27
20251205 113700;25717.75;25721.75;25716;25720.25;96
20251205 113800;25718.25;25720;25717;25717.75;95
20251205 113900;25718;25720.5;25716.25;25719;39
20251205 114000;25720.25;25720.25;25715.75;25717.25;55
20251205 114100;25717.75;25717.75;25715.25;25716;42
20251205 114200;25716;25719.5;25716;25719.25;23
20251205 114300;25719.75;25720.75;25715.5;25716;53
20251205 114400;25715.5;25717;25715.5;25716;13
20251205 114500;25717;25718.75;25716.5;25718.25;32
20251205 114600;25718.75;25719.5;25717.25;25717.75;26
20251205 114700;25719.25;25719.75;25716;25717.75;22
20251205 114800;25718.5;25719.75;25718.25;25719.75;15
20251205 114900;25720;25720;25717.25;25719.5;26
20251205 115000;25719.5;25721.75;25719.5;25720.5;35
20251205 115100;25720.75;25720.75;25718.5;25719.5;29
20251205 115200;25719.25;25719.75;25718;25719.75;17
20251205 115300;25719.75;25721;25719.75;25721;12
20251205 115400;25719;25720.25;25718.75;25720.25;6
20251205 115500;25720.5;25720.5;25717.5;25718;20
20251205 115600;25717.5;25722.5;25717.5;25719.5;69
20251205 115700;25720.5;25720.5;25719.75;25719.75;11
20251205 115800;25721.25;25721.5;25718.75;25719;31
20251205 115900;25718.25;25721.5;25718;25719.25;22
20251205 120000;25721;25721.5;25718.75;25719;25
20251205 120100;25720.25;25720.5;25714.75;25714.75;97
20251205 120200;25715;25721.5;25713.25;25720.5;142
20251205 120300;25720.75;25736;25719;25719.25;421
20251205 120400;25719;25724;25717.75;25723.75;92
20251205 120500;25724.25;25728.75;25723.75;25728.75;72
20251205 120600;25728.75;25731.5;25726.75;25727.75;175
20251205 120700;25727.25;25729.75;25726.5;25727.25;50
20251205 120800;25728.25;25729;25725;25726.75;44
20251205 120900;25727.25;25727.25;25720.75;25722;63
20251205 121000;25722.75;25723.75;25720.5;25723;51
20251205 121100;25722.5;25723;25720;25720;37
20251205 121200;25720.75;25720.75;25713;25715;126
20251205 121300;25715.75;25717.75;25715;25716.25;38
20251205 121400;25717;25720.25;25716.5;25717.5;70
20251205 121500;25717.5;25719;25712.75;25712.75;51
20251205 121600;25713.25;25717.5;25705.5;25708.25;367
20251205 121700;25707.75;25710.5;25702.75;25709.25;177
20251205 121800;25708.5;25713.5;25708.5;25712.5;54
20251205 121900;25712.25;25712.25;25708.75;25708.75;47
20251205 122000;25708.25;25710.5;25704.75;25706;90
20251205 122100;25705.25;25706.5;25702.5;25704.75;90
20251205 122200;25703.75;25704.75;25700.5;25702.25;107
20251205 122300;25701.75;25701.75;25688.5;25692.25;342
20251205 122400;25692.75;25698.75;25690;25697;196
20251205 122500;25697.25;25704.75;25696;25701.25;209
20251205 122600;25701.5;25702.5;25696.5;25701;195
20251205 122700;25701.25;25706.75;25700;25703.25;173
20251205 122800;25705.75;25707.25;25703.75;25706;45
20251205 122900;25707.25;25711.5;25706;25711.5;110
20251205 123000;25711.75;25712.25;25708.5;25710.75;81
20251205 123100;25710.5;25714.25;25709.25;25712.75;109
20251205 123200;25713.5;25715;25708.25;25712.5;101
20251205 123300;25713.5;25715.75;25711.75;25713.5;84
20251205 123400;25712.75;25715.75;25711.75;25715.25;55
20251205 123500;25715;25715.5;25711.75;25715.5;48
20251205 123600;25715.25;25715.5;25712.75;25713;40
20251205 123700;25713.75;25716.25;25711.75;25712.75;101
20251205 123800;25713.75;25716.75;25713.75;25715.75;63
20251205 123900;25716;25717.5;25711;25711;56
20251205 124000;25711.25;25715;25711.25;25714.5;99
20251205 124100;25714.25;25716.25;25707;25708.75;117
20251205 124200;25709.5;25713.25;25708.75;25712.5;91
20251205 124300;25713.25;25713.75;25706.75;25708;99
20251205 124400;25707.25;25708.25;25705;25706;56
20251205 124500;25707;25709;25705;25705;50
20251205 124600;25705;25707.75;25703.25;25707;51
20251205 124700;25706.75;25707.5;25704.25;25707.5;41
20251205 124800;25707.75;25708.75;25705.75;25706.75;27
20251205 124900;25707;25707.75;25704.5;25704.5;58
20251205 125000;25703.75;25704;25698.25;25698.75;94
20251205 125100;25699.25;25700.75;25695.5;25698.5;172
20251205 125200;25697.75;25698.25;25696.25;25696.75;42
20251205 125300;25697;25697.5;25693.25;25695.5;61
20251205 125400;25696;25701;25695.5;25698;84
20251205 125500;25698.25;25699.5;25695.5;25698.25;46
20251205 125600;25698;25701.75;25696;25700;70
20251205 125700;25699.5;25704;25697.25;25703;91
20251205 125800;25702.25;25705;25701;25704.5;41
20251205 125900;25704.5;25705.25;25701;25701.25;63
20251205 130000;25701.5;25705.25;25701;25703.25;43
20251205 130100;25703;25704.25;25701.25;25703;93
20251205 130200;25702.5;25706.25;25700.25;25705.25;84
20251205 130300;25705;25707.75;25704.5;25706.25;50
20251205 130400;25706.25;25707.75;25705;25705.75;101
20251205 130500;25705.5;25708.75;25704;25707.75;67
20251205 130600;25707;25708;25706;25706.75;59
20251205 130700;25707;25707;25703.75;25704.75;41
20251205 130800;25705;25707;25702.5;25704.75;167
20251205 130900;25704.5;25709;25703.5;25706.75;100
20251205 131000;25708.5;25710;25707;25707.25;53
20251205 131100;25707.25;25708;25705;25705;48
20251205 131200;25705.5;25707.75;25705;25705.25;61
20251205 131300;25705.25;25706;25702;25703.25;67
20251205 131400;25702.75;25706.75;25701;25705.75;145
20251205 131500;25705.25;25708;25703.5;25704.25;70
20251205 131600;25704.5;25705;25701.75;25703.25;60
20251205 131700;25703.25;25704;25702;25703.5;59
20251205 131800;25704;25704.25;25702;25703;46
20251205 131900;25703.25;25703.25;25696.25;25697;157
20251205 132000;25697.75;25697.75;25692.75;25693;140
20251205 132100;25693.5;25693.75;25683.25;25689;316
20251205 132200;25688.75;25693;25688;25691.75;125
20251205 132300;25692.25;25694.25;25687.75;25689.5;142
20251205 132400;25689.75;25689.75;25685.75;25686;112
20251205 132500;25687.25;25689.5;25680;25684;725
20251205 132600;25684.25;25684.5;25678.75;25679;166
20251205 132700;25679.25;25683.5;25676.25;25681;205
20251205 132800;25681.5;25681.5;25677.5;25681.5;107
20251205 132900;25680;25686;25680;25683;156
20251205 133000;25683;25689.25;25683;25687.25;139
20251205 133100;25687;25689;25678.75;25680;285
20251205 133200;25680.75;25681;25670.5;25676.75;502
20251205 133300;25677;25677.75;25666.75;25669;307
20251205 133400;25668.25;25668.25;25660.5;25665.5;492
20251205 133500;25666.25;25667;25662.5;25663;224
20251205 133600;25663.25;25663.75;25652.5;25654.25;384
20251205 133700;25654.25;25657;25647.25;25652;539
20251205 133800;25652;25652;25642.5;25643;456
20251205 133900;25643;25643;25626.75;25626.75;909
20251205 134000;25626.75;25633.5;25624.5;25626.75;566
20251205 134100;25626.5;25636;25622;25633.5;629
20251205 134200;25632.75;25637;25626;25629.5;460
20251205 134300;25630;25630;25610;25610;889
20251205 134400;25610.25;25617.5;25606.5;25613.5;618
20251205 134500;25613;25619.25;25609;25614.5;378
20251205 134600;25614.75;25615.75;25597.5;25597.75;917
20251205 134700;25598;25600.75;25592.5;25597;707
20251205 134800;25596.25;25604.75;25585.75;25587.25;780
20251205 134900;25586.25;25599;25582;25594.25;929
20251205 135000;25594;25597;25587.5;25588.5;433
20251205 135100;25588;25591.75;25580.5;25589.25;671
20251205 135200;25588.5;25590.25;25579.75;25588.5;579
20251205 135300;25588.25;25602;25585;25597.5;623
20251205 135400;25598.5;25606.25;25596.75;25605.25;411
20251205 135500;25604.75;25622;25604;25621;851
20251205 135600;25620.75;25626.5;25619.75;25625;624
20251205 135700;25624.75;25625.75;25615.75;25622.75;377
20251205 135800;25623;25623;25616.5;25618.25;220
20251205 135900;25618;25619;25607;25609.75;379
20251205 140000;25608.5;25616.25;25607.25;25614.25;218
20251205 140100;25613.75;25624.75;25611.5;25621.25;603
20251205 140200;25621.25;25628;25618.25;25628;306
20251205 140300;25627;25631;25626.25;25626.25;259
20251205 140400;25627.25;25630;25622;25629.25;218
20251205 140500;25629.75;25632;25624.5;25629.5;236
20251205 140600;25629.5;25631;25626;25626.25;134
20251205 140700;25627.25;25630.75;25625;25627.5;104
20251205 140800;25628.25;25634.75;25628;25633;217
20251205 140900;25634.25;25643.5;25634.25;25642.5;479
20251205 141000;25643;25644;25637.25;25638.5;293
20251205 141100;25639.5;25644.75;25638.25;25642.75;266
20251205 141200;25642.75;25643;25640;25641.5;83
20251205 141300;25641.5;25643.25;25638;25640;204
20251205 141400;25640.25;25646.25;25640;25644.75;180
20251205 141500;25644.5;25652.75;25644.25;25652.25;495
20251205 141600;25652;25655.75;25650;25655;464
20251205 141700;25655.25;25657.25;25652.25;25654.75;262
20251205 141800;25654.5;25655;25650.75;25651.25;173
20251205 141900;25651;25656;25645;25646.75;292
20251205 142000;25646.5;25652.5;25642;25648.75;433
20251205 142100;25649;25656.25;25649;25653.25;288
20251205 142200;25653.5;25654.75;25651;25653;135
20251205 142300;25653.25;25654.25;25649.5;25651.5;139
20251205 142400;25652;25653.5;25645.25;25646;183
20251205 142500;25645.25;25650;25645;25647.75;323
20251205 142600;25648.5;25663.5;25648.5;25661.75;680
20251205 142700;25662;25665;25659;25659.5;395
20251205 142800;25659.5;25666;25656.75;25665.5;381
20251205 142900;25665.75;25678.5;25665.75;25676;763
20251205 143000;25676.5;25684.5;25674.75;25680.25;762
20251205 143100;25680;25742.75;25678.25;25732.25;6603
20251205 143200;25733.25;25773;25730.75;25762.75;5793
20251205 143300;25763.5;25773.5;25752.25;25758.5;2711
20251205 143400;25758;25775.5;25757.75;25771;2444
20251205 143500;25771.25;25775;25756.75;25758.25;1704
20251205 143600;25758.75;25768.75;25745.75;25747.75;2471
20251205 143700;25747.75;25762;25740.25;25759;2076
20251205 143800;25759.75;25777.25;25755.25;25765.25;1954
20251205 143900;25765;25770.25;25758;25764.25;1095
20251205 144000;25765.25;25767.5;25729;25731;2364
20251205 144100;25731;25741;25699.25;25707.75;3138
20251205 144200;25707.25;25721.25;25673.5;25695.75;3118
20251205 144300;25695.25;25710;25686.5;25710;1993
20251205 144400;25710.25;25719.25;25694;25704.75;1660
20251205 144500;25704.75;25709.25;25687.25;25708.5;1271
20251205 144600;25709.25;25729.75;25707;25724;2150
20251205 144700;25725.25;25744;25722.5;25740.5;1815
20251205 144800;25740.75;25743.75;25724.25;25738.25;1102
20251205 144900;25737.75;25746.25;25723.5;25743.5;1290
20251205 145000;25744.25;25753;25740;25752.75;1087
20251205 145100;25753;25757.25;25742.75;25751;1280
20251205 145200;25749.75;25762.75;25741;25756.25;1962
20251205 145300;25756.75;25774.5;25756;25772.25;1770
20251205 145400;25772.25;25792.5;25772;25787.75;2405
20251205 145500;25788;25803.25;25786.25;25795;2131
20251205 145600;25795.25;25799.25;25783;25793.75;1965
20251205 145700;25794.75;25800;25769.25;25774.5;1774
20251205 145800;25774.75;25785.75;25767.75;25785.75;1457
20251205 145900;25785.75;25790.75;25781.5;25783.5;701
20251205 150000;25783.75;25791.75;25778.75;25791.25;915
20251205 150100;25791.25;25814;25769;25776.5;2888
20251205 150200;25777;25788.75;25765.25;25787.25;1475
20251205 150300;25787.5;25813.25;25785.5;25811;2298
20251205 150400;25811.5;25817.75;25803.25;25806;1705
20251205 150500;25805.75;25812.75;25796.5;25812.75;1537
20251205 150600;25812.25;25828;25810;25819.25;2169
20251205 150700;25819.75;25835;25819.75;25826;2212
20251205 150800;25826.25;25827.25;25816;25822;1422
20251205 150900;25822;25830.5;25818;25824.5;1155
20251205 151000;25824.25;25837.75;25822;25830;1580
20251205 151100;25830.25;25843;25829.75;25841.25;1468
20251205 151200;25841.25;25845.5;25834;25843.5;1170
20251205 151300;25843.75;25855.75;25836.75;25855.25;1433
20251205 151400;25855.25;25861.25;25852.5;25854;1869
20251205 151500;25853.75;25859.75;25846.5;25858.25;1764
20251205 151600;25858.25;25859.75;25848;25851.25;1044
20251205 151700;25851;25859.5;25849.25;25852.25;1002
20251205 151800;25852;25868;25852;25864.75;1164
20251205 151900;25865;25865.25;25844.25;25847;1585
20251205 152000;25846.5;25848;25838.25;25840.25;1703
20251205 152100;25840.75;25844;25828;25841.25;1675
20251205 152200;25842;25857;25841.5;25849.5;1545
20251205 152300;25849.75;25857;25843.5;25854.75;822
20251205 152400;25854.75;25859;25851.75;25853.25;785
20251205 152500;25853.5;25856.5;25850.5;25855.75;711
20251205 152600;25856.5;25856.75;25850.75;25854.75;700
20251205 152700;25854.5;25855.25;25842;25842.75;964
20251205 152800;25843;25845;25831.75;25831.75;1237
20251205 152900;25831.75;25839.5;25827.75;25835.25;1145
20251205 153000;25835.5;25838.5;25827.5;25837.5;632
20251205 153100;25836.75;25848;25835.5;25845.75;1377
20251205 153200;25845.25;25850.5;25843.75;25849.25;781
20251205 153300;25849.25;25861.25;25848.75;25859;1527
20251205 153400;25859.75;25860;25849.25;25856;773
20251205 153500;25855.25;25856.5;25847.5;25855.5;652
20251205 153600;25855.5;25858.25;25846;25848.25;872
20251205 153700;25847.5;25851;25834.25;25846.5;1155
20251205 153800;25846.75;25850.75;25842;25844.25;553
20251205 153900;25844.5;25844.5;25828.75;25830.25;1110
20251205 154000;25830.5;25842.5;25830;25838.25;911
20251205 154100;25838.25;25841.75;25826;25826.75;1052
20251205 154200;25827;25830.5;25818.5;25821.75;1603
20251205 154300;25822.25;25825.75;25818;25822.25;870
20251205 154400;25822.5;25830.25;25814;25814.5;1355
20251205 154500;25814.25;25823.75;25808.5;25820;1188
20251205 154600;25819.5;25819.5;25797.25;25798.5;2065
20251205 154700;25798.25;25816.5;25793.75;25812.25;1571
20251205 154800;25812.75;25826.75;25809.5;25825;1405
20251205 154900;25825;25832.25;25819.25;25831.75;1139
20251205 155000;25832.25;25832.5;25820.25;25821.25;947
20251205 155100;25821.75;25821.75;25797.75;25806.5;2179
20251205 155200;25806.5;25808.25;25775.5;25782.5;2552
20251205 155300;25782.5;25791.25;25756.5;25765.25;3301
20251205 155400;25765;25776.5;25756;25776;2393
20251205 155500;25775.5;25782.75;25766.75;25767.75;1778
20251205 155600;25767.5;25767.5;25748.5;25749.5;2477
20251205 155700;25748.75;25750.5;25722;25725.25;3874
20251205 155800;25725.5;25751;25716.25;25735;4172
20251205 155900;25733.75;25745.5;25724;25740.5;2248
20251205 160000;25739;25748.25;25728.75;25743;1772
20251205 160100;25743;25767;25738.25;25759.5;2946
20251205 160200;25759.5;25760.25;25734.5;25745.75;2059
20251205 160300;25745.75;25750.25;25736.5;25743;1028
20251205 160400;25742.75;25753;25737.75;25744.5;968
20251205 160500;25745.25;25755.25;25740.75;25742.25;873
20251205 160600;25741.25;25747;25736;25744.75;1204
20251205 160700;25745.75;25758.5;25742.25;25750.5;1054
20251205 160800;25750.75;25753;25723;25731.5;1520
20251205 160900;25731.75;25743.25;25729.75;25737.75;955
20251205 161000;25737.5;25740;25727;25731.5;970
20251205 161100;25731.75;25738.75;25722.75;25724.75;1382
20251205 161200;25724;25735;25708.5;25724.75;2088
20251205 161300;25725.25;25729.5;25719;25725.75;861
20251205 161400;25725.25;25735.5;25720.25;25735;1024
20251205 161500;25734.5;25735.25;25706.5;25707;1344
20251205 161600;25706.5;25709.25;25691;25703;2922
20251205 161700;25703;25706.75;25690.75;25697;1783
20251205 161800;25697.25;25711;25686;25707.25;1696
20251205 161900;25707.25;25710;25688.75;25699.25;1147
20251205 162000;25698.25;25701.75;25683.25;25695.5;1527
20251205 162100;25696.25;25707.75;25683.5;25705;1544
20251205 162200;25704.5;25718;25701.25;25711.75;1459
20251205 162300;25712.5;25730.75;25708.5;25729.75;1679
20251205 162400;25730.25;25734.25;25710.25;25710.5;1460
20251205 162500;25711;25720;25704;25714.75;969
20251205 162600;25714.5;25736.75;25713.75;25734.75;1315
20251205 162700;25735;25741;25722.5;25731.25;1138
20251205 162800;25731.5;25731.5;25721.25;25723.25;807
20251205 162900;25722.75;25723.25;25693.5;25699.25;2003
20251205 163000;25699;25708.25;25693.5;25697.75;1160
20251205 163100;25698;25698;25683.75;25688;1971
20251205 163200;25688.75;25690.75;25658.5;25662.25;3290
20251205 163300;25661.75;25677.5;25651.25;25677;2444
20251205 163400;25676.25;25690.75;25668;25685.75;1795
20251205 163500;25686;25693;25666;25677.25;1853
20251205 163600;25677.25;25691.25;25675;25690.75;1013
20251205 163700;25691;25694.25;25674;25680.75;1235
20251205 163800;25681.25;25686;25666.5;25684.5;1160
20251205 163900;25684;25692;25673;25691.75;1030
20251205 164000;25691.25;25696;25683.75;25685.5;834
20251205 164100;25685;25687.75;25673.5;25676.75;1092
20251205 164200;25676.25;25685.25;25671;25683.5;959
20251205 164300;25683.25;25696;25680.75;25691.25;926
20251205 164400;25691;25704.5;25689.75;25693.25;1057
20251205 164500;25692.75;25695.5;25687;25690.25;759
20251205 164600;25690;25709;25688;25708.25;1379
20251205 164700;25707.5;25709.75;25694.75;25697;1002
20251205 164800;25697.25;25703.25;25679;25688.5;1128
20251205 164900;25688.25;25698.5;25685.25;25690;834
20251205 165000;25690;25705.5;25685.75;25705.5;867
20251205 165100;25705;25707.75;25693;25696.75;926
20251205 165200;25697.25;25714;25693.5;25714;1359
20251205 165300;25714;25722;25713.25;25721;1388
20251205 165400;25721;25731;25716.5;25730.25;1063
20251205 165500;25730.75;25738.25;25726.75;25735.25;1004
20251205 165600;25735.25;25739;25728;25738;1039
20251205 165700;25737.75;25748.75;25737.5;25746.5;1239
20251205 165800;25746.75;25751;25744.25;25748;1084
20251205 165900;25749;25761.5;25746;25759.75;1333
20251205 170000;25760;25761.25;25729;25730.25;1885
20251205 170100;25729.5;25737;25722.5;25732;1495
20251205 170200;25732.25;25732.25;25710;25716.5;1584
20251205 170300;25716;25722.75;25704;25718;1294
20251205 170400;25718.25;25731.25;25717;25728.75;929
20251205 170500;25728;25738.25;25718.25;25718.25;1192
20251205 170600;25717.5;25728;25713.25;25723.5;880
20251205 170700;25723.75;25731;25718.5;25726.5;700
20251205 170800;25725.75;25726;25713.25;25714.75;857
20251205 170900;25714.25;25720;25710.5;25715.75;758
20251205 171000;25715;25722.25;25711.25;25721.75;555
20251205 171100;25722.5;25722.75;25708.5;25709;624
20251205 171200;25708.75;25708.75;25692.25;25703.75;1325
20251205 171300;25704;25712.5;25699.5;25704.5;873
20251205 171400;25703.75;25706.5;25696.75;25700;467
20251205 171500;25698.75;25707.75;25694.5;25696.25;601
20251205 171600;25695.5;25704.75;25694.5;25698.25;534
20251205 171700;25698.75;25704.75;25693.75;25701;382
20251205 171800;25701.25;25708.25;25696.5;25700.25;490
20251205 171900;25701.25;25705;25693.25;25695.5;495
20251205 172000;25695;25701.25;25691.5;25697.5;369
20251205 172100;25698;25704.75;25695.25;25700.5;526
20251205 172200;25700;25700;25689.25;25696;606
20251205 172300;25695.5;25701.5;25688.75;25691.5;522
20251205 172400;25690.75;25702;25689.25;25700.25;453
20251205 172500;25699.5;25708.75;25695.75;25705.75;502
20251205 172600;25706;25711.25;25700.75;25705.5;602
20251205 172700;25704.75;25707;25695.75;25698;345
20251205 172800;25698;25705;25695.5;25704.75;335
20251205 172900;25705;25707;25694.75;25695;401
20251205 173000;25694.5;25699.25;25692.75;25695;400
20251205 173100;25695;25700.25;25693.5;25697;552
20251205 173200;25697.5;25698.5;25685;25692;920
20251205 173300;25693.5;25697;25688.5;25689;584
20251205 173400;25688.25;25692.75;25682.75;25687;809
20251205 173500;25687;25689.75;25682.25;25683.5;648
20251205 173600;25683.75;25683.75;25671.75;25677.5;1577
20251205 173700;25677.25;25679.75;25669.5;25670.25;1180
20251205 173800;25669.75;25694;25664.75;25687;1615
20251205 173900;25687.25;25695.5;25683.75;25695;806
20251205 174000;25695.75;25698;25692;25696.5;779
20251205 174100;25696.5;25699;25680.5;25682.25;853
20251205 174200;25682.5;25693;25679.75;25689.75;818
20251205 174300;25689.75;25692.5;25686;25690.75;464
20251205 174400;25690.5;25693.5;25685.5;25691;473
20251205 174500;25690.25;25698.5;25689;25694.75;798
20251205 174600;25694.25;25697.5;25687.25;25695.5;663
20251205 174700;25695.75;25704.5;25694.75;25699.25;739
20251205 174800;25700;25710.25;25699;25709;646
20251205 174900;25709.25;25711.75;25699;25700.75;615
20251205 175000;25700.75;25702.75;25697.5;25700;322
20251205 175100;25699.75;25716;25696.75;25714;1006
20251205 175200;25714;25727;25710.25;25726.5;1007
20251205 175300;25726.5;25740.75;25725.5;25735.5;1305
20251205 175400;25735;25739.5;25731.25;25734;811
20251205 175500;25734.75;25739.25;25733.5;25735.25;791
20251205 175600;25736;25738.5;25725.5;25728;1169
20251205 175700;25728.5;25728.75;25719.5;25725;903
20251205 175800;25725.75;25731;25724;25729.5;623
20251205 175900;25729.75;25731.5;25726;25729.5;344
20251205 180000;25730;25732;25728;25730.5;323
20251205 180100;25729.75;25735;25725.75;25726.25;680
20251205 180200;25726.5;25730.5;25723.75;25729.75;530
20251205 180300;25729.25;25729.75;25718.25;25723.75;714
20251205 180400;25723.75;25728.75;25723.25;25727.25;302
20251205 180500;25727.25;25730;25722;25729.25;411
20251205 180600;25729;25737.25;25728.25;25734;552
20251205 180700;25734.25;25736.25;25727.75;25732.75;433
20251205 180800;25732.5;25732.5;25724.25;25725.75;392
20251205 180900;25725.5;25732.25;25725;25730.5;287
20251205 181000;25731.5;25739;25731.5;25738;411
20251205 181100;25738.25;25738.75;25731.75;25735.75;613
20251205 181200;25735.25;25736.5;25726;25726.5;477
20251205 181300;25726.75;25734.75;25726;25734;470
20251205 181400;25733.75;25734.5;25726;25727.75;381
20251205 181500;25728.25;25732;25722.75;25725;514
20251205 181600;25725.25;25727.5;25715;25718;931
20251205 181700;25718.25;25725.25;25714.25;25725.25;559
20251205 181800;25725.5;25729.5;25724.25;25726.75;391
20251205 181900;25726.25;25727.25;25719.5;25720.25;544
20251205 182000;25721;25724;25717.5;25722.75;393
20251205 182100;25722.75;25723.75;25710.75;25711;684
20251205 182200;25711.25;25714.25;25704.25;25707.5;1047
20251205 182300;25707;25712.5;25700;25711.75;1101
20251205 182400;25711.5;25722;25711.5;25721;878
20251205 182500;25721.75;25721.75;25715.25;25718;374
20251205 182600;25717;25723;25713.5;25721;471
20251205 182700;25722;25733;25721.75;25729.75;865
20251205 182800;25730;25734.75;25725.25;25733.75;522
20251205 182900;25734.25;25741.75;25731.75;25740;700
20251205 183000;25740.25;25747.25;25740.25;25744;998
20251205 183100;25744;25753.75;25743.5;25752.5;1040
20251205 183200;25752.75;25755.5;25742.5;25743.5;1235
20251205 183300;25743;25748.25;25739.75;25743.25;729
20251205 183400;25743.75;25754.5;25743;25753;756
20251205 183500;25753.25;25758.5;25751.25;25754;828
20251205 183600;25754.5;25755;25743;25746.75;691
20251205 183700;25747;25751.75;25740.75;25751.5;652
20251205 183800;25752;25756.75;25749.75;25753;627
20251205 183900;25753.25;25753.75;25750.25;25751.25;237
20251205 184000;25751.5;25753.25;25748.5;25751.75;612
20251205 184100;25752.25;25752.75;25741.75;25742.25;589
20251205 184200;25741.5;25745.75;25735.25;25736.25;757
20251205 184300;25736.25;25742.25;25727.75;25732.25;835
20251205 184400;25731.75;25732.5;25727;25728.25;474
20251205 184500;25727.75;25737;25723.25;25735.25;777
20251205 184600;25735;25737.25;25728;25728.75;527
20251205 184700;25728.75;25732.5;25724.5;25729.5;507
20251205 184800;25729;25734.5;25726.75;25727.25;378
20251205 184900;25727;25732.5;25726.25;25730.75;298
20251205 185000;25732;25738.75;25730.75;25737.5;474
20251205 185100;25737.75;25740.5;25728.75;25729.25;579
20251205 185200;25729;25729.25;25720.25;25724.75;820
20251205 185300;25724.75;25730.75;25720.25;25729.75;506
20251205 185400;25730;25736;25729.5;25735;396
20251205 185500;25735.25;25736.25;25730.75;25734;241
20251205 185600;25733.75;25735.75;25727.5;25727.75;324
20251205 185700;25727.5;25731.25;25724.75;25727.75;369
20251205 185800;25728;25732.25;25726.25;25731;287
20251205 185900;25730.75;25732.25;25727.5;25729.75;301
20251205 190000;25729.5;25732.5;25724.5;25726.75;433
20251205 190100;25727.75;25730.25;25723;25724.5;615
20251205 190200;25723.75;25724.25;25715;25723.25;878
20251205 190300;25723.25;25725;25716.75;25720;475
20251205 190400;25719.75;25729.25;25719;25724.75;531
20251205 190500;25725.25;25726.5;25720;25720.75;277
20251205 190600;25720.5;25723;25714.25;25719.25;556
20251205 190700;25718.75;25724;25718.5;25721.5;395
20251205 190800;25722;25725.75;25717.25;25725.25;414
20251205 190900;25725.5;25727.75;25720.5;25727;377
20251205 191000;25727.25;25729.75;25725.75;25726.5;340
20251205 191100;25726.75;25728.25;25722.5;25727.75;369
20251205 191200;25727.75;25732.25;25725.5;25730.75;417
20251205 191300;25730.25;25733.25;25725.25;25732;599
20251205 191400;25732.5;25735;25728.75;25731.75;314
20251205 191500;25731.75;25740.75;25731.75;25738.5;644
20251205 191600;25738.5;25741.25;25732.5;25734.25;579
20251205 191700;25734;25734;25713.75;25719;985
20251205 191800;25719.5;25719.75;25713.75;25715.25;498
20251205 191900;25715.25;25723.25;25707.75;25721.75;995
20251205 192000;25721.5;25723.75;25718.75;25719.5;290
20251205 192100;25718.25;25727;25716;25724.75;499
20251205 192200;25725.5;25727.5;25719.25;25720.25;370
20251205 192300;25720.25;25726.5;25716;25718.5;406
20251205 192400;25718;25719.75;25706.75;25709;686
20251205 192500;25709.5;25713.75;25707;25712.5;502
20251205 192600;25713.25;25719.5;25709.5;25716.75;512
20251205 192700;25716.5;25729.25;25716.5;25729;579
20251205 192800;25729.5;25733.75;25726.75;25730;663
20251205 192900;25729.75;25730.75;25721.25;25724.25;518
20251205 193000;25724.5;25725.25;25721.25;25722.25;256
20251205 193100;25722.75;25729.25;25719.5;25721;566
20251205 193200;25721.25;25722.5;25712.75;25713.5;637
20251205 193300;25713.75;25718.75;25709.25;25717;604
20251205 193400;25717.25;25727.25;25716.5;25726.5;547
20251205 193500;25726.5;25727.25;25721.5;25723;394
20251205 193600;25722.75;25723.5;25713.75;25715.25;574
20251205 193700;25715.5;25721.25;25714.75;25719;495
20251205 193800;25718.75;25719.5;25712.75;25719.25;468
20251205 193900;25719.25;25722.5;25716.5;25721;338
20251205 194000;25720.25;25725.25;25718.5;25725.25;388
20251205 194100;25725;25726;25721.25;25725;361
20251205 194200;25724.5;25727.25;25722.25;25724.5;271
20251205 194300;25725;25728.5;25716.5;25717.5;536
20251205 194400;25716.75;25718.5;25708.75;25709;558
20251205 194500;25708.5;25715;25706;25712.25;694
20251205 194600;25712;25712.75;25708.25;25710.5;414
20251205 194700;25710.5;25710.75;25702.5;25708.75;594
20251205 194800;25709;25709.5;25704.25;25705;361
20251205 194900;25705;25713;25705;25710.25;366
20251205 195000;25710.75;25712.5;25708;25711.75;295
20251205 195100;25711.25;25721.5;25709.25;25720.5;833
20251205 195200;25721;25725.75;25719.5;25725.25;586
20251205 195300;25724.75;25730.25;25724.25;25729.75;782
20251205 195400;25729;25729.75;25719.5;25720;538
20251205 195500;25719.5;25728.5;25718.75;25728.25;421
20251205 195600;25728.25;25730.25;25725;25729.75;493
20251205 195700;25730.25;25735.75;25728.5;25735.5;627
20251205 195800;25735.25;25741.5;25733.5;25741.25;836
20251205 195900;25741.75;25743.75;25740;25742.25;592
20251205 200000;25742;25742.75;25734;25737.5;637
20251205 200100;25737.75;25740.25;25733.25;25733.75;635
20251205 200200;25733.5;25736.75;25730;25730;540
20251205 200300;25730;25731.75;25723;25726.25;626
20251205 200400;25727.5;25734.5;25726.5;25733.25;499
20251205 200500;25732.75;25733.5;25724.5;25727;576
20251205 200600;25726.5;25727.25;25723;25727.25;496
20251205 200700;25727.25;25731.25;25722.5;25725.75;469
20251205 200800;25725.5;25725.75;25720.75;25723.25;429
20251205 200900;25724;25727.75;25721.25;25723.5;339
20251205 201000;25723.25;25723.75;25720;25721.75;423
20251205 201100;25721.25;25721.25;25711.5;25714;943
20251205 201200;25714.25;25723.5;25712.75;25722.75;591
20251205 201300;25722.5;25724.75;25719.25;25719.25;499
20251205 201400;25719;25725.75;25716.75;25725.25;343
20251205 201500;25725.5;25726.5;25722.5;25724.75;360
20251205 201600;25724;25728;25723.75;25724;411
20251205 201700;25723.75;25730.5;25723.75;25729.75;526
20251205 201800;25730;25733.5;25725.5;25727.75;593
20251205 201900;25727.5;25731.5;25725.75;25731;312
20251205 202000;25731.25;25739.75;25729.5;25736.75;688
20251205 202100;25736.5;25737;25731.25;25733;480
20251205 202200;25733.5;25733.5;25727;25728.25;453
20251205 202300;25728;25729.5;25723.25;25723.5;542
20251205 202400;25723;25726.75;25721.5;25724.25;552
20251205 202500;25724.25;25725.25;25721;25724.75;408
20251205 202600;25725.5;25725.5;25717.5;25718;390
20251205 202700;25718.5;25722.75;25715;25721.75;662
20251205 202800;25721.25;25721.25;25715.5;25716.25;360
20251205 202900;25716.75;25724;25714.75;25722.5;492
20251205 203000;25722.25;25726;25720;25725.5;479
20251205 203100;25725.75;25726;25717;25717.75;500
20251205 203200;25717.75;25720;25713.25;25714;542
20251205 203300;25714;25725.75;25713;25725.5;456
20251205 203400;25725.5;25726;25720.5;25724.75;359
20251205 203500;25725.25;25728;25721.75;25726.5;495
20251205 203600;25726;25726.5;25720.75;25721.5;512
20251205 203700;25721.75;25725.25;25718.75;25722.5;328
20251205 203800;25723;25724;25718.75;25723.25;274
20251205 203900;25723.25;25725.75;25720.25;25721;370
20251205 204000;25720.75;25721;25715.25;25716.5;442
20251205 204100;25716;25718.5;25713.5;25715;433
20251205 204200;25715;25718.75;25710;25712.25;503
20251205 204300;25712;25716.75;25707.5;25714.5;778
20251205 204400;25714.75;25722.25;25713.75;25721.25;587
20251205 204500;25721.25;25723;25719.5;25722.25;444
20251205 204600;25721.75;25722.75;25712.25;25713;799
20251205 204700;25712.25;25714.75;25703.5;25704;921
20251205 204800;25704;25704;25689;25693.75;1915
20251205 204900;25694.25;25696;25688.25;25694.5;1031
20251205 205000;25694;25694.25;25688;25693;919
20251205 205100;25692.5;25701;25682.75;25687.75;1834
20251205 205200;25688.25;25693;25677.75;25679.25;921
20251205 205300;25679.5;25694.25;25678;25693.5;926
20251205 205400;25693;25720.25;25686.5;25713.5;1983
20251205 205500;25713.75;25722;25696.75;25707.25;2294
20251205 205600;25707.25;25721;25706.75;25709;1547
20251205 205700;25708.5;25713.25;25706.5;25710;760
20251205 205800;25710;25720.25;25707.25;25718;932
20251205 205900;25718;25722;25715.75;25720;1264
20251205 210000;25720.25;25740;25720.25;25726.5;7406
20251205 210100;25726.5;25738;25723.25;25736;2879
20251205 210200;25735.75;25739.75;25733.5;25737.25;647
20251205 210300;25737;25738.75;25731.25;25734.75;581
20251205 210400;25734.5;25736.25;25731.75;25732.75;381
20251205 210500;25732.75;25735.5;25731.25;25735.5;337
20251205 210600;25735.75;25738.5;25733.75;25737.5;386
20251205 210700;25737.75;25742;25735.5;25737.75;445
20251205 210800;25738;25740.5;25737;25740.25;186
20251205 210900;25740.5;25743.75;25737.5;25738;359
20251205 211000;25737.5;25738.5;25734.5;25736.5;294
20251205 211100;25736.5;25737;25733.5;25735.75;317
20251205 211200;25735.75;25736.25;25731.75;25732;290
20251205 211300;25731.75;25732.75;25729;25732.5;238
20251205 211400;25732.5;25739.25;25732.25;25738.25;357
20251205 211500;25738;25739.5;25733.25;25733.5;247
20251205 211600;25734;25737.25;25733;25735.75;104
20251205 211700;25735.5;25738.25;25735.25;25735.5;115
20251205 211800;25735.75;25736;25732.75;25733.5;75
20251205 211900;25733.75;25734.25;25729.75;25732;133
20251205 212000;25732.75;25734.75;25731.25;25734.25;88
20251205 212100;25734.5;25737.25;25734.5;25736.5;92
20251205 212200;25736.5;25737;25735.25;25736;52
20251205 212300;25736.25;25737.25;25735.5;25736.25;91
20251205 212400;25736.75;25738;25735.25;25735.5;90
20251205 212500;25735.75;25736.5;25734.5;25735;118
20251205 212600;25735.25;25737.25;25735;25736;130
20251205 212700;25736.25;25736.75;25734.25;25736.25;117
20251205 212800;25737;25737;25733.5;25734.25;223
20251205 212900;25734.75;25735.5;25733.5;25733.5;66
20251205 213000;25734;25735.75;25732;25732.25;60
20251205 213100;25732.25;25734;25731.75;25734;63
20251205 213200;25733.75;25734.75;25733.5;25734.25;62
20251205 213300;25734.75;25735.75;25733.25;25734;68
20251205 213400;25734.5;25734.5;25732;25732.5;35
20251205 213500;25732.25;25733;25730.25;25732.25;77
20251205 213600;25732;25734;25731.75;25733.75;38
20251205 213700;25733;25734.75;25732;25734;71
20251205 213800;25734.25;25735.5;25734.25;25734.75;66
20251205 213900;25735;25735;25733.5;25734.5;50
20251205 214000;25734;25740;25733.75;25739;229
20251205 214100;25738.5;25739.5;25737.75;25739;93
20251205 214200;25738.5;25738.5;25737;25737;34
20251205 214300;25737;25738;25736.5;25737;54
20251205 214400;25737;25739;25735.75;25737.5;75
20251205 214500;25737.5;25739;25735.75;25736;96
20251205 214600;25736.25;25737;25735.5;25736.75;119
20251205 214700;25737;25738.75;25737;25737.25;43
20251205 214800;25737;25738.25;25736.5;25737.75;44
20251205 214900;25737.75;25740;25737.25;25738.75;46
20251205 215000;25738;25738.75;25736.5;25736.5;37
20251205 215100;25736.75;25738.25;25736.5;25737.5;57
20251205 215200;25737.5;25738;25736.25;25737.25;37
20251205 215300;25737;25737;25735.5;25736;30
20251205 215400;25736;25736.25;25733.75;25734.75;100
20251205 215500;25734.75;25736;25734.25;25736;39
20251205 215600;25735.5;25737.25;25735;25736.75;43
20251205 215700;25736.5;25737;25733.75;25736.5;110
20251205 215800;25736;25736.5;25734.5;25736.5;33
20251205 215900;25736.75;25738.75;25734.75;25735;86
20251205 220000;25735;25737;25732.5;25735;148
20251206 223500;25735;25735;25735;25735;1
20251207 001000;25735;25735;25735;25735;2
20251207 004000;25735;25735;25735;25735;1
20251207 230100;25750;25770;25744.25;25751;531
20251207 230200;25751.5;25755;25729.75;25741.25;331
20251207 230300;25739.5;25746.5;25738.75;25739.25;131
20251207 230400;25739.25;25741;25732.75;25737.5;130
20251207 230500;25737.75;25739.25;25731;25738.75;99
20251207 230600;25737.5;25738.5;25723.5;25725.25;153
20251207 230700;25724.25;25736.5;25719.5;25732;311
20251207 230800;25730.75;25742.25;25730.75;25736.75;150
20251207 230900;25736.75;25746.25;25734.5;25742.5;133
20251207 231000;25741.75;25747;25738.5;25739.25;85
20251207 231100;25738.75;25739.25;25735.25;25738.25;44
20251207 231200;25739;25742.5;25737.5;25742.5;31
20251207 231300;25742.25;25743.75;25737;25737.75;43
20251207 231400;25737.5;25737.5;25733;25733.75;53
20251207 231500;25733.5;25733.5;25723.5;25729.75;141
20251207 231600;25728.25;25731.25;25725;25728.75;75
20251207 231700;25730;25736.5;25729.5;25736.25;70
20251207 231800;25736.75;25744.5;25734;25741;134
20251207 231900;25738.25;25742.75;25734;25735.5;58
20251207 232000;25737.5;25737.5;25731;25736.25;48
20251207 232100;25736.5;25742.5;25736.5;25742;57
20251207 232200;25742.25;25754.5;25742.25;25752.25;241
20251207 232300;25751.75;25753;25745;25745;120
20251207 232400;25744.75;25750;25743.25;25750;90
20251207 232500;25750.5;25754.5;25747.5;25749.25;149
20251207 232600;25749.75;25752.25;25746;25746.5;72
20251207 232700;25745.5;25746.5;25733.5;25738.5;190
20251207 232800;25738.25;25741;25735;25740.5;71
20251207 232900;25740.75;25745.5;25738.5;25745;46
20251207 233000;25746;25748;25745.75;25746.25;14
20251207 233100;25746;25750.75;25743;25747.25;82
20251207 233200;25748.75;25752.75;25745.5;25748.5;106
20251207 233300;25746;25750.25;25745.75;25748;30
20251207 233400;25749.25;25750.25;25745.5;25750.25;36
20251207 233500;25750.25;25752.25;25746.75;25750.25;37
20251207 233600;25750.25;25756.5;25749.75;25751.75;106
20251207 233700;25752;25755.5;25750.25;25753.75;36
20251207 233800;25753.5;25753.75;25751;25751;15
20251207 233900;25751;25752.25;25746.25;25749.75;87
20251207 234000;25749.75;25750;25747;25748.75;21
20251207 234100;25748.5;25749;25746;25746.25;29
20251207 234200;25746;25747.25;25744.25;25744.5;37
20251207 234300;25743.75;25750;25740;25747.5;99
20251207 234400;25748.25;25749.75;25747.25;25748.75;17
20251207 234500;25749.25;25750;25747.25;25748.25;11
20251207 234600;25746.25;25747.75;25742.75;25744.25;34
20251207 234700;25745;25749.25;25744;25747.75;26
20251207 234800;25748.5;25751.5;25748.25;25749.75;33
20251207 234900;25750.75;25751;25749.5;25750;10
20251207 235000;25750.75;25750.75;25748.75;25749;15
20251207 235100;25747.75;25750.5;25747;25750.5;16
20251207 235200;25749.25;25752;25749.25;25751;15
20251207 235300;25750.5;25750.5;25747.25;25749;35
20251207 235400;25750;25751.5;25749;25750;21
20251207 235500;25750;25752;25748.75;25749.5;22
20251207 235600;25749.75;25753.25;25749.75;25750.75;45
20251207 235700;25751;25752.25;25746.75;25746.75;35
20251207 235800;25745.75;25746.75;25743;25746.75;69
20251207 235900;25746.25;25747.25;25745;25745;20
20251208 000000;25744.25;25747;25743.5;25746.5;26
20251208 000100;25746.25;25747;25728.25;25730.25;246
20251208 000200;25730.5;25730.5;25708;25723;433
20251208 000300;25723;25723.25;25715.5;25716.75;73
20251208 000400;25716.25;25716.75;25709.25;25716.75;129
20251208 000500;25718.5;25723.25;25715.25;25720.25;91
20251208 000600;25717.25;25719.25;25712.25;25719;71
20251208 000700;25717.25;25720.75;25713.5;25719;97
20251208 000800;25717.75;25719.25;25711.25;25714;98
20251208 000900;25714;25716.5;25709;25711.75;59
20251208 001000;25714.5;25714.5;25710.5;25711.75;42
20251208 001100;25710;25710;25702;25708.75;167
20251208 001200;25707.75;25709;25700.25;25701.25;84
20251208 001300;25702.75;25709.25;25701.75;25707;90
20251208 001400;25706.75;25712.5;25705;25709.25;102
20251208 001500;25709.75;25715.75;25709.75;25714;69
20251208 001600;25712.75;25720;25712.75;25713.75;164
20251208 001700;25715.5;25716.5;25710.25;25713.25;75
20251208 001800;25713.25;25718.5;25712;25718.25;66
20251208 001900;25716.75;25722.25;25715.5;25719.75;113
20251208 002000;25719.25;25719.25;25713.75;25718.5;55
20251208 002100;25718;25720.25;25716.25;25719.25;37
20251208 002200;25718.75;25720;25717.25;25717.25;24
20251208 002300;25718.25;25720;25717.5;25718;26
20251208 002400;25719.5;25735;25719;25734.5;163
20251208 002500;25735;25735.25;25727.5;25728;93
20251208 002600;25727;25734.25;25726.5;25731.5;99
20251208 002700;25729.75;25731.25;25725.75;25728.75;47
20251208 002800;25730.5;25731.75;25728;25731;23
20251208 002900;25730;25732.25;25728.25;25728.25;19
20251208 003000;25729;25732.25;25727;25732.25;30
20251208 003100;25731.5;25733;25726;25728;62
20251208 003200;25727.25;25729;25726;25726.25;39
20251208 003300;25726;25730.5;25725.5;25727.75;38
20251208 003400;25728.25;25735;25728.25;25734.75;115
20251208 003500;25735;25738.75;25733;25733;106
20251208 003600;25734.75;25739.75;25734.75;25738.5;58
20251208 003700;25737.25;25738.75;25735;25737.25;33
20251208 003800;25736.5;25737;25733.5;25736.25;74
20251208 003900;25736.25;25738;25735.5;25735.5;21
20251208 004000;25735.5;25736.25;25733.5;25735;25
20251208 004100;25735.25;25736.75;25732.75;25736.5;24
20251208 004200;25735.25;25737.5;25735;25737.5;19
20251208 004300;25737.75;25740.75;25736.5;25736.5;48
20251208 004400;25735.75;25739;25735.75;25736.5;53
20251208 004500;25736.75;25738;25736;25737.5;13
20251208 004600;25736.25;25737.5;25733.75;25734.75;43
20251208 004700;25735;25741.75;25733;25739;95
20251208 004800;25739.5;25742.25;25737.5;25738;102
20251208 004900;25738.5;25743.25;25738;25742.25;48
20251208 005000;25742.25;25744.5;25741.5;25743.75;59
20251208 005100;25744.75;25745.75;25740.75;25742.5;73
20251208 005200;25741.5;25742.5;25738.25;25738.75;53
20251208 005300;25739.5;25744.5;25739.5;25743;38
20251208 005400;25744.5;25750;25744.5;25747.25;88
20251208 005500;25747.5;25749.25;25747.25;25748;29
20251208 005600;25748;25750.25;25744.75;25746;51
20251208 005700;25745.25;25746.75;25742.75;25744.5;44
20251208 005800;25747;25749.25;25746.5;25746.75;17
20251208 005900;25745.25;25747;25743.75;25746.5;29
20251208 010000;25745.5;25747.5;25745.5;25747.25;22
20251208 010100;25746.25;25749.25;25743.5;25745.25;178
20251208 010200;25745.25;25752;25743.75;25750.5;106
20251208 010300;25751;25752.5;25747;25751;112
20251208 010400;25750.75;25755.75;25750.75;25754;108
20251208 010500;25754.5;25758;25752.25;25752.75;158
20251208 010600;25751.75;25759.25;25751.25;25756;144
20251208 010700;25756.5;25760.25;25756;25760.25;113
20251208 010800;25760.5;25765;25755;25756.5;136
20251208 010900;25756.75;25758.75;25754;25755;45
20251208 011000;25754.25;25757.75;25754.25;25754.5;47
20251208 011100;25753.75;25757.25;25752;25753.5;87
20251208 011200;25753.5;25757.75;25752.75;25754.5;56
20251208 011300;25755.25;25757.75;25754;25754.25;44
20251208 011400;25755.5;25757.25;25752.5;25752.75;49
20251208 011500;25752.75;25753;25743;25747.5;179
20251208 011600;25746.5;25750.75;25743;25750.75;143
20251208 011700;25751.5;25755.75;25747.25;25748;126
20251208 011800;25748;25749.25;25747;25747;33
20251208 011900;25747.5;25750;25745;25745.5;120
20251208 012000;25747;25749;25745;25748;77
20251208 012100;25749;25753.5;25749;25752.5;55
20251208 012200;25752.5;25754.5;25750;25750.5;67
20251208 012300;25751.75;25753.5;25747.75;25748;36
20251208 012400;25747.75;25751.25;25746;25751.25;41
20251208 012500;25751.25;25751.5;25749.75;25749.75;15
20251208 012600;25750.75;25753;25750.75;25751.25;30
20251208 012700;25752.5;25753.25;25750.5;25753;36
20251208 012800;25753.25;25753.75;25751;25752.25;24
20251208 012900;25752.75;25754.5;25750.75;25751.25;52
20251208 013000;25750.5;25750.75;25748.5;25749.25;20
20251208 013100;25751.5;25754.25;25750.75;25752;27
20251208 013200;25752.75;25757;25752.75;25754.25;58
20251208 013300;25755.5;25758.75;25753.75;25755.75;82
20251208 013400;25756.25;25758;25755.25;25756.75;64
20251208 013500;25757.25;25757.75;25754;25757.75;32
20251208 013600;25758.25;25763.5;25758.25;25763;134
20251208 013700;25763.75;25766.5;25762.25;25764.75;109
20251208 013800;25765;25765;25760.75;25763.5;66
20251208 013900;25765;25767.75;25765;25766.25;56
20251208 014000;25766.5;25767.25;25761.75;25762.25;70
20251208 014100;25762.5;25769.5;25762.5;25768.25;78
20251208 014200;25769;25769;25764.5;25765.25;27
20251208 014300;25764.75;25765.75;25762.75;25763;37
20251208 014400;25762.75;25764.5;25761.5;25763;41
20251208 014500;25762.5;25765;25762;25763.5;38
20251208 014600;25764;25767.75;25762.5;25766;44
20251208 014700;25767;25767.25;25764;25765;28
20251208 014800;25765.25;25765.5;25762;25765.5;35
20251208 014900;25764.25;25765.75;25762.5;25765.25;15
20251208 015000;25766.5;25769.25;25766.25;25768;51
20251208 015100;25767;25768.25;25765;25766;19
20251208 015200;25766.25;25769;25766.25;25769;41
20251208 015300;25768.5;25770;25766.5;25766.5;45
20251208 015400;25765.25;25769.25;25764.25;25769;16
20251208 015500;25769;25772;25769;25769.75;110
20251208 015600;25767;25768;25766.75;25766.75;14
20251208 015700;25767.75;25768.25;25766.25;25767.25;19
20251208 015800;25767;25767;25764;25766.25;39
20251208 015900;25765.5;25768.5;25765.5;25767.25;6
20251208 020000;25767.25;25768.5;25765;25768.25;37
20251208 020100;25768;25770;25764.75;25766.25;44
20251208 020200;25767.25;25768.25;25766.25;25766.25;22
20251208 020300;25765.75;25766.25;25762.5;25763;62
20251208 020400;25762.75;25767;25761.5;25767;94
20251208 020500;25767.5;25773.5;25767.5;25769.25;141
20251208 020600;25769.25;25770;25768;25768.25;28
20251208 020700;25768.5;25770;25765;25765.5;54
20251208 020800;25765.75;25768.5;25765.5;25765.5;18
20251208 020900;25765.25;25767;25765;25765.75;42
20251208 021000;25767;25769.5;25766.75;25768.5;54
20251208 021100;25767.25;25768.5;25766.5;25767.25;22
20251208 021200;25767.75;25769.5;25767.75;25768.25;15
20251208 021300;25768;25772.25;25767;25771;56
20251208 021400;25770;25770.75;25768.75;25770.5;21
20251208 021500;25769.25;25769.75;25767.5;25769.25;14
20251208 021600;25769.75;25772;25769.5;25771.25;31
20251208 021700;25771.75;25773.25;25770.5;25772.75;66
20251208 021800;25773;25773.5;25771.25;25773.25;25
20251208 021900;25773.5;25781;25773.5;25778.75;282
20251208 022000;25777.75;25778.25;25774.25;25775.25;70
20251208 022100;25774.25;25776.75;25772.75;25774.75;40
20251208 022200;25775.25;25778;25775;25776;71
20251208 022300;25776.5;25777.75;25775.5;25777.25;18
20251208 022400;25777.25;25777.75;25775.25;25777.25;21
20251208 022500;25777.25;25779;25776.5;25778;39
20251208 022600;25777.5;25782.25;25777.25;25780.5;78
20251208 022700;25781.25;25781.75;25779.75;25781;35
20251208 022800;25781.25;25781.75;25778.75;25780;44
20251208 022900;25779;25779;25773.25;25774.75;111
20251208 023000;25774.5;25777;25774.5;25777;42
20251208 023100;25777;25777.5;25775;25776;37
20251208 023200;25775.75;25780.25;25775.5;25778.75;33
20251208 023300;25778.75;25781;25778;25781;35
20251208 023400;25780.5;25782;25777.75;25777.75;35
20251208 023500;25777.5;25780;25777.25;25778.25;46
20251208 023600;25777.5;25779.5;25777.25;25779.25;15
20251208 023700;25779.5;25783.25;25779.5;25780;50
20251208 023800;25780.75;25783;25780.75;25782;31
20251208 023900;25782.25;25782.75;25780.5;25780.75;24
20251208 024000;25779.25;25780.5;25775.5;25775.75;107
20251208 024100;25776.25;25777.25;25774.25;25774.5;123
20251208 024200;25775;25775.75;25772;25773.75;201
20251208 024300;25774.25;25775.75;25772.5;25772.5;28
20251208 024400;25772.25;25772.5;25769.5;25770;96
20251208 024500;25770.75;25775.75;25770.75;25775.25;55
20251208 024600;25775.5;25776.25;25772.5;25772.75;46
20251208 024700;25773.5;25776.5;25773.25;25773.75;61
20251208 024800;25774.5;25775;25772;25773.25;122
20251208 024900;25772.75;25773.5;25771.75;25773.5;44
20251208 025000;25774.5;25775.5;25774.5;25775.25;13
20251208 025100;25774.75;25775.75;25772.75;25772.75;22
20251208 025200;25772.75;25773.75;25770.75;25770.75;39
20251208 025300;25771.5;25773.25;25770.75;25772;44
20251208 025400;25772.25;25774.25;25771.5;25772;25
20251208 025500;25772;25774.25;25772;25772.75;24
20251208 025600;25774;25775.75;25772.25;25772.5;36
20251208 025700;25773.5;25775;25772.5;25775;34
20251208 025800;25775.5;25779;25775.5;25777.75;114
20251208 025900;25778.5;25780.75;25777;25779;60
20251208 030000;25779.75;25782.75;25779.25;25782.5;83
20251208 030100;25783;25787;25782.75;25785.25;118
20251208 030200;25784.25;25784.75;25782;25783.25;50
20251208 030300;25782.75;25784.5;25782;25782.25;52
20251208 030400;25782.5;25783;25779;25779.25;68
20251208 030500;25778.75;25781;25777;25781;52
20251208 030600;25780.5;25783.25;25780.25;25782.75;28
20251208 030700;25781.75;25783.5;25781.25;25783;7
20251208 030800;25781.5;25785;25780.75;25784.75;44
20251208 030900;25784.5;25784.75;25782.5;25783;17
20251208 031000;25782;25785.25;25782;25783.75;35
20251208 031100;25784.25;25786.75;25783;25785.5;34
20251208 031200;25786;25786.5;25784;25784;31
20251208 031300;25783.5;25785.5;25782.25;25784.75;58
20251208 031400;25784.5;25785.5;25783.5;25785.5;13
20251208 031500;25784.75;25786.75;25784.75;25786.5;21
20251208 031600;25785.75;25786;25784.25;25784.75;19
20251208 031700;25786;25787;25784.5;25786;36
20251208 031800;25786;25786.25;25783.75;25784;27
20251208 031900;25783.75;25784;25782.5;25783.25;17
20251208 032000;25783.25;25785.25;25783.25;25784.75;10
20251208 032100;25784.25;25785;25784;25785;10
20251208 032200;25785;25789;25785;25787.25;75
20251208 032300;25787;25789;25787;25788;31
20251208 032400;25787.25;25787.75;25785;25786.25;54
20251208 032500;25786;25789.75;25786;25788;84
20251208 032600;25788;25789.5;25787.5;25789.25;69
20251208 032700;25789.75;25791;25787.75;25788.5;129
20251208 032800;25788.5;25789;25787;25787.5;27
20251208 032900;25787.5;25789.75;25787;25788.75;37
20251208 033000;25788;25788.25;25783.25;25783.75;51
20251208 033100;25783.75;25786.25;25783.75;25786;31
20251208 033200;25785.25;25787.5;25784.5;25785.75;70
20251208 033300;25785.75;25790.25;25785.5;25790;65
20251208 033400;25788.5;25789.75;25787.25;25789.5;33
20251208 033500;25789.75;25789.75;25787.75;25787.75;12
20251208 033600;25789.75;25793;25789.75;25792;109
20251208 033700;25791.5;25794.25;25791.5;25792.5;42
20251208 033800;25792.5;25793.75;25790.75;25791;110
20251208 033900;25791.25;25791.25;25787.5;25790.5;77
20251208 034000;25790;25790.75;25789.5;25790.25;15
20251208 034100;25790.25;25790.25;25787.5;25790;50
20251208 034200;25791;25791;25789;25789.25;19
20251208 034300;25789;25789;25786.5;25786.5;28
20251208 034400;25786.5;25786.75;25784.75;25785;38
20251208 034500;25784.75;25785.75;25783.75;25784.5;28
20251208 034600;25785.5;25786.5;25784.75;25784.75;23
20251208 034700;25784.25;25788;25784.25;25786.75;25
20251208 034800;25785.25;25785.25;25783.75;25784.25;15
20251208 034900;25784.25;25784.25;25780.5;25783.25;86
20251208 035000;25784.25;25786.25;25784.25;25785.75;11
20251208 035100;25785;25787;25785;25786.25;30
20251208 035200;25785.5;25785.5;25782.75;25784;33
20251208 035300;25783.25;25785.75;25782.5;25785.75;27
20251208 035400;25785;25785.75;25783.75;25784.25;12
20251208 035500;25785;25788.25;25784.25;25787.75;39
20251208 035600;25786.75;25789;25786.25;25788.75;20
20251208 035700;25788;25791.25;25787.75;25789.25;59
20251208 035800;25789;25790.5;25787;25789.5;36
20251208 035900;25789.25;25790.75;25789.25;25790.5;25
20251208 040000;25791;25792.75;25788.75;25789.5;63
20251208 040100;25789.75;25790.5;25788.75;25788.75;31
20251208 040200;25789.75;25792;25789.25;25789.5;32
20251208 040300;25790;25791.5;25788.75;25791.5;13
20251208 040400;25791;25793.5;25790.75;25791.25;20
20251208 040500;25791.5;25791.5;25790;25790.75;13
20251208 040600;25790.25;25790.5;25790.25;25790.25;3
20251208 040700;25790.25;25790.5;25787.75;25788.5;40
20251208 040800;25788.75;25790.5;25787;25788.25;51
20251208 040900;25789;25791.5;25788.5;25789.75;41
20251208 041000;25790.25;25791.5;25789.25;25791.5;13
20251208 041100;25792.5;25792.5;25791.75;25792;10
20251208 041200;25791;25792.5;25790.5;25792.5;16
20251208 041300;25792.75;25795;25792.5;25793;71
20251208 041400;25793.25;25795;25793;25794.75;21
20251208 041500;25794;25797.75;25794;25796.75;89
20251208 041600;25796.5;25797;25793;25795;45
20251208 041700;25795;25796.25;25794;25796;41
20251208 041800;25796.5;25798.75;25796;25796;75
20251208 041900;25796;25797.75;25796;25797.5;13
20251208 042000;25798.75;25798.75;25796.25;25797;18
20251208 042100;25796.5;25797;25795.5;25796.75;15
20251208 042200;25796;25797;25795.25;25797;21
20251208 042300;25797.25;25797.5;25796.25;25796.5;9
20251208 042400;25796.25;25796.75;25796;25796.25;9
20251208 042500;25796;25797;25796;25796;9
20251208 042600;25796.75;25798.5;25796.75;25798;32
20251208 042700;25798;25798;25795.75;25796.5;15
20251208 042800;25796.75;25798;25796.5;25797.25;8
20251208 042900;25798;25799.25;25796.75;25796.75;46
20251208 043000;25797.25;25797.25;25795.25;25796;23
20251208 043100;25796.75;25798.5;25796.75;25798.25;29
20251208 043200;25799;25800.25;25796.75;25798.75;73
20251208 043300;25798.25;25799.25;25798.25;25799.25;6
20251208 043400;25799.25;25800;25798.5;25799.75;25
20251208 043500;25800;25801;25798.25;25798.25;57
20251208 043600;25798.25;25798.5;25794.5;25794.5;41
20251208 043700;25794.75;25796.75;25793.75;25795;53
20251208 043800;25795;25797.5;25795;25797.5;37
20251208 043900;25797.5;25800.5;25796.75;25800;28
20251208 044000;25800;25800;25798.25;25798.5;24
20251208 044100;25798.5;25800.25;25798.5;25800;19
20251208 044200;25799.5;25799.75;25797.75;25797.75;9
20251208 044300;25798;25798;25796.5;25797;9
20251208 044400;25799;25799;25797.75;25798.25;9
20251208 044500;25797.25;25798.25;25797;25798.25;8
20251208 044600;25798;25800;25796.75;25798;23
20251208 044700;25797.75;25797.75;25796.25;25797.25;10
20251208 044800;25797.75;25800.5;25797.75;25799.75;27
20251208 044900;25800.5;25800.5;25797.5;25797.5;20
20251208 045000;25798.5;25798.75;25798.25;25798.25;7
20251208 045100;25798;25798;25794.5;25796.25;40
20251208 045200;25796.25;25797.25;25795.75;25797.25;17
20251208 045300;25797.5;25800.5;25797.5;25800;27
20251208 045400;25801;25801.75;25799.5;25800.5;36
20251208 045500;25800.5;25802.5;25800.5;25801.75;36
20251208 045600;25801.75;25802.5;25800.25;25801;12
20251208 045700;25802.5;25803.25;25800.25;25800.25;35
20251208 045800;25800;25801.75;25800;25801.75;14
20251208 045900;25801.5;25802.25;25800.25;25800.25;12
20251208 050000;25800;25800.5;25798.5;25798.5;36
20251208 050100;25798.25;25799;25795.25;25795.5;57
20251208 050200;25796.75;25798.5;25795.75;25797.25;19
20251208 050300;25797.75;25797.75;25795;25795;25
20251208 050400;25795;25796.25;25794.75;25795.5;17
20251208 050500;25795.5;25796.25;25793.5;25793.75;52
20251208 050600;25794.75;25796.25;25794.5;25795.5;37
20251208 050700;25795.25;25796.25;25794.5;25795;80
20251208 050800;25795;25795.5;25793.25;25795.5;27
20251208 050900;25796.5;25797.5;25796;25796.75;12
20251208 051000;25796.5;25796.75;25792.5;25792.5;47
20251208 051100;25792.75;25795;25791;25793.25;89
20251208 051200;25793.75;25798.75;25793.75;25798.75;54
20251208 051300;25797.5;25798;25796.5;25796.5;18
20251208 051400;25797.25;25798.5;25797.25;25798.25;8
20251208 051500;25798.75;25799.25;25798;25798;21
20251208 051600;25798.75;25798.75;25798.25;25798.75;7
20251208 051700;25798;25799;25797.25;25799;11
20251208 051800;25798.25;25800.25;25797.75;25799.5;21
20251208 051900;25799.75;25800.5;25798.75;25800;23
20251208 052000;25799.75;25802.75;25799.5;25802;41
20251208 052100;25801.75;25802.5;25800.75;25800.75;15
20251208 052200;25801;25801.75;25799.5;25800.5;23
20251208 052300;25799.75;25799.75;25798.25;25799.5;19
20251208 052400;25798.5;25802.5;25798;25802.5;32
20251208 052500;25802.75;25802.75;25801;25802;25
20251208 052600;25802.25;25804;25801.75;25803.5;27
20251208 052700;25803.5;25803.5;25802;25802.75;13
20251208 052800;25802.25;25803.25;25802;25802.5;12
20251208 052900;25802.25;25802.5;25800.75;25802.5;21
20251208 053000;25802.75;25802.75;25800.5;25801;6
20251208 053100;25800.5;25803.25;25800.5;25802.25;31
20251208 053200;25802.25;25802.5;25801.25;25801.75;12
20251208 053300;25800.75;25801.25;25799.5;25800.5;30
20251208 053400;25801;25801.25;25799.5;25801.25;23
20251208 053500;25801.75;25803.5;25801.75;25803;34
20251208 053600;25803.5;25804.25;25802.75;25803;34
20251208 053700;25802.25;25803.75;25801.75;25803.5;19
20251208 053800;25803.25;25803.25;25800.75;25800.75;29
20251208 053900;25801;25801.75;25799.75;25801.25;26
20251208 054000;25800.75;25800.75;25799.5;25799.75;14
20251208 054100;25799.75;25801.25;25799;25799.5;49
20251208 054200;25799.25;25800.25;25798.25;25800;22
20251208 054300;25800.25;25800.5;25799.5;25799.5;8
20251208 054400;25800.75;25801.75;25799.75;25800.75;28
20251208 054500;25801.75;25801.75;25800.5;25801;11
20251208 054600;25801;25802.25;25800.5;25802.25;11
20251208 054700;25802.25;25802.5;25801.5;25801.75;12
20251208 054800;25802;25803.75;25801.75;25803.25;16
20251208 054900;25803.25;25803.25;25801.5;25801.75;10
20251208 055000;25801.5;25801.5;25799;25799;13
20251208 055100;25799.25;25799.75;25796.75;25798;38
20251208 055200;25798;25798.25;25796.75;25797.75;17
20251208 055300;25796.75;25797.25;25792.5;25792.75;59
20251208 055400;25793.25;25793.25;25791;25791.5;75
20251208 055500;25792.25;25795.75;25791.75;25793.5;45
20251208 055600;25794.25;25796.25;25794.25;25794.75;34
20251208 055700;25795.5;25796;25794;25795.5;33
20251208 055800;25795.75;25796.5;25795;25795.25;19
20251208 055900;25795.25;25795.5;25794;25794;20
20251208 060000;25795;25795.5;25793.5;25794.25;27
20251208 060100;25794.75;25796.25;25793.5;25794.25;32
20251208 060200;25794.75;25796.25;25794;25794;16
20251208 060300;25794;25794.5;25787.5;25789.75;139
20251208 060400;25789.25;25789.25;25785.5;25786.25;121
20251208 060500;25786.25;25794.5;25786.25;25792.75;158
20251208 060600;25793;25794.25;25791.25;25792;50
20251208 060700;25791.5;25792.25;25790.75;25791.5;28
20251208 060800;25792.5;25795;25792.25;25794.75;27
20251208 060900;25794.5;25796;25793.25;25796;24
20251208 061000;25796.25;25801.25;25796.25;25800;123
20251208 061100;25800;25801;25798.5;25798.5;47
20251208 061200;25799.5;25802;25799.5;25802;36
20251208 061300;25801.75;25804;25801;25801.5;80
20251208 061400;25802.25;25806.5;25801.75;25805.25;70
20251208 061500;25806;25807.25;25804.75;25806.75;65
20251208 061600;25806.75;25810;25806;25809.75;104
20251208 061700;25809.25;25810.5;25807.5;25808;70
20251208 061800;25808.75;25810;25806.75;25808;34
20251208 061900;25807.5;25808.5;25806.75;25807;24
20251208 062000;25806.5;25808.25;25805;25808.25;46
20251208 062100;25808.25;25808.25;25806;25807.5;23
20251208 062200;25807.25;25808.5;25806.75;25808.25;25
20251208 062300;25807.5;25808.25;25805.5;25808.25;37
20251208 062400;25808.5;25809.5;25807.25;25807.75;26
20251208 062500;25809.25;25810.25;25808.75;25809;41
20251208 062600;25809.5;25809.5;25804.5;25804.75;47
20251208 062700;25805;25807;25804.75;25806;20
20251208 062800;25805.75;25808;25805.5;25807.5;18
20251208 062900;25806.25;25807.75;25804.25;25807;49
20251208 063000;25806.25;25808.25;25806.25;25807.25;16
20251208 063100;25807;25807.25;25803.5;25804;75
20251208 063200;25804.75;25806.25;25803.75;25805.75;24
20251208 063300;25805.25;25808.5;25805.25;25807;17
20251208 063400;25807.5;25808.25;25806.75;25808.25;13
20251208 063500;25808;25808;25805;25805.75;15
20251208 063600;25807;25807;25805.5;25807;15
20251208 063700;25806.75;25806.75;25805.25;25805.5;10
20251208 063800;25806.5;25811.5;25806.5;25808.5;87
20251208 063900;25808.25;25808.25;25805.5;25806;22
20251208 064000;25805.5;25807.25;25805.25;25805.25;14
20251208 064100;25805.25;25805.25;25803.25;25804;16
20251208 064200;25803.5;25803.75;25801.5;25801.5;27
20251208 064300;25801;25801;25798;25801;90
20251208 064400;25800;25800.75;25798.75;25798.75;11
20251208 064500;25799.75;25799.75;25796.5;25798.75;32
20251208 064600;25799;25804.5;25798.75;25802.25;70
20251208 064700;25801.75;25803.25;25801.5;25801.5;22
20251208 064800;25801.25;25803.25;25801.25;25803.25;10
20251208 064900;25802.25;25802.5;25800.5;25800.5;19
20251208 065000;25801.75;25801.75;25799.25;25800;12
20251208 065100;25799;25799.5;25798.25;25799;24
20251208 065200;25799.75;25800.25;25796.75;25797.75;47
20251208 065300;25798;25798;25794.25;25796.25;85
20251208 065400;25795.75;25797.5;25795.75;25796.75;34
20251208 065500;25796;25797;25795.5;25796.75;27
20251208 065600;25796.75;25797.75;25789.75;25790.25;83
20251208 065700;25790.5;25792.5;25789;25792.25;109
20251208 065800;25793.25;25793.25;25790.75;25792;28
20251208 065900;25791.75;25791.75;25790.5;25790.5;8
20251208 070000;25791;25791.5;25790;25790.5;26
20251208 070100;25789.5;25790;25775.25;25782.5;464
20251208 070200;25782.5;25785.75;25781.25;25781.25;107
20251208 070300;25781.75;25784;25780.25;25784;59
20251208 070400;25783.5;25785.5;25780.5;25782;36
20251208 070500;25783;25787.5;25783;25787.25;33
20251208 070600;25787.5;25794;25787.5;25793;160
20251208 070700;25792;25792;25787.75;25787.75;68
20251208 070800;25788;25790.75;25785;25790.25;106
20251208 070900;25790.75;25795.5;25790.75;25794;79
20251208 071000;25794.25;25794.25;25790.5;25794.25;62
20251208 071100;25793;25795;25791;25792;42
20251208 071200;25792.5;25794.5;25790.25;25794.5;44
20251208 071300;25793.75;25796.25;25792.25;25794.5;54
20251208 071400;25795.5;25796.25;25793.25;25795.5;28
20251208 071500;25794.5;25795.5;25792.75;25793;14
20251208 071600;25794.5;25795.5;25792.5;25794.25;44
20251208 071700;25795.25;25806.75;25795.25;25804.5;224
20251208 071800;25805.25;25810;25804.25;25805.25;121
20251208 071900;25805.5;25806.25;25804.25;25806.25;41
20251208 072000;25806.75;25811;25804.25;25810.25;129
20251208 072100;25810.25;25814;25809.25;25809.5;105
20251208 072200;25810;25814;25809.75;25813.75;91
20251208 072300;25812.75;25815.75;25812.75;25812.75;103
20251208 072400;25812.25;25814;25811;25813.75;48
20251208 072500;25813.5;25813.75;25810;25811.25;67
20251208 072600;25811.25;25812.25;25810.25;25812.25;24
20251208 072700;25812.25;25813.75;25809;25809.25;67
20251208 072800;25810;25813.5;25807.5;25813.5;52
20251208 072900;25813.5;25815.5;25811.75;25812.75;53
20251208 073000;25812.25;25813.25;25811.25;25811.75;30
20251208 073100;25811.25;25811.75;25804.25;25808;145
20251208 073200;25806.5;25808.25;25805.5;25806.75;18
20251208 073300;25808;25811;25808;25811;7
20251208 073400;25811.25;25814;25811.25;25813.25;34
20251208 073500;25813.75;25817.75;25813.75;25816.5;53
20251208 073600;25816.75;25819.5;25816.5;25818;44
20251208 073700;25818.5;25819;25816.75;25817.5;33
20251208 073800;25817.75;25821;25817.75;25820.25;71
20251208 073900;25820;25821;25819.25;25819.75;29
20251208 074000;25820;25820.25;25817.5;25818.5;51
20251208 074100;25817.25;25821.25;25817.25;25819;30
20251208 074200;25817.25;25818.25;25815;25817;45
20251208 074300;25817.25;25818.25;25816.75;25818;21
20251208 074400;25817.5;25819.25;25817.25;25818.25;87
20251208 074500;25818;25818.5;25816.75;25816.75;30
20251208 074600;25816;25816.5;25811;25811.5;130
20251208 074700;25812;25813.75;25810.5;25811.25;54
20251208 074800;25811;25812;25805.75;25807;100
20251208 074900;25807;25810;25804.5;25810;67
20251208 075000;25809.75;25810.75;25808.25;25808.25;23
20251208 075100;25808;25808;25802;25802.75;97
20251208 075200;25803;25804.75;25799;25800.75;91
20251208 075300;25800.75;25803.25;25800;25802;37
20251208 075400;25801.75;25809;25801.5;25807.75;107
20251208 075500;25807;25812;25807;25810.75;65
20251208 075600;25811.75;25812;25805.75;25808;54
20251208 075700;25808.25;25808.25;25804.5;25805.75;17
20251208 075800;25805.25;25807.5;25802.25;25807.5;41
20251208 075900;25806;25806.5;25803.5;25804.5;16
20251208 080000;25803.75;25806;25802.25;25805.25;62
20251208 080100;25805.5;25806.25;25797.75;25802.5;181
20251208 080200;25801.25;25804.25;25791.25;25794.5;231
20251208 080300;25793.5;25797.5;25793.5;25797.25;96
20251208 080400;25798.25;25801;25795.25;25797.75;53
20251208 080500;25797.5;25804;25795.75;25802.25;99
20251208 080600;25801.75;25803.5;25796.5;25798.25;68
20251208 080700;25798.25;25799.25;25796;25796;36
20251208 080800;25796;25799;25795.5;25798.25;45
20251208 080900;25796.5;25800.75;25796.25;25797.5;56
20251208 081000;25797.25;25798.75;25793.25;25795;54
20251208 081100;25796.5;25799;25795.25;25797.5;63
20251208 081200;25796.75;25797.75;25791.75;25794.75;93
20251208 081300;25793.25;25795.75;25792.5;25795.25;61
20251208 081400;25794.75;25794.75;25788.25;25790.75;124
20251208 081500;25790.5;25793.5;25789.75;25791;36
20251208 081600;25791.75;25795.5;25790;25791.25;97
20251208 081700;25792;25802.25;25792;25800.25;121
20251208 081800;25800.75;25804;25798.5;25799.5;70
20251208 081900;25799;25799.5;25795.5;25795.75;78
20251208 082000;25795;25797;25790.25;25790.75;100
20251208 082100;25791.75;25795.5;25787;25795.5;126
20251208 082200;25796.25;25800.5;25796.25;25797.25;67
20251208 082300;25797.75;25801.25;25793.75;25800.75;73
20251208 082400;25800.75;25801.5;25798.25;25799.75;43
20251208 082500;25800.25;25800.25;25795;25796.25;31
20251208 082600;25797;25797;25789.75;25790;48
20251208 082700;25789.5;25790.75;25781.25;25786.5;213
20251208 082800;25787;25792.75;25785.5;25790;64
20251208 082900;25789.5;25789.5;25784;25788;63
20251208 083000;25787.25;25790;25783.25;25785;97
20251208 083100;25784.75;25788.5;25783.5;25788.5;62
20251208 083200;25787.5;25788.5;25778.25;25780.75;90
20251208 083300;25780.5;25785.25;25776.25;25785.25;87
20251208 083400;25786;25787.75;25782.75;25786.25;65
20251208 083500;25785.75;25787.25;25780.5;25784.25;54
20251208 083600;25785;25787.25;25784.5;25785;32
20251208 083700;25785.25;25785.25;25781.25;25784.25;38
20251208 083800;25783.5;25785.5;25781.75;25784;28
20251208 083900;25783.75;25791.75;25783.75;25790.5;67
20251208 084000;25790.75;25793;25788;25790.5;74
20251208 084100;25791.25;25792.5;25786.5;25788;66
20251208 084200;25787.25;25789.25;25782.5;25782.5;55
20251208 084300;25782.5;25784.75;25780;25781.25;82
20251208 084400;25780.75;25783.75;25778.25;25780.75;105
20251208 084500;25780.75;25783.25;25780;25781.5;19
20251208 084600;25782.25;25782.25;25774.5;25778.25;165
20251208 084700;25777.5;25779;25776;25777;51
20251208 084800;25777;25781;25774.75;25781;53
20251208 084900;25781;25782.5;25778.5;25778.5;53
20251208 085000;25778.75;25779;25772.75;25775.5;97
20251208 085100;25775;25775;25768.25;25770.75;217
20251208 085200;25771.5;25774;25770.5;25771;61
20251208 085300;25770.75;25774.75;25769;25773.75;55
20251208 085400;25774.5;25777.25;25774.5;25775.75;59
20251208 085500;25775.25;25778.25;25771.5;25778.25;100
20251208 085600;25777.25;25780.5;25777.25;25780.5;39
20251208 085700;25779.75;25780.25;25773.25;25776.75;51
20251208 085800;25776.25;25778.25;25775.25;25776;40
20251208 085900;25775;25778.25;25773.25;25775.25;27
20251208 090000;25776.25;25778;25774.5;25774.75;36
20251208 090100;25774.75;25779.5;25773.5;25775;62
20251208 090200;25775.75;25776;25771.75;25776;64
20251208 090300;25775.75;25778.75;25775;25778.5;54
20251208 090400;25777.5;25779.5;25776.5;25776.5;28
20251208 090500;25776;25781.75;25774.75;25776.25;71
20251208 090600;25776.75;25785.5;25776.75;25783.75;149
20251208 090700;25785;25787;25779.5;25783;90
20251208 090800;25782.25;25786.25;25782.25;25784.75;55
20251208 090900;25784.75;25786.75;25784;25786.5;33
20251208 091000;25786.75;25788;25783.5;25786;69
20251208 091100;25785.5;25788;25783.25;25785.25;101
20251208 091200;25784.5;25786.75;25782;25785.5;73
20251208 091300;25786;25786.75;25784;25786.5;35
20251208 091400;25785.5;25791;25785.5;25789;101
20251208 091500;25789.75;25790.25;25787.25;25790.25;32
20251208 091600;25788.75;25788.75;25784.25;25786.25;41
20251208 091700;25786.75;25788.5;25782;25782;64
20251208 091800;25781.75;25783.75;25777.75;25783.25;126
20251208 091900;25784;25784.75;25783;25783.25;18
20251208 092000;25782.75;25786.25;25782;25786.25;30
20251208 092100;25786.5;25791.5;25786.5;25791.5;72
20251208 092200;25789.75;25791.75;25789.25;25790.25;62
20251208 092300;25788.5;25791.75;25785;25789.75;74
20251208 092400;25790.25;25790.75;25787.5;25789.5;28
20251208 092500;25790.25;25792;25787.5;25788;48
20251208 092600;25787.75;25791.5;25787.75;25791;29
20251208 092700;25791.75;25795;25791;25793.5;89
20251208 092800;25792.5;25795.5;25788.5;25793.75;101
20251208 092900;25794.5;25796.5;25791.75;25791.75;86
20251208 093000;25792.25;25795.5;25791.5;25794.5;30
20251208 093100;25793.75;25796;25793.25;25793.5;54
20251208 093200;25793;25794.5;25790.75;25792;47
20251208 093300;25792.5;25795;25792.25;25794;40
20251208 093400;25794.25;25798;25792;25792.75;80
20251208 093500;25792.75;25795.5;25791.5;25793.25;64
20251208 093600;25794.5;25797;25786.5;25788;155
20251208 093700;25788.5;25788.75;25784.5;25788.25;105
20251208 093800;25788.25;25790.75;25788.25;25790.25;39
20251208 093900;25790.75;25790.75;25787.5;25789.75;15
20251208 094000;25789;25793;25787.5;25793;44
20251208 094100;25793.25;25793.5;25786;25787;50
20251208 094200;25787.25;25790.75;25786.5;25788.25;42
20251208 094300;25788;25788;25784.75;25785;24
20251208 094400;25784.25;25784.25;25778.25;25781.25;144
20251208 094500;25781.25;25783.25;25781;25781.25;36
20251208 094600;25781.25;25781.25;25774.75;25776.25;82
20251208 094700;25775.25;25777.5;25768.5;25776;184
20251208 094800;25775.25;25779.5;25773.5;25776.25;79
20251208 094900;25776.25;25776.25;25772.25;25773.5;49
20251208 095000;25774.75;25775.75;25772.5;25772.75;25
20251208 095100;25773.5;25779.5;25772.75;25777.75;132
20251208 095200;25777;25779;25776.75;25778;37
20251208 095300;25777.25;25780;25776.5;25780;31
20251208 095400;25780;25784;25778.5;25779.5;77
20251208 095500;25778.75;25782.5;25777.75;25779.5;45
20251208 095600;25778.5;25778.5;25776.25;25777.75;30
20251208 095700;25776.75;25781.5;25776.75;25778.5;42
20251208 095800;25777.25;25777.5;25774.5;25776.75;75
20251208 095900;25776.5;25776.5;25772.25;25774.25;55
20251208 100000;25774;25775.25;25768.75;25774.5;149
20251208 100100;25774;25778.75;25772.5;25774;139
20251208 100200;25774;25774;25770.5;25771.5;52
20251208 100300;25771;25773.5;25769.5;25773.5;68
20251208 100400;25773;25774.75;25764.25;25765.5;194
20251208 100500;25765;25772;25764.5;25768.25;72
20251208 100600;25767.5;25767.5;25762.5;25765;91
20251208 100700;25765.75;25769.5;25765.25;25769.5;32
20251208 100800;25769.5;25773;25766.25;25766.25;62
20251208 100900;25767.75;25768.5;25763;25766;53
20251208 101000;25765.25;25769.75;25765.25;25769.75;27
20251208 101100;25770;25773.25;25769.25;25773;46
20251208 101200;25773;25777.25;25772.75;25777.25;40
20251208 101300;25777.5;25780.75;25776.75;25779.75;132
20251208 101400;25779;25779.25;25772;25775.75;51
20251208 101500;25775.25;25776.5;25774.25;25776.5;9
20251208 101600;25777.25;25777.25;25773.5;25773.5;24
20251208 101700;25772.5;25774;25771;25773;39
20251208 101800;25772.5;25773.5;25768;25769.5;140
20251208 101900;25769;25770;25767;25767.5;44
20251208 102000;25767.75;25773.25;25767.25;25772.25;78
20251208 102100;25772;25774.25;25770.5;25771;21
20251208 102200;25770.5;25771.5;25767.5;25770.5;114
20251208 102300;25771.25;25774.75;25771.25;25774;33
20251208 102400;25774;25776;25771.25;25773.75;44
20251208 102500;25774;25778.25;25773.75;25776.25;133
20251208 102600;25776;25778.5;25774;25777.75;114
20251208 102700;25777;25779;25776.5;25778.75;41
20251208 102800;25779.5;25782.5;25778.75;25779.5;60
20251208 102900;25780;25781.5;25779;25781.5;25
20251208 103000;25781.75;25790;25781.75;25789.75;122
20251208 103100;25789;25790.25;25786.75;25787.5;115
20251208 103200;25786.75;25788.75;25784.5;25788.25;62
20251208 103300;25789;25791;25787.5;25790;150
20251208 103400;25790.75;25794.5;25789.75;25794.25;104
20251208 103500;25794;25797.5;25793.5;25795.75;81
20251208 103600;25796;25799;25791.25;25794;108
20251208 103700;25793.5;25795;25790;25793;51
20251208 103800;25792;25793;25791.5;25792.75;14
20251208 103900;25792.75;25795.25;25792.75;25793.75;16
20251208 104000;25793.75;25795;25792.25;25792.25;26
20251208 104100;25792.25;25793.5;25790.25;25791.5;23
20251208 104200;25791.75;25793.75;25791.75;25793.75;23
20251208 104300;25792.75;25793;25789.5;25790;35
20251208 104400;25790.75;25791;25787.75;25791;35
20251208 104500;25790.75;25793.25;25790.75;25792.25;29
20251208 104600;25792.25;25793.25;25791.5;25793;23
20251208 104700;25793.25;25793.75;25787.75;25789;115
20251208 104800;25790;25795.75;25790;25795.75;116
20251208 104900;25795;25795;25793.75;25794.5;75
20251208 105000;25793.75;25795.5;25793.75;25794;10
20251208 105100;25795;25798;25795;25795.75;41
20251208 105200;25795;25795;25791.25;25793.75;39
20251208 105300;25794;25796.25;25794;25796.25;16
20251208 105400;25795.5;25799;25795;25795.25;53
20251208 105500;25796.25;25797;25794.25;25796;15
20251208 105600;25796;25797.75;25795.5;25796;26
20251208 105700;25796;25796.75;25791.75;25794.75;66
20251208 105800;25795;25795.75;25792.75;25793;23
20251208 105900;25794.25;25796.5;25791.25;25793;20
20251208 110000;25793;25794.5;25793;25793;21
20251208 110100;25793.5;25793.5;25788.25;25789.75;126
20251208 110200;25791.5;25792;25783.25;25785.5;80
20251208 110300;25786.25;25787.5;25783.75;25786;46
20251208 110400;25786;25788;25784.75;25787.25;39
20251208 110500;25788;25789.5;25785;25786.25;34
20251208 110600;25785.5;25785.75;25778.25;25780.75;127
20251208 110700;25781;25787.75;25780.75;25787.75;66
20251208 110800;25787.75;25790.5;25787;25789.25;47
20251208 110900;25788.75;25789.75;25787.5;25787.75;23
20251208 111000;25788.75;25792.75;25788.75;25790.75;88
20251208 111100;25791.5;25791.5;25786;25786.25;33
20251208 111200;25786.75;25788.5;25783.25;25784;33
20251208 111300;25784;25788.5;25784;25788.25;23
20251208 111400;25788;25788.75;25785.75;25788.5;38
20251208 111500;25789;25796.5;25788.75;25794.5;112
20251208 111600;25793.25;25797.75;25791.5;25791.5;87
20251208 111700;25792.25;25795;25790.25;25794.75;28
20251208 111800;25794.25;25795;25791.25;25793.75;22
20251208 111900;25793.75;25795;25792.5;25793.5;22
20251208 112000;25793.5;25794.5;25788.25;25791.5;27
20251208 112100;25790.5;25790.5;25788.25;25788.75;20
20251208 112200;25789.5;25791;25785.5;25787.25;35
20251208 112300;25786.75;25786.75;25782;25782;42
20251208 112400;25782;25782.75;25778.25;25781;106
20251208 112500;25781;25782;25776.75;25776.75;60
20251208 112600;25776.5;25781.75;25774.75;25780;131
20251208 112700;25778.75;25778.75;25774.25;25776.75;35
20251208 112800;25777;25777;25774.25;25776;22
20251208 112900;25774.75;25777.5;25772.25;25775.5;58
20251208 113000;25775;25775;25771.25;25773.5;54
20251208 113100;25774.25;25777.5;25773.5;25773.75;63
20251208 113200;25773.75;25775.75;25772;25774.25;55
20251208 113300;25775;25776;25773;25774.5;68
20251208 113400;25774.25;25776.5;25772.75;25774.5;44
20251208 113500;25773.75;25776.75;25771;25773.75;89
20251208 113600;25773.5;25777.25;25771.5;25776.25;44
20251208 113700;25776.25;25777;25775;25776.5;27
20251208 113800;25776.25;25779;25775.5;25777.25;82
20251208 113900;25778;25780;25776.5;25776.75;56
20251208 114000;25777;25779.25;25776.5;25779.25;40
20251208 114100;25779.25;25780.5;25776.75;25778.5;57
20251208 114200;25779.5;25781.75;25778.5;25781;77
20251208 114300;25781;25782;25779;25780.75;30
20251208 114400;25780;25780.25;25776.75;25778.25;54
20251208 114500;25779.75;25782.5;25778.25;25782.25;38
20251208 114600;25782.25;25783;25779;25779;49
20251208 114700;25777.75;25778.75;25776.25;25777.75;45
20251208 114800;25777.25;25781.75;25776.25;25779.5;156
20251208 114900;25780.25;25781.5;25778;25778.25;42
20251208 115000;25778;25779.5;25777.25;25778.75;23
20251208 115100;25777.25;25779;25777.25;25777.75;12
20251208 115200;25777.75;25784;25777.5;25784;55
20251208 115300;25783.25;25785;25780.5;25780.5;57
20251208 115400;25780.75;25780.75;25777.25;25778;33
20251208 115500;25777.75;25781.5;25776.25;25779;58
20251208 115600;25779.75;25780.75;25774.75;25778;113
20251208 115700;25777.5;25778.25;25775;25777;55
20251208 115800;25776;25777;25773.5;25776;77
20251208 115900;25776;25778;25774.75;25774.75;25
20251208 120000;25774.5;25777;25773.5;25773.5;21
20251208 120100;25775;25777;25766.5;25770.5;245
20251208 120200;25769;25771.75;25764.75;25771;200
20251208 120300;25771.75;25780;25771.5;25779.75;84
20251208 120400;25780.25;25786.75;25780.25;25784.75;151
20251208 120500;25784.75;25786.25;25783;25785;174
20251208 120600;25784.75;25785.75;25779.75;25781.25;69
20251208 120700;25781.5;25785.25;25780.75;25784;69
20251208 120800;25784.5;25784.75;25779.5;25781.75;45
20251208 120900;25781.5;25785;25780.5;25784;36
20251208 121000;25785;25786.75;25783.25;25784.5;38
20251208 121100;25782.75;25783.25;25780;25782.5;49
20251208 121200;25782.25;25783.5;25779;25779;45
20251208 121300;25779.5;25781.75;25778.5;25781;56
20251208 121400;25781.25;25781.75;25780.25;25781;9
20251208 121500;25780.25;25782.5;25780;25782.25;35
20251208 121600;25781.75;25785;25780.75;25785;131
20251208 121700;25785.25;25787.5;25783.75;25786.75;47
20251208 121800;25787.5;25789.25;25785;25785.5;59
20251208 121900;25785.5;25788;25783.75;25787;29
20251208 122000;25787;25787;25783.25;25783.25;23
20251208 122100;25784.75;25787.5;25781.75;25782.25;77
20251208 122200;25782;25785.5;25782;25783.75;15
20251208 122300;25783.5;25787;25783.25;25787;17
20251208 122400;25787.5;25790.5;25787.25;25789;49
20251208 122500;25790;25790;25788.25;25789;17
20251208 122600;25789.75;25791;25787;25789.25;55
20251208 122700;25789;25789;25783.25;25786.5;53
20251208 122800;25786.5;25787.5;25786;25787;30
20251208 122900;25786.25;25788.25;25784.75;25788;30
20251208 123000;25787.5;25787.75;25785.75;25785.75;14
20251208 123100;25785.25;25786;25783.75;25786;55
20251208 123200;25785;25786.5;25784;25784;21
20251208 123300;25784;25786.5;25783.75;25785.25;31
20251208 123400;25785.25;25787.75;25785.25;25787.75;19
20251208 123500;25788;25792.25;25787.25;25790.5;45
20251208 123600;25790.75;25792.5;25789;25789;47
20251208 123700;25789.5;25789.5;25784.75;25788.75;75
20251208 123800;25789.75;25790;25786.5;25790;50
20251208 123900;25790.75;25791;25789.5;25791;11
20251208 124000;25792.25;25793.5;25791.5;25792.25;28
20251208 124100;25792;25792.25;25788.5;25789.75;91
20251208 124200;25791;25793.25;25789.25;25793.25;22
20251208 124300;25793.5;25801.75;25793.25;25801;247
20251208 124400;25801.5;25802.5;25798;25800.5;75
20251208 124500;25800.25;25801;25798;25800.5;56
20251208 124600;25801.25;25802.75;25798.25;25802.75;89
20251208 124700;25801.75;25803;25801.5;25802.25;44
20251208 124800;25803.25;25806.25;25801.5;25805.25;105
20251208 124900;25805.25;25808.75;25805;25808.75;95
20251208 125000;25809;25811;25807.5;25811;86
20251208 125100;25810.25;25811.25;25807;25808.25;79
20251208 125200;25807.25;25809.25;25803.25;25804;76
20251208 125300;25804.5;25806.75;25803;25805.75;159
20251208 125400;25805.25;25807.25;25803.75;25804.75;50
20251208 125500;25803.75;25806;25801.75;25806;53
20251208 125600;25804;25806;25802.75;25805;65
20251208 125700;25803.75;25804.5;25801.5;25803;44
20251208 125800;25802.75;25803.25;25799;25800.5;97
20251208 125900;25801.25;25801.75;25796.75;25801;68
20251208 130000;25800.75;25805.5;25799.75;25803.5;121
20251208 130100;25803.25;25806.5;25799.75;25800;233
20251208 130200;25800;25806.75;25799.25;25803.75;126
20251208 130300;25803.75;25805;25800.75;25802.25;68
20251208 130400;25801.75;25807;25800.75;25805.5;54
20251208 130500;25804.75;25807;25803.25;25806.75;66
20251208 130600;25807.5;25809.25;25805.75;25806;135
20251208 130700;25805.5;25808.25;25805.5;25807.5;35
20251208 130800;25807.25;25808;25804;25806.25;61
20251208 130900;25806;25808;25804.25;25806.75;31
20251208 131000;25806.75;25808.75;25805.25;25808;38
20251208 131100;25808.5;25809.5;25805;25805;104
20251208 131200;25804.25;25807.25;25803.75;25806.75;66
20251208 131300;25806;25809;25805.75;25809;43
20251208 131400;25809;25815;25808.75;25813.75;173
20251208 131500;25813.75;25814.5;25810.75;25812.75;78
20251208 131600;25813.25;25814.25;25810;25814;105
20251208 131700;25813.25;25817.25;25812.25;25813.75;144
20251208 131800;25813.5;25814.75;25812;25814;81
20251208 131900;25814;25818.25;25813.5;25816.75;147
20251208 132000;25816;25818;25815.25;25816.5;74
20251208 132100;25817;25830.75;25816.25;25829;797
20251208 132200;25829.75;25833;25827.5;25828.25;506
20251208 132300;25827.75;25827.75;25811.25;25811.75;574
20251208 132400;25811.25;25816.5;25810.5;25815;305
20251208 132500;25814.25;25815.25;25798.75;25804;466
20251208 132600;25803.75;25811;25802.25;25804.75;225
20251208 132700;25804.5;25810.25;25802.5;25806.75;170
20251208 132800;25806;25806.5;25800.25;25802.5;209
20251208 132900;25803.25;25804.5;25799.75;25804.5;142
20251208 133000;25804.5;25809.75;25804.5;25808.25;134
20251208 133100;25808.75;25810.5;25794.25;25795.25;467
20251208 133200;25794.5;25796.5;25786.75;25790.5;398
20251208 133300;25789.25;25791.75;25784.5;25790.25;239
20251208 133400;25791;25793.75;25791;25792;187
20251208 133500;25791.75;25793;25789.5;25791;116
20251208 133600;25790;25794;25787.5;25791.75;151
20251208 133700;25792;25795.75;25792;25794.25;96
20251208 133800;25793.75;25796.25;25792;25795.5;142
20251208 133900;25795;25796.25;25786.75;25791.75;347
20251208 134000;25792.75;25795.5;25790.25;25793;196
20251208 134100;25792.5;25794.5;25788.5;25794;196
20251208 134200;25793.75;25795.75;25793.25;25793.5;107
20251208 134300;25793.25;25799;25792.75;25798.5;137
20251208 134400;25798.5;25801.5;25797.25;25801.5;159
20251208 134500;25802;25806.5;25801;25805.5;236
20251208 134600;25805.25;25808.5;25804.25;25807;185
20251208 134700;25806.25;25808.25;25801.5;25807.5;175
20251208 134800;25807.75;25809.25;25805;25805.75;139
20251208 134900;25805.75;25807;25802.25;25803.75;85
20251208 135000;25803.75;25805.75;25803.25;25805;80
20251208 135100;25804.5;25806.25;25798;25805;299
20251208 135200;25805.25;25806.5;25800.5;25801.5;117
20251208 135300;25801.5;25805.75;25799.5;25804;118
20251208 135400;25803.75;25807.75;25798.75;25806.5;223
20251208 135500;25806;25810.75;25806;25809.75;143
20251208 135600;25809;25814.5;25808.75;25814;132
20251208 135700;25814;25814.25;25806.5;25807.5;186
20251208 135800;25807.75;25810;25806.75;25809.5;86
20251208 135900;25809.75;25811;25804.25;25804.25;154
20251208 140000;25804.25;25810.75;25803.25;25810.5;145
20251208 140100;25810.25;25813.5;25806.5;25809.75;316
20251208 140200;25809.75;25814.25;25808.5;25813.25;159
20251208 140300;25813.75;25814;25811;25811.25;89
20251208 140400;25811.25;25821;25811.25;25819.25;318
20251208 140500;25819.5;25823.5;25818.25;25822.75;235
20251208 140600;25822.75;25824;25818;25820.75;260
20251208 140700;25820;25822.5;25816.75;25821;146
20251208 140800;25821.5;25823;25817.25;25818.5;109
20251208 140900;25819.5;25821.25;25817.25;25817.25;90
20251208 141000;25817.75;25819.25;25816.5;25818.75;107
20251208 141100;25818.5;25819;25814.5;25816.25;148
20251208 141200;25816;25818.75;25814.5;25815.75;107
20251208 141300;25816;25817.75;25812.75;25817.75;126
20251208 141400;25817.5;25820.75;25816;25818.5;145
20251208 141500;25818.5;25819.75;25818;25818.75;72
20251208 141600;25818.75;25819.5;25805.25;25808.25;398
20251208 141700;25808.5;25814.5;25806.75;25809.25;260
20251208 141800;25808.75;25809.75;25804.25;25804.75;187
20251208 141900;25804.25;25816.5;25803;25815.75;274
20251208 142000;25816.25;25818;25812;25813.75;197
20251208 142100;25814;25819;25814;25815;265
20251208 142200;25815.5;25817.75;25809.25;25811;243
20251208 142300;25811.25;25811.75;25805.5;25809.5;213
20251208 142400;25809;25813.25;25809;25810.25;149
20251208 142500;25810.75;25812.25;25801;25804.5;341
20251208 142600;25804.25;25804.25;25793.25;25797;795
20251208 142700;25797.75;25798;25791.25;25794.25;325
20251208 142800;25793.5;25795;25782;25787.25;871
20251208 142900;25786.5;25799.25;25782.25;25796.25;766
20251208 143000;25795.75;25796;25791;25791.75;581
20251208 143100;25791;25832.5;25778.75;25823.75;5609
20251208 143200;25824.5;25851.75;25820.5;25836.5;4168
20251208 143300;25837.25;25851.25;25820.25;25842;3113
20251208 143400;25842.25;25860.75;25826;25833.5;3014
20251208 143500;25832.75;25833.5;25816.25;25831.25;2257
20251208 143600;25831;25832.25;25813.25;25829;1757
20251208 143700;25831;25834.75;25810.5;25815.75;1700
20251208 143800;25815.75;25822.25;25809.5;25812.5;1414
20251208 143900;25813;25824.5;25807.5;25824.25;1299
20251208 144000;25824.5;25828.5;25802.25;25804.25;1658
20251208 144100;25804.5;25811.5;25789.75;25810.25;2445
20251208 144200;25810.5;25813.75;25792.25;25792.5;1336
20251208 144300;25792.5;25794.75;25772.75;25783.75;2528
20251208 144400;25783.25;25815.5;25771.5;25806.75;3655
20251208 144500;25806.75;25812.5;25798.5;25805.25;1329
20251208 144600;25805.25;25807.25;25792.25;25801;1172
20251208 144700;25799;25803.25;25787.75;25799.25;1194
20251208 144800;25799;25803.5;25781.5;25781.5;1284
20251208 144900;25782.25;25786;25738;25742.25;4122
20251208 145000;25741.5;25767.25;25721.5;25758.5;3399
20251208 145100;25759;25781;25754.25;25768.5;2095
20251208 145200;25768.25;25772.75;25751.75;25758.75;1578
20251208 145300;25758;25765.5;25745.5;25762;1356
20251208 145400;25761.5;25771.75;25757.75;25763.5;1207
20251208 145500;25763;25773.5;25756.25;25770.25;1046
20251208 145600;25769.5;25774.25;25753;25758.5;1078
20251208 145700;25758.75;25762.5;25748.5;25752.75;1030
20251208 145800;25752;25760;25745;25750;873
20251208 145900;25749.5;25755.75;25734.75;25736.75;1343
20251208 150000;25737;25747.75;25734;25744.5;953
20251208 150100;25744.75;25753.25;25739.25;25748.25;1372
20251208 150200;25747.75;25756.25;25737;25752.75;1215
20251208 150300;25752.75;25776.75;25749;25764.25;1869
20251208 150400;25765.25;25772;25760.25;25766.75;1054
20251208 150500;25766.75;25773.5;25765.5;25768;803
20251208 150600;25767.75;25767.75;25747;25749.75;1329
20251208 150700;25750;25762.5;25749.75;25758.25;753
20251208 150800;25757.5;25767.5;25754.5;25761.5;832
20251208 150900;25761.5;25778;25759.75;25766.25;1273
20251208 151000;25765.75;25765.75;25746.25;25755.75;1188
20251208 151100;25755.25;25755.25;25741.75;25748.75;1198
20251208 151200;25748.5;25753.5;25736;25743.25;1029
20251208 151300;25743;25754;25738.25;25746.75;818
20251208 151400;25747.5;25750;25738.5;25739.75;687
20251208 151500;25738.5;25744.5;25730;25741.5;1155
20251208 151600;25742;25743.25;25720;25729.25;1858
20251208 151700;25728.5;25740;25728.5;25739.5;1580
20251208 151800;25740;25748.5;25738.25;25746.75;1094
20251208 151900;25746;25747.75;25734;25736;921
20251208 152000;25735.5;25741;25729;25732;740
20251208 152100;25732.5;25736.25;25718;25729;1581
20251208 152200;25730.5;25734.25;25718.5;25722;1109
20251208 152300;25722.25;25731.75;25714;25718.5;1306
20251208 152400;25719;25724;25703.75;25704.5;1918
20251208 152500;25704.25;25713;25697;25704.25;2387
20251208 152600;25704.25;25705.25;25678.75;25680.75;2404
20251208 152700;25681.25;25682.75;25657;25668.75;3250
20251208 152800;25668.5;25695.75;25667.5;25692;2132
20251208 152900;25693.25;25705;25688.5;25692.5;1232
20251208 153000;25691.25;25703;25688.5;25700.5;764
20251208 153100;25700.25;25700.25;25683.5;25688.5;1391
20251208 153200;25688;25705.75;25684.75;25704.25;1043
20251208 153300;25704.75;25714;25701.25;25707.5;1259
20251208 153400;25707;25722.25;25704.5;25721.25;1118
20251208 153500;25721.25;25723.75;25712.75;25716;881
20251208 153600;25716.25;25723;25711;25717;717
20251208 153700;25716.25;25718;25708.75;25711.5;678
20251208 153800;25712;25721.75;25703.25;25716.25;1058
20251208 153900;25716;25720;25708.25;25709.5;542
20251208 154000;25708.75;25712.25;25702;25704.5;764
20251208 154100;25705;25708.5;25698;25700.75;1081
20251208 154200;25700.25;25703.25;25695.5;25697.25;655
20251208 154300;25697;25700.75;25692.5;25695.5;709
20251208 154400;25696.25;25699.25;25690.75;25697;823
20251208 154500;25695.5;25696.5;25684.75;25687.5;838
20251208 154600;25687.25;25702.75;25686.25;25694.75;907
20251208 154700;25694.75;25700.5;25690.25;25695.5;624
20251208 154800;25695;25700.5;25688.5;25693;526
20251208 154900;25692.75;25697.75;25685;25696.25;767
20251208 155000;25695.5;25699;25689.25;25694.5;476
20251208 155100;25694.75;25695.5;25675;25678.25;1197
20251208 155200;25678.25;25685.75;25676.5;25679;904
20251208 155300;25678.5;25680;25663.25;25674.25;1369
20251208 155400;25674.75;25687.75;25674.25;25684.75;1016
20251208 155500;25684;25685;25672.25;25675;579
20251208 155600;25675.5;25675.5;25660;25666;1189
20251208 155700;25665.5;25667.75;25649.75;25658.75;1871
20251208 155800;25658.5;25684.5;25658.5;25680.25;1490
20251208 155900;25680.75;25683.25;25671.25;25673.25;739
20251208 160000;25673.75;25674.25;25659.75;25663;860
20251208 160100;25662.75;25663;25645;25660;2066
20251208 160200;25659.25;25662;25633;25634;2035
20251208 160300;25633.5;25647.25;25629;25630.5;1412
20251208 160400;25630.5;25643.5;25628.5;25634.25;1428
20251208 160500;25633.5;25648.25;25633.5;25643.5;1214
20251208 160600;25643.25;25656;25638;25653.5;1913
20251208 160700;25653.5;25656.25;25627.5;25637.75;1769
20251208 160800;25638;25652;25633;25645.5;1029
20251208 160900;25645;25656.5;25640;25650;724
20251208 161000;25650.5;25656;25639;25653.5;1063
20251208 161100;25654.25;25666;25639.5;25643.5;1780
20251208 161200;25643.25;25652;25643;25652;636
20251208 161300;25651.5;25653;25640;25643;898
20251208 161400;25642.25;25654.5;25640.5;25646.5;899
20251208 161500;25646;25649.75;25631.5;25638;1015
20251208 161600;25637.25;25642.5;25631;25634.75;1143
20251208 161700;25634.25;25645;25634.25;25635.75;699
20251208 161800;25636.25;25645.25;25634.75;25640.75;714
20251208 161900;25640.75;25642;25633.5;25637;549
20251208 162000;25637.5;25646;25626.25;25642;1175
20251208 162100;25642.25;25659;25641.5;25651.25;1796
20251208 162200;25650.75;25659;25648.75;25654;872
20251208 162300;25654.5;25663.25;25652.25;25657.25;1088
20251208 162400;25656.75;25666.75;25653.75;25666;708
20251208 162500;25666;25671.5;25660;25661;995
20251208 162600;25661;25661.75;25647.75;25654;1219
20251208 162700;25654.25;25657.75;25648.75;25651.5;1079
20251208 162800;25652;25652;25638.75;25642.5;1133
20251208 162900;25642;25664;25640.25;25662.25;1266
20251208 163000;25662.25;25664.5;25657.5;25662;856
20251208 163100;25661.75;25670.25;25660;25664.25;947
20251208 163200;25665.25;25667.75;25648.25;25649.75;1051
20251208 163300;25649.5;25653.5;25644.75;25646.75;655
20251208 163400;25646.75;25651.75;25643;25648;997
20251208 163500;25647.75;25650;25638;25642.75;843
20251208 163600;25642;25643.25;25637.5;25638;679
20251208 163700;25637.75;25656;25636.5;25651.5;1039
20251208 163800;25650.75;25652.25;25642.75;25648.5;535
20251208 163900;25648.5;25653.5;25643.5;25649.5;558
20251208 164000;25649.75;25652.25;25640.75;25644.5;601
20251208 164100;25644;25653;25641.75;25651.25;620
20251208 164200;25651.25;25657;25642.5;25646.25;676
20251208 164300;25646.75;25652;25644.25;25649.5;520
20251208 164400;25649.25;25649.25;25642;25645;356
20251208 164500;25645.75;25653.5;25644.25;25652;451
20251208 164600;25652;25655.75;25646.25;25654;579
20251208 164700;25654;25655.25;25645.75;25649.5;636
20251208 164800;25648.75;25653;25646.5;25649.75;328
20251208 164900;25650.25;25656;25648.25;25651.25;346
20251208 165000;25651.5;25653.75;25639;25639.75;642
20251208 165100;25639.25;25655.75;25638.5;25651.5;906
20251208 165200;25651.75;25653.5;25642.75;25648.25;466
20251208 165300;25648.75;25649;25634.5;25638.5;1164
20251208 165400;25639;25647.25;25631;25647.25;991
20251208 165500;25647.25;25650.75;25642.25;25644.5;636
20251208 165600;25645;25645.25;25637.5;25639;569
20251208 165700;25638.75;25647;25636.5;25638.75;1111
20251208 165800;25639;25648;25639;25643.5;432
20251208 165900;25643.75;25648.25;25640.75;25643.25;507
20251208 170000;25643.25;25644.5;25639;25639.5;550
20251208 170100;25640.25;25640.25;25620;25620.25;1673
20251208 170200;25620.5;25628.75;25619.5;25624;947
20251208 170300;25624.25;25624.75;25605.75;25607.5;1999
20251208 170400;25607.5;25621.25;25602;25620.5;1783
20251208 170500;25621.25;25624.25;25613;25613.75;757
20251208 170600;25613.25;25632.25;25611;25626.75;1048
20251208 170700;25626.75;25637.75;25625.5;25633.5;1037
20251208 170800;25633.5;25641.5;25631.25;25640;720
20251208 170900;25639;25647;25636.75;25645.5;917
20251208 171000;25645.5;25645.5;25637;25641.75;620
20251208 171100;25641;25644;25631;25631.75;927
20251208 171200;25631.75;25633.25;25624.25;25629;905
20251208 171300;25630.25;25633;25624.75;25626.75;525
20251208 171400;25626.75;25634.5;25622.25;25622.25;660
20251208 171500;25622;25626.5;25614;25624;1114
20251208 171600;25623.5;25632.25;25620.25;25627.5;720
20251208 171700;25628;25631.5;25622.5;25627.75;441
20251208 171800;25627;25636.5;25627;25631.75;533
20251208 171900;25632.75;25634.5;25628.75;25632.25;473
20251208 172000;25632;25638.25;25625.25;25626.75;707
20251208 172100;25625.5;25628.75;25616.75;25623.25;659
20251208 172200;25624.5;25628.5;25622;25624.75;387
20251208 172300;25624.25;25624.25;25618.75;25619.75;390
20251208 172400;25619.25;25623.75;25613.5;25616.5;891
20251208 172500;25616.75;25618.75;25612.25;25617.75;539
20251208 172600;25618.25;25619;25608.5;25612;818
20251208 172700;25612.5;25615;25593.75;25604;1641
20251208 172800;25603.75;25613;25603.25;25609.25;730
20251208 172900;25610;25618;25609.25;25611;585
20251208 173000;25611;25618.5;25610.75;25617;495
20251208 173100;25617.5;25627;25614;25626.5;1089
20251208 173200;25625.5;25630.5;25622.75;25629.5;655
20251208 173300;25629.5;25632;25618.5;25619.75;824
20251208 173400;25619.75;25627;25619;25625.25;465
20251208 173500;25625.75;25626;25617;25621;478
20251208 173600;25621;25623.25;25617.25;25618.75;470
20251208 173700;25619.5;25626.5;25617.25;25624.25;309
20251208 173800;25624;25626;25618.25;25623.25;236
20251208 173900;25623;25625.5;25618;25622;244
20251208 174000;25622.5;25628;25621.75;25621.75;319
20251208 174100;25621;25633.25;25619.5;25628.75;682
20251208 174200;25628.25;25637.5;25627.5;25637;694
20251208 174300;25636.5;25640.5;25634.75;25638.5;650
20251208 174400;25638;25639;25622.25;25624;855
20251208 174500;25624;25627.25;25622.25;25622.5;624
20251208 174600;25622.5;25623.25;25615;25615.25;840
20251208 174700;25615.25;25621;25612;25620;594
20251208 174800;25620.5;25633;25619.5;25632;895
20251208 174900;25632;25634;25627.5;25634;599
20251208 175000;25634.5;25643;25634.25;25639.75;1068
20251208 175100;25640;25648.5;25637.5;25639.75;1040
20251208 175200;25639.25;25641.75;25634.25;25640.25;777
20251208 175300;25640.25;25645.25;25636.5;25644.75;517
20251208 175400;25644;25651.25;25643.5;25648;752
20251208 175500;25648.25;25650;25645.5;25647.25;532
20251208 175600;25647.5;25650.25;25639;25640.75;632
20251208 175700;25641;25666.75;25637.75;25666.25;2872
20251208 175800;25666.75;25686;25666.75;25681.5;3744
20251208 175900;25681.75;25690;25672.25;25679.25;3040
20251208 180000;25679.75;25682;25659.75;25680.5;2089
20251208 180100;25680.25;25696.25;25675.5;25682.5;2407
20251208 180200;25682.5;25683.75;25666;25670.25;1621
20251208 180300;25671.25;25679.75;25666.5;25671.75;1032
20251208 180400;25671.5;25676.25;25660.5;25660.5;990
20251208 180500;25660.75;25667.75;25657;25667.25;1086
20251208 180600;25666.75;25675;25663.5;25674.25;942
20251208 180700;25673.75;25677.75;25668.25;25673.5;805
20251208 180800;25673.25;25678.75;25670;25674;544
20251208 180900;25673.5;25681;25670.25;25676.75;623
20251208 181000;25678.25;25688.5;25677.5;25686.75;896
20251208 181100;25687;25691.75;25675.75;25678.75;905
20251208 181200;25678.5;25688.25;25677.25;25684.75;1004
20251208 181300;25684.5;25688.25;25678.25;25688;564
20251208 181400;25688.5;25689.25;25682;25685.75;540
20251208 181500;25684.25;25684.75;25674.25;25677;764
20251208 181600;25677;25686.25;25676;25684.5;689
20251208 181700;25685;25688;25679;25686.75;475
20251208 181800;25686;25687.75;25677.5;25677.75;499
20251208 181900;25677.75;25678.75;25666.25;25668;1043
20251208 182000;25668;25674.25;25666;25674;538
20251208 182100;25673.75;25680.5;25669.5;25675;625
20251208 182200;25675;25682.5;25670.25;25682.25;412
20251208 182300;25682.5;25684.25;25671.75;25679.5;505
20251208 182400;25679.25;25683.75;25673.75;25674.75;683
20251208 182500;25675;25681;25671.75;25676.25;464
20251208 182600;25676.5;25677.75;25663.5;25663.5;791
20251208 182700;25663.5;25665.25;25656.25;25663;949
20251208 182800;25663.25;25663.25;25650;25652.25;1519
20251208 182900;25652;25654;25637.5;25640;1316
20251208 183000;25640;25647;25628.25;25629.75;1302
20251208 183100;25629.25;25629.25;25616.75;25623.25;1960
20251208 183200;25623.75;25632.75;25618.5;25628.25;1269
20251208 183300;25627.5;25633.75;25621.75;25622;1007
20251208 183400;25622.75;25626;25617.25;25618.75;913
20251208 183500;25619.5;25622.25;25604.75;25612.25;1323
20251208 183600;25612;25618.5;25602.25;25617;1042
20251208 183700;25618;25628;25618;25626.75;1126
20251208 183800;25626.5;25634;25625;25630.75;1061
20251208 183900;25631.25;25641;25627;25640;1148
20251208 184000;25640.25;25641.75;25630.75;25634.75;614
20251208 184100;25635.25;25635.75;25617.75;25622.5;874
20251208 184200;25622.25;25624.75;25617.75;25621.75;564
20251208 184300;25621.75;25624.5;25616;25618.5;444
20251208 184400;25618.75;25620.75;25614.5;25615.75;548
20251208 184500;25614.5;25628.25;25611.75;25627.25;662
20251208 184600;25627;25634.5;25619.25;25625.25;814
20251208 184700;25625.5;25633.75;25619.75;25628.75;528
20251208 184800;25628.75;25634;25626;25626.5;437
20251208 184900;25627.25;25627.25;25620;25624.5;564
20251208 185000;25624;25624;25617;25618.5;323
20251208 185100;25618;25624.75;25615;25624;517
20251208 185200;25623.75;25624;25617.25;25620.25;370
20251208 185300;25620.5;25624.5;25618.75;25624.5;313
20251208 185400;25624.75;25625.5;25611.25;25614;579
20251208 185500;25614;25623;25613.75;25619;402
20251208 185600;25618.5;25619.75;25605.25;25612.5;781
20251208 185700;25612.75;25614.5;25584;25592.75;2305
20251208 185800;25592.5;25598.75;25587.5;25590.25;1019
20251208 185900;25590.25;25591;25564.75;25574;1877
20251208 190000;25574.5;25592.75;25573.25;25592.5;1221
20251208 190100;25592.75;25593.25;25578;25586.75;1338
20251208 190200;25586.5;25597;25586.5;25591.25;922
20251208 190300;25590.25;25591.75;25578.25;25579.25;935
20251208 190400;25579;25581.5;25568;25577.75;981
20251208 190500;25578.25;25587;25575.75;25585.5;777
20251208 190600;25585.25;25588;25578.25;25585.25;600
20251208 190700;25585.25;25586.25;25579;25585.25;430
20251208 190800;25586.5;25594.75;25584.25;25587.5;796
20251208 190900;25588;25592.75;25583.5;25585.25;465
20251208 191000;25584.5;25590.25;25581.25;25587;380
20251208 191100;25587;25591.75;25581.25;25583.25;679
20251208 191200;25583;25583.5;25573.75;25574.25;567
20251208 191300;25574.75;25581.75;25574.25;25575.75;449
20251208 191400;25575;25585.25;25574.75;25580;384
20251208 191500;25579.75;25582.25;25577;25579.5;282
20251208 191600;25580.5;25589.75;25579.5;25585.75;629
20251208 191700;25586;25588.5;25582;25584.5;359
20251208 191800;25584.25;25596.25;25583.5;25592.75;580
20251208 191900;25592.75;25597.75;25588;25594.75;693
20251208 192000;25594.25;25601;25592.5;25600;799
20251208 192100;25600;25606.25;25597;25598.75;801
20251208 192200;25598.5;25603.25;25594.75;25603.25;644
20251208 192300;25603.5;25610;25601.5;25605.5;765
20251208 192400;25605.75;25607.5;25597;25597.25;508
20251208 192500;25597.25;25598.25;25590.25;25593;712
20251208 192600;25593.25;25600.25;25592.5;25596.5;488
20251208 192700;25596.25;25597;25589.75;25595.75;633
20251208 192800;25596;25603;25596;25601.5;563
20251208 192900;25601.75;25605.25;25594.5;25596;551
20251208 193000;25595.75;25600.5;25593.25;25598.25;354
20251208 193100;25598;25603;25595.75;25596.5;611
20251208 193200;25596;25601.5;25594;25599.5;462
20251208 193300;25598;25598.25;25594.25;25596.75;403
20251208 193400;25596.5;25608.75;25596.5;25604.25;810
20251208 193500;25605.25;25612;25604;25608.5;551
20251208 193600;25609;25617.5;25606.75;25616.5;826
20251208 193700;25615.25;25616.25;25605.75;25613;759
20251208 193800;25612.25;25619.25;25612.25;25619;512
20251208 193900;25619.25;25620;25607.75;25613.5;559
20251208 194000;25613.75;25616;25607;25607.5;581
20251208 194100;25607.25;25610.75;25599;25599.75;661
20251208 194200;25599.5;25605;25598.25;25602.25;403
20251208 194300;25602.5;25610.5;25601;25606;436
20251208 194400;25606.5;25609.5;25603.25;25603.75;287
20251208 194500;25603;25613;25602.5;25605.5;631
20251208 194600;25606;25606.5;25596.25;25597.25;759
20251208 194700;25596.75;25600.25;25593;25596.5;636
20251208 194800;25595.25;25600;25595.25;25598;293
20251208 194900;25598;25604.25;25596.75;25600.75;360
20251208 195000;25601;25608;25599.25;25608;394
20251208 195100;25608;25614.75;25605.5;25612.5;636
20251208 195200;25612.75;25618.25;25609.5;25614.25;666
20251208 195300;25614.5;25620.5;25610.5;25617.75;562
20251208 195400;25618;25618.25;25613.5;25617.75;400
20251208 195500;25618;25622.25;25613;25613;539
20251208 195600;25613.25;25614;25602;25602;764
20251208 195700;25602;25604.5;25596.25;25597.25;744
20251208 195800;25597;25598.5;25589.75;25590.75;965
20251208 195900;25591;25595;25586.5;25587.75;587
20251208 200000;25588;25595;25585.75;25591.75;768
20251208 200100;25592.25;25602;25592.25;25597.25;865
20251208 200200;25596.75;25599.5;25592.5;25592.75;354
20251208 200300;25592.75;25595.75;25588.25;25589.75;396
20251208 200400;25590.25;25595.5;25587.5;25594.25;406
20251208 200500;25594;25594.5;25587;25588.25;332
20251208 200600;25588.25;25589.5;25582.75;25586.25;678
20251208 200700;25585.75;25589.5;25582.5;25588.5;450
20251208 200800;25588.75;25592.5;25585;25586.25;490
20251208 200900;25586.25;25595.5;25584.75;25593.75;527
20251208 201000;25593.75;25597;25589.75;25596.25;479
20251208 201100;25596.25;25601;25591.25;25599;590
20251208 201200;25598.75;25602.25;25596.25;25598.5;366
20251208 201300;25599.5;25599.75;25593.5;25596.25;328
20251208 201400;25597;25599.25;25593.75;25598.25;281
20251208 201500;25598;25603;25596.25;25602.75;326
20251208 201600;25603.25;25610;25596.5;25609;889
20251208 201700;25609.25;25609.5;25601.25;25602.75;416
20251208 201800;25602.5;25604;25596.5;25596.5;398
20251208 201900;25596.75;25606.25;25594.25;25602.5;505
20251208 202000;25602.25;25605.5;25599;25603.75;288
20251208 202100;25603.5;25604;25599.75;25602.5;353
20251208 202200;25603.5;25610;25601.25;25607.25;349
20251208 202300;25607;25613.75;25607;25610;468
20251208 202400;25610.5;25610.5;25601.75;25604;525
20251208 202500;25604.5;25606;25602.5;25604.5;235
20251208 202600;25604.25;25608.5;25603.5;25608.5;351
20251208 202700;25608.75;25609.75;25596;25607.75;923
20251208 202800;25607.5;25611;25606;25610.75;387
20251208 202900;25610.75;25612.75;25609.5;25611.75;353
20251208 203000;25612.25;25617.25;25611;25615.5;470
20251208 203100;25615.5;25617.25;25605.25;25606.75;1653
20251208 203200;25606.75;25614.75;25605;25613.25;757
20251208 203300;25613;25614;25604;25605;514
20251208 203400;25605.25;25608.25;25603.25;25606.25;396
20251208 203500;25606.75;25606.75;25597;25599;966
20251208 203600;25599.25;25600.25;25590;25597;1597
20251208 203700;25596.75;25603.75;25595.5;25599.75;664
20251208 203800;25600.25;25608;25598.75;25604;562
20251208 203900;25604.75;25605.75;25598.25;25605.5;360
20251208 204000;25606;25607;25600.5;25601.25;323
20251208 204100;25601.25;25605.25;25598.75;25605.25;505
20251208 204200;25605.5;25607.5;25602.75;25604.5;387
20251208 204300;25605.5;25609.75;25603.5;25609;444
20251208 204400;25609;25616.75;25608.5;25614;830
20251208 204500;25614.25;25614.75;25606.75;25613.75;716
20251208 204600;25613.5;25614.5;25606;25610.25;615
20251208 204700;25610.5;25614;25609.25;25611.25;414
20251208 204800;25611.75;25615.75;25607.75;25612.5;616
20251208 204900;25612.5;25613;25602;25608.25;615
20251208 205000;25608.25;25611;25603.25;25606;420
20251208 205100;25605.5;25619.25;25605.25;25615.75;1466
20251208 205200;25616;25623.75;25614;25620.75;1038
20251208 205300;25620.5;25624.25;25616.5;25623;829
20251208 205400;25623.75;25627.75;25620.75;25624;839
20251208 205500;25624.25;25626.25;25606.75;25612.75;1912
20251208 205600;25612.75;25626.75;25612;25618.75;1480
20251208 205700;25618.5;25624.25;25616.25;25619.5;797
20251208 205800;25619;25633.5;25618.5;25633;1401
20251208 205900;25632.5;25634.75;25626.5;25634.5;1522
20251208 210000;25634.5;25672.25;25633.5;25668.25;8058
20251208 210100;25668.25;25674.75;25664.75;25665;4720
20251208 210200;25665.5;25666.75;25661.5;25664;1162
20251208 210300;25664;25665;25659;25663.75;1116
20251208 210400;25663.5;25667;25660.25;25666.75;634
20251208 210500;25666.75;25668.5;25663;25667.25;503
20251208 210600;25667;25667.75;25663.5;25665.75;369
20251208 210700;25665.5;25665.5;25659.5;25662.5;342
20251208 210800;25662.25;25664;25660.25;25663.75;247
20251208 210900;25663.5;25665;25661.5;25664.25;221
20251208 211000;25664;25666.5;25663;25664.75;151
20251208 211100;25664.5;25668;25661.5;25662.25;376
20251208 211200;25661.75;25662.75;25658.75;25661.75;301
20251208 211300;25662.25;25664;25661.25;25661.25;115
20251208 211400;25661.25;25661.5;25656.25;25660.25;432
20251208 211500;25660;25661.5;25657.5;25661;270
20251208 211600;25661;25662.75;25656.5;25658;204
20251208 211700;25657.75;25659.5;25657.25;25658.75;82
20251208 211800;25659;25659.75;25657.75;25658.75;111
20251208 211900;25658.5;25661.75;25658.5;25659.25;156
20251208 212000;25659.25;25663.5;25659.25;25662;69
20251208 212100;25662;25663.5;25662;25662.75;88
20251208 212200;25662.75;25663;25661;25661.5;65
20251208 212300;25661;25663;25660;25662.5;53
20251208 212400;25662.75;25665;25662.75;25664.5;92
20251208 212500;25664;25664.75;25662.5;25663.5;39
20251208 212600;25663.5;25664.5;25662.75;25663.75;54
20251208 212700;25663.5;25667.25;25663;25667.25;90
20251208 212800;25667;25668;25664.25;25665.5;98
20251208 212900;25665.5;25665.5;25663.25;25665.25;69
20251208 213000;25665.25;25685.25;25664.25;25682.5;1355
20251208 213100;25682.25;25697.5;25681;25686;1881
20251208 213200;25685.5;25690;25675.25;25688.5;1288
20251208 213300;25688.25;25695.75;25682.75;25683;563
20251208 213400;25682.5;25685.75;25679.75;25682.5;501
20251208 213500;25682.75;25688.25;25682.5;25685.25;313
20251208 213600;25685;25689;25680.75;25687.75;271
20251208 213700;25688.5;25688.5;25683.75;25684;145
20251208 213800;25684.25;25690;25684;25689;192
20251208 213900;25688.75;25690;25683.75;25684.5;239
20251208 214000;25684.75;25685.75;25682.25;25685;184
20251208 214100;25685.25;25685.75;25683;25685.5;48
20251208 214200;25685.75;25691;25684.75;25691;222
20251208 214300;25691.5;25698.25;25691;25697.25;278
20251208 214400;25697.25;25698.75;25694.75;25697.25;307
20251208 214500;25697.25;25703.5;25695.75;25702;360
20251208 214600;25701.75;25703.25;25696.25;25696.25;273
20251208 214700;25695.75;25699.75;25694.5;25699.25;221
20251208 214800;25698.5;25704;25697;25703.5;199
20251208 214900;25703.75;25705.5;25702.5;25703.25;178
20251208 215000;25703.75;25704.25;25700;25701.5;140
20251208 215100;25701.75;25702.5;25697;25697.75;171
20251208 215200;25698;25698.75;25690.75;25691.75;216
20251208 215300;25691.5;25691.75;25689;25691.25;132
20251208 215400;25691;25695.75;25690.75;25693.75;135
20251208 215500;25693.5;25700.5;25693.5;25698.75;186
20251208 215600;25698.75;25705;25698.75;25703.75;131
20251208 215700;25703.75;25706.5;25702.5;25704.5;179
20251208 215800;25704.25;25705.25;25700.75;25702;250
20251208 215900;25702;25706.5;25701.75;25705.25;180
20251208 220000;25705.25;25707.5;25705.25;25706.75;143
20251208 230100;25713;25716;25699.75;25703.75;452
20251208 230200;25703.5;25710.75;25702.75;25703.75;176
20251208 230300;25704.5;25709.5;25701.75;25709;198
20251208 230400;25709.25;25723.5;25708.75;25718;364
20251208 230500;25718;25724.75;25717.5;25718.25;215
20251208 230600;25717.25;25722;25712.75;25715.75;159
20251208 230700;25715.75;25723;25715.5;25722.5;151
20251208 230800;25722;25723;25718.5;25718.75;105
20251208 230900;25718.5;25719.5;25714.25;25714.5;117
20251208 231000;25714.5;25714.5;25705.5;25711;250
20251208 231100;25711.25;25711.5;25706.5;25706.5;97
20251208 231200;25706.75;25706.75;25698;25703.25;346
20251208 231300;25703.5;25708;25703;25703.75;109
20251208 231400;25705;25705;25702.5;25702.5;53
20251208 231500;25702.5;25703.75;25700.5;25700.5;52
20251208 231600;25701.25;25705.5;25701.25;25704.5;63
20251208 231700;25704.75;25705.25;25696.75;25697;99
20251208 231800;25698.25;25701.5;25697.25;25701.5;82
20251208 231900;25701.75;25705;25700.25;25704;72
20251208 232000;25703.25;25703.75;25700.75;25701.25;43
20251208 232100;25701.5;25705;25699.5;25703.75;68
20251208 232200;25703;25705;25701.75;25703.25;47
20251208 232300;25703;25703.5;25701;25701.75;22
20251208 232400;25702.5;25703.25;25700.75;25703.25;36
20251208 232500;25703.25;25703.25;25698.5;25699.5;22
20251208 232600;25700.25;25700.25;25695.25;25696.5;52
20251208 232700;25696.25;25698.25;25695;25697.5;75
20251208 232800;25698.25;25700;25697.75;25699.25;37
20251208 232900;25699.75;25702.25;25699.25;25699.5;68
20251208 233000;25700.25;25702;25698;25698.25;37
20251208 233100;25698.5;25699;25696.5;25697.5;26
20251208 233200;25697.5;25699.25;25693.75;25695.5;55
20251208 233300;25696.25;25697;25693;25696.75;50
20251208 233400;25696.5;25696.5;25694.25;25695.25;32
20251208 233500;25695.25;25696;25692;25696;67
20251208 233600;25696;25696.25;25694;25696;22
20251208 233700;25695;25698.5;25694.25;25696.25;86
20251208 233800;25696.75;25702;25696.25;25701.25;114
20251208 233900;25700;25701.25;25698.75;25700;26
20251208 234000;25700.75;25705.25;25700.75;25704.5;150
20251208 234100;25704.5;25708;25702;25703.5;150
20251208 234200;25703.5;25705.5;25701.75;25702;156
20251208 234300;25703.5;25703.5;25701;25701.75;25
20251208 234400;25701.25;25706;25701.25;25704.75;29
20251208 234500;25704;25704;25702.75;25704;16
20251208 234600;25704;25705;25702.25;25704;14
20251208 234700;25704.75;25709.5;25704.25;25707.25;95
20251208 234800;25707;25710;25704.5;25709.5;69
20251208 234900;25710.25;25712;25707.25;25710;70
20251208 235000;25710;25710;25706;25708;47
20251208 235100;25708.75;25714;25708.5;25712.5;80
20251208 235200;25712.5;25717.75;25711.75;25717.5;113
20251208 235300;25716.75;25720.5;25715;25719;115
20251208 235400;25720;25724;25719;25723.5;138
20251208 235500;25724.25;25728.5;25724.25;25725.5;186
20251208 235600;25725.75;25726.75;25722.5;25722.5;53
20251208 235700;25722.75;25726.25;25722.75;25724;57
20251208 235800;25724.75;25728;25724.25;25724.5;98
20251208 235900;25725.5;25727.5;25724.75;25725;93
20251209 000000;25725.25;25727.5;25723.25;25726.25;68
20251209 000100;25727.25;25727.25;25719.5;25722.25;133
20251209 000200;25722.5;25725.25;25720.5;25725.25;59
20251209 000300;25726.25;25726.75;25723.75;25723.75;54
20251209 000400;25724.25;25725.25;25719.75;25721.5;76
20251209 000500;25721.5;25722;25716;25722;98
20251209 000600;25722.25;25723.75;25720.75;25720.75;47
20251209 000700;25721;25722.75;25719.75;25721.25;38
20251209 000800;25721;25724.25;25721;25723;23
20251209 000900;25723.75;25724.75;25720;25720;29
20251209 001000;25720.5;25723.5;25720.5;25723.5;11
20251209 001100;25723;25724.5;25721.5;25724.5;24
20251209 001200;25724.75;25725.25;25722;25723.25;31
20251209 001300;25722;25722.75;25720.25;25721;8
20251209 001400;25722.25;25723.5;25720.5;25723.5;29
20251209 001500;25724;25724.5;25720;25720;25
20251209 001600;25719.5;25720.5;25716.75;25719.75;129
20251209 001700;25719.5;25722;25719;25720.5;48
20251209 001800;25719.5;25720;25713.25;25716.25;90
20251209 001900;25715;25718.25;25714.5;25716.25;35
20251209 002000;25717;25718;25716;25717.25;29
20251209 002100;25718;25718;25716.5;25717.75;19
20251209 002200;25717.25;25721.5;25717.25;25720;64
20251209 002300;25719.75;25719.75;25716.5;25716.5;23
20251209 002400;25717.25;25717.25;25714.75;25716.75;31
20251209 002500;25716.5;25718.5;25716.25;25717;30
20251209 002600;25718;25722.25;25717.75;25721.5;40
20251209 002700;25721.5;25723.75;25719.5;25720.25;66
20251209 002800;25719.75;25719.75;25717;25719;41
20251209 002900;25719;25719.25;25714.5;25716;41
20251209 003000;25716.25;25718.5;25716.25;25716.5;13
20251209 003100;25717.5;25719;25715.5;25718.75;37
20251209 003200;25719.25;25720;25718;25718;19
20251209 003300;25717.25;25717.25;25713.25;25714;52
20251209 003400;25714;25715.5;25712.25;25713.5;44
20251209 003500;25714.75;25716.5;25714.75;25714.75;24
20251209 003600;25716.25;25720.5;25716.25;25720.5;27
20251209 003700;25721;25721;25718;25718;27
20251209 003800;25717.25;25718.25;25717;25718;22
20251209 003900;25718.75;25720.25;25717.5;25718.75;29
20251209 004000;25720.25;25720.75;25719;25719.75;26
20251209 004100;25719.5;25719.75;25715.75;25717.5;26
20251209 004200;25716;25718.75;25716;25717.75;25
20251209 004300;25717.75;25718.75;25716.5;25717.25;52
20251209 004400;25717.25;25717.25;25714.25;25715.25;19
20251209 004500;25716.75;25717;25716.25;25717;18
20251209 004600;25717.25;25717.5;25714.75;25715.5;40
20251209 004700;25715.5;25715.5;25712.75;25715;37
20251209 004800;25714.75;25714.75;25711.75;25712.75;41
20251209 004900;25714;25714.25;25711.5;25712.5;34
20251209 005000;25713.75;25717.25;25712.25;25717.25;52
20251209 005100;25717.5;25722.75;25716.5;25721.75;165
20251209 005200;25722.25;25724.25;25721;25723.5;105
20251209 005300;25723.25;25725;25720.75;25721.5;70
20251209 005400;25720.5;25722.25;25719.25;25722.25;23
20251209 005500;25722;25724;25721;25722.25;18
20251209 005600;25723;25725.75;25723;25725.5;62
20251209 005700;25724.75;25724.75;25722;25723.75;28
20251209 005800;25724;25724;25721;25721.5;39
20251209 005900;25722.25;25723;25720.25;25720.75;25
20251209 010000;25721.25;25722.25;25716.25;25719.25;133
20251209 010100;25720;25721.25;25712.25;25717;123
20251209 010200;25717.75;25721.25;25715.25;25718.25;112
20251209 010300;25718.5;25722;25718.25;25720.5;53
20251209 010400;25720.5;25721.5;25716.25;25717.25;49
20251209 010500;25717.25;25717.25;25705.5;25707.75;278
20251209 010600;25708.25;25713.25;25703;25707.25;379
20251209 010700;25707.5;25710.75;25706.75;25708;119
20251209 010800;25708.25;25710.75;25706.25;25710.25;48
20251209 010900;25711.25;25715.5;25711.25;25714.5;132
20251209 011000;25713.75;25718;25713;25717.75;110
20251209 011100;25717.25;25722.25;25714.25;25714.75;217
20251209 011200;25716;25724.75;25715.5;25724.75;77
20251209 011300;25724.75;25725.25;25720.5;25720.5;104
20251209 011400;25720.75;25725.25;25719.75;25724.25;73
20251209 011500;25723.75;25725.75;25723.25;25725;43
20251209 011600;25724.25;25725;25722;25723.5;58
20251209 011700;25723;25723.75;25721.5;25723;54
20251209 011800;25722.75;25725;25722.5;25723.5;31
20251209 011900;25725;25725.25;25723;25724.25;39
20251209 012000;25725;25725;25721.75;25723;34
20251209 012100;25723.25;25725.5;25721.5;25724.75;82
20251209 012200;25725;25726.75;25724;25725.75;86
20251209 012300;25726.5;25729.5;25724.5;25727.75;138
20251209 012400;25727.75;25728.5;25725.25;25727.25;78
20251209 012500;25727.25;25728;25721;25721;85
20251209 012600;25721.5;25721.5;25718.25;25718.5;72
20251209 012700;25719.5;25720.5;25716.75;25719.5;52
20251209 012800;25718.5;25718.5;25710.25;25710.25;111
20251209 012900;25710;25711.75;25706;25710;89
20251209 013000;25709;25709.25;25705;25705;43
20251209 013100;25706;25708.75;25705.25;25705.75;74
20251209 013200;25706.25;25713.25;25706.25;25710.5;74
20251209 013300;25712.75;25714;25710;25710.75;70
20251209 013400;25710.75;25712;25691.5;25693.5;480
20251209 013500;25694.5;25700;25692.5;25699;130
20251209 013600;25699.75;25705.75;25699.75;25702;108
20251209 013700;25702.25;25703.25;25699;25699;44
20251209 013800;25700;25700.25;25693;25694.25;90
20251209 013900;25694.25;25694.5;25684;25688.25;271
20251209 014000;25688.75;25693.25;25688.25;25691.75;55
20251209 014100;25692.25;25696.75;25691;25694.75;66
20251209 014200;25695.25;25697.5;25692;25695.25;48
20251209 014300;25695.25;25698.75;25693.25;25698.75;45
20251209 014400;25698.5;25698.75;25691.5;25691.5;80
20251209 014500;25691;25694.75;25686;25693.5;138
20251209 014600;25694;25695.5;25690.5;25695.25;32
20251209 014700;25695.5;25696.75;25692.75;25694.25;67
20251209 014800;25695;25699.5;25695;25699.5;58
20251209 014900;25699.5;25700;25697.75;25698.25;64
20251209 015000;25697.75;25697.75;25694.5;25695.25;24
20251209 015100;25696;25696.5;25694;25694.75;32
20251209 015200;25693.75;25696.5;25693.25;25695.5;55
20251209 015300;25694;25698;25691.75;25697.5;57
20251209 015400;25697;25698.25;25692.25;25692.25;56
20251209 015500;25692.25;25695.75;25691;25691;105
20251209 015600;25692.75;25694.25;25691.25;25694.25;31
20251209 015700;25693.5;25695;25693.25;25693.75;25
20251209 015800;25695;25696.5;25692;25693.5;55
20251209 015900;25693.75;25693.75;25691.75;25692.25;33
20251209 020000;25692;25693.75;25692;25693.5;11
20251209 020100;25693.25;25698;25692.5;25693.75;58
20251209 020200;25693;25693;25689.75;25690;43
20251209 020300;25690.25;25690.5;25688.25;25689.5;78
20251209 020400;25688.75;25692.75;25688.5;25691;43
20251209 020500;25690.5;25695.5;25690.5;25693.5;49
20251209 020600;25694.75;25696.5;25691.25;25691.25;43
20251209 020700;25693;25698.5;25693;25697.5;46
20251209 020800;25696.25;25697;25692.75;25692.75;25
20251209 020900;25693.25;25694;25688.5;25688.75;45
20251209 021000;25688;25689;25687;25688.5;60
20251209 021100;25687.75;25689.5;25687;25688;22
20251209 021200;25688.25;25690.25;25685.25;25685.25;31
20251209 021300;25686.25;25686.75;25675.75;25677.5;277
20251209 021400;25676.75;25685.5;25675.25;25684.5;146
20251209 021500;25684;25692.25;25683.75;25692.25;119
20251209 021600;25692.75;25703;25691.75;25703;178
20251209 021700;25703.75;25706.5;25700.75;25704.5;156
20251209 021800;25703;25703.25;25698.75;25701;57
20251209 021900;25699;25706.25;25697.75;25705.75;66
20251209 022000;25705;25707.75;25702.25;25704.75;97
20251209 022100;25703.5;25704.75;25700.25;25703.5;40
20251209 022200;25703.5;25707.25;25703.25;25705.25;38
20251209 022300;25704.75;25706.75;25703.5;25706.25;35
20251209 022400;25707;25708.5;25704.25;25704.75;48
20251209 022500;25704.5;25705.5;25698.25;25699;73
20251209 022600;25698.5;25701.5;25696;25698.75;92
20251209 022700;25700;25700;25695.75;25697.25;19
20251209 022800;25696;25698;25694.5;25695.25;32
20251209 022900;25694.5;25697;25693.5;25697;32
20251209 023000;25696.75;25698.5;25696.5;25697.25;35
20251209 023100;25698;25699;25697;25697.75;12
20251209 023200;25696.25;25696.25;25692;25693.75;42
20251209 023300;25693;25693.5;25688.75;25688.75;94
20251209 023400;25689.25;25692.5;25688.5;25692.25;28
20251209 023500;25694.75;25695.25;25691;25691;24
20251209 023600;25691.5;25692;25686;25687;36
20251209 023700;25685.75;25692.5;25685.25;25691.5;61
20251209 023800;25692;25693.5;25690.75;25692;29
20251209 023900;25690.75;25691.75;25687.5;25687.5;41
20251209 024000;25686.75;25689.5;25684.5;25688.5;51
20251209 024100;25689.5;25689.5;25685.75;25686.5;53
20251209 024200;25687.25;25687.75;25685;25687.5;30
20251209 024300;25688.25;25692;25686.5;25692;56
20251209 024400;25692.25;25694;25691.75;25692.75;26
20251209 024500;25692.25;25693.25;25689.75;25691.75;39
20251209 024600;25691.75;25692.25;25687.5;25690.75;38
20251209 024700;25691.25;25694;25691;25693;43
20251209 024800;25693.25;25696.75;25693.25;25695.75;38
20251209 024900;25696;25697.5;25691.75;25691.75;22
20251209 025000;25693.25;25695.75;25693.25;25693.5;27
20251209 025100;25692.25;25693;25691;25691.5;12
20251209 025200;25691.5;25695.25;25691.5;25695.25;16
20251209 025300;25695;25697.5;25694.25;25696;32
20251209 025400;25696.5;25696.5;25691.25;25691.25;26
20251209 025500;25691.25;25692.75;25691.25;25691.5;11
20251209 025600;25691.75;25693;25691.5;25692.5;10
20251209 025700;25691;25691.5;25688.75;25689.75;42
20251209 025800;25690.5;25694.75;25690.25;25694.75;21
20251209 025900;25694.5;25695;25692.5;25694;19
20251209 030000;25694.5;25695;25692.5;25692.75;32
20251209 030100;25692.25;25694;25691.25;25691.5;28
20251209 030200;25691.25;25692.5;25690.25;25692;17
20251209 030300;25692;25692;25688.75;25688.75;18
20251209 030400;25689;25689.75;25685.25;25687.5;83
20251209 030500;25687.5;25691.5;25687.25;25691.5;43
20251209 030600;25691.5;25696.75;25691;25695.75;49
20251209 030700;25696.25;25699.5;25696.25;25697;96
20251209 030800;25697.25;25697.25;25693;25694.5;20
20251209 030900;25694.75;25694.75;25690.5;25691;34
20251209 031000;25691.25;25692.5;25689.5;25692.5;28
20251209 031100;25693;25693;25691.5;25691.5;29
20251209 031200;25691;25693.75;25690.5;25690.5;21
20251209 031300;25692.25;25693;25691.25;25693;11
20251209 031400;25692.5;25692.5;25691.25;25692.5;20
20251209 031500;25692;25694.5;25691.5;25694;24
20251209 031600;25693.25;25695.75;25693.25;25695;21
20251209 031700;25696;25698.25;25694.75;25697;63
20251209 031800;25696.75;25698.25;25696.25;25698;28
20251209 031900;25698.75;25699.25;25695;25696;41
20251209 032000;25696;25697.5;25695.75;25696;13
20251209 032100;25697;25698;25694;25694.75;35
20251209 032200;25694;25694;25689.75;25690.5;49
20251209 032300;25690.5;25693;25689.5;25691.75;15
20251209 032400;25692.75;25692.75;25689.5;25690;35
20251209 032500;25690;25692;25690;25692;12
20251209 032600;25691.5;25694.25;25691;25693.25;27
20251209 032700;25693.5;25693.5;25692.25;25692.75;15
20251209 032800;25693.75;25693.75;25691;25691.5;19
20251209 032900;25690;25693.5;25689.5;25693.5;20
20251209 033000;25692.5;25694;25692.5;25693.25;21
20251209 033100;25694.5;25700.25;25691;25693;139
20251209 033200;25693;25693.75;25689.25;25690.5;52
20251209 033300;25692.25;25695.75;25691.5;25695.25;36
20251209 033400;25696;25700.25;25696;25698.5;78
20251209 033500;25697.75;25697.75;25694.25;25695.75;66
20251209 033600;25695.75;25699.75;25695;25699;29
20251209 033700;25699.25;25700.75;25697.5;25698.25;39
20251209 033800;25698.75;25700;25696.25;25697.5;23
20251209 033900;25697.25;25698;25696;25696;15
20251209 034000;25696.75;25698.5;25696.25;25698;16
20251209 034100;25698.25;25699.25;25698;25698.75;16
20251209 034200;25698;25698;25694.25;25694.25;18
20251209 034300;25693.75;25697.5;25693.75;25697;125
20251209 034400;25697.5;25700.25;25694.75;25696.25;166
20251209 034500;25696;25697.75;25695.5;25695.5;17
20251209 034600;25694.25;25696.5;25693.5;25695;25
20251209 034700;25694.5;25696;25692.5;25694.25;52
20251209 034800;25692.75;25692.75;25688.75;25690;106
20251209 034900;25690;25692.5;25686.75;25688.25;93
20251209 035000;25689.5;25690.25;25688.5;25689;8
20251209 035100;25688.75;25688.75;25685.5;25686;40
20251209 035200;25686;25691.5;25685.5;25691.5;43
20251209 035300;25691.75;25693;25690.5;25692;40
20251209 035400;25693.25;25698;25693.25;25698;96
20251209 035500;25697.5;25700.5;25696.5;25698.75;59
20251209 035600;25699;25699.5;25695.5;25696.75;48
20251209 035700;25696;25698.75;25695.5;25698;24
20251209 035800;25698.75;25701;25697.75;25700.25;41
20251209 035900;25700;25702.25;25697;25698.5;46
20251209 040000;25698.5;25700;25698;25698;15
20251209 040100;25698.75;25699.75;25695.5;25699;48
20251209 040200;25698;25699;25695;25696;28
20251209 040300;25698;25699.5;25697.5;25698.75;19
20251209 040400;25698.25;25699;25694.25;25694.25;26
20251209 040500;25694;25696.25;25692;25693.25;68
20251209 040600;25693.25;25694.75;25693.25;25693.25;34
20251209 040700;25693;25693.25;25692.5;25692.5;9
20251209 040800;25692.75;25697.5;25692.75;25696.5;20
20251209 040900;25697.5;25697.5;25694.25;25694.75;24
20251209 041000;25695;25696;25694.25;25695.25;14
20251209 041100;25695;25696;25694.75;25694.75;6
20251209 041200;25694.5;25696.75;25694.5;25696.75;14
20251209 041300;25696.5;25697.25;25695.25;25695.25;14
20251209 041400;25695;25695.75;25693.25;25693.25;16
20251209 041500;25693.5;25694;25692;25692.25;39
20251209 041600;25692.25;25692.25;25689.5;25691;69
20251209 041700;25691.25;25694.5;25690.25;25693.75;29
20251209 041800;25694.25;25695.25;25693;25694;18
20251209 041900;25694;25695;25692.75;25693.5;17
20251209 042000;25693.5;25696.75;25693.5;25695.25;32
20251209 042100;25696.75;25697;25694.5;25694.75;20
20251209 042200;25694.5;25694.5;25693.75;25694.5;16
20251209 042300;25696;25696.5;25694.75;25695;11
20251209 042400;25696;25696.5;25689;25690;69
20251209 042500;25690.75;25690.75;25689;25689.75;34
20251209 042600;25690;25690.75;25689.25;25690.5;47
20251209 042700;25689.5;25693.5;25689.5;25692;48
20251209 042800;25691.5;25692.25;25690.5;25691.5;12
20251209 042900;25690.5;25693.75;25690.5;25693.25;14
20251209 043000;25692.25;25693.5;25691.75;25693;14
20251209 043100;25692.25;25692.5;25686.75;25688.5;58
20251209 043200;25687.5;25690.5;25687.5;25689;24
20251209 043300;25690.5;25690.75;25687.5;25688.25;80
20251209 043400;25688;25689.5;25687.5;25687.75;30
20251209 043500;25687.75;25689;25686.25;25687;62
20251209 043600;25687;25689;25684.5;25684.5;113
20251209 043700;25684.25;25688;25682.75;25686;60
20251209 043800;25687.25;25688.25;25686.25;25688.25;5
20251209 043900;25687.75;25689.5;25687.75;25689;17
20251209 044000;25689.5;25691;25688;25689.25;52
20251209 044100;25689.5;25692.5;25688.5;25691.5;74
20251209 044200;25691.5;25694.5;25691.5;25693.5;38
20251209 044300;25694;25695;25691.75;25692.5;33
20251209 044400;25691.75;25691.75;25688;25688.75;34
20251209 044500;25689.25;25691;25689.25;25691;9
20251209 044600;25692;25692.5;25690.5;25691;10
20251209 044700;25690.25;25690.25;25688.75;25689.5;11
20251209 044800;25689.5;25690.25;25688.5;25688.5;18
20251209 044900;25688.75;25690.25;25688.5;25689.25;9
20251209 045000;25689.75;25690.5;25688;25689;12
20251209 045100;25687.75;25687.75;25687.5;25687.75;6
20251209 045200;25689.5;25689.5;25686.5;25687.25;9
20251209 045300;25686.75;25687.5;25686.25;25686.75;11
20251209 045400;25688;25688.75;25687;25687.5;12
20251209 045500;25688.5;25688.5;25688.25;25688.5;4
20251209 045600;25687.75;25689.25;25687.5;25688.75;11
20251209 045700;25687.75;25690;25687.5;25689.25;10
20251209 045800;25689.25;25690;25687.5;25687.5;15
20251209 045900;25687.5;25687.5;25686.75;25687;5
20251209 050000;25687;25687.5;25686.5;25686.5;6
20251209 050100;25688;25688.25;25683.75;25684;51
20251209 050200;25683.5;25687;25683.25;25686.5;54
20251209 050300;25687.5;25689.25;25686.5;25688.75;27
20251209 050400;25688.75;25688.75;25686.5;25686.5;12
20251209 050500;25686;25686.25;25679.25;25681.25;164
20251209 050600;25682;25682;25672;25675.75;229
20251209 050700;25676;25681.5;25675.75;25680.25;62
20251209 050800;25680;25680.5;25677.75;25678.75;47
20251209 050900;25680.5;25681.5;25676.75;25676.75;26
20251209 051000;25676;25679;25672.5;25677.5;81
20251209 051100;25676.75;25678;25673;25673;13
20251209 051200;25672.75;25675.25;25670.5;25674.5;71
20251209 051300;25675.25;25677.5;25674.5;25676.75;28
20251209 051400;25678;25679;25676.5;25677.5;22
20251209 051500;25676;25676.5;25674.5;25675.75;13
20251209 051600;25675.25;25675.25;25673.75;25674.75;16
20251209 051700;25675.5;25675.5;25673;25673;16
20251209 051800;25673;25675.75;25673;25674.5;27
20251209 051900;25675.25;25677;25674.75;25676.25;27
20251209 052000;25677.25;25678.25;25675;25675.5;43
20251209 052100;25674.75;25675.5;25668.75;25668.75;71
20251209 052200;25669;25673;25667;25673;77
20251209 052300;25672.25;25672.75;25670;25670;23
20251209 052400;25670.5;25672.75;25667.75;25667.75;34
20251209 052500;25668;25670.5;25666.5;25668;85
20251209 052600;25668;25671;25668;25668.75;56
20251209 052700;25668.75;25669.75;25666.5;25667;57
20251209 052800;25666.5;25669.75;25665.75;25667;30
20251209 052900;25667;25669.25;25667;25668.5;29
20251209 053000;25668.25;25668.5;25667;25668;33
20251209 053100;25667;25671;25664.5;25669;111
20251209 053200;25670.25;25670.5;25667.5;25667.75;34
20251209 053300;25667;25669;25667;25669;37
20251209 053400;25669.25;25670;25667.75;25669;21
20251209 053500;25667.5;25668.75;25667.25;25668.5;7
20251209 053600;25669;25673;25669;25672.25;54
20251209 053700;25673.25;25676.75;25673.25;25676.5;83
20251209 053800;25676.5;25677.5;25675;25676;44
20251209 053900;25676.25;25676.75;25674.75;25675;25
20251209 054000;25675.5;25677.75;25674.5;25676.75;35
20251209 054100;25676;25677;25675.5;25676;25
20251209 054200;25675.25;25676;25671.5;25672.25;35
20251209 054300;25672.5;25675;25671.25;25674.5;16
20251209 054400;25675.25;25677.25;25675.25;25675.75;32
20251209 054500;25676.25;25676.25;25674;25674.75;8
20251209 054600;25674.25;25676.25;25673.75;25675.25;18
20251209 054700;25675.5;25679.25;25674.75;25678;44
20251209 054800;25678.25;25678.5;25674;25674;26
20251209 054900;25675.5;25676.25;25672.75;25673;17
20251209 055000;25672.75;25672.75;25670;25670;22
20251209 055100;25671.25;25673;25668.25;25669.25;44
20251209 055200;25670.5;25670.5;25668;25668;46
20251209 055300;25668;25670.5;25666;25666;43
20251209 055400;25666;25666.25;25663.5;25665;63
20251209 055500;25666;25666.25;25664.25;25664.25;43
20251209 055600;25664.25;25668.25;25664.25;25667.75;29
20251209 055700;25667;25668;25665.25;25666.5;18
20251209 055800;25665.5;25665.5;25663.75;25664.5;22
20251209 055900;25664.75;25666;25664;25664.75;8
20251209 060000;25664.25;25665;25662;25663.5;40
20251209 060100;25664;25664;25658.75;25658.75;99
20251209 060200;25659.75;25660.25;25651.25;25657;142
20251209 060300;25656.25;25658;25654.75;25655.5;61
20251209 060400;25656;25659;25655;25655.25;68
20251209 060500;25655.5;25657.25;25654.25;25655;44
20251209 060600;25656.25;25661.25;25655.75;25661;48
20251209 060700;25661;25663;25661;25662;40
20251209 060800;25660;25660.25;25657.25;25657.25;12
20251209 060900;25656.5;25658;25655.5;25658;30
20251209 061000;25657.25;25658.5;25656.25;25656.25;15
20251209 061100;25655.75;25656.5;25654.25;25655.75;20
20251209 061200;25655.5;25655.5;25649.75;25652.5;64
20251209 061300;25653;25653;25647.5;25650.25;74
20251209 061400;25649.25;25655.5;25648;25654.5;63
20251209 061500;25654.75;25657;25654.25;25656.5;38
20251209 061600;25655.75;25657.25;25653.75;25655;27
20251209 061700;25656.25;25661;25653.5;25661;46
20251209 061800;25660.25;25660.25;25655.75;25656.75;40
20251209 061900;25655.75;25657.5;25655.5;25656.5;15
20251209 062000;25657.75;25658.75;25656;25656;17
20251209 062100;25655.75;25656.25;25654;25656;40
20251209 062200;25656.75;25656.75;25646.75;25646.75;86
20251209 062300;25647.5;25652.5;25647.5;25651.75;44
20251209 062400;25651.75;25653;25649;25653;40
20251209 062500;25653.25;25654.25;25651.25;25651.25;26
20251209 062600;25650.5;25651.25;25648.25;25650.75;27
20251209 062700;25650.25;25651;25648.25;25650.25;22
20251209 062800;25651.5;25655.75;25651.5;25655.75;35
20251209 062900;25656;25656.5;25653.5;25653.5;35
20251209 063000;25653.25;25657.75;25653;25656;55
20251209 063100;25656.25;25663;25654;25660;96
20251209 063200;25660.25;25660.25;25654.25;25657.25;45
20251209 063300;25656;25660.75;25655.25;25659.5;17
20251209 063400;25660;25661.75;25658.25;25658.25;19
20251209 063500;25659;25659.75;25657.75;25659.75;24
20251209 063600;25659;25663.25;25659;25660.5;36
20251209 063700;25660.75;25660.75;25659.25;25659.25;9
20251209 063800;25660;25660;25655.5;25656.25;23
20251209 063900;25655.5;25656.75;25654.25;25655.75;53
20251209 064000;25657.75;25659.25;25657.75;25659.25;17
20251209 064100;25660;25663.25;25659.25;25662.25;61
20251209 064200;25662.5;25666;25661.75;25665.75;51
20251209 064300;25665;25668.5;25664.5;25667;77
20251209 064400;25668;25674.75;25668;25674.5;109
20251209 064500;25674.75;25681.75;25674.75;25680.5;150
20251209 064600;25681;25688.25;25676.75;25677;231
20251209 064700;25676.25;25678.75;25675.25;25676.75;50
20251209 064800;25678.25;25682;25678;25681.75;39
20251209 064900;25682.25;25683;25678.75;25680.75;47
20251209 065000;25681.25;25681.75;25674.25;25674.25;61
20251209 065100;25673.75;25675.5;25670.75;25672.75;77
20251209 065200;25673;25676.75;25671.75;25674.75;48
20251209 065300;25676.25;25678.25;25673.5;25674.25;32
20251209 065400;25675;25678.5;25675;25677.75;22
20251209 065500;25677.5;25680;25677.25;25678.25;18
20251209 065600;25676.5;25676.5;25673.5;25674.5;37
20251209 065700;25673.75;25681.75;25672;25681.75;56
20251209 065800;25681.75;25682.75;25679.75;25680.5;39
20251209 065900;25681.75;25682.25;25679.5;25680.75;25
20251209 070000;25682;25684;25682;25683.25;41
20251209 070100;25683;25687.5;25682;25684.5;71
20251209 070200;25683.25;25689.75;25682.5;25688.75;62
20251209 070300;25688.25;25689.5;25683.25;25685;51
20251209 070400;25686;25687.5;25685.5;25687.5;11
20251209 070500;25686.5;25690;25681.5;25690;54
20251209 070600;25689;25693;25688.75;25688.75;57
20251209 070700;25690;25692;25688;25688;38
20251209 070800;25688.75;25693.75;25688.75;25693;38
20251209 070900;25693.5;25693.75;25689.5;25693.75;18
20251209 071000;25692.75;25693;25690.75;25690.75;12
20251209 071100;25689.75;25695;25688.25;25693;62
20251209 071200;25692.75;25693.5;25691;25691.25;33
20251209 071300;25690.25;25692;25689;25689.5;35
20251209 071400;25689.5;25690;25685.75;25688.5;51
20251209 071500;25689;25689.25;25685.75;25687.75;27
20251209 071600;25686.75;25687.75;25684.5;25687;40
20251209 071700;25687.25;25687.75;25684.25;25684.25;34
20251209 071800;25684.75;25688.5;25684.75;25687.25;31
20251209 071900;25686.75;25686.75;25681.5;25681.75;51
20251209 072000;25681.25;25684;25681.25;25681.75;36
20251209 072100;25682.5;25684.5;25681.5;25683.5;14
20251209 072200;25683.75;25687.25;25683.5;25685.25;43
20251209 072300;25686.25;25688.5;25686.25;25687.25;15
20251209 072400;25688.5;25690.75;25688;25689.25;37
20251209 072500;25687.75;25687.75;25684.75;25687.25;20
20251209 072600;25687.25;25687.25;25684.75;25685.5;15
20251209 072700;25684;25687;25682.5;25687;39
20251209 072800;25687.5;25687.5;25685;25685.5;11
20251209 072900;25685;25685.25;25683;25683.25;10
20251209 073000;25683.25;25687.25;25680.25;25687.25;42
20251209 073100;25687.25;25688.25;25685;25686.5;32
20251209 073200;25687.25;25688.25;25684.5;25685;17
20251209 073300;25685.5;25687;25683.75;25686.5;12
20251209 073400;25688;25688.5;25687;25687;12
20251209 073500;25689;25689.5;25687;25688;24
20251209 073600;25688.5;25689.5;25687;25687.5;19
20251209 073700;25687;25687.75;25684.25;25684.75;16
20251209 073800;25684.5;25684.75;25681.5;25681.75;41
20251209 073900;25681;25681;25676.25;25679;136
20251209 074000;25679;25684;25677.5;25682.75;39
20251209 074100;25681.5;25684;25680.75;25680.75;38
20251209 074200;25680.75;25684.25;25677.5;25684.25;49
20251209 074300;25684;25692.25;25684;25691.25;97
20251209 074400;25691.75;25691.75;25686.25;25687.75;35
20251209 074500;25686.75;25686.75;25686.75;25686.75;1
20251209 074600;25686.75;25690.5;25686.5;25689.75;28
20251209 074700;25689;25690.25;25687.5;25687.75;19
20251209 074800;25688;25691;25688;25689.5;6
20251209 074900;25689;25689;25686.75;25687.5;14
20251209 075000;25687.5;25690;25687.5;25689.5;9
20251209 075100;25691.25;25696;25691.25;25694.75;58
20251209 075200;25696;25697;25691.25;25691.25;32
20251209 075300;25690.75;25690.75;25688;25688.75;32
20251209 075400;25690.5;25690.5;25690.5;25690.5;2
20251209 075500;25690.5;25691.5;25689;25689;11
20251209 075600;25689.75;25692.25;25689.25;25691.75;13
20251209 075700;25689.25;25689.5;25687.5;25688.5;13
20251209 075800;25688.25;25689.75;25687.25;25688.75;39
20251209 075900;25689.5;25692.25;25688;25692.25;23
20251209 080000;25691.75;25691.75;25687.5;25691.25;26
20251209 080100;25690.5;25699.25;25686.75;25697.25;172
20251209 080200;25696.5;25698;25689.5;25691.75;79
20251209 080300;25693;25695.75;25691.25;25695;29
20251209 080400;25694.5;25706.25;25694.5;25704.75;169
20251209 080500;25704.5;25705.25;25700;25700.25;62
20251209 080600;25700.75;25702.75;25697;25700.75;70
20251209 080700;25701;25704.75;25700.5;25702.25;72
20251209 080800;25702.25;25702.25;25694.25;25695;84
20251209 080900;25695;25696.25;25692;25696.25;76
20251209 081000;25697;25703.75;25694;25699.25;228
20251209 081100;25699.5;25701;25694.25;25699.25;71
20251209 081200;25700.25;25701.75;25696.5;25699.75;40
20251209 081300;25699.25;25702;25698.75;25698.75;31
20251209 081400;25697.25;25700.5;25697;25699.25;42
20251209 081500;25700.25;25700.5;25698.25;25700;26
20251209 081600;25702;25703.25;25696.5;25699.75;54
20251209 081700;25700.5;25703.75;25700.5;25701.75;38
20251209 081800;25702.5;25703.25;25700;25700.75;23
20251209 081900;25701.5;25703;25699;25703;11
20251209 082000;25703;25708.25;25703;25707.25;108
20251209 082100;25707;25707;25702.75;25705.25;56
20251209 082200;25706;25706.25;25701.75;25702.75;36
20251209 082300;25702.75;25704;25700.75;25703;20
20251209 082400;25702.25;25707.5;25701.25;25707;71
20251209 082500;25707.25;25712.5;25707;25709.5;111
20251209 082600;25708.25;25709.75;25701.5;25702;75
20251209 082700;25702;25704;25700.25;25703.75;48
20251209 082800;25703.5;25704.75;25693;25694.5;93
20251209 082900;25694.5;25699.75;25692.5;25696.75;86
20251209 083000;25696.5;25696.5;25691.75;25694.25;60
20251209 083100;25693.5;25696;25687.75;25695.5;101
20251209 083200;25695.25;25699.75;25693.5;25694.5;56
20251209 083300;25694.5;25696;25691.25;25694.25;86
20251209 083400;25694.25;25696.75;25692.25;25695.75;31
20251209 083500;25695.5;25695.5;25690.25;25690.75;46
20251209 083600;25690.75;25692;25687.5;25690;64
20251209 083700;25688.75;25688.75;25684;25687;64
20251209 083800;25686.75;25689.5;25686.25;25686.75;30
20251209 083900;25686.75;25692;25683.5;25690.25;65
20251209 084000;25690.25;25692.75;25690;25691.75;41
20251209 084100;25692.25;25692.25;25684.25;25685;48
20251209 084200;25685;25686.25;25682.25;25684.5;59
20251209 084300;25685;25690.75;25685;25690.5;114
20251209 084400;25691;25692.5;25689.25;25692;27
20251209 084500;25693;25694.5;25691.75;25694;20
20251209 084600;25692.5;25699.75;25692.5;25697.5;87
20251209 084700;25697.25;25698;25693.25;25697.25;57
20251209 084800;25698;25699.5;25695.75;25695.75;37
20251209 084900;25696;25701.75;25695;25700.75;66
20251209 085000;25701;25703.5;25695.75;25699.25;48
20251209 085100;25698.5;25701;25697.5;25700.75;35
20251209 085200;25700.25;25701;25699.5;25700;13
20251209 085300;25700.75;25703.25;25699;25703.25;31
20251209 085400;25702.75;25704;25701.5;25702;24
20251209 085500;25702;25704.5;25702;25703.5;35
20251209 085600;25704.5;25705.5;25701;25701.5;52
20251209 085700;25703.25;25703.25;25697.75;25697.75;58
20251209 085800;25697.75;25698.25;25694.75;25697;50
20251209 085900;25695.5;25697.5;25694.25;25696;36
20251209 090000;25698;25698;25691.75;25695.75;64
20251209 090100;25695.5;25696;25685.5;25688.25;132
20251209 090200;25687.25;25689.25;25679.75;25680.5;130
20251209 090300;25682;25686.5;25679.75;25684.5;113
20251209 090400;25686.5;25686.5;25679;25680.75;86
20251209 090500;25680.25;25688;25677.25;25687.25;105
20251209 090600;25688.5;25689.25;25677;25677;81
20251209 090700;25676;25677.5;25673.25;25675.25;170
20251209 090800;25676;25679;25672.75;25674.5;66
20251209 090900;25675;25681.75;25674;25675.5;61
20251209 091000;25676;25677.75;25673.25;25674.75;54
20251209 091100;25673.5;25681.5;25673;25680.5;77
20251209 091200;25680.75;25680.75;25678.5;25678.75;33
20251209 091300;25679.5;25684.5;25676.75;25682.25;67
20251209 091400;25682.75;25683.5;25680.5;25680.5;34
20251209 091500;25681;25681;25678;25680.25;26
20251209 091600;25680.75;25682.75;25677.75;25679;56
20251209 091700;25679.5;25679.5;25675.25;25678.5;49
20251209 091800;25678.75;25678.75;25671;25673.5;66
20251209 091900;25674.5;25676.5;25671;25671.75;58
20251209 092000;25671.25;25672.5;25669.25;25672.25;38
20251209 092100;25672.5;25672.5;25666;25668.75;78
20251209 092200;25669;25672.5;25669;25672.5;40
20251209 092300;25671.25;25671.25;25667.5;25667.75;22
20251209 092400;25667;25668.5;25666;25667.25;55
20251209 092500;25667;25671.75;25666.5;25670.5;59
20251209 092600;25670.25;25670.25;25661.75;25667.75;95
20251209 092700;25667.25;25667.75;25664.5;25665.25;14
20251209 092800;25665.75;25666;25660;25660.5;101
20251209 092900;25660.75;25665.75;25660.25;25665.5;57
20251209 093000;25666.25;25667.25;25665.75;25666.75;27
20251209 093100;25666.25;25672.25;25665;25669.25;112
20251209 093200;25668;25671.75;25667.5;25670.25;47
20251209 093300;25672.25;25675.25;25671.25;25674.5;52
20251209 093400;25674.25;25675.5;25671;25673;47
20251209 093500;25672.25;25673.25;25672.25;25672.25;12
20251209 093600;25671.5;25674;25670;25670.75;30
20251209 093700;25671;25672.5;25667.25;25672;36
20251209 093800;25670.5;25670.5;25663.25;25665.75;48
20251209 093900;25667.25;25667.75;25663;25663;23
20251209 094000;25662.5;25662.75;25654;25654;74
20251209 094100;25653.75;25655.25;25650;25655.25;224
20251209 094200;25655.5;25658.25;25653.5;25655.5;89
20251209 094300;25655;25659;25655;25658.75;25
20251209 094400;25659;25662.25;25658;25658;58
20251209 094500;25657.75;25659.25;25655.25;25657.25;46
20251209 094600;25657;25663;25656.75;25663;36
20251209 094700;25662;25663;25656;25660.25;110
20251209 094800;25660;25662.5;25657.5;25661.25;34
20251209 094900;25661.75;25666.5;25661.75;25665;40
20251209 095000;25665.25;25665.75;25663.25;25663.5;40
20251209 095100;25662.5;25665.25;25661.25;25661.75;28
20251209 095200;25661.75;25664;25661;25664;32
20251209 095300;25663.25;25666.5;25663.25;25666.5;23
20251209 095400;25665.75;25665.75;25662.25;25663.5;20
20251209 095500;25666.25;25667.25;25663;25663;23
20251209 095600;25662.75;25663;25658.75;25660;40
20251209 095700;25660;25662.5;25658.5;25658.5;30
20251209 095800;25659.75;25660;25656.25;25657.25;40
20251209 095900;25657;25658.5;25653.25;25654.5;50
20251209 100000;25655.5;25656.75;25653.5;25656.25;43
20251209 100100;25655.5;25659.75;25655.5;25658.75;58
20251209 100200;25658.25;25658.5;25655.25;25655.25;19
20251209 100300;25656.5;25660;25655.25;25658.75;38
20251209 100400;25658.75;25661.75;25658.25;25660.25;78
20251209 100500;25659;25660.75;25656.5;25658.75;31
20251209 100600;25659.25;25661.5;25659.25;25660.5;24
20251209 100700;25660.75;25661.25;25654.75;25658.5;33
20251209 100800;25659;25663.5;25659;25663.25;31
20251209 100900;25663.5;25664.5;25661;25661;41
20251209 101000;25660.75;25662.75;25660.5;25662.75;21
20251209 101100;25663.5;25670.75;25663.5;25670.75;97
20251209 101200;25672.25;25674.5;25670.5;25671.75;68
20251209 101300;25672;25674.5;25671;25672.75;39
20251209 101400;25674.5;25675.75;25669;25669.25;73
20251209 101500;25668.5;25672.25;25668.25;25670.75;89
20251209 101600;25671.5;25675.75;25671.5;25673.75;44
20251209 101700;25674.25;25676.75;25672.25;25676;43
20251209 101800;25675.75;25677.75;25674;25674;48
20251209 101900;25674;25676.5;25674;25675.25;24
20251209 102000;25676.75;25678.5;25675.75;25677.25;41
20251209 102100;25677.75;25679.25;25675;25676;118
20251209 102200;25675.25;25675.25;25667.5;25673.5;148
20251209 102300;25674.5;25678.25;25673.75;25675.5;88
20251209 102400;25676.25;25679.75;25675.75;25679.5;49
20251209 102500;25680;25683.25;25678.75;25681.75;142
20251209 102600;25681.75;25685;25680.75;25685;81
20251209 102700;25685.25;25689;25684.5;25689;95
20251209 102800;25688.25;25692.5;25687;25690.5;113
20251209 102900;25691.25;25691.25;25689.25;25689.25;28
20251209 103000;25688;25689.75;25685.75;25688.25;44
20251209 103100;25689;25689;25685;25686.25;48
20251209 103200;25685.5;25688.25;25685.25;25687.5;52
20251209 103300;25687.75;25691;25687.25;25688.5;43
20251209 103400;25688.5;25688.5;25686;25688.25;19
20251209 103500;25687.25;25687.75;25686;25686;17
20251209 103600;25686.25;25688.25;25683.75;25688.25;39
20251209 103700;25687.25;25689.5;25686.5;25688.25;44
20251209 103800;25687.5;25692;25687.25;25688.25;63
20251209 103900;25687.75;25689.25;25685.75;25685.75;20
20251209 104000;25685.5;25687.5;25601;25633.75;3001
20251209 104100;25632.75;25664.5;25623.25;25663.25;837
20251209 104200;25664.75;25665;25639.25;25645;415
20251209 104300;25645.5;25656.75;25638.75;25650.25;317
20251209 104400;25651.75;25656.25;25647.5;25652.5;203
20251209 104500;25653.25;25658.25;25649.5;25656.25;133
20251209 104600;25656.5;25660;25653.25;25655.75;161
20251209 104700;25657.25;25657.75;25643.75;25643.75;131
20251209 104800;25644.75;25648;25638.5;25642.75;256
20251209 104900;25642.75;25647.25;25637;25639.25;177
20251209 105000;25640;25645.75;25638;25645.5;98
20251209 105100;25645.5;25652.75;25643.5;25651.25;203
20251209 105200;25653;25657.5;25649.5;25654;265
20251209 105300;25652.5;25662.75;25651.25;25654.5;210
20251209 105400;25656.75;25664.25;25655.5;25660.25;74
20251209 105500;25660.75;25666.75;25660.25;25666.75;71
20251209 105600;25666.75;25675.5;25666.75;25670.5;156
20251209 105700;25671.25;25671.25;25662.75;25662.75;106
20251209 105800;25662.5;25666;25657.5;25666;81
20251209 105900;25663.5;25667;25663.5;25664;43
20251209 110000;25666;25672.75;25666;25668.75;116
20251209 110100;25668.5;25671;25652;25658.75;248
20251209 110200;25657.5;25662;25647.75;25649;268
20251209 110300;25649.25;25655.25;25646;25654.5;115
20251209 110400;25656;25668.25;25656;25666.25;179
20251209 110500;25667.5;25668.25;25658;25659.75;98
20251209 110600;25661.5;25663;25658.25;25661.75;32
20251209 110700;25661.5;25661.5;25656.25;25656.5;33
20251209 110800;25655.75;25656.5;25653;25653;48
20251209 110900;25653.5;25656.5;25649.75;25656.5;61
20251209 111000;25655.75;25657.75;25654.25;25655;36
20251209 111100;25655.5;25657.5;25652.5;25655.25;215
20251209 111200;25655.5;25655.5;25648;25648.25;40
20251209 111300;25648.75;25649.5;25642.5;25645.5;182
20251209 111400;25646.25;25646.5;25637.75;25639;215
20251209 111500;25640;25648.25;25638.75;25645.25;130
20251209 111600;25645.75;25648;25643;25643.5;65
20251209 111700;25643.75;25643.75;25630.75;25635.5;334
20251209 111800;25635.75;25648;25633;25638;365
20251209 111900;25638.25;25644.25;25635.75;25643;116
20251209 112000;25642.75;25647.25;25639.75;25645.25;61
20251209 112100;25646.5;25656.75;25646.5;25654.75;225
20251209 112200;25656.25;25659.5;25656.25;25657.75;56
20251209 112300;25657;25657;25649.5;25654;82
20251209 112400;25653.25;25655.25;25651.25;25651.5;42
20251209 112500;25651.5;25655.75;25647.5;25651.75;73
20251209 112600;25652.5;25653.25;25649.5;25649.5;22
20251209 112700;25648;25654.75;25646.25;25654.75;51
20251209 112800;25654;25661.25;25653.5;25660.75;59
20251209 112900;25661.75;25665;25659;25662.5;76
20251209 113000;25663.75;25668.75;25663.5;25667.25;328
20251209 113100;25668;25668.75;25661.25;25664.75;60
20251209 113200;25666.25;25666.5;25659;25666;71
20251209 113300;25666;25666;25661.5;25661.5;34
20251209 113400;25661.75;25664;25658.5;25664;53
20251209 113500;25662.5;25664.25;25660.75;25663;25
20251209 113600;25664;25665.25;25663;25664.75;35
20251209 113700;25664;25664;25660;25662.5;30
20251209 113800;25662.25;25666;25662.25;25665.25;43
20251209 113900;25665.25;25667.25;25662.75;25664.75;76
20251209 114000;25664.5;25667.5;25664;25664;45
20251209 114100;25664.25;25666.25;25663;25666.25;37
20251209 114200;25666.25;25671;25664.25;25671;176
20251209 114300;25671.75;25681.75;25671.5;25679.25;186
20251209 114400;25679.75;25681.25;25676;25678;91
20251209 114500;25678.25;25678.25;25672.5;25676;59
20251209 114600;25676;25677.75;25674.75;25674.75;24
20251209 114700;25675;25680;25675;25678;37
20251209 114800;25677.75;25678.75;25671;25671.25;42
20251209 114900;25671.5;25675;25671;25675;29
20251209 115000;25674.75;25677;25673;25676.5;31
20251209 115100;25677;25679;25673.25;25674;51
20251209 115200;25673;25679;25669.75;25676.25;71
20251209 115300;25676;25676;25671.5;25672.25;19
20251209 115400;25674;25677.5;25673;25673.25;77
20251209 115500;25673.25;25675.5;25672.75;25674.25;23
20251209 115600;25675;25676.5;25673.5;25673.5;24
20251209 115700;25672.25;25674.75;25669.5;25671;54
20251209 115800;25670.5;25670.75;25668.5;25669.25;44
20251209 115900;25670;25673.75;25669;25671.25;49
20251209 120000;25672.25;25672.5;25668.75;25672.5;70
20251209 120100;25672.75;25676.25;25670;25672.25;137
20251209 120200;25672.75;25674.75;25667.25;25671.75;66
20251209 120300;25672;25675;25664.25;25667.5;143
20251209 120400;25666.75;25670.5;25660;25670.5;108
20251209 120500;25671.75;25672;25668.75;25669.75;42
20251209 120600;25668.25;25671;25665.5;25671;41
20251209 120700;25669.5;25674.5;25669.25;25674.5;29
20251209 120800;25673.5;25674.75;25668;25669;46
20251209 120900;25668;25670;25666.5;25667;26
20251209 121000;25666.5;25670;25665.5;25669.5;19
20251209 121100;25668.5;25668.75;25664;25668.5;64
20251209 121200;25668.5;25672;25668;25670.5;43
20251209 121300;25671.25;25672;25664.5;25672;59
20251209 121400;25672;25673.75;25667.75;25667.75;72
20251209 121500;25667;25668.75;25666;25666.5;22
20251209 121600;25667;25667.25;25660.75;25663.25;76
20251209 121700;25663;25666.25;25661;25666.25;57
20251209 121800;25665.5;25667.25;25664.5;25664.5;34
20251209 121900;25664;25665.25;25663.75;25663.75;22
20251209 122000;25664.5;25664.75;25660.5;25661;51
20251209 122100;25661;25662.25;25658;25659.25;66
20251209 122200;25659.5;25667.75;25659.5;25667.75;96
20251209 122300;25667;25669.25;25661.5;25665.75;62
20251209 122400;25665;25668;25662;25663.25;45
20251209 122500;25663.25;25664.25;25661.75;25664;22
20251209 122600;25664.25;25668.25;25662.25;25662.75;62
20251209 122700;25663;25666.5;25658.5;25666.5;84
20251209 122800;25666;25667.5;25664.75;25666.75;40
20251209 122900;25666.75;25666.75;25663.75;25664.25;24
20251209 123000;25664.25;25665.75;25663;25663.25;35
20251209 123100;25663.25;25667;25663;25665;41
20251209 123200;25663.5;25665;25661.25;25664.75;64
20251209 123300;25665.5;25666;25662;25662;16
20251209 123400;25662;25662.5;25658.75;25661;50
20251209 123500;25661;25665.5;25660.5;25664.75;30
20251209 123600;25662.75;25663.25;25658;25660.75;118
20251209 123700;25661.25;25666.5;25661;25663.5;76
20251209 123800;25662;25662;25659.5;25660;36
20251209 123900;25660.25;25663.25;25659.75;25663.25;27
20251209 124000;25662.25;25664;25659.5;25661;25
20251209 124100;25659.75;25664;25655.25;25661.25;152
20251209 124200;25659.5;25659.5;25652;25656.75;91
20251209 124300;25656.75;25658.25;25654;25656.75;40
20251209 124400;25655;25656.25;25649.75;25651.75;113
20251209 124500;25652.5;25654.5;25650;25654;63
20251209 124600;25653.5;25653.5;25647.75;25650;154
20251209 124700;25650;25653.25;25645.5;25652.5;122
20251209 124800;25652.25;25656.75;25652;25656.75;89
20251209 124900;25657;25662.25;25657;25660.25;96
20251209 125000;25660.5;25664;25660.5;25661.25;87
20251209 125100;25661.25;25665;25657.5;25665;78
20251209 125200;25665.5;25672;25665.5;25671.5;138
20251209 125300;25671;25671.75;25667.25;25668.75;48
20251209 125400;25669;25671.5;25666.75;25666.75;57
20251209 125500;25666.75;25671;25665.75;25669.5;109
20251209 125600;25669;25672;25667.25;25672;54
20251209 125700;25672.25;25672.5;25665.75;25666.75;73
20251209 125800;25665.75;25666.5;25662.25;25663.5;77
20251209 125900;25664.5;25665;25662;25665;28
20251209 130000;25665.75;25666;25660;25663.75;75
20251209 130100;25663.5;25663.5;25656.25;25656.75;163
20251209 130200;25656.25;25658.5;25648.75;25652.75;195
20251209 130300;25653.25;25655;25651.25;25654.25;63
20251209 130400;25654.25;25656.25;25652.75;25654;65
20251209 130500;25654.75;25659;25654.75;25657.25;92
20251209 130600;25657.75;25662;25655.75;25658.25;76
20251209 130700;25658.5;25658.5;25655;25656.25;53
20251209 130800;25656.25;25663.5;25655.75;25661.5;59
20251209 130900;25663;25666;25660.75;25661;139
20251209 131000;25661;25664.25;25661;25663;27
20251209 131100;25663.5;25663.5;25657;25658.25;59
20251209 131200;25656.75;25661.5;25656.75;25658.25;70
20251209 131300;25658;25659;25657.5;25657.75;22
20251209 131400;25657.25;25658.25;25656.5;25658;31
20251209 131500;25656.5;25656.5;25654;25656;53
20251209 131600;25656;25656.25;25646;25647;149
20251209 131700;25647;25652.5;25645;25649.25;176
20251209 131800;25650;25657.25;25650;25653;183
20251209 131900;25653.5;25654.25;25650.75;25654.25;96
20251209 132000;25654.75;25658.5;25653.75;25656;50
20251209 132100;25655;25656.75;25651.5;25652;85
20251209 132200;25652.75;25656;25650.25;25653.25;97
20251209 132300;25651.5;25651.5;25646.75;25647.75;78
20251209 132400;25647.25;25649.5;25637.5;25640.75;245
20251209 132500;25641;25645.75;25640.25;25641.25;124
20251209 132600;25641.75;25648.5;25638.75;25645.25;157
20251209 132700;25646.5;25651;25646.5;25649;116
20251209 132800;25650;25653.5;25649.75;25652;87
20251209 132900;25653;25654.75;25650;25652;82
20251209 133000;25651.75;25652.25;25649;25650;57
20251209 133100;25649;25649.25;25641.75;25648.25;99
20251209 133200;25648.75;25651.5;25644.5;25644.5;87
20251209 133300;25646;25646;25634;25634;221
20251209 133400;25633.5;25635;25627.75;25628;309
20251209 133500;25627.75;25630;25622.25;25622.5;328
20251209 133600;25623.25;25624;25618;25619;290
20251209 133700;25619.25;25619.5;25607;25611.5;459
20251209 133800;25611.25;25623.75;25611.25;25623.25;293
20251209 133900;25623.75;25629;25623.25;25624.75;231
20251209 134000;25625;25632;25621.5;25630.5;231
20251209 134100;25631.25;25631.25;25625.5;25626.5;128
20251209 134200;25628.25;25630.5;25625.25;25628.5;119
20251209 134300;25628.5;25630;25621.25;25629.75;134
20251209 134400;25630;25630;25625;25627.25;95
20251209 134500;25628.25;25629.25;25624;25625.25;91
20251209 134600;25624.75;25639.25;25624.5;25629;325
20251209 134700;25629.25;25630.75;25626;25630.5;159
20251209 134800;25630.5;25630.5;25627;25628.5;73
20251209 134900;25629.25;25629.25;25621.75;25623.75;223
20251209 135000;25623.5;25624.75;25619;25621.5;104
20251209 135100;25621.5;25622;25615.5;25617.25;322
20251209 135200;25616.75;25620.75;25615.5;25620.25;190
20251209 135300;25619.25;25623;25617;25622.5;191
20251209 135400;25622.75;25623.5;25616;25617.75;162
20251209 135500;25617.25;25618.75;25608.5;25609.75;317
20251209 135600;25610.25;25620;25609.75;25616.25;279
20251209 135700;25616;25616.75;25611.75;25615.75;131
20251209 135800;25616;25618;25613.75;25616;97
20251209 135900;25615.25;25617.25;25609.25;25613.25;167
20251209 140000;25613.5;25618.75;25612;25617;179
20251209 140100;25616.5;25624;25615.5;25619.5;329
20251209 140200;25619.25;25624.5;25618;25622.75;141
20251209 140300;25622.5;25622.75;25616.75;25622.25;98
20251209 140400;25622.75;25625.5;25616.5;25617.25;175
20251209 140500;25616.5;25617.75;25612;25613.75;243
20251209 140600;25614.25;25617.25;25612.5;25615.5;144
20251209 140700;25615.75;25616.25;25609;25611;340
20251209 140800;25611.5;25615.75;25609.5;25614.5;117
20251209 140900;25614.75;25614.75;25605.5;25606.75;230
20251209 141000;25607;25607.25;25602.5;25606.5;237
20251209 141100;25606.25;25610.5;25597.75;25609.5;631
20251209 141200;25609.25;25614;25607;25611.5;189
20251209 141300;25612.75;25618.25;25610.5;25617.5;322
20251209 141400;25618;25618;25612;25616.75;194
20251209 141500;25616;25618;25605.25;25605.25;195
20251209 141600;25605.75;25612.75;25605.75;25611;215
20251209 141700;25611.25;25613.5;25608;25608;183
20251209 141800;25608.25;25608.75;25603;25605.25;207
20251209 141900;25605.75;25611;25604.75;25608.75;114
20251209 142000;25609.25;25609.5;25605;25605.25;68
20251209 142100;25605.75;25609.25;25603.75;25606.5;190
20251209 142200;25606.5;25611.5;25606.25;25610.25;105
20251209 142300;25611;25614;25608;25611;105
20251209 142400;25611.75;25612;25603.5;25603.75;130
20251209 142500;25603.25;25604.5;25592.5;25600.25;599
20251209 142600;25600.75;25607.5;25597.75;25603;591
20251209 142700;25603;25604.5;25591.5;25592.5;364
20251209 142800;25592.5;25605.25;25588.5;25603;590
20251209 142900;25604;25609.75;25594.75;25608.25;632
20251209 143000;25608.5;25620.25;25606;25618;879
20251209 143100;25618.5;25639;25597;25602.25;4743
20251209 143200;25602;25611.25;25563;25582.5;4451
20251209 143300;25583;25587.25;25569;25570.75;2367
20251209 143400;25569.75;25592;25560;25589;2670
20251209 143500;25588.75;25601;25570.75;25580.5;2588
20251209 143600;25580.25;25608.75;25575.75;25600.75;2805
20251209 143700;25601.75;25607.75;25593.5;25597;2034
20251209 143800;25596.75;25625.5;25589.25;25625;2374
20251209 143900;25625.25;25635.5;25611.25;25635.5;2226
20251209 144000;25634.5;25646.25;25633.25;25639.75;2779
20251209 144100;25640.25;25653.5;25606;25607.25;3704
20251209 144200;25607.5;25624.25;25607.5;25622.25;2079
20251209 144300;25622.25;25631.5;25616;25627;1276
20251209 144400;25626.75;25629.5;25608.5;25614.75;1195
20251209 144500;25615.25;25622.75;25608.5;25612.25;1094
20251209 144600;25613.25;25622.5;25604;25612.5;1434
20251209 144700;25611.25;25633.5;25608.5;25632.75;1341
20251209 144800;25633.25;25635;25605.5;25609.25;1279
20251209 144900;25609.25;25614.25;25596;25611.5;1696
20251209 145000;25612.75;25623;25609.25;25617;1164
20251209 145100;25618.5;25627.5;25610;25626.25;1057
20251209 145200;25626.75;25632.25;25616;25619.5;1122
20251209 145300;25620.25;25626.5;25611.25;25620.25;750
20251209 145400;25620.75;25627;25604;25604.25;981
20251209 145500;25603.75;25613.25;25599.75;25612;1348
20251209 145600;25612.25;25618.5;25600.75;25615;1253
20251209 145700;25615.5;25626;25614.5;25623;1018
20251209 145800;25623.75;25625.5;25608.25;25611.25;930
20251209 145900;25610.5;25622.25;25609.5;25619;652
20251209 150000;25619;25634.5;25619;25629.5;1085
20251209 150100;25630.5;25642;25605.5;25639;1670
20251209 150200;25638.75;25641.5;25626.75;25628.25;1269
20251209 150300;25628.75;25669;25625.75;25667.25;2606
20251209 150400;25667.25;25670;25647.5;25650;1692
20251209 150500;25651;25653;25634.25;25638;1355
20251209 150600;25638;25647.25;25624.75;25625.25;1667
20251209 150700;25625.5;25637.75;25623;25633.5;1802
20251209 150800;25633;25646.25;25633;25639.75;1129
20251209 150900;25639.75;25640;25618.25;25621.25;1344
20251209 151000;25620.5;25638;25618.5;25637.75;1187
20251209 151100;25638.25;25645;25629.5;25637.5;1030
20251209 151200;25636.5;25642;25630.5;25632.5;1786
20251209 151300;25632.5;25642.75;25632.25;25640.25;782
20251209 151400;25640.25;25650;25636.75;25639.25;1232
20251209 151500;25638.5;25643.75;25634.25;25635.5;693
20251209 151600;25636.5;25639;25624.25;25638.5;1287
20251209 151700;25638;25640.5;25631;25640;868
20251209 151800;25640;25648.5;25635;25642;898
20251209 151900;25642.5;25643.5;25631;25635;818
20251209 152000;25635;25639.5;25627;25635;799
20251209 152100;25634.5;25639.5;25628.25;25638;789
20251209 152200;25637.75;25644.25;25633.5;25634.75;790
20251209 152300;25634.75;25638;25628;25636;807
20251209 152400;25637.25;25644.25;25632.75;25640.25;649
20251209 152500;25640;25650.75;25637.5;25648.25;797
20251209 152600;25648.25;25652.25;25642.75;25651.25;895
20251209 152700;25649.75;25652.75;25645.5;25647.5;775
20251209 152800;25647;25648.5;25628.25;25635.5;1523
20251209 152900;25634.75;25645;25632.75;25645;979
20251209 153000;25645.5;25662.5;25645.5;25656.75;1801
20251209 153100;25656.75;25660.25;25648;25658.5;1300
20251209 153200;25658.75;25667.25;25655.5;25657.75;1473
20251209 153300;25658;25659.5;25637.25;25646.5;1317
20251209 153400;25646.5;25653;25641;25647;735
20251209 153500;25648.25;25658.5;25648.25;25655.5;776
20251209 153600;25655.5;25657;25641.75;25648;927
20251209 153700;25648;25654.75;25644.75;25651;600
20251209 153800;25650.5;25656;25645;25646.75;542
20251209 153900;25646.5;25650;25640;25642.25;694
20251209 154000;25642.75;25653;25640.75;25652.75;617
20251209 154100;25653;25656.25;25647;25653.5;663
20251209 154200;25652.25;25667.25;25651;25661;1345
20251209 154300;25661.25;25663.5;25655.75;25662.5;532
20251209 154400;25662.75;25677;25660;25676.5;1517
20251209 154500;25676.5;25680.75;25668.5;25680;1206
20251209 154600;25680;25683;25673.5;25674.75;1266
20251209 154700;25675.25;25676;25659;25661.75;2335
20251209 154800;25662.25;25667.25;25642.75;25643.5;1486
20251209 154900;25643.5;25648.25;25635.5;25638.75;1636
20251209 155000;25638.25;25652.5;25635.75;25652.25;1648
20251209 155100;25651.75;25670.75;25648.5;25668.75;1633
20251209 155200;25669.5;25678.25;25667;25676;1233
20251209 155300;25676.5;25679;25667;25671.75;1057
20251209 155400;25672;25674.75;25667;25671.5;714
20251209 155500;25672.25;25675.25;25667.5;25672;508
20251209 155600;25672.5;25684;25672.25;25680.25;1560
20251209 155700;25680;25680.75;25673;25675;659
20251209 155800;25675.25;25681.75;25673;25680.25;384
20251209 155900;25680.5;25682;25675.5;25680.25;468
20251209 160000;25680.75;25685.25;25679.25;25684.5;533
20251209 160100;25683.75;25691.5;25680.75;25689;1281
20251209 160200;25689;25696.25;25688.5;25694.5;1225
20251209 160300;25694.5;25703.5;25692.5;25697.5;1404
20251209 160400;25698;25698;25685.75;25688;1144
20251209 160500;25688.75;25694.5;25685.75;25690.75;600
20251209 160600;25691;25702.25;25690.25;25700;737
20251209 160700;25700;25701.25;25688;25688.75;718
20251209 160800;25689.25;25691.75;25678.25;25686;1111
20251209 160900;25686;25686.75;25681;25683.5;657
20251209 161000;25684;25688.25;25680.5;25685.75;509
20251209 161100;25685.25;25688.75;25684.25;25685.5;439
20251209 161200;25686.25;25692.25;25684.75;25690;605
20251209 161300;25689.5;25695.25;25688;25688;555
20251209 161400;25689;25692.5;25685.75;25688;431
20251209 161500;25688.25;25694;25686.25;25691.25;395
20251209 161600;25691.5;25699.25;25691.5;25697;876
20251209 161700;25697.5;25709.75;25697.25;25704.25;1764
20251209 161800;25704.25;25708;25697;25697.5;739
20251209 161900;25697.75;25701;25695.25;25699;614
20251209 162000;25699;25704.75;25699;25701.75;592
20251209 162100;25702;25703;25690;25694.5;855
20251209 162200;25694.5;25698;25691.5;25696;560
20251209 162300;25696;25700.75;25689.75;25694.25;613
20251209 162400;25694.75;25697.5;25692.75;25695.25;464
20251209 162500;25695.25;25699.5;25691;25698.5;594
20251209 162600;25699;25700.25;25696.25;25697.25;421
20251209 162700;25696.75;25698.25;25691.5;25693.75;523
20251209 162800;25693.5;25701.75;25693.25;25698.25;636
20251209 162900;25698.5;25699.75;25693;25693.5;487
20251209 163000;25693.5;25696;25688;25690;842
20251209 163100;25690.25;25698.5;25689.75;25695.25;1108
20251209 163200;25695.5;25696.25;25684;25688;1109
20251209 163300;25688.5;25695.75;25687;25695;706
20251209 163400;25695.25;25704.25;25693.75;25704.25;844
20251209 163500;25704.5;25707.5;25702.75;25707.25;905
20251209 163600;25707;25713.25;25705.5;25709;1531
20251209 163700;25708.75;25709;25701.25;25702;953
20251209 163800;25702.25;25705.25;25695.25;25700.5;1688
20251209 163900;25700.75;25701;25696.25;25697.5;508
20251209 164000;25698;25700.25;25694.75;25698.25;517
20251209 164100;25698.5;25699.75;25683.25;25684.5;999
20251209 164200;25684.25;25690.75;25682.5;25684.5;1059
20251209 164300;25684.75;25686.25;25677;25679.5;1094
20251209 164400;25679;25682.75;25674.5;25677.25;1030
20251209 164500;25678;25678.5;25668.25;25673.75;1436
20251209 164600;25673.25;25685;25673.25;25683.75;971
20251209 164700;25683.75;25684;25673.25;25675;770
20251209 164800;25675.25;25684.25;25674.25;25677;718
20251209 164900;25677.25;25693.5;25676.75;25693.25;1111
20251209 165000;25692.75;25699;25692.75;25693.75;1081
20251209 165100;25693.75;25707.5;25693.5;25706.75;1280
20251209 165200;25706.75;25710;25704;25708;939
20251209 165300;25708.75;25712.5;25702.5;25703.25;1178
20251209 165400;25703.5;25708.25;25700.5;25707;789
20251209 165500;25707;25714;25705;25712.75;825
20251209 165600;25713.25;25715.75;25709.25;25713.25;895
20251209 165700;25713.25;25716;25708;25710.5;774
20251209 165800;25710.25;25713.75;25705.5;25713.75;791
20251209 165900;25714;25714.25;25709;25712;660
20251209 170000;25713;25715;25708.75;25709;920
20251209 170100;25709;25711.75;25704.25;25708.25;752
20251209 170200;25708.25;25709.25;25700.75;25707.25;981
20251209 170300;25706.75;25717;25705.25;25715.25;962
20251209 170400;25715.75;25727.5;25715.5;25727;1327
20251209 170500;25727;25728.25;25723.75;25725;866
20251209 170600;25725.75;25732.25;25723.75;25730;1041
20251209 170700;25731;25733;25726.25;25729.25;681
20251209 170800;25729.5;25731;25721.5;25721.5;742
20251209 170900;25722;25724.25;25717.5;25722;538
20251209 171000;25722.5;25726.25;25720.75;25724;468
20251209 171100;25724.25;25725;25720;25722;538
20251209 171200;25722.25;25725.75;25721.25;25723.5;562
20251209 171300;25723.75;25724.25;25715.25;25717.25;674
20251209 171400;25717.25;25719.5;25716.25;25718.5;314
20251209 171500;25718.75;25725.75;25718.75;25720.75;425
20251209 171600;25721;25722;25716.5;25716.75;308
20251209 171700;25716.5;25720.25;25714.75;25716.5;486
20251209 171800;25716.75;25717;25712.25;25715.5;599
20251209 171900;25715.5;25716.75;25711.75;25711.75;332
20251209 172000;25711.5;25712.5;25706.5;25707;536
20251209 172100;25707;25707;25697.25;25701.75;1107
20251209 172200;25702.5;25707;25700.25;25703.25;628
20251209 172300;25703;25705;25696.75;25698.5;573
20251209 172400;25698.75;25700.5;25689.75;25700.25;954
20251209 172500;25699.75;25703.5;25696.75;25702.75;596
20251209 172600;25703;25712.25;25701.5;25710.75;906
20251209 172700;25711.5;25713.5;25702;25708.25;808
20251209 172800;25708.5;25709.5;25701.75;25707.25;503
20251209 172900;25708;25710.75;25706;25708;330
20251209 173000;25708.25;25709.25;25706;25707.25;217
20251209 173100;25707.75;25717;25707.25;25713.5;807
20251209 173200;25713.5;25714.75;25707.75;25713.25;641
20251209 173300;25713.5;25714.75;25704.5;25704.75;563
20251209 173400;25704.75;25711;25703.25;25706.75;604
20251209 173500;25707;25707.75;25701.25;25704.5;651
20251209 173600;25704.25;25706.75;25701;25704.5;533
20251209 173700;25704.5;25705.25;25694.75;25696.75;1004
20251209 173800;25696.75;25704.25;25693.75;25704.25;666
20251209 173900;25704.25;25710.5;25701.25;25708.5;693
20251209 174000;25709;25714.25;25708.25;25710.5;918
20251209 174100;25710.5;25715.75;25708;25708.5;472
20251209 174200;25708.25;25708.75;25704.25;25705.25;492
20251209 174300;25705.75;25708;25698.25;25699;542
20251209 174400;25698.5;25706;25697;25702.25;660
20251209 174500;25702.5;25705.25;25699.5;25703.25;319
20251209 174600;25703;25704.25;25698.5;25700;469
20251209 174700;25699.5;25700.75;25695.5;25697.5;634
20251209 174800;25697;25702.25;25694.5;25699.25;537
20251209 174900;25699.5;25702;25696.25;25696.75;422
20251209 175000;25696.25;25697.5;25689.25;25692;733
20251209 175100;25691.75;25701;25690.25;25700.75;741
20251209 175200;25700.75;25705.5;25700.75;25702.75;565
20251209 175300;25703;25703;25697.25;25699;533
20251209 175400;25699;25707.5;25699;25706.75;577
20251209 175500;25707;25708.25;25700.5;25707.5;484
20251209 175600;25707.25;25711;25703.5;25706;737
20251209 175700;25706;25707;25698;25701.25;763
20251209 175800;25701;25709;25699;25705.75;413
20251209 175900;25706;25714.75;25705.5;25712.75;682
20251209 180000;25712.75;25718.75;25712.75;25717.75;636
20251209 180100;25716.75;25718.25;25710;25716;657
20251209 180200;25716.5;25717.5;25710.25;25714;466
20251209 180300;25713.25;25721.75;25713.25;25719.75;668
20251209 180400;25720.25;25724.75;25718.25;25723.75;717
20251209 180500;25723.75;25728;25720.25;25721.75;641
20251209 180600;25722;25723.75;25719.75;25722;405
20251209 180700;25721.75;25722.25;25717.25;25718;486
20251209 180800;25717.75;25723.25;25716.5;25717.75;642
20251209 180900;25718;25719.75;25713.25;25716.5;533
20251209 181000;25716.75;25718;25713.75;25714.25;377
20251209 181100;25715.25;25715.25;25710;25711.5;517
20251209 181200;25711.75;25712;25703.75;25705.75;606
20251209 181300;25705;25715.5;25704.5;25715.5;550
20251209 181400;25715.5;25719.25;25712.25;25713.25;486
20251209 181500;25713.25;25718.25;25713;25717.5;337
20251209 181600;25717.25;25722.5;25717;25721;536
20251209 181700;25721;25723.25;25717.25;25720;457
20251209 181800;25720;25728;25717.25;25727;813
20251209 181900;25727;25732.25;25724;25725;1210
20251209 182000;25724.75;25728.75;25721.5;25727.5;740
20251209 182100;25728;25728;25722;25724.5;463
20251209 182200;25724.75;25725;25718.75;25718.75;464
20251209 182300;25719.75;25722.5;25717;25717.75;421
20251209 182400;25717.75;25720.5;25715.5;25717.25;589
20251209 182500;25717;25724.25;25716;25722.75;470
20251209 182600;25723.5;25724.5;25718.5;25721.75;393
20251209 182700;25722;25723;25716.5;25718.75;369
20251209 182800;25718.5;25725.5;25717;25723.5;376
20251209 182900;25724;25730.75;25723;25730.75;668
20251209 183000;25730.25;25731.25;25725;25725.75;522
20251209 183100;25726.25;25728.5;25723.5;25727.5;586
20251209 183200;25728;25730;25724.5;25727.25;368
20251209 183300;25727.25;25728.5;25724.75;25725.75;281
20251209 183400;25725.5;25728;25723;25723.5;318
20251209 183500;25723.25;25725.25;25719.5;25720.25;529
20251209 183600;25720;25720.25;25713.25;25714.5;618
20251209 183700;25713.75;25715.5;25712.75;25713.75;352
20251209 183800;25713.75;25716;25710.25;25715.5;603
20251209 183900;25715.75;25719.5;25713;25713.25;399
20251209 184000;25713.25;25713.25;25706.5;25713.25;689
20251209 184100;25713.5;25715.75;25711.25;25714;453
20251209 184200;25713.75;25716;25707;25707.5;399
20251209 184300;25707;25712;25705.25;25711.75;445
20251209 184400;25711.25;25713;25702.75;25707.5;542
20251209 184500;25707.75;25708.75;25702.5;25703.5;1157
20251209 184600;25704;25705;25690.75;25692;1421
20251209 184700;25692;25697.5;25691.25;25693;567
20251209 184800;25693.25;25699;25691.75;25694.25;606
20251209 184900;25694.5;25711.75;25694.5;25711.5;1149
20251209 185000;25711.5;25717.75;25711.5;25714.5;1000
20251209 185100;25714.25;25717.25;25710;25714.75;771
20251209 185200;25714.5;25720.5;25711.75;25717.75;788
20251209 185300;25717.5;25724.25;25715.5;25724;674
20251209 185400;25724.25;25735;25722.5;25732.5;1421
20251209 185500;25732.5;25735.75;25729.5;25731.25;1010
20251209 185600;25731.25;25733;25723;25727.25;1831
20251209 185700;25727.75;25734.75;25725.5;25733.75;688
20251209 185800;25734;25734.25;25729.25;25730.75;606
20251209 185900;25730.75;25732.5;25725.25;25727;578
20251209 190000;25726.75;25728;25721.25;25721.75;891
20251209 190100;25721.75;25724.25;25718;25719;579
20251209 190200;25718.25;25719.75;25713.25;25714.25;613
20251209 190300;25715;25716;25707.5;25712.25;1605
20251209 190400;25712;25716.5;25707.25;25714.25;574
20251209 190500;25714;25715.75;25709.75;25712.5;368
20251209 190600;25712.75;25716;25710;25710.25;367
20251209 190700;25711;25712.5;25706;25709;631
20251209 190800;25708.5;25710.75;25701.5;25702.75;868
20251209 190900;25702.5;25707.5;25698.75;25705.5;1805
20251209 191000;25705;25709.75;25702.5;25707.75;396
20251209 191100;25707.75;25713;25699.25;25704.75;1593
20251209 191200;25704.75;25705.25;25700.75;25703.5;446
20251209 191300;25703.25;25703.75;25699.25;25699.75;301
20251209 191400;25699.25;25703;25697.5;25699.25;534
20251209 191500;25699.75;25704.75;25699.25;25704.5;304
20251209 191600;25705;25707.25;25701;25705.75;493
20251209 191700;25705.75;25707;25701.5;25703.5;353
20251209 191800;25703;25707.5;25701.25;25705.75;283
20251209 191900;25705.75;25715;25704;25715;645
20251209 192000;25714.75;25716.75;25710.25;25712.5;515
20251209 192100;25712.5;25717.25;25712.25;25716.5;476
20251209 192200;25716.5;25717.25;25712.5;25712.5;309
20251209 192300;25712.5;25714;25707.25;25710.5;433
20251209 192400;25710.25;25713.25;25708.75;25712;550
20251209 192500;25713;25713.5;25710;25710.25;166
20251209 192600;25710.5;25715;25709.75;25715;290
20251209 192700;25715.25;25716.5;25711;25711;330
20251209 192800;25711.25;25713;25709.25;25711.25;374
20251209 192900;25711.5;25713.25;25709.5;25711.75;189
20251209 193000;25712;25712;25708.25;25711;230
20251209 193100;25711;25712.75;25707;25711.5;431
20251209 193200;25711.25;25713.5;25707;25711.25;416
20251209 193300;25712.5;25717;25711.75;25714.25;457
20251209 193400;25714.5;25715.75;25709.25;25711.25;444
20251209 193500;25711.5;25712.25;25709.25;25709.75;228
20251209 193600;25709.25;25710.5;25704.5;25705;413
20251209 193700;25705.25;25705.25;25700;25701.75;695
20251209 193800;25702;25708.5;25701.25;25703.75;392
20251209 193900;25703.25;25705.25;25700.75;25704.5;366
20251209 194000;25704.5;25708.25;25702.75;25703.25;306
20251209 194100;25703.5;25705;25701.75;25703.5;303
20251209 194200;25703.25;25703.25;25697.25;25697.5;401
20251209 194300;25698.25;25700.25;25694.5;25696.75;464
20251209 194400;25696.75;25701.5;25696.75;25697.25;293
20251209 194500;25697.5;25698;25683;25691.75;1242
20251209 194600;25691.75;25693.5;25688;25690.75;559
20251209 194700;25691;25698.25;25690;25694.75;562
20251209 194800;25695.5;25697.25;25689.25;25691;423
20251209 194900;25691;25696;25690.25;25694.25;306
20251209 195000;25694;25698;25694;25695.75;362
20251209 195100;25695.5;25703.5;25695.5;25701.75;763
20251209 195200;25702.25;25705.25;25700.5;25704;483
20251209 195300;25703.75;25705.5;25698.25;25698.25;451
20251209 195400;25698.5;25706;25697.5;25704.75;402
20251209 195500;25704.75;25707;25702.5;25703.25;549
20251209 195600;25703;25707.75;25701.75;25707;402
20251209 195700;25707;25708;25702.75;25705;350
20251209 195800;25704.5;25706.25;25698.75;25701;378
20251209 195900;25700.75;25705.25;25699.75;25705.25;271
20251209 200000;25705.25;25707;25701.75;25702.5;337
20251209 200100;25701.75;25703.5;25698.5;25699.75;444
20251209 200200;25699.75;25700.25;25695.75;25699;450
20251209 200300;25699;25705;25697.75;25705;381
20251209 200400;25704.5;25705.75;25701;25703;351
20251209 200500;25703.25;25706.25;25703.25;25703.75;240
20251209 200600;25704;25706;25700;25705.25;397
20251209 200700;25705;25705.5;25701.5;25703;297
20251209 200800;25703.5;25710.75;25702.5;25708.75;593
20251209 200900;25709;25713.25;25708.5;25709;639
20251209 201000;25708.75;25709.5;25705.25;25706.75;345
20251209 201100;25706.75;25709;25704.25;25704.75;545
20251209 201200;25705;25706.5;25703.25;25703.5;255
20251209 201300;25703.5;25707;25702.25;25705.75;392
20251209 201400;25706;25706;25700.5;25701;332
20251209 201500;25701.25;25703.25;25700;25701.25;358
20251209 201600;25701;25701.75;25697.5;25701.25;499
20251209 201700;25701.5;25703.25;25699;25699.5;310
20251209 201800;25699.25;25704;25696.75;25703.25;386
20251209 201900;25703.5;25704.5;25700.25;25703.75;366
20251209 202000;25703.75;25704.5;25701.25;25703;186
20251209 202100;25702.75;25709.25;25702.75;25706;497
20251209 202200;25706;25707;25701.75;25703.75;321
20251209 202300;25704.25;25706;25702.5;25704.25;295
20251209 202400;25704.5;25706;25701;25701.75;303
20251209 202500;25701.75;25703.25;25701;25701.5;250
20251209 202600;25701;25701.75;25698.25;25699.25;414
20251209 202700;25699.75;25701.75;25697.25;25697.5;318
20251209 202800;25697;25699.5;25693.75;25699;443
20251209 202900;25699.75;25702;25698.5;25700.5;332
20251209 203000;25700.5;25701;25696.5;25697;304
20251209 203100;25696.75;25701.5;25694.75;25699.25;585
20251209 203200;25699.5;25702;25696.5;25697;428
20251209 203300;25696.25;25698.75;25695;25697;339
20251209 203400;25697.25;25699.25;25694.25;25694.5;496
20251209 203500;25694.25;25694.75;25688;25691;758
20251209 203600;25690.5;25694;25687.5;25693.25;564
20251209 203700;25692.75;25700.25;25692.75;25700.25;518
20251209 203800;25700;25701.5;25697;25699;342
20251209 203900;25698.75;25700.75;25697.75;25698;205
20251209 204000;25698;25703.5;25696.75;25701.25;468
20251209 204100;25701;25706;25699.75;25702.25;498
20251209 204200;25702.25;25703.25;25695.75;25696;422
20251209 204300;25695.5;25701.5;25695.25;25700.75;469
20251209 204400;25700.75;25702.25;25698.75;25699;201
20251209 204500;25699.25;25706.75;25699.25;25706.25;353
20251209 204600;25706;25709;25705.25;25706.25;619
20251209 204700;25706.25;25706.25;25701.5;25703.75;458
20251209 204800;25703.5;25704;25699;25703;432
20251209 204900;25703.25;25708.25;25702.5;25708.25;355
20251209 205000;25708.5;25709.75;25706;25707.5;438
20251209 205100;25707.75;25722;25707.25;25715.25;1651
20251209 205200;25715.25;25720.5;25712;25715;951
20251209 205300;25715.75;25715.75;25707;25707.25;775
20251209 205400;25707.75;25712.5;25698.5;25698.5;813
20251209 205500;25699;25707.25;25690.75;25695.5;2231
20251209 205600;25695;25701;25691;25699.5;1781
20251209 205700;25699.5;25712.25;25696.75;25699;1490
20251209 205800;25698.75;25699.5;25693;25697.25;773
20251209 205900;25697.5;25698;25689.25;25690.75;1282
20251209 210000;25690.5;25704.75;25683.75;25703.25;5580
20251209 210100;25703;25703.75;25692.25;25694.25;1953
20251209 210200;25694.75;25694.75;25686.75;25687;846
20251209 210300;25687;25693.5;25686.25;25690.25;814
20251209 210400;25690.25;25692.25;25687.5;25688.75;365
20251209 210500;25688.5;25689.75;25685.5;25689.25;429
20251209 210600;25689.25;25692;25687;25691.5;291
20251209 210700;25691.25;25691.5;25685.5;25686.25;393
20251209 210800;25686;25687.25;25685.25;25686.25;196
20251209 210900;25686.25;25688;25685;25685.25;306
20251209 211000;25685.75;25688.5;25684.25;25684.5;200
20251209 211100;25684.75;25687.5;25682.75;25687.25;271
20251209 211200;25687.25;25690.75;25686.75;25690.25;174
20251209 211300;25690.5;25690.5;25687.5;25687.75;94
20251209 211400;25687.25;25687.25;25681.75;25681.75;207
20251209 211500;25681.75;25686;25681.5;25684.5;168
20251209 211600;25684.25;25684.25;25681.75;25683.75;101
20251209 211700;25683.25;25684.5;25682;25682;160
20251209 211800;25682.25;25682.25;25676.75;25678.75;224
20251209 211900;25678.5;25678.5;25677;25677.75;75
20251209 212000;25678.5;25680.5;25678.25;25679.5;105
20251209 212100;25679;25684.25;25678.5;25682;169
20251209 212200;25681.75;25686.25;25681.75;25684.5;80
20251209 212300;25684.75;25684.75;25682.5;25683.5;70
20251209 212400;25683.5;25686.25;25682.75;25683.75;114
20251209 212500;25684.5;25686;25681.75;25681.75;68
20251209 212600;25682.5;25682.75;25678.25;25678.5;86
20251209 212700;25678.75;25682.25;25675;25681.75;159
20251209 212800;25681.5;25682;25679.75;25681.5;68
20251209 212900;25681;25681.5;25679.75;25679.75;43
20251209 213000;25679.5;25681.25;25678.5;25680.75;42
20251209 213100;25680.25;25681.25;25679.5;25680.75;59
20251209 213200;25681.5;25682.75;25680;25680.75;57
20251209 213300;25680.25;25680.5;25678;25679.25;50
20251209 213400;25679.75;25681.25;25679.75;25680.5;37
20251209 213500;25680.75;25681.25;25679.25;25680.75;41
20251209 213600;25680.25;25681;25676.5;25680.75;134
20251209 213700;25680.75;25683.25;25680.75;25681.75;59
20251209 213800;25681.25;25682;25680.5;25681.5;63
20251209 213900;25681.75;25681.75;25679.75;25679.75;26
20251209 214000;25679.25;25680.5;25677.5;25680.25;56
20251209 214100;25680.25;25685.25;25680.25;25684.75;111
20251209 214200;25684.5;25685.75;25683.75;25683.75;91
20251209 214300;25683.25;25683.5;25680.25;25680.25;34
20251209 214400;25680.25;25680.75;25679.75;25680.75;21
20251209 214500;25680.25;25681;25679;25679;28
20251209 214600;25679;25680.25;25678.75;25679.5;81
20251209 214700;25680;25680.75;25678.75;25679.75;44
20251209 214800;25679.25;25680.5;25679;25680.25;28
20251209 214900;25680.25;25680.5;25677;25677.75;58
20251209 215000;25677.5;25681;25677.5;25680.75;61
20251209 215100;25680.25;25683.25;25680.25;25681.5;101
20251209 215200;25681.25;25681.75;25677.25;25677.25;53
20251209 215300;25677;25678;25676;25676;65
20251209 215400;25676.5;25676.75;25675;25675;37
20251209 215500;25675.25;25676.75;25675;25676.75;59
20251209 215600;25676.5;25677.5;25674.75;25676.75;87
20251209 215700;25676.25;25678.75;25676.25;25677.75;29
20251209 215800;25677.5;25679;25677.25;25678;76
20251209 215900;25677.5;25680.5;25677.5;25679;154
20251209 220000;25679.5;25682;25676.25;25676.25;215
20251209 230100;25680;25691.5;25678.5;25684;294
20251209 230200;25682.5;25685.5;25678.25;25682.5;212
20251209 230300;25682.75;25684;25677.75;25682.5;131
20251209 230400;25682.5;25684.5;25681.25;25683.5;74
20251209 230500;25683.5;25685.25;25681.5;25683;43
20251209 230600;25684.25;25684.75;25682;25683.25;71
20251209 230700;25682;25685.75;25682;25682.25;56
20251209 230800;25681.5;25682.25;25680;25681.5;57
20251209 230900;25681.75;25682;25677.25;25678.75;138
20251209 231000;25678.75;25680.25;25676.5;25679.5;83
20251209 231100;25679.75;25681.25;25678.75;25678.75;42
20251209 231200;25678.75;25678.75;25677.5;25678;24
20251209 231300;25677.5;25679.75;25673.75;25679;93
20251209 231400;25677.75;25679;25677;25678;11
20251209 231500;25677;25678.5;25676.5;25676.75;9
20251209 231600;25677.75;25679;25674;25675;58
20251209 231700;25675.75;25676;25670.75;25675;136
20251209 231800;25675;25676.25;25673.5;25675.75;43
20251209 231900;25676.25;25677.5;25672.75;25672.75;54
20251209 232000;25673.5;25675;25671.5;25674.5;35
20251209 232100;25674;25676;25673;25673.5;48
20251209 232200;25673.75;25675;25672.5;25672.5;34
20251209 232300;25672;25673.25;25670.75;25673.25;42
20251209 232400;25673;25673.5;25671.5;25672.75;25
20251209 232500;25672.25;25675.5;25672.25;25673.5;57
20251209 232600;25673.5;25676.25;25672.75;25675.75;46
20251209 232700;25675.75;25677;25674.5;25676;69
20251209 232800;25676.25;25677.25;25675.25;25676.25;17
20251209 232900;25677;25678;25675.75;25675.75;61
20251209 233000;25677;25678.25;25676;25677.75;42
20251209 233100;25676;25676.75;25674;25676.25;45
20251209 233200;25676;25676.5;25675;25676.25;17
20251209 233300;25675.25;25675.5;25674.75;25675;14
20251209 233400;25675.25;25676.5;25674.5;25675.5;18
20251209 233500;25675.25;25675.25;25674.25;25674.75;9
20251209 233600;25675.25;25675.25;25672;25672.5;55
20251209 233700;25672.75;25677;25672.75;25676.75;39
20251209 233800;25677;25677.75;25675.5;25677.25;30
20251209 233900;25677.75;25677.75;25676.25;25676.25;22
20251209 234000;25676.25;25677.25;25676.25;25676.75;12
20251209 234100;25677.5;25678.75;25677;25678.75;25
20251209 234200;25679.25;25680.25;25677.75;25678.75;74
20251209 234300;25679;25680;25675.5;25676.5;39
20251209 234400;25676.75;25677.25;25675.25;25676.25;33
20251209 234500;25676.75;25679;25675.25;25679;25
20251209 234600;25679;25680.25;25677.25;25677.75;51
20251209 234700;25677.25;25678;25676.25;25677.25;25
20251209 234800;25677.5;25678.75;25677.5;25678.5;22
20251209 234900;25678;25679.25;25677.25;25677.5;41
20251209 235000;25677.5;25680;25676.75;25680;31
20251209 235100;25679;25681.5;25676;25677.25;49
20251209 235200;25677.25;25677.25;25674;25674;20
20251209 235300;25674.5;25675;25672;25674;31
20251209 235400;25673;25673.25;25669.5;25670.5;100
20251209 235500;25670.5;25674;25670.5;25673.25;33
20251209 235600;25673.5;25673.75;25671.25;25672;32
20251209 235700;25671;25673;25670.25;25673;28
20251209 235800;25672.25;25672.25;25671.5;25672.25;11
20251209 235900;25671;25672.75;25671;25672.75;7
20251210 000000;25673;25673.5;25671.5;25671.5;17
20251210 000100;25671.75;25672.5;25668.5;25669;96
20251210 000200;25668.75;25672;25668.75;25671.5;49
20251210 000300;25672;25674.75;25671.75;25672;49
20251210 000400;25673;25674.75;25672;25673;43
20251210 000500;25673.5;25674.75;25672.5;25674.75;16
20251210 000600;25674.75;25675.75;25673.5;25674.75;42
20251210 000700;25675.25;25682.5;25675.25;25680.75;110
20251210 000800;25681.75;25688;25680.75;25685.75;165
20251210 000900;25685.5;25688.25;25684.25;25685.75;83
20251210 001000;25686.25;25687.75;25685.75;25687;46
20251210 001100;25686.75;25688;25686;25687.5;59
20251210 001200;25686.5;25688.25;25686.25;25687.25;60
20251210 001300;25687.25;25693;25686;25692.5;159
20251210 001400;25692.5;25693.75;25688.5;25688.5;97
20251210 001500;25688.5;25690;25684.75;25686.75;99
20251210 001600;25685;25686;25680.25;25682.5;173
20251210 001700;25683;25683.5;25678.5;25679.25;89
20251210 001800;25679;25679.5;25670.5;25675.5;167
20251210 001900;25676;25677.25;25674;25674.75;93
20251210 002000;25673.5;25675.5;25670.75;25672;45
20251210 002100;25670.5;25673.5;25668.75;25671.25;45
20251210 002200;25670.5;25673;25669.75;25673;39
20251210 002300;25673.25;25676.75;25672.5;25674.25;44
20251210 002400;25673.75;25673.75;25670.25;25670.25;37
20251210 002500;25670;25670;25661.25;25665.25;302
20251210 002600;25666.25;25671.75;25666.25;25670.25;90
20251210 002700;25671;25674;25671;25673;55
20251210 002800;25672.75;25672.75;25669.75;25670.25;47
20251210 002900;25670.25;25672.25;25670.25;25671.25;20
20251210 003000;25670;25672;25670;25672;19
20251210 003100;25672;25674.25;25671;25671.25;35
20251210 003200;25670.75;25677.25;25670.75;25673.75;115
20251210 003300;25674.75;25675.25;25673.75;25675.25;11
20251210 003400;25674.5;25675;25672.5;25672.5;21
20251210 003500;25672.75;25673.5;25670.5;25673.5;24
20251210 003600;25673.5;25675.5;25673.5;25675;23
20251210 003700;25675;25675.25;25673;25674;21
20251210 003800;25673.75;25674;25672.5;25673.75;21
20251210 003900;25672.75;25674.75;25672.75;25674.5;12
20251210 004000;25675;25675;25670;25670;71
20251210 004100;25670.75;25671.5;25667.75;25668.75;86
20251210 004200;25668.5;25671;25667;25670.25;43
20251210 004300;25669.5;25669.5;25666.75;25669;50
20251210 004400;25670;25670;25668.75;25670;10
20251210 004500;25668.75;25670.5;25668.5;25669.5;11
20251210 004600;25669.25;25669.25;25665.25;25665.5;50
20251210 004700;25665.75;25666;25657.5;25657.5;224
20251210 004800;25658.25;25661.75;25658;25660.75;50
20251210 004900;25660.25;25663.25;25660;25660;40
20251210 005000;25660;25661;25659;25660;23
20251210 005100;25659.75;25660;25655.25;25657;96
20251210 005200;25658;25662.5;25657.5;25660.75;55
20251210 005300;25660.75;25661.75;25660;25660.25;12
20251210 005400;25660.5;25660.5;25656;25657;53
20251210 005500;25657;25657.75;25655.5;25656.75;21
20251210 005600;25656;25656.25;25652.75;25655.5;99
20251210 005700;25654.5;25658;25654.5;25656.25;28
20251210 005800;25656.25;25657.25;25656;25657;12
20251210 005900;25657.25;25659;25657;25657.75;29
20251210 010000;25657.25;25657.25;25650.5;25651.25;78
20251210 010100;25650.5;25659.25;25650.25;25656.5;122
20251210 010200;25655.25;25657.75;25652.75;25657.75;60
20251210 010300;25656.75;25662.75;25656.75;25662;109
20251210 010400;25662;25664.5;25660.5;25662.5;76
20251210 010500;25662.25;25662.75;25659.5;25662;43
20251210 010600;25662;25662.25;25659.75;25660.75;40
20251210 010700;25661.5;25662;25659.5;25659.5;35
20251210 010800;25659;25659;25652.25;25652.75;144
20251210 010900;25652.25;25653.5;25642.75;25645.5;280
20251210 011000;25645;25647.75;25640.5;25641.5;110
20251210 011100;25642.5;25644.5;25639.25;25642.5;104
20251210 011200;25644.25;25649.5;25644;25647.75;84
20251210 011300;25648;25650.25;25645.25;25649.25;79
20251210 011400;25648.75;25649;25643.75;25646.25;54
20251210 011500;25646.5;25650.25;25646;25650.25;40
20251210 011600;25650.25;25651;25647;25647;52
20251210 011700;25648;25649.25;25645.75;25649.25;60
20251210 011800;25649;25652.75;25647.5;25652;167
20251210 011900;25652.25;25654.25;25648.25;25651;139
20251210 012000;25650;25651.5;25647;25647.5;40
20251210 012100;25647;25650;25646.25;25649.25;46
20251210 012200;25649;25651;25647.5;25649;50
20251210 012300;25649;25651.75;25646.75;25647;61
20251210 012400;25649.25;25650.25;25645.75;25645.75;46
20251210 012500;25646.75;25648;25646;25646.25;28
20251210 012600;25645.5;25648.5;25643.75;25648.5;44
20251210 012700;25647.75;25650.5;25647;25648.5;32
20251210 012800;25648.25;25651.75;25647.5;25651.5;42
20251210 012900;25652;25653.25;25649.25;25652.75;29
20251210 013000;25651.5;25655.25;25650.5;25654.5;47
20251210 013100;25653.25;25656.5;25650.75;25651.5;99
20251210 013200;25650.5;25651;25647.25;25649.25;60
20251210 013300;25648.25;25649.75;25645.75;25648.25;59
20251210 013400;25646;25648.25;25645.25;25646.5;22
20251210 013500;25646.75;25648.25;25645;25647.25;28
20251210 013600;25646.25;25652;25646.25;25652;56
20251210 013700;25651;25657.25;25650.75;25654.5;102
20251210 013800;25653.75;25653.75;25652;25652;33
20251210 013900;25652.25;25652.5;25650.25;25651.5;37
20251210 014000;25651.5;25655.25;25651.5;25654.75;34
20251210 014100;25654;25654.75;25652.75;25654.25;15
20251210 014200;25654;25655.75;25652.75;25654.25;21
20251210 014300;25652.25;25653.75;25650.75;25652.5;48
20251210 014400;25652.5;25654.25;25651;25654.25;60
20251210 014500;25653.5;25657;25653;25655.5;61
20251210 014600;25655.75;25658.75;25655.25;25657.5;51
20251210 014700;25657.25;25658.5;25655.25;25656.5;44
20251210 014800;25656;25660;25655;25657.5;372
20251210 014900;25657;25657;25653.75;25655.25;34
20251210 015000;25656.5;25657.75;25655;25655.75;20
20251210 015100;25655;25656.25;25654.25;25654.25;45
20251210 015200;25654.25;25655.5;25652.25;25655.5;53
20251210 015300;25655.25;25655.5;25653;25654.5;30
20251210 015400;25654.25;25656.5;25654;25655.25;22
20251210 015500;25655;25655;25653.75;25654;11
20251210 015600;25653.75;25654;25652;25653;43
20251210 015700;25652.75;25656.5;25652.75;25655.5;22
20251210 015800;25655;25656.25;25654.75;25656.25;32
20251210 015900;25655.75;25657.75;25655.75;25656.75;30
20251210 020000;25656.5;25656.75;25656;25656.25;8
20251210 020100;25656;25660;25655.25;25659.5;182
20251210 020200;25659;25660;25657;25659;55
20251210 020300;25658.25;25660;25657.75;25659.5;131
20251210 020400;25658.75;25659;25656.75;25657;25
20251210 020500;25657.75;25658;25655;25655.5;33
20251210 020600;25655.75;25659;25655.5;25657.75;69
20251210 020700;25657.75;25658.5;25657.5;25658.5;6
20251210 020800;25659;25662.5;25658.25;25659.75;96
20251210 020900;25660;25660;25657.25;25658;20
20251210 021000;25659;25660.75;25657.75;25660.25;13
20251210 021100;25660;25661.5;25659.75;25659.75;19
20251210 021200;25660.75;25663.75;25659.75;25660.5;51
20251210 021300;25660.75;25661.75;25659.5;25660;26
20251210 021400;25661;25661.75;25659.25;25661.75;16
20251210 021500;25661.75;25661.75;25660.75;25661;7
20251210 021600;25661.25;25661.25;25659.75;25661;17
20251210 021700;25661.25;25661.25;25657.75;25658.75;44
20251210 021800;25658;25660.75;25658;25660;30
20251210 021900;25660.25;25666.25;25660.25;25665.75;97
20251210 022000;25666.75;25669.5;25665;25669;65
20251210 022100;25669.75;25673;25668.5;25671.5;112
20251210 022200;25672.25;25673.25;25670.75;25671.25;35
20251210 022300;25671.5;25672.25;25670.25;25671;25
20251210 022400;25670.75;25671.75;25669.75;25670.5;31
20251210 022500;25670.75;25672;25669.75;25669.75;24
20251210 022600;25669.75;25671;25669.75;25670.75;17
20251210 022700;25670.25;25670.75;25667;25669;61
20251210 022800;25668.25;25671;25667.75;25670.5;42
20251210 022900;25671;25673.25;25670.25;25671.5;78
20251210 023000;25671;25671.25;25668.25;25668.25;31
20251210 023100;25669.25;25673.5;25667.5;25671.5;78
20251210 023200;25671.5;25673.25;25671;25672.75;37
20251210 023300;25672.25;25673;25669.5;25670;30
20251210 023400;25670;25672.5;25669;25671;45
20251210 023500;25671;25672.5;25671;25672.25;13
20251210 023600;25673;25679;25672.5;25676.5;105
20251210 023700;25676.25;25677.25;25674.75;25674.75;44
20251210 023800;25674.5;25676.25;25673.25;25674.25;28
20251210 023900;25673.75;25673.75;25671.75;25671.75;27
20251210 024000;25672.75;25674.75;25672.5;25673.5;15
20251210 024100;25674.25;25674.25;25671.75;25672.75;26
20251210 024200;25672.75;25675;25672.75;25674;36
20251210 024300;25675.25;25675.25;25672.5;25672.5;9
20251210 024400;25673;25674.25;25672.75;25672.75;11
20251210 024500;25672.75;25673.25;25670.75;25671.25;23
20251210 024600;25671;25672.5;25669.5;25670.25;52
20251210 024700;25671;25673.25;25670.5;25672.75;24
20251210 024800;25672.25;25675.25;25671.75;25673.75;30
20251210 024900;25673.5;25674;25672.75;25673.5;16
20251210 025000;25674;25674;25671.75;25672.25;9
20251210 025100;25672.25;25673.5;25672.25;25673.5;8
20251210 025200;25673;25678;25673;25676.25;52
20251210 025300;25676.75;25677.25;25674.75;25676;25
20251210 025400;25674.25;25676;25674.25;25675.25;14
20251210 025500;25675.25;25675.25;25672.5;25673.5;20
20251210 025600;25673;25673;25671.5;25671.5;25
20251210 025700;25672.25;25674.75;25670.5;25673;46
20251210 025800;25675.25;25675.25;25672.5;25674;26
20251210 025900;25674.25;25674.25;25673;25673;7
20251210 030000;25674.25;25674.25;25673.5;25674.25;6
20251210 030100;25673.5;25681.75;25673.5;25679.75;95
20251210 030200;25679.5;25681.75;25678;25678.75;44
20251210 030300;25679.5;25680;25677;25679.25;19
20251210 030400;25679;25680;25678.25;25680;26
20251210 030500;25680;25680.5;25677;25680.25;34
20251210 030600;25681;25681.75;25679.75;25681.25;25
20251210 030700;25679.75;25680;25676.5;25678.75;45
20251210 030800;25679.75;25681;25678.75;25679.75;16
20251210 030900;25680.5;25682;25680.5;25682;32
20251210 031000;25682.25;25686.5;25682.25;25684.25;90
20251210 031100;25683.75;25685;25682;25682.25;71
20251210 031200;25682.75;25683.5;25680.25;25680.25;53
20251210 031300;25680.5;25681.75;25678;25678;42
20251210 031400;25678.75;25680;25678.25;25679.25;21
20251210 031500;25678.5;25679.25;25676.75;25676.75;30
20251210 031600;25677.25;25677.75;25672.5;25673.75;78
20251210 031700;25674;25674.25;25672.5;25673;11
20251210 031800;25674;25674.25;25671.5;25672.25;20
20251210 031900;25672;25672.25;25668;25668.5;84
20251210 032000;25669;25670.5;25667.5;25667.5;48
20251210 032100;25667.25;25671.5;25666.5;25670.5;88
20251210 032200;25669.5;25672.5;25669.5;25671.25;26
20251210 032300;25671;25672.5;25668.5;25669.5;55
20251210 032400;25669;25671;25669;25670.75;18
20251210 032500;25671;25671.5;25669.75;25670;14
20251210 032600;25669.75;25670;25667.5;25667.5;18
20251210 032700;25667.75;25669.25;25665.5;25667.5;74
20251210 032800;25667.5;25668.5;25666.75;25667;19
20251210 032900;25667;25668.5;25666.75;25668.5;18
20251210 033000;25668;25669;25667.75;25667.75;10
20251210 033100;25667.5;25668;25665.5;25665.5;27
20251210 033200;25667;25669.75;25667;25669.5;27
20251210 033300;25669.5;25670;25666.75;25666.75;18
20251210 033400;25667.25;25667.25;25662.75;25665.5;70
20251210 033500;25667;25667.5;25665.25;25667;32
20251210 033600;25667.25;25669;25666.75;25669;12
20251210 033700;25668.75;25674.75;25668.75;25672;86
20251210 033800;25671.5;25672.75;25671.25;25672.25;24
20251210 033900;25672;25672.5;25670.5;25672;21
20251210 034000;25671.75;25673;25670.75;25672.25;11
20251210 034100;25671.25;25672.5;25669.25;25672.5;34
20251210 034200;25673.75;25673.75;25670.75;25672.25;22
20251210 034300;25672.25;25673.25;25671.25;25671.25;31
20251210 034400;25672.75;25672.75;25671;25671.75;9
20251210 034500;25671;25672.5;25668;25668;35
20251210 034600;25670.25;25670.25;25666.25;25668.5;32
20251210 034700;25666.25;25667.75;25666.25;25667.5;16
20251210 034800;25668.75;25671.5;25668.75;25671;24
20251210 034900;25670;25670;25668.5;25669.5;6
20251210 035000;25669.25;25670.5;25668.5;25668.5;7
20251210 035100;25668;25668;25666.75;25667.75;11
20251210 035200;25667;25668.75;25665.75;25666;26
20251210 035300;25665.5;25666.75;25664;25665.75;33
20251210 035400;25665.25;25667.5;25665.25;25667.25;16
20251210 035500;25668;25668.25;25666.5;25667.25;9
20251210 035600;25666.5;25670;25666.5;25670;24
20251210 035700;25669.25;25673;25669.25;25673;28
20251210 035800;25673.25;25674.25;25672.75;25673.5;40
20251210 035900;25674;25674.25;25672;25673.75;15
20251210 040000;25673.5;25675;25672.5;25673.75;34
20251210 040100;25674;25677.25;25674;25675;53
20251210 040200;25676;25677.5;25674.5;25676.5;21
20251210 040300;25675.5;25675.5;25674.5;25675.25;11
20251210 040400;25676.25;25679.75;25676.25;25679.25;58
20251210 040500;25679.5;25681;25678.25;25680.5;36
20251210 040600;25680.5;25681.25;25678.25;25680.5;38
20251210 040700;25681;25683.25;25680;25682.75;67
20251210 040800;25682.5;25683.25;25680.75;25682;23
20251210 040900;25682.75;25683.25;25681;25681.75;19
20251210 041000;25680.75;25683;25679;25683;44
20251210 041100;25683.25;25684.75;25681.5;25683.75;58
20251210 041200;25683.75;25685.5;25682.25;25682.25;69
20251210 041300;25682.25;25682.75;25681.5;25682;20
20251210 041400;25681.25;25683;25681.25;25682.5;22
20251210 041500;25682;25683;25681;25681.75;34
20251210 041600;25682.25;25682.25;25680.75;25682;14
20251210 041700;25681.25;25682.25;25679.5;25681;50
20251210 041800;25681;25681;25679.5;25680.5;31
20251210 041900;25680.25;25685;25680.25;25683.5;36
20251210 042000;25684;25685;25682.5;25682.5;21
20251210 042100;25682.5;25682.5;25680.5;25681;9
20251210 042200;25681.25;25682;25679.75;25681.5;35
20251210 042300;25681.75;25682;25680.5;25681.75;20
20251210 042400;25681.5;25681.5;25679;25680.5;17
20251210 042500;25680.5;25682.5;25680.5;25681;12
20251210 042600;25682.5;25683.5;25681.75;25683.5;16
20251210 042700;25682.5;25682.5;25679.5;25679.5;20
20251210 042800;25679.5;25681.25;25679.5;25681.25;11
20251210 042900;25682;25682.5;25681.25;25682.25;11
20251210 043000;25681.5;25683.75;25681.5;25683.75;16
20251210 043100;25683.5;25687;25683.25;25687;89
20251210 043200;25687;25690;25687;25689.25;72
20251210 043300;25689;25695.75;25688.75;25692;154
20251210 043400;25692;25698.5;25692;25697.5;126
20251210 043500;25697.5;25699;25695.75;25699;57
20251210 043600;25698.75;25699.5;25697.25;25699.25;32
20251210 043700;25699.75;25701.75;25699;25700.75;114
20251210 043800;25701.5;25708;25701;25707.25;166
20251210 043900;25707.5;25710;25703.75;25703.75;112
20251210 044000;25705;25705.25;25703.75;25704.25;26
20251210 044100;25704.5;25704.5;25698.75;25699.5;100
20251210 044200;25699.75;25700.5;25696.75;25699.25;64
20251210 044300;25699;25700;25698.75;25699.25;23
20251210 044400;25699;25699.25;25694.5;25695.25;33
20251210 044500;25695.25;25695.25;25692.25;25692.25;28
20251210 044600;25693;25695;25691;25694.5;56
20251210 044700;25694.75;25698;25693.25;25698;42
20251210 044800;25697.75;25699.25;25697.25;25697.25;32
20251210 044900;25696.75;25696.75;25695.5;25696.25;30
20251210 045000;25695.25;25695.25;25693.75;25695;11
20251210 045100;25694.5;25695;25693.75;25693.75;8
20251210 045200;25694;25695.5;25693.5;25695;13
20251210 045300;25695;25695.5;25693.75;25693.75;11
20251210 045400;25695;25695;25693;25693;16
20251210 045500;25694;25697.75;25694;25695.75;31
20251210 045600;25696.5;25696.75;25695;25696.25;18
20251210 045700;25695.5;25695.5;25691.5;25692.75;61
20251210 045800;25693;25693.5;25693;25693.5;3
20251210 045900;25694.25;25694.5;25692.5;25692.5;7
20251210 050000;25691.25;25694.25;25691;25693.75;23
20251210 050100;25693.75;25694.25;25691;25691;19
20251210 050200;25690.75;25690.75;25682.25;25686;214
20251210 050300;25685.25;25685.25;25682;25684;42
20251210 050400;25685;25687.25;25684.5;25685;30
20251210 050500;25686;25686.25;25684;25684;36
20251210 050600;25683.75;25683.75;25682.25;25682.5;37
20251210 050700;25682.25;25682.25;25676.5;25678.5;182
20251210 050800;25677.5;25678.75;25675;25677;52
20251210 050900;25678;25678.75;25676.5;25677.5;45
20251210 051000;25677.5;25677.5;25672.25;25674.75;88
20251210 051100;25674;25676.5;25672.5;25672.75;33
20251210 051200;25672.25;25672.75;25668.25;25669.25;76
20251210 051300;25669;25673.75;25669;25670.75;50
20251210 051400;25670.75;25672.25;25669.75;25670.75;26
20251210 051500;25670.25;25674.75;25669.5;25674;22
20251210 051600;25673.5;25677.75;25673.5;25677.25;84
20251210 051700;25677.75;25678.5;25674.5;25675.25;87
20251210 051800;25676;25677.75;25675.5;25677.75;26
20251210 051900;25677.75;25678.5;25676.75;25677;23
20251210 052000;25677;25677.25;25675.5;25675.5;20
20251210 052100;25676.75;25677.75;25674.5;25674.5;32
20251210 052200;25675.25;25676.5;25674.5;25674.5;30
20251210 052300;25675;25676.5;25673.75;25675.5;36
20251210 052400;25678;25678;25676;25676.25;13
20251210 052500;25676.5;25676.5;25675;25675.5;12
20251210 052600;25675.5;25676;25674.25;25675.75;15
20251210 052700;25675.5;25677.75;25674.5;25677.75;20
20251210 052800;25678;25682;25678;25682;33
20251210 052900;25681;25682;25679;25680.5;29
20251210 053000;25679.5;25681;25678;25678;17
20251210 053100;25678.75;25678.75;25675.25;25677;40
20251210 053200;25675.25;25679.75;25675;25679.75;24
20251210 053300;25680;25682.75;25679.5;25681.5;59
20251210 053400;25682.25;25683.5;25679.5;25680.5;65
20251210 053500;25681.25;25683.5;25680.25;25682.75;31
20251210 053600;25682.75;25684.5;25682;25682.5;64
20251210 053700;25682;25682;25680;25680.25;11
20251210 053800;25681.75;25682.5;25677.5;25677.5;35
20251210 053900;25678;25679;25675.75;25677.5;32
20251210 054000;25677.5;25680.75;25677;25680.5;31
20251210 054100;25679.5;25680.75;25677.25;25680.75;43
20251210 054200;25680;25680.75;25679.5;25680.5;17
20251210 054300;25680;25682.75;25679;25681.25;57
20251210 054400;25680.75;25681.25;25679;25679;13
20251210 054500;25680;25684.25;25679.5;25684;34
20251210 054600;25683.75;25686.75;25683.5;25685;50
20251210 054700;25685;25686.5;25683;25683.75;47
20251210 054800;25683.75;25684.25;25682.75;25684;18
20251210 054900;25683;25683.5;25682;25682.5;11
20251210 055000;25683.25;25683.75;25682.5;25683;12
20251210 055100;25683;25683.25;25680;25682;39
20251210 055200;25682;25683;25681.75;25683;11
20251210 055300;25681;25682.5;25681;25682.5;13
20251210 055400;25681.25;25682;25680.25;25681.25;21
20251210 055500;25681.75;25682.5;25680.25;25680.5;17
20251210 055600;25680.5;25681.5;25680.5;25681.5;5
20251210 055700;25681;25684.75;25681;25683.5;33
20251210 055800;25684;25684;25681.75;25681.75;11
20251210 055900;25682.25;25683.75;25682.25;25683.5;8
20251210 060000;25682.5;25682.5;25680.75;25681.5;22
20251210 060100;25682.25;25684;25681.5;25684;17
20251210 060200;25684.75;25685;25683.25;25683.5;19
20251210 060300;25683.75;25684.25;25682.5;25682.75;25
20251210 060400;25682;25683;25681;25682;21
20251210 060500;25682.25;25686.5;25682.25;25685.5;47
20251210 060600;25686.25;25692;25685.75;25692;166
20251210 060700;25691.25;25695.75;25691.25;25695.75;76
20251210 060800;25696;25700;25696;25698.75;73
20251210 060900;25699;25702;25699;25701.5;47
20251210 061000;25701.75;25701.75;25696.25;25699;53
20251210 061100;25700;25702.25;25699.75;25701.75;39
20251210 061200;25702.5;25706.25;25700.25;25700.5;91
20251210 061300;25701.75;25707;25699.5;25699.5;88
20251210 061400;25701;25707;25701;25707;45
20251210 061500;25707;25707.75;25703.75;25704.5;51
20251210 061600;25704.5;25704.5;25700.75;25700.75;41
20251210 061700;25701;25704;25699.25;25703.5;42
20251210 061800;25703.25;25706;25702.25;25703.25;32
20251210 061900;25703.5;25705.25;25703;25703.25;23
20251210 062000;25703.25;25703.75;25701;25701.75;18
20251210 062100;25702;25702;25697.75;25698.75;54
20251210 062200;25700.25;25702.25;25700.25;25702;25
20251210 062300;25701.75;25703;25701;25701;37
20251210 062400;25700.5;25701.25;25697.25;25700.5;66
20251210 062500;25700.5;25701.5;25699.75;25700.5;19
20251210 062600;25700;25700.5;25698.25;25700;22
20251210 062700;25700.5;25703.25;25700.25;25702.5;28
20251210 062800;25701.75;25702;25701.5;25701.5;4
20251210 062900;25702;25704.5;25702;25703.25;19
20251210 063000;25703.5;25703.75;25702;25703.25;17
20251210 063100;25702.5;25710;25702.5;25708;100
20251210 063200;25709.25;25710;25707.5;25708.25;55
20251210 063300;25708;25708.5;25706.5;25707;33
20251210 063400;25708;25712;25706.25;25709;104
20251210 063500;25709;25710.5;25708;25708;18
20251210 063600;25708;25712;25707.75;25711.5;48
20251210 063700;25711.5;25713.25;25710.25;25711;44
20251210 063800;25710;25712.25;25709.75;25711.75;35
20251210 063900;25711.25;25712.25;25708.5;25708.5;29
20251210 064000;25708.25;25710.5;25706.75;25710.5;38
20251210 064100;25709.75;25712.25;25709.75;25712.25;21
20251210 064200;25712.75;25712.75;25707.75;25707.75;26
20251210 064300;25707.25;25708;25706;25706.25;37
20251210 064400;25706;25706;25700.5;25700.5;115
20251210 064500;25701.5;25702.75;25700;25702.25;52
20251210 064600;25702;25702;25700.25;25700.75;12
20251210 064700;25701.5;25704.25;25701.5;25702.5;28
20251210 064800;25702.75;25702.75;25698.25;25701.25;31
20251210 064900;25701.5;25703.5;25701.5;25703.5;15
20251210 065000;25703.5;25704.25;25701.75;25701.75;14
20251210 065100;25701.5;25704;25701.5;25703;16
20251210 065200;25704;25704;25701.25;25701.25;13
20251210 065300;25702.5;25704;25701;25702.75;24
20251210 065400;25702.5;25703.25;25700.75;25700.75;10
20251210 065500;25702.25;25702.5;25701;25702.5;5
20251210 065600;25701;25701.5;25700;25700.25;14
20251210 065700;25700;25702;25699.75;25702;10
20251210 065800;25701.5;25703;25701.5;25703;12
20251210 065900;25703;25704;25702.5;25703;14
20251210 070000;25704.75;25705.25;25703.75;25703.75;10
20251210 070100;25703.25;25704;25698.25;25700.5;71
20251210 070200;25699.75;25702.75;25698.5;25702.75;44
20251210 070300;25702.75;25704.25;25699.75;25700.75;24
20251210 070400;25700;25701.75;25699;25701.75;24
20251210 070500;25702.5;25704;25702;25703.5;8
20251210 070600;25703.75;25704.75;25703;25703.5;17
20251210 070700;25705;25707;25704.25;25707;26
20251210 070800;25706.25;25708;25704.5;25708;37
20251210 070900;25708;25708;25703;25703.75;37
20251210 071000;25703.25;25704.5;25702.25;25703.25;21
20251210 071100;25703.75;25704;25698.5;25701;46
20251210 071200;25701.5;25703.25;25701;25701;21
20251210 071300;25700.75;25704.25;25700.5;25702;26
20251210 071400;25702.5;25704.25;25702.25;25704.25;18
20251210 071500;25704.5;25707.25;25704;25706;40
20251210 071600;25705;25707;25704.75;25706.25;18
20251210 071700;25707.25;25708;25705.25;25705.5;38
20251210 071800;25706.5;25706.5;25704.5;25706.25;11
20251210 071900;25706.25;25706.75;25705;25706.5;16
20251210 072000;25706;25707.75;25706;25707.5;13
20251210 072100;25707.5;25707.75;25706;25707;22
20251210 072200;25707.25;25711.75;25707.25;25710.25;71
20251210 072300;25710.75;25716.25;25710;25715.75;143
20251210 072400;25715.5;25718;25714.25;25715;36
20251210 072500;25714.75;25715;25712.75;25714.75;56
20251210 072600;25715;25715.5;25714;25714;10
20251210 072700;25713.75;25717.75;25713.75;25717.5;38
20251210 072800;25717.5;25718;25715.25;25717;38
20251210 072900;25716.75;25717.25;25713.75;25715.75;54
20251210 073000;25715.5;25715.5;25713.75;25714.25;34
20251210 073100;25714.75;25715.25;25711;25715;58
20251210 073200;25716.25;25720.25;25713.75;25720.25;111
20251210 073300;25719.5;25721.75;25719.5;25721;49
20251210 073400;25721.5;25724;25721.25;25723;70
20251210 073500;25722.25;25722.5;25719.75;25720.25;70
20251210 073600;25720.25;25720.75;25718;25718;39
20251210 073700;25717.5;25718;25716.5;25716.5;18
20251210 073800;25716.75;25719;25716.75;25718.25;21
20251210 073900;25717.5;25719.5;25716.75;25718.75;22
20251210 074000;25719;25723;25719;25720.75;75
20251210 074100;25721.5;25722;25717.5;25718;52
20251210 074200;25718.75;25723.5;25718.5;25723.5;27
20251210 074300;25723.5;25725;25722.25;25723.75;50
20251210 074400;25723.75;25727.5;25722.75;25725.75;155
20251210 074500;25725.5;25726;25724.25;25725.5;35
20251210 074600;25725.5;25727.75;25724.75;25724.75;35
20251210 074700;25725.25;25727.25;25722.75;25724.75;109
20251210 074800;25724.5;25725.5;25723.25;25725.25;33
20251210 074900;25726;25727;25725;25726.75;28
20251210 075000;25727;25728.75;25726.75;25728.25;41
20251210 075100;25728.75;25729.25;25727.25;25728.25;41
20251210 075200;25728.5;25728.5;25726.25;25726.5;37
20251210 075300;25724.5;25725.5;25720.75;25722.75;53
20251210 075400;25722.75;25724.25;25722.75;25723.5;15
20251210 075500;25723;25724.25;25722;25724;23
20251210 075600;25724;25725.75;25722.75;25723;39
20251210 075700;25723.25;25723.25;25721;25721.5;30
20251210 075800;25721.75;25723.75;25721;25723;27
20251210 075900;25724.5;25726.25;25723.75;25724.5;54
20251210 080000;25726.25;25730.5;25726.25;25728.25;106
20251210 080100;25728.75;25732;25726.75;25730.25;117
20251210 080200;25730.5;25732.25;25727.75;25727.75;94
20251210 080300;25728;25728.25;25725;25726.75;60
20251210 080400;25726.75;25729;25726;25726;31
20251210 080500;25725.75;25726;25722.5;25723.25;60
20251210 080600;25722.25;25728;25722;25728;61
20251210 080700;25727.25;25737.5;25727.25;25733;498
20251210 080800;25734;25743.5;25732.5;25742.75;227
20251210 080900;25742.5;25745.25;25741.75;25742.75;122
20251210 081000;25743.25;25743.25;25739.25;25740.75;84
20251210 081100;25741.75;25745.75;25739.75;25742;116
20251210 081200;25742.5;25744;25740.75;25742;45
20251210 081300;25742.25;25742.25;25737;25737.5;53
20251210 081400;25737.25;25737.75;25730.5;25730.5;110
20251210 081500;25730.5;25735.5;25730;25735;51
20251210 081600;25733;25737.75;25732;25735.75;46
20251210 081700;25736;25740.75;25736;25738;107
20251210 081800;25738.5;25740;25737;25738.5;28
20251210 081900;25738.75;25743.25;25738.75;25741.5;40
20251210 082000;25742;25743.25;25738.25;25738.25;35
20251210 082100;25738;25738.75;25735.75;25735.75;29
20251210 082200;25737.5;25740.5;25736.25;25737.75;25
20251210 082300;25738;25739;25735.5;25738.75;38
20251210 082400;25739;25740.25;25736;25736.5;29
20251210 082500;25736.75;25740;25733.25;25734;129
20251210 082600;25734.5;25735.25;25728.25;25730;89
20251210 082700;25730;25733.25;25729.25;25731;66
20251210 082800;25730.75;25731.5;25729.5;25730.5;22
20251210 082900;25731;25733;25727.5;25728;45
20251210 083000;25728.5;25732.75;25728.5;25731.25;35
20251210 083100;25729.75;25732.75;25727.5;25728.25;41
20251210 083200;25727.25;25729.75;25723.5;25725.25;58
20251210 083300;25725;25727.5;25722.75;25723.75;65
20251210 083400;25723;25723;25716.25;25716.25;160
20251210 083500;25716.75;25723.75;25716.5;25722.5;76
20251210 083600;25721.75;25723.5;25718.75;25719.25;34
20251210 083700;25720;25726.5;25720;25722.25;117
20251210 083800;25723;25727.5;25722;25725;48
20251210 083900;25725;25730.5;25722.75;25730.5;36
20251210 084000;25730.75;25732.5;25727.75;25731;53
20251210 084100;25730.25;25734.5;25728.75;25734;47
20251210 084200;25735;25739.25;25732.75;25732.75;101
20251210 084300;25732;25732;25726.75;25728.25;73
20251210 084400;25727;25728.25;25725.5;25727.5;25
20251210 084500;25726.5;25726.5;25720.75;25721.5;55
20251210 084600;25722.25;25722.5;25713.25;25719.75;148
20251210 084700;25718.5;25724.75;25716.25;25724.75;49
20251210 084800;25725;25727;25720.75;25723.75;48
20251210 084900;25724;25726;25722.75;25725;54
20251210 085000;25725.25;25726.5;25719;25719;41
20251210 085100;25718.5;25720.25;25713;25715.75;68
20251210 085200;25716;25716;25713;25715.25;40
20251210 085300;25714.75;25714.75;25705.25;25707.5;176
20251210 085400;25706.75;25710.5;25705.5;25707.25;108
20251210 085500;25706;25709.25;25705.5;25707.25;49
20251210 085600;25706.25;25713;25706.25;25712.25;63
20251210 085700;25712.25;25720;25712.25;25718.25;86
20251210 085800;25718.25;25718.75;25716;25717.5;44
20251210 085900;25718.5;25724;25717.75;25721.75;70
20251210 090000;25721.5;25723.25;25719.25;25720.5;39
20251210 090100;25721;25726.25;25719.25;25723.75;88
20251210 090200;25724.25;25726;25714.75;25714.75;158
20251210 090300;25714;25720;25711.5;25719;95
20251210 090400;25718.5;25718.75;25713.5;25715.75;62
20251210 090500;25716;25723;25714.5;25721.5;67
20251210 090600;25721.5;25724.75;25720.5;25724.25;61
20251210 090700;25725;25728.75;25723;25724;105
20251210 090800;25725.25;25730.25;25724.75;25726.25;66
20251210 090900;25725.5;25728.25;25723.75;25726;35
20251210 091000;25726;25730.75;25725.75;25730.5;59
20251210 091100;25730.5;25732.25;25723;25723;106
20251210 091200;25721.75;25723.75;25719;25723.75;93
20251210 091300;25724;25725;25719.5;25724.25;48
20251210 091400;25725.5;25726;25718.5;25721;54
20251210 091500;25720.25;25720.25;25716.75;25718.75;49
20251210 091600;25718.5;25719.5;25710.5;25710.75;99
20251210 091700;25710;25710.75;25703.75;25709;130
20251210 091800;25709;25712;25707.5;25708.75;49
20251210 091900;25707.25;25713;25705.75;25710.75;71
20251210 092000;25710.25;25713;25707;25712.75;68
20251210 092100;25713.25;25717;25710.5;25715;98
20251210 092200;25715;25715;25710.75;25714.25;32
20251210 092300;25715;25717.25;25713.25;25713.25;26
20251210 092400;25714.5;25715.75;25711.75;25715;30
20251210 092500;25713.75;25714;25709;25710;48
20251210 092600;25711.25;25714;25708.75;25711.25;33
20251210 092700;25711.25;25713.25;25709.25;25712.5;35
20251210 092800;25710.75;25713;25710.5;25711.25;24
20251210 092900;25711.5;25712.75;25711.25;25712;12
20251210 093000;25712.25;25714.75;25710;25714.75;51
20251210 093100;25714.5;25717;25713;25713.5;39
20251210 093200;25712.5;25715.25;25711.25;25713.5;19
20251210 093300;25715.75;25716;25710;25711.5;27
20251210 093400;25711.75;25712.5;25710.75;25711.5;19
20251210 093500;25713;25713;25709.25;25709.25;23
20251210 093600;25710.75;25710.75;25708.5;25710.25;22
20251210 093700;25712;25712;25708.75;25709;13
20251210 093800;25708.5;25709.25;25706.75;25707.75;25
20251210 093900;25707.75;25710;25707;25710;24
20251210 094000;25708.75;25708.75;25706.75;25707.75;14
20251210 094100;25708.5;25711.25;25707.5;25709;36
20251210 094200;25708.75;25709.75;25708.75;25709.5;6
20251210 094300;25710;25712;25710;25710.5;22
20251210 094400;25712;25712.75;25710.25;25710.25;22
20251210 094500;25711;25711;25705.5;25706.75;66
20251210 094600;25706.25;25710;25706.25;25709.5;19
20251210 094700;25709.25;25710;25706.5;25708.25;27
20251210 094800;25709.25;25711.5;25708.25;25708.25;24
20251210 094900;25709.5;25718.25;25709;25717;87
20251210 095000;25717.25;25718.75;25713.25;25715.75;45
20251210 095100;25715.5;25718;25714.75;25717;14
20251210 095200;25717.5;25718;25715.75;25715.75;12
20251210 095300;25714.75;25718.5;25714;25714.5;31
20251210 095400;25714.25;25716;25713.25;25714;16
20251210 095500;25714.5;25715.25;25714;25714;14
20251210 095600;25713.75;25715.5;25711.5;25711.5;32
20251210 095700;25711;25715.5;25710.75;25714.5;31
20251210 095800;25713;25714.75;25711.25;25713.75;39
20251210 095900;25714.25;25714.75;25711.5;25711.5;14
20251210 100000;25711;25712.5;25708.75;25709.25;31
20251210 100100;25709;25709.5;25706.5;25708.25;62
20251210 100200;25708.25;25734;25707.5;25724.75;929
20251210 100300;25725.75;25729;25716.5;25726.25;446
20251210 100400;25726.5;25730.25;25722;25722;158
20251210 100500;25722;25723.25;25718.5;25719.75;80
20251210 100600;25720.75;25720.75;25715.25;25716.5;75
20251210 100700;25718;25720;25711;25712;94
20251210 100800;25710.5;25712;25700.5;25703.5;204
20251210 100900;25703.75;25709;25698.5;25707;153
20251210 101000;25706.75;25708;25702.25;25706.25;61
20251210 101100;25706.25;25706.25;25701.5;25702.25;22
20251210 101200;25703;25703.75;25699.5;25702;34
20251210 101300;25703.75;25704;25699.75;25702;52
20251210 101400;25702.25;25702.25;25696.75;25699.5;97
20251210 101500;25699.25;25705.25;25699.25;25704;72
20251210 101600;25703.25;25705.75;25702;25705.25;28
20251210 101700;25705.75;25706.75;25703.75;25704;37
20251210 101800;25705;25707.75;25704;25704;59
20251210 101900;25704;25706.25;25704;25704.75;12
20251210 102000;25703.75;25707;25703.75;25705;10
20251210 102100;25705.25;25706.25;25701.5;25702.75;20
20251210 102200;25702.5;25703.5;25698;25698;42
20251210 102300;25697.75;25697.75;25690.25;25691.75;171
20251210 102400;25691;25691;25683.75;25683.75;221
20251210 102500;25684;25686.25;25677;25677.25;183
20251210 102600;25677;25677.75;25662.25;25664.5;400
20251210 102700;25663.25;25664.25;25656.75;25659.5;198
20251210 102800;25659.75;25659.75;25642.75;25644.75;552
20251210 102900;25645.25;25647.75;25640;25643.5;291
20251210 103000;25643;25646.25;25631.75;25633;467
20251210 103100;25633.25;25633.25;25616;25624;618
20251210 103200;25623.75;25633.25;25618.5;25632.25;319
20251210 103300;25631;25641.25;25629;25640.5;246
20251210 103400;25641.5;25643.25;25634.25;25641;229
20251210 103500;25642.5;25648.75;25640;25646.75;292
20251210 103600;25647;25652.25;25645;25648.5;144
20251210 103700;25650;25650;25645.75;25646.5;104
20251210 103800;25648;25651.75;25641.25;25647.75;164
20251210 103900;25646;25650;25645.75;25650;75
20251210 104000;25650.25;25652.25;25647.75;25651;61
20251210 104100;25650.25;25651;25646;25648.5;78
20251210 104200;25648.75;25652.25;25644.25;25651.25;98
20251210 104300;25652.25;25652.25;25647.75;25651;51
20251210 104400;25652.25;25656.5;25650.25;25655.75;145
20251210 104500;25656;25658.25;25650.75;25652.75;122
20251210 104600;25652.25;25654.5;25648.75;25648.75;95
20251210 104700;25648.25;25648.75;25646;25646.25;78
20251210 104800;25646;25651.5;25646;25650.75;71
20251210 104900;25649.75;25651.5;25648.75;25651.25;24
20251210 105000;25651.75;25655.25;25649;25655.25;53
20251210 105100;25655.75;25659.75;25651.25;25657.75;151
20251210 105200;25656.75;25662.5;25654.75;25654.75;146
20251210 105300;25655.25;25659.75;25653.75;25657.75;57
20251210 105400;25657.75;25659.5;25656.25;25658.25;34
20251210 105500;25658.25;25661;25655.5;25657.25;61
20251210 105600;25656.25;25662.75;25656.25;25661.25;72
20251210 105700;25661.5;25671.25;25661.5;25665;294
20251210 105800;25665.5;25666;25660.75;25661.5;96
20251210 105900;25661.75;25663.75;25661;25663.25;49
20251210 110000;25664;25664.75;25650.25;25650.25;208
20251210 110100;25650.75;25694.75;25643.75;25656.75;1697
20251210 110200;25657.75;25662.25;25652.75;25659.5;226
20251210 110300;25661;25661.5;25641;25644.75;344
20251210 110400;25644;25651.5;25638.5;25651;210
20251210 110500;25651.75;25654;25646.25;25654;78
20251210 110600;25653.5;25662.25;25652.25;25658.25;201
20251210 110700;25659.5;25664.25;25658.5;25663.25;82
20251210 110800;25663;25670;25663;25668.5;168
20251210 110900;25667.5;25670.75;25664.75;25666.75;120
20251210 111000;25666.25;25668.5;25664.25;25666.75;99
20251210 111100;25666;25671.75;25661.5;25671.75;158
20251210 111200;25670.75;25675;25669;25673;67
20251210 111300;25674.25;25675.5;25670;25670.25;84
20251210 111400;25670.25;25674.25;25669.5;25670.5;108
20251210 111500;25670.75;25674.5;25669.25;25672.75;61
20251210 111600;25672;25675;25671.25;25673.75;60
20251210 111700;25673;25675.75;25673;25675;50
20251210 111800;25676;25677.25;25666.75;25667.25;86
20251210 111900;25668.25;25672;25668.25;25669.25;40
20251210 112000;25668.75;25669;25666.25;25667;41
20251210 112100;25666.25;25669.25;25663.25;25668.5;61
20251210 112200;25668.75;25670.25;25664;25665.25;53
20251210 112300;25665;25666.5;25662.25;25665.25;88
20251210 112400;25664.75;25664.75;25658;25664.25;113
20251210 112500;25663.5;25669;25663.5;25667.5;39
20251210 112600;25667;25668.5;25665.5;25667.25;31
20251210 112700;25668;25669.5;25667.25;25667.25;31
20251210 112800;25668.25;25672;25667.75;25667.75;36
20251210 112900;25667.75;25670.5;25665.75;25669.5;17
20251210 113000;25669.25;25670.75;25666;25666;34
20251210 113100;25665.5;25666.25;25656.75;25657;118
20251210 113200;25657.25;25667.75;25656.25;25664.5;163
20251210 113300;25665;25667.5;25662;25667;92
20251210 113400;25665.75;25671.5;25663.5;25670;80
20251210 113500;25668.75;25669.5;25667.25;25668.75;26
20251210 113600;25670;25670.5;25666.5;25670.5;28
20251210 113700;25670.75;25672;25666;25667;31
20251210 113800;25665.75;25669.25;25662;25663;62
20251210 113900;25663.25;25668.75;25663.25;25665.5;50
20251210 114000;25666.25;25668.75;25663;25663.5;42
20251210 114100;25664;25668.25;25661.25;25668.25;37
20251210 114200;25667.75;25667.75;25661.5;25661.75;28
20251210 114300;25660.5;25661.75;25657.75;25661.25;51
20251210 114400;25661.25;25662.25;25657.25;25659.5;25
20251210 114500;25658.25;25660;25657;25657;55
20251210 114600;25656.75;25658;25655.5;25657;56
20251210 114700;25656.75;25659.25;25655.5;25658.75;34
20251210 114800;25658;25660.75;25657.75;25658.25;29
20251210 114900;25658.75;25660.25;25657.25;25657.25;13
20251210 115000;25657.25;25659.25;25657.25;25659.25;19
20251210 115100;25660;25660.25;25656.75;25659.25;21
20251210 115200;25660;25669.75;25660;25668.75;85
20251210 115300;25669.25;25671.75;25668;25671.25;84
20251210 115400;25671;25673.5;25667.75;25668.75;57
20251210 115500;25669.5;25669.5;25667;25668.25;24
20251210 115600;25667.25;25670;25666.25;25668.5;34
20251210 115700;25668.5;25669.75;25665.5;25669.75;54
20251210 115800;25669.5;25671;25666.25;25666.75;38
20251210 115900;25666.75;25669;25666.5;25666.5;42
20251210 120000;25666.25;25670;25665.25;25665.5;92
20251210 120100;25666.25;25668.75;25656.75;25658;173
20251210 120200;25658;25663.25;25655;25659;99
20251210 120300;25660.5;25661.5;25652.75;25655.5;157
20251210 120400;25654;25655.5;25646.5;25649.75;226
20251210 120500;25649;25651.25;25641.25;25641.25;240
20251210 120600;25640.5;25644.75;25632;25636.75;271
20251210 120700;25637;25650.75;25636.25;25649.5;127
20251210 120800;25648;25651.25;25645.25;25648.25;78
20251210 120900;25646.75;25648.75;25639.75;25645;137
20251210 121000;25645.5;25648;25644;25645.5;37
20251210 121100;25645;25646.25;25643.25;25644.75;39
20251210 121200;25645.25;25646.5;25640;25641.75;88
20251210 121300;25640.5;25643.5;25639.5;25643;37
20251210 121400;25642.25;25642.5;25638.5;25639.25;51
20251210 121500;25640;25642.75;25639.75;25641.5;35
20251210 121600;25643;25644.5;25637.75;25637.75;61
20251210 121700;25638.25;25640;25634.75;25636.5;87
20251210 121800;25638;25641.5;25635.25;25641;138
20251210 121900;25642.5;25642.5;25639.25;25640;24
20251210 122000;25640;25640.5;25636.25;25636.25;41
20251210 122100;25636.5;25644.25;25635.5;25639.25;148
20251210 122200;25640.25;25643;25640.25;25641.25;35
20251210 122300;25641;25641.5;25637.75;25639.25;39
20251210 122400;25637.25;25639.75;25635.5;25638;49
20251210 122500;25637.75;25641;25637.75;25640.25;30
20251210 122600;25639.5;25644.5;25639.5;25641.75;59
20251210 122700;25641.5;25645.75;25640;25643.25;83
20251210 122800;25644.5;25647.75;25644;25645.25;64
20251210 122900;25645;25645.5;25642.25;25642.25;22
20251210 123000;25643.5;25649.25;25643.25;25647.25;59
20251210 123100;25646.25;25647.5;25643;25644;84
20251210 123200;25645;25645.25;25642.5;25644.75;37
20251210 123300;25646.75;25653;25646.5;25648;86
20251210 123400;25647.75;25652.5;25647.75;25648.5;44
20251210 123500;25648.25;25650;25644.75;25644.75;94
20251210 123600;25644.5;25645.5;25643;25643.75;83
20251210 123700;25642.5;25643.25;25640.5;25642;53
20251210 123800;25642.5;25646.25;25642;25644.75;33
20251210 123900;25643.5;25643.5;25637.25;25640.75;89
20251210 124000;25641.25;25641.75;25632.75;25633.25;80
20251210 124100;25632.75;25641.25;25627.25;25639;249
20251210 124200;25638.25;25639.5;25634.5;25636.75;63
20251210 124300;25638;25639.25;25636.5;25637.75;30
20251210 124400;25638.5;25641.25;25638.5;25639.75;30
20251210 124500;25637.25;25637.5;25633.5;25634.25;42
20251210 124600;25635.25;25637.5;25634.75;25636;33
20251210 124700;25635.75;25637.5;25630.5;25633;63
20251210 124800;25632.25;25638.5;25629.75;25637.25;110
20251210 124900;25637.25;25637.5;25634.25;25634.75;29
20251210 125000;25635.25;25638;25632.75;25637.5;53
20251210 125100;25636.25;25636.75;25632.75;25635;43
20251210 125200;25634.75;25636.5;25633.5;25635.5;45
20251210 125300;25635;25636.5;25632.75;25636.5;50
20251210 125400;25637;25638.25;25636.25;25636.75;24
20251210 125500;25637.75;25639.75;25637.25;25639;42
20251210 125600;25639.25;25641.5;25638.5;25640.5;37
20251210 125700;25640.5;25647;25640.5;25645.75;97
20251210 125800;25646.75;25650.5;25645.5;25646.25;68
20251210 125900;25644.75;25650.5;25644.75;25649.75;66
20251210 130000;25650;25651.25;25648.25;25648.25;66
20251210 130100;25649;25650.25;25645.25;25648;87
20251210 130200;25648.25;25652.75;25647;25651;74
20251210 130300;25650;25652.5;25648.5;25652;45
20251210 130400;25652;25655;25651.25;25655;114
20251210 130500;25655;25655.5;25649.5;25649.5;107
20251210 130600;25648.75;25652;25647.5;25649.5;54
20251210 130700;25650;25650.25;25645;25648.75;111
20251210 130800;25648;25655;25648;25654;95
20251210 130900;25653.25;25653.25;25650;25652;35
20251210 131000;25652.25;25652.5;25649;25652.5;74
20251210 131100;25652.75;25656.5;25651.5;25656.5;105
20251210 131200;25657;25657;25652.25;25654.75;54
20251210 131300;25655.5;25657.5;25654.25;25656.5;54
20251210 131400;25656.25;25663.25;25656.25;25663.25;109
20251210 131500;25663.5;25666.5;25662.75;25665.25;173
20251210 131600;25664.75;25668;25662.75;25665.5;161
20251210 131700;25664.5;25667.75;25662.5;25665.75;66
20251210 131800;25666.25;25669.25;25665.25;25668.75;66
20251210 131900;25668.75;25669.5;25666.75;25669;47
20251210 132000;25668.5;25671.25;25667.5;25671;96
20251210 132100;25671.25;25689;25670.25;25688.75;493
20251210 132200;25688.25;25699;25685.25;25697.5;538
20251210 132300;25697.5;25701.25;25696.5;25699.5;310
20251210 132400;25699.5;25699.75;25691.75;25695.5;255
20251210 132500;25695.5;25701.25;25694;25701;208
20251210 132600;25701.5;25715.5;25701.5;25709;544
20251210 132700;25709.75;25711.5;25703;25706.5;172
20251210 132800;25707.25;25710.75;25703.75;25708.25;146
20251210 132900;25707;25709.25;25705.25;25708;80
20251210 133000;25708.25;25710.25;25687.25;25708.75;632
20251210 133100;25709;25720;25695;25698.25;324
20251210 133200;25697;25699.25;25689.5;25695;268
20251210 133300;25694;25694.5;25684.75;25686.25;255
20251210 133400;25685.5;25687;25678.25;25684.75;268
20251210 133500;25685.25;25688.5;25681.75;25684.75;243
20251210 133600;25683.75;25685.25;25678.25;25680.5;106
20251210 133700;25680.25;25686.5;25679.25;25681.5;125
20251210 133800;25681;25683;25677;25680;176
20251210 133900;25679;25687;25678;25682.75;188
20251210 134000;25683.25;25684.75;25680.75;25682;89
20251210 134100;25681.5;25685.25;25681.5;25683.5;112
20251210 134200;25683;25684;25679.5;25681.75;69
20251210 134300;25681.5;25683;25679.75;25682.25;142
20251210 134400;25681.5;25685;25681.5;25684;68
20251210 134500;25684.5;25684.5;25681;25682.5;48
20251210 134600;25682.5;25685;25682.25;25683.5;93
20251210 134700;25683;25688.25;25681.25;25684.25;130
20251210 134800;25684.25;25687.25;25680.75;25683;76
20251210 134900;25683.25;25684.25;25680.25;25681;63
20251210 135000;25680;25680.5;25668.75;25675;405
20251210 135100;25675.5;25681.25;25673;25678.25;288
20251210 135200;25677.5;25682.25;25675.75;25680.25;96
20251210 135300;25680.5;25681.5;25679;25679;76
20251210 135400;25679.5;25681.75;25678;25678.25;62
20251210 135500;25679.25;25682.5;25678.25;25681.5;41
20251210 135600;25680.75;25683;25679.5;25681.75;51
20251210 135700;25681.75;25681.75;25676.5;25680.5;88
20251210 135800;25680;25681.75;25678.75;25680;50
20251210 135900;25680;25680;25677;25678.25;20
20251210 140000;25677.5;25679.25;25670.5;25672.5;230
20251210 140100;25673;25682.75;25664.75;25664.75;901
20251210 140200;25664.75;25667;25650.5;25663.75;844
20251210 140300;25664.5;25664.75;25656.5;25664;177
20251210 140400;25664;25665.5;25661;25661.75;102
20251210 140500;25661.75;25662.5;25657.25;25659.75;268
20251210 140600;25659.75;25662;25653.75;25653.75;354
20251210 140700;25654.25;25661.25;25648;25658.75;374
20251210 140800;25658.25;25660;25656.5;25659;89
20251210 140900;25659.5;25659.5;25653.25;25655.75;68
20251210 141000;25655.75;25663.25;25654.75;25661;111
20251210 141100;25661.5;25662.5;25659;25661.75;167
20251210 141200;25661.25;25667.5;25658;25666.75;256
20251210 141300;25666.75;25668.5;25664.5;25666;93
20251210 141400;25664.75;25664.75;25661.75;25662.75;78
20251210 141500;25663.5;25664.25;25660.75;25663.5;73
20251210 141600;25663.75;25666.75;25660;25660;126
20251210 141700;25661.25;25662;25655;25657.75;188
20251210 141800;25656.75;25658.5;25652.75;25653.25;201
20251210 141900;25652.25;25652.25;25643.25;25646.75;496
20251210 142000;25647.25;25650.25;25642.5;25648.25;291
20251210 142100;25648;25651.5;25645.5;25648;339
20251210 142200;25648;25651.75;25647;25647;185
20251210 142300;25647.75;25654;25646.5;25653.75;131
20251210 142400;25654;25656.5;25651.75;25652.75;208
20251210 142500;25652.5;25657.25;25651.5;25655;216
20251210 142600;25656.25;25668;25654.75;25662;859
20251210 142700;25661.75;25664;25657.5;25659.75;354
20251210 142800;25659.5;25661.75;25655.75;25658;257
20251210 142900;25658;25658;25642.5;25649.5;610
20251210 143000;25649.25;25649.25;25639.5;25647.25;927
20251210 143100;25647.25;25663.75;25629;25644.5;5111
20251210 143200;25644.5;25652;25620;25628;2764
20251210 143300;25628.75;25635.25;25608.75;25623.5;3084
20251210 143400;25624;25636.25;25617.25;25621;2045
20251210 143500;25621.25;25633;25614.25;25615;1470
20251210 143600;25615.75;25618.5;25580.25;25583.25;3389
20251210 143700;25582.75;25588.75;25567;25583.75;3640
20251210 143800;25584.25;25624;25581.75;25623.5;2959
20251210 143900;25623.25;25644;25623;25633.5;3053
20251210 144000;25633.75;25637.5;25617.75;25621.75;1833
20251210 144100;25622.5;25629.5;25603.5;25629;2226
20251210 144200;25629.75;25634;25616;25626;1707
20251210 144300;25626.25;25643.25;25625.75;25641.25;1594
20251210 144400;25641.75;25657.25;25633.5;25644;2105
20251210 144500;25644;25647.75;25634.5;25642.5;1120
20251210 144600;25643;25658.5;25636;25653.5;1440
20251210 144700;25654.25;25660.5;25646.25;25648.75;1377
20251210 144800;25647.75;25672.25;25647.25;25665.75;1985
20251210 144900;25665.75;25668.25;25650.5;25660.25;1305
20251210 145000;25661;25661;25633.75;25635.25;1780
20251210 145100;25635.25;25654.75;25631.75;25646.75;1788
20251210 145200;25646.5;25651.25;25633.75;25636;1155
20251210 145300;25636.5;25642.5;25626;25627.5;1362
20251210 145400;25627;25633.5;25613.25;25624;1904
20251210 145500;25622.5;25629.25;25615.5;25624.75;1053
20251210 145600;25625.25;25626.5;25592.5;25592.5;2420
20251210 145700;25592.25;25610;25587.5;25604.25;2352
20251210 145800;25604.5;25614.25;25598;25612.25;1404
20251210 145900;25612.5;25617.75;25603.5;25612.75;1250
20251210 150000;25613.25;25639.25;25612.5;25631.25;1897
20251210 150100;25630.5;25631.5;25610.25;25611.5;1961
20251210 150200;25612;25617;25603.75;25611;1590
20251210 150300;25611.25;25627.75;25607.5;25620.75;1284
20251210 150400;25620.75;25632.25;25613.25;25629.25;1074
20251210 150500;25628.25;25634;25624.25;25626;783
20251210 150600;25625.75;25634.5;25621.5;25631.75;1062
20251210 150700;25632.5;25649;25630.25;25647.75;1816
20251210 150800;25648;25652;25635.25;25643.5;1005
20251210 150900;25643.75;25647.5;25636;25637;678
20251210 151000;25637;25643.5;25629.75;25630;1117
20251210 151100;25629.25;25636.75;25624;25631.5;1371
20251210 151200;25631.5;25634.5;25621.75;25633.75;964
20251210 151300;25633.75;25644.75;25630.25;25644.5;873
20251210 151400;25643.75;25643.75;25628.25;25629;887
20251210 151500;25628.75;25632;25620.75;25624.75;967
20251210 151600;25624.75;25634;25617.5;25631.25;1025
20251210 151700;25631.25;25640;25628.25;25632.25;716
20251210 151800;25633;25647;25627.25;25641.25;718
20251210 151900;25641.25;25645.25;25632;25641;749
20251210 152000;25641.25;25653.5;25640;25645.5;1055
20251210 152100;25644.75;25648;25629.5;25632.25;1062
20251210 152200;25633.75;25650;25632.75;25642.25;852
20251210 152300;25642.75;25656.5;25642.25;25651.75;837
20251210 152400;25652.25;25653;25643.25;25650;601
20251210 152500;25650.25;25654.5;25646.25;25648;638
20251210 152600;25648;25649.75;25637.5;25642;760
20251210 152700;25642.75;25643.25;25623.75;25629.25;1088
20251210 152800;25629.25;25634.25;25625.75;25629.25;661
20251210 152900;25630;25633.25;25621.5;25632.25;892
20251210 153000;25631.75;25641;25631.25;25635.75;679
20251210 153100;25635.5;25642.5;25632;25632;966
20251210 153200;25632.75;25640.75;25630.25;25639.25;689
20251210 153300;25639.25;25640;25629.5;25631;702
20251210 153400;25630.75;25634;25623;25630;806
20251210 153500;25630.25;25631;25604;25609.5;1530
20251210 153600;25608.75;25611.25;25593.25;25602.75;1768
20251210 153700;25602.5;25604;25583.75;25584.25;1457
20251210 153800;25583.75;25585.25;25573.5;25580.5;1940
20251210 153900;25579.75;25584.75;25569.75;25579.25;1551
20251210 154000;25578.75;25589.25;25573.25;25586.25;1260
20251210 154100;25586.25;25587;25564.25;25579;2363
20251210 154200;25578.75;25588.5;25576.25;25585.75;1284
20251210 154300;25586.5;25598.25;25583.5;25597;1530
20251210 154400;25597.25;25597.75;25586;25596.5;943
20251210 154500;25595.75;25605.5;25586;25586;1274
20251210 154600;25586;25587.75;25578.25;25581.75;1025
20251210 154700;25582.25;25587.5;25579.75;25582.5;601
20251210 154800;25582.75;25597.75;25581;25596;774
20251210 154900;25596.25;25612.75;25595.75;25611.75;1045
20251210 155000;25611.75;25627;25609.5;25625.75;2058
20251210 155100;25625;25627;25612.75;25621.75;1466
20251210 155200;25622;25624.75;25604;25604.5;1023
20251210 155300;25605.5;25606.75;25589.5;25590.75;1206
20251210 155400;25590.25;25594.5;25584.25;25587.5;1234
20251210 155500;25586.75;25588.5;25572;25572.5;1677
20251210 155600;25573;25576.5;25550.25;25553.25;3055
20251210 155700;25553.75;25568;25553;25558.25;1570
20251210 155800;25558.5;25575.25;25557.5;25575;1224
20251210 155900;25574.75;25578.5;25555.25;25564.75;1780
20251210 160000;25564.25;25573.5;25560.25;25566.75;1408
20251210 160100;25567;25568.75;25542.75;25553;2516
20251210 160200;25554;25554.25;25544.75;25547;1081
20251210 160300;25546.75;25550;25535.25;25536.75;1499
20251210 160400;25536.25;25546.25;25528.75;25546.25;1735
20251210 160500;25545.75;25553;25539.75;25550.75;1064
20251210 160600;25551.5;25559;25548.5;25556;1108
20251210 160700;25555.25;25555.25;25543.5;25552;646
20251210 160800;25554.25;25573.25;25554.25;25572.5;1218
20251210 160900;25572.75;25574.5;25566.75;25568.5;992
20251210 161000;25567.75;25585;25566.75;25577;1277
20251210 161100;25577.25;25581.25;25569.5;25580.25;952
20251210 161200;25580;25598.25;25576;25598.25;1740
20251210 161300;25598.75;25606.75;25594.25;25600.75;1249
20251210 161400;25600.75;25608.75;25598.75;25604.25;964
20251210 161500;25604.25;25611;25601;25610.5;694
20251210 161600;25610.75;25613.25;25605.25;25610;1282
20251210 161700;25609.75;25613.25;25607.75;25610.25;720
20251210 161800;25611.25;25619;25606.75;25612.5;1168
20251210 161900;25612.75;25634.25;25612.25;25631.5;1873
20251210 162000;25632;25640.25;25629.75;25637.5;1281
20251210 162100;25637.25;25644;25627.5;25632;1281
20251210 162200;25632.5;25636.25;25625.75;25626.5;828
20251210 162300;25626.75;25643.75;25626;25641;985
20251210 162400;25641;25645.75;25637.5;25641.25;708
20251210 162500;25641.75;25645.25;25637.75;25638;540
20251210 162600;25638;25639;25626.5;25631;1178
20251210 162700;25631.5;25645;25631.5;25644.5;762
20251210 162800;25645;25651;25643.75;25644.5;1213
20251210 162900;25643.75;25645.25;25638.75;25642.25;640
20251210 163000;25642.25;25651.25;25642;25647.75;730
20251210 163100;25647.25;25654;25641;25642.25;1027
20251210 163200;25642.75;25647.5;25638.75;25642.25;566
20251210 163300;25642.75;25650;25640;25648.75;625
20251210 163400;25648.75;25648.75;25639.75;25639.75;491
20251210 163500;25639.5;25649.25;25638.75;25649.25;530
20251210 163600;25649;25650.25;25643.75;25648;568
20251210 163700;25648.25;25649.25;25641.25;25641.25;398
20251210 163800;25641.25;25644.25;25636.5;25643.5;602
20251210 163900;25644;25649;25640;25640.5;358
20251210 164000;25640.75;25647.5;25639.5;25644.25;358
20251210 164100;25644.25;25644.25;25631.75;25634;728
20251210 164200;25634.75;25636.5;25627.25;25628;901
20251210 164300;25628.25;25633.25;25621.75;25622;734
20251210 164400;25622;25629.5;25620.5;25628;749
20251210 164500;25628.5;25629.25;25619.25;25625.5;530
20251210 164600;25625.5;25626;25610;25615.25;1114
20251210 164700;25616;25623.5;25610.75;25623.25;925
20251210 164800;25623.25;25624.25;25615.25;25615.75;402
20251210 164900;25615.25;25631;25613.5;25627.5;1147
20251210 165000;25627.75;25639.25;25627;25639.25;831
20251210 165100;25639.25;25643.25;25631.25;25639;914
20251210 165200;25639;25645.75;25637.5;25644.25;603
20251210 165300;25644.5;25650;25640.75;25648;633
20251210 165400;25647.75;25650.5;25643.5;25648.5;674
20251210 165500;25648.25;25654;25645.75;25653;667
20251210 165600;25652.75;25653.75;25647;25648.5;568
20251210 165700;25648.5;25656;25647.75;25654.25;1120
20251210 165800;25654.75;25658.25;25652.25;25654;618
20251210 165900;25653.75;25656.75;25651.75;25654.5;614
20251210 170000;25654.25;25655.75;25649;25650.5;828
20251210 170100;25650.5;25651;25644.5;25645.75;716
20251210 170200;25646;25655.5;25645.25;25654.25;497
20251210 170300;25654.75;25655.5;25649.25;25650.25;308
20251210 170400;25649.75;25655.25;25649;25654;391
20251210 170500;25654.5;25656;25644.25;25646;526
20251210 170600;25645.5;25646;25642;25645.5;508
20251210 170700;25645;25646;25639;25642.25;472
20251210 170800;25642.5;25645.75;25640.5;25644;279
20251210 170900;25643;25647;25638.5;25639;437
20251210 171000;25638.75;25640.5;25634.5;25637.5;459
20251210 171100;25637;25639;25626.25;25631.75;920
20251210 171200;25632;25632.25;25623.25;25625.75;678
20251210 171300;25625.5;25632.75;25624.5;25632.75;721
20251210 171400;25632.75;25637.75;25629.75;25631;640
20251210 171500;25630.75;25635.5;25630.5;25633.75;312
20251210 171600;25633;25637.25;25629;25630.5;587
20251210 171700;25629.75;25630;25624.75;25625.75;496
20251210 171800;25625.5;25637.25;25625.5;25635.5;350
20251210 171900;25635.25;25636.75;25629.5;25631.25;324
20251210 172000;25631.25;25631.25;25625.5;25625.5;340
20251210 172100;25625.5;25627.5;25618;25620;876
20251210 172200;25620;25627.25;25615.75;25626.5;673
20251210 172300;25626.75;25628.75;25623;25624.25;422
20251210 172400;25625;25626.75;25622;25624.25;337
20251210 172500;25625.5;25636.25;25623.75;25635.25;662
20251210 172600;25634.75;25640.5;25633.25;25635.25;583
20251210 172700;25634.75;25635.5;25621.5;25625.5;533
20251210 172800;25625.5;25634.5;25624;25633.75;402
20251210 172900;25634.5;25637;25629.75;25631.75;344
20251210 173000;25633;25633.25;25623.5;25623.75;505
20251210 173100;25623;25625;25617.5;25623.75;547
20251210 173200;25623;25624.25;25620;25622.5;245
20251210 173300;25622.25;25626.25;25619.5;25625.5;348
20251210 173400;25626;25632.5;25625.25;25629.75;470
20251210 173500;25630;25634.5;25628.75;25632;287
20251210 173600;25631.25;25635;25630.5;25631.25;240
20251210 173700;25631.75;25636;25631;25632.75;297
20251210 173800;25633.25;25649.25;25633.25;25649;726
20251210 173900;25648.75;25650.25;25642.75;25643.25;420
20251210 174000;25643.25;25644;25632.75;25634;487
20251210 174100;25634;25636.75;25630.5;25636.75;446
20251210 174200;25636.25;25639.5;25635;25637;313
20251210 174300;25637;25637.25;25626.25;25627;444
20251210 174400;25627.25;25631.5;25624;25629.75;395
20251210 174500;25630.25;25632.75;25627;25631.25;253
20251210 174600;25631.5;25639.75;25630.25;25633.25;626
20251210 174700;25633.5;25636;25630.75;25632.25;326
20251210 174800;25632.25;25637;25630.5;25634.75;311
20251210 174900;25633.5;25641.5;25632.25;25640.5;406
20251210 175000;25641;25644.75;25638.5;25642.75;329
20251210 175100;25643;25655.5;25642;25654.25;883
20251210 175200;25654.5;25661.25;25652.5;25657.25;673
20251210 175300;25657;25657;25647;25654.25;638
20251210 175400;25654.5;25663;25654.25;25662.5;747
20251210 175500;25663.25;25669.75;25660.25;25668.5;1094
20251210 175600;25668.5;25679.75;25668.25;25676.75;2333
20251210 175700;25676.75;25682.25;25662.75;25662.75;1153
20251210 175800;25662.5;25666.5;25658.25;25659.25;520
20251210 175900;25658.75;25665.25;25657.5;25663;552
20251210 180000;25662.75;25667;25661.5;25665.25;500
20251210 180100;25664.75;25667.75;25657;25657.75;788
20251210 180200;25657;25659.75;25656;25657;520
20251210 180300;25658;25659.75;25652.5;25654;504
20251210 180400;25654.25;25656.25;25649.75;25651.75;516
20251210 180500;25652.25;25653.75;25646.75;25648;483
20251210 180600;25648.5;25650.75;25643.25;25648.5;430
20251210 180700;25648.5;25661.25;25646.75;25657.5;716
20251210 180800;25657.25;25663.75;25656.25;25656.75;556
20251210 180900;25656.5;25657.25;25652.75;25654.75;269
20251210 181000;25654;25660;25654;25659.25;233
20251210 181100;25659.75;25661;25654;25655.5;278
20251210 181200;25656;25659.75;25652.5;25659.75;245
20251210 181300;25660;25660.5;25654.25;25656;252
20251210 181400;25655.5;25656;25648.25;25649.25;286
20251210 181500;25649.75;25655.5;25648.75;25649.5;373
20251210 181600;25649.5;25653.5;25647.5;25650.25;449
20251210 181700;25651.25;25651.75;25642.25;25642.75;403
20251210 181800;25643.25;25647;25640.75;25644;317
20251210 181900;25644;25644.5;25637.25;25638;412
20251210 182000;25638.25;25644.25;25637.25;25641.25;426
20251210 182100;25640.25;25641;25629.75;25631.75;558
20251210 182200;25631.75;25635;25628.25;25635;335
20251210 182300;25634.75;25636.5;25629;25630;343
20251210 182400;25629.5;25634.25;25626.5;25629;352
20251210 182500;25629.25;25630;25621.75;25621.75;737
20251210 182600;25621.5;25622.5;25614.5;25619.75;818
20251210 182700;25620.25;25621.25;25600.5;25601;919
20251210 182800;25600.75;25610.5;25598.25;25606.5;1025
20251210 182900;25606.25;25607.25;25596;25601.25;824
20251210 183000;25600.75;25610;25600.75;25607;589
20251210 183100;25606.75;25609.5;25595;25609.5;1320
20251210 183200;25608.75;25616.75;25608.75;25615.5;728
20251210 183300;25615;25620.25;25613.5;25618.5;637
20251210 183400;25618;25619.25;25609;25609.5;349
20251210 183500;25609.25;25612;25603.5;25610.5;402
20251210 183600;25611;25621;25607.75;25621;421
20251210 183700;25621.25;25630;25620.25;25629.25;665
20251210 183800;25629.25;25631.75;25618.25;25623.75;594
20251210 183900;25623.5;25625.5;25618.75;25621;326
20251210 184000;25620.75;25626.25;25615.75;25625.25;365
20251210 184100;25625;25626;25609;25613.5;1322
20251210 184200;25613;25614.5;25607;25612.25;471
20251210 184300;25612.25;25615.75;25606.5;25614.25;365
20251210 184400;25615;25624;25614.25;25622.5;367
20251210 184500;25621.75;25621.75;25609.25;25609.75;343
20251210 184600;25609;25619.25;25605.75;25616.75;684
20251210 184700;25616.25;25622.5;25610.5;25615.75;531
20251210 184800;25615.75;25626.25;25615.5;25625.5;398
20251210 184900;25625.25;25628.5;25618.25;25628.5;433
20251210 185000;25629;25632.25;25625.5;25629;472
20251210 185100;25629.25;25629.25;25619.5;25620;355
20251210 185200;25620.25;25623.5;25614;25614.25;237
20251210 185300;25614;25623.25;25613.75;25622.5;234
20251210 185400;25622.25;25623;25610.25;25612.25;259
20251210 185500;25612;25614;25607.5;25610.75;233
20251210 185600;25610.75;25611.5;25601.75;25603.5;357
20251210 185700;25604.25;25607.25;25601;25601.75;315
20251210 185800;25601.5;25609.25;25599;25609.25;467
20251210 185900;25609;25620;25608.25;25616;491
20251210 190000;25615.5;25616.75;25610.75;25616.75;253
20251210 190100;25614.5;25725;25602.5;25692.5;4369
20251210 190200;25692.25;25707;25668;25674.25;2438
20251210 190300;25673;25686;25641.75;25646.75;1746
20251210 190400;25646.25;25659.25;25634.25;25653;1728
20251210 190500;25652.25;25669;25639.25;25653.5;1594
20251210 190600;25653.75;25679;25649.5;25661.75;2093
20251210 190700;25661;25712.25;25658.75;25710.5;2061
20251210 190800;25711.5;25737.5;25706;25709.25;3826
20251210 190900;25709.5;25728.75;25708.5;25717.5;1792
20251210 191000;25716.25;25727;25703.5;25720.5;2000
20251210 191100;25721.75;25741;25716;25730.25;2597
20251210 191200;25730.25;25736.75;25696;25696;1972
20251210 191300;25695.75;25710.75;25691.25;25709;1395
20251210 191400;25709;25710;25686.25;25694.25;945
20251210 191500;25693.25;25706;25687.25;25695;723
20251210 191600;25693.75;25723;25693.5;25722.5;1515
20251210 191700;25723.5;25735.5;25717.5;25734.25;1449
20251210 191800;25734.25;25736.25;25715.75;25717;1194
20251210 191900;25716;25718;25692;25692.5;2268
20251210 192000;25692;25711.5;25686.5;25710;1319
20251210 192100;25710.5;25712.25;25700;25707.5;774
20251210 192200;25707.25;25710.25;25696.25;25703.25;658
20251210 192300;25702.75;25708;25677.75;25695.5;1447
20251210 192400;25696;25699.25;25674;25677.75;2075
20251210 192500;25677.75;25678.25;25655.75;25660.25;1303
20251210 192600;25659.75;25680.25;25656.75;25668.25;1331
20251210 192700;25667.5;25671.75;25650.5;25653.5;1206
20251210 192800;25654.75;25665.25;25637.75;25638;1207
20251210 192900;25639.25;25649.25;25627.5;25648.5;1821
20251210 193000;25650.25;25668;25637.25;25668;1481
20251210 193100;25668.25;25690.75;25664;25683.25;1747
20251210 193200;25683.75;25688.25;25654.75;25688.25;1941
20251210 193300;25689.5;25708.75;25683.75;25703.75;2329
20251210 193400;25703.5;25729.25;25703.5;25720.75;2563
20251210 193500;25721.25;25757.25;25719.5;25741.75;2967
20251210 193600;25742;25778.75;25723.5;25769.75;5480
20251210 193700;25770.75;25779.5;25714;25718.5;4815
20251210 193800;25719.25;25727.5;25692.75;25706;2446
20251210 193900;25706;25745.75;25700.5;25722.75;1801
20251210 194000;25724;25751.5;25722;25733.75;1332
20251210 194100;25732.75;25744;25651;25666.75;5354
20251210 194200;25667.75;25671.5;25629.75;25656.25;3547
20251210 194300;25654.5;25662;25611;25656.75;3183
20251210 194400;25658.5;25681;25645.25;25646.25;1968
20251210 194500;25646.75;25674;25630.5;25665.5;1918
20251210 194600;25666;25719.5;25660.75;25701;2563
20251210 194700;25701.25;25732;25697.25;25710.5;1875
20251210 194800;25715.5;25729.5;25692.5;25702.25;1991
20251210 194900;25700.75;25717.75;25689.25;25707.75;1452
20251210 195000;25707.25;25726.5;25707;25707.75;1345
20251210 195100;25707.75;25721.25;25694.5;25716.25;2413
20251210 195200;25714.75;25749;25714.75;25734;1975
20251210 195300;25734.25;25765.5;25734.25;25762.25;2089
20251210 195400;25761.5;25776.75;25758.5;25776;1672
20251210 195500;25777;25805;25777;25784.75;3619
20251210 195600;25784.25;25806.75;25783;25794.75;2398
20251210 195700;25794;25812.75;25789.75;25809.25;1515
20251210 195800;25808.75;25817.5;25798.75;25810.25;2783
20251210 195900;25810.25;25834.75;25805;25827.25;1823
20251210 200000;25828.5;25834.25;25816.5;25824;1655
20251210 200100;25823.5;25840.25;25797.75;25799.5;2973
20251210 200200;25798;25809;25791;25794.75;1620
20251210 200300;25795.75;25820;25788;25817.25;1423
20251210 200400;25818.25;25827.5;25811.5;25823;1245
20251210 200500;25823;25848;25821.5;25840.5;1440
20251210 200600;25840.5;25847;25828.25;25836;1186
20251210 200700;25836;25843.25;25824;25832;1085
20251210 200800;25831.5;25838.5;25810.5;25835.75;1731
20251210 200900;25835.5;25846.75;25830;25845.5;1468
20251210 201000;25846.25;25849;25836.25;25841.25;1106
20251210 201100;25842;25848;25826.5;25833.25;1391
20251210 201200;25835.25;25843.25;25822.75;25830;1255
20251210 201300;25830.5;25855;25829.75;25850.5;1751
20251210 201400;25850.25;25862.25;25849;25855.75;1534
20251210 201500;25855.75;25863;25854.75;25858;1405
20251210 201600;25858.5;25860.75;25841.25;25845;1489
20251210 201700;25844.75;25864;25840;25856.75;1859
20251210 201800;25857;25861.5;25850.75;25854.25;779
20251210 201900;25854.75;25859;25841.5;25842.5;1158
20251210 202000;25841.75;25854.75;25835.25;25845.5;997
20251210 202100;25846.25;25870.75;25839.25;25847.5;1840
20251210 202200;25847.25;25862.5;25844;25861;1201
20251210 202300;25862;25865;25839.25;25843.25;1033
20251210 202400;25842.5;25852;25827.5;25834.5;1363
20251210 202500;25834.5;25840.25;25830;25834.25;702
20251210 202600;25834;25854.5;25826.5;25849;1002
20251210 202700;25849.75;25860.75;25845.75;25855.5;824
20251210 202800;25855.5;25857.75;25850.25;25852.5;524
20251210 202900;25853.25;25854;25840.75;25842.75;763
20251210 203000;25842.5;25842.75;25833.75;25836.75;643
20251210 203100;25836.5;25845.25;25828.5;25839.75;1110
20251210 203200;25839.25;25847;25833;25844.25;661
20251210 203300;25844.25;25859;25840.75;25859;900
20251210 203400;25859;25862.75;25852.5;25859.75;842
20251210 203500;25860;25863.5;25850;25851.5;637
20251210 203600;25851.5;25855.25;25846.75;25848.75;473
20251210 203700;25848.25;25853;25842;25843.25;871
20251210 203800;25843.25;25856.25;25839.25;25855.75;791
20251210 203900;25855.75;25858;25851.75;25852.75;695
20251210 204000;25853;25856.5;25842.75;25848.25;712
20251210 204100;25847.75;25856;25841.25;25842.25;745
20251210 204200;25842;25845.25;25837.75;25840.75;711
20251210 204300;25840.75;25847.75;25837;25843.5;823
20251210 204400;25843.25;25843.5;25837.75;25839.5;654
20251210 204500;25839.75;25844.25;25836.25;25838.75;517
20251210 204600;25838.75;25852.5;25837.75;25844.25;732
20251210 204700;25843.75;25850.75;25841;25846.25;595
20251210 204800;25846.5;25847;25836.75;25837;767
20251210 204900;25836.25;25838.25;25831.75;25833.75;641
20251210 205000;25833.75;25839.25;25828.75;25837;767
20251210 205100;25836.5;25851.25;25834.5;25844;1649
20251210 205200;25843.75;25846;25820;25822.75;1097
20251210 205300;25822.75;25829.75;25816.25;25817.75;994
20251210 205400;25817.5;25827.25;25816;25827;803
20251210 205500;25827.5;25834;25814;25832.5;2006
20251210 205600;25832.75;25842.5;25823.5;25825.25;1646
20251210 205700;25825.25;25827.75;25818;25820.25;686
20251210 205800;25819.5;25821;25810;25810;1415
20251210 205900;25810.25;25821.25;25810;25813.25;1336
20251210 210000;25813.5;25815;25791;25802.75;8231
20251210 210100;25802.75;25804.5;25791.75;25803.25;2854
20251210 210200;25802.5;25805;25788.5;25790.75;663
20251210 210300;25790.5;25793.25;25787.25;25788.25;656
20251210 210400;25788.25;25792;25784.25;25788.75;574
20251210 210500;25788.25;25796.25;25788.25;25793.5;297
20251210 210600;25793.5;25808.25;25782.25;25785.75;1295
20251210 210700;25785.75;25787;25776.5;25782;565
20251210 210800;25780.75;25781.75;25769.5;25775;590
20251210 210900;25774;25774.5;25758.75;25765.25;601
20251210 211000;25765.5;25783;25764.5;25778;600
20251210 211100;25777.5;25784.5;25774.25;25778.75;431
20251210 211200;25779.75;25781;25773;25779;401
20251210 211300;25779;25786.75;25774.5;25780.75;484
20251210 211400;25781;25791.75;25780.25;25791.25;476
20251210 211500;25791.25;25793.5;25787.5;25788.25;305
20251210 211600;25787.5;25802.25;25787.5;25801.75;485
20251210 211700;25802;25803;25793.75;25795;305
20251210 211800;25793.75;25798;25789.75;25794.75;264
20251210 211900;25795.25;25797.75;25790.25;25790.5;131
20251210 212000;25791.25;25792.5;25784;25784.25;263
20251210 212100;25784.5;25785;25778;25783.75;300
20251210 212200;25784.5;25790;25782.5;25787;255
20251210 212300;25787;25789.25;25784;25787.75;128
20251210 212400;25788;25795.75;25788;25791.75;236
20251210 212500;25790.75;25792.75;25790.25;25792;60
20251210 212600;25793;25798.5;25790.75;25791.5;174
20251210 212700;25791.75;25800;25790.5;25797.5;126
20251210 212800;25797.5;25799.25;25795.25;25798.25;118
20251210 212900;25797.75;25798;25795.75;25795.75;70
20251210 213000;25796;25800;25795.5;25796.5;139
20251210 213100;25796.75;25798.25;25790.75;25793;147
20251210 213200;25793.25;25796.25;25792.75;25794.25;189
20251210 213300;25793.75;25793.75;25788.75;25790.25;109
20251210 213400;25790.5;25795;25786.25;25794.75;197
20251210 213500;25794;25796;25793;25795.75;82
20251210 213600;25794.75;25796;25791.25;25794;125
20251210 213700;25795;25797.25;25794.25;25797.25;68
20251210 213800;25797.25;25797.5;25794.5;25795;72
20251210 213900;25795;25795;25792.5;25794;92
20251210 214000;25793;25794.75;25791.5;25791.5;83
20251210 214100;25791.75;25793.25;25790;25793.25;122
20251210 214200;25793.5;25798.25;25793.5;25798.25;123
20251210 214300;25798;25800.25;25795.25;25798.75;171
20251210 214400;25798.25;25801.5;25797.25;25800.5;121
20251210 214500;25800.25;25802;25798.5;25800;141
20251210 214600;25800;25803.25;25797.25;25801.75;100
20251210 214700;25802.25;25811.25;25801.75;25810.75;150
20251210 214800;25809.75;25811.25;25795.75;25797.25;300
20251210 214900;25797;25799.75;25793.25;25793.25;122
20251210 215000;25793;25797;25789.75;25795;123
20251210 215100;25795;25798.25;25794.25;25796;65
20251210 215200;25796;25797.75;25795;25797;50
20251210 215300;25797.25;25799.5;25797.25;25798;31
20251210 215400;25798.5;25800.75;25797.5;25800.75;39
20251210 215500;25800.25;25803;25798.75;25802.5;60
20251210 215600;25802.75;25803.5;25799.25;25799.25;58
20251210 215700;25799.5;25800.25;25797.25;25799.75;54
20251210 215800;25799.25;25803.5;25798;25802;53
20251210 215900;25801.75;25802.5;25800.25;25802.5;41
20251210 220000;25803.25;25803.5;25800.5;25800.5;132
20251210 230100;25769.5;25786.75;25766;25786.75;472
20251210 230200;25787.25;25796;25779.5;25779.5;181
20251210 230300;25779.5;25784;25777.25;25781.5;119
20251210 230400;25781;25781.75;25768.5;25769.25;162
20251210 230500;25769.5;25772.25;25761.25;25761.75;274
20251210 230600;25762.75;25768.25;25762.75;25764;114
20251210 230700;25764;25765.75;25762.5;25762.5;45
20251210 230800;25763.75;25769.75;25762;25767.75;71
20251210 230900;25767;25773.75;25766;25771.5;103
20251210 231000;25771.5;25774;25765;25765.25;73
20251210 231100;25766.75;25767.5;25763.5;25766.25;64
20251210 231200;25765.25;25765.25;25760;25762.5;109
20251210 231300;25762;25764;25761.25;25761.25;30
20251210 231400;25762;25762;25750.25;25753.25;194
20251210 231500;25752.25;25753;25736.5;25747.25;454
20251210 231600;25746;25747.5;25741;25741.25;119
20251210 231700;25740.25;25740.25;25727.5;25728.25;320
20251210 231800;25728.75;25732.75;25722;25728;232
20251210 231900;25727.75;25729;25715.75;25718.25;195
20251210 232000;25719.5;25729.5;25719.5;25727.25;186
20251210 232100;25726.75;25732;25725;25730.25;171
20251210 232200;25730.25;25734.25;25727.5;25730;129
20251210 232300;25730.5;25732.25;25727.75;25728;86
20251210 232400;25727.75;25731.75;25727.25;25728.75;65
20251210 232500;25728.75;25729.75;25727.5;25728.5;16
20251210 232600;25728.75;25732.5;25728.75;25732;37
20251210 232700;25731.75;25733;25725;25726.75;103
20251210 232800;25725.75;25733.75;25725;25732.75;79
20251210 232900;25733.25;25733.5;25729;25732;170
20251210 233000;25732.75;25734;25729;25729;28
20251210 233100;25729;25732.75;25728.75;25732.75;31
20251210 233200;25734;25734.5;25727;25728.75;66
20251210 233300;25729.25;25730.75;25728;25730.75;23
20251210 233400;25731.75;25733;25730;25732.25;30
20251210 233500;25731.25;25733;25730;25733;16
20251210 233600;25732;25732.25;25729.5;25730;28
20251210 233700;25732.25;25732.5;25728;25731.25;126
20251210 233800;25731.5;25734.5;25731.5;25732.75;44
20251210 233900;25732.5;25734.5;25731.5;25731.5;11
20251210 234000;25730.75;25732.25;25728.5;25732.25;46
20251210 234100;25732.75;25733.75;25731.25;25731.5;9
20251210 234200;25731.5;25732.25;25727;25728.25;47
20251210 234300;25727;25731;25726.5;25731;32
20251210 234400;25730;25730;25727.5;25728.25;36
20251210 234500;25728;25730;25728;25729.25;28
20251210 234600;25729.25;25731.5;25728.75;25731.5;30
20251210 234700;25730;25733.25;25730;25733.25;37
20251210 234800;25733.25;25738;25732;25738;85
20251210 234900;25738;25739;25735;25736.75;51
20251210 235000;25735.5;25735.75;25731.75;25731.75;50
20251210 235100;25731;25732.25;25729;25731.5;19
20251210 235200;25730;25731.75;25729.5;25731.75;25
20251210 235300;25732;25733.25;25731.75;25732.75;20
20251210 235400;25732;25734.75;25730.5;25731.5;19
20251210 235500;25731.75;25732.5;25730;25732.25;25
20251210 235600;25732;25732.75;25731.25;25731.75;14
20251210 235700;25734.5;25734.75;25732;25732;24
20251210 235800;25732;25737;25732;25737;23
20251210 235900;25737.75;25737.75;25731.5;25733.75;47
20251211 000000;25732.5;25733;25728.75;25730.5;36
20251211 000100;25730.25;25732.25;25722;25722;162
20251211 000200;25722.25;25725.5;25718.75;25719;88
20251211 000300;25720.25;25723.25;25718.5;25722;52
20251211 000400;25722;25722;25710.75;25713.5;286
20251211 000500;25715;25715;25710;25710.75;73
20251211 000600;25712.5;25720.25;25712;25712.75;121
20251211 000700;25713.5;25717.25;25710.75;25716.25;83
20251211 000800;25713.25;25716.75;25713;25716.75;50
20251211 000900;25715.5;25718;25714;25717.25;34
20251211 001000;25717.25;25717.25;25711.5;25713.5;57
20251211 001100;25713.5;25716.25;25710.25;25715.75;49
20251211 001200;25716.75;25718.5;25715.25;25715.75;20
20251211 001300;25718;25721.25;25717;25719.25;69
20251211 001400;25720.25;25723;25718.75;25722.5;57
20251211 001500;25722.5;25726;25721.75;25724.25;54
20251211 001600;25724.25;25729;25723;25724.5;82
20251211 001700;25724;25724.75;25721;25722.25;49
20251211 001800;25723.5;25724.25;25720;25724;49
20251211 001900;25723;25723;25718;25720.5;76
20251211 002000;25721;25722.25;25719.5;25722.25;23
20251211 002100;25721.25;25724.25;25719.25;25719.25;52
20251211 002200;25720;25721.75;25720;25721.75;15
20251211 002300;25721.5;25725.25;25721.5;25725.25;15
20251211 002400;25724.75;25726;25722.75;25726;23
20251211 002500;25726.25;25728.75;25724.75;25725.25;75
20251211 002600;25725.75;25733;25725.75;25732.75;105
20251211 002700;25732.5;25734;25730;25730.75;115
20251211 002800;25729.75;25731.5;25725.75;25726.5;84
20251211 002900;25726.25;25731;25726.25;25728;47
20251211 003000;25729.5;25730.5;25725.5;25729;53
20251211 003100;25726.25;25727.5;25719;25721;98
20251211 003200;25720.75;25723;25718.5;25719;49
20251211 003300;25718;25719.75;25714.75;25717.75;76
20251211 003400;25718.75;25722.25;25715.75;25720.25;89
20251211 003500;25722.25;25725;25718.5;25718.75;76
20251211 003600;25718.25;25718.5;25714.5;25716.75;70
20251211 003700;25716.25;25719.25;25715;25716.25;38
20251211 003800;25715;25718.75;25710.5;25713;130
20251211 003900;25712;25713.25;25705;25706.75;189
20251211 004000;25706.75;25707;25700;25700.5;229
20251211 004100;25701.25;25706.75;25700;25700;86
20251211 004200;25700.5;25702.5;25696.5;25696.5;136
20251211 004300;25697.75;25699;25694;25697;169
20251211 004400;25697.75;25702.5;25697.25;25701;112
20251211 004500;25702.25;25702.5;25700;25700;33
20251211 004600;25700;25701.25;25697.25;25698.5;39
20251211 004700;25698.25;25699;25687.75;25687.75;204
20251211 004800;25689;25693.75;25688.5;25691;111
20251211 004900;25691.25;25691.25;25681.25;25682.5;118
20251211 005000;25681.5;25684.5;25678.75;25678.75;173
20251211 005100;25678.5;25683.5;25672.25;25676.25;161
20251211 005200;25676.5;25682;25671;25681.75;179
20251211 005300;25681.75;25682;25677;25678.75;72
20251211 005400;25680;25682.25;25679.25;25681.75;41
20251211 005500;25680.5;25687.25;25678.75;25686;147
20251211 005600;25687;25689.5;25683;25685.25;121
20251211 005700;25684.5;25687.75;25683.25;25683.25;74
20251211 005800;25684;25688.5;25682.5;25682.75;64
20251211 005900;25684.25;25685.75;25680.75;25683.25;54
20251211 010000;25682.75;25684.75;25679.25;25684;68
20251211 010100;25683.25;25683.75;25666;25667;349
20251211 010200;25668.75;25673.5;25662.25;25662.25;174
20251211 010300;25662.25;25668.75;25662;25664.5;123
20251211 010400;25663.25;25665.75;25659.5;25663.5;112
20251211 010500;25662.25;25667.5;25661.25;25667.25;129
20251211 010600;25666.75;25668;25663.5;25664.25;79
20251211 010700;25664;25673;25664;25667.25;101
20251211 010800;25668.25;25674;25668.25;25670.75;40
20251211 010900;25672.25;25672.25;25665.25;25668.5;104
20251211 011000;25669.25;25675;25668.25;25673.75;71
20251211 011100;25673.25;25674.25;25668.25;25670.75;55
20251211 011200;25670.75;25671.5;25668;25670;29
20251211 011300;25668.75;25671;25668.75;25671;31
20251211 011400;25670.5;25671.75;25667.25;25670.25;48
20251211 011500;25671;25674.25;25670.75;25671;77
20251211 011600;25672.25;25677.25;25672.25;25676.25;108
20251211 011700;25675.75;25675.75;25668;25669.25;155
20251211 011800;25669.5;25673.25;25666.5;25671;51
20251211 011900;25672;25673.5;25670.5;25672;45
20251211 012000;25671.75;25672;25667.5;25668;26
20251211 012100;25669.25;25669.25;25664.5;25666.25;59
20251211 012200;25667.75;25667.75;25658.25;25659.5;146
20251211 012300;25661.5;25666;25660;25666;85
20251211 012400;25664.75;25669.75;25664.75;25669.5;62
20251211 012500;25670;25673;25667.5;25671;51
20251211 012600;25672;25673;25669;25671.5;38
20251211 012700;25670.5;25673.5;25670.25;25672;58
20251211 012800;25673.5;25673.75;25670;25670;39
20251211 012900;25670;25673;25669.25;25672.25;29
20251211 013000;25671;25673.25;25670.75;25670.75;31
20251211 013100;25671.75;25678.5;25671.75;25675.5;143
20251211 013200;25675.5;25677;25673.5;25675;51
20251211 013300;25674.5;25677.75;25671.5;25675.25;87
20251211 013400;25676.25;25677;25673.25;25675.25;94
20251211 013500;25675.75;25677;25674.75;25674.75;25
20251211 013600;25674.75;25677.5;25673;25676.25;40
20251211 013700;25676.25;25677;25674;25677;47
20251211 013800;25677.25;25678;25675;25676;45
20251211 013900;25675.25;25680.75;25674.5;25680.25;77
20251211 014000;25680.25;25682;25678.5;25679.75;85
20251211 014100;25679.25;25680.25;25676.75;25678.25;56
20251211 014200;25679.5;25681.25;25678.5;25681.25;17
20251211 014300;25681.25;25681.5;25679.5;25680.75;61
20251211 014400;25681;25681.75;25677;25679;43
20251211 014500;25678.75;25680.75;25678;25678;39
20251211 014600;25678.75;25680;25676.5;25676.75;64
20251211 014700;25676.75;25679.25;25675.5;25679.25;30
20251211 014800;25678.25;25678.75;25672.25;25672.75;107
20251211 014900;25672.75;25674.75;25671.25;25672;78
20251211 015000;25671.25;25672.25;25664.5;25664.5;96
20251211 015100;25665.5;25666.5;25654;25656.5;223
20251211 015200;25658;25665.5;25657;25658.5;157
20251211 015300;25658.75;25664.75;25656;25664;160
20251211 015400;25663.75;25665.75;25661.75;25662.5;80
20251211 015500;25661.75;25663.5;25659.25;25659.75;108
20251211 015600;25659.5;25660.75;25655;25656.75;79
20251211 015700;25656.25;25657.75;25650.5;25655;134
20251211 015800;25655.25;25659;25653.25;25658.5;45
20251211 015900;25660;25660.75;25658;25658;33
20251211 020000;25658;25661.5;25653.25;25660.75;111
20251211 020100;25659.25;25661.25;25655.75;25655.75;107
20251211 020200;25656.5;25658.5;25654;25656.5;66
20251211 020300;25655.75;25657.25;25655;25655.5;29
20251211 020400;25655.5;25656.25;25642.5;25643.25;227
20251211 020500;25643;25647.25;25638;25639.5;198
20251211 020600;25640;25642;25635;25642;118
20251211 020700;25642;25646.25;25635.5;25636;129
20251211 020800;25635;25635.5;25627.25;25628;187
20251211 020900;25628;25632.5;25625.75;25629.5;167
20251211 021000;25629.25;25633;25626.25;25632;114
20251211 021100;25631.75;25635.75;25622.75;25632.5;275
20251211 021200;25632.75;25635;25628.25;25629.75;72
20251211 021300;25629.75;25631.5;25626;25626.5;47
20251211 021400;25626.25;25630.75;25626;25626.5;41
20251211 021500;25626.5;25636.5;25626.25;25636.25;87
20251211 021600;25635;25641.5;25635;25641.25;142
20251211 021700;25638.75;25638.75;25627.25;25630;148
20251211 021800;25628.25;25632;25615.5;25622.5;385
20251211 021900;25622;25624;25615.75;25616.75;71
20251211 022000;25618;25627;25615.75;25626.75;82
20251211 022100;25627;25627.75;25621.75;25622.5;119
20251211 022200;25623;25629.25;25623;25628.25;81
20251211 022300;25628;25631.25;25625;25627;63
20251211 022400;25629;25635.25;25629;25634.5;88
20251211 022500;25634;25634;25628;25628;34
20251211 022600;25627.25;25629;25624.75;25628.75;56
20251211 022700;25630;25631;25616.75;25618.5;78
20251211 022800;25619.25;25621.5;25611.25;25614;225
20251211 022900;25613.5;25613.75;25608.5;25610.75;151
20251211 023000;25610.25;25611.25;25603;25607.25;252
20251211 023100;25608.75;25610.25;25602.75;25609;106
20251211 023200;25608.5;25609;25603.5;25604.25;46
20251211 023300;25603.75;25603.75;25583.5;25586.75;495
20251211 023400;25586.75;25592.25;25578.5;25586.25;345
20251211 023500;25587.25;25588.5;25576.25;25581.5;264
20251211 023600;25581.75;25592.5;25579.75;25592;315
20251211 023700;25591.5;25591.5;25572.25;25575.5;282
20251211 023800;25575.5;25576.75;25561;25569.5;432
20251211 023900;25567.75;25581;25565.75;25578;253
20251211 024000;25578.25;25580.25;25572;25574.5;129
20251211 024100;25573.5;25574;25565.5;25572.75;113
20251211 024200;25572.25;25578;25571.5;25572;91
20251211 024300;25572.75;25577.25;25571.5;25574.25;101
20251211 024400;25574;25583.25;25572.25;25578;177
20251211 024500;25580.75;25582.5;25577.5;25579;73
20251211 024600;25579.5;25582.75;25575.75;25578.5;81
20251211 024700;25576.25;25576.25;25563.25;25571;286
20251211 024800;25570;25570.25;25558.75;25560.75;201
20251211 024900;25560.25;25561.5;25555;25558;350
20251211 025000;25558.25;25558.25;25550.75;25554;275
20251211 025100;25553.5;25553.75;25541.75;25549;465
20251211 025200;25550;25551.75;25533.75;25534.75;314
20251211 025300;25535.25;25552;25523.75;25548.5;831
20251211 025400;25547;25551.5;25538.75;25542;206
20251211 025500;25542.25;25547;25539.5;25543.5;129
20251211 025600;25543.25;25548;25536.25;25544.5;140
20251211 025700;25546;25551;25544.25;25546.5;139
20251211 025800;25546.75;25548.25;25539;25543;139
20251211 025900;25541.75;25548.25;25537.75;25546.25;129
20251211 030000;25547.25;25552.25;25545.5;25549.25;165
20251211 030100;25550;25550.25;25538.75;25540;179
20251211 030200;25541;25541.25;25519.25;25522.5;452
20251211 030300;25522.75;25524.5;25468.5;25487.5;1388
20251211 030400;25486.75;25492.5;25477.25;25478;729
20251211 030500;25478.5;25479.75;25451.5;25457.75;916
20251211 030600;25455.75;25475.75;25450;25473.25;573
20251211 030700;25473.25;25473.5;25458.5;25464.75;362
20251211 030800;25464.5;25464.5;25416.25;25451;1107
20251211 030900;25450.75;25452.75;25410.75;25422.25;751
20251211 031000;25421;25424.5;25383;25397.5;1229
20251211 031100;25397;25439.5;25391.5;25437.25;889
20251211 031200;25437;25444.25;25429;25442.25;512
20251211 031300;25442;25448.25;25430.75;25443.5;319
20251211 031400;25443.25;25447.75;25434.5;25436.75;436
20251211 031500;25435.5;25439;25423.75;25433;404
20251211 031600;25433;25447;25433;25445.75;285
20251211 031700;25445.5;25452;25427.75;25431;412
20251211 031800;25429.75;25443;25429.75;25436.25;187
20251211 031900;25436.25;25458.75;25435.25;25454.75;404
20251211 032000;25456.25;25458.75;25448;25453.5;215
20251211 032100;25454.5;25461.75;25451.5;25457.25;223
20251211 032200;25455.25;25459.25;25442.5;25447;235
20251211 032300;25445.25;25457.75;25443.75;25456.75;168
20251211 032400;25457.5;25471.5;25455.5;25470.75;255
20251211 032500;25471.25;25476.25;25470.25;25475.5;309
20251211 032600;25475.75;25478;25470.25;25477;199
20251211 032700;25476.25;25477;25467.5;25477;178
20251211 032800;25476.75;25477.5;25463.5;25468.75;274
20251211 032900;25468.5;25476;25467.75;25472.5;123
20251211 033000;25472.5;25477.75;25471.5;25471.5;85
20251211 033100;25472.5;25474.5;25451.25;25456;408
20251211 033200;25456.25;25464;25453.75;25456;203
20251211 033300;25455;25458.75;25446.25;25450.75;189
20251211 033400;25449.75;25454.5;25443.5;25443.5;196
20251211 033500;25443.25;25445.75;25437.25;25441;212
20251211 033600;25440;25448;25434.5;25444.75;248
20251211 033700;25443.25;25467.25;25443;25466;298
20251211 033800;25466;25466;25457.25;25458;128
20251211 033900;25458.5;25461.5;25448.75;25460.5;168
20251211 034000;25459.5;25464.5;25456.5;25461.75;100
20251211 034100;25463.5;25468.5;25459;25459;103
20251211 034200;25458.75;25475;25458.75;25471.25;166
20251211 034300;25471.25;25471.75;25465.75;25470.25;78
20251211 034400;25470.25;25475.75;25467;25467;86
20251211 034500;25470.5;25475.25;25469;25475.25;76
20251211 034600;25473.5;25477.25;25463.5;25468.25;145
20251211 034700;25468.25;25475.25;25463.25;25473.5;90
20251211 034800;25475;25479.5;25473.75;25477.5;95
20251211 034900;25476.75;25488.25;25475.5;25485.75;158
20251211 035000;25485.75;25497.75;25485.25;25490.25;438
20251211 035100;25489.5;25495.75;25488;25492.25;166
20251211 035200;25492.25;25493;25485.75;25485.75;141
20251211 035300;25485.75;25487.75;25481;25481.75;116
20251211 035400;25481.25;25486;25475.25;25485.75;158
20251211 035500;25485;25486.5;25472.75;25473.5;151
20251211 035600;25472.5;25473.5;25466.25;25471;196
20251211 035700;25472.5;25477.75;25470.75;25473.75;102
20251211 035800;25474;25486.75;25474;25482;128
20251211 035900;25480.5;25486.25;25478.5;25481.25;88
20251211 040000;25482;25488.5;25479.75;25486.5;123
20251211 040100;25486.5;25488.5;25477.25;25484;152
20251211 040200;25484;25484;25476;25483;114
20251211 040300;25483;25488.75;25482.5;25484.75;140
20251211 040400;25484.75;25485.75;25480;25484;126
20251211 040500;25484;25487.25;25481;25487.25;91
20251211 040600;25487.5;25497.25;25487.25;25496.75;193
20251211 040700;25496.5;25508;25495.5;25507.75;365
20251211 040800;25508;25510.5;25503.5;25507;258
20251211 040900;25507.5;25509.75;25504;25507.75;90
20251211 041000;25509;25510.5;25503;25504.75;114
20251211 041100;25506;25519;25506;25516.25;242
20251211 041200;25515.5;25523;25515.5;25518.25;259
20251211 041300;25518.25;25534;25518.25;25530.5;333
20251211 041400;25531;25533;25524;25526.75;172
20251211 041500;25526.25;25528;25517;25517.75;184
20251211 041600;25516.75;25522.25;25515;25516;139
20251211 041700;25516.5;25521.5;25512.75;25518.75;177
20251211 041800;25517.5;25524.75;25516.75;25519;92
20251211 041900;25517.75;25523.25;25517;25521.5;57
20251211 042000;25522;25524;25520;25521.25;63
20251211 042100;25521.25;25522;25516;25520.5;84
20251211 042200;25521.5;25522.75;25514.75;25520;180
20251211 042300;25520.75;25521.25;25504.5;25506.25;257
20251211 042400;25505.75;25508;25499;25500.25;258
20251211 042500;25501.25;25512;25496.25;25507.75;193
20251211 042600;25508.25;25511.25;25504.25;25509.75;79
20251211 042700;25509;25509;25505.5;25508.25;29
20251211 042800;25508.75;25510;25506.75;25509.75;37
20251211 042900;25510;25511.25;25504.75;25505.75;49
20251211 043000;25505.75;25509;25502.75;25508.5;63
20251211 043100;25507.5;25509.75;25503.75;25506.5;46
20251211 043200;25506;25507.25;25502.5;25502.75;32
20251211 043300;25502.25;25505;25501.5;25503.25;45
20251211 043400;25505.25;25506.5;25497.75;25505;121
20251211 043500;25506.5;25508.75;25504.25;25505.5;66
20251211 043600;25505.5;25505.5;25497.5;25499.75;44
20251211 043700;25499.75;25501.75;25494.25;25501;115
20251211 043800;25502;25505;25499.75;25499.75;66
20251211 043900;25499.5;25504.5;25497.25;25502.75;49
20251211 044000;25504;25515.25;25504;25514.5;152
20251211 044100;25514;25518.25;25510.5;25516.5;128
20251211 044200;25516.75;25525.75;25514.75;25524.25;196
20251211 044300;25524.75;25524.75;25520.25;25522.5;70
20251211 044400;25522.75;25522.75;25514.25;25515.5;80
20251211 044500;25514.75;25516.5;25510.5;25511.75;60
20251211 044600;25511;25516.25;25509.25;25516.25;62
20251211 044700;25516;25518;25503;25503.75;99
20251211 044800;25502.5;25507;25501.25;25507;85
20251211 044900;25506.75;25510.5;25506.25;25507.75;76
20251211 045000;25505.75;25514.75;25505.25;25513.75;78
20251211 045100;25515;25522;25515;25521.75;106
20251211 045200;25520.25;25522.5;25517.25;25522.5;65
20251211 045300;25522.75;25524.25;25517;25520;65
20251211 045400;25518.75;25518.75;25512.75;25513.25;59
20251211 045500;25513.5;25518;25511.5;25513.5;141
20251211 045600;25512;25512;25508;25508;55
20251211 045700;25509;25510.75;25508.25;25509.25;40
20251211 045800;25509.5;25513;25508.75;25510.25;37
20251211 045900;25509.25;25510.25;25507;25509.5;35
20251211 050000;25510;25510;25504.75;25509.5;40
20251211 050100;25507.75;25509.5;25500.75;25507;161
20251211 050200;25510;25510;25504.5;25507;59
20251211 050300;25509;25512.25;25507;25510;48
20251211 050400;25509.5;25510;25505.5;25508;18
20251211 050500;25507.25;25508.75;25505;25507.25;36
20251211 050600;25508.75;25509.25;25497;25499.25;116
20251211 050700;25498.25;25502.75;25497;25499.75;45
20251211 050800;25499.75;25501.5;25497.25;25499.25;18
20251211 050900;25497;25499;25490.5;25495.75;133
20251211 051000;25497;25500;25495.5;25497.5;61
20251211 051100;25497.5;25498.5;25493;25495.5;52
20251211 051200;25495.25;25499.25;25495.25;25496.75;56
20251211 051300;25496.5;25499.25;25495.5;25499;31
20251211 051400;25499;25503.75;25495.25;25498;52
20251211 051500;25496;25497.25;25494.5;25495;37
20251211 051600;25495.75;25497;25492.75;25496.75;40
20251211 051700;25497.75;25504.75;25497.75;25502.75;80
20251211 051800;25502.25;25508.25;25501.25;25507;92
20251211 051900;25506;25507.5;25501.75;25505.5;46
20251211 052000;25505.25;25506.5;25502;25505;58
20251211 052100;25503.75;25507.75;25496;25505;81
20251211 052200;25504;25504.25;25500.75;25500.75;14
20251211 052300;25502;25502.5;25494;25496;129
20251211 052400;25497;25503.5;25495.75;25500.75;84
20251211 052500;25501.5;25504.75;25498;25498;95
20251211 052600;25497;25502.25;25497;25500.75;35
20251211 052700;25500;25501.75;25499;25499.5;23
20251211 052800;25498.75;25500.5;25495;25497.5;76
20251211 052900;25494.75;25494.75;25490.25;25492.75;84
20251211 053000;25491.75;25492.75;25486.25;25489.25;121
20251211 053100;25489;25495.5;25485.75;25495.5;145
20251211 053200;25494;25494.25;25487.25;25490.75;61
20251211 053300;25490.25;25492;25485.25;25489;71
20251211 053400;25488.75;25493.75;25488;25489.75;73
20251211 053500;25491.5;25494.75;25483.5;25487.25;59
20251211 053600;25486.75;25490.5;25484.25;25489.5;23
20251211 053700;25488.5;25493.5;25488;25493.5;42
20251211 053800;25494;25499.75;25493.75;25496.25;91
20251211 053900;25495.75;25495.75;25493;25493.5;26
20251211 054000;25495.5;25500;25495.5;25499;56
20251211 054100;25499;25500.25;25495.75;25498.5;33
20251211 054200;25499.25;25500.5;25496.75;25498.5;67
20251211 054300;25497.5;25498.25;25494.25;25496;62
20251211 054400;25498;25498;25491.5;25492.25;55
20251211 054500;25494.5;25494.5;25490;25493.25;26
20251211 054600;25492.75;25498.75;25492.75;25494;70
20251211 054700;25493;25494.5;25490;25492.25;51
20251211 054800;25492.75;25505.5;25492.75;25504.25;114
20251211 054900;25505.25;25508.25;25504.5;25504.5;52
20251211 055000;25504;25508.75;25502;25508;38
20251211 055100;25508.5;25521.5;25507.5;25519;241
20251211 055200;25521;25521;25513.75;25514.75;39
20251211 055300;25513.5;25516.5;25511;25514.5;69
20251211 055400;25516.25;25516.75;25514.5;25516.75;19
20251211 055500;25517.25;25517.5;25514.5;25516;36
20251211 055600;25515;25516.75;25513;25513;34
20251211 055700;25513;25514.25;25512.5;25513.25;15
20251211 055800;25514.5;25519;25513.75;25519;57
20251211 055900;25518.25;25519;25514;25514.75;33
20251211 060000;25513;25515.25;25513;25514;15
20251211 060100;25514.5;25517;25514;25515.5;63
20251211 060200;25516;25523.5;25516;25521.75;60
20251211 060300;25521.25;25523;25519.75;25522.25;62
20251211 060400;25522;25522;25508;25513;151
20251211 060500;25513.75;25515.25;25510;25512.75;55
20251211 060600;25512.25;25512.75;25504;25505.5;100
20251211 060700;25505.5;25506;25498.75;25506;103
20251211 060800;25503.25;25504;25502;25502.25;28
20251211 060900;25500.75;25508;25498.5;25507;45
20251211 061000;25506.25;25507;25503.5;25503.75;23
20251211 061100;25504.75;25507.75;25502.25;25504.25;18
20251211 061200;25502.5;25504.5;25499.75;25504;45
20251211 061300;25503.5;25511;25503.5;25510.5;78
20251211 061400;25511;25511;25504.5;25506.5;50
20251211 061500;25506.25;25509;25501.5;25508;51
20251211 061600;25507.25;25511.25;25504.75;25510.75;63
20251211 061700;25510.5;25511.25;25503.5;25507.5;98
20251211 061800;25507.5;25507.75;25504.75;25504.75;25
20251211 061900;25506.25;25506.5;25501;25503;43
20251211 062000;25502.75;25503;25494.75;25497;102
20251211 062100;25495.75;25495.75;25487;25489;124
20251211 062200;25489.5;25489.5;25484.75;25485.25;89
20251211 062300;25488;25490.75;25487;25490.75;39
20251211 062400;25489.25;25489.25;25484.5;25484.75;33
20251211 062500;25484;25487.5;25480.75;25486.5;90
20251211 062600;25487;25489;25480.75;25482.25;48
20251211 062700;25483.75;25487;25482;25483;53
20251211 062800;25483.75;25488;25483;25483.25;51
20251211 062900;25483.75;25483.75;25478.5;25481;60
20251211 063000;25482;25482.25;25470.75;25472.5;130
20251211 063100;25473;25480;25472.5;25475.5;114
20251211 063200;25477;25482.25;25472;25473.75;51
20251211 063300;25474.25;25484.25;25474.25;25482.5;115
20251211 063400;25482;25484.75;25478.5;25483.25;52
20251211 063500;25484;25486.5;25481.5;25484;61
20251211 063600;25485.75;25496.5;25485.75;25494;118
20251211 063700;25493.25;25501.25;25493.25;25499;89
20251211 063800;25499.75;25503.25;25496;25502;88
20251211 063900;25498.75;25505.25;25498.5;25503;34
20251211 064000;25502.75;25508.5;25499.75;25507.75;98
20251211 064100;25507;25508.75;25504;25508;114
20251211 064200;25507.5;25510;25503.5;25509;57
20251211 064300;25510;25511.5;25503.75;25506.25;89
20251211 064400;25505.5;25507.75;25504;25507;38
20251211 064500;25507.75;25511.5;25507.75;25509.75;53
20251211 064600;25509.25;25514.5;25508.25;25511;42
20251211 064700;25512.75;25513.5;25502.75;25508.5;67
20251211 064800;25510;25512.25;25509.5;25510;36
20251211 064900;25510;25514.25;25510;25511.75;19
20251211 065000;25511.25;25512;25506.75;25506.75;52
20251211 065100;25507.75;25508.5;25502;25503.25;65
20251211 065200;25505.25;25507.25;25501.25;25504.5;41
20251211 065300;25503.25;25503.25;25494.5;25495.5;84
20251211 065400;25497.75;25498.5;25494.5;25494.5;33
20251211 065500;25495.75;25500.5;25495.5;25499.25;20
20251211 065600;25498.25;25503;25497;25502.75;58
20251211 065700;25502.75;25506.5;25502;25505.75;39
20251211 065800;25505.75;25512.75;25505.75;25510.75;92
20251211 065900;25511;25514.75;25507.75;25509.75;79
20251211 070000;25509.75;25512.5;25507.5;25510;48
20251211 070100;25510.25;25511.75;25507.25;25509.5;73
20251211 070200;25507.25;25509.5;25498.75;25501.5;113
20251211 070300;25499.75;25501.25;25492.25;25496.75;81
20251211 070400;25496.25;25500.75;25494.5;25495.25;66
20251211 070500;25497.25;25497.5;25487.75;25488;75
20251211 070600;25488;25490.5;25482;25485.5;122
20251211 070700;25484.5;25484.5;25475;25479.5;155
20251211 070800;25479;25483;25477.25;25482.25;84
20251211 070900;25483.25;25491.5;25482.25;25488.75;116
20251211 071000;25487.5;25489;25483.25;25489;58
20251211 071100;25487.5;25490.75;25486.5;25487.25;68
20251211 071200;25486.25;25494;25485.5;25494;94
20251211 071300;25495.5;25507;25492.25;25505.5;112
20251211 071400;25504.75;25506.5;25499.75;25502.25;91
20251211 071500;25502.25;25505.5;25501;25504.75;56
20251211 071600;25504.75;25510.75;25502;25509.5;50
20251211 071700;25509;25509;25503.25;25503.25;52
20251211 071800;25505.25;25505.5;25502.25;25504.25;60
20251211 071900;25504.25;25506.75;25495.75;25506.25;173
20251211 072000;25506.25;25510;25506.25;25510;45
20251211 072100;25510;25510.75;25507.25;25507.25;74
20251211 072200;25507.5;25507.5;25504;25505;37
20251211 072300;25504.5;25512.75;25504.25;25508.25;92
20251211 072400;25507.75;25513.25;25506.75;25512;35
20251211 072500;25510.75;25511.25;25506.5;25507;51
20251211 072600;25507.5;25511.25;25507;25509.5;36
20251211 072700;25510.25;25517.25;25510;25513.75;78
20251211 072800;25512.75;25518;25512.75;25515.25;75
20251211 072900;25516.5;25517;25512.75;25517;44
20251211 073000;25517.5;25522.75;25517;25520.75;151
20251211 073100;25521.75;25526;25520.75;25522.5;109
20251211 073200;25523;25523;25517;25518.5;89
20251211 073300;25519.5;25522.25;25518;25521.75;38
20251211 073400;25521;25525;25521;25524;66
20251211 073500;25524;25526.75;25522;25524.25;63
20251211 073600;25526.25;25531.75;25524.75;25528.5;79
20251211 073700;25527.75;25535.75;25525.75;25532.75;101
20251211 073800;25532.75;25535.75;25532.25;25534.25;78
20251211 073900;25534.5;25539;25533;25537.5;126
20251211 074000;25537.25;25538.25;25532;25535;110
20251211 074100;25535.75;25539.5;25533;25533;100
20251211 074200;25533;25535.5;25532;25533.25;73
20251211 074300;25534.5;25538;25530.25;25537;97
20251211 074400;25537.5;25539;25533;25535.25;71
20251211 074500;25535.5;25535.75;25529.75;25530.75;108
20251211 074600;25531.25;25537;25530;25534.25;60
20251211 074700;25530.75;25530.75;25523.75;25524.75;98
20251211 074800;25524.5;25528;25523;25527.25;97
20251211 074900;25528;25537;25528;25537;56
20251211 075000;25537.25;25540.75;25536.75;25539.25;123
20251211 075100;25539.25;25540;25532.5;25533;58
20251211 075200;25533.75;25537.75;25533.75;25534.5;49
20251211 075300;25533.5;25536;25532.25;25536;35
20251211 075400;25535.25;25536.5;25533.75;25535;19
20251211 075500;25534.75;25535.75;25532;25535.75;43
20251211 075600;25536.75;25539;25528.75;25530.5;78
20251211 075700;25531.25;25537.75;25528.75;25533.5;207
20251211 075800;25533.25;25542.25;25533.25;25538.5;79
20251211 075900;25539.25;25539.25;25533.25;25537;22
20251211 080000;25536;25541;25534.25;25539.75;100
20251211 080100;25539;25543;25531.5;25532.75;195
20251211 080200;25532.25;25533;25516;25516;204
20251211 080300;25515;25518.25;25502.75;25507.75;252
20251211 080400;25505.75;25514.5;25502.5;25511.5;191
20251211 080500;25511.25;25513;25501;25504.5;239
20251211 080600;25504.25;25507.25;25498.5;25504.75;200
20251211 080700;25504.75;25512.25;25502.25;25502.5;128
20251211 080800;25504;25507;25498.75;25500.75;81
20251211 080900;25498.25;25508;25494;25506.5;189
20251211 081000;25505.5;25505.5;25486.75;25488.5;253
20251211 081100;25488.75;25488.75;25478.25;25478.5;249
20251211 081200;25478.25;25490.5;25477.25;25487.5;220
20251211 081300;25488.5;25497;25481.5;25496;173
20251211 081400;25497.25;25503.5;25496.5;25497.5;107
20251211 081500;25498.75;25501.25;25487;25494.25;163
20251211 081600;25494.75;25498;25487;25495.75;143
20251211 081700;25494.5;25501.75;25494.5;25496.75;107
20251211 081800;25496.5;25497.5;25490.75;25494.25;126
20251211 081900;25496;25499.75;25494.75;25496;76
20251211 082000;25497.25;25497.25;25481;25485;150
20251211 082100;25486.75;25487.75;25478;25482.75;134
20251211 082200;25482;25499.5;25482;25496.75;147
20251211 082300;25496;25503.25;25490.25;25490.25;129
20251211 082400;25490.5;25502;25489;25499.75;80
20251211 082500;25498.5;25501.75;25495.25;25498.75;77
20251211 082600;25500;25501.25;25490.5;25494.25;85
20251211 082700;25494.25;25496.75;25487.5;25490.25;90
20251211 082800;25488.25;25500.25;25488;25500.25;78
20251211 082900;25500.5;25504.75;25496.5;25496.75;96
20251211 083000;25495.5;25498.75;25485.75;25487.25;107
20251211 083100;25485.75;25488;25480;25483;141
20251211 083200;25483.75;25485.75;25478.75;25482.5;114
20251211 083300;25483;25486.75;25479.25;25481.25;102
20251211 083400;25483.5;25484.5;25478.75;25481.25;82
20251211 083500;25481;25481.5;25474.5;25477.25;117
20251211 083600;25477;25483.25;25474.25;25482.75;131
20251211 083700;25482.25;25490.75;25478.5;25486.25;116
20251211 083800;25485;25496;25484;25494.25;116
20251211 083900;25493.5;25502;25493;25494.75;99
20251211 084000;25495;25500.5;25494;25498.5;65
20251211 084100;25499.25;25504.25;25495;25500.75;96
20251211 084200;25501.5;25503;25494.75;25496.75;75
20251211 084300;25496.5;25499.75;25487.75;25490.75;119
20251211 084400;25489;25493.5;25487;25492.5;82
20251211 084500;25492.5;25494.25;25486.5;25486.5;59
20251211 084600;25486.75;25486.75;25483.75;25485.5;68
20251211 084700;25490;25498;25489;25493.75;95
20251211 084800;25493.75;25497;25489.75;25494;53
20251211 084900;25496;25496.5;25489;25490.25;60
20251211 085000;25489;25491.75;25485;25491.5;53
20251211 085100;25491;25522;25489;25508.75;428
20251211 085200;25509.75;25519.75;25509.75;25516.75;207
20251211 085300;25517;25531.5;25517;25530;333
20251211 085400;25531;25533.25;25526;25526;135
20251211 085500;25525;25527.5;25516;25520.5;161
20251211 085600;25519.5;25521.75;25516.25;25519.25;123
20251211 085700;25518.75;25520;25510;25517.75;146
20251211 085800;25516.5;25528.25;25514;25522.25;230
20251211 085900;25521.75;25533;25521.75;25533;114
20251211 090000;25533;25544.25;25533;25536.5;187
20251211 090100;25536.25;25538;25529.25;25532.5;206
20251211 090200;25531.75;25543.25;25531.75;25541.5;137
20251211 090300;25542.5;25542.5;25532.75;25537.75;127
20251211 090400;25536.5;25544;25534.5;25541.5;106
20251211 090500;25541.5;25543.75;25537.5;25542;154
20251211 090600;25542;25558.5;25537.25;25556.5;396
20251211 090700;25557.5;25560.75;25557;25558.75;193
20251211 090800;25558.75;25569;25558.75;25567.75;313
20251211 090900;25567.75;25573;25564;25564.25;192
20251211 091000;25564;25564;25556;25557.5;227
20251211 091100;25558.75;25568.25;25552.5;25568;185
20251211 091200;25568.25;25573;25565.5;25568.5;180
20251211 091300;25568.5;25570;25564.25;25564.75;122
20251211 091400;25563.5;25565.25;25558.75;25559.75;65
20251211 091500;25560.5;25571.75;25559.75;25569.25;93
20251211 091600;25570;25577;25563.75;25563.75;284
20251211 091700;25564.75;25567.75;25562.5;25563.5;134
20251211 091800;25562.5;25571.5;25559.5;25570.75;154
20251211 091900;25570;25576;25569.75;25573.5;132
20251211 092000;25573.5;25577;25573.5;25576;107
20251211 092100;25575.25;25579;25572.25;25577.5;160
20251211 092200;25577.75;25587.25;25577.75;25586;199
20251211 092300;25587.25;25592;25585.25;25590.75;184
20251211 092400;25591;25593.75;25589.25;25589.25;131
20251211 092500;25589.25;25592.75;25586.75;25590.75;99
20251211 092600;25590.5;25591.5;25584.5;25585.75;141
20251211 092700;25584.5;25584.5;25579.5;25580;148
20251211 092800;25580.25;25580.75;25571.25;25575.75;223
20251211 092900;25574.5;25583.75;25572.5;25581.25;125
20251211 093000;25581.75;25588;25581.75;25584;110
20251211 093100;25583.75;25592.5;25582.25;25592.25;180
20251211 093200;25591;25593.5;25586.25;25588.5;100
20251211 093300;25588.5;25590.5;25585.25;25586.5;66
20251211 093400;25587.75;25590;25587;25588;115
20251211 093500;25589;25590.25;25579.25;25580;109
20251211 093600;25579.25;25581.5;25577.5;25579.25;75
20251211 093700;25578.5;25582.25;25577.75;25579.5;56
20251211 093800;25579;25589.5;25579;25588.75;51
20251211 093900;25588;25597.75;25586.5;25596.75;217
20251211 094000;25595;25598.75;25590.25;25598;131
20251211 094100;25596.75;25599.75;25591;25594;130
20251211 094200;25593;25593;25586.75;25591;146
20251211 094300;25590.75;25591.75;25585;25585;85
20251211 094400;25585.75;25593.25;25583.5;25591.5;87
20251211 094500;25589;25591.25;25585.75;25589.75;92
20251211 094600;25589;25591.5;25588;25589.5;38
20251211 094700;25589;25593.25;25587.75;25590.75;61
20251211 094800;25592;25596.25;25588;25595.25;82
20251211 094900;25597;25598.25;25595.25;25597.5;62
20251211 095000;25597;25604.25;25597;25603;231
20251211 095100;25602.75;25603.75;25598.75;25601.75;78
20251211 095200;25602.75;25604.5;25599.5;25602.5;100
20251211 095300;25602;25607;25600.25;25606.25;220
20251211 095400;25605.5;25617.5;25605;25617.5;265
20251211 095500;25617.5;25623.75;25608.75;25608.75;276
20251211 095600;25608.5;25611.25;25605.75;25607.25;104
20251211 095700;25608;25610;25603.5;25603.5;83
20251211 095800;25603.5;25606.25;25600.75;25601.75;95
20251211 095900;25603;25605.5;25602.25;25602.25;57
20251211 100000;25602.75;25605;25600.5;25603.5;85
20251211 100100;25604;25610.25;25601.5;25602.25;160
20251211 100200;25602;25603;25597.75;25601.25;166
20251211 100300;25601.75;25608.75;25600;25603.25;104
20251211 100400;25604;25605.75;25602.5;25604.5;36
20251211 100500;25603.25;25603.25;25595.75;25596.25;81
20251211 100600;25597.5;25600.25;25593;25593.25;77
20251211 100700;25593;25597.75;25586.75;25594;174
20251211 100800;25595.5;25597.5;25594.5;25597;39
20251211 100900;25597;25599;25595.25;25595.75;45
20251211 101000;25597.5;25597.5;25589.75;25592.5;63
20251211 101100;25592.75;25594.25;25582.25;25584.25;192
20251211 101200;25584;25589.25;25580;25589.25;154
20251211 101300;25589;25602.25;25587.5;25602.25;154
20251211 101400;25603.25;25610.5;25603.25;25605;196
20251211 101500;25605.75;25611;25603.5;25610.75;134
20251211 101600;25611;25614.75;25609;25610;102
20251211 101700;25610.5;25616.5;25610;25612;147
20251211 101800;25612.5;25613.5;25608.5;25613.5;89
20251211 101900;25614.75;25615.25;25607;25610.25;94
20251211 102000;25610;25610;25606.25;25608.75;39
20251211 102100;25609.5;25609.5;25599.5;25601.25;72
20251211 102200;25601;25604.5;25598.75;25599.75;70
20251211 102300;25599.75;25601.5;25594.5;25599.75;50
20251211 102400;25599;25599.75;25594;25599.75;41
20251211 102500;25600.75;25602.75;25596.5;25602.75;48
20251211 102600;25603.25;25608.75;25599.25;25607.25;120
20251211 102700;25607;25614.75;25607;25613.75;126
20251211 102800;25614;25616;25607;25608.5;90
20251211 102900;25606.75;25608.75;25603;25603;38
20251211 103000;25606;25606.25;25601.75;25604.5;67
20251211 103100;25605.75;25607.75;25599.75;25600.25;91
20251211 103200;25600.75;25601.75;25593.75;25594.5;80
20251211 103300;25594.75;25598;25594;25594;63
20251211 103400;25593.75;25601;25593.75;25596.5;59
20251211 103500;25596;25598;25591.5;25596.75;70
20251211 103600;25596;25596;25590.25;25591.25;40
20251211 103700;25590.75;25595.25;25588.75;25592.25;76
20251211 103800;25590.75;25595.5;25590;25593.75;65
20251211 103900;25595.5;25598.25;25592.75;25597;57
20251211 104000;25597.5;25598;25594.75;25595.5;22
20251211 104100;25594.75;25597;25592.5;25595.5;48
20251211 104200;25596.5;25597.25;25593.75;25593.75;30
20251211 104300;25593;25596.25;25590.75;25593.75;51
20251211 104400;25593.5;25594.75;25591.5;25594.25;30
20251211 104500;25594.25;25596.5;25591.25;25592.25;21
20251211 104600;25592.5;25602;25592.5;25600.5;123
20251211 104700;25599.25;25602.5;25599;25601.5;59
20251211 104800;25602.25;25603.75;25593;25600.5;82
20251211 104900;25600.25;25604.25;25596.5;25600.5;52
20251211 105000;25601.5;25603.75;25595.5;25598;33
20251211 105100;25598.5;25602.75;25597.5;25600.5;30
20251211 105200;25599.75;25604.75;25598.5;25604;59
20251211 105300;25604.5;25606;25598.25;25601;56
20251211 105400;25601;25603.5;25598.25;25598.25;56
20251211 105500;25598.25;25600;25593.5;25597.25;71
20251211 105600;25596.25;25597.5;25590.5;25596;77
20251211 105700;25594.75;25598.5;25593.75;25596.5;40
20251211 105800;25597;25602.75;25597;25600;62
20251211 105900;25599.75;25601.25;25597.5;25599.5;37
20251211 110000;25599.5;25600;25596.5;25598;41
20251211 110100;25598;25600.25;25596.75;25597.25;92
20251211 110200;25597;25598.5;25591.25;25598;54
20251211 110300;25595.25;25596.5;25591.75;25593.25;41
20251211 110400;25593.75;25598.75;25592.75;25596.5;33
20251211 110500;25598.75;25603.25;25598.75;25602.25;45
20251211 110600;25603;25607.25;25603;25606.5;75
20251211 110700;25606.75;25607.75;25601;25602.5;142
20251211 110800;25601.5;25607.25;25601.5;25605.25;58
20251211 110900;25605.25;25609;25603.75;25606.25;78
20251211 111000;25605.5;25610.25;25605.25;25610.25;87
20251211 111100;25609.25;25609.25;25606;25606;35
20251211 111200;25606;25609;25604;25609;71
20251211 111300;25608.25;25613;25607;25611.5;82
20251211 111400;25610.75;25611.5;25604.75;25611;32
20251211 111500;25610.75;25612.75;25603.75;25607;59
20251211 111600;25607;25610;25603.25;25605.5;49
20251211 111700;25606.25;25610.25;25606.25;25607.25;62
20251211 111800;25606.75;25607.5;25604;25604.75;22
20251211 111900;25604.25;25604.25;25596.25;25599.75;151
20251211 112000;25600;25605.5;25600;25601;57
20251211 112100;25601.5;25605.5;25600.75;25601.75;49
20251211 112200;25600.25;25602.5;25598.75;25600.5;38
20251211 112300;25600.5;25600.75;25597.5;25600.25;26
20251211 112400;25600.5;25605.5;25600.5;25605.5;36
20251211 112500;25605;25606.25;25601;25602;25
20251211 112600;25601;25601;25598.5;25599.25;31
20251211 112700;25599.25;25601;25599;25599.75;19
20251211 112800;25601.5;25606;25600;25606;44
20251211 112900;25607;25608.25;25603.75;25603.75;40
20251211 113000;25604.25;25606.75;25603.75;25606.5;30
20251211 113100;25607.5;25609;25603.75;25606;47
20251211 113200;25605.75;25608.25;25605.75;25607;32
20251211 113300;25607;25607;25600.75;25602;35
20251211 113400;25600.5;25603.25;25595.5;25597;62
20251211 113500;25597.25;25598.5;25595;25597.75;57
20251211 113600;25598.75;25604;25598.75;25604;53
20251211 113700;25604;25606;25600.75;25601.5;32
20251211 113800;25600.5;25605;25599.5;25605;28
20251211 113900;25605.25;25605.25;25600.5;25602.75;69
20251211 114000;25602.5;25604.25;25600.75;25601;20
20251211 114100;25600.75;25605.75;25600.75;25605;60
20251211 114200;25605.25;25608.25;25599.5;25601.5;70
20251211 114300;25603;25607.25;25600.5;25601;69
20251211 114400;25601.25;25603.25;25599.5;25602.25;23
20251211 114500;25605;25608;25603.25;25605.75;51
20251211 114600;25606.75;25610.25;25603;25603.25;73
20251211 114700;25603;25617.75;25603;25617.75;122
20251211 114800;25618;25620;25615.5;25618;92
20251211 114900;25618.25;25619.5;25612.5;25617.25;75
20251211 115000;25617.5;25622;25617;25621.5;89
20251211 115100;25622.5;25630;25618.5;25622;427
20251211 115200;25622.75;25625.5;25618.75;25624.75;115
20251211 115300;25624.5;25627.25;25623.25;25625.25;104
20251211 115400;25623.5;25625.5;25621.25;25623.75;73
20251211 115500;25624.5;25626.75;25622.25;25624;56
20251211 115600;25623.5;25627;25623;25624.75;111
20251211 115700;25624.5;25627;25620.25;25627;131
20251211 115800;25627;25629.75;25625.25;25626.25;146
20251211 115900;25626;25629.25;25623.75;25627;60
20251211 120000;25626.75;25630;25621;25623.5;152
20251211 120100;25622.75;25629.25;25617;25617.25;278
20251211 120200;25617.75;25622.75;25617.75;25620.25;52
20251211 120300;25621.25;25626;25619;25622.5;61
20251211 120400;25623;25629;25622.5;25629;65
20251211 120500;25628.75;25640;25628;25636.5;345
20251211 120600;25636.25;25636.75;25630;25633.75;160
20251211 120700;25634;25638.25;25631.75;25633;71
20251211 120800;25633.25;25634.75;25626.5;25631.5;159
20251211 120900;25631.5;25631.75;25625.75;25626.5;89
20251211 121000;25626.5;25632.75;25625;25631.5;66
20251211 121100;25631.75;25638;25631.75;25633.5;162
20251211 121200;25632.75;25638.75;25630.5;25638.5;71
20251211 121300;25639;25643.5;25637.25;25639.25;163
20251211 121400;25640;25645;25637;25643.5;145
20251211 121500;25643.25;25647;25642;25642.75;139
20251211 121600;25643;25648.5;25642.5;25648.5;158
20251211 121700;25648;25651;25646;25646.5;170
20251211 121800;25646.5;25648.75;25645;25645.75;144
20251211 121900;25645.25;25648.25;25644;25645;92
20251211 122000;25644.5;25657.25;25641.25;25657.25;312
20251211 122100;25657;25664.25;25650.75;25661.75;469
20251211 122200;25661.25;25669.75;25661;25669;305
20251211 122300;25669.75;25672.25;25663.75;25671.5;373
20251211 122400;25671;25680;25669;25671;394
20251211 122500;25672;25677.5;25671;25673.75;147
20251211 122600;25675.5;25677.25;25672.75;25676.25;81
20251211 122700;25676.75;25680;25673.5;25677.25;224
20251211 122800;25676.5;25679.75;25675.75;25676.5;84
20251211 122900;25677;25677.5;25673.25;25673.5;144
20251211 123000;25673.25;25678.5;25673;25677;127
20251211 123100;25678;25681.25;25671.25;25680.25;314
20251211 123200;25680.5;25694;25673.25;25678;551
20251211 123300;25678.5;25684.25;25675.5;25683.5;198
20251211 123400;25684;25694.25;25684;25693;266
20251211 123500;25693.25;25700.5;25690.25;25696.5;425
20251211 123600;25696.75;25701;25684.25;25684.5;308
20251211 123700;25684;25692.75;25683;25691.75;242
20251211 123800;25691.25;25691.25;25686;25690.25;159
20251211 123900;25690.5;25698.25;25690.25;25694;196
20251211 124000;25694.5;25696.25;25689.5;25694.25;149
20251211 124100;25695.25;25698.75;25689;25689;204
20251211 124200;25689.25;25692.5;25683.75;25692.5;175
20251211 124300;25692;25692.5;25684.25;25686;132
20251211 124400;25686.25;25687.25;25683.5;25683.5;100
20251211 124500;25683.25;25692;25683.25;25688.75;116
20251211 124600;25689.25;25690.25;25685.75;25686.25;84
20251211 124700;25686.5;25692.5;25685.5;25686.5;172
20251211 124800;25687.5;25688.75;25682.5;25685.25;114
20251211 124900;25686;25686.25;25681.75;25684.25;138
20251211 125000;25683.25;25687.75;25679.25;25684.75;185
20251211 125100;25684.25;25687.25;25682;25682.25;97
20251211 125200;25682.5;25690;25681;25687.5;129
20251211 125300;25687.25;25687.5;25683;25685.5;103
20251211 125400;25685.75;25688.25;25684;25685.25;57
20251211 125500;25685.75;25687.25;25684;25684.5;43
20251211 125600;25685.25;25687.75;25684;25685;56
20251211 125700;25685.5;25692;25685;25691;246
20251211 125800;25691;25695.25;25689.5;25692.5;130
20251211 125900;25692.75;25699.5;25692.5;25697;190
20251211 130000;25696.25;25699.5;25691.75;25692.5;179
20251211 130100;25692.5;25698;25691.75;25696.25;174
20251211 130200;25697.5;25699.5;25689.5;25690.5;196
20251211 130300;25690.75;25691;25685;25689.25;226
20251211 130400;25689.75;25691.75;25679;25679;165
20251211 130500;25678.75;25687.5;25678.75;25682.5;160
20251211 130600;25683;25683.75;25675.25;25676;180
20251211 130700;25676.5;25677.75;25668.25;25668.5;232
20251211 130800;25668.75;25675;25666.5;25672.75;196
20251211 130900;25673.25;25673.25;25666.75;25671.75;99
20251211 131000;25671.5;25673.75;25665.25;25665.75;120
20251211 131100;25666;25669;25664.75;25665.75;108
20251211 131200;25665.75;25670.75;25665;25669.5;145
20251211 131300;25669.5;25674;25669;25671.25;124
20251211 131400;25671.5;25673;25670;25673;84
20251211 131500;25672.25;25677.75;25672;25675.75;230
20251211 131600;25675.75;25676;25671.75;25673.25;82
20251211 131700;25673.25;25681.75;25673.25;25681;97
20251211 131800;25680.75;25684.5;25676.75;25677;109
20251211 131900;25679.25;25683;25676.75;25680.75;66
20251211 132000;25680.75;25683;25678;25678;97
20251211 132100;25677.5;25678.75;25672.5;25672.5;114
20251211 132200;25673;25677;25671.75;25676.25;98
20251211 132300;25676.25;25678.5;25673.5;25676.25;69
20251211 132400;25676.25;25678.75;25674;25675.75;64
20251211 132500;25675.5;25677.25;25673;25673;66
20251211 132600;25672.25;25674;25668.75;25673.5;95
20251211 132700;25673.25;25673.75;25668.25;25673.25;148
20251211 132800;25672;25672.75;25667.75;25668.5;62
20251211 132900;25668.5;25672.5;25668.5;25672.5;60
20251211 133000;25673.5;25677;25672.75;25672.75;121
20251211 133100;25673.5;25687;25660.75;25665.25;452
20251211 133200;25665.25;25668.5;25652.75;25652.75;392
20251211 133300;25652.75;25660;25650.5;25656;525
20251211 133400;25655.5;25661;25653.5;25658.25;198
20251211 133500;25658.5;25663;25648.5;25648.5;221
20251211 133600;25649.5;25657.75;25647;25653.25;202
20251211 133700;25654.25;25660;25650;25660;132
20251211 133800;25660;25661;25646.25;25655.25;387
20251211 133900;25655.75;25657.75;25652.25;25653.75;142
20251211 134000;25653;25656.5;25648.75;25650.5;198
20251211 134100;25650;25658.75;25649;25658;201
20251211 134200;25658;25660.25;25648.75;25648.75;287
20251211 134300;25648.5;25650.75;25632;25636.75;776
20251211 134400;25637.25;25642.5;25635.5;25638.25;225
20251211 134500;25638.75;25643;25638.75;25643;135
20251211 134600;25641.25;25646.75;25635.75;25646;246
20251211 134700;25645.75;25651.25;25644.25;25648.25;259
20251211 134800;25647;25647;25637.25;25642.75;284
20251211 134900;25642;25647.75;25641.25;25646.5;104
20251211 135000;25647.5;25650.75;25643.75;25648.25;120
20251211 135100;25648;25652;25646;25651;242
20251211 135200;25650.5;25652;25647;25652;124
20251211 135300;25651.75;25656.5;25648;25656.5;230
20251211 135400;25656.25;25663.5;25654.75;25661;317
20251211 135500;25661.5;25663.5;25658.5;25660.75;182
20251211 135600;25660;25662.5;25653.75;25654.5;173
20251211 135700;25654.25;25657.25;25643;25645.25;259
20251211 135800;25644.5;25644.75;25636.5;25640;269
20251211 135900;25640.5;25645;25640.5;25643.75;106
20251211 140000;25643;25644.75;25640;25643.5;120
20251211 140100;25643.75;25648;25641;25647.75;276
20251211 140200;25648.5;25650.5;25639;25643.5;309
20251211 140300;25642.5;25647.5;25640;25647.25;156
20251211 140400;25647;25651.75;25645;25648.75;133
20251211 140500;25649.5;25654.25;25649.5;25654;185
20251211 140600;25653;25654.5;25648.75;25651;111
20251211 140700;25650;25650;25641.75;25643;166
20251211 140800;25641.75;25648.5;25640.75;25647.75;134
20251211 140900;25648.25;25650;25645.75;25648.5;62
20251211 141000;25649.75;25651.5;25648;25650.25;52
20251211 141100;25650.75;25667.5;25650.75;25667.25;329
20251211 141200;25667;25673;25667;25670;388
20251211 141300;25669.25;25675.5;25668;25674.5;369
20251211 141400;25674.25;25675;25671.25;25673.5;182
20251211 141500;25674;25677;25668.75;25668.75;306
20251211 141600;25668.75;25674.75;25662.5;25664.75;324
20251211 141700;25666;25668.5;25663.25;25664.5;186
20251211 141800;25664.25;25668.25;25663;25666.75;102
20251211 141900;25667.5;25670;25666;25666.75;155
20251211 142000;25666.75;25668.75;25664;25665;111
20251211 142100;25664.5;25668;25664;25665.75;124
20251211 142200;25666.5;25673.75;25662.75;25672.5;244
20251211 142300;25672;25681;25670.25;25673;916
20251211 142400;25672.75;25672.75;25663.5;25663.5;208
20251211 142500;25663;25664.5;25659.25;25662.5;290
20251211 142600;25662.75;25665.5;25660;25663.25;264
20251211 142700;25662.75;25668.5;25659.25;25664.25;265
20251211 142800;25664.75;25665.75;25654.75;25655;316
20251211 142900;25655;25657.5;25645;25653.75;782
20251211 143000;25654;25654;25642.5;25643.75;845
20251211 143100;25644;25650.25;25589;25592.5;6841
20251211 143200;25593;25606.75;25576;25606.5;4844
20251211 143300;25606.5;25619;25587.25;25603.75;4829
20251211 143400;25603.5;25613.25;25580.5;25581.75;2855
20251211 143500;25583.25;25604;25563.5;25573.5;3602
20251211 143600;25573.25;25609;25564.75;25607.5;4263
20251211 143700;25607;25612.25;25584.75;25591.75;2418
20251211 143800;25593.5;25604;25581.75;25600.25;2727
20251211 143900;25597;25630.75;25594.25;25604.5;4230
20251211 144000;25605.75;25623.5;25585.5;25585.75;2036
20251211 144100;25585.5;25594;25567.75;25587;3189
20251211 144200;25587;25589.25;25569.75;25576.25;2076
20251211 144300;25576.25;25601.25;25556;25599.25;3307
20251211 144400;25599.5;25605.25;25573.25;25580;1880
20251211 144500;25580.25;25594.25;25574.5;25587;1369
20251211 144600;25586.25;25591;25545.25;25556;3992
20251211 144700;25555.75;25567;25541.75;25545.75;2364
20251211 144800;25545.5;25549.75;25526.25;25530.75;3320
20251211 144900;25530.25;25530.5;25511;25511.5;2475
20251211 145000;25511;25513.25;25483.25;25487.5;4237
20251211 145100;25487;25489;25457.75;25461.5;4263
20251211 145200;25461.25;25483.5;25459.25;25479.75;4555
20251211 145300;25479;25502.25;25463;25463;3088
20251211 145400;25463.25;25470.25;25441.25;25446.5;3472
20251211 145500;25446.25;25452.25;25430.75;25433.75;2903
20251211 145600;25433.75;25462.75;25427.5;25441.5;4458
20251211 145700;25441;25446;25407;25407;3553
20251211 145800;25406.75;25419.5;25403.75;25417.5;2864
20251211 145900;25419.25;25437.75;25411.5;25417.5;3568
20251211 150000;25417;25426.5;25400.5;25414.5;2618
20251211 150100;25414.75;25417;25390.25;25405.75;5178
20251211 150200;25405;25423;25397.75;25414.25;2563
20251211 150300;25413.75;25435.25;25401.5;25434.5;2261
20251211 150400;25435.75;25454;25434;25453.75;3124
20251211 150500;25454;25464;25444.25;25454.25;2256
20251211 150600;25454.75;25476;25448;25475.75;2521
20251211 150700;25475.75;25488;25467.25;25485.75;2342
20251211 150800;25485.75;25509.5;25482.25;25508;2828
20251211 150900;25509;25534.25;25506.5;25531.25;2854
20251211 151000;25531.5;25539.75;25522.75;25537.5;2236
20251211 151100;25538;25542.75;25519;25520.75;2515
20251211 151200;25521.25;25545.25;25510.25;25543.5;2211
20251211 151300;25544.25;25565.5;25537.75;25560.25;2868
20251211 151400;25560.75;25567.25;25552.25;25552.5;1861
20251211 151500;25552.75;25567;25551;25556.25;1214
20251211 151600;25556;25565.75;25549.5;25553.5;1836
20251211 151700;25553.5;25562.25;25533.5;25547.75;2345
20251211 151800;25548;25573.25;25547;25571;1614
20251211 151900;25571.25;25575.75;25560.5;25562.75;1362
20251211 152000;25563.5;25573.25;25562.5;25572.5;960
20251211 152100;25572.25;25586;25568;25582.75;1941
20251211 152200;25582.25;25603.75;25575.5;25600.25;2900
20251211 152300;25600;25617.5;25600;25605.25;2190
20251211 152400;25605.5;25620.5;25600.5;25619;1761
20251211 152500;25619.5;25626.75;25616.75;25624.5;1513
20251211 152600;25623.75;25626;25601.75;25604;1867
20251211 152700;25605;25623.5;25604.5;25615.25;1179
20251211 152800;25615;25626.5;25613.5;25621.5;1278
20251211 152900;25622.5;25629.25;25612;25612.25;1222
20251211 153000;25613;25619.75;25594.75;25599;1646
20251211 153100;25599.5;25610.5;25581.75;25590.25;2758
20251211 153200;25590.75;25592;25580.75;25583.5;1651
20251211 153300;25582.75;25597.5;25573.25;25589.25;2081
20251211 153400;25589.5;25594.5;25581.25;25590;1663
20251211 153500;25588.5;25602.5;25577.75;25577.75;1489
20251211 153600;25578.75;25580.25;25567.75;25578.5;2021
20251211 153700;25578;25582.25;25559.75;25565.25;1853
20251211 153800;25566.25;25572.25;25546;25560.5;2185
20251211 153900;25560.25;25578.25;25553.25;25578;1524
20251211 154000;25577.5;25585.75;25567.75;25578.25;1367
20251211 154100;25577.5;25577.5;25538.75;25541.5;2297
20251211 154200;25541.25;25557.75;25537.75;25550.5;1590
20251211 154300;25550.75;25555.5;25534.5;25537.25;1259
20251211 154400;25538.5;25547.25;25533.75;25533.75;965
20251211 154500;25533.5;25544;25523;25541;1234
20251211 154600;25540.5;25561.75;25536.25;25557.5;1414
20251211 154700;25558.25;25563;25539.25;25540.75;1221
20251211 154800;25539.75;25541.5;25514.25;25516.25;2059
20251211 154900;25515.75;25518.75;25497.25;25497.5;2184
20251211 155000;25497.5;25505;25488.75;25494.5;1631
20251211 155100;25494;25502;25469.25;25473.5;2498
20251211 155200;25472.75;25478.75;25455.5;25475.5;2610
20251211 155300;25475;25489.75;25466;25478.75;1759
20251211 155400;25478;25497;25475.75;25492.25;1617
20251211 155500;25493.75;25504.75;25491.5;25501.25;1543
20251211 155600;25501.25;25526.25;25498;25522;1895
20251211 155700;25521.5;25537.25;25521.5;25525.75;1776
20251211 155800;25525.75;25532.25;25511.5;25532;1447
20251211 155900;25532;25535.5;25524;25533.5;943
20251211 160000;25533.75;25534.25;25526;25531;931
20251211 160100;25531.25;25555;25505;25537.5;4035
20251211 160200;25536.75;25539;25525.25;25537.5;1344
20251211 160300;25537.75;25540.5;25527.5;25534;827
20251211 160400;25533.5;25551.75;25528.5;25550.25;1110
20251211 160500;25550;25562.25;25548.25;25552.75;1172
20251211 160600;25553.25;25555.25;25520;25521.25;1500
20251211 160700;25520.75;25535.25;25516.5;25526.25;1336
20251211 160800;25528;25537.75;25518.75;25520.5;988
20251211 160900;25520.5;25523.75;25511.75;25512;1031
20251211 161000;25512;25512.25;25497.5;25502.5;1427
20251211 161100;25502.25;25514;25494.5;25499.25;1137
20251211 161200;25499.5;25515;25499.5;25502;942
20251211 161300;25502;25508.75;25491;25502.5;1044
20251211 161400;25503.25;25509.75;25499.75;25504.5;675
20251211 161500;25503.75;25522;25499.75;25512;995
20251211 161600;25512.25;25513.75;25495;25497.25;1379
20251211 161700;25497;25506.5;25495.25;25501.25;670
20251211 161800;25501.5;25503.25;25485.75;25486.5;1188
20251211 161900;25486.25;25499.5;25482.25;25489;1235
20251211 162000;25489.25;25499.25;25486.75;25489.75;820
20251211 162100;25490;25492.5;25474.25;25487.75;1798
20251211 162200;25488;25503.75;25488;25502.5;1062
20251211 162300;25502.5;25510;25489;25490.75;1133
20251211 162400;25491;25513;25484.25;25511;1080
20251211 162500;25511;25522.75;25506.25;25521.75;1056
20251211 162600;25521.5;25524.75;25485;25488.25;1892
20251211 162700;25487.75;25498.5;25482.5;25484.75;884
20251211 162800;25485.25;25488.75;25475.25;25476.5;1118
20251211 162900;25477.5;25477.75;25463.75;25468;1561
20251211 163000;25467.75;25471.5;25456.25;25467;1259
20251211 163100;25467;25491.75;25464;25486.75;1581
20251211 163200;25486;25500.75;25470.5;25470.75;1291
20251211 163300;25471;25484.75;25468.75;25481.5;824
20251211 163400;25480.75;25495.5;25479.75;25492.5;866
20251211 163500;25492;25497.25;25488;25495.75;561
20251211 163600;25496.25;25503;25491.75;25497.5;837
20251211 163700;25498;25512;25495.5;25510;895
20251211 163800;25510;25525;25510;25520.25;991
20251211 163900;25520.75;25522.75;25513;25521.5;852
20251211 164000;25520.75;25531.5;25518.5;25527.25;905
20251211 164100;25527;25542.75;25521.75;25541.5;950
20251211 164200;25541.75;25567;25541.75;25561;1908
20251211 164300;25561.75;25577;25559.25;25574.25;1370
20251211 164400;25574.75;25580;25566;25571.75;1148
20251211 164500;25571.5;25572.25;25558;25565.5;835
20251211 164600;25565.5;25576.5;25564.25;25572.25;1029
20251211 164700;25572.5;25588.25;25572.5;25584.75;1405
20251211 164800;25585.25;25589.25;25560.5;25563;1183
20251211 164900;25563;25565;25545.25;25548.25;1496
20251211 165000;25548;25554;25543;25548.75;1064
20251211 165100;25549.25;25550.75;25528.25;25534.75;1957
20251211 165200;25534;25538.5;25528;25533.75;905
20251211 165300;25534;25534.75;25522.75;25524.75;991
20251211 165400;25523.75;25524.25;25496.75;25505.75;2164
20251211 165500;25505.75;25505.75;25485.5;25491;1567
20251211 165600;25491;25498.75;25476.25;25479;1539
20251211 165700;25478.75;25484.5;25469.25;25473.75;1677
20251211 165800;25473.5;25477.25;25466.25;25473;1247
20251211 165900;25472.75;25489.75;25468.5;25481.75;1401
20251211 170000;25482.25;25502.5;25474;25501.25;1847
20251211 170100;25501.25;25524.25;25494.75;25511;2702
20251211 170200;25509.75;25518.5;25502.75;25518.5;1057
20251211 170300;25518.75;25522.5;25506.5;25514.25;993
20251211 170400;25514;25527.25;25514;25524.5;732
20251211 170500;25525.25;25536;25523.75;25529.5;970
20251211 170600;25529.5;25537;25527.75;25530.75;700
20251211 170700;25531.25;25533.75;25519;25529.75;958
20251211 170800;25529.5;25535.75;25526;25530.25;620
20251211 170900;25530.5;25537.75;25529.75;25532.5;623
20251211 171000;25533;25535;25524.25;25527.25;541
20251211 171100;25527.5;25549.25;25527.5;25540.5;1163
20251211 171200;25540.75;25548;25539;25542.25;661
20251211 171300;25543.25;25555.75;25538.75;25550.75;918
20251211 171400;25552;25574;25551.5;25573.5;1070
20251211 171500;25574.25;25583.25;25569.25;25570.25;1544
20251211 171600;25570;25570.5;25564;25569.75;854
20251211 171700;25569.75;25587;25568.75;25585;923
20251211 171800;25584.25;25587;25570.75;25577.5;844
20251211 171900;25577.75;25584.5;25576.5;25583.75;610
20251211 172000;25583.75;25587;25575.75;25585.25;688
20251211 172100;25584.75;25598;25584.5;25592.5;1419
20251211 172200;25593;25607.75;25591.75;25597.75;1374
20251211 172300;25598;25604.25;25591;25603.5;1194
20251211 172400;25604.5;25618.25;25603.25;25616.25;1240
20251211 172500;25616.75;25624.5;25614.25;25618.5;1133
20251211 172600;25619.25;25637;25619.25;25624;1712
20251211 172700;25624.25;25624.75;25614.25;25622.25;1052
20251211 172800;25622.25;25623;25600;25602;1047
20251211 172900;25601.75;25609.25;25600;25605.75;772
20251211 173000;25606.5;25609.5;25601.75;25604;636
20251211 173100;25604.25;25622.25;25603.75;25619.25;939
20251211 173200;25618.75;25622;25611.75;25615.75;486
20251211 173300;25616;25624;25612.5;25612.5;565
20251211 173400;25612.25;25621.5;25610.75;25619.75;611
20251211 173500;25620.25;25631.5;25619.5;25630.25;858
20251211 173600;25630.75;25632.25;25619.5;25621.75;763
20251211 173700;25621.75;25629.5;25620;25628.75;449
20251211 173800;25629.5;25643.25;25628.75;25638.25;966
20251211 173900;25638;25638;25628.25;25628.25;825
20251211 174000;25628;25635.5;25625.5;25632;512
20251211 174100;25632.5;25642.5;25631.5;25637.75;598
20251211 174200;25637.25;25644.75;25630.75;25643.25;600
20251211 174300;25643.75;25647.5;25641;25641.75;655
20251211 174400;25641.25;25641.25;25631;25635.5;799
20251211 174500;25635.75;25640;25631.5;25639;471
20251211 174600;25639.75;25645.75;25638.75;25644;489
20251211 174700;25644.75;25646.25;25639.75;25640.75;374
20251211 174800;25640.25;25640.75;25623.5;25625;1208
20251211 174900;25625;25630.75;25617;25623.5;1098
20251211 175000;25623.5;25625.75;25618;25619.25;664
20251211 175100;25618.75;25620.25;25606.25;25607.25;1243
20251211 175200;25607;25623;25605.25;25613.75;962
20251211 175300;25613.75;25619.5;25612;25613.25;617
20251211 175400;25613.25;25619;25607;25608;836
20251211 175500;25608.5;25616.75;25606.5;25615.75;561
20251211 175600;25616.25;25616.25;25605.5;25606.5;632
20251211 175700;25606.25;25609;25591;25596.75;1180
20251211 175800;25597.25;25598.25;25583;25587;1354
20251211 175900;25586.75;25592.25;25580.75;25589.75;729
20251211 180000;25589.75;25594.25;25579;25592.5;1157
20251211 180100;25592;25605;25582;25600.75;1527
20251211 180200;25601;25615;25598.75;25605;864
20251211 180300;25606.25;25611;25598.5;25609.75;677
20251211 180400;25609;25622.75;25608;25618.5;1042
20251211 180500;25619;25624;25615.25;25616;404
20251211 180600;25616;25623.5;25610;25623.25;594
20251211 180700;25623.75;25625.5;25619.5;25624.5;392
20251211 180800;25624;25624.75;25616.5;25623;404
20251211 180900;25622;25629;25621;25624.75;376
20251211 181000;25625.25;25628;25624;25626;316
20251211 181100;25627.25;25634.75;25625.75;25625.75;762
20251211 181200;25626.25;25634.75;25624.5;25634;394
20251211 181300;25634;25641.5;25634;25639.25;657
20251211 181400;25639.5;25643.5;25632;25632.75;529
20251211 181500;25632.25;25635.75;25623.25;25634;637
20251211 181600;25634.25;25635.5;25628.25;25633.25;679
20251211 181700;25633.5;25635;25625.25;25627.75;538
20251211 181800;25626.75;25633;25624;25626.25;486
20251211 181900;25626.75;25631.75;25623.5;25630.75;384
20251211 182000;25630.5;25632.75;25625.25;25631.25;323
20251211 182100;25630.75;25637.75;25628;25635;565
20251211 182200;25635.5;25644.25;25634.75;25643.25;578
20251211 182300;25643.25;25644.5;25636.5;25638;463
20251211 182400;25636.75;25638.75;25613.75;25623.25;1156
20251211 182500;25623.5;25636;25620.5;25633.25;762
20251211 182600;25633.75;25640.5;25626.5;25627;785
20251211 182700;25626.5;25630.25;25609.5;25610.25;1144
20251211 182800;25610.25;25628.25;25609;25628.25;935
20251211 182900;25628.5;25629.5;25613.5;25614.25;873
20251211 183000;25613.75;25625.75;25613.25;25623;864
20251211 183100;25623;25627.25;25618;25623.25;753
20251211 183200;25623;25626.75;25617.75;25617.75;499
20251211 183300;25617.25;25625;25613.75;25620;874
20251211 183400;25620;25623.75;25612;25622.75;685
20251211 183500;25623;25627.25;25617.25;25625.5;498
20251211 183600;25625.75;25645.75;25623.75;25645.5;1040
20251211 183700;25645;25659.25;25642.5;25654.75;1279
20251211 183800;25653.75;25664;25650.25;25654.5;995
20251211 183900;25654.75;25659.75;25653.5;25655.25;557
20251211 184000;25655;25664.75;25652.25;25664;543
20251211 184100;25662.75;25674.5;25662.75;25667;1318
20251211 184200;25666.75;25672;25660;25671.25;473
20251211 184300;25671.5;25676;25670.75;25674;621
20251211 184400;25674.25;25684.5;25671;25676.5;994
20251211 184500;25676.75;25680.25;25675.5;25678.5;398
20251211 184600;25679;25686.25;25672.25;25674;976
20251211 184700;25674.5;25684;25674;25683.5;436
20251211 184800;25683.5;25687;25675.75;25676;851
20251211 184900;25675.5;25676;25662.25;25663.25;923
20251211 185000;25663;25675.25;25663;25670;731
20251211 185100;25671;25674.25;25664.5;25665.75;675
20251211 185200;25665.5;25666;25654.25;25655.5;811
20251211 185300;25655;25663.5;25653.25;25661.5;828
20251211 185400;25661.75;25661.75;25647;25649;780
20251211 185500;25648.75;25650.25;25643.25;25645.75;785
20251211 185600;25645.5;25649;25638.5;25645;1035
20251211 185700;25645;25650.5;25642;25648.5;682
20251211 185800;25647.75;25647.75;25636.5;25636.75;731
20251211 185900;25636.75;25638.5;25630;25637.5;981
20251211 190000;25636.75;25642.5;25636.25;25637.5;742
20251211 190100;25636.75;25647.25;25635.25;25647;623
20251211 190200;25647.25;25652;25646.5;25648.5;825
20251211 190300;25648;25658.5;25645.75;25656.75;786
20251211 190400;25657;25661;25654.25;25660.75;619
20251211 190500;25661;25667.5;25659;25659.25;799
20251211 190600;25659;25660.75;25650.5;25652.5;519
20251211 190700;25653;25655;25647.25;25648.75;502
20251211 190800;25649.25;25656.25;25647;25648.25;269
20251211 190900;25647;25655.5;25645.75;25649.75;446
20251211 191000;25649.5;25660.5;25649.25;25659.25;427
20251211 191100;25659.75;25662.5;25652.5;25654.25;397
20251211 191200;25653.75;25665.25;25653.75;25662.5;323
20251211 191300;25662;25666.75;25659.5;25660;375
20251211 191400;25660.25;25665.75;25658;25663.25;384
20251211 191500;25663.75;25670.75;25660.25;25668.25;552
20251211 191600;25668.75;25676.75;25668.25;25674.25;540
20251211 191700;25673.75;25679;25673;25676.25;386
20251211 191800;25675.75;25685;25675;25684;585
20251211 191900;25684;25696.25;25681.25;25694.5;1186
20251211 192000;25695;25699.75;25690;25694.75;1000
20251211 192100;25695;25698;25690;25690.5;550
20251211 192200;25690.5;25690.75;25683.5;25686.25;635
20251211 192300;25685.75;25696.75;25683;25694.25;658
20251211 192400;25693.75;25695.5;25689.25;25690;368
20251211 192500;25690;25700.25;25689.5;25695.5;613
20251211 192600;25695.25;25696.75;25688.75;25693;385
20251211 192700;25693.75;25702.25;25691.5;25698;500
20251211 192800;25698;25698;25691.5;25694.5;340
20251211 192900;25694;25695.25;25691.75;25691.75;207
20251211 193000;25692;25698.25;25692;25698.25;336
20251211 193100;25698;25704.75;25697;25698.75;996
20251211 193200;25698.75;25701.5;25693.5;25695.25;541
20251211 193300;25695.25;25701;25693.75;25699.5;384
20251211 193400;25699.75;25700.25;25695;25698;266
20251211 193500;25697.25;25703.25;25697;25700;376
20251211 193600;25700;25709.5;25699.5;25706;858
20251211 193700;25705.75;25715.25;25704.75;25710.5;845
20251211 193800;25711;25713.25;25707.5;25709.75;459
20251211 193900;25709.25;25713.5;25706.25;25709.5;477
20251211 194000;25709.5;25709.5;25700.5;25701.25;443
20251211 194100;25701.25;25707.75;25699.5;25705.5;615
20251211 194200;25705.25;25708.25;25702.5;25703.75;314
20251211 194300;25704.5;25709.25;25702.75;25709;328
20251211 194400;25709.25;25713.75;25705.25;25709.5;600
20251211 194500;25709.5;25713.5;25709.5;25712.75;223
20251211 194600;25712.75;25717.75;25705.5;25708.5;907
20251211 194700;25708;25712.75;25705.5;25712.25;595
20251211 194800;25712.25;25715.25;25710.5;25714;389
20251211 194900;25713.75;25715.5;25711.25;25711.75;244
20251211 195000;25711.75;25715.75;25707.5;25715.25;361
20251211 195100;25715.75;25722.75;25715.5;25716.5;1002
20251211 195200;25716.5;25718.75;25713.5;25715.75;456
20251211 195300;25716.25;25717.5;25705;25705;625
20251211 195400;25705;25707;25701.5;25702.25;643
20251211 195500;25702;25705.5;25696.25;25698;734
20251211 195600;25697.75;25699.5;25695.25;25697.75;618
20251211 195700;25698.25;25703.25;25693.75;25702.5;475
20251211 195800;25702;25702.75;25697.5;25698.5;405
20251211 195900;25698.5;25699.75;25693.5;25697.75;368
20251211 200000;25697.5;25702.5;25688.75;25689.5;702
20251211 200100;25690.25;25705;25688.75;25703.5;772
20251211 200200;25704.5;25706.5;25701.5;25701.5;448
20251211 200300;25702;25708.25;25699.75;25702.25;459
20251211 200400;25702.5;25704;25698.75;25702.75;390
20251211 200500;25703.25;25705.75;25700.75;25701;301
20251211 200600;25701;25703.25;25698;25699.75;422
20251211 200700;25700.25;25702.5;25694;25697.75;407
20251211 200800;25697.25;25702;25688;25699.5;866
20251211 200900;25699.75;25702.5;25694.75;25699.25;700
20251211 201000;25698.75;25700.5;25696.25;25697.25;197
20251211 201100;25697.25;25697.75;25690.25;25694.25;407
20251211 201200;25695;25701;25693.75;25700;381
20251211 201300;25700.25;25705.25;25699.75;25701;502
20251211 201400;25700.5;25702.5;25697;25697.75;235
20251211 201500;25697.5;25699.5;25691;25692;492
20251211 201600;25692;25699;25689.75;25695.5;567
20251211 201700;25695.5;25699.5;25692.25;25699.25;327
20251211 201800;25699.5;25702.25;25696;25697.75;314
20251211 201900;25697.5;25699;25694;25695.5;393
20251211 202000;25695.25;25696.25;25689.75;25690.75;478
20251211 202100;25691;25694.75;25687.5;25689.75;537
20251211 202200;25690;25693;25687.25;25692.5;425
20251211 202300;25693;25700.75;25693;25698;624
20251211 202400;25697.5;25700;25691.25;25691.75;410
20251211 202500;25691.75;25696.5;25690.75;25695.5;360
20251211 202600;25695.25;25697.5;25688.75;25691;472
20251211 202700;25690.75;25691.5;25680;25681.75;764
20251211 202800;25681.75;25682.5;25675;25677.25;1016
20251211 202900;25677.25;25684.75;25676;25684.5;574
20251211 203000;25684.5;25684.75;25677.25;25679.5;334
20251211 203100;25678.75;25681.5;25673.75;25677.5;838
20251211 203200;25677.75;25678;25664;25669;1044
20251211 203300;25668.5;25670.75;25665.75;25670;493
20251211 203400;25670;25678.25;25670;25677.5;642
20251211 203500;25677.5;25678.5;25669;25670;572
20251211 203600;25670.25;25675.75;25668.25;25669.75;485
20251211 203700;25670.25;25672.5;25664.5;25665;363
20251211 203800;25664.75;25671;25660.5;25666.25;673
20251211 203900;25666;25673.25;25664.75;25670;421
20251211 204000;25669.5;25670.25;25663.75;25666.5;460
20251211 204100;25666.75;25681.5;25665.75;25673;943
20251211 204200;25672.75;25681.5;25671.75;25681;508
20251211 204300;25680.5;25682.5;25678;25678.75;401
20251211 204400;25678.25;25679;25672.25;25675.5;524
20251211 204500;25675.25;25682.25;25674.25;25678.25;364
20251211 204600;25677.75;25681.25;25675.5;25675.75;461
20251211 204700;25676.75;25679.25;25670.5;25671.5;484
20251211 204800;25671.25;25677;25667.75;25676;478
20251211 204900;25676.25;25680;25674.5;25679.25;425
20251211 205000;25679.75;25680;25673.5;25677;487
20251211 205100;25678;25713.5;25678;25711.5;1894
20251211 205200;25711.5;25715;25703.25;25714;1219
20251211 205300;25714;25719;25711.5;25712.75;1008
20251211 205400;25712.5;25714;25699;25701.25;1161
20251211 205500;25701.25;25706.25;25690.75;25693.75;1542
20251211 205600;25693.75;25703.25;25690;25690.5;1684
20251211 205700;25690;25691.5;25682;25686;1006
20251211 205800;25686.5;25700;25683;25695.75;1529
20251211 205900;25696.25;25712.5;25696.25;25711.25;1792
20251211 210000;25711.25;25720;25702.75;25715;6908
20251211 210100;25715;25730;25711.25;25715.25;2601
20251211 210200;25715.5;25728.25;25708.5;25716;1501
20251211 210300;25714.75;25721.75;25714.5;25718.5;530
20251211 210400;25718.25;25720;25713.25;25719.5;299
20251211 210500;25718.75;25720.25;25715.25;25717.75;222
20251211 210600;25718;25726.75;25710;25721.5;580
20251211 210700;25720.75;25726;25720;25724.25;214
20251211 210800;25724.25;25733.25;25723.5;25730;398
20251211 210900;25729.5;25730.5;25727.25;25730.25;214
20251211 211000;25730;25734;25727.75;25733.25;216
20251211 211100;25732.75;25742.5;25731.25;25740.25;490
20251211 211200;25739.75;25748;25738;25741.25;445
20251211 211300;25741.5;25747;25741.5;25746.75;277
20251211 211400;25747.25;25748.5;25744.75;25745.25;201
20251211 211500;25745;25746.5;25737.25;25744;679
20251211 211600;25744.25;25822;25744.25;25820;3037
20251211 211700;25820;25834.5;25799;25806;998
20251211 211800;25806;25826;25800.5;25814.5;562
20251211 211900;25814.5;25820.25;25796.25;25802.75;556
20251211 212000;25802.25;25811;25796.25;25809;369
20251211 212100;25810;25811.5;25799.5;25799.5;372
20251211 212200;25799.75;25807.5;25790;25806.5;389
20251211 212300;25806.5;25809.5;25800.5;25806.5;175
20251211 212400;25805.75;25808;25800;25808;157
20251211 212500;25808;25812.75;25804.75;25810;232
20251211 212600;25810.25;25818;25809.75;25815;257
20251211 212700;25816.25;25822.75;25809.5;25819.75;233
20251211 212800;25818;25822.75;25816.75;25819.75;128
20251211 212900;25820.25;25825;25819.25;25824;174
20251211 213000;25823.5;25824;25813;25820;207
20251211 213100;25819.75;25825;25814.5;25820;175
20251211 213200;25819.5;25821.5;25818.75;25819;52
20251211 213300;25818.5;25822;25816.75;25819;113
20251211 213400;25818.75;25819;25813;25814;120
20251211 213500;25814;25817;25806.75;25808.75;175
20251211 213600;25807.75;25815.25;25807.25;25815.25;106
20251211 213700;25816;25817.5;25811.75;25813;68
20251211 213800;25812.25;25814.25;25811.75;25812.75;48
20251211 213900;25811.75;25813.5;25808.75;25813.25;38
20251211 214000;25813;25813;25807;25807.75;79
20251211 214100;25808;25811;25805.5;25805.5;70
20251211 214200;25805;25805.25;25791.25;25795.75;376
20251211 214300;25795.25;25798.25;25789.25;25793.5;268
20251211 214400;25792.5;25795.5;25786;25793.75;250
20251211 214500;25794.75;25799.25;25792.5;25796.5;158
20251211 214600;25796.5;25803.25;25794.75;25803;163
20251211 214700;25802.25;25807.75;25801.25;25807.75;118
20251211 214800;25807.5;25813.75;25806.25;25811.75;133
20251211 214900;25811.75;25812.25;25809;25809.5;70
20251211 215000;25809.5;25832.25;25807;25830.25;955
20251211 215100;25829.75;25842;25822;25825;553
20251211 215200;25824.75;25833.5;25823;25829;268
20251211 215300;25829;25829;25824.75;25829;114
20251211 215400;25828.25;25861.5;25826.25;25851;1311
20251211 215500;25851;25851;25837.75;25838.75;266
20251211 215600;25838.5;25845.5;25837;25840.5;114
20251211 215700;25840.25;25840.25;25834;25835;116
20251211 215800;25835.5;25838.75;25834.75;25835;100
20251211 215900;25834.5;25836.5;25832.5;25833.75;110
20251211 220000;25833.25;25841.75;25831;25834.75;253
20251211 230100;25701;25717.5;25695.75;25713.25;1033
20251211 230200;25712.75;25733.25;25711;25726.75;392
20251211 230300;25728.25;25730;25720.75;25725;316
20251211 230400;25725;25726.25;25718.75;25721;112
20251211 230500;25721.75;25726.75;25710.5;25712.25;281
20251211 230600;25712;25712.5;25703.5;25708.75;244
20251211 230700;25710.25;25710.25;25672.5;25684.75;752
20251211 230800;25684.5;25694;25673.5;25688.5;277
20251211 230900;25690.25;25695;25686.5;25694;102
20251211 231000;25693.25;25693.25;25680;25680;165
20251211 231100;25681;25689.5;25679;25684.75;145
20251211 231200;25684.75;25695.25;25683.75;25693;143
20251211 231300;25691.5;25691.5;25679.5;25679.75;127
20251211 231400;25679.5;25679.5;25670.25;25670.25;202
20251211 231500;25671.25;25672.5;25653;25661.25;284
20251211 231600;25661.5;25663.25;25655;25655;190
20251211 231700;25656;25660;25648.75;25660;232
20251211 231800;25661.5;25670.25;25659.25;25668.5;237
20251211 231900;25666.75;25668.25;25662.25;25663.75;88
20251211 232000;25664;25673.5;25663;25671;125
20251211 232100;25670;25677.75;25668;25677;141
20251211 232200;25677.25;25679.5;25672;25674;126
20251211 232300;25674.25;25678.75;25674.25;25678.75;48
20251211 232400;25678.75;25678.75;25672;25674;75
20251211 232500;25672.75;25677.25;25671;25671.25;64
20251211 232600;25671.25;25679;25668.75;25675.5;72
20251211 232700;25674.25;25677.5;25672.75;25675;79
20251211 232800;25675;25676.25;25666.25;25671.5;88
20251211 232900;25671.75;25672.75;25666;25668;81
20251211 233000;25667;25668.75;25662.75;25664.25;162
20251211 233100;25664.5;25675.75;25664.25;25674;107
20251211 233200;25674.75;25682.5;25673.75;25676.5;166
20251211 233300;25673.5;25677;25673;25673.5;18
20251211 233400;25672.25;25676.75;25670.5;25674;61
20251211 233500;25674;25677.75;25673;25675;51
20251211 233600;25677;25679.5;25675.25;25677;63
20251211 233700;25677.25;25677.75;25673.5;25673.5;67
20251211 233800;25674.75;25676.25;25672;25675.75;68
20251211 233900;25674.25;25675.75;25670;25670.25;69
20251211 234000;25671.25;25676.5;25666;25674.5;74
20251211 234100;25674.5;25677.5;25672.5;25676.5;33
20251211 234200;25676;25677.25;25674;25674.5;22
20251211 234300;25675;25675;25669.5;25673.5;22
20251211 234400;25672.75;25676;25672.5;25675;24
20251211 234500;25675;25682.25;25675;25681.75;106
20251211 234600;25681.25;25682;25677.25;25679;48
20251211 234700;25681.25;25687;25681.25;25686.75;149
20251211 234800;25685.25;25688.5;25685.25;25688.25;72
20251211 234900;25688.5;25692;25684.25;25692;87
20251211 235000;25690.75;25694;25686.75;25687;83
20251211 235100;25687;25689.75;25684.25;25685;56
20251211 235200;25684.5;25685.75;25681.5;25681.5;42
20251211 235300;25681.5;25682.75;25675.5;25682.5;100
20251211 235400;25681.75;25681.75;25674;25677.25;91
20251211 235500;25676.5;25681.25;25674.5;25681;40
20251211 235600;25681;25685;25680.5;25681.5;81
20251211 235700;25679;25684.75;25676.5;25681;59
20251211 235800;25680.75;25681.25;25678.25;25681;36
20251211 235900;25680;25683.75;25680;25683;27
20251212 000000;25684;25684.75;25668.5;25671.75;188
20251212 000100;25670.75;25670.75;25651.5;25656.75;352
20251212 000200;25658;25662.75;25656.75;25660.5;124
20251212 000300;25660.25;25674.75;25660.25;25671.5;152
20251212 000400;25670.5;25672.5;25663;25665;95
20251212 000500;25664.5;25664.5;25655;25657.5;170
20251212 000600;25657;25661.5;25654.25;25658;106
20251212 000700;25661.5;25667.5;25661;25661;105
20251212 000800;25660;25664;25660;25662;38
20251212 000900;25662.25;25663.75;25657.5;25658.5;49
20251212 001000;25657.75;25660;25650.25;25650.75;110
20251212 001100;25651;25657.5;25645.25;25654;174
20251212 001200;25654.75;25655.75;25640.75;25649;229
20251212 001300;25648;25649.25;25642.25;25647.25;107
20251212 001400;25647;25652.5;25645.25;25650;113
20251212 001500;25649.5;25656.5;25649.5;25653.75;102
20251212 001600;25652.75;25663.5;25650.5;25658.5;177
20251212 001700;25657.5;25661;25654.5;25655.5;107
20251212 001800;25656.25;25660.75;25656.25;25660;80
20251212 001900;25660.5;25665.25;25658.5;25660.5;71
20251212 002000;25660;25666.5;25658.75;25665;93
20251212 002100;25666.25;25674;25665;25674;93
20251212 002200;25674.25;25677;25670.25;25672.5;78
20251212 002300;25672.5;25674.5;25671.75;25673.75;64
20251212 002400;25674;25674;25667.5;25667.5;75
20251212 002500;25667.75;25669;25662.75;25663.75;94
20251212 002600;25665;25665.75;25656;25658.5;131
20251212 002700;25657.25;25662.25;25655.75;25661.75;50
20251212 002800;25662.75;25665;25662.75;25663.5;21
20251212 002900;25664;25670;25664;25667;67
20251212 003000;25667.25;25670.5;25665.75;25670;55
20251212 003100;25670.75;25678.25;25669.5;25670.5;112
20251212 003200;25670;25674.75;25670;25672;30
20251212 003300;25672;25675.75;25671.25;25675.75;31
20251212 003400;25676.5;25681.75;25676;25680.5;113
20251212 003500;25681.75;25686.25;25681.25;25681.75;106
20251212 003600;25683.25;25683.25;25671.75;25673.25;117
20251212 003700;25675;25676.25;25670;25670;33
20251212 003800;25670.5;25678;25670;25675.5;45
20251212 003900;25676.5;25682.75;25676.5;25680.5;80
20251212 004000;25681;25683.25;25679.75;25680.5;26
20251212 004100;25680;25684.75;25680;25682;73
20251212 004200;25680;25680;25674.75;25675.5;34
20251212 004300;25676.75;25676.75;25670.25;25670.5;25
20251212 004400;25672;25674.5;25666;25669;55
20251212 004500;25668.75;25672;25660.25;25662.25;88
20251212 004600;25662;25667.25;25659.25;25666.25;108
20251212 004700;25663.25;25669;25662.75;25665.25;76
20251212 004800;25667.25;25667.5;25663.5;25665.25;47
20251212 004900;25664;25666;25657;25660;112
20251212 005000;25658.75;25659.75;25658;25659.5;18
20251212 005100;25661;25671;25660.25;25668.5;72
20251212 005200;25668.75;25669.25;25660;25663.5;65
20251212 005300;25664.75;25664.75;25657.5;25659.75;68
20251212 005400;25658.5;25660.5;25655;25657;119
20251212 005500;25657;25658.5;25650.75;25658.5;113
20251212 005600;25658;25662.25;25654.75;25654.75;107
20251212 005700;25655.25;25658.25;25653.75;25654.25;39
20251212 005800;25655.25;25655.5;25648.75;25651.75;76
20251212 005900;25651.75;25651.75;25644.75;25644.75;176
20251212 010000;25644.75;25650.75;25642.5;25646.75;126
20251212 010100;25647.75;25654.25;25646.5;25651.5;151
20251212 010200;25651.5;25661.25;25650;25658.75;132
20251212 010300;25658;25660.75;25656.75;25659.5;38
20251212 010400;25660.75;25664.25;25660.5;25662;94
20251212 010500;25662.75;25663.25;25655.25;25657.25;72
20251212 010600;25658.25;25662;25656.5;25658.5;27
20251212 010700;25657.5;25659.5;25654;25654;57
20251212 010800;25653.75;25653.75;25649;25651;73
20251212 010900;25651.25;25659.5;25651.25;25656.5;78
20251212 011000;25656;25659.75;25652.25;25659.5;26
20251212 011100;25658;25661.75;25657.25;25661.5;30
20251212 011200;25659.5;25662;25657.75;25661.5;48
20251212 011300;25661.75;25664.25;25658.5;25658.75;56
20251212 011400;25659.5;25659.5;25655.25;25656.25;20
20251212 011500;25656.5;25657.75;25652.75;25657.5;39
20251212 011600;25658.5;25669.25;25656.75;25668.25;112
20251212 011700;25668.25;25675.75;25668.25;25674.5;190
20251212 011800;25673.25;25675.25;25666.5;25670;104
20251212 011900;25670.25;25676;25670;25674.5;71
20251212 012000;25673.5;25674.75;25671.75;25674.25;39
20251212 012100;25673.75;25675.75;25668.25;25668.25;49
20251212 012200;25668.25;25673;25667;25671;42
20251212 012300;25672.5;25673;25670.25;25671.25;13
20251212 012400;25670.5;25674.5;25669.75;25674.5;28
20251212 012500;25674.75;25677.25;25672.75;25672.75;46
20251212 012600;25671.75;25677.75;25671.5;25677;22
20251212 012700;25676.75;25676.75;25673;25675;21
20251212 012800;25675.75;25678.25;25673.25;25675.25;74
20251212 012900;25674.75;25676.75;25673.5;25675.5;35
20251212 013000;25675.75;25680;25674.75;25680;56
20251212 013100;25676.5;25678;25671.75;25674.75;55
20251212 013200;25674.75;25676;25670;25673;33
20251212 013300;25673;25673;25669;25672;69
20251212 013400;25672.5;25675.5;25671.5;25675.5;19
20251212 013500;25673.5;25673.5;25668.25;25672;25
20251212 013600;25675;25676.25;25670.75;25673;29
20251212 013700;25673.25;25675;25671;25671.25;22
20251212 013800;25670;25675.5;25669.75;25673.25;47
20251212 013900;25674;25674.25;25671.75;25673;16
20251212 014000;25672.75;25676;25671.25;25673.75;37
20251212 014100;25673.75;25676.75;25673.75;25675.5;16
20251212 014200;25675;25675;25673;25673;26
20251212 014300;25674.5;25675;25673.75;25674;17
20251212 014400;25674.5;25675.25;25672;25672;47
20251212 014500;25672.25;25673;25668;25669;38
20251212 014600;25667.75;25670;25666.75;25670;55
20251212 014700;25670;25670;25667;25667.25;26
20251212 014800;25666.25;25670;25665;25668.25;41
20251212 014900;25667.5;25668.75;25664.25;25667.25;39
20251212 015000;25667.5;25667.75;25664.25;25666.25;52
20251212 015100;25666.75;25667;25665;25667;19
20251212 015200;25668.75;25669.5;25661;25663;87
20251212 015300;25662.5;25666.75;25662;25666.75;28
20251212 015400;25668;25668.5;25664.5;25668.5;14
20251212 015500;25668.75;25670.75;25668;25670;28
20251212 015600;25668.75;25670.5;25667.5;25668.5;15
20251212 015700;25670;25670.5;25667.5;25669.5;54
20251212 015800;25670.5;25672;25668.75;25671.75;39
20251212 015900;25671.75;25678.5;25670.75;25678;49
20251212 020000;25676.25;25681.25;25676.25;25678.5;72
20251212 020100;25677.5;25681;25675;25680.75;72
20251212 020200;25681.25;25682.25;25678;25678.75;45
20251212 020300;25678.5;25679.5;25675;25675;30
20251212 020400;25675.5;25676.75;25674.25;25676;40
20251212 020500;25676.5;25677.75;25675.25;25677.25;37
20251212 020600;25677.5;25682.25;25677;25680;56
20251212 020700;25680.5;25684.5;25679.5;25683.5;79
20251212 020800;25683.75;25684.25;25682.5;25684;19
20251212 020900;25683.5;25697.75;25682;25695.25;266
20251212 021000;25694.75;25697.75;25692.5;25696.25;85
20251212 021100;25694.5;25696;25690.75;25691.5;48
20251212 021200;25690.25;25701.25;25690.25;25699.5;141
20251212 021300;25698.75;25702.5;25696.75;25698;60
20251212 021400;25696.75;25700;25695.75;25698.5;63
20251212 021500;25697.25;25701.75;25697.25;25698.75;75
20251212 021600;25697.75;25703.75;25695.25;25699.25;143
20251212 021700;25698.75;25699.25;25692.25;25693.75;53
20251212 021800;25693.25;25699.25;25692.25;25699.25;38
20251212 021900;25697.75;25698;25695;25695.75;27
20251212 022000;25696.5;25697.25;25695.25;25696.25;16
20251212 022100;25697;25697.75;25694;25696.75;27
20251212 022200;25696.25;25698.75;25692.25;25692.25;59
20251212 022300;25693.25;25698.25;25689.75;25698.25;64
20251212 022400;25698.5;25698.5;25693.5;25695.25;22
20251212 022500;25694.25;25694.25;25688;25690;45
20251212 022600;25690.5;25693.25;25688;25692.5;16
20251212 022700;25693;25693;25689;25691;25
20251212 022800;25690.25;25691.5;25688;25689;149
20251212 022900;25687.75;25691.25;25685.5;25688.75;40
20251212 023000;25689.75;25691.5;25688.75;25689.5;21
20251212 023100;25688.75;25695;25688.25;25694.25;26
20251212 023200;25693.25;25694;25689.5;25689.5;31
20251212 023300;25691.25;25696.25;25689.75;25692.75;41
20251212 023400;25692.75;25694.5;25691.75;25692.25;13
20251212 023500;25692.75;25692.75;25688.5;25690.75;29
20251212 023600;25693;25693;25689.5;25692.25;38
20251212 023700;25693;25696;25692.25;25692.5;20
20251212 023800;25694;25697;25693.75;25695.5;48
20251212 023900;25695.25;25695.75;25692.25;25692.25;23
20251212 024000;25694;25697.5;25693.75;25696.25;27
20251212 024100;25696.25;25698.5;25695;25696.75;41
20251212 024200;25695.25;25699;25695.25;25698.25;32
20251212 024300;25698.5;25700;25697;25697.25;42
20251212 024400;25699;25700;25696.5;25696.5;26
20251212 024500;25697.25;25700;25697.25;25699.5;8
20251212 024600;25700.25;25700.5;25693;25694;45
20251212 024700;25693;25696;25691.75;25693.75;55
20251212 024800;25693.25;25693.25;25687.25;25689;51
20251212 024900;25690;25692;25688.75;25689;38
20251212 025000;25691;25692.75;25689.75;25692.75;16
20251212 025100;25693;25694.5;25690.75;25691;39
20251212 025200;25692.75;25693.25;25689.5;25690;26
20251212 025300;25690.25;25692;25688.5;25692;21
20251212 025400;25692;25696.75;25691.75;25695.25;28
20251212 025500;25695.25;25696;25694.25;25695.75;9
20251212 025600;25695;25696;25693.25;25693.25;17
20251212 025700;25691.75;25693.5;25691.75;25693.25;4
20251212 025800;25694.75;25696.5;25694.75;25694.75;9
20251212 025900;25695;25696.75;25695;25696.25;6
20251212 030000;25697.25;25697.5;25694;25694.5;25
20251212 030100;25695;25696.75;25693.75;25695.25;17
20251212 030200;25696.5;25697.5;25693.25;25693.25;17
20251212 030300;25692.75;25692.75;25688;25690.25;54
20251212 030400;25689.25;25691.25;25685.25;25691.25;50
20251212 030500;25690.75;25692;25689.25;25691.5;59
20251212 030600;25692;25693.75;25691.25;25693.25;60
20251212 030700;25691.5;25691.5;25689.75;25690.5;8
20251212 030800;25690.25;25692;25688.5;25689.5;19
20251212 030900;25689.5;25691;25688.5;25689;19
20251212 031000;25690;25690.75;25685;25686.5;41
20251212 031100;25686.5;25689.5;25686.25;25689;25
20251212 031200;25689.25;25689.5;25679.75;25684;78
20251212 031300;25683;25684.75;25680.25;25684;44
20251212 031400;25683;25685.25;25681.75;25684.75;46
20251212 031500;25685.5;25686.5;25684;25684;21
20251212 031600;25682.75;25684;25682;25682.75;11
20251212 031700;25683.25;25683.25;25676.5;25676.5;46
20251212 031800;25676.75;25681.5;25676.25;25681;44
20251212 031900;25681.5;25681.5;25675;25678.25;61
20251212 032000;25678.5;25678.75;25675.5;25678;24
20251212 032100;25677.25;25679.75;25676;25677;21
20251212 032200;25676.25;25677.25;25669;25672;112
20251212 032300;25671.75;25675.5;25671.75;25675;37
20251212 032400;25676.5;25677.25;25670.5;25670.5;61
20251212 032500;25670.25;25672.75;25669.75;25672.5;15
20251212 032600;25671.5;25675.5;25670.75;25673.5;34
20251212 032700;25673;25675;25671.5;25672;49
20251212 032800;25672.5;25672.5;25667;25670;89
20251212 032900;25667.75;25669;25663.75;25666.75;90
20251212 033000;25667;25670.25;25666;25667.75;24
20251212 033100;25669.25;25669.5;25666;25668;36
20251212 033200;25667.5;25672.25;25667.5;25671;47
20251212 033300;25671.5;25672;25668;25669;32
20251212 033400;25668.25;25669.25;25667.5;25668;14
20251212 033500;25667.25;25670.5;25667;25669.5;22
20251212 033600;25670.25;25681;25670.25;25680.25;89
20251212 033700;25680;25681.25;25678;25678.25;58
20251212 033800;25677.25;25678;25672;25675.5;69
20251212 033900;25674.75;25677.75;25673.5;25677.5;29
20251212 034000;25678;25681.5;25677.5;25678.5;69
20251212 034100;25677;25677.5;25676.25;25677.5;7
20251212 034200;25678.5;25680;25675.75;25675.75;36
20251212 034300;25675.75;25682.25;25675.75;25681.25;22
20251212 034400;25681;25682;25679.75;25681.75;27
20251212 034500;25681;25682;25679;25682;12
20251212 034600;25682.25;25683.5;25680.25;25680.5;39
20251212 034700;25679.75;25680.25;25676.5;25679.75;38
20251212 034800;25679;25679;25676.5;25677;19
20251212 034900;25678.25;25678.25;25670.75;25674.5;51
20251212 035000;25676.5;25677.25;25675.75;25676.5;10
20251212 035100;25677.5;25678.25;25676.25;25677;9
20251212 035200;25678;25678;25675;25676.75;16
20251212 035300;25675;25676.75;25675;25676.75;3
20251212 035400;25676.75;25677.25;25676.75;25677;6
20251212 035500;25676;25676.5;25670;25671;40
20251212 035600;25671.5;25672;25667.25;25672;23
20251212 035700;25671;25672.5;25669.75;25672.5;12
20251212 035800;25671.25;25671.75;25671.25;25671.75;2
20251212 035900;25672.25;25672.5;25670.75;25671.75;12
20251212 040000;25671.5;25671.5;25668.5;25669.25;10
20251212 040100;25669.75;25669.75;25666;25667.75;58
20251212 040200;25667.75;25669.25;25666.5;25668;15
20251212 040300;25666.5;25671.5;25665.75;25671.5;21
20251212 040400;25671.5;25673.5;25668.75;25669;30
20251212 040500;25669.5;25670.75;25666;25666;42
20251212 040600;25666;25668.5;25661.75;25668.5;98
20251212 040700;25669.25;25670.25;25666.75;25666.75;14
20251212 040800;25668;25669;25667.5;25667.5;10
20251212 040900;25666.25;25666.5;25665;25665;20
20251212 041000;25664;25664;25661.25;25663.5;38
20251212 041100;25664.5;25664.5;25661.75;25663;23
20251212 041200;25661.75;25665;25660;25660.75;130
20251212 041300;25660;25661;25657;25660.25;77
20251212 041400;25660.75;25661.5;25658.5;25659.5;67
20251212 041500;25660.5;25663.25;25660.5;25661.75;14
20251212 041600;25661.25;25663.75;25660.75;25663.75;25
20251212 041700;25664.25;25664.75;25661;25663.25;59
20251212 041800;25664;25664;25660.75;25661.5;13
20251212 041900;25661.5;25661.5;25658;25658.5;15
20251212 042000;25659;25662.25;25659;25662;10
20251212 042100;25662.25;25662.25;25659.5;25659.75;10
20251212 042200;25660.5;25660.75;25658;25658.75;18
20251212 042300;25658.25;25660;25657.25;25660;40
20251212 042400;25660;25662;25657.25;25658.5;72
20251212 042500;25659;25659.25;25656.75;25658.25;54
20251212 042600;25657.75;25663;25657.75;25662.5;39
20251212 042700;25661.5;25663.75;25661.25;25661.25;33
20251212 042800;25660;25660.5;25658.25;25659;32
20251212 042900;25659.75;25661.25;25659;25660.75;10
20251212 043000;25660.25;25662;25658.25;25660.25;195
20251212 043100;25659.5;25659.75;25658;25658.75;18
20251212 043200;25658.25;25658.75;25657.25;25657.5;36
20251212 043300;25657.75;25661;25657.75;25660.25;10
20251212 043400;25659.75;25662;25658.75;25658.75;233
20251212 043500;25659.75;25660.75;25659.25;25659.75;18
20251212 043600;25661;25661;25659;25660;14
20251212 043700;25659;25660.25;25657.25;25660.25;34
20251212 043800;25660.5;25660.5;25658.5;25658.5;7
20251212 043900;25658;25658.75;25657.5;25657.5;15
20251212 044000;25657.5;25659.5;25657.5;25658.75;18
20251212 044100;25659;25660.25;25658.75;25658.75;13
20251212 044200;25659.75;25659.75;25658.75;25658.75;5
20251212 044300;25658.25;25658.5;25656.25;25657.25;56
20251212 044400;25657.25;25660;25656.75;25660;29
20251212 044500;25660;25661.5;25659.75;25659.75;33
20251212 044600;25660.5;25662;25659;25659;56
20251212 044700;25659.5;25659.75;25658.5;25659.75;16
20251212 044800;25660;25660.5;25659.75;25659.75;5
20251212 044900;25660;25660.75;25659.5;25660.75;4
20251212 045000;25660.75;25668.25;25660.25;25664.25;188
20251212 045100;25663.75;25664.75;25662.75;25663.75;25
20251212 045200;25663.75;25665.25;25660;25663.5;36
20251212 045300;25664.5;25666.5;25663.5;25663.5;36
20251212 045400;25665;25665;25661;25661.25;27
20251212 045500;25660.25;25661;25658.25;25661;38
20251212 045600;25660;25660;25653.75;25655.75;111
20251212 045700;25654.75;25655.25;25654;25655.25;12
20251212 045800;25654.75;25659.25;25654.25;25658.75;82
20251212 045900;25657.25;25658;25656.75;25658;44
20251212 050000;25658;25659.25;25657.75;25659;34
20251212 050100;25658.5;25662.75;25658;25660.25;55
20251212 050200;25661.5;25662.5;25658.25;25661.75;51
20251212 050300;25663;25663.75;25660;25660.25;22
20251212 050400;25660.25;25663.5;25659.75;25663.5;17
20251212 050500;25664;25669.5;25663.5;25668.75;78
20251212 050600;25669;25673;25668;25671.75;115
20251212 050700;25671.75;25672.5;25665.5;25665.5;48
20251212 050800;25666.25;25668.5;25664.5;25667.5;67
20251212 050900;25666.75;25668;25665;25667.75;42
20251212 051000;25668;25671;25667.25;25668;48
20251212 051100;25669.5;25669.5;25667;25667;19
20251212 051200;25667.25;25669;25665;25668.25;48
20251212 051300;25668;25669;25666.25;25667;13
20251212 051400;25667.25;25667.25;25659.25;25662;79
20251212 051500;25661.5;25666.25;25660.75;25663;39
20251212 051600;25663;25667;25663;25665.5;8
20251212 051700;25665.5;25666;25664.5;25664.75;15
20251212 051800;25666.75;25669.5;25666;25666.25;26
20251212 051900;25666;25671.75;25664.5;25669.75;42
20251212 052000;25669.75;25669.75;25668.75;25668.75;5
20251212 052100;25670;25673;25670;25672;55
20251212 052200;25671.75;25673;25670.25;25672.75;25
20251212 052300;25671.25;25671.25;25666.5;25666.5;34
20251212 052400;25667.75;25668.75;25666.5;25668.25;18
20251212 052500;25667.25;25669;25666;25666.25;15
20251212 052600;25666.25;25669.75;25665.5;25669.75;26
20251212 052700;25670.5;25673.5;25670.5;25673;57
20251212 052800;25673.25;25675.5;25672;25673.5;104
20251212 052900;25674;25675.5;25672.75;25672.75;18
20251212 053000;25673;25674;25672;25673.25;57
20251212 053100;25674.25;25679.75;25673;25679;91
20251212 053200;25679;25681.5;25678.5;25681.5;59
20251212 053300;25681.75;25686;25681.75;25685;67
20251212 053400;25684.5;25686.25;25682;25683;65
20251212 053500;25683.75;25684.75;25682.75;25683.75;26
20251212 053600;25685;25686.5;25684.25;25685.75;55
20251212 053700;25686;25689.25;25685.5;25686.75;68
20251212 053800;25686.75;25687.5;25684.25;25685.25;77
20251212 053900;25684;25687.75;25684;25687;21
20251212 054000;25687.25;25689.25;25686.75;25688;32
20251212 054100;25689;25693;25689;25692.75;60
20251212 054200;25693.5;25696;25692;25695.75;71
20251212 054300;25696;25697;25694;25695;88
20251212 054400;25695.25;25697;25694;25694;45
20251212 054500;25694.25;25696;25691.75;25694.75;73
20251212 054600;25694.5;25695;25692.5;25692.5;46
20251212 054700;25692.5;25693.75;25692;25692.5;19
20251212 054800;25692.5;25694.5;25691;25691.25;33
20251212 054900;25690;25692;25689.75;25692;22
20251212 055000;25690.75;25690.75;25688.5;25690;25
20251212 055100;25690.25;25693.75;25690.25;25693.25;39
20251212 055200;25692.25;25693;25690;25692.75;38
20251212 055300;25691.75;25691.75;25690;25690.75;9
20251212 055400;25690;25691.75;25689.5;25691.75;19
20251212 055500;25692.5;25694.5;25692.5;25693.25;21
20251212 055600;25692.25;25693.5;25692;25693.25;5
20251212 055700;25693.75;25699.25;25693.75;25697.25;101
20251212 055800;25695.75;25697.25;25694.75;25695.75;40
20251212 055900;25696;25696;25694;25694.75;21
20251212 060000;25693.75;25693.75;25689.5;25691.25;29
20251212 060100;25691.25;25694.25;25691;25692;23
20251212 060200;25692;25692.25;25690;25692.25;19
20251212 060300;25693.5;25695.5;25693;25693.75;45
20251212 060400;25694.75;25694.75;25692;25694.25;23
20251212 060500;25692;25692.5;25688.5;25689.5;26
20251212 060600;25690;25691;25688.5;25690.5;16
20251212 060700;25691.5;25692.25;25690.75;25692.25;8
20251212 060800;25690.5;25694.25;25690;25694.25;16
20251212 060900;25693.75;25693.75;25692.5;25693;16
20251212 061000;25693.25;25694.25;25692.5;25694.25;11
20251212 061100;25693.25;25697.5;25692.5;25692.75;73
20251212 061200;25693.75;25694.75;25691.75;25692.5;15
20251212 061300;25692.75;25696.75;25692.75;25694;39
20251212 061400;25693.75;25694.25;25692.5;25693.25;26
20251212 061500;25692.75;25693.5;25692.25;25693.5;10
20251212 061600;25693.25;25695.25;25693.25;25694.75;12
20251212 061700;25695.25;25695.25;25692;25693;12
20251212 061800;25692.75;25693.75;25692;25693.5;25
20251212 061900;25693.25;25696;25693.25;25694.75;22
20251212 062000;25694.5;25695.75;25693.75;25695.75;17
20251212 062100;25695;25696.25;25693;25696.25;68
20251212 062200;25695.75;25697;25695.5;25696.5;20
20251212 062300;25696.5;25700;25695;25697;116
20251212 062400;25696.75;25699.5;25696.75;25698.5;27
20251212 062500;25698.25;25698.5;25696;25696.25;20
20251212 062600;25695.5;25698;25694.75;25696.75;28
20251212 062700;25696.75;25700.5;25696.25;25696.75;124
20251212 062800;25696;25700;25695;25700;14
20251212 062900;25699.75;25701.5;25699.5;25700.75;33
20251212 063000;25701.5;25704.25;25698.5;25700.5;103
20251212 063100;25700.75;25702.5;25697;25698.25;78
20251212 063200;25697.25;25697.75;25694.5;25696;27
20251212 063300;25696.25;25696.25;25693;25693.75;114
20251212 063400;25693.75;25694.5;25688;25688.5;102
20251212 063500;25688;25688;25681.75;25683.75;107
20251212 063600;25684.25;25687.25;25682.75;25686;109
20251212 063700;25686.75;25692.25;25686.75;25687.75;79
20251212 063800;25687.5;25688.75;25687;25687;13
20251212 063900;25690.5;25691.25;25685;25685.5;43
20251212 064000;25685.5;25689.5;25685.5;25687.5;31
20251212 064100;25686;25686.75;25681.75;25682;73
20251212 064200;25682;25686.75;25681.5;25686.75;37
20251212 064300;25687;25688.75;25685.25;25685.25;25
20251212 064400;25685.25;25685.5;25680.25;25681.5;49
20251212 064500;25681.75;25682.25;25680;25681.5;43
20251212 064600;25681.5;25683.5;25680;25681.25;63
20251212 064700;25681.75;25681.75;25676;25678.75;152
20251212 064800;25679.75;25682.25;25679.75;25680.25;45
20251212 064900;25680;25682.25;25679;25681.75;17
20251212 065000;25682.25;25683.25;25680;25680;31
20251212 065100;25680.25;25680.5;25677.75;25680.5;29
20251212 065200;25679.75;25682.5;25679.75;25682.5;21
20251212 065300;25681;25682;25679.25;25679.25;24
20251212 065400;25678.25;25679.25;25676;25677.25;47
20251212 065500;25677;25680.5;25677;25679.25;12
20251212 065600;25679.25;25681.75;25679;25681.75;14
20251212 065700;25682;25682;25679.5;25680;14
20251212 065800;25681;25683.25;25681;25682.25;59
20251212 065900;25682.5;25684;25681;25683.75;37
20251212 070000;25682.75;25682.75;25679.75;25679.75;16
20251212 070100;25679;25679;25671.25;25676.5;127
20251212 070200;25678;25678.5;25672.75;25676;44
20251212 070300;25676.75;25677;25673.5;25674.25;28
20251212 070400;25673;25674.75;25672.75;25674.5;13
20251212 070500;25675;25677.75;25674;25675.25;31
20251212 070600;25674.5;25677;25674;25674.75;19
20251212 070700;25675.5;25675.5;25671.5;25671.5;23
20251212 070800;25672.25;25673;25669;25673;46
20251212 070900;25672.25;25675.75;25671.25;25674.25;35
20251212 071000;25674.75;25676;25672.75;25676;53
20251212 071100;25675.25;25676.25;25672.5;25672.5;29
20251212 071200;25673.25;25676.25;25673.25;25673.5;24
20251212 071300;25671.75;25672.75;25670.5;25672.5;25
20251212 071400;25673;25673.75;25672.25;25673.25;24
20251212 071500;25673.75;25674;25671;25671;45
20251212 071600;25671.25;25673.75;25671.25;25671.5;17
20251212 071700;25671.25;25672.25;25668;25670;55
20251212 071800;25670;25672.5;25669;25669.25;37
20251212 071900;25669.5;25671.5;25668;25668;67
20251212 072000;25668.75;25668.75;25663.75;25666.75;125
20251212 072100;25666.75;25670.5;25666.75;25669;52
20251212 072200;25669.75;25670.5;25667.5;25669;39
20251212 072300;25669;25669;25667;25668;48
20251212 072400;25668;25668.75;25663.5;25663.5;142
20251212 072500;25663.25;25665;25662.75;25664.25;20
20251212 072600;25664.5;25665;25661.75;25664.5;28
20251212 072700;25665.25;25666.25;25662.75;25665.25;27
20251212 072800;25665;25666;25664;25664.25;21
20251212 072900;25665.25;25670.25;25665;25667;99
20251212 073000;25667;25667;25663.75;25665.5;41
20251212 073100;25665;25667.5;25663.5;25666.75;38
20251212 073200;25666.25;25666.75;25664.5;25664.75;30
20251212 073300;25665;25666.25;25661;25663.5;59
20251212 073400;25664.5;25664.75;25661.25;25661.75;14
20251212 073500;25662.5;25664;25659.75;25659.75;46
20251212 073600;25660.25;25662.25;25659.75;25660;29
20251212 073700;25660.25;25661.5;25657.25;25657.25;24
20251212 073800;25657.5;25661.25;25657.5;25660.25;28
20251212 073900;25660.25;25660.25;25657.25;25658.5;32
20251212 074000;25659;25660.75;25658.5;25659.5;24
20251212 074100;25660.5;25666.75;25658.75;25666.25;70
20251212 074200;25667;25672;25667;25668;51
20251212 074300;25668.25;25671;25667.75;25670.25;32
20251212 074400;25668.75;25669.75;25668.5;25669.5;11
20251212 074500;25669.5;25674.25;25669.5;25673.5;33
20251212 074600;25671.75;25672.25;25667.75;25668.25;21
20251212 074700;25667.75;25675.75;25666.25;25675;72
20251212 074800;25675;25676;25669.75;25671;41
20251212 074900;25670.75;25673;25669.5;25671.75;30
20251212 075000;25672.25;25674.5;25672.25;25673;77
20251212 075100;25673;25673.5;25671;25671.25;18
20251212 075200;25670.5;25672.25;25670;25670.25;18
20251212 075300;25669.5;25674;25668.25;25673;32
20251212 075400;25672;25673.5;25671.25;25672.75;16
20251212 075500;25671.5;25672.25;25670.75;25671.5;12
20251212 075600;25671.75;25672.25;25669.75;25670.5;23
20251212 075700;25671.5;25672.25;25669.75;25671;25
20251212 075800;25671;25675.5;25669.75;25674.75;80
20251212 075900;25673.25;25673.25;25670.25;25671;53
20251212 080000;25670.75;25671;25665.25;25665.25;89
20251212 080100;25666.5;25668;25657.5;25659.5;177
20251212 080200;25659.75;25661.75;25652.25;25654.75;177
20251212 080300;25657.75;25665;25654.75;25664.75;92
20251212 080400;25663.25;25666.25;25662;25665;64
20251212 080500;25664.25;25672.75;25663.75;25672.75;157
20251212 080600;25672;25675;25669.5;25672.75;86
20251212 080700;25673.5;25674.5;25669;25670.5;49
20251212 080800;25669.25;25670.75;25664.75;25666.25;70
20251212 080900;25666.5;25677.5;25666.5;25676.75;136
20251212 081000;25677;25682.25;25675;25679.75;141
20251212 081100;25680;25682.75;25678.25;25680.5;98
20251212 081200;25680.25;25680.5;25675.25;25678;61
20251212 081300;25677;25679.25;25673.75;25678.25;55
20251212 081400;25678.5;25680.75;25677.5;25679;136
20251212 081500;25679.5;25679.5;25676.5;25678.25;50
20251212 081600;25677.75;25677.75;25671.25;25675;69
20251212 081700;25674.25;25674.75;25667.5;25669.25;60
20251212 081800;25669.75;25673;25667.75;25670.25;27
20251212 081900;25670.5;25675.25;25668.25;25674.75;62
20251212 082000;25673.75;25678.5;25672.5;25678.5;60
20251212 082100;25678.25;25679.5;25675;25675.5;69
20251212 082200;25675.25;25678;25671.25;25675.5;76
20251212 082300;25674.5;25677.5;25672.25;25677.5;50
20251212 082400;25677.25;25679.75;25674;25674;28
20251212 082500;25674;25674.25;25671.25;25673;33
20251212 082600;25671.5;25672.25;25668.75;25670;57
20251212 082700;25670;25674.75;25669.75;25672.25;35
20251212 082800;25671.75;25674.75;25670.25;25672.75;30
20251212 082900;25673.25;25678;25673.25;25676.75;58
20251212 083000;25677.25;25677.25;25669.75;25672;61
20251212 083100;25672.25;25674.25;25669.75;25670.75;32
20251212 083200;25671;25675;25668.75;25671.5;46
20251212 083300;25670.75;25673.5;25669;25671.25;39
20251212 083400;25671.25;25673.75;25669.5;25673.5;37
20251212 083500;25674.5;25676.75;25673.75;25676;20
20251212 083600;25676.5;25682;25676;25678;150
20251212 083700;25677.5;25678.25;25674.5;25675;63
20251212 083800;25675;25678;25673;25676;50
20251212 083900;25675;25679.5;25675;25679.5;39
20251212 084000;25679.75;25681.5;25676.5;25678;68
20251212 084100;25678.75;25680;25677.5;25678.75;31
20251212 084200;25679.25;25679.25;25677;25677;15
20251212 084300;25677.25;25678.75;25673.5;25675.75;48
20251212 084400;25675.5;25676;25672.75;25672.75;23
20251212 084500;25672.5;25674.5;25664.25;25665.5;216
20251212 084600;25666.25;25667.5;25661.25;25664;90
20251212 084700;25664.25;25665;25656.25;25657.25;90
20251212 084800;25656;25662.75;25651;25661;120
20251212 084900;25661.75;25666.5;25660;25664.5;68
20251212 085000;25664.25;25667;25664.25;25667;76
20251212 085100;25666.25;25667.5;25664;25666.25;49
20251212 085200;25668.5;25672.5;25667.5;25671.5;66
20251212 085300;25672;25673.25;25669.5;25672.25;40
20251212 085400;25673;25673.5;25670.25;25671.75;42
20251212 085500;25671;25671;25669.25;25670.75;20
20251212 085600;25669.25;25670.5;25667.25;25667.25;33
20251212 085700;25667.75;25669.75;25664.75;25667.25;66
20251212 085800;25666;25666.75;25661.5;25664.5;35
20251212 085900;25663.25;25666.25;25663;25666;32
20251212 090000;25666;25666.25;25659.25;25662.75;56
20251212 090100;25662;25662.5;25654.5;25659.5;135
20251212 090200;25658.75;25661.25;25655;25659.5;90
20251212 090300;25659.5;25667.25;25659.5;25664;103
20251212 090400;25663.75;25667.25;25661;25661;79
20251212 090500;25661;25662.75;25660.25;25661;32
20251212 090600;25661;25662.25;25659.25;25660.5;50
20251212 090700;25661;25661;25655.5;25657.25;53
20251212 090800;25657;25657.5;25652;25654;60
20251212 090900;25655.25;25655.75;25628;25628;416
20251212 091000;25628;25630;25621.75;25625.75;283
20251212 091100;25625.75;25627;25617;25620.25;298
20251212 091200;25619.25;25622.25;25614.25;25618.25;110
20251212 091300;25617.5;25627.75;25613.25;25627.75;108
20251212 091400;25627.5;25634.5;25625.75;25633;145
20251212 091500;25633.25;25638.75;25632.75;25638.75;121
20251212 091600;25638.75;25643;25638;25640.75;114
20251212 091700;25641.25;25641.25;25632.25;25633.25;90
20251212 091800;25634.25;25634.5;25624.5;25630.5;171
20251212 091900;25633;25633.25;25624;25625;106
20251212 092000;25624;25628.75;25623;25624.25;72
20251212 092100;25625.5;25625.5;25619.5;25622.75;87
20251212 092200;25623;25625.5;25621.75;25622;62
20251212 092300;25622;25622;25613.5;25616.25;101
20251212 092400;25617.25;25620;25614.75;25618.5;59
20251212 092500;25619;25619.75;25616.75;25617.75;30
20251212 092600;25617.25;25619.25;25616.5;25618.75;33
20251212 092700;25618.25;25618.75;25605;25607;264
20251212 092800;25607;25610.5;25604.25;25608.25;117
20251212 092900;25608.5;25610.75;25602.75;25604.5;129
20251212 093000;25604.75;25605.25;25590.25;25591.5;325
20251212 093100;25591;25598;25589.5;25594.75;191
20251212 093200;25594.25;25594.5;25588.5;25591.75;112
20251212 093300;25592.5;25592.75;25580;25589.25;440
20251212 093400;25588.5;25588.5;25575.75;25577.25;213
20251212 093500;25576.75;25588.25;25574;25588.25;268
20251212 093600;25588;25592.75;25584.25;25590.75;130
20251212 093700;25589.75;25593.75;25587.25;25590;96
20251212 093800;25590.25;25593;25584.75;25585.75;98
20251212 093900;25584.75;25587;25575.75;25579;116
20251212 094000;25578;25581;25571;25574;132
20251212 094100;25573.25;25577.25;25571;25572.5;119
20251212 094200;25572.5;25581.25;25563.5;25578.75;402
20251212 094300;25578.5;25583.5;25572;25581.25;115
20251212 094400;25580.25;25584.25;25574;25575.75;99
20251212 094500;25576.25;25577.75;25569.25;25571.75;77
20251212 094600;25572;25575;25569.75;25570.5;75
20251212 094700;25569;25571.25;25562;25568.5;170
20251212 094800;25569;25578.5;25569;25577;108
20251212 094900;25576.75;25580.25;25574.75;25575.75;128
20251212 095000;25575.75;25586.5;25575.5;25585.25;159
20251212 095100;25584;25595;25584;25592.75;216
20251212 095200;25592.25;25595.25;25588.75;25590.75;231
20251212 095300;25590;25590;25584.25;25588;74
20251212 095400;25587.25;25589;25583.75;25584.75;52
20251212 095500;25585;25585.25;25571.5;25576.25;238
20251212 095600;25576.25;25588.25;25574.75;25588;115
20251212 095700;25589.25;25590.5;25584.75;25587;82
20251212 095800;25586.5;25587.25;25582.25;25585;37
20251212 095900;25584.25;25588;25582.75;25588;32
20251212 100000;25589.25;25592.25;25587.25;25587.75;95
20251212 100100;25586.75;25588.25;25583.75;25587.5;92
20251212 100200;25587.5;25591.75;25580.25;25584;116
20251212 100300;25581.5;25590.75;25580.75;25586.75;98
20251212 100400;25587;25590.75;25585;25590.75;35
20251212 100500;25590.25;25592;25587.5;25590;42
20251212 100600;25589.5;25594.5;25588;25593;73
20251212 100700;25593.25;25596.25;25592.5;25596.25;64
20251212 100800;25596.5;25597;25587.75;25595.5;118
20251212 100900;25594.5;25597.5;25591.25;25595.75;40
20251212 101000;25596.25;25599.5;25594.75;25597.25;89
20251212 101100;25599;25609;25599;25609;214
20251212 101200;25609;25614;25608.25;25611.75;174
20251212 101300;25611.25;25618.75;25611.25;25616.25;203
20251212 101400;25616.5;25620.5;25615;25618.5;112
20251212 101500;25619;25622;25617.5;25617.5;66
20251212 101600;25619.5;25619.75;25611.75;25612.5;128
20251212 101700;25612;25612.5;25608.5;25609.75;89
20251212 101800;25610;25610;25599;25604;168
20251212 101900;25603;25604;25593.25;25595.25;140
20251212 102000;25593.25;25598.25;25591.25;25594.25;85
20251212 102100;25594;25603.75;25588.25;25602.5;114
20251212 102200;25603.5;25606.25;25600;25601;127
20251212 102300;25599.25;25601.25;25596;25598.75;52
20251212 102400;25598.5;25602.5;25597;25600;43
20251212 102500;25599;25599;25594;25594;27
20251212 102600;25595;25595.75;25591.5;25592.5;63
20251212 102700;25591.75;25594.75;25587;25587.25;174
20251212 102800;25587.25;25588.5;25579.75;25587.5;150
20251212 102900;25587.5;25592.5;25584.5;25585.25;63
20251212 103000;25584.25;25587.5;25584.25;25584.5;40
20251212 103100;25586;25590;25584.5;25587.25;56
20251212 103200;25586.25;25589.5;25586.25;25589.25;48
20251212 103300;25588.25;25589.5;25578.75;25578.75;90
20251212 103400;25578.25;25585;25578.25;25585;97
20251212 103500;25585;25585.5;25581;25581.25;35
20251212 103600;25582.75;25582.75;25579;25579.25;39
20251212 103700;25578.75;25578.75;25573.25;25573.75;73
20251212 103800;25572.75;25574.75;25567.75;25572.5;114
20251212 103900;25572.5;25574;25565.25;25570;75
20251212 104000;25570.25;25571.25;25565.5;25570.5;43
20251212 104100;25570.75;25573.75;25567.75;25569.5;66
20251212 104200;25571.25;25573.25;25568.25;25572.75;42
20251212 104300;25571.75;25579.5;25571.75;25577.5;72
20251212 104400;25577;25581.75;25576.25;25581.5;68
20251212 104500;25580.5;25588;25576.5;25586.5;158
20251212 104600;25585.75;25586.25;25581.75;25583.75;73
20251212 104700;25583.75;25584;25580.5;25582.5;36
20251212 104800;25582.75;25587.75;25582.5;25587.5;72
20251212 104900;25587;25591.75;25585.75;25587.25;135
20251212 105000;25587;25587.75;25582.75;25587.75;66
20251212 105100;25586.5;25589.25;25584.75;25584.75;54
20251212 105200;25585.75;25589.25;25582.5;25589.25;26
20251212 105300;25588.75;25593.5;25587.5;25589;73
20251212 105400;25589.25;25590;25587.75;25588.25;31
20251212 105500;25588.5;25588.5;25585.75;25586.5;25
20251212 105600;25586.75;25593.25;25586.75;25592;26
20251212 105700;25593;25593.5;25589.25;25589.25;21
20251212 105800;25587.75;25589.5;25585.5;25587.5;50
20251212 105900;25587.5;25588;25583.5;25584.75;34
20251212 110000;25584.75;25585.5;25581.25;25583.25;47
20251212 110100;25584.5;25585.25;25581;25582;74
20251212 110200;25581.75;25584;25578.25;25581.75;106
20251212 110300;25581;25582.75;25576;25578.75;88
20251212 110400;25578.25;25581.5;25577.25;25580.25;45
20251212 110500;25580.25;25581;25577.5;25578.75;27
20251212 110600;25578.25;25580;25577.25;25578.75;25
20251212 110700;25577.5;25581.5;25576.25;25580;41
20251212 110800;25579.5;25579.5;25566.25;25567;146
20251212 110900;25566.75;25571;25565;25566.25;104
20251212 111000;25567.25;25572.25;25564;25569;114
20251212 111100;25570;25573.75;25565.75;25570.5;116
20251212 111200;25571.25;25579;25571;25574.25;69
20251212 111300;25574;25574;25571.25;25572;45
20251212 111400;25573.25;25575;25571;25572;40
20251212 111500;25573.25;25578;25571.25;25577.5;22
20251212 111600;25578.25;25584.75;25577;25584;166
20251212 111700;25583.5;25585.5;25580.5;25582.75;52
20251212 111800;25581.5;25584.75;25581.5;25583.5;35
20251212 111900;25582.75;25586;25582;25582;68
20251212 112000;25582.25;25586.5;25582.25;25585;77
20251212 112100;25587;25588.5;25585.75;25586.5;33
20251212 112200;25585.75;25585.75;25581.75;25583.25;35
20251212 112300;25581.75;25582.25;25574.25;25574.25;64
20251212 112400;25574;25579.25;25572.75;25579;60
20251212 112500;25578.25;25581.75;25574;25574.75;59
20251212 112600;25576.25;25580.25;25575.5;25577;44
20251212 112700;25577;25577;25571;25575.75;73
20251212 112800;25575;25580;25575;25578;45
20251212 112900;25578.25;25578.5;25573.5;25575.25;47
20251212 113000;25574.5;25574.5;25569.25;25570.25;93
20251212 113100;25570.75;25575;25570.75;25574.75;49
20251212 113200;25573;25577;25572.5;25577;47
20251212 113300;25576.25;25582.25;25575.5;25580.5;73
20251212 113400;25580.5;25580.5;25570.5;25570.5;83
20251212 113500;25572;25573;25568.5;25569;63
20251212 113600;25570.25;25571.75;25566.5;25566.5;56
20251212 113700;25565.25;25568.25;25552.75;25557.5;324
20251212 113800;25556.25;25556.5;25545.5;25551.5;391
20251212 113900;25551.25;25553.5;25547.5;25549;147
20251212 114000;25548;25550;25542;25544.5;188
20251212 114100;25544.25;25556.5;25544;25550.75;352
20251212 114200;25551.25;25557.25;25548;25554.5;141
20251212 114300;25554.75;25561.25;25554.75;25558.75;130
20251212 114400;25559.25;25564;25554.5;25562.5;101
20251212 114500;25561.75;25561.75;25556.5;25556.5;50
20251212 114600;25555.25;25561.75;25555;25561;48
20251212 114700;25560.5;25561.75;25552.5;25553;49
20251212 114800;25553.25;25556.25;25548.25;25548.25;106
20251212 114900;25549.5;25549.5;25539.25;25539.25;192
20251212 115000;25538.75;25541.75;25535;25537;134
20251212 115100;25536.75;25542.5;25534.5;25538.25;158
20251212 115200;25537.25;25544.25;25534.5;25536.5;84
20251212 115300;25535;25547;25532.5;25545.75;202
20251212 115400;25546.5;25547.75;25539.75;25540.75;65
20251212 115500;25539.5;25544.25;25536;25541.75;110
20251212 115600;25542.5;25547;25540.75;25544.5;85
20251212 115700;25545.25;25550.75;25543.75;25550.75;68
20251212 115800;25549;25554.5;25548.5;25553.5;123
20251212 115900;25553;25554.75;25548.75;25550.75;39
20251212 120000;25551.25;25553.25;25547.5;25552;46
20251212 120100;25553.75;25555;25541.25;25543.5;172
20251212 120200;25542.25;25550.5;25539.75;25546.25;145
20251212 120300;25546.5;25548.5;25542.25;25544.75;103
20251212 120400;25543.5;25552.25;25538.25;25552;125
20251212 120500;25552;25556.25;25544.25;25546.25;104
20251212 120600;25544.75;25552.25;25544.5;25549.5;63
20251212 120700;25549.5;25553.75;25549;25552.25;69
20251212 120800;25551;25551.75;25548;25548;31
20251212 120900;25548.5;25554.75;25548;25554;103
20251212 121000;25554.25;25562.75;25554.25;25562;159
20251212 121100;25561.5;25567;25560.5;25565.25;157
20251212 121200;25565.25;25569.75;25563.5;25569.25;86
20251212 121300;25569;25571.5;25566.75;25571.5;115
20251212 121400;25569.25;25572;25568.75;25570.5;87
20251212 121500;25571;25572.75;25568.75;25570;110
20251212 121600;25570;25570;25565.75;25567;75
20251212 121700;25566;25570.75;25564.5;25570;78
20251212 121800;25569.5;25571.5;25566;25567;76
20251212 121900;25566;25574.75;25566;25571.75;84
20251212 122000;25571.75;25573.25;25567.25;25570.75;48
20251212 122100;25570.75;25572;25568.5;25569.5;64
20251212 122200;25568.25;25570;25566.25;25567.5;36
20251212 122300;25567;25569.5;25561.5;25565.25;92
20251212 122400;25567;25572.5;25566;25572;62
20251212 122500;25573;25576.75;25567;25575;100
20251212 122600;25574.5;25576;25572.5;25575.5;86
20251212 122700;25574.75;25583.5;25574.75;25579;119
20251212 122800;25579.25;25579.75;25574.25;25574.5;46
20251212 122900;25573.5;25576.25;25571.75;25574.75;41
20251212 123000;25577;25580;25573.75;25573.75;43
20251212 123100;25574.5;25576;25570.25;25572.75;60
20251212 123200;25572.25;25573.5;25568.25;25569.75;56
20251212 123300;25569;25574.25;25566.75;25574.25;70
20251212 123400;25573.5;25576.5;25572.25;25574.25;72
20251212 123500;25572.25;25575.25;25572;25573;21
20251212 123600;25573.75;25574.25;25568;25570;83
20251212 123700;25570;25571.5;25563.75;25568;129
20251212 123800;25568.25;25570.25;25564.75;25567.25;49
20251212 123900;25567.25;25569.5;25566;25567.5;50
20251212 124000;25566.75;25568.25;25566.25;25568.25;11
20251212 124100;25568.5;25568.75;25566.25;25566.5;20
20251212 124200;25566.25;25569.5;25565.5;25568;38
20251212 124300;25566.25;25569.5;25562.75;25566.75;101
20251212 124400;25566.5;25568.5;25560.5;25562.25;118
20251212 124500;25562;25565.25;25554.25;25554.25;193
20251212 124600;25555.25;25563.5;25554;25563.5;128
20251212 124700;25563.25;25563.75;25554;25554;82
20251212 124800;25554;25560;25550.75;25556.5;107
20251212 124900;25558;25558.5;25554.75;25556.5;64
20251212 125000;25558.5;25562.25;25557.5;25559.25;80
20251212 125100;25559;25567.75;25558.5;25565.5;68
20251212 125200;25566.5;25568.75;25563.25;25564.75;33
20251212 125300;25565.75;25565.75;25560.25;25560.25;55
20251212 125400;25559.5;25563.25;25557.75;25562.5;54
20251212 125500;25560.75;25591.25;25559.5;25590.5;924
20251212 125600;25587.75;25596;25581;25587.5;610
20251212 125700;25586.5;25589.25;25577.5;25579;376
20251212 125800;25577;25582.25;25572.5;25574.5;255
20251212 125900;25574.75;25582.5;25573;25574;124
20251212 130000;25574.25;25574.25;25563;25567.25;178
20251212 130100;25568.25;25576.25;25558.5;25567;416
20251212 130200;25566;25572.75;25559.25;25571.75;230
20251212 130300;25572.5;25575.75;25568.25;25574.5;250
20251212 130400;25575;25577.25;25568.25;25568.75;154
20251212 130500;25568.75;25571.5;25567;25571.25;120
20251212 130600;25570.5;25571.5;25567.75;25571.25;65
20251212 130700;25571;25573.75;25569.5;25569.75;77
20251212 130800;25569.25;25574.25;25566;25572;70
20251212 130900;25571;25583.25;25571;25581.75;144
20251212 131000;25580.75;25586.25;25580.5;25586.25;94
20251212 131100;25586.25;25588.25;25582.75;25588;136
20251212 131200;25588.5;25592.25;25585.75;25590;143
20251212 131300;25590;25598;25589;25598;208
20251212 131400;25598.25;25598.5;25584.5;25585.25;214
20251212 131500;25584.75;25589.75;25584.75;25588;110
20251212 131600;25588.5;25591.25;25585.25;25590.75;96
20251212 131700;25590;25591.75;25587;25587.5;45
20251212 131800;25587.5;25587.75;25584.75;25585.5;60
20251212 131900;25585;25586.5;25582.5;25584;81
20251212 132000;25584.5;25587.25;25582.25;25587;78
20251212 132100;25587;25589.75;25584.75;25586.75;67
20251212 132200;25586.5;25588.25;25584.25;25587.5;74
20251212 132300;25588;25589.75;25583.25;25584.5;69
20251212 132400;25584.75;25589;25583.75;25589;41
20251212 132500;25589;25593.5;25586.5;25592.25;113
20251212 132600;25592.25;25600;25591.25;25598.25;176
20251212 132700;25596.75;25596.75;25591;25595;178
20251212 132800;25595;25598.5;25588.25;25590.25;168
20251212 132900;25588.75;25591.25;25586;25590;130
20251212 133000;25589.25;25590.75;25584;25588.25;122
20251212 133100;25588.5;25590.5;25585;25589.5;126
20251212 133200;25588.75;25593;25586.5;25586.5;98
20251212 133300;25587;25589;25585;25586.25;74
20251212 133400;25587.25;25589;25585.75;25585.75;77
20251212 133500;25585.75;25588.25;25583.75;25584.5;111
20251212 133600;25584.5;25585;25577.25;25579.25;214
20251212 133700;25578.5;25587;25578.5;25585.75;202
20251212 133800;25586.5;25587.25;25579.5;25582;191
20251212 133900;25582.75;25587.75;25579.5;25583.75;131
20251212 134000;25585;25589;25585;25587;165
20251212 134100;25587;25591;25585.75;25589.5;58
20251212 134200;25589.5;25590.25;25583.25;25585.75;190
20251212 134300;25586.25;25588.75;25585.5;25587;76
20251212 134400;25587.5;25587.5;25583;25583;75
20251212 134500;25582.5;25584.75;25581.25;25583;56
20251212 134600;25582.5;25586;25579.5;25581.75;168
20251212 134700;25582;25589.5;25582;25588.25;231
20251212 134800;25588.75;25593.5;25588.5;25592;119
20251212 134900;25592.25;25601.25;25590;25601.25;246
20251212 135000;25600.75;25603;25599.5;25600.25;141
20251212 135100;25600.25;25604;25598.25;25601;291
20251212 135200;25600.75;25606.25;25599.5;25604.25;128
20251212 135300;25603.5;25611.5;25602.75;25611.25;238
20251212 135400;25610.75;25616.5;25608.5;25608.5;417
20251212 135500;25609.25;25609.25;25603;25606.5;239
20251212 135600;25606.5;25615;25606.5;25612.75;263
20251212 135700;25612.75;25616.5;25609.75;25610.5;173
20251212 135800;25610;25625.5;25609.25;25624.5;532
20251212 135900;25624.25;25624.75;25619.25;25622.75;229
20251212 140000;25623;25626.25;25621;25625.75;263
20251212 140100;25625.5;25632.25;25620.75;25625.75;548
20251212 140200;25625;25628.5;25619.5;25620;282
20251212 140300;25619.75;25619.75;25611.5;25612.25;238
20251212 140400;25611.75;25612.75;25607.25;25610.5;188
20251212 140500;25609.5;25614.5;25606.75;25613.75;184
20251212 140600;25613.75;25617.75;25611.25;25611.25;200
20251212 140700;25611.25;25617.75;25609;25615.5;106
20251212 140800;25615.75;25622.75;25614.25;25621.75;170
20251212 140900;25621.5;25627.5;25619.75;25622;177
20251212 141000;25621.5;25624.25;25615.5;25616.25;160
20251212 141100;25616.25;25621.25;25612.5;25614.25;180
20251212 141200;25614.5;25617.5;25610.75;25613.75;150
20251212 141300;25613.5;25614.75;25607.25;25607.5;105
20251212 141400;25608;25610.5;25605.75;25607;170
20251212 141500;25606.5;25608.5;25602.5;25605;145
20251212 141600;25604.25;25604.75;25593.75;25597;547
20251212 141700;25596.25;25599.75;25594;25594.75;184
20251212 141800;25595.5;25598.75;25594.25;25596;139
20251212 141900;25596.75;25596.75;25587.75;25590;385
20251212 142000;25589.25;25603.75;25588.5;25601.5;505
20251212 142100;25601;25603.5;25598.75;25600.75;236
20251212 142200;25601;25610.25;25599.75;25609.25;306
20251212 142300;25609;25611.75;25597.75;25602;490
20251212 142400;25600.5;25603.75;25596;25596.75;291
20251212 142500;25596.5;25599.75;25592.75;25593.5;178
20251212 142600;25593.25;25599;25585.75;25592.5;674
20251212 142700;25591.25;25591.75;25580;25583;404
20251212 142800;25583.75;25584.25;25561.5;25568.5;963
20251212 142900;25568.75;25584.5;25568.75;25582.25;751
20251212 143000;25582;25582;25556.75;25559.5;1773
20251212 143100;25560.25;25560.25;25528.75;25549.75;6109
20251212 143200;25549.5;25581.5;25528.5;25569.25;5596
20251212 143300;25569.25;25569.5;25545;25553.25;4279
20251212 143400;25552.75;25580;25549;25577.5;2107
20251212 143500;25577.75;25587.75;25568.5;25574.5;3284
20251212 143600;25574;25585.25;25560.5;25580.75;2765
20251212 143700;25579.75;25600;25579.25;25591.5;2423
20251212 143800;25591.25;25609.75;25590;25607.5;2134
20251212 143900;25607;25610.5;25595;25600.5;1617
20251212 144000;25601;25619.5;25593.75;25609;1885
20251212 144100;25609;25613.5;25597.5;25607.5;1568
20251212 144200;25607.25;25608.25;25560.5;25584.75;4030
20251212 144300;25583.5;25589;25556.25;25573.75;2156
20251212 144400;25573.75;25581;25555.75;25556.5;2347
20251212 144500;25557;25563.75;25545.25;25553;2576
20251212 144600;25554.25;25555;25537.5;25544;2262
20251212 144700;25543.25;25567;25542;25550.5;2325
20251212 144800;25550;25551.25;25531;25531;2275
20251212 144900;25530.75;25530.75;25503;25521.5;3800
20251212 145000;25521.5;25528;25506;25507.25;2053
20251212 145100;25507.5;25526.5;25501.5;25514.75;2548
20251212 145200;25514.75;25539.75;25509.5;25533.25;1971
20251212 145300;25533.25;25562.25;25533.25;25550.75;2941
20251212 145400;25550.5;25565.25;25545.75;25559.75;1815
20251212 145500;25558.75;25570;25550;25561.75;1888
20251212 145600;25561;25570;25555.5;25558.75;1308
20251212 145700;25558.75;25559.5;25539.5;25552;2350
20251212 145800;25552.75;25570;25551;25554.5;1385
20251212 145900;25553.5;25563;25545;25558.75;1391
20251212 150000;25558.25;25562.5;25548.25;25558.25;1089
20251212 150100;25558.25;25559;25516.5;25520.5;3362
20251212 150200;25520.5;25535.5;25513.75;25529.5;2522
20251212 150300;25529;25536.75;25513.75;25515.75;1999
20251212 150400;25515.75;25519;25503.5;25510.25;1783
20251212 150500;25510;25512.25;25479.25;25486;3836
20251212 150600;25486.5;25496.5;25474.5;25484.25;2103
20251212 150700;25484;25498.25;25475.5;25481.75;1755
20251212 150800;25481;25481;25456.75;25457.5;3377
20251212 150900;25457.5;25464.5;25427;25431.5;4117
20251212 151000;25431.75;25439.5;25410.25;25429.75;3883
20251212 151100;25429.5;25457.75;25424.5;25451;3740
20251212 151200;25451.5;25472.5;25449;25454;2703
20251212 151300;25454;25462.75;25446.75;25453.25;1713
20251212 151400;25453.25;25458.75;25441.5;25454.75;1394
20251212 151500;25453.75;25461;25437.5;25438;1319
20251212 151600;25438;25446.75;25431.5;25433.5;1984
20251212 151700;25433.5;25435.75;25412.5;25426.5;2633
20251212 151800;25426.75;25439.25;25416;25435.5;2181
20251212 151900;25435;25454.5;25430.25;25436.25;2170
20251212 152000;25436.25;25442.75;25428;25436.25;1410
20251212 152100;25436.25;25446;25426.5;25436.25;1485
20251212 152200;25436.5;25436.75;25399.25;25408.75;3710
20251212 152300;25408.25;25424.25;25398.75;25421.25;1669
20251212 152400;25420.75;25424.5;25409.5;25409.5;1375
20251212 152500;25409.5;25412.25;25371.25;25379.75;4039
20251212 152600;25380.5;25384;25361.5;25369.5;3125
20251212 152700;25368.75;25370.5;25359;25365.5;1919
20251212 152800;25365.75;25385;25365.5;25367.75;2494
20251212 152900;25368;25369;25324.25;25331;5214
20251212 153000;25330.75;25337.5;25315;25320.25;3252
20251212 153100;25319.5;25326;25295.25;25320;4557
20251212 153200;25320.25;25347.25;25305;25342.75;3509
20251212 153300;25344;25360.5;25326.25;25359.5;3184
20251212 153400;25359.5;25374.5;25351.5;25371.25;2780
20251212 153500;25371;25374.5;25333.5;25348.75;2408
20251212 153600;25349.25;25352.25;25325.25;25327;2223
20251212 153700;25327;25364.25;25321.75;25362.75;2238
20251212 153800;25362.75;25378.5;25357.75;25362.5;2584
20251212 153900;25363.5;25378;25345.5;25359;2877
20251212 154000;25358;25379.5;25355.75;25363.75;1527
20251212 154100;25363.75;25368;25336;25345;2281
20251212 154200;25345.5;25358.5;25340;25356;1478
20251212 154300;25356.5;25365.75;25342.25;25364.25;1385
20251212 154400;25365;25377.75;25347.75;25376.75;1284
20251212 154500;25377;25384.25;25360.5;25382.75;1596
20251212 154600;25383.5;25397.75;25380.25;25387.5;2895
20251212 154700;25388;25399.25;25369.25;25370.75;2127
20251212 154800;25371;25390.75;25367;25382.75;1901
20251212 154900;25382.75;25402;25382.25;25393.75;1896
20251212 155000;25395.25;25398.25;25377.25;25387.75;1646
20251212 155100;25387.25;25399.75;25361.75;25362.75;2024
20251212 155200;25362.75;25372.5;25348.25;25356;3050
20251212 155300;25356.5;25367.75;25347.25;25352.5;1540
20251212 155400;25352;25358;25346;25346.75;1320
20251212 155500;25346.75;25351.5;25330;25330;1747
20251212 155600;25330;25331.25;25313;25315;2132
20251212 155700;25315;25330;25310;25318.5;1976
20251212 155800;25318.5;25336.25;25312.5;25315.75;2111
20251212 155900;25316;25316;25213.25;25232.5;11233
20251212 160000;25231.5;25259.5;25216;25240.5;4875
20251212 160100;25240.25;25277.25;25223.25;25265.25;4687
20251212 160200;25264.5;25274.5;25243.25;25246.25;2801
20251212 160300;25247.25;25252.75;25226.5;25227.75;1782
20251212 160400;25226.75;25235.25;25205;25206.5;2631
20251212 160500;25206.25;25208.5;25174.75;25175;4281
20251212 160600;25174;25216;25166.5;25198.5;3604
20251212 160700;25198;25233;25192;25220;2499
20251212 160800;25220.75;25231.25;25212.5;25221;2018
20251212 160900;25220.75;25241.5;25197.25;25203.25;2032
20251212 161000;25203.5;25211;25188.25;25197.5;1826
20251212 161100;25198;25207;25182;25183.5;1857
20251212 161200;25182.5;25189.25;25153;25169.25;2321
20251212 161300;25167.5;25215;25160;25200;3284
20251212 161400;25199.5;25219.5;25196.5;25198;1449
20251212 161500;25197;25207.25;25186.25;25194;1439
20251212 161600;25192.75;25223.75;25182;25221.75;1797
20251212 161700;25222.75;25228;25196.25;25199.5;1288
20251212 161800;25198.25;25214.25;25195.25;25199.75;1265
20251212 161900;25198.75;25212.25;25180.25;25184;1598
20251212 162000;25183.5;25194.5;25171.75;25185.5;1888
20251212 162100;25186;25205.25;25170;25174;2030
20251212 162200;25172;25173.5;25134;25139.5;4314
20251212 162300;25137.75;25167;25137;25138;2532
20251212 162400;25138.5;25160.75;25137;25150.5;1579
20251212 162500;25150.5;25172.75;25142;25172.75;1614
20251212 162600;25173;25190.5;25156.5;25190.5;2119
20251212 162700;25191;25209.5;25184.75;25191.25;2345
20251212 162800;25191;25209.25;25175.25;25178;1700
20251212 162900;25178;25205.5;25178;25198.5;2003
20251212 163000;25199;25228;25196.75;25224.25;2368
20251212 163100;25224.75;25225.25;25193.5;25212;2677
20251212 163200;25211.25;25212.25;25175;25175.75;1431
20251212 163300;25175.5;25184.5;25165.75;25171.25;1725
20251212 163400;25170.5;25181.5;25162.25;25165.25;1090
20251212 163500;25165;25177;25156;25176;1743
20251212 163600;25176;25185.25;25163;25167.5;1328
20251212 163700;25168.75;25173.25;25151.5;25161;1538
20251212 163800;25161.5;25168.75;25136.5;25138.5;2056
20251212 163900;25138;25143.75;25118;25125.25;3094
20251212 164000;25125.25;25143.25;25124.5;25142;1723
20251212 164100;25142;25145;25118.5;25135.5;1686
20251212 164200;25135;25175;25133;25171.25;2358
20251212 164300;25171.75;25178.75;25150;25155.75;1348
20251212 164400;25156.25;25181.75;25136.25;25181;1679
20251212 164500;25180;25188;25176.5;25185.5;1149
20251212 164600;25185.75;25186.75;25163.5;25164.5;987
20251212 164700;25164.25;25169.5;25153.75;25158.75;1092
20251212 164800;25158;25187.5;25152.25;25174;1244
20251212 164900;25173.75;25188;25170.75;25180;1112
20251212 165000;25180.25;25188;25159.25;25171.25;1301
20251212 165100;25169.75;25169.75;25143.25;25144.75;1718
20251212 165200;25146.5;25154.75;25142.5;25151.5;966
20251212 165300;25151.25;25159.75;25144.25;25158;1126
20251212 165400;25157.25;25170.75;25148.5;25152.5;1409
20251212 165500;25152.75;25160;25144;25154.75;1055
20251212 165600;25154.25;25158.75;25135.5;25137.25;1014
20251212 165700;25136.75;25168;25136.25;25158.25;1359
20251212 165800;25157.75;25177.5;25149;25172;1340
20251212 165900;25172.75;25174.5;25152;25161.5;1487
20251212 170000;25162.5;25175.75;25160.25;25174.5;1126
20251212 170100;25173.5;25209.75;25162.75;25206.25;2338
20251212 170200;25206;25219.25;25203.75;25207.25;1729
20251212 170300;25207;25221.25;25206.25;25213;1218
20251212 170400;25211.75;25227.75;25210.5;25216;1560
20251212 170500;25215.5;25224.75;25209.25;25210.75;1011
20251212 170600;25210.5;25233.25;25207;25228;1241
20251212 170700;25227;25243.5;25225.75;25239.75;1320
20251212 170800;25240;25254.75;25236.5;25253.5;1353
20251212 170900;25254;25260;25240.25;25246;1692
20251212 171000;25245.5;25249.5;25230.75;25232;1147
20251212 171100;25231;25247.25;25230;25246.25;856
20251212 171200;25245.5;25261.25;25244.75;25251.25;1032
20251212 171300;25251.5;25255;25243.25;25246.25;872
20251212 171400;25245.5;25250.5;25239.5;25243.75;591
20251212 171500;25244.25;25254.75;25244.25;25248.25;557
20251212 171600;25248.75;25265;25248;25260.75;1077
20251212 171700;25260;25275.25;25255.75;25268.75;1234
20251212 171800;25268.5;25283;25265.5;25281.25;1230
20251212 171900;25281.75;25291.75;25278.75;25287.5;1037
20251212 172000;25288;25296.5;25287.75;25295.25;1183
20251212 172100;25295.5;25299.75;25286.5;25292.25;1122
20251212 172200;25292.75;25294.25;25282.25;25286.5;775
20251212 172300;25287;25293;25283;25283;1007
20251212 172400;25284;25289.75;25280.25;25286.75;597
20251212 172500;25287;25289.5;25265;25277;1240
20251212 172600;25277.5;25278;25245.75;25248.5;1864
20251212 172700;25248;25252;25229.25;25232.25;1647
20251212 172800;25231.5;25240.75;25225.75;25226;1197
20251212 172900;25225.5;25234.25;25219.25;25221.75;1240
20251212 173000;25221.25;25225;25216.25;25222.75;947
20251212 173100;25222;25237;25202.75;25211;1748
20251212 173200;25210.25;25214.75;25200.25;25200.75;912
20251212 173300;25200.5;25224.25;25192.75;25222.5;1554
20251212 173400;25223.5;25241;25220.5;25239.5;1620
20251212 173500;25239.75;25242;25227.5;25229.75;761
20251212 173600;25229.5;25231.5;25210;25224.75;1150
20251212 173700;25225;25241;25224;25237;1170
20251212 173800;25237.25;25253.5;25234.75;25247.75;1322
20251212 173900;25247;25265;25243;25262.5;974
20251212 174000;25263;25276;25260;25274;1077
20251212 174100;25274;25285;25268;25282.5;1112
20251212 174200;25282.25;25283.5;25264;25269.25;1108
20251212 174300;25268.5;25281.5;25264.5;25281;763
20251212 174400;25281.5;25288.25;25274.75;25276;676
20251212 174500;25275.75;25279.5;25270.75;25270.75;455
20251212 174600;25270.25;25283.5;25267.75;25282;863
20251212 174700;25282.25;25311.5;25281.25;25297.75;1582
20251212 174800;25298.25;25309.25;25297.5;25305.75;774
20251212 174900;25305;25309.5;25298;25302.5;885
20251212 175000;25302.75;25305;25295;25303.5;744
20251212 175100;25303.75;25306.5;25280.25;25281;1495
20251212 175200;25280.5;25288.75;25275.75;25277;776
20251212 175300;25278;25284.25;25271.5;25279.75;833
20251212 175400;25279.75;25287.5;25279;25282;507
20251212 175500;25282;25294.75;25278.5;25284.5;682
20251212 175600;25285;25297.25;25284.75;25293.25;524
20251212 175700;25293.5;25299.75;25285;25285.5;780
20251212 175800;25284.5;25288.25;25275.25;25276.5;730
20251212 175900;25276.75;25287.5;25275.5;25281;894
20251212 180000;25281;25285.5;25270.5;25276.5;682
20251212 180100;25277.25;25280;25269.25;25275.75;804
20251212 180200;25276;25282;25262.75;25264.5;870
20251212 180300;25264.75;25280.25;25262.75;25277;719
20251212 180400;25276.75;25285.75;25273.5;25282.25;661
20251212 180500;25282.25;25294.25;25276.25;25287.25;1092
20251212 180600;25287.25;25300.5;25286.75;25294.25;783
20251212 180700;25294;25297.75;25289.75;25296.5;526
20251212 180800;25296.25;25302.25;25294.5;25297;651
20251212 180900;25296.5;25298.5;25284.75;25286.75;615
20251212 181000;25287.5;25293.25;25285.75;25290.75;488
20251212 181100;25290.75;25296.75;25289.25;25293;382
20251212 181200;25293.75;25300.75;25288.25;25290.25;782
20251212 181300;25291.5;25359.75;25291.5;25346.75;6455
20251212 181400;25348.75;25355.5;25326.25;25342.25;1894
20251212 181500;25342.5;25349.5;25325.5;25332.25;1466
20251212 181600;25332;25358;25330.5;25346.75;1896
20251212 181700;25346.25;25362.75;25342.5;25356.75;1593
20251212 181800;25356.75;25372.5;25354.5;25355.5;1362
20251212 181900;25355;25360;25346.25;25355.5;1156
20251212 182000;25355;25359.25;25341.75;25344.75;725
20251212 182100;25344;25346.25;25324.25;25337;1761
20251212 182200;25337.5;25341.75;25317;25323.25;1172
20251212 182300;25324;25330.25;25313;25314.5;1008
20251212 182400;25314.5;25321;25308.25;25318.25;1146
20251212 182500;25318.75;25320.25;25307.5;25317.25;928
20251212 182600;25316.75;25324.5;25313.75;25319.5;728
20251212 182700;25319.25;25327.75;25312.5;25313;618
20251212 182800;25313.25;25326.25;25308.5;25320.25;718
20251212 182900;25320.25;25336.25;25319.25;25335.25;801
20251212 183000;25335.25;25340.25;25331.5;25339.75;554
20251212 183100;25339.5;25342.25;25329.75;25331.5;1022
20251212 183200;25330.5;25338;25322.5;25331;782
20251212 183300;25331.25;25333.5;25322.25;25323.75;578
20251212 183400;25323.5;25331.5;25322.5;25327.25;526
20251212 183500;25327.75;25338;25322.5;25329.25;761
20251212 183600;25328.25;25335.5;25325.25;25327;458
20251212 183700;25327.5;25330.75;25318.5;25319;659
20251212 183800;25319.25;25321.5;25306;25319.5;1223
20251212 183900;25319.25;25333.75;25319.25;25332;725
20251212 184000;25332;25339;25328.25;25336.5;538
20251212 184100;25336.75;25344.5;25331.75;25338.75;529
20251212 184200;25338;25343.25;25328.75;25334.75;542
20251212 184300;25335.5;25339;25326.75;25326.75;338
20251212 184400;25326.75;25328;25307.75;25309.25;772
20251212 184500;25309;25311.5;25295.75;25304.5;1865
20251212 184600;25306;25314.25;25298;25306.25;721
20251212 184700;25306;25307.75;25294.5;25296;585
20251212 184800;25295.75;25308.25;25293.25;25299.75;666
20251212 184900;25298.75;25311.5;25296.75;25305.25;661
20251212 185000;25305.5;25315;25302.5;25314;396
20251212 185100;25314.5;25317.25;25309;25311.75;626
20251212 185200;25312;25326;25312;25318;650
20251212 185300;25318.5;25321;25309;25314.5;528
20251212 185400;25315;25322.75;25305.25;25306.25;509
20251212 185500;25306.5;25311.5;25299;25310;598
20251212 185600;25310.75;25316.75;25300.5;25301.5;450
20251212 185700;25301.25;25303.75;25298;25301.25;639
20251212 185800;25302.5;25304;25276.75;25278;1327
20251212 185900;25278.75;25285;25276.75;25280.5;1065
20251212 190000;25280;25284.5;25273.5;25278.25;884
20251212 190100;25279;25285.5;25277;25281.75;852
20251212 190200;25281.75;25283.25;25266.5;25267.75;1202
20251212 190300;25267.5;25269;25255.5;25262.5;1675
20251212 190400;25262.75;25279.25;25257;25274.25;1269
20251212 190500;25274.25;25284.5;25273.5;25279.5;885
20251212 190600;25277.75;25285.25;25276;25279.25;592
20251212 190700;25278.75;25278.75;25263.75;25266.5;686
20251212 190800;25266;25271.5;25263.75;25268;457
20251212 190900;25268.25;25276.75;25260;25263;753
20251212 191000;25263;25266.75;25257;25259;500
20251212 191100;25258.75;25270.75;25258;25265;649
20251212 191200;25264.5;25276;25258;25260;737
20251212 191300;25260;25264;25254.25;25256.75;669
20251212 191400;25256.75;25257.75;25235.25;25244;2272
20251212 191500;25243.5;25252.5;25238.75;25239.75;797
20251212 191600;25238.75;25247.5;25236.5;25240.5;741
20251212 191700;25240;25256;25240;25243.75;735
20251212 191800;25243.75;25246.25;25233.5;25243;604
20251212 191900;25242.75;25247.25;25235;25236.75;524
20251212 192000;25237;25240.75;25232;25237.25;761
20251212 192100;25237;25249.5;25236;25247.25;947
20251212 192200;25247.5;25250.5;25233.25;25236.25;1251
20251212 192300;25236;25237;25227.25;25228.25;1089
20251212 192400;25227.75;25229.75;25221;25226.25;960
20251212 192500;25226;25238.25;25220.25;25233.5;981
20251212 192600;25234.75;25237;25220;25225.5;906
20251212 192700;25225.5;25226.5;25215.5;25221.5;560
20251212 192800;25221.25;25226.25;25217.5;25218;739
20251212 192900;25217.75;25224.75;25215.25;25221.25;709
20251212 193000;25221;25227.75;25218.5;25227;621
20251212 193100;25227.5;25241.75;25225.25;25241;1525
20251212 193200;25240.75;25255.5;25238;25254.5;1240
20251212 193300;25255;25255;25234.25;25235.25;966
20251212 193400;25236.25;25250.5;25233.5;25246.75;656
20251212 193500;25246.75;25251.25;25237;25237.25;621
20251212 193600;25238;25245.5;25235.5;25239.25;540
20251212 193700;25238.5;25244;25232.25;25232.25;426
20251212 193800;25232;25236.75;25228.5;25235.25;540
20251212 193900;25235.5;25238.75;25229.75;25232.75;510
20251212 194000;25233;25238;25230;25232.25;601
20251212 194100;25232.5;25254;25232.5;25254;923
20251212 194200;25254.25;25266;25253.25;25253.25;1243
20251212 194300;25253.75;25256.75;25237;25239;859
20251212 194400;25239.5;25244.75;25236.75;25242.75;595
20251212 194500;25244.5;25245;25240.25;25241.75;282
20251212 194600;25241.25;25245.75;25234.25;25234.25;413
20251212 194700;25234.25;25237.5;25227.5;25235;866
20251212 194800;25235.25;25243;25232.25;25241.25;389
20251212 194900;25242;25243;25235.5;25240.75;361
20251212 195000;25240.5;25243.75;25235.5;25237.25;469
20251212 195100;25237.5;25244.75;25235;25242;657
20251212 195200;25241.25;25250;25239.5;25244;724
20251212 195300;25244.25;25247;25234.25;25241.75;628
20251212 195400;25241.75;25246;25236;25245.5;485
20251212 195500;25246;25253;25242.25;25248;470
20251212 195600;25247.5;25248.25;25240.75;25248;376
20251212 195700;25247.75;25253.5;25243.5;25247.75;741
20251212 195800;25247.25;25249.75;25227.25;25227.5;854
20251212 195900;25227.25;25238.75;25226;25233;967
20251212 200000;25232.75;25250;25232.75;25244;813
20251212 200100;25244.25;25251;25237.75;25238;1185
20251212 200200;25238.25;25242;25225;25234;1096
20251212 200300;25234.25;25237.5;25228.5;25230.25;435
20251212 200400;25230.75;25235.5;25223.75;25232.5;652
20251212 200500;25232.75;25242.25;25232.25;25237.75;709
20251212 200600;25236.5;25246.75;25235;25246;712
20251212 200700;25246.5;25246.75;25237.75;25239.25;373
20251212 200800;25238.5;25248.5;25235.75;25247.25;523
20251212 200900;25248.25;25254.25;25244;25244.75;733
20251212 201000;25245;25257.25;25243.5;25255.25;735
20251212 201100;25255.5;25262.75;25250;25250;1141
20251212 201200;25250.75;25251.25;25245.5;25246.75;476
20251212 201300;25247.5;25252.5;25234.5;25234.5;707
20251212 201400;25235;25238.75;25231;25232.25;749
20251212 201500;25232.25;25235.5;25224.25;25224.5;869
20251212 201600;25224;25231.75;25221.75;25230.5;1186
20251212 201700;25230.75;25241;25230.75;25234.75;753
20251212 201800;25234.5;25238.75;25231.5;25231.5;515
20251212 201900;25231.5;25234.25;25225.75;25232.5;736
20251212 202000;25233;25238.75;25232;25233.75;451
20251212 202100;25234.25;25237.75;25232.25;25235.5;481
20251212 202200;25235.25;25239.75;25232.25;25235.5;545
20251212 202300;25235.25;25238;25230.5;25231.75;550
20251212 202400;25230.75;25238;25229;25232.5;476
20251212 202500;25232.25;25239;25232;25238.25;465
20251212 202600;25238.5;25239.75;25220.75;25221;838
20251212 202700;25221.25;25224;25203.25;25207;2253
20251212 202800;25206.75;25220.75;25206.75;25218;1043
20251212 202900;25217.75;25217.75;25206.5;25211;1006
20251212 203000;25210.75;25216.75;25207.25;25209.5;896
20251212 203100;25210;25215.75;25202;25202;1176
20251212 203200;25202.25;25204;25177.5;25178.5;2133
20251212 203300;25178.25;25180.25;25166.25;25178;1649
20251212 203400;25178;25190;25173;25182.75;1121
20251212 203500;25183.25;25200.75;25177;25198.75;1210
20251212 203600;25199.25;25203.75;25176;25176;1363
20251212 203700;25175.75;25179;25165;25169.25;1110
20251212 203800;25169.5;25174.25;25163.25;25163.5;705
20251212 203900;25163.5;25164;25145.5;25157.5;1544
20251212 204000;25157;25165.25;25150.5;25156.75;858
20251212 204100;25155.25;25178.5;25155.25;25170;1121
20251212 204200;25170.5;25180;25167.25;25178.5;702
20251212 204300;25178.25;25191.75;25178;25184.5;1249
20251212 204400;25184.5;25195.5;25181.75;25187.75;808
20251212 204500;25187.75;25192.25;25176.25;25181.5;718
20251212 204600;25182;25194.5;25175.5;25192.25;1149
20251212 204700;25193.25;25210;25189.25;25205.5;1351
20251212 204800;25207.25;25223;25206.75;25213.75;1457
20251212 204900;25213;25222;25212.5;25219.5;966
20251212 205000;25219.75;25222;25193.25;25199.5;1445
20251212 205100;25199.5;25219;25188.75;25189.75;1810
20251212 205200;25189.75;25202;25179.25;25202;1284
20251212 205300;25202;25206.75;25188.75;25194.25;1069
20251212 205400;25194.5;25195.25;25176;25178;1597
20251212 205500;25178.5;25198.25;25170.25;25197.25;2496
20251212 205600;25198;25209;25193.25;25207.5;2312
20251212 205700;25208.25;25211.75;25196.25;25198.75;1329
20251212 205800;25198.25;25207;25193.5;25202.25;1574
20251212 205900;25202.25;25207;25200;25205;1698
20251212 210000;25204.75;25218.75;25202.5;25210.25;11190
20251212 210100;25210.5;25225.25;25200.5;25219.75;3975
20251212 210200;25220;25226;25215.5;25219.75;1355
20251212 210300;25219.75;25219.75;25199.75;25205.5;1754
20251212 210400;25205.75;25220.25;25205.25;25216.75;743
20251212 210500;25217;25221.5;25212.75;25214.5;614
20251212 210600;25214.75;25216.5;25208.25;25209;413
20251212 210700;25209;25209.25;25201.25;25202;309
20251212 210800;25202.25;25206.75;25202.25;25203;222
20251212 210900;25202.75;25205;25199.25;25200.75;331
20251212 211000;25200.75;25205.5;25199.75;25204.5;177
20251212 211100;25204.75;25208;25202.5;25206.75;255
20251212 211200;25206.5;25211.5;25206;25209.5;228
20251212 211300;25209.25;25211;25206.5;25209;301
20251212 211400;25209.25;25211.5;25208;25211.25;298
20251212 211500;25211.5;25217.5;25211.5;25216.5;480
20251212 211600;25217;25217.25;25212;25216.25;181
20251212 211700;25215.5;25215.75;25207.75;25210.5;434
20251212 211800;25210.5;25212.5;25209;25211;139
20251212 211900;25211;25215.5;25211;25213.5;114
20251212 212000;25214.5;25217.5;25213.75;25216;166
20251212 212100;25216;25216.25;25213.5;25215.25;231
20251212 212200;25215.25;25220;25214.25;25220;229
20251212 212300;25220.25;25221;25217.25;25218;132
20251212 212400;25218;25218.75;25214;25214.5;110
20251212 212500;25214.25;25215;25211;25211.25;117
20251212 212600;25211;25212.25;25207.5;25211.25;159
20251212 212700;25211.5;25212.25;25206.25;25207.5;116
20251212 212800;25208;25208.5;25206.25;25207;62
20251212 212900;25206.25;25207.5;25202.75;25202.75;223
20251212 213000;25203;25206.25;25202.75;25203.5;106
20251212 213100;25203.25;25205.5;25203;25203.5;178
20251212 213200;25203.5;25203.5;25199.5;25202.5;204
20251212 213300;25202.25;25205.25;25200.5;25204;121
20251212 213400;25203.25;25203.75;25202;25202.75;61
20251212 213500;25203;25204.25;25202.5;25203.5;73
20251212 213600;25203.5;25206.25;25202.5;25203.5;192
20251212 213700;25203.75;25207.25;25201.75;25206.75;198
20251212 213800;25206.75;25210;25203.75;25204.75;136
20251212 213900;25204.75;25210;25204.75;25207.75;119
20251212 214000;25208;25209.5;25207;25208.75;97
20251212 214100;25209.25;25210.5;25206.25;25208.5;186
20251212 214200;25208.75;25210;25207.5;25209;143
20251212 214300;25209.25;25212;25208.25;25211.25;128
20251212 214400;25211.5;25212.75;25208;25210.25;166
20251212 214500;25210.5;25211;25206.5;25207;95
20251212 214600;25207;25209;25206.25;25209;84
20251212 214700;25209.5;25211.75;25209;25209;61
20251212 214800;25208.5;25212;25208.5;25210.5;69
20251212 214900;25210.25;25212;25209.75;25211.75;46
20251212 215000;25211.25;25211.5;25208.75;25209;73
20251212 215100;25209.25;25211;25206.75;25206.75;121
20251212 215200;25206.5;25208;25203;25205;105
20251212 215300;25205;25211;25204.25;25211;141
20251212 215400;25211.75;25212;25209;25209;65
20251212 215500;25209;25209.5;25202.25;25203.25;147
20251212 215600;25203.5;25212.5;25203;25212.25;285
20251212 215700;25211.25;25211.25;25206.5;25210.5;78
20251212 215800;25210.75;25211.5;25208.5;25208.5;93
20251212 215900;25208.5;25209.5;25205.25;25205.5;85
20251212 220000;25205.75;25207.5;25200.5;25202.5;177
20251214 172300;25202.5;25202.5;25202.5;25202.5;1
20251214 230100;25223.5;25245.25;25223.5;25242;984
20251214 230200;25242;25242.25;25223.5;25229.75;270
20251214 230300;25229.5;25229.5;25188;25188;473
20251214 230400;25187.25;25189.75;25170.5;25171.5;444
20251214 230500;25171.5;25184;25170.25;25176;120
20251214 230600;25175.25;25176;25159.25;25169.5;209
20251214 230700;25170.5;25173;25160;25162.5;137
20251214 230800;25162.75;25166;25138;25138.75;233
20251214 230900;25137;25142.5;25132.5;25141.75;240
20251214 231000;25141.25;25155.25;25141.25;25145.75;148
20251214 231100;25146.5;25148.75;25143;25147.75;66
20251214 231200;25149;25152.5;25147;25150.5;82
20251214 231300;25149.75;25164;25149.75;25162.75;174
20251214 231400;25161.5;25165.25;25158.25;25161.5;96
20251214 231500;25161.25;25161.25;25141.25;25154;170
20251214 231600;25154;25170;25153.25;25170;153
20251214 231700;25170.5;25171.25;25158;25164.75;64
20251214 231800;25165;25168.75;25162.5;25167.25;38
20251214 231900;25165.25;25168.5;25162.5;25163.25;32
20251214 232000;25165;25168.25;25162.25;25165.25;24
20251214 232100;25164.75;25166.25;25146.75;25153;114
20251214 232200;25151.25;25156.5;25145.75;25156;98
20251214 232300;25157;25165.5;25157;25163.5;79
20251214 232400;25163.5;25168.75;25163.5;25165.25;71
20251214 232500;25166;25170;25159.25;25160.75;57
20251214 232600;25161.75;25169;25161.75;25163;42
20251214 232700;25162.5;25163;25155.25;25156;49
20251214 232800;25156.75;25166;25156.75;25163.25;29
20251214 232900;25163.75;25170.25;25163.5;25167.25;52
20251214 233000;25166;25172;25166;25170.5;62
20251214 233100;25170.75;25182.25;25170.75;25180.25;174
20251214 233200;25181;25185.25;25175.25;25178.5;111
20251214 233300;25177.75;25177.75;25173.5;25175.25;29
20251214 233400;25175.5;25178.5;25169;25169;47
20251214 233500;25167.75;25176;25167.5;25173.75;44
20251214 233600;25175;25177.25;25174;25177.25;22
20251214 233700;25175.75;25176;25170.25;25176;30
20251214 233800;25175.5;25177.5;25174;25177.25;19
20251214 233900;25177.5;25185.5;25177.25;25179;99
20251214 234000;25179.5;25182.5;25178.75;25182.5;16
20251214 234100;25182.75;25185.5;25182;25183.25;39
20251214 234200;25183;25184.25;25179;25183.25;34
20251214 234300;25185.25;25186.25;25180.5;25180.5;22
20251214 234400;25182.5;25187.5;25182.5;25186.5;29
20251214 234500;25186.25;25187.25;25178.5;25180;45
20251214 234600;25184.25;25184.25;25175.75;25175.75;38
20251214 234700;25175.25;25175.5;25171.25;25174.5;68
20251214 234800;25174.25;25176;25171.25;25171.75;25
20251214 234900;25171.25;25175.75;25171;25175.25;43
20251214 235000;25174;25182.25;25173.75;25179.25;39
20251214 235100;25179.5;25185.5;25178.5;25181;45
20251214 235200;25182.5;25198.75;25182.5;25198.75;134
20251214 235300;25199;25199.75;25195.5;25197;114
20251214 235400;25196.75;25200;25196.5;25199;48
20251214 235500;25199;25200;25197.75;25198.25;71
20251214 235600;25198;25198;25193;25196.5;97
20251214 235700;25197;25199.75;25194.75;25196.5;44
20251214 235800;25197.25;25198.5;25195;25196.25;24
20251214 235900;25197;25197;25190.75;25191.25;109
20251215 000000;25191.75;25195.75;25191.75;25194;29
20251215 000100;25191;25200;25190.25;25197.25;116
20251215 000200;25198.25;25200;25195.25;25198.5;64
20251215 000300;25196.25;25198.5;25188;25197;37
20251215 000400;25193.75;25200;25191.5;25199.5;63
20251215 000500;25199;25200.25;25195.5;25195.5;80
20251215 000600;25196.5;25200;25188;25197.75;87
20251215 000700;25200;25210.5;25200;25210.25;247
20251215 000800;25210.25;25212;25203.75;25210.5;61
20251215 000900;25209.5;25212.5;25209.5;25211.75;33
20251215 001000;25212;25213.5;25209;25209;61
20251215 001100;25209;25210.25;25204.25;25205.25;67
20251215 001200;25204.25;25207.25;25197.75;25206;86
20251215 001300;25205.5;25208;25205;25206.25;36
20251215 001400;25207.25;25210;25205;25209;36
20251215 001500;25207.75;25210.5;25205.5;25206;30
20251215 001600;25206.75;25210.25;25201.75;25209;66
20251215 001700;25210.25;25211.25;25199.75;25199.75;98
20251215 001800;25199.75;25207.25;25196;25202.75;95
20251215 001900;25202.5;25207.25;25200.75;25203.5;25
20251215 002000;25203.75;25204.75;25201;25201;36
20251215 002100;25200.75;25200.75;25197;25200.5;30
20251215 002200;25199.25;25205;25199.25;25203.75;17
20251215 002300;25204.5;25205.5;25200.5;25201.75;34
20251215 002400;25198.5;25200;25192.5;25198;110
20251215 002500;25197.5;25197.75;25190.25;25193.5;74
20251215 002600;25194.5;25196.5;25193.25;25194.5;17
20251215 002700;25195;25200.75;25190;25199;103
20251215 002800;25199.5;25211;25199;25205.5;90
20251215 002900;25207;25209;25204.25;25208.5;33
20251215 003000;25209.25;25209.75;25206.25;25206.75;30
20251215 003100;25207.5;25218.5;25207.5;25218.5;161
20251215 003200;25218.5;25220.75;25215;25219.25;85
20251215 003300;25218.25;25223;25213.75;25216.75;99
20251215 003400;25215;25218.25;25213.5;25216;50
20251215 003500;25215;25219.5;25215;25219.25;50
20251215 003600;25219.75;25219.75;25215;25216.75;36
20251215 003700;25216.25;25219.5;25214.75;25217.75;24
20251215 003800;25218;25220.25;25215;25215;28
20251215 003900;25215;25217.75;25212;25212.75;53
20251215 004000;25212.75;25214.25;25211;25212.5;28
20251215 004100;25212.75;25214;25211.5;25212.5;15
20251215 004200;25213.25;25214.75;25211.5;25213.5;26
20251215 004300;25212;25214.25;25212;25213.5;12
20251215 004400;25214.75;25215.5;25213.5;25215;19
20251215 004500;25215.5;25221.25;25214.25;25219.5;60
20251215 004600;25219;25228;25218;25225.75;99
20251215 004700;25225.5;25227.75;25223.5;25226.5;42
20251215 004800;25226.25;25228.5;25226.25;25228.25;24
20251215 004900;25227.25;25227.25;25222.75;25226.75;50
20251215 005000;25226.25;25228.25;25225.75;25226.5;17
20251215 005100;25225.5;25227;25222;25224;38
20251215 005200;25223.5;25226.25;25222.75;25224.5;23
20251215 005300;25226;25228.25;25222.5;25225.5;59
20251215 005400;25227;25228.25;25225.5;25228.25;15
20251215 005500;25227;25230.5;25225;25230.5;46
20251215 005600;25231;25240.25;25229.5;25237.25;116
20251215 005700;25236;25240;25235.5;25239.75;37
20251215 005800;25239.75;25241.75;25230;25239.75;140
20251215 005900;25239.5;25240.5;25233.25;25235.25;77
20251215 010000;25236;25237.5;25234.25;25234.25;39
20251215 010100;25235.5;25242;25233.5;25238;85
20251215 010200;25236.75;25238.5;25234.75;25236.25;83
20251215 010300;25235.25;25236.25;25228;25228;102
20251215 010400;25228;25232.5;25223.5;25225.5;194
20251215 010500;25227;25227.25;25221.75;25223.25;150
20251215 010600;25223.25;25231.5;25223.25;25228.75;94
20251215 010700;25230;25231.5;25224;25227.25;58
20251215 010800;25225.25;25232.5;25224.25;25231.5;32
20251215 010900;25230.75;25233;25228.5;25229.25;42
20251215 011000;25228;25232;25227.25;25231.25;34
20251215 011100;25230.75;25234.75;25230.75;25232.25;62
20251215 011200;25231.25;25233.75;25224.25;25225;54
20251215 011300;25225;25232;25225;25228.5;41
20251215 011400;25229.75;25234.5;25229.75;25233;62
20251215 011500;25233.5;25236.25;25230.25;25234;47
20251215 011600;25233.75;25237;25232.5;25237;42
20251215 011700;25236.5;25238.25;25230;25231.5;76
20251215 011800;25232.25;25232.25;25227.5;25228.25;50
20251215 011900;25227.75;25229;25226.5;25227.25;34
20251215 012000;25227;25234.5;25226.5;25233.25;94
20251215 012100;25234.25;25236.5;25233;25233;46
20251215 012200;25233.75;25234.25;25227.25;25230.5;44
20251215 012300;25229.75;25232.75;25228;25229.5;47
20251215 012400;25230;25233;25229.5;25229.75;18
20251215 012500;25230.75;25233.25;25229.5;25232.5;25
20251215 012600;25231.25;25234;25231;25232.25;19
20251215 012700;25231;25233.5;25229.5;25231.75;11
20251215 012800;25231.5;25233.5;25231.5;25231.5;10
20251215 012900;25233.25;25235.75;25232;25235.25;45
20251215 013000;25235.5;25238;25235.5;25238;50
20251215 013100;25237.25;25242;25237;25239.75;106
20251215 013200;25240.75;25248.5;25239;25244.25;128
20251215 013300;25245.25;25252.25;25245.25;25248.75;121
20251215 013400;25250;25253.5;25248;25251.25;92
20251215 013500;25251.25;25253;25247.75;25252.75;132
20251215 013600;25252.25;25253.5;25250;25252.75;101
20251215 013700;25253.5;25259;25251.75;25254.75;149
20251215 013800;25255.25;25256;25253.25;25253.25;38
20251215 013900;25253.5;25258;25253.5;25257.25;66
20251215 014000;25258.25;25261;25256.5;25256.5;82
20251215 014100;25256.5;25257.5;25250;25250.5;141
20251215 014200;25250.5;25252;25249.75;25251.5;112
20251215 014300;25251.5;25251.5;25244;25245.25;104
20251215 014400;25244;25249.5;25242;25248.75;55
20251215 014500;25249;25252;25248;25249.5;88
20251215 014600;25249.75;25250.75;25247.5;25247.75;86
20251215 014700;25248.25;25251.5;25246.5;25248;52
20251215 014800;25248;25249.75;25246.5;25246.5;33
20251215 014900;25247.75;25250.75;25247.5;25250.25;36
20251215 015000;25249.25;25252.25;25249;25250.75;128
20251215 015100;25251;25251.25;25250.5;25251.25;5
20251215 015200;25250.5;25252;25250.5;25252;13
20251215 015300;25251.75;25259.5;25251.75;25256.75;84
20251215 015400;25256;25260;25255.75;25255.75;28
20251215 015500;25257.25;25259;25255;25255;22
20251215 015600;25254.5;25257.25;25253.5;25253.5;15
20251215 015700;25252.5;25255.25;25252.5;25253.75;7
20251215 015800;25255.5;25258;25255.5;25258;23
20251215 015900;25258;25259.25;25256.75;25259;46
20251215 020000;25258.75;25265;25257.75;25260.75;90
20251215 020100;25260.75;25265.25;25260.75;25263.5;76
20251215 020200;25263;25263.25;25260.5;25262.75;51
20251215 020300;25262.5;25263.75;25261.5;25262.75;36
20251215 020400;25262;25267;25261.5;25266.75;50
20251215 020500;25267;25271;25267;25268.25;89
20251215 020600;25268.25;25271;25265;25271;39
20251215 020700;25271;25273.5;25268;25270;79
20251215 020800;25270;25271.5;25268.5;25270.5;40
20251215 020900;25270;25270.75;25268.25;25270.5;48
20251215 021000;25270.5;25271.25;25268.25;25268.25;41
20251215 021100;25269;25269.25;25266.75;25267.5;29
20251215 021200;25268;25268;25263.5;25265;53
20251215 021300;25267.25;25270;25265.75;25269.25;43
20251215 021400;25268.5;25269.25;25267;25267;17
20251215 021500;25267.5;25268.5;25265.25;25268;19
20251215 021600;25268;25269;25265;25265.75;39
20251215 021700;25266.5;25272;25265;25268.25;97
20251215 021800;25269.25;25271.25;25268;25271;34
20251215 021900;25271.25;25277;25271;25271.25;103
20251215 022000;25272.25;25272.25;25267.25;25269.5;31
20251215 022100;25268.75;25270;25268.25;25269;18
20251215 022200;25267.75;25269.75;25265.25;25266.75;37
20251215 022300;25267;25267;25255.25;25263;168
20251215 022400;25262.5;25266;25262.5;25265.75;15
20251215 022500;25265.5;25267.5;25264.75;25266.5;31
20251215 022600;25265.75;25269;25265.25;25267.5;49
20251215 022700;25267;25275.5;25266;25274.5;59
20251215 022800;25273.75;25275.5;25270.75;25275.25;38
20251215 022900;25275.5;25276.75;25270.75;25270.75;31
20251215 023000;25270;25272.75;25266.5;25271.5;57
20251215 023100;25273;25276.5;25273;25273;51
20251215 023200;25272;25279;25272;25277;65
20251215 023300;25277;25283;25277;25279.25;135
20251215 023400;25280.25;25283.25;25279.5;25280.25;69
20251215 023500;25281;25284.25;25278.5;25281.75;163
20251215 023600;25281.5;25283.75;25281.5;25283;39
20251215 023700;25282.25;25283.75;25281;25281.75;36
20251215 023800;25282;25283.25;25277;25282;55
20251215 023900;25282.75;25283;25279.75;25280;23
20251215 024000;25280;25281.75;25279.5;25279.75;22
20251215 024100;25280.25;25280.5;25277.5;25278.5;17
20251215 024200;25278.5;25278.5;25273;25274.75;57
20251215 024300;25273.75;25276.5;25271;25271.75;53
20251215 024400;25271.25;25275;25271.25;25275;17
20251215 024500;25274.75;25274.75;25271.75;25272.25;17
20251215 024600;25272.75;25273.75;25268.25;25273.25;63
20251215 024700;25274.75;25276.25;25268.75;25271;52
20251215 024800;25269.75;25271.25;25268.25;25268.75;29
20251215 024900;25268.75;25269.5;25263.75;25263.75;60
20251215 025000;25263.25;25267.5;25262;25266.75;48
20251215 025100;25268;25272.5;25264;25264;47
20251215 025200;25264.75;25264.75;25259.25;25260.75;59
20251215 025300;25261.5;25262.5;25257.5;25258.25;47
20251215 025400;25260;25260;25257;25258;23
20251215 025500;25258;25259;25257.25;25257.5;14
20251215 025600;25257.25;25258.75;25254;25256.5;49
20251215 025700;25257;25257.25;25254.25;25257;30
20251215 025800;25257.75;25262.25;25256;25259.5;27
20251215 025900;25260;25263.25;25260;25261.75;46
20251215 030000;25261.75;25262.75;25261.75;25262.25;16
