20250612 030200;22018.75;22020.5;22018.5;22020.5;5
20250612 030300;22019.5;22019.5;22019.5;22019.5;1
20250612 030400;22018.25;22019.75;22014.25;22014.25;3
20250612 030800;22018.75;22018.75;22017;22017;2
20250612 030900;22017.5;22017.5;22017;22017;2
20250612 031000;22019.25;22023;22019.25;22022.25;6
20250612 031400;22019.25;22019.25;22019.25;22019.25;1
20250612 031500;22025.5;22025.5;22024;22024;2
20250612 031800;22029.25;22029.25;22027.5;22027.5;2
20250612 032400;22034.5;22034.5;22034.5;22034.5;1
20250612 032500;22034;22040;22034;22040;5
20250612 032700;22038;22038;22038;22038;1
20250612 032800;22040.5;22043.25;22040.5;22042;4
20250612 032900;22045.5;22045.5;22045.5;22045.5;1
20250612 033100;22044.25;22044.25;22044.25;22044.25;1
20250612 033900;22046.75;22046.75;22046.75;22046.75;1
20250612 034000;22048.25;22048.25;22048.25;22048.25;1
20250612 034100;22049.25;22049.25;22048.25;22048.25;2
20250612 034300;22045;22045;22045;22045;1
20250612 034500;22045;22045;22045;22045;2
20250612 034700;22047.25;22048.75;22047.25;22048;4
20250612 034900;22045.75;22045.75;22045.75;22045.75;1
20250612 035000;22042.25;22042.25;22042.25;22042.25;1
20250612 035100;22044.25;22044.25;22044.25;22044.25;1
20250612 035300;22037.75;22037.75;22037.75;22037.75;1
20250612 035700;22037.25;22037.25;22037.25;22037.25;1
20250612 035800;22035;22035;22033.75;22033.75;2
20250612 040000;22036;22036;22033.25;22033.25;2
20250612 040200;22037;22041;22037;22041;3
20250612 040600;22044.5;22044.5;22044.5;22044.5;1
20250612 041300;22043;22043;22041.5;22041.5;2
20250612 041400;22038;22038;22038;22038;1
20250612 041500;22035;22035;22035;22035;1
20250612 042000;22044;22044;22044;22044;1
20250612 042400;22045.25;22045.25;22042.5;22042.5;5
20250612 042600;22041.75;22041.75;22041.5;22041.5;2
20250612 042900;22044.25;22044.25;22044.25;22044.25;1
20250612 043800;22031;22031;22031;22031;1
20250612 043900;22028.25;22028.25;22028.25;22028.25;1
20250612 044000;22032.25;22032.25;22032.25;22032.25;1
20250612 045000;22048;22048.5;22048;22048.5;2
20250612 045100;22047;22047;22047;22047;1
20250612 045200;22046.75;22047;22046.25;22047;4
20250612 045500;22051;22051;22051;22051;3
20250612 045800;22054;22054;22054;22054;1
20250612 050100;22052.5;22052.5;22052.5;22052.5;1
20250612 050300;22050.5;22050.5;22050.5;22050.5;1
20250612 050400;22054.25;22054.25;22054.25;22054.25;1
20250612 050500;22049.5;22049.5;22049.5;22049.5;1
20250612 050600;22048.5;22048.5;22048.5;22048.5;1
20250612 051200;22050.75;22050.75;22050.75;22050.75;1
20250612 051600;22057;22059;22056.75;22058.25;5
20250612 051700;22055.25;22055.25;22054.75;22054.75;3
20250612 052500;22061.5;22062.75;22060;22060;4
20250612 052600;22063.75;22063.75;22063.75;22063.75;1
20250612 052800;22063;22063.25;22063;22063.25;2
20250612 052900;22063;22063.25;22062;22062.75;6
20250612 053100;22061.25;22061.5;22060.5;22060.5;3
20250612 053200;22060.25;22060.25;22060.25;22060.25;1
20250612 054000;22052.25;22052.25;22052.25;22052.25;1
20250612 054100;22039.75;22040.75;22039.75;22040.75;2
20250612 054200;22036.75;22036.75;22036.75;22036.75;1
20250612 054300;22042.25;22042.25;22042.25;22042.25;1
20250612 054400;22038;22038.25;22038;22038.25;2
20250612 054500;22040.25;22040.25;22034.25;22034.25;3
20250612 054600;22038.5;22038.5;22038.5;22038.5;1
20250612 054800;22035.5;22035.5;22035.5;22035.5;1
20250612 055100;22045;22045;22045;22045;1
20250612 055300;22046.25;22046.5;22046.25;22046.5;4
20250612 055400;22046;22046.5;22046;22046.5;5
20250612 055500;22050.25;22052.5;22050.25;22052.5;4
20250612 055800;22054;22066;22051;22051;24
20250612 055900;22053.5;22053.5;22053.5;22053.5;1
20250612 060000;22052.5;22052.5;22052.5;22052.5;1
20250612 060100;22047.5;22047.5;22047.5;22047.5;1
20250612 060200;22042.25;22042.25;22040;22040;2
20250612 060400;22048;22049.75;22048;22049.75;3
20250612 060700;22042.25;22045;22040;22045;10
20250612 061000;22045;22045;22045;22045;1
20250612 061100;22040;22047.25;22040;22047.25;5
20250612 061200;22046.75;22048.25;22046.75;22048.25;5
20250612 061300;22052.75;22052.75;22052.25;22052.25;2
20250612 061500;22053.75;22053.75;22053.75;22053.75;1
20250612 061600;22060.25;22063.75;22060.25;22063.75;9
20250612 061700;22061.25;22061.25;22061.25;22061.25;1
20250612 061900;22057.75;22058;22057.75;22058;2
20250612 062000;22058.25;22058.25;22057.25;22057.25;6
20250612 062100;22058.5;22058.5;22058.25;22058.25;4
20250612 062200;22056.5;22057;22056.5;22057;2
20250612 062300;22054.25;22054.25;22054.25;22054.25;1
20250612 062500;22058.5;22058.5;22058.5;22058.5;1
20250612 062700;22057;22057;22057;22057;1
20250612 062800;22056.75;22056.75;22055;22055;4
20250612 062900;22055;22055;22054.25;22054.25;2
20250612 063000;22047;22047;22047;22047;1
20250612 063100;22044.5;22044.5;22044.5;22044.5;1
20250612 063200;22046.25;22049.5;22046.25;22048.75;4
20250612 063300;22062;22062;22060.5;22060.5;2
20250612 063400;22064;22067;22062.25;22067;3
20250612 063500;22066.75;22068;22066.75;22068;2
20250612 063600;22062.25;22062.25;22062.25;22062.25;1
20250612 063700;22061.25;22061.5;22061;22061.5;4
20250612 063900;22058.75;22058.75;22058.75;22058.75;1
20250612 064000;22061.5;22062.25;22061.5;22062.25;2
20250612 064100;22058.75;22061;22058.75;22061;5
20250612 064300;22064.5;22066;22064.5;22066;2
20250612 064800;22055.5;22055.5;22051;22051;9
20250612 064900;22058.25;22058.25;22058.25;22058.25;1
20250612 065100;22057.75;22066.5;22057.75;22064.5;15
20250612 065200;22067.75;22069;22067.25;22067.25;4
20250612 065300;22067.5;22069.75;22067.5;22069;4
20250612 065400;22069.5;22074;22069.5;22070;7
20250612 065500;22068;22068;22066.25;22066.25;2
20250612 065600;22068;22068;22068;22068;1
20250612 065900;22064.75;22066;22064.75;22066;2
20250612 070000;22065.5;22065.5;22065.5;22065.5;1
20250612 070100;22065.25;22065.25;22063.5;22063.5;4
20250612 070200;22064.25;22076.75;22064.25;22076.75;10
20250612 070300;22071.5;22074;22071.5;22074;2
20250612 070400;22074.25;22083;22074.25;22081.75;56
20250612 070500;22084.25;22085.25;22081.5;22081.5;6
20250612 070600;22084.5;22084.5;22084.5;22084.5;1
20250612 070700;22076;22076;22075.25;22075.25;2
20250612 070800;22076.75;22080.75;22076.5;22078.25;10
20250612 070900;22080.25;22080.25;22080.25;22080.25;1
20250612 071000;22081;22081;22080.5;22080.5;2
20250612 071100;22078.5;22078.5;22078.5;22078.5;1
20250612 071200;22080;22080.5;22080;22080.5;4
20250612 071400;22080.25;22080.25;22076;22076;7
20250612 071500;22073;22077.25;22073;22077.25;2
20250612 071600;22076.25;22076.25;22076.25;22076.25;3
20250612 071700;22068.5;22068.5;22066.5;22066.5;6
20250612 071900;22075.25;22075.25;22075.25;22075.25;1
20250612 072000;22071.5;22071.5;22070;22070;2
20250612 072100;22072;22073.5;22072;22073.5;3
20250612 072200;22075.75;22076.5;22073.25;22073.25;4
20250612 072400;22076;22076;22076;22076;1
20250612 072500;22075.75;22075.75;22074.75;22074.75;5
20250612 072600;22075.75;22076.5;22075.75;22076.5;4
20250612 072700;22075.75;22075.75;22075.75;22075.75;1
20250612 072900;22065.5;22069.5;22065.5;22068.5;5
20250612 073000;22067.5;22067.5;22054.75;22054.75;8
20250612 073100;22055;22055;22050.75;22050.75;3
20250612 073200;22047;22047;22045.5;22045.75;3
20250612 073300;22049;22049;22049;22049;1
20250612 073400;22043.5;22046;22043.5;22046;3
20250612 073500;22043.5;22043.5;22042.5;22042.5;3
20250612 073800;22044.5;22045.25;22043.25;22045.25;5
20250612 073900;22044.25;22044.25;22041.5;22044;4
20250612 074000;22048.25;22049.75;22047.75;22047.75;5
20250612 074100;22040.75;22045.25;22040.75;22045.25;2
20250612 074200;22043.5;22046.25;22043.5;22046.25;2
20250612 074300;22041;22041;22036.75;22039.5;7
20250612 074400;22036.5;22038.75;22036.5;22038.75;2
20250612 074500;22035;22035;22033.5;22033.5;3
20250612 074600;22033;22033;22022;22026;42
20250612 074700;22024.25;22024.25;22014.25;22014.25;3
20250612 074800;22012.75;22019.5;22012.5;22016.25;9
20250612 074900;22018.25;22023.5;22018.25;22023.5;3
20250612 075000;22019.25;22019.75;22018.25;22019.75;4
20250612 075100;22019.25;22019.25;22006.25;22006.25;23
20250612 075200;22004.25;22010.25;22004.25;22008.5;15
20250612 075300;22006.75;22008;22004;22006.25;4
20250612 075400;22008;22010.25;22008;22009.5;13
20250612 075500;22005.5;22005.5;21989;21990.25;17
20250612 075600;21987;21998;21978.5;21998;28
20250612 075700;21999.5;22002.25;21993;22002.25;5
20250612 075800;22000.25;22000.25;22000.25;22000.25;1
20250612 075900;21992.5;21996.5;21992.5;21996.5;6
20250612 080000;22000;22003.5;21999.5;22003.5;3
20250612 080100;21995.5;22004;21995.5;22004;5
20250612 080200;22002;22011.75;21982.5;21982.5;23
20250612 080300;21982.5;21982.5;21967.5;21969.25;18
20250612 080400;21965;21967.5;21965;21966.5;18
20250612 080500;21964;21964;21947.75;21954;37
20250612 080600;21951.25;21951.25;21940.25;21950.5;59
20250612 080700;21955.25;21955.25;21950.5;21952.25;9
20250612 080800;21961.75;21962.75;21961;21962.75;5
20250612 080900;21972.25;21975.25;21969.5;21972.5;20
20250612 081000;21973.5;21973.5;21973.5;21973.5;1
20250612 081100;21977.25;21986.25;21977.25;21982.25;12
20250612 081200;21982;21988;21980.25;21986.5;5
20250612 081300;21987.25;21987.25;21984;21984;4
20250612 081400;21989;21993.25;21989;21993.25;4
20250612 081500;21983;21983;21983;21983;1
20250612 081600;21984;21985.5;21980.25;21981.25;9
20250612 081700;21971.5;21971.5;21970;21970;2
20250612 081800;21965.75;21974.75;21965.75;21974.75;3
20250612 081900;21964.25;21967.5;21964.25;21967.5;3
20250612 082200;21978.25;21986;21978;21985.75;6
20250612 082300;21986;21986;21974.5;21974.5;27
20250612 082400;21968.25;21970;21966.25;21970;13
20250612 082500;21976.25;21976.25;21970.25;21970.25;4
20250612 082600;21968.5;21970.25;21965.25;21965.25;4
20250612 082700;21966.5;21966.5;21966.5;21966.5;1
20250612 082800;21973.75;21974;21968;21968.25;5
20250612 082900;21975.25;21977;21975.25;21977;3
20250612 083000;21972.5;21972.5;21972;21972;2
20250612 083100;21976.75;21976.75;21973;21975;9
20250612 083200;21973.5;21973.5;21965.75;21968.75;7
20250612 083300;21970.75;21971.25;21970;21971;4
20250612 083400;21971.25;21975;21971.25;21975;3
20250612 083500;21973;21974;21973;21974;3
20250612 083600;21972;21972;21963.5;21964;6
20250612 083700;21966.25;21966.25;21964.75;21964.75;2
20250612 083800;21969;21972;21969;21972;3
20250612 083900;21974.25;21974.25;21971.75;21971.75;2
20250612 084000;21973.5;21974;21973.5;21974;2
20250612 084100;21973;21975.75;21972.25;21975;4
20250612 084200;21985.75;21988;21985.75;21988;4
20250612 084300;21988.25;21988.25;21986.75;21986.75;2
20250612 084400;21988.25;21992.5;21988.25;21992.5;3
20250612 084500;21992.75;21992.75;21992;21992;3
20250612 084800;21997;22004;21997;22004;10
20250612 084900;22000.5;22000.5;22000.5;22000.5;1
20250612 085000;22010.25;22010.5;22010.25;22010.5;2
20250612 085100;22012.25;22012.25;22012.25;22012.25;1
20250612 085200;22014;22015.25;22010.75;22015.25;4
20250612 085400;22015.25;22015.25;22015.25;22015.25;1
20250612 085500;22019.5;22019.5;22019.5;22019.5;1
20250612 085600;22020.25;22026.5;22020.25;22026.5;17
20250612 085700;22026.75;22026.75;22026.75;22026.75;1
20250612 085800;22023.25;22023.25;22023.25;22023.25;1
20250612 085900;22020.25;22022;22019.25;22022;11
20250612 090000;22025.25;22025.25;22025.25;22025.25;1
20250612 090100;22022.5;22022.5;22020.5;22020.5;2
20250612 090200;22020.5;22024;22020.5;22024;2
20250612 090400;22032;22032;22032;22032;1
20250612 090500;22034.75;22034.75;22034.75;22034.75;1
20250612 090600;22027;22034;22027;22034;15
20250612 090800;22040.25;22041;22040.25;22041;3
20250612 091100;22040.5;22040.5;22040.5;22040.5;1
20250612 091200;22038.25;22038.25;22037.75;22037.75;2
20250612 091300;22035.5;22035.5;22035.5;22035.5;1
20250612 091400;22036.75;22036.75;22036.75;22036.75;1
20250612 091600;22030.5;22030.5;22030.5;22030.5;1
20250612 091900;22027.75;22027.75;22024.5;22024.5;7
20250612 092000;22023.75;22027.25;22023.75;22027.25;2
20250612 092100;22034.5;22037.75;22034.5;22037.75;2
20250612 092200;22035.75;22035.75;22028.5;22028.5;3
20250612 092500;22029.5;22029.5;22029.5;22029.5;1
20250612 092900;22027;22027;22019.25;22019.25;14
20250612 093000;22021;22035;22021;22035;27
20250612 093100;22040.5;22040.5;22038.75;22039;3
20250612 093200;22032.25;22032.25;22032.25;22032.25;1
20250612 093300;22042.25;22042.25;22042.25;22042.25;1
20250612 093400;22040.75;22046;22040.75;22046;10
20250612 093500;22042.75;22042.75;22042.75;22042.75;1
20250612 093600;22050;22062.25;22050;22062.25;17
20250612 093700;22063;22065.75;22062.5;22062.5;7
20250612 093800;22060.75;22060.75;22055.5;22055.75;4
20250612 093900;22062.25;22062.25;22062.25;22062.25;1
20250612 094100;22052.5;22052.5;22046.25;22046.25;3
20250612 094200;22046;22046;22046;22046;1
20250612 094400;22040.25;22041.5;22039.25;22040.5;9
20250612 094500;22045;22045;22045;22045;1
20250612 094600;22043.5;22047.75;22043.5;22047.75;3
20250612 094700;22046;22046;22038;22040.75;9
20250612 094800;22052;22054.25;22052;22052.25;7
20250612 095000;22040.5;22040.5;22040.5;22040.5;1
20250612 095100;22038.5;22038.5;22036.25;22036.5;13
20250612 095200;22038.25;22040.25;22038.25;22039;5
20250612 095300;22039.25;22039.25;22034;22034.25;5
20250612 095400;22032.75;22032.75;22030;22032.75;3
20250612 095500;22030.25;22033;22030.25;22033;13
20250612 095600;22034.5;22034.5;22033.5;22034.25;7
20250612 095800;22036.25;22036.5;22036.25;22036.5;2
20250612 095900;22035;22038.25;22035;22038.25;2
20250612 100000;22037.5;22037.5;22036.75;22036.75;2
20250612 100100;22033;22033;22023.5;22023.5;3
20250612 100200;22028;22040.75;22028;22040.75;4
20250612 100400;22042.5;22042.5;22042.5;22042.5;1
20250612 100500;22039.25;22039.25;22039.25;22039.25;1
20250612 100600;22036;22036;22036;22036;1
20250612 100700;22035;22035;22035;22035;1
20250612 100900;22026.75;22026.75;22026.75;22026.75;1
20250612 101000;22020.25;22020.25;22020;22020;5
20250612 101100;22025.25;22026;22015.75;22015.75;17
20250612 101200;22023.75;22023.75;22023.75;22023.75;1
20250612 101300;22011.25;22011.25;22008.25;22008.25;3
20250612 101500;22013.5;22013.5;22013.5;22013.5;1
20250612 101600;22026;22031.75;22026;22031.75;5
20250612 102000;22036.25;22036.25;22036.25;22036.25;1
20250612 102200;22020.75;22021.5;22020.75;22021.5;3
20250612 102300;22019;22019;22019;22019;1
20250612 102400;22015;22015;22008.25;22012.25;18
20250612 102500;22010.25;22010.25;22000;22000;9
20250612 102600;21998;21998;21989.25;21996.25;43
20250612 102700;21995.75;22000;21993;22000;5
20250612 102800;22007.5;22007.5;22007.5;22007.5;1
20250612 103100;22007;22007;22006;22006;2
20250612 103200;22015.25;22018.25;22010;22010;8
20250612 103300;22007.75;22008.5;22006;22006;4
20250612 103400;22006.25;22006.25;22006.25;22006.25;1
20250612 103600;22004.75;22004.75;21998.5;21998.5;6
20250612 103700;22004.25;22005;22003.75;22005;3
20250612 103800;22007;22011.75;22007;22011.75;7
20250612 104000;22014.75;22014.75;22013.5;22013.5;2
20250612 104100;22012;22015.75;22012;22015.75;15
20250612 104200;22020.25;22020.5;22020.25;22020.5;2
20250612 104400;22026.25;22026.25;22026.25;22026.25;1
20250612 104500;22025.25;22026.25;22025.25;22026.25;3
20250612 104600;22027.25;22037.5;22027.25;22037.5;25
20250612 104700;22035;22035;22030.75;22030.75;4
20250612 104800;22030.5;22030.5;22030.5;22030.5;2
20250612 105100;22037.25;22037.25;22037.25;22037.25;1
20250612 105200;22035.5;22040;22035.5;22040;9
20250612 105600;22042.25;22047.75;22032.25;22032.25;20
20250612 105700;22030.75;22032.5;22027.75;22027.75;19
20250612 105800;22026.25;22028;22026.25;22028;2
20250612 105900;22026;22026;22026;22026;1
20250612 110000;22030;22032;22028.25;22032;4
20250612 110100;22029;22029;22023.25;22023.75;15
20250612 110200;22019.5;22019.5;22019.5;22019.5;1
20250612 110300;22015.5;22015.5;22010;22010;3
20250612 110400;22013.75;22024;22013.75;22024;3
20250612 110500;22019.5;22019.5;22018.75;22018.75;2
20250612 110600;22017;22017;22006;22009.75;9
20250612 110700;22013;22013;22008.5;22008.5;2
20250612 111000;22022.5;22022.5;22022.5;22022.5;3
20250612 111100;22028.25;22028.25;22028.25;22028.25;1
20250612 111200;22019.25;22022.25;22019.25;22022.25;3
20250612 111300;22028.5;22028.5;22019;22019;7
20250612 111400;22020;22020;22017.25;22017.25;3
20250612 111500;22015.25;22015.25;22014.25;22014.25;3
20250612 111600;22006.5;22006.5;22005.5;22005.5;3
20250612 111700;22005.5;22005.5;22005.5;22005.5;3
20250612 112000;22012.75;22012.75;22012.75;22012.75;1
20250612 112100;22009.75;22009.75;22005.5;22005.5;12
20250612 112300;22005.25;22005.25;22004;22004;4
20250612 112500;22006.5;22006.5;22002.25;22002.25;2
20250612 112600;22001.25;22001.25;22000;22000;2
20250612 112900;22002.25;22002.5;22002.25;22002.5;2
20250612 113100;21993.25;21993.25;21985.25;21985.5;11
20250612 113200;21980.75;21985.75;21980.75;21985.75;2
20250612 113300;21989;21989;21989;21989;1
20250612 113500;21996.75;21996.75;21996.75;21996.75;1
20250612 113600;21996.75;21996.75;21992.25;21992.25;2
20250612 113700;21994.5;21994.5;21993.5;21994.25;4
20250612 113800;21994;21994;21990;21990;14
20250612 113900;21982.25;21982.25;21976.25;21981.25;57
20250612 114000;21984.5;21984.5;21984.5;21984.5;1
20250612 114100;21986.25;21993.25;21986.25;21993.25;3
20250612 114200;21987.5;21993;21987.5;21993;3
20250612 114300;21991.25;21992;21990.5;21992;10
20250612 114400;21991;21991;21990.75;21990.75;2
20250612 114700;21999;21999;21999;21999;1
20250612 114800;21998;21998;21998;21998;1
20250612 114900;21990.5;21998;21990.5;21998;3
20250612 115000;21996;21996.5;21996;21996.5;5
20250612 115100;21997;21997;21997;21997;1
20250612 115200;21988;21988;21984;21984;4
20250612 115300;21974.5;21974.5;21974.5;21974.5;1
20250612 115400;21968.5;21968.5;21968.5;21968.5;2
20250612 115500;21968.75;21970.25;21968.75;21970.25;2
20250612 115600;21971.25;21971.25;21971.25;21971.25;1
20250612 115700;21965;21965;21957.75;21963;24
20250612 115800;21961.75;21961.75;21960.25;21960.5;5
20250612 115900;21964;21964;21964;21964;1
20250612 120000;21965.25;21965.25;21965.25;21965.25;1
20250612 120200;21967;21968;21967;21968;3
20250612 120300;21971;21971;21971;21971;1
20250612 120500;21978.25;21978.25;21978.25;21978.25;1
20250612 120600;21973.75;21973.75;21973.75;21973.75;1
20250612 120700;21971.75;21971.75;21971.75;21971.75;1
20250612 121000;21981.75;21981.75;21981.75;21981.75;1
20250612 121200;21985.25;21987.25;21985.25;21987.25;6
20250612 121300;21986.25;21987.5;21986.25;21987.5;2
20250612 121400;21998.5;21998.5;21998.5;21998.5;2
20250612 121500;21996.25;21996.25;21995.25;21995.25;3
20250612 121600;21990;21990;21990;21990;4
20250612 121700;21986.25;21986.25;21985.25;21985.25;3
20250612 121800;21989.5;21989.75;21989.5;21989.75;2
20250612 121900;21991;21991;21988;21988.25;4
20250612 122000;21995.75;21996.25;21995.75;21996.25;3
20250612 122100;21993.5;21993.5;21988;21991;5
20250612 122200;21991;21991;21991;21991;2
20250612 122400;21991;21991;21991;21991;1
20250612 122500;21990.25;21993;21990.25;21993;4
20250612 122600;21988.5;21988.5;21988.5;21988.5;1
20250612 122700;21987.5;21987.5;21987.5;21987.5;1
20250612 122800;21979.5;21979.5;21979.5;21979.5;1
20250612 123100;22000;22014;21950;21995.25;37
20250612 123200;22000.5;22005;21993.25;22002.25;10
20250612 123300;22001.75;22018.5;22001.75;22018.5;4
20250612 123400;22018.75;22018.75;22016.75;22016.75;2
20250612 123500;22013.75;22022;22013.75;22021.75;13
20250612 123600;22019.5;22028;22019.5;22023;34
20250612 123700;22023.25;22048.75;22023.25;22048.25;12
20250612 123800;22047;22047;22044.75;22046.25;4
20250612 123900;22040;22055;22040;22055;4
20250612 124100;22055;22064.5;22055;22061.75;15
20250612 124200;22053;22068;22053;22065.75;9
20250612 124300;22066.75;22072.75;22060;22060;7
20250612 124400;22052.75;22062;22052.75;22062;3
20250612 124600;22063.75;22063.75;22062;22062.25;3
20250612 124700;22062;22062;22046.75;22046.75;8
20250612 124800;22058.5;22058.5;22058.5;22058.5;2
20250612 124900;22060.5;22070.25;22060.5;22064.25;5
20250612 125000;22060;22060;22060;22060;1
20250612 125100;22055;22055;22051.5;22051.5;2
20250612 125200;22050.5;22053.75;22050.5;22053.75;4
20250612 125300;22047.75;22047.75;22047.75;22047.75;1
20250612 125400;22058.25;22058.25;22058.25;22058.25;2
20250612 125500;22060.25;22060.25;22054.5;22054.5;2
20250612 125600;22060.75;22065.25;22060;22065.25;3
20250612 125700;22064.5;22064.5;22064.5;22064.5;2
20250612 125800;22062;22062;22062;22062;1
20250612 125900;22065.5;22065.5;22065.5;22065.5;1
20250612 130000;22064.25;22064.25;22062.75;22062.75;3
20250612 130100;22059.25;22064.5;22057.75;22063.5;9
20250612 130200;22061.25;22061.25;22058.5;22060.25;5
20250612 130300;22068.5;22094.5;22068.5;22092;30
20250612 130400;22068;22075;22063.25;22071.5;15
20250612 130500;22068;22068;22067.75;22067.75;2
20250612 130600;22067.75;22067.75;22062.25;22062.25;4
20250612 130700;22052.75;22053.25;22052.75;22053.25;2
20250612 130800;22053.25;22053.25;22053.25;22053.25;1
20250612 130900;22051.5;22051.5;22051.25;22051.25;3
20250612 131000;22054;22057.25;22054;22057.25;3
20250612 131200;22067.5;22067.5;22062.75;22062.75;4
20250612 131300;22065.5;22065.5;22065.5;22065.5;1
20250612 131400;22064.5;22064.5;22064.5;22064.5;1
20250612 131500;22062.5;22062.5;22061;22061;2
20250612 131600;22056.5;22056.5;22056.5;22056.5;1
20250612 131700;22057;22057;22057;22057;1
20250612 132200;22055.75;22055.75;22055.75;22055.75;1
20250612 132500;22054.25;22058.25;22054.25;22055;7
20250612 132600;22054.75;22058.5;22054.25;22054.25;5
20250612 132800;22054.25;22054.25;22051.5;22051.5;2
20250612 132900;22054;22055.25;22052.75;22054.75;6
20250612 133000;22050.25;22051;22048.25;22048.25;7
20250612 133100;22054.25;22087.25;22043.75;22080;56
20250612 133200;22084.75;22096;22074.5;22085;46
20250612 133300;22077;22085;22067.25;22070;44
20250612 133400;22067;22086.25;22067;22082;34
20250612 133500;22085.75;22090.25;22071;22071;15
20250612 133600;22072.25;22079.5;22069.25;22069.25;15
20250612 133700;22072.5;22072.5;22058.25;22071.75;24
20250612 133800;22068.5;22070;22056.5;22067.25;26
20250612 133900;22065.25;22098.5;22062.25;22093.75;33
20250612 134000;22094;22102.25;22090;22093.75;37
20250612 134100;22091.5;22100.25;22091.5;22097.75;23
20250612 134200;22099.25;22101.5;22083.5;22083.5;9
20250612 134300;22092.5;22094.75;22091.75;22094.75;13
20250612 134400;22094.75;22104.5;22094.75;22100.5;45
20250612 134500;22096.5;22104;22096;22104;19
20250612 134600;22105;22107.5;22089;22096;18
20250612 134700;22089.5;22099;22089.5;22093.5;20
20250612 134800;22105;22105;22097.25;22100.25;11
20250612 134900;22105.25;22112.75;22105.25;22109.25;8
20250612 135000;22108.5;22112.5;22105;22110.5;17
20250612 135100;22113;22114;22101.5;22105;17
20250612 135200;22105.5;22105.5;22094.25;22100.75;29
20250612 135300;22101;22108.75;22096.75;22108.25;12
20250612 135400;22102.75;22107;22101.5;22107;25
20250612 135500;22108.5;22110;22103.75;22103.75;7
20250612 135600;22100.25;22100.25;22070.25;22073.5;14
20250612 135700;22073.75;22092.25;22073.75;22087.25;20
20250612 135800;22085.75;22090;22085.75;22087;6
20250612 135900;22078.25;22078.25;22073.25;22073.25;2
20250612 140000;22081.75;22085.5;22076.25;22079.75;9
20250612 140100;22081.25;22092;22081.25;22089.25;13
20250612 140200;22093.5;22095.25;22087;22095.25;22
20250612 140300;22092;22096;22088.25;22088.25;10
20250612 140400;22077;22077;22067.5;22067.5;10
20250612 140500;22071;22076.25;22071;22074.5;6
20250612 140600;22081.5;22091.75;22070.75;22070.75;9
20250612 140700;22084.5;22084.5;22084.5;22084.5;1
20250612 140800;22090.25;22125.5;22090.25;22117.25;75
20250612 140900;22118.5;22122.25;22112.25;22122.25;10
20250612 141000;22119.75;22121;22114;22114.5;7
20250612 141100;22115.75;22122.25;22115.75;22120;5
20250612 141200;22120;22120;22114.75;22116;26
20250612 141300;22117.75;22130;22117.75;22127.5;19
20250612 141400;22127;22132;22127;22130.5;17
20250612 141500;22132.5;22140.25;22132.5;22139.5;12
20250612 141600;22141.25;22149.25;22139.5;22146.25;14
20250612 141700;22138.75;22143.25;22138.75;22142.25;5
20250612 141800;22141;22143.75;22138.75;22143.75;7
20250612 141900;22145.5;22147.5;22134.5;22136.75;20
20250612 142000;22140.25;22143.75;22140.25;22143.75;4
20250612 142100;22143.75;22145.5;22140;22141;11
20250612 142200;22137.5;22147;22136.75;22147;5
20250612 142300;22145.25;22145.25;22142.25;22145;7
20250612 142400;22145.25;22153.25;22145.25;22147.5;17
20250612 142500;22146.75;22146.75;22143;22143;4
20250612 142600;22141.75;22141.75;22130.5;22132.5;7
20250612 142700;22137;22137.5;22137;22137.5;3
20250612 142800;22141.25;22146;22141.25;22144;8
20250612 142900;22144.5;22153;22143.5;22149.5;11
20250612 143000;22145.75;22146;22142;22142;22
20250612 143100;22147;22147.5;22143.25;22144;23
20250612 143200;22146;22146;22146;22146;1
20250612 143300;22148.75;22148.75;22136.25;22138.75;15
20250612 143400;22139;22145;22137;22145;8
20250612 143500;22149.75;22152.5;22149;22149;5
20250612 143600;22146.5;22146.5;22142;22142;5
20250612 143700;22140.5;22140.5;22140;22140;4
20250612 143800;22151;22167.5;22150;22166.5;36
20250612 143900;22167.5;22167.5;22158;22158;5
20250612 144000;22160;22160;22156.5;22158;4
20250612 144100;22161.25;22170.25;22161.25;22168;14
20250612 144200;22170.25;22170.25;22164.5;22166.5;5
20250612 144300;22164.25;22164.25;22162;22163;4
20250612 144400;22164.25;22170;22163.5;22169.75;22
20250612 144500;22167.25;22167.25;22165.5;22165.5;3
20250612 144600;22167.75;22167.75;22164.5;22166;4
20250612 144700;22166.25;22166.5;22166.25;22166.25;3
20250612 144800;22164.5;22166.25;22164.5;22166.25;5
20250612 144900;22171.5;22172;22169.75;22170;8
20250612 145000;22169;22169.75;22169;22169.75;4
20250612 145100;22169.25;22169.25;22163;22163;5
20250612 145200;22167.75;22167.75;22158.25;22158.25;8
20250612 145300;22161;22161;22158.75;22161;14
20250612 145400;22160.25;22160.25;22158.5;22159.25;9
20250612 145500;22161.75;22164;22159.5;22162.25;17
20250612 145600;22164.5;22164.5;22164.5;22164.5;1
20250612 145700;22166.5;22166.5;22163;22163.75;7
20250612 145800;22163.75;22165;22156.5;22156.5;7
20250612 145900;22157.25;22160.75;22156;22156;8
20250612 150000;22156.75;22159.25;22156.75;22159.25;3
20250612 150100;22159.75;22169.75;22159.75;22169.75;14
20250612 150200;22169.75;22188.25;22166.5;22187.5;26
20250612 150300;22186.75;22196.75;22184.75;22196.75;27
20250612 150400;22200;22202;22191.5;22191.5;44
20250612 150500;22192;22192.5;22192;22192.5;3
20250612 150600;22193;22193;22186.25;22186.25;10
20250612 150700;22188;22190.25;22188;22190.25;8
20250612 150800;22185.5;22185.5;22175.75;22181;28
20250612 150900;22181.25;22182.5;22179.75;22181;7
20250612 151000;22182;22182.5;22173.75;22176.75;60
20250612 151100;22176.75;22177;22165.75;22171.25;10
20250612 151200;22173.25;22173.25;22173.25;22173.25;1
20250612 151300;22182;22182;22179.25;22179.25;6
20250612 151400;22168;22173.75;22168;22173.75;4
20250612 151500;22171;22173;22171;22171.5;5
20250612 151600;22175.25;22175.25;22171.75;22174;4
20250612 151700;22175.75;22175.75;22168.75;22168.75;3
20250612 151800;22166.75;22166.75;22148.75;22151.75;40
20250612 151900;22158;22158;22139;22141.25;21
20250612 152000;22144.75;22155.5;22144.25;22153.25;21
20250612 152100;22150;22153.25;22145.25;22152;24
20250612 152200;22149;22149;22148.75;22148.75;3
20250612 152300;22143.25;22143.25;22129.5;22138.5;19
20250612 152400;22135.5;22137.75;22106.25;22133.5;107
20250612 152500;22144;22144;22126.25;22128.5;17
20250612 152600;22123.5;22128.25;22116;22122.25;14
20250612 152700;22128.75;22132.25;22127;22132.25;9
20250612 152800;22125;22125.5;22116.25;22118.75;11
20250612 152900;22122;22132.25;22122;22132.25;24
20250612 153000;22132.5;22143.75;22132.5;22143.75;11
20250612 153100;22143;22148;22137.5;22147.25;24
20250612 153200;22145.5;22145.5;22140.75;22141;7
20250612 153300;22138.25;22138.75;22120;22120;12
20250612 153400;22123.75;22127.25;22123.75;22127.25;3
20250612 153500;22125.25;22135.25;22125.25;22135.25;6
20250612 153600;22143;22143;22139.25;22140;14
20250612 153700;22146.25;22146.75;22141;22141;7
20250612 153800;22135.25;22138.25;22133.75;22138.25;4
20250612 153900;22135;22135;22135;22135;1
20250612 154000;22141.75;22141.75;22137;22140.5;18
20250612 154100;22139;22139;22139;22139;1
20250612 154200;22142.25;22154.25;22142.25;22154.25;4
20250612 154300;22154.25;22154.25;22146.75;22146.75;18
20250612 154400;22145.25;22150;22145.25;22150;7
20250612 154500;22149.25;22149.25;22146;22147.25;6
20250612 154600;22146.25;22146.5;22130;22130;10
20250612 154700;22133.5;22133.5;22131.5;22131.5;2
20250612 154800;22129.5;22134;22129.5;22132;8
20250612 154900;22131.25;22131.25;22124.5;22124.5;10
20250612 155000;22132;22132.25;22130;22131;9
20250612 155100;22131.5;22132;22126.25;22126.25;4
20250612 155200;22119;22128.75;22119;22123;6
20250612 155300;22131;22135.5;22129.25;22135.5;7
20250612 155400;22133.25;22137.5;22131.75;22136;12
20250612 155500;22132;22134.75;22132;22134.75;4
20250612 155600;22142.25;22142.25;22140.5;22140.5;4
20250612 155700;22144.5;22144.5;22143.25;22143.75;5
20250612 155800;22141.25;22141.25;22134.25;22136;12
20250612 155900;22138.25;22148.25;22136.75;22148.25;20
20250612 160000;22148;22150.25;22146.25;22146.75;10
20250612 160100;22148.5;22160.75;22143.5;22158.5;37
20250612 160200;22161.5;22166;22161.5;22165.5;13
20250612 160300;22167;22168.5;22161.5;22161.5;22
20250612 160400;22162.75;22162.75;22148.5;22148.5;16
20250612 160500;22151.75;22153.5;22132;22133.75;21
20250612 160600;22135.5;22145;22135;22141.75;32
20250612 160700;22142.25;22155.5;22139.5;22149;35
20250612 160800;22151.25;22153.25;22133.25;22146.5;54
20250612 160900;22148.25;22153;22146.75;22151.5;16
20250612 161000;22153;22161;22153;22155.25;21
20250612 161100;22159;22165.25;22155.75;22155.75;13
20250612 161200;22156;22164.75;22156;22162.75;14
20250612 161300;22163.25;22171.75;22163.25;22165.5;12
20250612 161400;22165;22176;22161;22164.75;130
20250612 161500;22162;22164;22159.75;22163.75;8
20250612 161600;22165.75;22171;22165.5;22167;9
20250612 161700;22170;22175.75;22170;22173.75;13
20250612 161800;22172;22172;22167.25;22170;10
20250612 161900;22172.25;22172.25;22161.75;22161.75;16
20250612 162000;22163;22171;22163;22163.75;13
20250612 162100;22164;22170.75;22163.75;22168;15
20250612 162200;22169.25;22171;22167.5;22169;14
20250612 162300;22168.75;22169.75;22162.25;22163.5;14
20250612 162400;22161.5;22161.5;22150.5;22151.25;18
20250612 162500;22149.75;22152.25;22147;22151.75;13
20250612 162600;22157;22157;22153.25;22155.75;8
20250612 162700;22155.5;22156.25;22151;22153.5;11
20250612 162800;22158.75;22173.5;22157.5;22167;41
20250612 162900;22168.25;22181.75;22168.25;22179.25;35
20250612 163000;22186;22188.75;22179.25;22179.25;13
20250612 163100;22179.25;22179.25;22167;22173.25;13
20250612 163200;22173.5;22180;22138.75;22146.75;112
20250612 163300;22144.25;22161;22144.25;22161;14
20250612 163400;22164.75;22166;22162.75;22163.25;11
20250612 163500;22174.5;22174.5;22164;22164.75;9
20250612 163600;22166;22175;22165.5;22175;9
20250612 163700;22172.5;22173.5;22169.25;22173.25;12
20250612 163800;22176.25;22176.25;22167.5;22167.5;12
20250612 163900;22166.75;22175.75;22164.5;22172.5;12
20250612 164000;22172.25;22190;22172.25;22187.75;35
20250612 164100;22186.5;22192;22181;22188.5;17
20250612 164200;22189;22189.75;22186;22188.25;11
20250612 164300;22190.25;22190.75;22187;22187.75;16
20250612 164400;22186.5;22186.5;22179;22180.75;15
20250612 164500;22181.5;22184.5;22180;22182;11
20250612 164600;22182.75;22185;22180.75;22180.75;11
20250612 164700;22179.5;22183;22176.5;22180.5;13
20250612 164800;22177.25;22177.25;22171.25;22174.25;11
20250612 164900;22170.25;22175.75;22170.25;22175.25;10
20250612 165000;22174.75;22174.75;22166.75;22167;13
20250612 165100;22166.75;22166.75;22158;22163.5;24
20250612 165200;22164;22164;22157;22160;23
20250612 165300;22159.5;22164;22159.25;22164;12
20250612 165400;22165;22167;22161.25;22161.25;9
20250612 165500;22161.5;22164.5;22153.25;22153.25;10
20250612 165600;22152;22159.25;22151;22159.25;8
20250612 165700;22159.75;22159.75;22154.75;22154.75;9
20250612 165800;22153.75;22155.5;22150;22155.5;12
20250612 165900;22155.5;22156.25;22149.25;22154.25;15
20250612 170000;22154;22154;22148.25;22150;10
20250612 170100;22148.5;22148.5;22145;22146.75;8
20250612 170200;22153.75;22155.5;22150;22155.25;6
20250612 170300;22158;22180;22158;22164.75;40
20250612 170400;22172.25;22172.25;22163.25;22163.25;11
20250612 170500;22158.25;22159.75;22158.25;22159.75;2
20250612 170600;22165;22165;22157.5;22157.5;3
20250612 170700;22162.5;22166.25;22162.25;22166.25;5
20250612 170900;22175;22175;22173.5;22173.5;5
20250612 171000;22171;22174.5;22170.5;22174.5;6
20250612 171100;22173.25;22182.5;22173.25;22182.5;8
20250612 171200;22181;22181;22175;22175;3
20250612 171300;22174.75;22174.75;22174.75;22174.75;1
20250612 171400;22176.5;22176.5;22176.5;22176.5;2
20250612 171700;22173;22173;22173;22173;1
20250612 171900;22173;22173;22167.5;22170.25;4
20250612 172000;22176;22178;22176;22176.5;6
20250612 172100;22178;22179;22174.5;22175.75;11
20250612 172200;22176.25;22176.25;22175.75;22175.75;2
20250612 172300;22178;22181;22178;22181;2
20250612 172500;22167.75;22172;22167;22170.5;6
20250612 172600;22166;22171;22166;22171;10
20250612 172700;22170.25;22170.25;22166.5;22166.5;6
20250612 172800;22171.25;22171.25;22171.25;22171.25;1
20250612 172900;22163.5;22163.5;22159.75;22160.5;5
20250612 173100;22175;22177.75;22175;22177.75;4
20250612 173200;22180;22187;22177.5;22186.25;32
20250612 173300;22182.25;22190;22181.75;22183.5;11
20250612 173400;22183;22185.25;22182.5;22185.25;5
20250612 173500;22189.25;22190.75;22188.5;22190.25;10
20250612 173600;22188.25;22192;22185.5;22186.5;12
20250612 173700;22184.25;22186.25;22182.25;22186.25;4
20250612 173800;22187.25;22190;22187.25;22190;5
20250612 173900;22187;22189.25;22186.25;22189.25;7
20250612 174000;22185.25;22186.25;22184.5;22186.25;4
20250612 174100;22185.25;22185.25;22183.25;22183.25;3
20250612 174300;22180.75;22180.75;22175;22177.25;7
20250612 174400;22183.25;22183.25;22183.25;22183.25;1
20250612 174600;22178.75;22179.75;22173.5;22173.5;6
20250612 174700;22172.5;22174.5;22169.75;22174.5;7
20250612 174800;22174.5;22174.5;22173;22173;8
20250612 174900;22171.75;22171.75;22166;22167;6
20250612 175000;22167;22168.75;22166.25;22167.25;9
20250612 175100;22167.5;22174.5;22167;22172;9
20250612 175200;22171.25;22171.25;22171.25;22171.25;4
20250612 175300;22171.75;22171.75;22171.75;22171.75;2
20250612 175400;22171.25;22171.25;22167.75;22171;4
20250612 175500;22165.25;22168;22165.25;22168;2
20250612 175600;22172;22172;22166;22166;5
20250612 175700;22166;22166;22160;22160;18
20250612 175800;22162;22162;22155.5;22155.5;7
20250612 175900;22161.5;22165.75;22161.5;22165.75;5
20250612 180000;22163.25;22163.25;22161.5;22162.5;5
20250612 180100;22163.5;22164.75;22161.25;22162.5;9
20250612 180200;22160;22165.25;22160;22162.25;4
20250612 180300;22159.5;22161.75;22159.25;22161.25;9
20250612 180400;22159;22159;22155.25;22155.25;10
20250612 180500;22155.5;22164.5;22155.5;22163.75;20
20250612 180600;22164.75;22167;22164.75;22167;7
20250612 180700;22166;22171.25;22166;22168.75;16
20250612 180800;22169.5;22171;22168.75;22171;5
20250612 180900;22167.75;22170;22166.5;22170;8
20250612 181000;22172;22172;22169.5;22169.5;5
20250612 181100;22169.75;22170.75;22168.5;22170.75;3
20250612 181200;22170.5;22171.5;22168.75;22171.5;8
20250612 181300;22169.5;22174;22169.5;22171;5
20250612 181400;22169;22169;22169;22169;1
20250612 181500;22162;22163;22161.25;22162.5;8
20250612 181600;22162.25;22167.5;22162.25;22167;7
20250612 181700;22168.25;22168.25;22163.25;22163.25;4
20250612 181800;22164.25;22164.25;22160;22160;5
20250612 181900;22163.75;22164.5;22161;22161;15
20250612 182000;22157;22163.75;22157;22162.5;14
20250612 182100;22162.5;22165.25;22162.5;22163.5;7
20250612 182200;22161.5;22161.5;22161.5;22161.5;1
20250612 182300;22159.75;22159.75;22155.5;22155.5;21
20250612 182400;22155;22155;22146.75;22147.75;15
20250612 182500;22151;22152.25;22147.25;22149;9
20250612 182600;22149.25;22151;22148.25;22148.5;19
20250612 182700;22148.5;22154.5;22145.25;22154.25;10
20250612 182800;22151.75;22151.75;22132.25;22136.25;71
20250612 182900;22138.25;22148.5;22138.25;22148.5;15
20250612 183000;22147;22147;22143.5;22144.75;14
20250612 183100;22146;22148.25;22141.75;22143.5;16
20250612 183200;22145.25;22148.5;22141.75;22142.75;16
20250612 183300;22137.5;22143.25;22130;22141.75;34
20250612 183400;22147;22148.25;22144.75;22148.25;10
20250612 183500;22147.75;22149.25;22145.5;22147.25;17
20250612 183600;22147.75;22153.25;22147.75;22151;9
20250612 183700;22156.25;22158;22156.25;22156.5;14
20250612 183800;22152;22154.5;22142;22145.25;19
20250612 183900;22141.25;22143.25;22140.25;22143.25;15
20250612 184000;22145.5;22151.5;22145.25;22151;5
20250612 184100;22149.5;22151.75;22148.25;22151.5;8
20250612 184200;22150.5;22150.5;22145.75;22145.75;3
20250612 184300;22144.5;22145.25;22144.5;22145.25;3
20250612 184400;22139;22139;22139;22139;2
20250612 184500;22137;22138.25;22132;22133.75;17
20250612 184600;22133;22137.25;22133;22137.25;7
20250612 184700;22131.5;22132;22131.5;22132;2
20250612 184800;22129.25;22136.25;22129.25;22134;6
20250612 184900;22143.5;22146;22143.5;22145;8
20250612 185000;22146.25;22146.25;22143.75;22144.25;7
20250612 185100;22143;22144;22140.5;22144;11
20250612 185200;22142.75;22150;22142.75;22150;4
20250612 185300;22152;22152.25;22150.75;22152.25;7
20250612 185400;22153.25;22155;22153;22155;4
20250612 185500;22154;22156;22150;22150.25;14
20250612 185600;22150;22151;22144;22147.25;30
20250612 185700;22149;22149;22144;22144.25;7
20250612 185800;22150;22155.5;22149.75;22155.5;17
20250612 185900;22156.75;22156.75;22156;22156.75;4
20250612 190000;22160;22161.75;22159.25;22161.5;16
20250612 190100;22160.75;22165.25;22159.5;22165.25;11
20250612 190200;22154.5;22154.5;22154.5;22154.5;1
20250612 190300;22160.5;22161.25;22160.25;22161.25;5
20250612 190400;22161.75;22168.25;22161.75;22168.25;5
20250612 190500;22165;22165;22165;22165;2
20250612 190600;22163.5;22171;22163.25;22171;20
20250612 190800;22169.25;22170.75;22165.25;22165.75;5
20250612 190900;22167.75;22167.75;22164.75;22166.25;9
20250612 191000;22165.5;22166;22165.5;22165.5;3
20250612 191100;22168.75;22169;22166;22166.5;7
20250612 191200;22165.25;22165.25;22160.25;22163.25;12
20250612 191300;22163.75;22165;22159.75;22159.75;9
20250612 191400;22162.25;22162.25;22158.75;22158.75;3
20250612 191500;22161;22162.25;22161;22162.25;3
20250612 191600;22162.75;22165.5;22161;22163.75;6
20250612 191700;22168;22170.5;22166.25;22170.5;14
20250612 191800;22169.25;22175;22169.25;22175;12
20250612 191900;22173.25;22173.25;22168.25;22169.25;11
20250612 192000;22168.5;22174.75;22168.5;22174.25;3
20250612 192100;22175;22177;22172.5;22175.25;17
20250612 192200;22175.5;22176.25;22173;22173;7
20250612 192300;22171;22171.5;22169;22169;3
20250612 192400;22164.75;22166.75;22163.75;22165.25;13
20250612 192500;22164.75;22166.25;22164.75;22164.75;7
20250612 192600;22164.75;22164.75;22155.25;22155.5;40
20250612 192700;22154.5;22160.25;22154.5;22160.25;28
20250612 192800;22161;22161;22158;22158;4
20250612 192900;22158;22158;22158;22158;1
20250612 193000;22159.25;22162.25;22159.25;22162.25;6
20250612 193100;22160.25;22160.25;22155.25;22157.75;7
20250612 193200;22151.25;22154;22148.5;22148.5;9
20250612 193300;22147.75;22148;22144.5;22144.5;4
20250612 193400;22143.75;22149;22142.5;22149;4
20250612 193500;22154.25;22154.25;22151.75;22151.75;2
20250612 193600;22150;22150;22148.5;22148.5;2
20250612 193800;22143.25;22143.25;22143.25;22143.25;1
20250612 193900;22145.5;22154.75;22145.5;22154.25;107
20250612 194000;22152.75;22152.75;22150;22150;3
20250612 194100;22152;22152;22146.25;22146.25;4
20250612 194200;22145.25;22145.25;22144.25;22144.5;5
20250612 194300;22144.25;22146.25;22143.25;22143.75;6
20250612 194400;22143.75;22143.75;22137.25;22137.25;4
20250612 194500;22137.75;22143.5;22134.75;22135.25;12
20250612 194600;22135.75;22135.75;22127.25;22129.5;24
20250612 194700;22129.75;22129.75;22125.5;22125.5;6
20250612 194800;22126.5;22131.75;22126.5;22131.5;7
20250612 195000;22129.5;22130.25;22128;22128.75;12
20250612 195100;22126.5;22135;22121.25;22133.75;58
20250612 195200;22136.5;22136.5;22124.25;22125.25;18
20250612 195300;22131;22131.75;22128.5;22131.75;6
20250612 195400;22132;22137.25;22126.5;22127;15
20250612 195500;22122.75;22135.75;22120;22135.75;20
20250612 195600;22133.25;22151;22133.25;22138.5;33
20250612 195700;22139.25;22139.25;22136;22136.25;13
20250612 195800;22140.5;22148.75;22138.5;22148.25;22
20250612 195900;22149.5;22155;22149;22149;22
20250612 200000;22148.25;22164;22142.75;22162.75;186
20250612 200100;22163.25;22166.5;22151.75;22157.75;58
20250612 200200;22163.25;22163.25;22159.75;22159.75;3
20250612 200300;22163.5;22166;22163.5;22166;4
20250612 200400;22164.75;22168;22161.75;22162.25;18
20250612 200500;22161.25;22161.25;22158;22158;8
20250612 200600;22160.25;22170.25;22160.25;22169.5;24
20250612 200700;22166.5;22166.5;22159.75;22160.25;5
20250612 200800;22162.75;22163.25;22162.75;22163.25;3
20250612 200900;22157.25;22157.25;22154.75;22155.5;12
20250612 201000;22157;22157.75;22154.25;22157.75;5
20250612 201200;22162.25;22162.25;22162.25;22162.25;1
20250612 201300;22162.75;22162.75;22161.75;22161.75;2
20250612 201500;22158.5;22158.5;22154.75;22154.75;6
20250612 201600;22152;22153.5;22151.5;22153.5;4
20250612 201700;22152.25;22154;22152;22152.5;7
20250612 202000;22153;22154;22147.25;22148;22
20250612 202100;22147.5;22147.5;22143.5;22145.25;17
20250612 202200;22144;22146;22141.5;22145;15
20250612 202300;22145;22145;22140;22143.25;11
20250612 202800;22144.5;22144.5;22144.5;22144.5;1
20250612 202900;22140;22140;22138.25;22140;9
20250612 203000;22138;22138;22138;22138;1
20250612 203100;22137.25;22138.75;22137.25;22138.75;3
20250612 203200;22138.25;22138.25;22138.25;22138.25;1
20250612 203300;22140.5;22140.5;22138.25;22138.25;2
20250612 203500;22140.25;22140.75;22140.25;22140.75;4
20250612 203700;22142.5;22142.5;22142.5;22142.5;1
20250612 203800;22145;22145;22145;22145;3
20250612 203900;22141.75;22141.75;22141.75;22141.75;1
20250612 204100;22145;22145;22145;22145;2
20250612 204200;22145.5;22145.75;22145.5;22145.75;2
20250612 204300;22141;22141;22141;22141;2
20250612 204500;22140.5;22140.5;22140.5;22140.5;1
20250612 204600;22139.75;22139.75;22139.75;22139.75;1
20250612 204800;22140.25;22141.25;22140.25;22141.25;2
20250612 205000;22138.75;22139.5;22135.25;22139;23
20250612 205100;22137.25;22137.25;22136;22136.5;8
20250612 205400;22136.5;22136.5;22136.5;22136.5;1
20250612 205500;22137.25;22137.25;22135;22135;3
20250612 205700;22135.5;22135.5;22135.5;22135.5;1
20250612 205800;22138;22138;22137;22137;2
20250612 205900;22134.5;22134.5;22134.5;22134.5;1
20250612 210000;22133.75;22134.5;22133.75;22134.5;3
20250612 220100;22132.25;22134.75;22127;22127.75;26
20250612 220300;22125.25;22125.25;22121.25;22121.25;7
20250612 220400;22124;22124;22122;22122;3
20250612 220500;22121.75;22121.75;22115;22115;3
20250612 220700;22121.5;22121.5;22121.5;22121.5;1
20250612 220800;22116;22116;22114.5;22114.5;5
20250612 220900;22114.5;22114.5;22114.5;22114.5;2
20250612 221000;22115;22119;22115;22117.75;4
20250612 221100;22117.5;22119;22117.5;22118.5;10
20250612 221200;22119.5;22121.5;22119;22121.5;7
20250612 221400;22120;22120;22120;22120;1
20250612 221500;22120;22120.5;22119;22120.5;4
20250612 221700;22117.25;22117.25;22117.25;22117.25;1
20250612 221800;22115;22115;22111;22112.25;7
20250612 221900;22112.5;22112.75;22112.5;22112.75;3
20250612 222200;22110.75;22111.25;22110.5;22111.25;4
20250612 222300;22112.5;22112.5;22112.25;22112.25;2
20250612 222600;22109.5;22109.5;22109.5;22109.5;1
20250612 222700;22108.5;22109.25;22106.25;22107.5;7
20250612 222800;22106.5;22106.5;22104.5;22104.5;6
20250612 222900;22104.25;22104.25;22099.5;22101.5;12
20250612 223000;22102.5;22103.25;22101.75;22101.75;7
20250612 223100;22099.75;22100;22094.25;22095;13
20250612 223200;22095;22095.75;22088;22091.75;35
20250612 223300;22091.75;22093.75;22089;22093.75;9
20250612 223400;22095.5;22100;22095.25;22098.75;11
20250612 223500;22101.5;22101.5;22098.25;22101.5;19
20250612 223600;22099.25;22099.25;22099.25;22099.25;1
20250612 223700;22100.25;22101.75;22100.25;22101;5
20250612 223800;22097.5;22097.5;22097.5;22097.5;1
20250612 223900;22095;22096;22094.25;22094.25;10
20250612 224000;22096;22096;22096;22096;1
20250612 224100;22094.75;22094.75;22092.75;22093;6
20250612 224200;22093.25;22093.5;22093.25;22093.5;2
20250612 224400;22094.75;22095.75;22093;22094;25
20250612 224600;22098.25;22098.25;22098.25;22098.25;1
20250612 224700;22098.5;22100.5;22098.5;22100;5
20250612 224800;22102.25;22103.25;22101.5;22103.25;9
20250612 224900;22106.25;22107;22106;22106;8
20250612 225000;22105.75;22105.75;22105.75;22105.75;2
20250612 225200;22104.5;22104.5;22103;22103;2
20250612 225400;22105.75;22105.75;22105.75;22105.75;2
20250612 225500;22104.25;22104.25;22103.5;22103.5;2
20250612 225600;22103.75;22103.75;22103.75;22103.75;1
20250612 225700;22104;22107.25;22104;22107;5
20250612 225800;22106.75;22107;22106.75;22107;2
20250612 225900;22107.5;22107.5;22106.25;22106.25;2
20250612 230100;22108;22108;22103;22105;14
20250612 230200;22102.25;22102.25;22097.75;22102.25;6
20250612 230400;22099.5;22100.5;22099.25;22100.5;5
20250612 230500;22100.25;22101.5;22099.25;22101.5;10
20250612 230600;22101;22104.5;22101;22104.5;2
20250612 230700;22104;22104.75;22103.75;22104.75;5
20250612 230800;22103.75;22106.5;22103.75;22106.5;8
20250612 230900;22107;22109.5;22105.75;22107.25;23
20250612 231000;22107.25;22107.5;22104;22107;14
20250612 231100;22107.75;22107.75;22107;22107;5
20250612 231200;22107.75;22107.75;22107.75;22107.75;1
20250612 231300;22108.25;22109.5;22108.25;22108.25;10
20250612 231400;22106.5;22109.5;22104.75;22109.5;19
20250612 231500;22107;22107;22107;22107;1
20250612 231600;22110;22113;22110;22112.25;7
20250612 231700;22111.75;22111.75;22108.75;22108.75;6
20250612 232100;22107.25;22107.25;22107.25;22107.25;1
20250612 232400;22112.5;22112.5;22112.5;22112.5;1
20250612 232500;22110.5;22110.5;22110.5;22110.5;1
20250612 232800;22104.25;22104.25;22104.25;22104.25;1
20250612 233100;22103.75;22103.75;22103.75;22103.75;1
20250612 233200;22098.5;22098.5;22098.5;22098.5;1
20250612 233700;22098;22098;22098;22098;1
20250612 233900;22097.25;22097.25;22097.25;22097.25;1
20250612 234000;22099.75;22101.25;22099.75;22101.25;7
20250612 234100;22104.25;22106.5;22104.25;22106.25;3
20250612 234200;22106.25;22106.25;22081.75;22088.75;92
20250612 234300;22092.5;22100.75;22092.5;22100.75;8
20250612 234400;22100.5;22106;22100.5;22100.5;7
20250612 234500;22095.75;22095.75;22094.5;22094.5;4
20250612 234600;22091;22094.5;22089.75;22094.5;8
20250612 234700;22091.5;22091.5;22089.25;22091;4
20250612 234800;22091.75;22091.75;22091.75;22091.75;1
20250612 235000;22093.75;22094.5;22091.75;22093.5;7
20250612 235200;22097.75;22097.75;22094.75;22095.75;5
20250612 235300;22094.75;22094.75;22094.75;22094.75;1
20250612 235400;22091.75;22091.75;22089.75;22089.75;2
20250612 235500;22088.75;22088.75;22088.75;22088.75;1
20250612 235700;22092.5;22092.5;22092.5;22092.5;1
20250612 235800;22091;22091;22088.75;22088.75;2
20250612 235900;22088.5;22088.5;22067.75;22067.75;56
20250613 000000;22066.25;22066.25;22009;22009.5;87
20250613 000100;22010.75;22017.5;21917;21986.25;88
20250613 000200;21969;21972.25;21954;21968;24
20250613 000300;21969.5;21974.75;21928;21928;36
20250613 000400;21924;21942.5;21905;21937.75;28
20250613 000500;21933;21936.75;21860.75;21860.75;28
20250613 000600;21868.25;21892;21812;21883.5;77
20250613 000700;21875;21932;21875;21918.75;34
20250613 000800;21915.75;21915.75;21878.75;21897.5;18
20250613 000900;21904.75;21918.25;21889;21896.5;18
20250613 001000;21904.25;21904.25;21879.25;21882.75;17
20250613 001100;21881.75;21885.75;21855.25;21872;17
20250613 001200;21876.75;21890;21876.75;21890;7
20250613 001300;21882.25;21900;21881.25;21900;27
20250613 001400;21902.25;21907.75;21891.75;21900;9
20250613 001500;21914.5;21939;21914.5;21933.75;39
20250613 001600;21926;21930.5;21913.75;21923.75;17
20250613 001700;21923.5;21931.25;21896.75;21899;29
20250613 001800;21888.75;21889;21851.5;21887.25;25
20250613 001900;21879.25;21883;21860;21860;25
20250613 002000;21853.25;21855.5;21830.25;21850;26
20250613 002100;21863.5;21863.5;21801.25;21813.75;51
20250613 002200;21839.5;21853.25;21826.5;21847.75;15
20250613 002300;21829.75;21837;21820;21822.75;12
20250613 002400;21808;21828.5;21806;21825;14
20250613 002500;21823.75;21842;21817.75;21827.75;5
20250613 002600;21825;21850;21825;21837.75;25
20250613 002700;21837.5;21837.5;21822.25;21837;10
20250613 002800;21828;21832.25;21828;21832.25;3
20250613 002900;21818.75;21839.75;21817.5;21831.75;13
20250613 003000;21830;21830;21822.5;21827.25;11
20250613 003100;21810;21841;21806.25;21836.25;35
20250613 003200;21838.75;21842.25;21835.25;21835.25;17
20250613 003300;21838.75;21845;21778.75;21783.75;41
20250613 003400;21785.75;21819.5;21785.75;21819.25;23
20250613 003500;21823.5;21824.75;21799.25;21799.5;10
20250613 003600;21796.5;21804.75;21795.5;21800.25;18
20250613 003700;21784.5;21800.5;21784.25;21796.75;27
20250613 003800;21800.25;21825;21791.5;21812.5;33
20250613 003900;21805.25;21812.5;21794;21812.5;15
20250613 004000;21811.5;21819;21801.5;21801.5;23
20250613 004100;21808.5;21808.5;21800;21804;5
20250613 004200;21804;21804;21804;21804;1
20250613 004300;21802.75;21821.75;21801;21821.75;8
20250613 004400;21816;21824.5;21816;21824;16
20250613 004500;21814;21830;21801.75;21817.5;30
20250613 004600;21816.5;21836.5;21815;21831.75;16
20250613 004700;21825.5;21832;21820.5;21820.5;7
20250613 004800;21816.25;21833.75;21816.25;21833.75;31
20250613 004900;21840;21840;21833.5;21833.5;8
20250613 005000;21833;21833;21823;21823;27
20250613 005100;21820.25;21822.25;21808;21808.5;15
20250613 005200;21812.25;21812.75;21800;21803.5;18
20250613 005300;21800.25;21800.25;21762;21762.75;77
20250613 005400;21764.25;21773.25;21751.25;21762.25;116
20250613 005500;21762.75;21771.5;21746.25;21753;59
20250613 005600;21746;21760.75;21746;21760.5;9
20250613 005700;21764.25;21773.25;21760.75;21770.75;37
20250613 005800;21773.25;21788.25;21769;21773;42
20250613 005900;21772.75;21785.75;21772.75;21778;7
20250613 010000;21787.5;21787.5;21783.75;21784.75;4
20250613 010100;21777;21777;21776;21777;7
20250613 010200;21773;21773.25;21758;21760.5;34
20250613 010300;21756.5;21756.75;21750;21753.25;13
20250613 010400;21750.5;21768.5;21750.5;21768.5;9
20250613 010500;21756.75;21756.75;21750;21751.5;14
20250613 010600;21760.25;21760.25;21756.25;21756.25;4
20250613 010700;21752.25;21754.5;21750.5;21751.75;9
20250613 010800;21764;21764.5;21758.75;21764.5;6
20250613 010900;21763.25;21765;21756.5;21760;14
20250613 011000;21762;21772.5;21760.5;21761.5;14
20250613 011100;21756.75;21760.25;21740;21754.5;40
20250613 011200;21748.75;21752;21726.5;21733.75;67
20250613 011300;21733;21740.25;21728.5;21732;15
20250613 011400;21732.25;21732.25;21707.75;21717.75;33
20250613 011500;21716.5;21730;21716.5;21730;27
20250613 011600;21731.75;21749.25;21728.75;21749.25;15
20250613 011700;21746.75;21746.75;21737.75;21737.75;8
20250613 011800;21743.25;21756.75;21737.25;21737.25;10
20250613 011900;21743.75;21746.5;21741.75;21746.5;14
20250613 012000;21746.5;21751.5;21746.5;21746.5;12
20250613 012100;21749.25;21749.25;21746.75;21746.75;2
20250613 012200;21748.25;21762.25;21747.25;21760.25;15
20250613 012300;21764.25;21776.5;21763;21767;17
20250613 012400;21772.25;21780.25;21769.25;21776.25;14
20250613 012500;21772.5;21772.5;21768.75;21770;4
20250613 012600;21764;21783.75;21764;21783.75;11
20250613 012700;21780.75;21781.25;21777.25;21777.25;10
20250613 012800;21779.5;21780.25;21775.75;21777.5;8
20250613 012900;21766.75;21766.75;21751.75;21752.25;20
20250613 013000;21753.75;21756.25;21749;21756.25;12
20250613 013100;21756.25;21756.25;21739.5;21739.5;17
20250613 013200;21740;21748.75;21734.25;21740;19
20250613 013300;21739.75;21760;21731.25;21745.25;36
20250613 013400;21751.25;21762.5;21751.25;21761.5;7
20250613 013500;21761;21761;21755;21755;3
20250613 013600;21756.25;21763.5;21756.25;21763.5;6
20250613 013700;21763.25;21768.5;21763.25;21768.5;11
20250613 013800;21765;21770;21755.5;21770;10
20250613 013900;21778.5;21802.75;21774;21802.75;24
20250613 014000;21798.5;21800.25;21785.25;21785.25;16
20250613 014100;21791;21792.5;21782.5;21782.5;12
20250613 014200;21782.75;21784.25;21775;21783.75;12
20250613 014300;21782;21785;21775.5;21783.75;12
20250613 014400;21777.25;21786;21777;21786;4
20250613 014500;21786.75;21796.5;21786.75;21790.5;12
20250613 014600;21795.25;21806.5;21795.25;21806.5;4
20250613 014700;21805.25;21810.5;21804.75;21805;7
20250613 014900;21810.5;21812;21803.25;21803.5;15
20250613 015000;21800;21803.5;21792.75;21800.25;18
20250613 015100;21799;21800.5;21790.5;21796;10
20250613 015200;21795.5;21802.25;21795.5;21802.25;3
20250613 015300;21796.5;21802;21796.5;21800.75;16
20250613 015400;21802;21808;21800.75;21808;8
20250613 015500;21809.75;21810;21804.75;21804.75;8
20250613 015600;21809.75;21820;21809.75;21820;9
20250613 015700;21822.25;21833.25;21822.25;21831.25;10
20250613 015800;21833;21833.75;21830;21830;16
20250613 015900;21830;21836.25;21829.25;21836.25;5
20250613 020000;21833.5;21833.5;21830;21832;8
20250613 020100;21832.25;21832.25;21826.5;21826.5;4
20250613 020200;21818.75;21820;21811.25;21816.25;9
20250613 020300;21812.25;21816.25;21812.25;21813.5;3
20250613 020400;21812.25;21823;21805;21806.75;29
20250613 020500;21802.25;21807.25;21796;21796.25;17
20250613 020600;21792.5;21796.75;21785;21795.75;24
20250613 020700;21797.5;21797.75;21795.25;21795.25;5
20250613 020800;21805.5;21807.75;21805.5;21807.75;4
20250613 020900;21800.25;21800.75;21800.25;21800.75;2
20250613 021200;21802;21802;21797.75;21799;9
20250613 021300;21796.25;21804.25;21796.25;21804.25;2
20250613 021400;21803.75;21806.25;21803.75;21806.25;7
20250613 021500;21795.5;21798;21791;21796;11
20250613 021600;21799.25;21799.25;21788.75;21792.25;5
20250613 021700;21794.75;21805.5;21794;21805.5;7
20250613 021800;21804.25;21804.25;21801.5;21801.5;4
20250613 021900;21800.5;21800.5;21800.5;21800.5;1
20250613 022000;21799;21799;21783;21795.5;6
20250613 022100;21798.5;21799;21798.5;21799;4
20250613 022200;21787.75;21788.5;21787;21787;4
20250613 022300;21788.75;21795.5;21788.75;21795.5;12
20250613 022400;21796.25;21796.25;21787.75;21787.75;4
20250613 022500;21784.5;21784.5;21772.75;21772.75;22
20250613 022600;21774.25;21774.25;21760.5;21767.75;17
20250613 022700;21772.75;21780.25;21772.25;21780.25;10
20250613 022800;21779.75;21782;21775;21775;15
20250613 022900;21772.75;21773.5;21764.25;21773.5;8
20250613 023000;21772.5;21772.5;21765;21765;3
20250613 023100;21765.5;21769.5;21753.5;21758;23
20250613 023200;21756.25;21762.25;21753.75;21762.25;5
20250613 023300;21761.75;21761.75;21747.75;21747.75;8
20250613 023400;21747.75;21748;21740.75;21748;6
20250613 023500;21739;21750.25;21738;21750.25;5
20250613 023700;21745.75;21764;21745.75;21764;9
20250613 023800;21758;21758;21758;21758;1
20250613 023900;21754;21756.5;21729.75;21732.25;13
20250613 024000;21736.5;21740.25;21732.5;21737;8
20250613 024100;21741.25;21743;21737.5;21737.5;6
20250613 024200;21732.5;21735;21724.5;21724.5;7
20250613 024300;21721.25;21722.5;21703;21703;36
20250613 024400;21704.25;21706;21692.5;21694.75;46
20250613 024500;21692.25;21712.25;21692.25;21712.25;8
20250613 024600;21714.5;21729.25;21714.5;21726.5;12
20250613 024700;21726.5;21734.25;21726.5;21734.25;4
20250613 024800;21736.5;21736.5;21732.5;21735.25;11
20250613 024900;21738.5;21740.25;21738.5;21740.25;4
20250613 025100;21740.75;21740.75;21735.75;21736;4
20250613 025200;21736.75;21736.75;21722.75;21722.75;12
20250613 025300;21724.75;21735.5;21724.75;21735.5;3
20250613 025400;21727.25;21735.75;21727;21735.75;5
20250613 025500;21727.5;21727.5;21727.5;21727.5;1
20250613 025700;21723;21732;21723;21732;3
20250613 025800;21738;21752.25;21738;21752.25;15
20250613 030000;21748.75;21748.75;21746;21746.75;3
20250613 030100;21747;21750;21744.25;21744.25;4
20250613 030200;21752.75;21768.5;21752.75;21760;22
20250613 030300;21763;21765.25;21761.75;21765.25;9
20250613 030400;21766.25;21766.25;21761.5;21764.25;3
20250613 030500;21758.75;21760.75;21758.75;21760.75;3
20250613 030600;21755.75;21755.75;21752.75;21752.75;4
20250613 030700;21750.25;21754.5;21750;21752.75;6
20250613 030800;21752.25;21764.25;21752.25;21760.75;15
20250613 030900;21764.75;21768.5;21761.5;21768.5;4
20250613 031000;21772.5;21775;21769;21775;11
20250613 031100;21766.5;21768.5;21764.75;21768.5;4
20250613 031200;21768.25;21772;21765.25;21769;7
20250613 031300;21779;21779;21770.25;21770.25;8
20250613 031400;21773.75;21776.5;21770.5;21770.5;8
20250613 031500;21771.5;21778.25;21770.25;21777.75;11
20250613 031700;21772.75;21772.75;21768.75;21768.75;5
20250613 031800;21774;21782.5;21774;21782.5;4
20250613 031900;21786.25;21786.25;21782.75;21782.75;3
20250613 032000;21786.5;21786.5;21783.5;21783.5;3
20250613 032100;21781.25;21784.25;21776.75;21779;9
20250613 032200;21775.5;21780.25;21775.25;21776.25;6
20250613 032300;21775.25;21775.25;21775.25;21775.25;1
20250613 032400;21773.75;21773.75;21773.75;21773.75;2
20250613 032500;21769.75;21769.75;21762.25;21769.25;11
20250613 032600;21769.5;21772.25;21769.5;21769.75;5
20250613 032700;21772.25;21774.25;21772.25;21772.75;3
20250613 032800;21768.75;21768.75;21768.75;21768.75;1
20250613 032900;21769.5;21769.5;21764.5;21764.5;6
20250613 033000;21762.5;21768.25;21762.5;21768.25;2
20250613 033100;21771.75;21771.75;21771.75;21771.75;1
20250613 033200;21771.5;21779;21771.5;21779;4
20250613 033300;21779.75;21779.75;21775.5;21775.5;2
20250613 033400;21777.5;21779.75;21777.5;21779.75;2
20250613 033500;21777.5;21780;21776.5;21777;7
20250613 033600;21775;21775;21775;21775;1
20250613 033800;21768;21768.5;21768;21768.5;3
20250613 033900;21772.25;21772.25;21768.5;21768.5;3
20250613 034000;21774.25;21776.25;21774.25;21776.25;2
20250613 034100;21774.25;21775;21774.25;21775;16
20250613 034300;21766;21768.25;21756.75;21756.75;21
20250613 034400;21760.25;21760.25;21755.75;21755.75;4
20250613 034500;21756.25;21760.25;21756.25;21760.25;2
20250613 034600;21760.25;21763.5;21760.25;21763.5;4
20250613 034700;21764;21768.5;21761.25;21761.25;15
20250613 034800;21763.25;21768.5;21763.25;21764.5;10
20250613 034900;21770;21777.75;21768.5;21777.75;5
20250613 035100;21780.25;21792;21780.25;21792;11
20250613 035200;21788.5;21795.25;21788.5;21790.75;8
20250613 035300;21792;21792;21783.75;21783.75;5
20250613 035400;21781;21781;21777.25;21777.5;4
20250613 035500;21784.5;21792;21780.75;21792;4
20250613 035600;21797.5;21813;21797.5;21799.25;73
20250613 035700;21800.75;21801.25;21796.75;21799.25;6
20250613 035800;21799.25;21799.25;21799.25;21799.25;1
20250613 035900;21793.25;21793.75;21792.5;21792.5;4
20250613 040000;21793.25;21793.25;21793.25;21793.25;1
20250613 040200;21784.75;21785.5;21780.75;21780.75;4
20250613 040300;21772.75;21772.75;21768.75;21772;5
20250613 040600;21772.75;21776.25;21772.75;21776.25;2
20250613 040700;21775.75;21775.75;21772.75;21772.75;2
20250613 040800;21774.25;21774.25;21770.75;21772.25;3
20250613 040900;21766.5;21766.5;21763.75;21763.75;9
20250613 041100;21768.25;21768.25;21762.25;21766.25;4
20250613 041200;21764.25;21764.25;21758.25;21758.25;5
20250613 041300;21758;21762.5;21758;21762.5;4
20250613 041500;21758;21758;21758;21758;1
20250613 041900;21756.75;21756.75;21742.75;21742.75;10
20250613 042000;21753.75;21753.75;21752.25;21752.25;3
20250613 042200;21756.5;21756.5;21756.5;21756.5;1
20250613 042600;21752.25;21752.25;21748.25;21748.5;3
20250613 042700;21745.5;21746.25;21745.5;21746.25;2
20250613 042800;21745.75;21745.75;21744.5;21744.5;3
20250613 042900;21744.5;21744.5;21744.5;21744.5;1
20250613 043000;21746.5;21748.25;21746.5;21748.25;2
20250613 043100;21750.5;21750.5;21750.5;21750.5;1
20250613 043200;21752.25;21753;21751.5;21751.5;6
20250613 043300;21750.5;21756.5;21749;21752.25;10
20250613 043400;21760.5;21780;21760.5;21768.5;11
20250613 043500;21767;21768.25;21767;21768.25;2
20250613 043600;21761;21761;21760;21760;3
20250613 043700;21752.25;21752.25;21752.25;21752.25;1
20250613 043800;21758.25;21758.25;21753.25;21753.25;2
20250613 043900;21760.75;21760.75;21760.75;21760.75;1
20250613 044000;21758.5;21764.25;21758.5;21764.25;2
20250613 044100;21752;21762;21752;21760.75;6
20250613 044400;21764.5;21764.5;21764.5;21764.5;1
20250613 044500;21761;21761;21761;21761;1
20250613 044800;21763.75;21766;21763.75;21766;5
20250613 044900;21768;21768;21768;21768;1
20250613 045000;21771.75;21771.75;21771.75;21771.75;2
20250613 045100;21768.75;21773;21766.5;21773;5
20250613 045300;21768.75;21768.75;21768.75;21768.75;1
20250613 045400;21766.75;21768;21766.5;21768;5
20250613 045500;21772.25;21772.25;21772.25;21772.25;2
20250613 045900;21771;21771;21771;21771;1
20250613 050000;21764.5;21764.75;21760.25;21760.25;6
20250613 050100;21756.5;21760.25;21748.25;21748.25;16
20250613 050200;21744.75;21748.25;21744.75;21748.25;4
20250613 050300;21756.25;21756.25;21754.25;21754.25;2
20250613 050400;21759.5;21759.5;21757.75;21757.75;3
20250613 050500;21758.25;21758.25;21758.25;21758.25;1
20250613 050600;21756.75;21757.25;21756.75;21757.25;3
20250613 050700;21757.25;21757.25;21757.25;21757.25;1
20250613 050800;21751.75;21752.75;21751.75;21752.5;3
20250613 050900;21754.25;21756.25;21754.25;21756.25;2
20250613 051100;21768.25;21768.25;21768.25;21768.25;1
20250613 051200;21756.75;21756.75;21750;21756.5;13
20250613 051300;21760.25;21760.25;21760.25;21760.25;1
20250613 051700;21772;21772.5;21772;21772.5;2
20250613 051900;21768.5;21768.5;21765.25;21765.25;2
20250613 052000;21771;21771;21764.75;21766.25;4
20250613 052100;21766;21775.75;21766;21774.5;5
20250613 052200;21773.25;21773.25;21773.25;21773.25;1
20250613 052300;21764.75;21764.75;21764.25;21764.25;2
20250613 052500;21767;21767;21767;21767;3
20250613 052600;21775.5;21775.5;21775.5;21775.5;1
20250613 052700;21773.75;21774;21773.75;21774;2
20250613 052800;21772.75;21772.75;21772.75;21772.75;1
20250613 052900;21772.75;21772.75;21766;21772.5;7
20250613 053000;21772.75;21774;21772.75;21774;2
20250613 053100;21771.5;21771.5;21762.75;21762.75;6
20250613 053200;21770.75;21771;21770.75;21771;2
20250613 053300;21768.75;21768.75;21768.75;21768.75;2
20250613 053400;21764.75;21768.5;21764.75;21768.5;5
20250613 053500;21768.5;21770.25;21768.5;21770.25;4
20250613 053600;21771.5;21771.5;21771.5;21771.5;1
20250613 053700;21771;21772.75;21771;21772.5;4
20250613 053800;21772.75;21773;21770.25;21773;3
20250613 053900;21775.75;21776.25;21773.5;21773.5;8
20250613 054000;21771;21774.5;21768.75;21768.75;10
20250613 054100;21771;21771.5;21765;21765;6
20250613 054200;21761.5;21763.5;21759.25;21759.25;3
20250613 054300;21760.25;21760.5;21756.75;21760.5;9
20250613 054400;21756.75;21759;21756.75;21759;10
20250613 054500;21760.5;21760.5;21760.5;21760.5;2
20250613 054600;21764.25;21764.25;21759;21759;2
20250613 054700;21758;21760;21758;21760;2
20250613 054800;21758;21761;21757.5;21761;12
20250613 054900;21765.5;21768;21765.5;21768;4
20250613 055000;21769.75;21777.25;21768.5;21773.25;19
20250613 055100;21773;21773;21768.5;21768.75;4
20250613 055200;21772.75;21777.75;21772.75;21777.75;7
20250613 055300;21776.5;21776.5;21772.25;21773;7
20250613 055400;21776.75;21780.5;21776.5;21780.5;5
20250613 055500;21781.25;21787.75;21780.75;21787.75;9
20250613 055600;21788.25;21788.25;21785.75;21788.25;4
20250613 055700;21783;21783;21782;21782;5
20250613 055800;21788;21788;21784.75;21785.75;7
20250613 060000;21785.75;21787.5;21784.75;21787.5;5
20250613 060100;21788.75;21802.5;21788.75;21799.25;16
20250613 060200;21802.75;21812.25;21802.75;21812.25;23
20250613 060300;21812.25;21828.25;21812.25;21826.25;28
20250613 060400;21825;21826.25;21817.75;21825.25;19
20250613 060500;21820.75;21823;21816.25;21820.5;14
20250613 060600;21820.5;21824;21816.5;21824;12
20250613 060700;21823.75;21825.75;21819.5;21824.5;18
20250613 060800;21820.5;21824.5;21820.25;21824.5;8
20250613 060900;21827.25;21827.25;21817.75;21826;6
20250613 061000;21821.75;21822;21817.5;21820.75;16
20250613 061100;21817.5;21817.5;21812.5;21815;11
20250613 061200;21816.75;21822.75;21816.75;21822.75;5
20250613 061300;21818.5;21818.5;21806.5;21815.25;11
20250613 061400;21808.75;21810.25;21807;21807;7
20250613 061500;21804;21804.75;21804;21804.75;4
20250613 061600;21807.25;21809.5;21807.25;21809.5;3
20250613 061700;21808.25;21809.75;21806.25;21809.75;4
20250613 061800;21804.75;21804.75;21804.75;21804.75;2
20250613 061900;21796.75;21797.25;21794.5;21797.25;10
20250613 062000;21794.25;21796.25;21790.25;21796.25;4
20250613 062100;21796.75;21800.25;21794;21794.5;14
20250613 062200;21796.75;21796.75;21793.75;21793.75;3
20250613 062300;21798.75;21803;21797.5;21803;6
20250613 062400;21790;21790;21790;21790;1
20250613 062500;21789.5;21796.25;21786.5;21796.25;5
20250613 062600;21794;21799.25;21794;21799.25;3
20250613 062700;21796.75;21807;21796.75;21807;8
20250613 062800;21794.5;21795;21792.5;21792.5;7
20250613 062900;21789.5;21794.75;21788.75;21788.75;5
20250613 063000;21793.5;21798.75;21792.75;21792.75;13
20250613 063100;21796.25;21806.25;21796.25;21806.25;3
20250613 063200;21803.5;21804;21803.5;21804;3
20250613 063300;21803.75;21809.25;21803.5;21806;5
20250613 063400;21809.25;21815.5;21808.75;21812.25;7
20250613 063500;21804.25;21804.25;21804.25;21804.25;1
20250613 063600;21804.5;21807.75;21804.25;21804.25;7
20250613 063700;21809;21812.25;21809;21812.25;4
20250613 063800;21812.25;21812.25;21801.25;21801.25;2
20250613 063900;21796;21798.25;21792.5;21798;8
20250613 064000;21792.25;21792.25;21792.25;21792.25;2
20250613 064100;21789.25;21793.25;21788.5;21788.5;11
20250613 064200;21790.25;21790.25;21783.25;21788;10
20250613 064300;21787.25;21788.5;21787.25;21788.5;4
20250613 064400;21788.75;21800;21788.75;21800;4
20250613 064500;21800.75;21801;21800.75;21801;2
20250613 064600;21793.75;21794;21793.5;21793.75;4
20250613 064700;21790;21804.25;21788.75;21804.25;14
20250613 064800;21802.5;21808.75;21802.5;21808.75;3
20250613 064900;21809.75;21816.25;21809.75;21816.25;8
20250613 065000;21812.25;21821.5;21812.25;21818;9
20250613 065100;21823.75;21824.5;21820.5;21820.5;6
20250613 065200;21821;21821;21809.75;21815.25;14
20250613 065300;21818;21823.75;21818;21818.5;8
20250613 065400;21816.25;21820.25;21816.25;21820.25;2
20250613 065500;21820.5;21821.25;21812.5;21819.25;24
20250613 065600;21816.75;21816.75;21812.75;21812.75;2
20250613 065700;21813.75;21816.25;21812;21812;6
20250613 065800;21812.75;21816;21812.75;21816;3
20250613 065900;21814.5;21825;21808.75;21825;12
20250613 070000;21822.25;21827.25;21820.75;21826;9
20250613 070100;21824.75;21828.25;21822.75;21827;16
20250613 070200;21823.75;21844;21823;21841.75;27
20250613 070300;21841.75;21844.5;21836.5;21836.5;11
20250613 070400;21833.5;21836.5;21830;21836;18
20250613 070500;21836.25;21840.75;21834.25;21837.75;17
20250613 070600;21829.25;21829.25;21806.25;21815;27
20250613 070700;21814.5;21825;21812.75;21821.75;17
20250613 070800;21822.25;21836;21818.75;21836;10
20250613 070900;21834.25;21840;21827.25;21840;14
20250613 071000;21842.5;21843.25;21836.5;21837;10
20250613 071100;21836.75;21837.5;21835.25;21836.75;11
20250613 071200;21837.75;21851.5;21837.75;21847.75;8
20250613 071300;21855;21856.75;21851.75;21851.75;8
20250613 071400;21852.25;21853.75;21848.75;21852;11
20250613 071500;21851.75;21856.75;21844.75;21856.5;12
20250613 071600;21849.75;21853;21838.25;21844.25;17
20250613 071700;21841.75;21844.25;21841.5;21841.5;4
20250613 071800;21841.75;21848;21841.75;21842.5;10
20250613 071900;21839.5;21842.5;21826.25;21828.5;76
20250613 072000;21832.5;21832.5;21826.5;21826.5;3
20250613 072100;21829.25;21830.25;21825.5;21828.25;10
20250613 072200;21826;21834.5;21826;21832.25;8
20250613 072300;21828.75;21830;21821;21821;33
20250613 072400;21820;21822.75;21818;21819;7
20250613 072500;21824.25;21826.25;21824;21825;8
20250613 072600;21824.25;21832.25;21824.25;21832.25;7
20250613 072700;21834.25;21834.25;21826.5;21826.5;3
20250613 072800;21829.75;21840;21829.75;21840;6
20250613 072900;21836;21836;21831.75;21832.25;10
20250613 073000;21830.5;21833.25;21830.5;21832;5
20250613 073100;21835.25;21835.75;21824.5;21832.25;23
20250613 073200;21834.5;21840;21832.25;21840;11
20250613 073300;21834.5;21839.5;21829.75;21829.75;9
20250613 073400;21834.5;21835.5;21832.25;21832.5;16
20250613 073500;21831.75;21835.75;21831.5;21831.5;8
20250613 073600;21833.75;21838.75;21833.75;21838.75;8
20250613 073800;21840.5;21840.5;21835.75;21835.75;3
20250613 073900;21840.5;21840.5;21840.5;21840.5;1
20250613 074000;21849.75;21850.25;21844.5;21848.25;73
20250613 074100;21850;21855;21850;21855;6
20250613 074200;21855.25;21858.75;21850.25;21850.25;16
20250613 074300;21851.5;21863.5;21851.5;21862;9
20250613 074400;21862;21864.5;21860.25;21863.5;17
20250613 074500;21864.25;21864.25;21864;21864.25;4
20250613 074600;21864.75;21864.75;21864.75;21864.75;1
20250613 074700;21864.25;21864.25;21864.25;21864.25;1
20250613 074800;21867;21867;21860;21860.5;8
20250613 074900;21860.5;21864.25;21860.5;21864.25;4
20250613 075000;21856.5;21856.5;21851.25;21851.25;4
20250613 075100;21851.75;21860.5;21848.75;21856.25;16
20250613 075200;21854;21866.75;21852.5;21866.75;12
20250613 075300;21871.75;21872;21868;21869.5;8
20250613 075400;21869;21869;21862.75;21864.75;8
20250613 075500;21868;21868;21861.5;21861.5;7
20250613 075600;21867.75;21867.75;21859.75;21859.75;2
20250613 075700;21856.75;21856.75;21854.75;21855.75;5
20250613 075800;21855.75;21855.75;21855.75;21855.75;1
20250613 075900;21856;21856;21855;21855;2
20250613 080000;21852.75;21852.75;21852.75;21852.75;1
20250613 080100;21852.75;21860.75;21852.5;21860;33
20250613 080200;21861.5;21874.5;21860.25;21873;18
20250613 080300;21873.5;21882.75;21869.5;21880.75;13
20250613 080400;21878.25;21885.75;21875.25;21880;14
20250613 080500;21879;21881.25;21876.75;21876.75;5
20250613 080600;21873.5;21876.5;21868.5;21876.25;12
20250613 080700;21875.75;21876.5;21861.5;21872.25;19
20250613 080800;21868.75;21868.75;21868.75;21868.75;2
20250613 080900;21868.5;21868.5;21854;21860.25;8
20250613 081000;21864;21868.75;21863.25;21868.75;17
20250613 081100;21867.75;21867.75;21867.75;21867.75;1
20250613 081200;21864.75;21868;21863.5;21868;3
20250613 081300;21866;21870.25;21865;21870.25;7
20250613 081400;21875.75;21880;21875.75;21880;7
20250613 081500;21879.75;21879.75;21879.75;21879.75;2
20250613 081600;21872.75;21872.75;21865.5;21872.75;5
20250613 081700;21873.75;21879;21871.75;21871.75;23
20250613 081800;21865;21865;21858.5;21863.75;20
20250613 081900;21864.25;21864.5;21864.25;21864.5;2
20250613 082000;21871.25;21872.25;21856;21864.5;33
20250613 082100;21864.5;21864.5;21858.5;21860.5;10
20250613 082200;21858;21858;21844.75;21844.75;5
20250613 082300;21844.25;21848.75;21844.25;21848.75;2
20250613 082400;21846;21846;21845.5;21845.5;2
20250613 082500;21843.25;21850.5;21843.25;21850.5;2
20250613 082600;21845.75;21845.75;21844.25;21845.75;5
20250613 082700;21840;21844.25;21830.25;21832.25;6
20250613 082800;21832.5;21832.5;21829;21829;6
20250613 082900;21836.75;21838.75;21831.75;21838.75;14
20250613 083000;21844.25;21847.5;21841.75;21846;7
20250613 083100;21842.5;21842.5;21842.5;21842.5;1
20250613 083200;21848.25;21848.25;21844.5;21844.5;2
20250613 083300;21843.25;21843.75;21837.25;21843.75;9
20250613 083400;21847.25;21847.25;21846.5;21846.5;3
20250613 083600;21844.25;21844.25;21840.25;21840.25;3
20250613 083700;21839.25;21839.25;21839.25;21839.25;1
20250613 083800;21838.25;21838.25;21838.25;21838.25;2
20250613 083900;21839.5;21844.25;21839.5;21844.25;2
20250613 084000;21835.75;21835.75;21835.75;21835.75;1
20250613 084100;21832.25;21835;21832.25;21835;3
20250613 084200;21833.75;21834;21825;21825;12
20250613 084300;21824;21829;21824;21829;2
20250613 084500;21827.25;21827.25;21825;21825;76
20250613 084600;21828.25;21828.5;21816.75;21816.75;20
20250613 084700;21808.25;21820.75;21808.25;21820.5;4
20250613 084800;21824.75;21824.75;21824.75;21824.75;1
20250613 084900;21820;21820;21815.5;21816.5;4
20250613 085000;21812.75;21819.25;21812.75;21819.25;3
20250613 085100;21814;21823.25;21814;21823.25;5
20250613 085200;21835;21835;21830;21830;2
20250613 085300;21834.25;21834.25;21831;21831;3
20250613 085400;21840;21840;21835;21835;2
20250613 085500;21833.5;21833.5;21830.75;21830.75;5
20250613 085700;21835.5;21840;21835.5;21838.75;10
20250613 085800;21840.5;21842.75;21840.5;21842.25;8
20250613 085900;21839.75;21839.75;21838.25;21839.25;9
20250613 090000;21838.75;21840;21820;21822.75;16
20250613 090100;21822.75;21828.25;21817.5;21827.5;8
20250613 090200;21827;21844.5;21827;21844.5;10
20250613 090300;21845;21850;21840;21840;21
20250613 090400;21836.25;21838;21834;21835.75;9
20250613 090500;21842.75;21844.25;21840.25;21840.25;5
20250613 090600;21836.75;21843.75;21836.25;21843.75;7
20250613 090700;21850;21851.75;21833.75;21833.75;12
20250613 090800;21839.5;21841.75;21839.5;21839.75;4
20250613 090900;21840.25;21845.75;21840.25;21845.75;4
20250613 091100;21843;21843;21842;21842.25;5
20250613 091200;21849.25;21849.5;21848.5;21848.5;6
20250613 091300;21848.25;21848.25;21848.25;21848.25;1
20250613 091400;21840;21840;21818.75;21819.25;10
20250613 091500;21816;21820.25;21796.25;21820.25;47
20250613 091600;21820.75;21860.25;21820.75;21858.75;25
20250613 091700;21845.5;21845.5;21845.5;21845.5;1
20250613 091900;21830.5;21832.75;21828.5;21832.75;4
20250613 092100;21834.75;21834.75;21827;21827;7
20250613 092200;21832.25;21832.25;21832.25;21832.25;1
20250613 092300;21836.75;21846.5;21835.5;21846.5;5
20250613 092400;21832.5;21832.5;21832;21832;2
20250613 092600;21842;21846;21840.25;21846;6
20250613 092700;21842.25;21842.25;21842.25;21842.25;1
20250613 092900;21839;21839;21835.75;21835.75;2
20250613 093000;21838;21851.25;21838;21851;7
20250613 093100;21839.25;21841.5;21839.25;21840;4
20250613 093200;21834.25;21835.5;21832.75;21835.5;4
20250613 093500;21828.5;21828.5;21828.5;21828.5;1
20250613 093600;21831.75;21831.75;21831.75;21831.75;1
20250613 093700;21824.5;21824.5;21824.5;21824.5;1
20250613 094100;21829.5;21830.75;21829.5;21830.75;2
20250613 094200;21822;21824.75;21822;21824.75;3
20250613 094300;21826.75;21828.25;21826.75;21828.25;5
20250613 094400;21828;21832;21828;21831.25;9
20250613 094600;21830.25;21830.25;21829;21829;3
20250613 094800;21827.75;21827.75;21827.75;21827.75;1
20250613 094900;21827.75;21827.75;21827.75;21827.75;1
20250613 095000;21827.75;21827.75;21827;21827;4
20250613 095100;21824.25;21840;21824.25;21840;6
20250613 095200;21833;21833;21826.75;21828.75;8
20250613 095300;21833.75;21840.25;21833.75;21840.25;2
20250613 095400;21830.25;21830.25;21830.25;21830.25;1
20250613 095500;21841.25;21843;21841.25;21843;3
20250613 095800;21850;21850;21844.25;21844.5;5
20250613 095900;21844.75;21848;21837.5;21847.25;13
20250613 100000;21842.5;21844.25;21842.5;21844.25;3
20250613 100100;21845.25;21845.25;21845.25;21845.25;1
20250613 100200;21829.75;21829.75;21820.75;21824.25;12
20250613 100400;21824.75;21824.75;21824.75;21824.75;2
20250613 100500;21820;21820.75;21820;21820.75;5
20250613 100600;21825.75;21827.75;21825.75;21827.75;2
20250613 100700;21832.25;21832.25;21824.75;21824.75;3
20250613 100800;21820.75;21820.75;21820.75;21820.75;1
20250613 100900;21823.25;21823.25;21819.75;21819.75;2
20250613 101000;21817.75;21821.5;21815.75;21821.5;10
20250613 101100;21830.75;21831;21830.75;21831;2
20250613 101200;21837.25;21843.25;21837.25;21843.25;8
20250613 101300;21836.75;21837.25;21836.75;21837.25;2
20250613 101400;21836.5;21837.5;21833;21833;3
20250613 101500;21837.75;21837.75;21836.75;21836.75;2
20250613 101600;21833.5;21833.5;21828.75;21828.75;3
20250613 101700;21825.75;21825.75;21825.75;21825.75;1
20250613 101800;21832.25;21832.25;21832.25;21832.25;1
20250613 101900;21833;21836;21833;21836;2
20250613 102000;21839.25;21841.75;21839;21839.25;7
20250613 102100;21820;21820;21820;21820;1
20250613 102200;21820;21822.25;21820;21820.25;6
20250613 102500;21815;21822.5;21815;21821;6
20250613 102600;21831.25;21831.25;21824.75;21824.75;4
20250613 102700;21829.5;21832;21829.5;21830;5
20250613 102800;21831.75;21847.5;21829.5;21847.5;14
20250613 102900;21845;21851;21844.5;21844.5;71
20250613 103000;21843;21843;21843;21843;1
20250613 103100;21840;21840;21840;21840;2
20250613 103200;21832.75;21832.75;21832.75;21832.75;1
20250613 103400;21837.5;21837.5;21837.5;21837.5;1
20250613 103500;21836.25;21838.25;21835;21835;4
20250613 103600;21835.25;21835.25;21835.25;21835.25;2
20250613 103700;21837.5;21837.5;21837.5;21837.5;2
20250613 103900;21832.5;21832.5;21832.5;21832.5;1
20250613 104100;21836.75;21836.75;21836.75;21836.75;1
20250613 104200;21838.75;21839;21836.5;21839;10
20250613 104300;21840.25;21840.25;21836.75;21836.75;2
20250613 104400;21833.25;21833.25;21830;21832.25;7
20250613 104500;21833.75;21836.5;21833.75;21836.5;3
20250613 104700;21843.5;21845;21843.5;21843.75;6
20250613 104800;21844.75;21852;21844.75;21852;5
20250613 104900;21852.75;21852.75;21848.5;21848.5;2
20250613 105000;21845;21851.75;21844.75;21844.75;12
20250613 105100;21851;21851;21844;21846.75;4
20250613 105300;21850.25;21854.5;21850.25;21854.5;7
20250613 105400;21855.25;21856.5;21855.25;21856.5;2
20250613 105500;21859.25;21860;21859.25;21860;5
20250613 105600;21856.25;21863.25;21856.25;21859;18
20250613 105700;21861;21873.25;21861;21871;8
20250613 105800;21861.25;21868.25;21859.5;21866.75;12
20250613 105900;21862.75;21864.25;21862.75;21864.25;3
20250613 110000;21866.25;21867.25;21866.25;21867.25;4
20250613 110100;21871;21877.5;21868.5;21877.5;8
20250613 110200;21876.5;21889;21876.5;21884.5;17
20250613 110300;21880.25;21890.75;21880.25;21888;8
20250613 110400;21889;21889;21886.5;21888;13
20250613 110500;21890;21900;21890;21897.5;11
20250613 110600;21898.75;21907;21898.5;21907;13
20250613 110700;21905;21915;21903.25;21912;22
20250613 110800;21912.25;21920.5;21912.25;21916.25;19
20250613 110900;21916;21917;21915.25;21915.25;11
20250613 111000;21917.75;21918.75;21917.75;21918.75;3
20250613 111100;21916.5;21916.5;21910;21910;5
20250613 111200;21904.5;21904.5;21896.5;21897.5;9
20250613 111300;21892.5;21895;21884.5;21884.5;22
20250613 111400;21885.75;21885.75;21880.5;21880.5;11
20250613 111500;21880.5;21887;21878;21884.75;7
20250613 111600;21879.75;21880;21877;21880;3
20250613 111700;21883.5;21885.25;21882.75;21882.75;3
20250613 111800;21877.75;21877.75;21871.25;21871.25;3
20250613 111900;21879.25;21879.25;21879;21879.25;3
20250613 112000;21886.25;21888;21886.25;21888;2
20250613 112100;21886;21886;21878.5;21878.5;13
20250613 112200;21876.25;21880;21876.25;21880;2
20250613 112300;21877;21880.5;21877;21880.5;3
20250613 112500;21872.25;21872.25;21872.25;21872.25;1
20250613 112600;21875;21876.5;21873.75;21873.75;4
20250613 112700;21868.75;21868.75;21868.75;21868.75;1
20250613 112800;21865.25;21870;21865.25;21870;2
20250613 113100;21866.5;21868.5;21864.75;21868.5;11
20250613 113200;21872.75;21883.5;21872.5;21883.5;9
20250613 113400;21877.75;21877.75;21876.5;21876.5;2
20250613 113500;21887.25;21892.75;21884.5;21892.75;15
20250613 113600;21893.25;21907.25;21893.25;21902.75;19
20250613 113700;21900.5;21900.5;21892.5;21892.5;5
20250613 113800;21896.5;21900;21896.5;21900;3
20250613 113900;21892.5;21892.5;21892.5;21892.5;1
20250613 114000;21889.75;21889.75;21889.75;21889.75;2
20250613 114100;21895.25;21896.5;21895.25;21896.5;3
20250613 114300;21899.5;21899.5;21899.5;21899.5;1
20250613 114400;21900.25;21900.25;21900.25;21900.25;1
20250613 114500;21904.25;21904.25;21902.25;21903.5;5
20250613 114600;21908.25;21908.25;21906;21906;3
20250613 114700;21910;21910;21908;21908.5;4
20250613 114800;21908.5;21915;21908.5;21909.5;10
20250613 114900;21912.5;21916.5;21908.5;21908.5;17
20250613 115000;21905.5;21905.5;21905.5;21905.5;1
20250613 115100;21907.25;21907.5;21907.25;21907.5;2
20250613 115200;21912.5;21915.75;21909.25;21909.25;7
20250613 115300;21906.5;21911.75;21904.75;21911.75;5
20250613 115400;21904.5;21904.5;21904.5;21904.5;4
20250613 115600;21907;21907;21906.5;21906.5;4
20250613 115700;21908.25;21908.25;21908.25;21908.25;2
20250613 115800;21914;21914.25;21908.5;21908.5;4
20250613 120000;21907.75;21908;21896;21904.5;39
20250613 120100;21908.5;21908.5;21904.5;21904.5;3
20250613 120200;21899.75;21900.5;21892;21896.5;21
20250613 120300;21892.5;21896;21888.5;21896;8
20250613 120400;21896;21896;21895.75;21895.75;4
20250613 120600;21890.25;21890.25;21890.25;21890.25;1
20250613 120800;21894;21894;21893.25;21893.25;5
20250613 120900;21892;21892.5;21892;21892.5;3
20250613 121000;21892.5;21895.75;21892.5;21895.75;3
20250613 121100;21891;21893.75;21891;21893.75;4
20250613 121200;21893;21895;21893;21895;3
20250613 121400;21892.5;21892.5;21892.5;21892.5;1
20250613 121500;21888;21889;21884.5;21884.5;9
20250613 121600;21885.75;21892.5;21882;21892.5;7
20250613 121700;21892.5;21899;21892.5;21899;3
20250613 121800;21896.5;21896.5;21896.5;21896.5;1
20250613 121900;21897.75;21897.75;21897.75;21897.75;5
20250613 122000;21899.75;21899.75;21899.75;21899.75;2
20250613 122200;21910.75;21910.75;21910.75;21910.75;1
20250613 122300;21912.5;21918.5;21912.5;21915.75;6
20250613 122400;21912.5;21918.25;21909;21918.25;8
20250613 122600;21913.25;21920.25;21912.5;21913.25;9
20250613 122700;21911;21911;21911;21911;1
20250613 122800;21910;21910;21910;21910;1
20250613 122900;21907.25;21907.25;21902.25;21904.5;11
20250613 123000;21902;21903.5;21902;21903.5;2
20250613 123100;21899.75;21899.75;21899.75;21899.75;1
20250613 123200;21899;21905.25;21899;21905.25;5
20250613 123300;21903;21903;21903;21903;1
20250613 123400;21906.25;21911.25;21906.25;21911.25;3
20250613 123500;21904.5;21904.5;21904.5;21904.5;1
20250613 123600;21907;21918.25;21907;21918.25;5
20250613 123700;21917.25;21922.75;21917.25;21920.5;10
20250613 123800;21917.5;21919;21913.75;21916;9
20250613 123900;21916.75;21916.75;21916.75;21916.75;1
20250613 124000;21907;21909;21907;21909;9
20250613 124100;21908.5;21912;21904.5;21907;15
20250613 124200;21904.5;21907.5;21904.5;21907.5;5
20250613 124300;21905.5;21905.5;21902.75;21902.75;2
20250613 124400;21897;21898.75;21894.75;21896.5;5
20250613 124500;21896.75;21896.75;21885;21885;12
20250613 124600;21886.25;21890.5;21885.25;21887.25;10
20250613 124700;21888;21888;21883.75;21886.25;5
20250613 124800;21884.5;21884.5;21879.75;21879.75;10
20250613 124900;21878.75;21878.75;21875.75;21875.75;3
20250613 125000;21874.75;21882.75;21874.75;21882.75;8
20250613 125100;21880;21885.25;21878.5;21883.5;13
20250613 125200;21881.5;21882.25;21874.75;21874.75;6
20250613 125300;21871.75;21874.5;21870;21870;15
20250613 125400;21872.5;21872.5;21870.25;21870.25;4
20250613 125500;21868.75;21873.25;21865;21870.25;16
20250613 125600;21871.5;21878;21871.5;21877;14
20250613 125700;21877.25;21881.5;21875;21877.25;19
20250613 125800;21879.75;21879.75;21878.25;21878.25;2
20250613 125900;21881.75;21883.5;21880.25;21880.25;5
20250613 130000;21877.5;21884.75;21877.5;21879;24
20250613 130100;21879.5;21879.5;21874.25;21878.75;23
20250613 130200;21878;21878;21867.5;21868.25;14
20250613 130300;21869.25;21871.25;21869.25;21869.75;12
20250613 130400;21869;21870.75;21862.75;21862.75;8
20250613 130500;21864.5;21871.25;21864.5;21871.25;7
20250613 130600;21871.75;21872;21868.5;21869.75;18
20250613 130700;21870.75;21871.75;21866.75;21871.25;9
20250613 130800;21872.25;21872.25;21869.75;21869.75;3
20250613 130900;21869.5;21869.75;21867.25;21869.5;7
20250613 131000;21869.75;21869.75;21864.25;21866.25;14
20250613 131100;21865.5;21866.75;21865.5;21866.75;7
20250613 131200;21860.5;21860.75;21856.25;21856.25;14
20250613 131300;21856.75;21862.25;21854.5;21862.25;11
20250613 131400;21861.5;21864.25;21858.75;21864.25;18
20250613 131500;21866;21871;21866;21871;9
20250613 131600;21871.25;21871.25;21864.75;21868.25;8
20250613 131700;21868.75;21868.75;21866;21866.25;5
20250613 131800;21864.5;21868.5;21864.25;21868.25;11
20250613 131900;21859;21859.25;21848;21848.75;25
20250613 132000;21845.5;21859;21845.5;21856.5;16
20250613 132100;21852.5;21858.5;21849.75;21858.25;21
20250613 132200;21857.75;21863.75;21857.75;21861.75;11
20250613 132300;21860.75;21867.25;21860.75;21867.25;16
20250613 132400;21865.5;21870.25;21865.5;21869.5;12
20250613 132500;21868.25;21868.25;21860.25;21861.5;12
20250613 132600;21859.25;21874.25;21858;21874.25;52
20250613 132700;21879.5;21889.75;21879.5;21889.25;17
20250613 132800;21889.25;21889.25;21881.75;21885.5;30
20250613 132900;21886.5;21892.75;21886;21892.75;36
20250613 133000;21892.25;21901;21889.75;21901;42
20250613 133100;21900;21942.5;21885;21942.5;264
20250613 133200;21941.75;21982.5;21941.75;21982.25;303
20250613 133300;21981.5;21998;21969.25;21981.25;393
20250613 133400;21980.75;21996.75;21974.5;21976.5;345
20250613 133500;21976.25;21985.25;21969.75;21985.25;126
20250613 133600;21985;21986;21969.75;21974.75;167
20250613 133700;21972.5;21973.75;21958.25;21963.75;257
20250613 133800;21961.75;21979;21950;21974.75;334
20250613 133900;21976;21996;21971.25;21996;179
20250613 134000;21996.25;22009;21996.25;22007.5;254
20250613 134100;22004.5;22005;21969.75;21982.25;253
20250613 134200;21983.25;21994.75;21977.25;21988.5;164
20250613 134300;21986.75;22000;21986.75;21993.75;102
20250613 134400;21995.25;21999.25;21981;21983.75;95
20250613 134500;21984;21991.5;21977.25;21989.25;159
20250613 134600;21990;21990;21958.5;21967.75;272
20250613 134700;21962.25;21980;21959.5;21972.25;140
20250613 134800;21972.75;21985;21971.25;21976;115
20250613 134900;21974.5;21980;21967;21974.75;90
20250613 135000;21975.25;21977.5;21963.75;21976;62
20250613 135100;21975.25;22001;21968;21987.5;338
20250613 135200;21990.5;22016.25;21977.25;21977.5;86
20250613 135300;21977;21990;21973.5;21984;69
20250613 135400;21981.75;21989.75;21972.25;21972.25;41
20250613 135500;21968.75;21971.25;21955;21956.25;42
20250613 135600;21953.5;21969;21946.75;21968.25;78
20250613 135700;21969;21970.5;21956.25;21958;53
20250613 135800;21955.25;21957;21942.5;21942.5;47
20250613 135900;21945.75;21946.75;21936.25;21941.5;60
20250613 140000;21944.5;21949.75;21938;21949.75;28
20250613 140100;21951;21994.5;21951;21960;113
20250613 140200;21962.75;21966.75;21948;21961.5;82
20250613 140300;21962.25;21963.75;21942.25;21952.75;65
20250613 140400;21953;21971.75;21952.75;21964.75;81
20250613 140500;21963.75;21965.25;21946.25;21951.75;106
20250613 140600;21950.5;21956.25;21942.75;21945;154
20250613 140700;21941.5;21969.75;21941.5;21965.25;99
20250613 140800;21962.75;21962.75;21943.25;21952.25;60
20250613 140900;21949.75;21958;21945;21946.25;99
20250613 141000;21944.75;21949.5;21943.75;21943.75;68
20250613 141100;21945.25;21945.25;21909;21911;193
20250613 141200;21909;21915.5;21902.25;21912.5;100
20250613 141300;21911.25;21912.5;21898.25;21904.25;97
20250613 141400;21904.75;21917;21904.75;21913.5;64
20250613 141500;21913.5;21927.25;21909.25;21919;39
20250613 141600;21916.75;21918;21906.5;21911.75;44
20250613 141700;21911.75;21911.75;21903.25;21903.5;42
20250613 141800;21903;21909;21898.25;21901.25;65
20250613 141900;21904;21915.75;21903.25;21913.75;31
20250613 142000;21917;21917;21904;21905;38
20250613 142100;21904.25;21904.5;21870.75;21876;123
20250613 142200;21874.75;21884;21861.25;21882;183
20250613 142300;21880.75;21881.75;21870.25;21875;105
20250613 142400;21874.75;21900;21874.25;21898;55
20250613 142500;21898.25;21904.75;21882.75;21883.75;61
20250613 142600;21881.5;21887;21868.25;21884.5;67
20250613 142700;21883.75;21887;21875.5;21875.5;72
20250613 142800;21875.75;21881.75;21862;21870.25;53
20250613 142900;21868.25;21868.25;21835.5;21843.25;90
20250613 143000;21842;21852.25;21836.5;21846.25;88
20250613 143100;21846.5;21855.5;21841.75;21846.75;139
20250613 143200;21845.75;21859.5;21841.25;21857.25;100
20250613 143300;21856.25;21877.5;21853.25;21874.75;85
20250613 143400;21876;21892.5;21876;21884.5;107
20250613 143500;21886.25;21891.25;21882.25;21882.75;72
20250613 143600;21884;21897.25;21878.5;21895.5;145
20250613 143700;21894.5;21900.5;21885.25;21900.5;127
20250613 143800;21899.25;21923.5;21896.75;21922;189
20250613 143900;21924;21927.75;21916.75;21923.5;99
20250613 144000;21922.75;21939.25;21922.75;21935.25;117
20250613 144100;21935.5;21947.25;21930.25;21942;133
20250613 144200;21941;21953.25;21937;21949;154
20250613 144300;21950.5;21965.75;21941.5;21942.5;252
20250613 144400;21942.75;21945.25;21932.25;21938.75;137
20250613 144500;21937.75;21939;21926.5;21927;112
20250613 144600;21927.5;21932.25;21922;21929;212
20250613 144700;21929.5;21946.5;21927.25;21933;101
20250613 144800;21934;21938.75;21924.5;21927.5;98
20250613 144900;21927.75;21927.75;21911.5;21914;69
20250613 145000;21912.25;21918.25;21904.75;21917;97
20250613 145100;21914.25;21920.25;21907.75;21914;53
20250613 145200;21913.75;21924.5;21913.5;21924.25;36
20250613 145300;21923.5;21940.5;21922.75;21940.5;59
20250613 145400;21941.75;21963;21939.75;21961.75;108
20250613 145500;21963.5;21973;21957.25;21965.75;103
20250613 145600;21966.25;21989.75;21964.75;21981.5;101
20250613 145700;21984.25;21985.25;21967.75;21972.75;54
20250613 145800;21971.5;21973.5;21959.5;21961.75;50
20250613 145900;21962;21964;21954.75;21957.25;78
20250613 150000;21957.25;21969.25;21957.25;21965.5;41
20250613 150100;21965.25;21969.25;21958.25;21958.75;57
20250613 150200;21959.25;21963;21958;21961.25;27
20250613 150300;21964.75;21976.75;21962.25;21975.75;100
20250613 150400;21974;21974.75;21968.25;21972.75;36
20250613 150500;21972.5;21973.25;21964.75;21972.25;43
20250613 150600;21971.75;21988.5;21968.25;21986.5;66
20250613 150700;21986.5;21986.5;21968.5;21971.75;43
20250613 150800;21972.25;21983.25;21972.25;21981;39
20250613 150900;21981.75;21982.75;21979.25;21980;24
20250613 151000;21979.75;21984.75;21976;21977.5;37
20250613 151100;21975.5;21978.5;21958.75;21958.75;71
20250613 151200;21960.25;21968.75;21960.25;21966.75;53
20250613 151300;21968;21975.5;21963.75;21972;59
20250613 151400;21974;21986.75;21972.75;21986.75;42
20250613 151500;21986.25;21987.5;21981;21984.25;27
20250613 151600;21984.5;21995.75;21980;21986;123
20250613 151700;21986;21990.25;21980.25;21986;82
20250613 151800;21986;21986.25;21974.25;21975.5;64
20250613 151900;21974.75;21980.75;21968;21979.5;61
20250613 152000;21980.25;21987.5;21979.25;21987.5;64
20250613 152100;21988.5;21995;21983.25;21986.25;63
20250613 152200;21987.25;21995.25;21984;21992.75;73
20250613 152300;21993;22026;21991.25;22025;346
20250613 152400;22024.25;22031.75;22009.25;22012.5;229
20250613 152500;22013.25;22016.25;22001.25;22002.5;71
20250613 152600;22001.75;22002.75;21994.25;22001;92
20250613 152700;22000.5;22003.5;21995.5;22003.5;41
20250613 152800;22003;22016.25;22001.25;22013.5;108
20250613 152900;22013.25;22017;22009;22009;117
20250613 153000;22010.25;22020.75;22008;22020.5;119
20250613 153100;22020;22026.25;22018;22018.5;216
20250613 153200;22018.25;22027.75;22016.25;22024.5;170
20250613 153300;22025.25;22033;22019.75;22019.75;220
20250613 153400;22020.25;22023.75;22020;22023;118
20250613 153500;22023;22023.5;22012.75;22020.75;108
20250613 153600;22021.5;22024;22006;22007.5;254
20250613 153700;22008.75;22017.75;22007.5;22015.75;252
20250613 153800;22017;22018;22008.75;22012.75;86
20250613 153900;22015.5;22021.75;22015.5;22018;49
20250613 154000;22017.75;22023.5;22013.75;22018.5;83
20250613 154100;22018.75;22020.5;22008;22014;147
20250613 154200;22013.5;22027.5;22013.5;22026.5;114
20250613 154300;22026.25;22035.75;22026.25;22034;118
20250613 154400;22034.25;22035.5;22032.25;22034.25;86
20250613 154500;22036;22038;22030.25;22030.75;111
20250613 154600;22031;22039.25;22027.75;22038.5;136
20250613 154700;22037.5;22043.25;22034.5;22042.25;122
20250613 154800;22042.25;22052;22037.75;22051;136
20250613 154900;22050.75;22051.25;22046.25;22048.75;110
20250613 155000;22047;22049;22042;22047;132
20250613 155100;22049;22053.5;22048.75;22052.75;58
20250613 155200;22053.25;22062.25;22049.25;22061.5;95
20250613 155300;22061.5;22062.5;22055.25;22058.25;106
20250613 155400;22059;22061.25;22055.25;22057.5;60
20250613 155500;22058.25;22064.25;22058.25;22062.75;70
20250613 155600;22059.75;22059.75;22044;22044.25;173
20250613 155700;22044.25;22046.75;22034;22040.5;330
20250613 155800;22040.5;22056.5;22039.75;22054.5;284
20250613 155900;22055.75;22056.75;22043.5;22050.75;373
20250613 160000;22052;22059;22052;22054.75;103
20250613 160100;22054.5;22057.75;22047.5;22047.5;132
20250613 160200;22047.25;22047.25;22038.25;22043.25;112
20250613 160300;22042.25;22055.5;22041.75;22050;135
20250613 160400;22049.75;22052.75;22048.25;22049;65
20250613 160500;22048.25;22051.5;22041.25;22041.25;44
20250613 160600;22041.75;22045.25;22037.75;22043;110
20250613 160700;22042.75;22052.5;22042.5;22052.25;56
20250613 160800;22053;22056;22048.5;22056;71
20250613 160900;22056.25;22060;22050;22054.5;65
20250613 161000;22056.25;22057.5;22052.5;22056;44
20250613 161100;22056.75;22060.5;22056.5;22057.25;46
20250613 161200;22058.75;22066.5;22058.5;22060.75;112
20250613 161300;22061.75;22066.75;22060.25;22062.5;102
20250613 161400;22065.25;22068.5;22064.75;22068.5;38
20250613 161500;22068.75;22074.5;22065.25;22065.75;87
20250613 161600;22066;22066;22054.75;22058;98
20250613 161700;22057.5;22072;22057.5;22070.75;62
20250613 161800;22073.25;22073.5;22067.75;22069.5;48
20250613 161900;22068.75;22074.75;22068.75;22071.25;44
20250613 162000;22071.5;22072.5;22064.75;22065;45
20250613 162100;22065.25;22065.5;22054;22054;56
20250613 162200;22052.25;22065;22049;22060.25;78
20250613 162300;22060.75;22065.75;22060.25;22062.25;56
20250613 162400;22062;22064.5;22060.25;22064.5;33
20250613 162500;22065.5;22069.75;22060.75;22061;56
20250613 162600;22063.5;22067.5;22060.75;22064.75;46
20250613 162700;22064.75;22064.75;22050.75;22053.5;114
20250613 162800;22053.25;22053.5;22047.25;22051.75;66
20250613 162900;22051;22051.5;22038.75;22042.5;133
20250613 163000;22043.5;22044.25;22035.5;22041.25;97
20250613 163100;22041;22046.5;22037.5;22045;129
20250613 163200;22046;22051.5;22043.25;22044.75;52
20250613 163300;22048.75;22051.25;22043.75;22050.5;42
20250613 163400;22049.5;22051.25;22048;22049;35
20250613 163500;22048.5;22054;22048.5;22050.5;38
20250613 163600;22050.5;22055.25;22050.5;22052.5;34
20250613 163700;22052.25;22052.25;22041;22041.5;56
20250613 163800;22042.25;22045;22036.75;22036.75;48
20250613 163900;22037;22039;22031.25;22036.25;53
20250613 164000;22037.5;22037.5;22028.25;22028.25;64
20250613 164100;22028.25;22032.5;22024;22030.75;69
20250613 164200;22031.5;22041.25;22031.25;22038.5;46
20250613 164300;22039.75;22041.75;22034.5;22035.25;53
20250613 164400;22035.75;22038.5;22030.25;22030.25;48
20250613 164500;22029.5;22032.75;22027.75;22031.5;40
20250613 164600;22031.25;22031.5;22025;22029;42
20250613 164700;22029;22031.75;22027.25;22029;13
20250613 164800;22024.25;22024.25;22019;22020.5;28
20250613 164900;22020.25;22025.75;22020.25;22024;22
20250613 165000;22023.5;22024.5;22020.75;22021.25;26
20250613 165100;22022.75;22028;22019.25;22027.5;25
20250613 165200;22025.75;22030.75;22025.5;22029.5;45
20250613 165300;22031.25;22044;22031.25;22044;54
20250613 165400;22041.25;22055.5;22037.25;22049.75;78
20250613 165500;22049.75;22050.75;22045.5;22048;63
20250613 165600;22046.5;22054.25;22045;22053.5;26
20250613 165700;22051;22062;22050.75;22061;41
20250613 165800;22062;22064.25;22060;22064.25;27
20250613 165900;22064;22064;22051;22051;89
20250613 170000;22050.25;22054.75;22048;22048;37
20250613 170100;22046;22050.75;22042.5;22049;57
20250613 170200;22047.25;22050;22044.25;22049.75;52
20250613 170300;22050.25;22051.5;22046;22049.25;35
20250613 170400;22048.75;22054.5;22046.75;22047.25;68
20250613 170500;22048.75;22053.25;22042.5;22042.5;43
20250613 170600;22043.25;22044.5;22038.25;22038.25;40
20250613 170700;22039.25;22041.75;22037.75;22037.75;40
20250613 170800;22037;22037;22025;22026.25;46
20250613 170900;22025.75;22031.5;22024.75;22031.5;34
20250613 171000;22030.25;22032;22025.25;22025.25;44
20250613 171100;22026.25;22026.25;22009.5;22015.25;158
20250613 171200;22014.25;22014.5;22004.75;22007.5;51
20250613 171300;22007.75;22012.75;21999;22012.75;68
20250613 171400;22013;22025;22012.5;22021.5;55
20250613 171500;22021.5;22021.5;22008.75;22008.75;53
20250613 171600;22008.5;22010;21994.75;21995.25;125
20250613 171700;21994.5;21997.25;21975.5;21977.5;216
20250613 171800;21977;21996.25;21974.25;21993.5;209
20250613 171900;21992.75;22003.5;21991.25;21995;82
20250613 172000;21996.25;21996.25;21988.25;21993;54
20250613 172100;21993.25;22012;21993.25;22012;117
20250613 172200;22013.5;22037.75;22012;22020.75;772
20250613 172300;22022.25;22022.75;22008.25;22008.25;66
20250613 172400;22007.25;22013;22002.25;22005.75;58
20250613 172500;22008.25;22020.25;22008.25;22017;64
20250613 172600;22018.25;22019.75;22013.25;22015;96
20250613 172700;22015.75;22015.75;22005;22009.75;54
20250613 172800;22008.5;22012;22003;22004.75;47
20250613 172900;22005;22005;21994.75;21996.25;74
20250613 173000;21996;21998.75;21989.75;21989.75;77
20250613 173100;21989.5;21997.5;21987.5;21995;75
20250613 173200;21995.25;22007.75;21995.25;22007.75;65
20250613 173300;22007.25;22007.25;22000;22000.5;58
20250613 173400;22001.5;22012.5;22001.25;22008;47
20250613 173500;22009;22009.75;21990.75;21990.75;149
20250613 173600;21990.25;21997;21986.25;21995.25;137
20250613 173700;21993;21997.5;21991.25;21995.5;34
20250613 173800;21995.5;21996;21984.25;21988.5;39
20250613 173900;21989.25;21994.25;21982.25;21983.75;55
20250613 174000;21982.5;21989;21981.75;21986.5;56
20250613 174100;21987.25;21993.5;21979;21991.25;41
20250613 174200;21991.25;21993.25;21987.25;21989.5;67
20250613 174300;21990.5;21999.25;21988;21988;82
20250613 174400;21987.25;21995.5;21979.25;21980.5;122
20250613 174500;21980.75;21989.25;21968.75;21988;179
20250613 174600;21989;21998.5;21985.5;21993.5;97
20250613 174700;21993.5;21998.25;21986;21991;76
20250613 174800;21990;21992.5;21983.75;21987.75;63
20250613 174900;21987;21987.75;21981.5;21981.5;61
20250613 175000;21980.5;21985.25;21977.75;21984.5;56
20250613 175100;21984;22001;21982.5;22000.75;81
20250613 175200;22002.25;22014;22000.75;22011.25;87
20250613 175300;22012.25;22017.5;22010.5;22013.5;69
20250613 175400;22013.25;22015.5;22010.5;22014;47
20250613 175500;22012.25;22012.25;22004;22010;29
20250613 175600;22010.75;22011;21998.75;22004.25;110
20250613 175700;22003.25;22008.75;22002.75;22004.25;34
20250613 175800;22004.5;22008.5;22001;22003.5;52
20250613 175900;22003.25;22009;21997;22008.5;26
20250613 180000;22007.5;22008.5;22003;22005.5;30
20250613 180100;22006.25;22021;21998;22020;258
20250613 180200;22019.5;22023;22014.25;22018.5;137
20250613 180300;22018.5;22019.75;22012;22013.25;55
20250613 180400;22015.75;22017;21985.75;21986.75;154
20250613 180500;21985;21986.5;21962;21977;365
20250613 180600;21978.75;21997.5;21976.25;21979.75;338
20250613 180700;21979.75;21981.25;21965.75;21966.5;187
20250613 180800;21968.75;21971.75;21958.25;21960;142
20250613 180900;21959.25;21970.5;21955.25;21957;150
20250613 181000;21958;21966.75;21954.25;21964.25;89
20250613 181100;21964;21967;21955.5;21958;118
20250613 181200;21956.75;21965;21952.5;21963.5;140
20250613 181300;21963.5;21973.5;21960.5;21969.5;171
20250613 181400;21969.75;21970.5;21963;21970;97
20250613 181500;21965.75;21967.25;21951.25;21952;135
20250613 181600;21951.75;21953;21917;21946.75;1036
20250613 181700;21940;21942.5;21927.75;21931;152
20250613 181800;21930;21941.25;21926.75;21930.75;129
20250613 181900;21931.25;21936.75;21921.75;21936.75;112
20250613 182000;21938.25;21951;21937;21948;87
20250613 182100;21948.5;21953;21940.5;21940.5;59
20250613 182200;21943;21943.75;21928.5;21932;84
20250613 182300;21931.25;21931.5;21923.25;21926;68
20250613 182400;21926.5;21942.25;21925.75;21938.75;80
20250613 182500;21938;21939.75;21933.25;21934;39
20250613 182600;21933.25;21939;21930;21934;23
20250613 182700;21934.5;21936.25;21913.25;21914.5;123
20250613 182800;21913.75;21916.5;21888;21896;240
20250613 182900;21894.25;21900.75;21889.25;21897;51
20250613 183000;21896.5;21899;21887.75;21892;49
20250613 183100;21891;21898;21882.25;21888;98
20250613 183200;21888.25;21890.5;21873.5;21879;148
20250613 183300;21880.5;21881;21850.75;21854.5;245
20250613 183400;21853;21867.25;21849.25;21850.25;150
20250613 183500;21849.25;21869;21844.5;21866.25;219
20250613 183600;21866.25;21873.75;21857.5;21861.25;138
20250613 183700;21860.25;21860.25;21838.75;21840.5;69
20250613 183800;21840;21855.75;21840;21844.25;125
20250613 183900;21842.5;21842.5;21824.5;21838.75;323
20250613 184000;21838.25;21842.25;21831.5;21835.5;87
20250613 184100;21836.5;21851;21819.5;21848.25;183
20250613 184200;21848;21858.5;21834.5;21834.5;120
20250613 184300;21834.5;21851.5;21831.75;21846.25;79
20250613 184400;21842;21847.25;21839.25;21841.25;42
20250613 184500;21840.5;21848.75;21835.25;21844.25;88
20250613 184600;21844.75;21870.75;21839.75;21866;186
20250613 184700;21865;21868.75;21860;21862.25;95
20250613 184800;21860.25;21872.25;21847.25;21850.5;111
20250613 184900;21850.25;21855.75;21840;21842.75;110
20250613 185000;21842.25;21843.5;21834.75;21840;69
20250613 185100;21838.5;21850.75;21836;21838.75;79
20250613 185200;21843.25;21861.75;21840;21854.5;34
20250613 185300;21853.25;21862.75;21852.5;21857.5;89
20250613 185400;21856.5;21867;21852;21867;52
20250613 185500;21864.75;21883.25;21861;21882.75;99
20250613 185600;21879.75;21893;21870;21874.25;79
20250613 185700;21874.75;21881.75;21868;21878.75;60
20250613 185800;21879.75;21879.75;21860;21860;50
20250613 185900;21859.75;21868.25;21859.75;21860.5;36
20250613 190000;21864.75;21885.25;21863.75;21883.75;21
20250613 190100;21883.5;21897;21874.5;21879.75;79
20250613 190200;21877.25;21880.5;21860;21860;92
20250613 190300;21860.25;21862;21848.75;21852.25;79
20250613 190400;21853.5;21880;21851.75;21873;111
20250613 190500;21873.25;21879.75;21867.25;21867.25;38
20250613 190600;21869;21873.75;21864;21873.75;49
20250613 190700;21868.75;21872.25;21865;21872.25;31
20250613 190800;21872.25;21888.25;21871.5;21886.5;75
20250613 190900;21886.75;21889.5;21882;21889.5;36
20250613 191000;21889.5;21901;21885.25;21896.75;84
20250613 191100;21896;21898.75;21887.5;21893.25;50
20250613 191200;21894;21894.25;21878.5;21882;34
20250613 191300;21881.5;21886.25;21875;21883.5;43
20250613 191400;21883;21897;21880.5;21890.25;64
20250613 191500;21892.5;21909.75;21889.25;21898;106
20250613 191600;21899.75;21907;21888.25;21898.25;155
20250613 191700;21897.25;21898.75;21891.25;21895.75;61
20250613 191800;21896.75;21899;21882;21886.5;74
20250613 191900;21886;21896.25;21883.75;21883.75;83
20250613 192000;21883;21884.5;21872.75;21879.25;104
20250613 192100;21878.5;21897.5;21878.25;21887.75;236
20250613 192200;21888.75;21898.25;21876.5;21876.5;143
20250613 192300;21876.5;21879;21860.75;21865.75;100
20250613 192400;21865.25;21865.25;21858.5;21858.75;89
20250613 192500;21860.5;21868.75;21852;21853.5;147
20250613 192600;21852.75;21857.75;21841.5;21847.25;221
20250613 192700;21845.5;21850.25;21843.25;21846;73
20250613 192800;21846.5;21847.5;21838;21842.75;105
20250613 192900;21843.75;21858;21843.75;21849.75;109
20250613 193000;21852.5;21856.25;21849.5;21850;81
20250613 193100;21849.5;21866.25;21848.75;21862.25;242
20250613 193200;21864.5;21870.25;21860.25;21864.25;77
20250613 193300;21866;21867.25;21851;21855;102
20250613 193400;21853.5;21854.25;21832;21832.5;133
20250613 193500;21834.25;21843.75;21830.75;21840;75
20250613 193600;21838.75;21856;21833.75;21850.25;114
20250613 193700;21852.25;21875.75;21848.25;21873;112
20250613 193800;21876.5;21890;21876.25;21886.75;74
20250613 193900;21888;21890.25;21881.25;21881.75;59
20250613 194000;21881.75;21882.5;21871.75;21878.25;77
20250613 194100;21877.75;21885.5;21868.25;21884.75;76
20250613 194200;21884.25;21889;21873.75;21875.75;73
20250613 194300;21876.5;21878.25;21856.75;21857;68
20250613 194400;21854.75;21857;21846.5;21848.5;109
20250613 194500;21848;21850.5;21843;21845.75;65
20250613 194600;21845;21846;21825.75;21828.75;97
20250613 194700;21828.5;21836.5;21817.75;21834.25;172
20250613 194800;21833.75;21847.5;21829;21837.5;417
20250613 194900;21836.75;21862.5;21834.5;21862.5;415
20250613 195000;21864.5;21875.5;21853.5;21853.5;179
20250613 195100;21853.75;21871;21852.75;21855.5;184
20250613 195200;21855;21863.5;21844.5;21852.75;150
20250613 195300;21850.75;21854.75;21835.5;21839.75;131
20250613 195400;21840.5;21844.5;21831.25;21832.75;84
20250613 195500;21833.5;21845.25;21831.25;21840;216
20250613 195600;21840;21851;21830.75;21835;284
20250613 195700;21834.25;21851.25;21833.25;21840.75;158
20250613 195800;21839.75;21849.25;21835;21837.25;167
20250613 195900;21841;21849;21835.75;21845.75;283
20250613 200000;21844.75;21871.25;21840;21867.75;2000
20250613 200100;21868.5;21883.75;21867.75;21882;619
20250613 200200;21881.5;21884.25;21876;21879.25;251
20250613 200300;21880;21890;21877;21886.25;197
20250613 200400;21886.25;21887;21873;21873.5;105
20250613 200500;21874;21877;21868;21872.5;82
20250613 200600;21872;21879.5;21871.5;21874.75;157
20250613 200700;21875.75;21876.5;21864.75;21864.75;55
20250613 200800;21865.5;21867.5;21858.75;21866.5;251
20250613 200900;21867;21872.25;21865.75;21867;202
20250613 201000;21867;21876.75;21867;21876.5;35
20250613 201100;21877.5;21882;21876.25;21881.75;88
20250613 201200;21882.5;21892.5;21882.25;21886;92
20250613 201300;21885.5;21885.5;21878.75;21878.75;32
20250613 201400;21877;21882.75;21875.75;21881.25;38
20250613 201500;21882;21895;21881.25;21894.5;150
20250613 201600;21895.25;21895.25;21881.5;21882;42
20250613 201700;21881;21881;21878.75;21879.25;30
20250613 201800;21880;21884;21880;21883;26
20250613 201900;21883.75;21885.25;21882.75;21885.25;19
20250613 202000;21889;21889.25;21885.75;21885.75;11
20250613 202100;21886;21886.5;21881;21881.75;17
20250613 202200;21881;21881.75;21878.75;21878.75;4
20250613 202300;21877.25;21877.25;21871.5;21871.5;8
20250613 202400;21873;21875.5;21873;21874.25;6
20250613 202500;21873.75;21877.25;21873.25;21875;9
20250613 202600;21872;21872.5;21869.75;21871;7
20250613 202700;21872;21875.75;21870.25;21875.25;7
20250613 202800;21875.25;21875.5;21870.25;21871;20
20250613 202900;21870.75;21871.25;21865.5;21866.75;26
20250613 203000;21866;21869.75;21865.75;21869.75;14
20250613 203100;21871;21871.5;21869.75;21870.75;9
20250613 203200;21869.75;21874.5;21869.75;21874.5;8
20250613 203300;21875.5;21877.25;21875.5;21877.25;8
20250613 203400;21875.25;21878.5;21875.25;21878.5;12
20250613 203500;21876;21876;21874;21875.75;4
20250613 203600;21875;21878.75;21873.25;21878.75;10
20250613 203700;21879.75;21885.25;21879.75;21884.25;12
20250613 203800;21884.25;21890;21884.25;21888.75;22
20250613 203900;21887.75;21892.25;21886.25;21888;36
20250613 204000;21887.25;21889;21882;21883.25;38
20250613 204100;21882.5;21882.5;21875;21880.25;38
20250613 204200;21878;21878;21873;21875.75;20
20250613 204300;21879.25;21880.75;21876.5;21876.5;10
20250613 204400;21875;21876.75;21875;21876.75;6
20250613 204500;21877.25;21880.25;21876.5;21877;13
20250613 204600;21876.5;21879;21873.25;21875.25;31
20250613 204700;21874.25;21874.25;21873;21873;8
20250613 204800;21874.25;21874.5;21872.25;21872.25;11
20250613 204900;21872;21873.5;21870;21870;15
20250613 205000;21870.25;21871.5;21868.75;21869;27
20250613 205100;21868.5;21871.75;21868.25;21871.75;10
20250613 205200;21871.5;21871.5;21867.25;21867.25;13
20250613 205300;21867.25;21867.75;21866.25;21867.25;19
20250613 205400;21866.25;21866.25;21863.25;21864;22
20250613 205500;21864;21864.5;21863.5;21864.25;9
20250613 205600;21864;21864.25;21860.75;21863.5;25
20250613 205700;21862.5;21866.75;21862.5;21865.75;32
20250613 205800;21865.5;21869.5;21865;21868.75;59
20250613 205900;21867.75;21867.75;21863.5;21866.75;116
20250613 210000;21867;21869.5;21863.75;21866.5;43
20250615 155800;21866.5;21866.5;21866.5;21866.5;1
20250615 220100;21772.5;21801.25;21726;21774;398
20250615 220200;21774;21774.5;21753;21769.75;226
20250615 220300;21767.5;21776.25;21766.5;21775.25;67
20250615 220400;21776.5;21837.5;21775.5;21824;408
20250615 220500;21818.5;21848.75;21811;21811;224
20250615 220600;21812.75;21818.5;21795.25;21811.75;226
20250615 220700;21813.25;21835.5;21810.75;21820.75;124
20250615 220800;21821;21824.25;21800;21804;122
20250615 220900;21804.75;21812.75;21789.25;21795.5;144
20250615 221000;21796.5;21796.5;21783.25;21783.25;59
20250615 221100;21785;21785;21765.75;21773.75;178
20250615 221200;21772;21803.5;21772;21796;107
20250615 221300;21798;21806.5;21797.75;21802.5;65
20250615 221400;21805.25;21820;21804.5;21811.5;93
20250615 221500;21814.25;21824.5;21811;21820;69
20250615 221600;21822.5;21836.5;21816.25;21822;76
20250615 221700;21824;21828.5;21815.75;21818.5;143
20250615 221800;21820.75;21822.25;21811;21813.75;53
20250615 221900;21815.5;21821.75;21809.25;21821.75;40
20250615 222000;21823;21828.75;21822.25;21825.25;42
20250615 222100;21826.5;21836.25;21822;21826;94
20250615 222200;21826.25;21830;21812.75;21824.75;62
20250615 222300;21824;21830;21823.25;21828.75;41
20250615 222400;21830.5;21845;21830;21844.75;114
20250615 222500;21845;21856.75;21837.75;21843.75;198
20250615 222600;21842.75;21844.25;21837.75;21839.5;39
20250615 222700;21839.5;21852.75;21837.75;21852.75;52
20250615 222800;21851.75;21861;21845.25;21846.25;88
20250615 222900;21844;21851.25;21844;21851.25;29
20250615 223000;21852.5;21853.25;21845;21845;21
20250615 223100;21850.25;21854;21849;21849.25;23
20250615 223200;21849.5;21863;21845.5;21859;94
20250615 223300;21859.25;21859.75;21850.25;21853.25;41
20250615 223400;21851.25;21860.75;21851.25;21860.75;21
20250615 223500;21862;21866.25;21855.25;21866.25;33
20250615 223600;21865;21865;21850.5;21857.5;76
20250615 223700;21855;21857;21854;21855.25;18
20250615 223800;21855.75;21866;21853.5;21862.5;44
20250615 223900;21861.25;21862.25;21856.5;21856.5;21
20250615 224000;21857.75;21857.75;21844.75;21845.75;46
20250615 224100;21848.75;21855.25;21845.75;21852;68
20250615 224200;21851.75;21855.5;21847;21847;19
20250615 224300;21846.75;21847;21839.75;21846.25;47
20250615 224400;21844.75;21853.5;21838.75;21850.75;62
20250615 224500;21852;21903.75;21852;21889.25;353
20250615 224600;21888.5;21888.5;21875.5;21881.25;87
20250615 224700;21878.5;21887.75;21875.75;21886.75;75
20250615 224800;21889;21890;21883.25;21888;47
20250615 224900;21888;21889.25;21885.5;21888.5;25
20250615 225000;21888.25;21889.75;21885.5;21887.75;14
20250615 225100;21883.75;21883.75;21876;21876.25;43
20250615 225200;21875.5;21879.75;21873.75;21878;21
20250615 225300;21878;21878.25;21870;21870;56
20250615 225400;21869.75;21871.25;21861;21868.25;40
20250615 225500;21868.25;21870;21865.5;21865.75;42
20250615 225600;21865.25;21871;21865;21869.25;22
20250615 225700;21869.75;21872.25;21863;21863.75;32
20250615 225800;21863.5;21865.25;21860;21862.5;37
20250615 225900;21862.5;21862.75;21859.25;21862.75;11
20250615 230000;21863.5;21865.75;21862.5;21864;10
20250615 230100;21865.5;21868.5;21862;21862;32
20250615 230200;21861.5;21861.5;21859;21859.25;19
20250615 230300;21859;21862.25;21855.75;21862.25;27
20250615 230400;21863;21863.25;21857;21857;33
20250615 230500;21857.5;21857.75;21846.5;21847;57
20250615 230600;21846;21875.75;21846;21873.5;113
20250615 230700;21872;21888.5;21872;21882;113
20250615 230800;21880.25;21885;21877.25;21883;21
20250615 230900;21885;21885;21880.75;21880.75;10
20250615 231000;21878.5;21887;21877.5;21880.5;30
20250615 231100;21880;21881.25;21870.75;21872.5;30
20250615 231200;21871;21871;21847.5;21850.25;195
20250615 231300;21849.25;21850.25;21832;21833.5;156
20250615 231400;21833;21844;21829.75;21843.25;95
20250615 231500;21841.75;21843.5;21840;21841.75;24
20250615 231600;21844;21851.5;21844;21848.5;23
20250615 231700;21846.5;21849;21836.75;21836.75;35
20250615 231800;21838.5;21838.5;21828.25;21835;56
20250615 231900;21834.25;21853;21834.25;21850.75;40
20250615 232000;21853.25;21878;21853.25;21871.5;146
20250615 232100;21871.5;21875;21859.25;21865.25;43
20250615 232200;21866.5;21869.25;21862.75;21862.75;13
20250615 232300;21862.75;21862.75;21843;21844.5;94
20250615 232400;21842.5;21842.5;21834;21834.5;66
20250615 232500;21834.25;21842.5;21834.25;21842.5;9
20250615 232600;21842.25;21855;21842.25;21852.25;67
20250615 232700;21852;21854.25;21844.25;21848;29
20250615 232800;21847;21854;21847;21853.25;13
20250615 232900;21852.25;21852.75;21847;21847.25;13
20250615 233000;21850.5;21850.5;21845;21848;9
20250615 233100;21847.25;21848;21840.25;21841;30
20250615 233200;21842.5;21854;21842.5;21854;28
20250615 233300;21854.75;21865;21854.75;21862.75;53
20250615 233400;21863;21864.25;21858;21862.5;24
20250615 233500;21861.75;21871.75;21860.75;21871;26
20250615 233600;21868.75;21875.25;21868;21872;31
20250615 233700;21870.5;21900;21870.25;21888.75;198
20250615 233800;21889;21894.5;21889;21890.5;48
20250615 233900;21889.25;21890.25;21880;21885.25;58
20250615 234000;21884.5;21889.25;21879;21881;25
20250615 234100;21880.5;21892.75;21877.25;21890.75;49
20250615 234200;21890.25;21898;21887.75;21891;43
20250615 234300;21890;21916.25;21890;21907;270
20250615 234400;21905.75;21914.5;21905.75;21907;66
20250615 234500;21906;21909.75;21899.75;21902.25;86
20250615 234600;21902.5;21902.5;21893;21896;61
20250615 234700;21894.5;21906.75;21894.5;21900;25
20250615 234800;21899.5;21900.5;21896.25;21898.25;24
20250615 234900;21901.25;21903;21899.75;21899.75;27
20250615 235000;21901.25;21903.25;21901.25;21901.5;4
20250615 235100;21900;21904.75;21900;21900;22
20250615 235200;21900.25;21906.25;21900;21906.25;16
20250615 235300;21905;21911;21904;21908.25;20
20250615 235400;21909;21909;21904.5;21908.25;18
20250615 235500;21909;21913.5;21905;21905.75;30
20250615 235600;21904;21910.5;21904;21907.5;18
20250615 235700;21910.5;21910.5;21906;21906;20
20250615 235800;21909.25;21909.25;21901.75;21903;16
20250615 235900;21901.5;21904.75;21899;21901.5;27
20250616 000000;21902.5;21905.75;21902.5;21905.75;7
20250616 000100;21903.25;21910.5;21900.5;21902.25;54
20250616 000200;21904.75;21908.5;21900;21907.5;21
20250616 000300;21909.25;21914.25;21907;21910.5;38
20250616 000400;21913;21918.25;21913;21913.25;41
20250616 000500;21911.75;21914;21910;21914;24
20250616 000600;21914;21915.25;21908.5;21912;18
20250616 000700;21909;21910;21899.5;21903.25;30
20250616 000800;21905.5;21913.25;21904.75;21911.5;22
20250616 000900;21911;21918;21909.75;21917.75;27
20250616 001000;21918.25;21919;21913.25;21919;22
20250616 001100;21917;21921.5;21916;21919.25;44
20250616 001200;21919.5;21920.75;21909.5;21911.5;108
20250616 001300;21910;21916.25;21906.25;21916.25;44
20250616 001400;21914.5;21919.75;21912.5;21919.75;28
20250616 001500;21919.5;21919.5;21913.75;21917.5;30
20250616 001600;21918.25;21919;21913;21915;92
20250616 001700;21913;21917.5;21911.5;21911.75;46
20250616 001800;21911;21913.75;21907;21911.25;20
20250616 001900;21911.25;21911.5;21890.25;21892.5;171
20250616 002000;21891.25;21891.25;21882;21884.5;157
20250616 002100;21885;21891.5;21883;21883.5;66
20250616 002200;21884.25;21895.5;21884.25;21895.5;69
20250616 002300;21893.25;21894.25;21891.25;21893.5;40
20250616 002400;21893.25;21915.25;21893.25;21913.25;127
20250616 002500;21913.75;21913.75;21906.75;21906.75;71
20250616 002600;21906.75;21910.5;21906;21910.5;38
20250616 002700;21908.75;21918;21908.75;21917.75;100
20250616 002800;21918.25;21918.25;21907.5;21914.5;118
20250616 002900;21913.75;21913.75;21907.25;21908;66
20250616 003000;21906.25;21908;21894.75;21895.75;68
20250616 003100;21894.25;21894.25;21884.75;21885.25;69
20250616 003200;21885.75;21890;21883.75;21885.5;53
20250616 003300;21887;21889;21877;21883.75;104
20250616 003400;21883.75;21908.5;21883.5;21901.5;196
20250616 003500;21901.75;21913.75;21901.25;21911.5;79
20250616 003600;21911.75;21913;21897;21897;59
20250616 003700;21897.5;21902.5;21897.5;21900;35
20250616 003800;21900.5;21904.5;21899.5;21902.25;29
20250616 003900;21901.25;21902;21897.5;21899.75;33
20250616 004000;21899;21901;21896.75;21898.5;31
20250616 004100;21898.25;21907;21898.25;21907;40
20250616 004200;21906;21913;21906;21910.5;73
20250616 004300;21911.5;21916.5;21911;21912;66
20250616 004400;21912.5;21913.5;21908.25;21911.75;33
20250616 004500;21912;21915.25;21912;21914.5;44
20250616 004600;21914.5;21914.5;21912.25;21912.75;19
20250616 004700;21911.5;21914;21911.25;21912;10
20250616 004800;21912.75;21912.75;21907.5;21908.75;18
20250616 004900;21908;21908.25;21905.25;21906;29
20250616 005000;21906.25;21906.25;21902;21902.75;26
20250616 005100;21901.25;21905;21899.75;21904.75;51
20250616 005200;21905;21913.5;21901.25;21901.25;81
20250616 005300;21901.75;21902.75;21897.75;21899.25;39
20250616 005400;21900;21905.5;21899.25;21902.25;17
20250616 005500;21901;21901;21898.75;21899.5;16
20250616 005600;21899;21905.25;21897.5;21903.25;46
20250616 005700;21903.5;21913.25;21903.5;21909.75;93
20250616 005800;21910;21911.25;21906.75;21911.25;33
20250616 005900;21911.75;21912;21905.25;21909.5;27
20250616 010000;21909;21910;21907.75;21910;19
20250616 010100;21912.25;21916;21908.5;21914.25;90
20250616 010200;21914;21916.5;21913.25;21913.25;25
20250616 010300;21913.5;21915.25;21910.75;21913.25;42
20250616 010400;21914;21915.25;21910.5;21912.5;48
20250616 010500;21913.75;21915.5;21912;21913.75;38
20250616 010600;21912.5;21917.5;21912;21915;41
20250616 010700;21915;21915;21909.25;21910.5;25
20250616 010800;21908.5;21911.25;21902.75;21906.75;88
20250616 010900;21906.5;21906.5;21896;21901.75;90
20250616 011000;21902;21908.75;21902;21907.75;22
20250616 011100;21909.5;21912.25;21908.25;21911.5;25
20250616 011200;21910.5;21914.75;21910.25;21913.5;22
20250616 011300;21914.25;21915.75;21909.25;21909.25;31
20250616 011400;21909.75;21909.75;21909.25;21909.25;2
20250616 011500;21909.25;21909.25;21899.75;21899.75;38
20250616 011600;21900;21904.5;21898.25;21904.25;33
20250616 011700;21904;21905;21902;21902.25;25
20250616 011800;21902;21904.25;21901.75;21904;8
20250616 011900;21903.25;21903.25;21895;21896.25;77
20250616 012000;21896.5;21899;21895.75;21896.5;50
20250616 012100;21898.5;21898.5;21889.25;21890.25;55
20250616 012200;21889;21894;21882.75;21894;91
20250616 012300;21894;21904;21894;21902.25;61
20250616 012400;21902.75;21902.75;21900;21902.5;15
20250616 012500;21901;21901;21896.25;21897;25
20250616 012600;21897.75;21897.75;21891.75;21894.5;38
20250616 012700;21895.75;21896.25;21890;21893.5;23
20250616 012800;21892.75;21893.75;21890;21890.75;22
20250616 012900;21891.25;21894.75;21890.25;21894.75;15
20250616 013000;21895;21896.25;21891.75;21891.75;24
20250616 013100;21892.25;21894.25;21890.5;21894.25;23
20250616 013200;21895.5;21900;21894.5;21898.75;37
20250616 013300;21900.5;21908.5;21899.5;21905.75;65
20250616 013400;21906.75;21912.25;21906.75;21910.75;46
20250616 013500;21910;21910;21906;21907.5;29
20250616 013600;21908.25;21908.5;21905;21905;19
20250616 013700;21906.5;21906.5;21903.75;21903.75;10
20250616 013800;21903.5;21907.25;21903.5;21906.5;18
20250616 013900;21905.5;21906;21903.75;21906;18
20250616 014000;21906;21906.5;21901.75;21901.75;21
20250616 014100;21900.75;21904.75;21900.5;21904.25;24
20250616 014200;21903.5;21904.25;21901.75;21902.25;15
20250616 014300;21902.25;21902.25;21901;21902.25;15
20250616 014400;21902.75;21902.75;21900.25;21902.25;13
20250616 014500;21904.5;21905;21902.5;21902.5;16
20250616 014600;21902.25;21904.25;21902.25;21903.75;8
20250616 014700;21901.75;21904;21901.25;21903.75;25
20250616 014800;21903.75;21905.5;21901.5;21902;12
20250616 014900;21902.5;21902.75;21900.25;21902.75;10
20250616 015000;21902.5;21902.5;21901.75;21902.25;6
20250616 015100;21903;21903.75;21901.25;21902.5;24
20250616 015200;21901.75;21902.5;21899.25;21902.5;13
20250616 015300;21901.75;21904;21901.75;21903.5;11
20250616 015400;21905;21905;21899.25;21900.75;34
20250616 015500;21901.25;21901.25;21897.25;21899;14
20250616 015600;21898.75;21912.75;21898.75;21911.25;42
20250616 015700;21911.5;21912.25;21909.75;21910;25
20250616 015800;21908.5;21908.75;21903.25;21903.25;23
20250616 015900;21904;21909.5;21903.25;21907.75;26
20250616 020000;21907.25;21907.5;21903.25;21905;25
20250616 020100;21904.25;21906.75;21900.75;21906.75;61
20250616 020200;21904.75;21906.75;21903.25;21903.25;26
20250616 020300;21906.5;21909;21906.25;21908.25;12
20250616 020400;21908;21910.75;21905.75;21905.75;28
20250616 020500;21904.75;21905.5;21902.25;21902.25;13
20250616 020600;21903.75;21908.25;21903.75;21907.25;16
20250616 020700;21906.75;21906.75;21898.25;21901.5;28
20250616 020800;21900.5;21904.75;21899.75;21902.25;14
20250616 020900;21904.75;21907;21903.25;21907;18
20250616 021000;21907.5;21914;21907.5;21912.25;56
20250616 021100;21911.75;21912.25;21908.25;21908.25;22
20250616 021200;21908.75;21908.75;21906.25;21907.5;11
20250616 021300;21905.25;21910;21903.25;21909.75;15
20250616 021400;21909.75;21912;21908.5;21911.25;14
20250616 021500;21910.25;21916.25;21910.25;21915.75;40
20250616 021600;21916.25;21930;21915;21924.75;259
20250616 021700;21925;21929.5;21923.75;21928.5;54
20250616 021800;21927.25;21931.75;21927.25;21931.75;36
20250616 021900;21931;21938;21928;21930.5;153
20250616 022000;21930;21934.5;21930;21931.25;39
20250616 022100;21930;21930.25;21926;21926;53
20250616 022200;21926.75;21927.75;21921;21921;39
20250616 022300;21922.5;21928.5;21922.5;21926.75;43
20250616 022400;21926.25;21927.25;21923;21923;26
20250616 022500;21922;21922.25;21921;21921.25;21
20250616 022600;21921;21922.75;21919.5;21922.75;31
20250616 022700;21922;21924;21921.25;21924;10
20250616 022800;21923;21923;21916.5;21917;27
20250616 022900;21917;21920.25;21916.75;21919.25;23
20250616 023000;21919.25;21919.25;21917.75;21917.75;5
20250616 023100;21918.25;21920;21915;21919.25;59
20250616 023200;21918.25;21921.25;21917.75;21920.75;16
20250616 023300;21919.75;21920.5;21919;21919;7
20250616 023400;21920;21921;21919.75;21920.5;8
20250616 023500;21919.5;21920.25;21919.25;21920;6
20250616 023600;21919.75;21925;21919.75;21924.25;26
20250616 023700;21924.25;21925;21922.25;21923.5;28
20250616 023800;21924.5;21928.75;21921;21925.75;83
20250616 023900;21924.5;21925;21920.75;21925;21
20250616 024000;21925.75;21925.75;21925.75;21925.75;1
20250616 024100;21926.25;21926.25;21924.25;21925;8
20250616 024200;21925.5;21927;21924.75;21925;27
20250616 024300;21925.25;21926.25;21924;21924;15
20250616 024400;21924.5;21926.75;21924.25;21926.75;13
20250616 024500;21926.25;21928;21925.5;21927.75;14
20250616 024600;21927.25;21929.5;21927.25;21929.25;23
20250616 024700;21927.5;21927.75;21926;21927.75;12
20250616 024800;21926;21926;21924.75;21925;22
20250616 024900;21925.5;21927.75;21925.5;21926.5;12
20250616 025000;21925.75;21925.75;21924.5;21924.5;11
20250616 025100;21925.25;21928;21925.25;21927;7
20250616 025200;21927.75;21929;21927.75;21929;5
20250616 025300;21926.25;21927;21920.75;21923.25;19
20250616 025400;21921.25;21922;21918.75;21922;13
20250616 025500;21920.25;21920.75;21920.25;21920.75;2
20250616 025600;21920.5;21921;21919.5;21920.5;8
20250616 025700;21921.5;21924.25;21921.5;21924.25;9
20250616 025800;21924.25;21925;21923.25;21923.5;7
20250616 025900;21924;21924;21922;21922;8
20250616 030000;21923;21923;21921.75;21921.75;4
20250616 030100;21921.75;21921.75;21919;21919;13
20250616 030200;21919.75;21919.75;21918;21918;8
20250616 030300;21921;21927;21921;21921.5;22
20250616 030400;21923.25;21923.25;21923.25;21923.25;1
20250616 030500;21923.75;21924.75;21922.25;21922.25;22
20250616 030600;21920.5;21920.75;21918;21919.25;17
20250616 030700;21918;21920.25;21916.75;21919.75;23
20250616 030800;21918.75;21922;21918.75;21921.75;19
20250616 030900;21922.25;21922.25;21920.75;21920.75;3
20250616 031000;21920.25;21920.25;21920.25;21920.25;1
20250616 031100;21920.5;21923.25;21920.5;21922;10
20250616 031200;21921.75;21922;21920.75;21920.75;4
20250616 031300;21921.25;21921.75;21921.25;21921.75;2
20250616 031400;21921.25;21923;21921.25;21923;9
20250616 031500;21922.75;21922.75;21922;21922;3
20250616 031600;21921.5;21923;21921.25;21922.25;11
20250616 031700;21922.5;21923.5;21921.25;21921.25;22
20250616 031800;21921.75;21921.75;21919.25;21919.25;8
20250616 031900;21918;21918.75;21917;21918.5;5
20250616 032000;21917.5;21919;21917.5;21917.5;9
20250616 032100;21919;21919.5;21918.25;21919;8
20250616 032200;21920.5;21920.75;21919;21919;7
20250616 032300;21919.5;21920.25;21919.25;21919.25;13
20250616 032400;21920;21921.5;21919.75;21920.75;28
20250616 032500;21921.25;21921.75;21919.75;21920;17
20250616 032600;21920.25;21920.25;21920;21920;2
20250616 032700;21921.25;21921.5;21921.25;21921.5;2
20250616 032800;21922;21925.25;21922;21923.5;44
20250616 032900;21923;21923.25;21912.75;21914.5;67
20250616 033000;21914;21914.75;21909.75;21910.5;48
20250616 033100;21911.25;21913;21908.5;21910.75;106
20250616 033200;21910.5;21910.5;21906.5;21907.75;43
20250616 033300;21907.5;21908.75;21903.75;21906.25;73
20250616 033400;21906.75;21908.5;21901.25;21902.25;56
20250616 033500;21902.75;21906.25;21902.75;21906.25;16
20250616 033600;21907.5;21907.5;21903.5;21904.25;19
20250616 033700;21903.5;21903.5;21900.75;21900.75;14
20250616 033800;21902.25;21905.25;21902.25;21905;10
20250616 033900;21905.75;21906.25;21904;21905.25;16
20250616 034000;21905.25;21905.75;21893.75;21898;93
20250616 034100;21896.75;21899;21896.75;21899;23
20250616 034200;21898.25;21900;21896.5;21899.25;34
20250616 034300;21899.25;21902.75;21899.25;21902.5;25
20250616 034400;21903.5;21904;21898;21899;33
20250616 034500;21899;21900.25;21899;21899.5;9
20250616 034600;21899.75;21901.75;21899.75;21900.5;16
20250616 034700;21900;21902.75;21899.75;21902.75;24
20250616 034800;21902;21903.75;21897;21897.5;41
20250616 034900;21897.5;21900.5;21896.75;21900.5;50
20250616 035000;21900;21901.75;21900;21901.75;6
20250616 035100;21901.75;21902.5;21901.75;21902;9
20250616 035200;21902.25;21903;21902;21902;7
20250616 035300;21902.5;21908.75;21902.5;21908.75;33
20250616 035400;21908.5;21908.5;21904.25;21905;12
20250616 035500;21905.25;21906.75;21905.25;21906.75;7
20250616 035600;21904.5;21908;21904.25;21906.5;18
20250616 035700;21906.5;21906.5;21906.5;21906.5;1
20250616 035800;21905.75;21907;21905.75;21907;3
20250616 035900;21908;21909;21908;21909;3
20250616 040000;21909.75;21909.75;21908.25;21908.75;11
20250616 040100;21908;21908.25;21906.75;21907.5;17
20250616 040200;21907;21908.75;21906.25;21908.75;11
20250616 040300;21908.25;21910;21908.25;21909.75;13
20250616 040400;21909.5;21911.25;21909.5;21910.5;13
20250616 040500;21909.5;21913;21909.5;21911.25;20
20250616 040600;21912;21913.75;21912;21913.5;17
20250616 040700;21911.25;21913.75;21911;21913.5;13
20250616 040800;21912.75;21912.75;21912.75;21912.75;1
20250616 040900;21913.75;21913.75;21913.75;21913.75;1
20250616 041000;21914;21914.25;21911.25;21911.75;12
20250616 041100;21913.25;21917;21912.5;21915.25;41
20250616 041200;21914.25;21919.75;21913.75;21919.75;30
20250616 041300;21919.5;21920.75;21916.75;21917;17
20250616 041400;21917;21917;21915.25;21915.25;9
20250616 041500;21915.75;21916;21915;21915.25;20
20250616 041600;21915;21915;21909.5;21909.5;35
20250616 041700;21910;21911.25;21909.25;21909.75;10
20250616 041800;21909.75;21912;21909.5;21910.25;27
20250616 041900;21909.75;21910.75;21907;21907;21
20250616 042000;21907;21912.25;21906;21911.25;22
20250616 042100;21913;21916.5;21911.75;21916.5;13
20250616 042200;21914.75;21915.5;21914.25;21914.25;5
20250616 042300;21915.25;21916;21915.25;21916;7
20250616 042400;21916.5;21916.75;21905.25;21905.25;40
20250616 042500;21905.25;21905.25;21901.25;21904.25;38
20250616 042600;21902.75;21907.75;21902;21905.75;43
20250616 042700;21906.5;21906.5;21905;21905;3
20250616 042800;21905.5;21908;21905.5;21906.5;8
20250616 042900;21908.25;21908.25;21906.5;21906.5;5
20250616 043000;21907.5;21907.5;21905;21905;7
20250616 043100;21905.25;21905.25;21898.75;21899.5;59
20250616 043200;21900.25;21907;21900.25;21905.25;30
20250616 043300;21905.75;21906;21902;21902;8
20250616 043400;21902.5;21903.5;21902;21902;14
20250616 043500;21903;21903;21888.5;21889.25;176
20250616 043600;21889.25;21894.25;21888.25;21892.75;39
20250616 043700;21892;21893.5;21892;21893.25;6
20250616 043800;21893.75;21894.25;21893.5;21894;7
20250616 043900;21897;21899.25;21895.5;21898.25;22
20250616 044000;21898.5;21898.75;21897.75;21898.25;7
20250616 044100;21898;21898.75;21898;21898.75;5
20250616 044200;21898.25;21900;21898.25;21899.5;19
20250616 044300;21898.5;21900.5;21898.5;21900.25;29
20250616 044400;21898.75;21899.5;21890.75;21893.5;69
20250616 044500;21893;21893;21890;21890.5;30
20250616 044600;21889.75;21896.25;21889.75;21895.75;21
20250616 044700;21894.25;21894.5;21892.25;21892.5;9
20250616 044800;21891;21891;21890;21890.25;7
20250616 044900;21891.25;21893.75;21891.25;21893.75;15
20250616 045000;21892.75;21894;21891.25;21893.75;24
20250616 045100;21893.75;21894;21893.75;21894;2
20250616 045300;21893;21895;21893;21895;15
20250616 045400;21895;21896.25;21893.75;21894.75;39
20250616 045500;21894.25;21897.25;21893;21895;39
20250616 045600;21894.25;21896.75;21893.75;21895.75;16
20250616 045700;21896.5;21900;21896.5;21900;27
20250616 045800;21901;21901;21897.75;21897.75;16
20250616 045900;21898.5;21899.25;21898.5;21899.25;2
20250616 050000;21900;21900.25;21897.75;21899.5;21
20250616 050100;21899.5;21901;21899;21900.25;16
20250616 050200;21900;21900.5;21900;21900.5;3
20250616 050300;21901;21904.5;21901;21903.25;15
20250616 050400;21904.25;21910;21904;21907.5;75
20250616 050500;21906.75;21907.25;21905;21906.5;26
20250616 050600;21905.75;21906.75;21905;21905;8
20250616 050700;21904.25;21904.25;21899.25;21904;34
20250616 050800;21905;21908.75;21905;21906.75;39
20250616 050900;21908.75;21911;21908.75;21910.5;16
20250616 051000;21909.5;21913.25;21908.5;21913;21
20250616 051100;21911.75;21911.75;21909.75;21910.75;11
20250616 051200;21910.5;21910.5;21909.25;21910;6
20250616 051300;21911.5;21912;21909.75;21909.75;6
20250616 051400;21910.5;21912.75;21909.75;21912.75;8
20250616 051500;21913.25;21914.5;21912.25;21912.25;14
20250616 051600;21912.75;21918.75;21912.75;21916.25;26
20250616 051700;21916.75;21919.25;21912;21917.25;23
20250616 051800;21917.5;21924.5;21917.5;21924.5;55
20250616 051900;21924.5;21926;21922;21925.5;47
20250616 052000;21925.25;21925.75;21921;21921;15
20250616 052100;21925.5;21928.25;21925;21925.25;28
20250616 052200;21925;21928.25;21924.25;21927.75;15
20250616 052300;21928.5;21928.5;21926;21926;19
20250616 052400;21926.25;21932.5;21925;21931.75;54
20250616 052500;21931.5;21937;21929.75;21934.5;91
20250616 052600;21935.75;21940;21934.25;21938.5;127
20250616 052700;21939.25;21942.75;21935.25;21939.75;116
20250616 052800;21940.25;21941;21936.5;21939.5;46
20250616 052900;21939.5;21944.75;21938.25;21942.75;82
20250616 053000;21943.25;21943.25;21941;21941.5;40
20250616 053100;21942.25;21949.25;21942.25;21949;109
20250616 053200;21948.25;21954;21945.75;21947.75;72
20250616 053300;21949;21949;21936.25;21941;91
20250616 053400;21941.25;21941.5;21938.75;21940;67
20250616 053500;21940;21943.25;21937.5;21942.75;63
20250616 053600;21944;21958.5;21944;21954.75;63
20250616 053700;21953.5;21955;21950;21951;32
20250616 053800;21950.75;21954.25;21949.75;21953.75;18
20250616 053900;21952.75;21952.75;21949;21952.5;26
20250616 054000;21953.5;21953.5;21950;21950;13
20250616 054100;21950;21953.25;21949;21953.25;24
20250616 054200;21953.5;21955.25;21952.5;21952.5;13
20250616 054300;21951;21953;21948;21948.25;47
20250616 054400;21949.5;21949.5;21938.75;21941.75;52
20250616 054500;21941;21947;21940.5;21946;17
20250616 054600;21945.5;21945.5;21938;21938;24
20250616 054700;21938;21938;21928.75;21930.25;64
20250616 054800;21929;21935.75;21928.25;21935.25;33
20250616 054900;21936.25;21939.75;21934.75;21938.5;35
20250616 055100;21938;21938.75;21935.5;21935.5;9
20250616 055200;21935.75;21935.75;21933;21934.75;21
20250616 055300;21932.25;21933.25;21931.75;21933;6
20250616 055400;21933.75;21938.5;21933.75;21938.5;12
20250616 055500;21938.25;21939.25;21938;21938;10
20250616 055600;21939.5;21939.5;21938.25;21939.5;3
20250616 055700;21939.25;21942.75;21939.25;21941.25;15
20250616 055800;21941.25;21941.5;21938.75;21938.75;4
20250616 055900;21937.75;21940.75;21937;21937;11
20250616 060000;21935.5;21936.5;21934.75;21935;10
20250616 060100;21934.25;21940.5;21934.25;21937.75;33
20250616 060200;21940;21940;21937.25;21937.25;14
20250616 060300;21938.5;21941.5;21937.75;21937.75;33
20250616 060400;21937;21937.75;21932;21932;41
20250616 060500;21932.75;21937.25;21925.5;21930;69
20250616 060600;21929.75;21933.25;21926.75;21932.75;37
20250616 060700;21933.25;21939.5;21933.25;21939.5;26
20250616 060800;21939.25;21942;21937.25;21940.75;30
20250616 060900;21940;21947;21940;21946.5;20
20250616 061000;21947.25;21954.25;21947;21950;66
20250616 061100;21951.75;21952.5;21949.75;21949.75;28
20250616 061200;21948;21949;21947;21947.75;12
20250616 061300;21948.5;21953;21947;21953;27
20250616 061400;21951.75;21951.75;21949.5;21949.5;29
20250616 061500;21952.25;21961.25;21951.25;21954.5;117
20250616 061600;21951.25;21951.25;21948.25;21951.25;12
20250616 061700;21952.75;21956.25;21951.75;21953.75;37
20250616 061800;21953.25;21955.25;21952.75;21955.25;13
20250616 061900;21956;21960;21950.25;21953;62
20250616 062000;21953.75;21956;21952.5;21953.75;17
20250616 062100;21954.5;21959.25;21953.5;21958;17
20250616 062200;21959.5;21966;21955.75;21957.75;84
20250616 062300;21956.5;21960.5;21956.5;21957;17
20250616 062400;21955.75;21961.25;21955.75;21960.25;28
20250616 062500;21959.5;21960.75;21953;21953.75;37
20250616 062600;21954.5;21968;21954.5;21963;157
20250616 062700;21962.25;21962.25;21954.5;21961.25;115
20250616 062800;21959.75;21961.5;21959;21961.25;18
20250616 062900;21962.5;21962.5;21958;21958;75
20250616 063000;21957.5;21962;21957.25;21962;22
20250616 063100;21960.5;21963.75;21951;21963.25;158
20250616 063200;21963;21963;21956.25;21958.75;26
20250616 063300;21956.25;21959.5;21952.75;21954.5;33
20250616 063400;21953.75;21954.75;21951.75;21953;32
20250616 063500;21952;21954.25;21948.25;21954.25;48
20250616 063600;21954.25;21960.5;21954.25;21960;16
20250616 063700;21960.25;21964;21959;21959;29
20250616 063800;21960;21963.25;21959.75;21963.25;7
20250616 063900;21962.5;21962.5;21960;21960.25;10
20250616 064000;21960.75;21964;21960.75;21963.5;15
20250616 064100;21962.5;21963;21960.25;21962.5;24
20250616 064200;21963.5;21977.75;21963.25;21970;122
20250616 064300;21970.75;21972;21960;21962.5;79
20250616 064400;21961.75;21962.5;21953;21954.75;47
20250616 064500;21955.75;21962.75;21955.75;21962.25;39
20250616 064600;21962.25;21967.25;21962.25;21965.25;22
20250616 064700;21966.75;21966.75;21959.5;21962.75;14
20250616 064800;21962.25;21965;21961.5;21962.25;25
20250616 064900;21962.5;21963.5;21958;21960.5;63
20250616 065000;21960;21961.75;21959.25;21960;31
20250616 065100;21961.5;21963.25;21957;21957;32
20250616 065200;21958.25;21963.25;21957;21961.75;20
20250616 065300;21962.75;21966;21962.25;21964.75;11
20250616 065400;21965.5;21970.75;21965.5;21969.25;41
20250616 065500;21969.25;21972;21968.75;21971.75;15
20250616 065600;21970.5;21972;21968.25;21968.25;17
20250616 065700;21968.25;21971.25;21967.25;21968.25;19
20250616 065800;21969.5;21970;21965;21966.5;19
20250616 065900;21966.75;21969;21962.25;21963.75;42
20250616 070000;21963;21966.75;21962.5;21965.5;42
20250616 070100;21967;21968.75;21961.5;21965.75;101
20250616 070200;21966.75;21982;21965.5;21978;225
20250616 070300;21978.75;21978.75;21971.75;21976.75;44
20250616 070400;21977.5;21986.25;21975;21980.75;134
20250616 070500;21980.5;21985.5;21979;21979.25;43
20250616 070600;21980.5;21981;21976;21978;27
20250616 070700;21977.75;21981;21977.75;21979.25;13
20250616 070800;21981.5;21987.5;21980.5;21987;52
20250616 070900;21986.25;21990.25;21981;21983.25;85
20250616 071000;21984.25;21984.25;21978.5;21979;19
20250616 071100;21980;21982.75;21975.5;21980;45
20250616 071200;21981.75;21988.75;21981.75;21986.75;62
20250616 071300;21986;21992.25;21986;21990;56
20250616 071400;21990.25;21993;21989;21989.75;27
20250616 071500;21989.75;21996.75;21989.25;21995.5;88
20250616 071600;21994.25;22000.5;21994.25;21998;81
20250616 071700;21998.5;22002.25;21995;21997.25;85
20250616 071800;21997.25;21997.25;21987;21988.5;48
20250616 071900;21988.75;21990;21986.25;21986.5;50
20250616 072000;21987.25;21988.75;21983.5;21984.75;41
20250616 072100;21983.25;21986;21981.25;21984.75;61
20250616 072200;21985.25;21985.25;21979;21980.5;45
20250616 072300;21980;21980.5;21974.25;21974.25;71
20250616 072400;21975.5;21977.75;21971;21974;104
20250616 072500;21973.25;21982.5;21973.25;21978.5;125
20250616 072600;21976.25;21978.5;21969;21971.25;90
20250616 072700;21972;21974.25;21969.25;21973.75;51
20250616 072800;21973.25;21982;21972.25;21980.25;44
20250616 072900;21979.75;21985.5;21976.5;21985;52
20250616 073000;21984;21985.5;21982.5;21983.75;54
20250616 073100;21984.5;21998;21984.5;21993.5;164
20250616 073200;21992.5;21995.25;21990.5;21994;82
20250616 073300;21993;21999.25;21991.25;21998.25;68
20250616 073400;21998.75;22001.5;21994.5;21995.75;102
20250616 073500;21999.5;22000.25;21994;21997.5;39
20250616 073600;21995;21995.75;21986.75;21989.5;42
20250616 073700;21990.75;21991.5;21989.25;21989.25;19
20250616 073800;21989.5;21996;21987.75;21993.5;45
20250616 073900;21995;21996;21991.5;21996;23
20250616 074000;21996.5;21998.25;21993.25;21996;61
20250616 074100;21996.5;22002.25;21996.5;22002;53
20250616 074200;22001.75;22005;21991;21991.25;106
20250616 074300;21992.25;21994.25;21987.25;21990.75;44
20250616 074400;21989.25;21993;21989.25;21992.75;25
20250616 074500;21993;21996.25;21993;21993.25;22
20250616 074600;21993.5;21993.75;21987;21991.5;27
20250616 074700;21990.75;21998.5;21990.5;21991.75;53
20250616 074800;21991.75;21992.25;21986.5;21989;30
20250616 074900;21990.75;21992.25;21989.75;21992.25;14
20250616 075000;21991.25;21992.5;21990.5;21992.5;10
20250616 075100;21992.75;22010.75;21992.75;22006.5;167
20250616 075200;22006;22006.25;21997.25;22000.25;45
20250616 075300;22000.5;22002;21998.25;22000;13
20250616 075400;22000;22000.5;21991;21991;41
20250616 075500;21991.75;22000.75;21990.75;21998.25;35
20250616 075600;21997.75;21999;21996.5;21998;12
20250616 075700;21998.25;21998.5;21996;21997;22
20250616 075800;21997;21999.75;21995;21998.75;16
20250616 075900;21999.25;22004.5;21999;22004.5;40
20250616 080000;22004;22006.5;22004;22004.5;28
20250616 080100;22003.5;22005.25;21983;21983.75;370
20250616 080200;21984.25;21984.75;21973.25;21977.25;143
20250616 080300;21977.25;21982.5;21972.75;21981.75;89
20250616 080400;21981.5;21987.25;21979;21979;55
20250616 080500;21979;21979.25;21972.75;21977;55
20250616 080600;21976;21979.75;21974.75;21978.75;77
20250616 080700;21979;21991.75;21978.25;21990.25;80
20250616 080800;21991.75;21993;21983;21983;48
20250616 080900;21983;21986.25;21981.75;21984.5;33
20250616 081000;21985.5;21996.75;21985;21995.75;90
20250616 081100;21995.75;21996.75;21990;21993.75;59
20250616 081200;21994.5;21994.75;21989.5;21990.5;45
20250616 081300;21991.25;21995.75;21988.5;21995;72
20250616 081400;21995.5;21997;21987;21987;87
20250616 081500;21987.75;21990.5;21985.75;21986.5;41
20250616 081600;21986;21988;21985.25;21985.25;40
20250616 081700;21986.25;21990.75;21986.25;21986.25;29
20250616 081800;21986.25;21987.75;21985;21987.75;30
20250616 081900;21986.75;21989.5;21983.5;21983.5;100
20250616 082000;21984.25;21985.75;21979.75;21982;51
20250616 082100;21978.75;21979.25;21974.75;21977.5;35
20250616 082200;21977.25;21983.5;21977.25;21983.5;27
20250616 082300;21984.25;21988;21984;21987.25;24
20250616 082400;21988.5;21988.75;21986;21988.5;18
20250616 082500;21989.25;21991.25;21987.75;21989.75;41
20250616 082600;21988.5;21989.5;21987;21988.75;22
20250616 082700;21988.75;21989.75;21984.5;21989.75;28
20250616 082800;21989.5;21995.25;21988.5;21993.75;54
20250616 082900;21995.5;21996.25;21993.5;21994;31
20250616 083000;21994;21997.5;21994;21996.25;20
20250616 083100;21996.5;22004.5;21996.25;22002.5;92
20250616 083200;22002.5;22009.25;21992;21993;298
20250616 083300;21992.75;21995;21992.25;21994;31
20250616 083400;21994.75;21995.5;21992.75;21995;19
20250616 083500;21994.5;21999.75;21994.25;21998;39
20250616 083600;21998.25;21998.25;21988.25;21990.25;43
20250616 083700;21990.5;22000;21990;22000;21
20250616 083800;22000;22012.75;21999.5;22011.25;164
20250616 083900;22010.25;22010.25;21999.75;22002.25;73
20250616 084000;22002.25;22002.25;21999.75;21999.75;11
20250616 084100;21998.25;21998.25;21993.75;21995.25;30
20250616 084200;21994.75;22000;21994.25;21999;40
20250616 084300;22000;22004;21999.25;22003;27
20250616 084400;22007;22008.5;22005;22007;35
20250616 084500;22006.25;22008.5;22005.75;22007.5;40
20250616 084600;22007;22008.5;22003.25;22004.75;27
20250616 084700;22004.5;22005.5;22002.25;22002.25;25
20250616 084800;22002.75;22007;22002.75;22005.75;22
20250616 084900;22006.25;22008.75;22006.25;22006.75;23
20250616 085000;22007.75;22008.25;22006.75;22008;12
20250616 085100;22007.75;22009.25;22005.25;22008.25;24
20250616 085200;22007;22009.25;22006;22006;18
20250616 085300;22005;22008.5;22004.5;22005.25;38
20250616 085400;22006;22009;22006;22007;14
20250616 085500;22007;22009.25;22006.25;22006.5;26
20250616 085600;22007;22007.5;22005.75;22005.75;30
20250616 085700;22006;22008.75;22005.25;22006.5;50
20250616 085800;22007.25;22008;22005.5;22007.25;16
20250616 085900;22006.75;22007;22003.75;22004.75;38
20250616 090000;22004.5;22005.5;22001;22005;62
20250616 090100;22004.25;22007.75;22003;22006.25;35
20250616 090200;22005.75;22011.75;22005.5;22009.25;37
20250616 090300;22009;22009.25;21996.75;21997.75;65
20250616 090400;21997.5;21997.5;21994.5;21994.5;35
20250616 090500;21994;21995.75;21990;21991.75;43
20250616 090600;21991.75;22001.25;21991.5;21998.75;56
20250616 090700;21998;21998;21993.25;21995.5;15
20250616 090800;21994.5;21994.5;21989.5;21990.25;39
20250616 090900;21989.75;21992.75;21987;21987;44
20250616 091000;21986.75;21987.25;21985;21985.5;23
20250616 091100;21986.75;21990.75;21986.75;21988;25
20250616 091200;21986;21987.5;21984.25;21985;65
20250616 091300;21985;21986.5;21980;21980;50
20250616 091400;21979.75;21979.75;21973.75;21973.75;75
20250616 091500;21973.5;21973.5;21968;21969.5;89
20250616 091600;21969.5;21975.5;21968.25;21969.25;79
20250616 091700;21967.5;21968.75;21960.5;21968.75;110
20250616 091800;21967;21973.25;21966.25;21972.5;68
20250616 091900;21973.25;21981.25;21973;21978.25;80
20250616 092000;21977.5;21977.75;21974;21976.5;42
20250616 092100;21977.25;21977.75;21975;21976;27
20250616 092200;21977;21981.5;21977;21979.25;24
20250616 092300;21979.25;21980.25;21977.5;21977.5;15
20250616 092400;21977.25;21982;21977.25;21981.5;24
20250616 092500;21981.25;21981.5;21978;21981.5;33
20250616 092600;21982;21988.75;21976.25;21984.25;107
20250616 092700;21985;21987.5;21982.75;21982.75;54
20250616 092800;21983.75;21983.75;21979.25;21979.75;38
20250616 092900;21981.25;21981.25;21974.25;21975.75;37
20250616 093000;21975;21975.75;21973.25;21974.5;28
20250616 093100;21975.5;21976.5;21973.5;21975;19
20250616 093200;21976.25;21977;21972.5;21974;34
20250616 093300;21974;21974.25;21971.5;21972.25;25
20250616 093400;21973;21973;21967.5;21969.25;66
20250616 093500;21969.25;21972.5;21969;21971.75;32
20250616 093600;21972;21972.25;21970.25;21971;30
20250616 093700;21971;21973.5;21970.5;21971.75;17
20250616 093800;21973;21973;21970.25;21970.75;23
20250616 093900;21970.5;21970.75;21959.75;21960.5;110
20250616 094000;21960.5;21967.5;21954.75;21964.25;226
20250616 094100;21964.5;21966.75;21960.5;21966;66
20250616 094200;21965.75;21968.75;21962.5;21964;54
20250616 094300;21965.25;21968.25;21964;21967;16
20250616 094400;21967.25;21968.75;21962.75;21962.75;29
20250616 094500;21963.75;21965.25;21963.75;21964.75;9
20250616 094600;21964.25;21968.75;21963;21967.5;38
20250616 094700;21968.5;21972;21967.25;21968;64
20250616 094800;21968;21968.75;21966.25;21967.25;18
20250616 094900;21966.75;21966.75;21960.75;21962;35
20250616 095000;21960.5;21962.5;21957.25;21962.25;39
20250616 095100;21962;21970.75;21961.25;21970;26
20250616 095200;21969;21969;21967.25;21967.25;9
20250616 095300;21968;21969;21966;21969;13
20250616 095400;21969.5;21970;21966.75;21969.25;20
20250616 095500;21970;21972;21969.25;21970.25;31
20250616 095600;21969.75;21970;21968;21970;35
20250616 095700;21970.5;21971.5;21969.75;21971;17
20250616 095800;21971.5;21975.75;21970.75;21973.5;43
20250616 095900;21973;21977.5;21973;21975.25;37
20250616 100000;21973.75;21973.75;21967.75;21969.25;68
20250616 100100;21969.25;21969.25;21964;21967.25;42
20250616 100200;21967.5;21969;21963;21965.25;53
20250616 100300;21965.75;21969.75;21965.75;21967;32
20250616 100400;21966.25;21968;21963.75;21963.75;17
20250616 100500;21964.5;21964.5;21963.25;21964.25;15
20250616 100600;21965;21973.25;21964;21973.25;51
20250616 100700;21973.5;21973.75;21966.75;21966.75;27
20250616 100800;21967;21968.75;21964.75;21965.25;30
20250616 100900;21965.25;21968.25;21964;21968.25;13
20250616 101000;21969.75;21969.75;21965.75;21967.75;14
20250616 101100;21969.5;21977.75;21969.25;21973;75
20250616 101200;21973.5;21977.75;21971.5;21976.25;37
20250616 101300;21976.25;21982;21976.25;21977.75;75
20250616 101400;21977.25;21978.25;21975.75;21978.25;19
20250616 101500;21977;21978.25;21975.5;21977.5;19
20250616 101600;21977.75;21981.5;21977.75;21980.25;31
20250616 101700;21981.75;21983.5;21976.75;21977.75;67
20250616 101800;21977;21982.75;21976.75;21982.25;33
20250616 101900;21982.25;21983.75;21981;21983.5;49
20250616 102000;21981.75;21982.75;21981.75;21982;11
20250616 102100;21982.75;21983;21980.25;21982.5;30
20250616 102200;21982;21984;21981.5;21982.75;27
20250616 102300;21983;21983;21982;21982;5
20250616 102400;21981;21982;21980.75;21980.75;9
20250616 102500;21980.25;21982.25;21979.5;21982.25;23
20250616 102600;21982.25;21983.5;21979;21980.5;32
20250616 102700;21981.5;21981.5;21980;21980.5;14
20250616 102800;21980.25;21981.75;21977.25;21981;35
20250616 102900;21980.75;21982;21979.25;21980;26
20250616 103000;21980;21980.5;21979;21980;8
20250616 103100;21980.25;21981.75;21979.25;21981;21
20250616 103200;21980.75;21981.5;21979.75;21980.75;28
20250616 103300;21981;21984;21980.25;21980.25;24
20250616 103400;21980;21983.25;21979.75;21981.75;25
20250616 103500;21982;21985.25;21982;21984.25;30
20250616 103600;21984.25;21984.25;21983.25;21983.25;18
20250616 103700;21983;21986;21983;21983.25;63
20250616 103800;21983.5;21984.25;21978.75;21979.25;58
20250616 103900;21980;21982.75;21980;21981.75;30
20250616 104000;21980.25;21981.75;21979.25;21981.5;40
20250616 104100;21981.75;21981.75;21968.75;21969.75;84
20250616 104200;21970.5;21970.5;21965.25;21967.25;66
20250616 104300;21968;21974.5;21967;21970.25;71
20250616 104400;21970.5;21972.25;21969.5;21972.25;30
20250616 104500;21971.75;21972;21968.5;21970.5;17
20250616 104600;21971.25;21974.75;21971;21974.75;29
20250616 104700;21975;21976.25;21973.25;21973.75;22
20250616 104800;21973.25;21974;21972.5;21972.5;11
20250616 104900;21973;21988;21973;21986.25;119
20250616 105000;21987.25;21989.5;21984.5;21984.5;85
20250616 105100;21984.5;21991;21984.25;21990.25;37
20250616 105200;21990.25;21995;21988.75;21994.25;52
20250616 105300;21993;21994.25;21991;21993;28
20250616 105400;21993.25;21996.75;21991.75;21991.75;51
20250616 105500;21992;21994;21992;21993.25;36
20250616 105600;21993.25;21993.75;21991;21992.5;42
20250616 105700;21993.25;21996.5;21993.25;21996.25;43
20250616 105800;21996.5;22000;21996.5;21999;110
20250616 105900;21999;22002.25;21998;22001.25;78
20250616 110000;22001;22004.25;22000.5;22003.25;51
20250616 110100;22004;22005;21992.5;21997.25;133
20250616 110200;21998.5;21999.5;21979.25;21984;230
20250616 110300;21984;21989.75;21983.75;21988.75;43
20250616 110400;21989.5;21992;21985.75;21988;78
20250616 110500;21988.25;21988.5;21985.5;21987.5;39
20250616 110600;21987;21991.25;21986.25;21987.25;50
20250616 110700;21989.5;21991;21984.5;21988.5;59
20250616 110800;21988.75;21990.5;21979;21980;48
20250616 110900;21979;21982.5;21979;21981.25;32
20250616 111000;21982.25;21983.75;21981;21983.75;52
20250616 111100;21982.75;21983.25;21979.75;21980.5;35
20250616 111200;21980;21982.5;21979;21982.5;44
20250616 111300;21982.5;21983.5;21980.75;21982.25;23
20250616 111400;21981.5;21984;21976;21978.75;57
20250616 111500;21979;21980.5;21974;21979;79
20250616 111600;21979.75;21991.25;21979.75;21990;76
20250616 111700;21990;21991;21988;21988.5;54
20250616 111800;21987.5;21990;21986.25;21989.75;36
20250616 111900;21988.75;21989.75;21987.25;21989;11
20250616 112000;21989.75;21989.75;21987.25;21987.25;26
20250616 112100;21988;21989;21985;21989;35
20250616 112200;21988.75;21992.5;21983.25;21986;44
20250616 112300;21986.5;21987.75;21985.75;21987.25;41
20250616 112400;21988.75;21993.75;21988;21992.25;52
20250616 112500;21992.5;21993;21986.25;21989;46
20250616 112600;21988.75;21990.75;21988.25;21990.5;33
20250616 112700;21990.75;21993.75;21990.75;21991.75;28
20250616 112800;21992.75;21993.5;21987.5;21990.5;45
20250616 112900;21991;21991;21987.25;21988;31
20250616 113000;21988.5;21992.5;21988.25;21990.75;42
20250616 113100;21991;21993.25;21991;21992.75;31
20250616 113200;21993.25;21997.5;21993;21996.5;90
20250616 113300;21997.5;21998.25;21996.75;21998.25;29
20250616 113400;21998.5;22001;21996;21998;73
20250616 113500;21997.5;21998.25;21996.25;21997.5;16
20250616 113600;21997.5;22008;21997.5;22006.5;80
20250616 113700;22008;22012.25;22006.25;22010.5;89
20250616 113800;22010.5;22012.5;22009;22012;93
20250616 113900;22012.75;22020;22012.75;22016.5;231
20250616 114000;22016.5;22017;22011.5;22016;114
20250616 114100;22014.25;22014.5;22007.5;22011.25;88
20250616 114200;22010.25;22012.5;22008.5;22012.25;62
20250616 114300;22012.25;22015.5;22011.5;22014.75;67
20250616 114400;22014.75;22015.25;22013.25;22014.75;31
20250616 114500;22014.25;22016.25;22010.75;22015.25;60
20250616 114600;22015.75;22023.75;22015.75;22023.25;142
20250616 114700;22022.5;22028;22022.5;22026;122
20250616 114800;22026.5;22028.5;22020;22022.75;161
20250616 114900;22023.25;22025.25;22020;22022.5;64
20250616 115000;22022.75;22025.25;22022.5;22025;47
20250616 115100;22025.25;22025.5;22021.25;22022.5;40
20250616 115200;22022.75;22023.75;22020;22021.5;48
20250616 115300;22020.75;22031;22020.75;22029.5;172
20250616 115400;22029.75;22031.5;22028.75;22029;108
20250616 115500;22030;22031;22027.25;22029.5;71
20250616 115600;22029.75;22029.75;22021.5;22024;91
20250616 115700;22024.75;22029.25;22024.5;22028.5;58
20250616 115800;22028.75;22032;22026.25;22030.5;72
20250616 115900;22031.25;22032.25;22029.25;22032;42
20250616 120000;22031.75;22033.75;22031.25;22033;77
20250616 120100;22032.75;22039;22030.75;22033.5;257
20250616 120200;22033.5;22036.5;22024.5;22025.5;153
20250616 120300;22025.25;22028;22023.25;22025.5;119
20250616 120400;22026;22031;22024.5;22029.5;98
20250616 120500;22030;22030;22026.25;22028.5;61
20250616 120600;22028;22030.5;22027.5;22027.5;42
20250616 120700;22027.25;22028.75;22025;22026.5;92
20250616 120800;22026.5;22030.5;22024.5;22028;161
20250616 120900;22029;22032.5;22028;22029.75;105
20250616 121000;22030;22046;22030;22044.75;514
20250616 121100;22044.5;22046;22042.5;22043.5;119
20250616 121200;22044.25;22046.5;22040.75;22044.5;421
20250616 121300;22044;22044.5;22039.5;22040.75;122
20250616 121400;22040.25;22042.25;22039.5;22040;75
20250616 121500;22040;22041.25;22038.25;22038.25;39
20250616 121600;22039.25;22041;22038.75;22039.75;74
20250616 121700;22040.25;22041.75;22038.75;22041.25;85
20250616 121800;22041.75;22042.75;22040.75;22042.5;81
20250616 121900;22042.75;22043.25;22040.5;22042.25;39
20250616 122000;22042;22049.5;22041.75;22046.75;178
20250616 122100;22046.25;22050.75;22041.75;22043.25;188
20250616 122200;22043;22047.75;22042;22047.5;124
20250616 122300;22047.5;22062;22047.5;22058.5;351
20250616 122400;22059.25;22062.75;22057.5;22060.75;141
20250616 122500;22060.75;22062.75;22058;22060;149
20250616 122600;22059.75;22062.5;22058.25;22059;103
20250616 122700;22059.25;22060;22053.5;22054.75;162
20250616 122800;22055.5;22057;22048.25;22052;227
20250616 122900;22051.75;22054.75;22051;22052.75;109
20250616 123000;22053;22055.25;22050.25;22050.25;107
20250616 123100;22051.75;22059.5;22049.75;22056.75;111
20250616 123200;22056.25;22060.75;22045.5;22046.25;180
20250616 123300;22047;22047.25;22040;22040.25;200
20250616 123400;22039.75;22041;22035.75;22037.75;170
20250616 123500;22037.5;22038.25;22034;22037.5;111
20250616 123600;22038.25;22044;22033.75;22034.75;227
20250616 123700;22033.5;22036;22033;22034;50
20250616 123800;22033.25;22038;22033.25;22036.75;66
20250616 123900;22036.5;22042.25;22036.5;22041.25;66
20250616 124000;22041.75;22042.75;22039.25;22041.25;43
20250616 124100;22041.5;22046;22039.75;22043.25;66
20250616 124200;22043;22045.75;22036.25;22036.75;108
20250616 124300;22037.25;22051.5;22037;22044.5;138
20250616 124400;22045.5;22045.5;22039.5;22041;76
20250616 124500;22041;22043.25;22040;22042.25;41
20250616 124600;22041.75;22048.75;22041;22044;100
20250616 124700;22043;22045.75;22040.75;22045.75;137
20250616 124800;22045.75;22046.75;22044.25;22045.5;47
20250616 124900;22045.75;22046;22039.25;22043;92
20250616 125000;22042.25;22045.25;22040.5;22043.75;80
20250616 125100;22043.25;22043.25;22039.75;22040;79
20250616 125200;22040.25;22040.25;22036.25;22038;79
20250616 125300;22037.25;22038.5;22035.5;22037.25;63
20250616 125400;22038;22039.5;22037;22037;56
20250616 125500;22036.75;22038.5;22035.5;22038.5;44
20250616 125600;22039.5;22042.25;22037.25;22042.25;66
20250616 125700;22042.25;22045;22041;22041;73
20250616 125800;22041.5;22043.75;22039.25;22040.75;156
20250616 125900;22042.25;22042.75;22035.75;22036;59
20250616 130000;22036.5;22038.25;22034.5;22036;142
20250616 130100;22036;22044.5;22035;22043.5;162
20250616 130200;22043;22047.75;22038.5;22042.25;143
20250616 130300;22043.25;22048;22043.25;22043.5;117
20250616 130400;22043.5;22045.25;22041.75;22043;48
20250616 130500;22042.25;22044.5;22041;22042.25;125
20250616 130600;22042.5;22044;22040;22040.5;111
20250616 130700;22040.75;22041;22033.5;22035.75;221
20250616 130800;22035.5;22036.5;22030;22032.25;183
20250616 130900;22032.5;22039.75;22032.5;22035.5;130
20250616 131000;22036.5;22047.25;22036.25;22043.25;235
20250616 131100;22043.5;22044.75;22038;22040;144
20250616 131200;22038.75;22041.25;22037.75;22039.25;141
20250616 131300;22039.25;22041.5;22037.5;22040.25;78
20250616 131400;22040;22045;22039.5;22040.75;154
20250616 131500;22041.25;22043.5;22041;22042;43
20250616 131600;22042.25;22042.25;22033.75;22039;170
20250616 131700;22039;22040;22036.25;22037.25;76
20250616 131800;22037.75;22038;22031.25;22032;112
20250616 131900;22032;22034.25;22029;22032.25;147
20250616 132000;22033;22035;22031.5;22034.5;81
20250616 132100;22034.5;22041.25;22031.5;22041.25;144
20250616 132200;22040.75;22041.75;22034;22035.25;133
20250616 132300;22035.75;22038.75;22034.5;22037.25;54
20250616 132400;22036.25;22037.75;22035;22036.75;38
20250616 132500;22036.5;22037.25;22032.75;22033.5;127
20250616 132600;22033.25;22034.5;22026;22033;464
20250616 132700;22032.5;22033.75;22029.5;22031.5;185
20250616 132800;22031.75;22039;22029;22032;340
20250616 132900;22032.5;22032.5;22011.25;22017.5;543
20250616 133000;22017.5;22021.5;22012;22015.75;533
20250616 133100;22014.5;22063.5;22014;22063;2938
20250616 133200;22062.75;22082;22060.75;22079.25;2683
20250616 133300;22079.5;22099;22065.25;22067;2151
20250616 133400;22066.5;22079;22060.25;22076.25;1155
20250616 133500;22076.25;22082;22064.25;22071.25;898
20250616 133600;22071.25;22077;22050.75;22066.75;1326
20250616 133700;22067;22073;22058.25;22069;908
20250616 133800;22069.25;22081.25;22065.5;22072.75;905
20250616 133900;22073.75;22079.5;22066.25;22077;729
20250616 134000;22077.5;22095;22069;22088;987
20250616 134100;22088.5;22095.25;22077.5;22081.75;979
20250616 134200;22081;22091.75;22072.25;22083.5;892
20250616 134300;22083;22087.25;22074.25;22079.25;629
20250616 134400;22078;22087.5;22070;22087;750
20250616 134500;22087.25;22096;22078;22084.5;1148
20250616 134600;22084.75;22110;22084.75;22101.25;1749
20250616 134700;22101.5;22102.75;22084.5;22088.25;798
20250616 134800;22088;22092.25;22057.5;22066.5;1808
20250616 134900;22066.25;22076.25;22063;22072.75;630
20250616 135000;22072;22116;22072;22105.75;2062
20250616 135100;22106.25;22111.5;22092.75;22110.75;1193
20250616 135200;22111.25;22113.5;22098.25;22100.25;714
20250616 135300;22100.5;22111.75;22096.5;22108.5;784
20250616 135400;22108.5;22139.5;22105.25;22134.25;1623
20250616 135500;22134;22151;22123.25;22128.75;2142
20250616 135600;22129.5;22156.25;22127.25;22149.75;1744
20250616 135700;22150.75;22170.25;22150;22161.75;1433
20250616 135800;22161.5;22172;22155.25;22157.25;1339
20250616 135900;22157.5;22161;22143;22148.5;868
20250616 140000;22148.75;22154.5;22147.75;22151.5;733
20250616 140100;22152;22179.25;22150.5;22163.5;1867
20250616 140200;22165;22175;22161.25;22171.5;681
20250616 140300;22173.25;22177.75;22166.25;22172.25;781
20250616 140400;22171.75;22173.25;22161.75;22164.75;563
20250616 140500;22165;22170.75;22156.5;22169;724
20250616 140600;22171;22175.75;22165.75;22170.5;509
20250616 140700;22171.75;22177;22151.5;22166.75;908
20250616 140800;22166.5;22169.75;22159;22159.5;476
20250616 140900;22159.5;22163;22148;22153;654
20250616 141000;22152.5;22161.75;22143;22146.5;1397
20250616 141100;22145.75;22160.5;22144.5;22158.75;744
20250616 141200;22159;22168.25;22155.25;22168;602
20250616 141300;22167.5;22183.5;22166.75;22181.75;1398
20250616 141400;22182;22186.5;22175.25;22177.5;613
20250616 141500;22177.5;22187;22177.5;22182.5;618
20250616 141600;22182;22185.25;22172.25;22179.75;827
20250616 141700;22179.75;22183.25;22172.75;22177.25;563
20250616 141800;22177.5;22184.5;22177.5;22181.5;479
20250616 141900;22182;22191;22179.75;22188.75;913
20250616 142000;22188.5;22191.25;22184.25;22189;874
20250616 142100;22189.25;22192.5;22183.75;22188.5;602
20250616 142200;22188.5;22194;22186.25;22190.5;525
20250616 142300;22190.5;22191.75;22177;22179.5;560
20250616 142400;22179;22181.75;22175;22179;450
20250616 142500;22179.75;22190.5;22179.75;22184.75;749
20250616 142600;22184.5;22188.5;22176.5;22183.5;707
20250616 142700;22183.5;22188.5;22178.75;22186.25;430
20250616 142800;22186.75;22189.25;22181;22189.25;455
20250616 142900;22189.75;22199;22189.75;22198.25;711
20250616 143000;22198.25;22201.5;22192.75;22197.25;799
20250616 143100;22197.5;22202.5;22195;22199.25;669
20250616 143200;22199.5;22202;22195;22197.75;380
20250616 143300;22198;22205.25;22195.75;22204.25;555
20250616 143400;22204;22205.25;22197.75;22204.25;530
20250616 143500;22204;22205.25;22199.25;22203.75;428
20250616 143600;22203.25;22206.75;22198.5;22201.25;432
20250616 143700;22201.75;22204;22188.75;22192.5;945
20250616 143800;22192.25;22198.5;22183;22186.5;722
20250616 143900;22187.25;22193;22182.75;22188.75;479
20250616 144000;22188.5;22196;22188;22195.5;337
20250616 144100;22195;22200.75;22182.75;22183.5;660
20250616 144200;22183;22187.75;22180;22185.25;491
20250616 144300;22185.25;22186.25;22177.25;22182;435
20250616 144400;22182;22194.5;22181.75;22194.5;518
20250616 144500;22194.25;22201.75;22193;22198.5;493
20250616 144600;22199.25;22203.5;22195.75;22201.25;483
20250616 144700;22201.5;22205.5;22193;22198.75;651
20250616 144800;22196.75;22197.5;22189.75;22192.5;473
20250616 144900;22191.75;22196.5;22187;22191.25;338
20250616 145000;22190.5;22193.75;22186.25;22189;284
20250616 145100;22188.5;22188.5;22182.25;22182.75;296
20250616 145200;22183;22188.5;22180;22187.75;381
20250616 145300;22188;22191.25;22183.25;22190.75;343
20250616 145400;22190.5;22195.5;22189.5;22191;484
20250616 145500;22191.5;22192.75;22179.75;22182.5;530
20250616 145600;22182.5;22189.5;22180.75;22180.75;378
20250616 145700;22180.75;22183.25;22174.75;22181.25;390
20250616 145800;22181.5;22183.25;22175;22182.5;343
20250616 145900;22182;22182;22171.25;22179;462
20250616 150000;22178.5;22184.5;22173.75;22184.25;414
20250616 150100;22183.5;22189;22180.75;22184.75;431
20250616 150200;22185.5;22196.25;22183.75;22194.5;427
20250616 150300;22194.5;22199.5;22187;22196;603
20250616 150400;22196.25;22197.5;22178.5;22178.75;488
20250616 150500;22178.25;22191.25;22177.75;22190;628
20250616 150600;22190.75;22198;22178.25;22181.75;813
20250616 150700;22182;22196.75;22182;22191;406
20250616 150800;22190.75;22194.5;22187.25;22191.5;221
20250616 150900;22192.5;22194.5;22188.25;22191.25;363
20250616 151000;22191;22198.5;22190.75;22193.75;379
20250616 151100;22194.5;22202.75;22192.5;22202;774
20250616 151200;22202;22203;22193.75;22197.5;526
20250616 151300;22196.5;22198;22190.5;22195.25;348
20250616 151400;22197.25;22199.5;22192.5;22198.75;202
20250616 151500;22198.5;22202.75;22194;22201.5;263
20250616 151600;22202;22211.5;22202;22204.25;1009
20250616 151700;22204.25;22205;22198;22203.25;429
20250616 151800;22202.5;22214;22200.25;22212.25;512
20250616 151900;22212.25;22220;22211.25;22217;704
20250616 152000;22217.25;22218.75;22212.75;22214.75;321
20250616 152100;22213.75;22214.25;22206.75;22211;474
20250616 152200;22210.75;22220.25;22210.25;22219;412
20250616 152300;22218.75;22220.75;22210.75;22211.5;486
20250616 152400;22211.75;22213.25;22207;22210;288
20250616 152500;22210;22221;22208.75;22220;506
20250616 152600;22220.5;22222;22207;22212.25;650
20250616 152700;22212.25;22214;22189.25;22190.75;928
20250616 152800;22191.75;22194.75;22182.25;22184.75;975
20250616 152900;22185;22191.25;22183.75;22190.25;368
20250616 153000;22190;22192;22184;22188.5;306
20250616 153100;22188;22197.75;22185;22197;524
20250616 153200;22197.25;22204;22189.5;22194.25;633
20250616 153300;22193.75;22194;22184;22187;328
20250616 153400;22187;22192;22184.75;22191;250
20250616 153500;22190.5;22196;22190;22194.5;241
20250616 153600;22194.5;22194.5;22185;22187.5;292
20250616 153700;22187;22197.5;22184.5;22195.25;328
20250616 153800;22196.5;22202.25;22186.75;22197;738
20250616 153900;22196.25;22204.5;22190.25;22200.25;701
20250616 154000;22200;22202;22190;22192.75;334
20250616 154100;22193.75;22198.25;22190;22195.75;245
20250616 154200;22196.25;22200.75;22194.75;22197.5;231
20250616 154300;22196.5;22197;22189.75;22196.25;240
20250616 154400;22196;22199.25;22193;22195.5;175
20250616 154500;22195;22198;22191;22191.75;246
20250616 154600;22192;22197.75;22191;22193.5;170
20250616 154700;22194.5;22205.25;22194.5;22203.75;390
20250616 154800;22203.75;22204;22197.75;22202.75;184
20250616 154900;22202.75;22203.5;22198;22199.75;231
20250616 155000;22199;22201;22196;22200;285
20250616 155100;22199;22200.25;22191.75;22197;249
20250616 155200;22196.75;22196.75;22187;22187;343
20250616 155300;22187.75;22190;22179.25;22184.25;513
20250616 155400;22185.25;22185.25;22177.5;22180.75;374
20250616 155500;22181;22184.25;22174.5;22175.5;430
20250616 155600;22175;22181;22172.75;22174.5;483
20250616 155700;22173.75;22179.25;22156;22167.5;1861
20250616 155800;22166.5;22172;22162.75;22169.25;656
20250616 155900;22168.5;22174.25;22166.75;22173;329
20250616 160000;22173.75;22178.25;22170;22171;410
20250616 160100;22172;22185.75;22170.5;22183.75;724
20250616 160200;22183.75;22185;22168.25;22169.25;376
20250616 160300;22169.25;22170.75;22164;22168.5;382
20250616 160400;22168.75;22169.25;22161.5;22163.5;304
20250616 160500;22163;22172.25;22159.5;22171;461
20250616 160600;22171;22172.75;22163;22165.75;288
20250616 160700;22166.5;22171.75;22165.25;22169;169
20250616 160800;22167.75;22174;22158.5;22173.25;728
20250616 160900;22173.25;22175.75;22169.25;22172.75;240
20250616 161000;22173;22174;22166.25;22172.75;272
20250616 161100;22172.75;22175;22168.25;22175;231
20250616 161200;22175;22178.25;22173.25;22177;255
20250616 161300;22176.75;22182.25;22176;22181.75;267
20250616 161400;22181.5;22188.25;22181.5;22185.5;382
20250616 161500;22185;22185;22181.5;22184.5;211
20250616 161600;22183.75;22185.5;22179.5;22183.5;295
20250616 161700;22182.5;22190.75;22182.5;22186.75;308
20250616 161800;22187.25;22195.5;22185.5;22192;385
20250616 161900;22192.5;22195.25;22190.5;22191.25;260
20250616 162000;22191.25;22192;22184.5;22185.25;313
20250616 162100;22184.5;22188.75;22182.25;22187.75;333
20250616 162200;22187.75;22189.25;22185.25;22188;220
20250616 162300;22188.5;22192.75;22184.25;22184.25;311
20250616 162400;22184.25;22190.25;22181.25;22181.25;291
20250616 162500;22181.75;22182;22170.25;22175.25;608
20250616 162600;22174.75;22178.75;22166.25;22169.75;416
20250616 162700;22169.25;22170;22163.25;22164.75;317
20250616 162800;22164.5;22171.5;22163.25;22166.75;318
20250616 162900;22166.5;22175;22163.25;22172.5;402
20250616 163000;22172;22173.5;22167;22167.25;205
20250616 163100;22167.5;22173.25;22167.5;22171.5;182
20250616 163200;22170.75;22171.5;22165.5;22168.5;223
20250616 163300;22168.75;22174.25;22166.25;22171.5;169
20250616 163400;22171.25;22173.75;22169.25;22171.5;166
20250616 163500;22171;22173.25;22165.75;22165.75;135
20250616 163600;22165.25;22167.25;22156.75;22158.75;446
20250616 163700;22158.5;22167.75;22154;22166.5;427
20250616 163800;22166.75;22175.75;22163.5;22167.5;418
20250616 163900;22167.5;22168.5;22162.5;22167;190
20250616 164000;22166.25;22168.5;22163;22164.25;259
20250616 164100;22164.75;22164.75;22156.5;22157;291
20250616 164200;22157.5;22162.5;22153;22155.5;282
20250616 164300;22155.25;22159;22148;22158.75;531
20250616 164400;22158;22160.25;22149.5;22157.25;361
20250616 164500;22156.75;22156.75;22146;22150.75;619
20250616 164600;22150.25;22151.25;22143.5;22151;492
20250616 164700;22150.5;22156.5;22145.5;22154.5;381
20250616 164800;22154;22164.75;22152.75;22159;562
20250616 164900;22159;22160.5;22155;22158.5;213
20250616 165000;22159.25;22159.75;22156;22156.5;114
20250616 165100;22156.5;22161;22153.75;22160.75;185
20250616 165200;22160.75;22169.25;22158;22167.5;322
20250616 165300;22167.5;22175;22166.5;22174.25;401
20250616 165400;22173.75;22181.5;22173.75;22178.5;356
20250616 165500;22178;22178.5;22172.5;22177;318
20250616 165600;22176.75;22177.75;22172;22175.75;161
20250616 165700;22174.75;22177.75;22171.25;22174.5;191
20250616 165800;22175;22175;22168.25;22169.5;181
20250616 165900;22169;22172.5;22162.75;22163;393
20250616 170000;22162.5;22164.75;22153.75;22164;406
20250616 170100;22164.5;22170;22161;22167.25;302
20250616 170200;22168.75;22169.75;22161;22165.5;291
20250616 170300;22166.25;22170.5;22157;22161;328
20250616 170400;22161.25;22163;22157.75;22160.5;169
20250616 170500;22161.75;22166.75;22161;22166;206
20250616 170600;22166.75;22167.75;22153.75;22159.75;285
20250616 170700;22160.75;22160.75;22154.25;22157.75;216
20250616 170800;22157.25;22162.25;22156;22158.75;229
20250616 170900;22158;22160.25;22152;22159.75;165
20250616 171000;22158.25;22166;22156.5;22165.75;229
20250616 171100;22164.75;22167.25;22161;22163.5;208
20250616 171200;22163.75;22171.5;22159.25;22160.75;312
20250616 171300;22161;22161;22151.75;22153.5;276
20250616 171400;22153.75;22160.5;22149;22159;344
20250616 171500;22158.25;22158.75;22154;22155.5;135
20250616 171600;22155;22156;22148.75;22151;168
20250616 171700;22151;22161.5;22149.75;22160;284
20250616 171800;22161.5;22163;22157.25;22162.5;162
20250616 171900;22162.75;22165.5;22154.75;22164;209
20250616 172000;22162.75;22170.5;22162.75;22169.75;212
20250616 172100;22169.25;22180.75;22168.25;22174.5;524
20250616 172200;22175;22178.75;22172.25;22177.25;236
20250616 172300;22177.25;22179.25;22176.25;22177;154
20250616 172400;22176;22180.25;22174.75;22179.5;184
20250616 172500;22179.5;22187.25;22174.75;22179.25;572
20250616 172600;22179.25;22193.5;22178.5;22190;643
20250616 172700;22189.5;22192;22183.25;22185.5;333
20250616 172800;22184.75;22190.5;22179;22189.25;393
20250616 172900;22188.75;22206.5;22187.75;22201.5;1034
20250616 173000;22201.75;22201.75;22194.25;22195.5;407
20250616 173100;22196.5;22211.75;22195.75;22206.75;543
20250616 173200;22206.75;22207.75;22191.25;22200.75;910
20250616 173300;22200.75;22202.25;22192.5;22195.5;325
20250616 173400;22195.25;22199.75;22189.5;22189.5;368
20250616 173500;22190;22198.25;22188.5;22197.25;248
20250616 173600;22198.5;22201.5;22186.25;22190;392
20250616 173700;22189.75;22197.25;22188.75;22192;234
20250616 173800;22191.75;22195.5;22190.75;22193;121
20250616 173900;22193.5;22194;22186.5;22191.5;238
20250616 174000;22191.5;22192.25;22186.5;22186.5;148
20250616 174100;22186;22190.5;22184.25;22189.5;280
20250616 174200;22189.75;22196.25;22189.25;22194.25;266
20250616 174300;22194.25;22196.5;22188.5;22189.25;208
20250616 174400;22189.25;22191.75;22183;22185;236
20250616 174500;22184.75;22188.75;22181.5;22183.25;246
20250616 174600;22183.25;22189.75;22181.75;22186.5;199
20250616 174700;22185.75;22186.25;22177.5;22185;327
20250616 174800;22185.5;22189;22180;22183.5;381
20250616 174900;22183;22188;22179;22187.75;188
20250616 175000;22187.25;22192;22186.5;22188;157
20250616 175100;22187.75;22190.75;22186.25;22190.75;151
20250616 175200;22190;22194.25;22187;22193.25;212
20250616 175300;22192.75;22193.25;22180;22181.25;490
20250616 175400;22181.75;22187.5;22181;22185.75;164
20250616 175500;22185.75;22188;22174.25;22175.5;295
20250616 175600;22176.25;22176.5;22167.75;22173.75;537
20250616 175700;22174;22176.75;22171.25;22172.5;236
20250616 175800;22173.25;22173.25;22162.75;22163.5;502
20250616 175900;22163.25;22167;22159.5;22161.75;512
20250616 180000;22161.5;22166.75;22158.25;22165;302
20250616 180100;22165.5;22168.75;22162.25;22165.75;358
20250616 180200;22165.5;22176.25;22164.5;22172.75;440
20250616 180300;22173;22174.5;22169;22172;233
20250616 180400;22171.75;22178.5;22170.75;22177;299
20250616 180500;22177;22178.75;22174.75;22175.5;159
20250616 180600;22175.75;22185;22175;22178.75;511
20250616 180700;22178.75;22183.75;22176.75;22178.75;223
20250616 180800;22178.5;22178.5;22170.25;22171.75;387
20250616 180900;22171.5;22175.75;22170.75;22171;187
20250616 181000;22170.25;22173.5;22167.5;22171.75;163
20250616 181100;22171.75;22176.25;22168.25;22174.25;174
20250616 181200;22174;22174;22166;22166.75;253
20250616 181300;22167;22172.25;22164.25;22166.5;274
20250616 181400;22166.25;22172.75;22165.75;22169.75;130
20250616 181500;22169.75;22175.25;22168.5;22174.75;152
20250616 181600;22174.75;22177.5;22170.5;22176.75;186
20250616 181700;22177.5;22177.75;22172;22172.5;144
20250616 181800;22172.5;22174.5;22170;22170.75;155
20250616 181900;22170.75;22174.5;22167.75;22167.75;152
20250616 182000;22167.5;22171;22165;22169.75;188
20250616 182100;22168.75;22171.75;22160.25;22161;425
20250616 182200;22160.75;22167;22159.5;22165.5;232
20250616 182300;22166;22171;22165;22170.5;147
20250616 182400;22170.5;22178;22167;22176;274
20250616 182500;22176.5;22181.5;22176.5;22180;309
20250616 182600;22181.25;22182.25;22173.5;22173.75;302
20250616 182700;22173.5;22175;22170.75;22172.25;191
20250616 182800;22171.75;22178;22171;22173.5;166
20250616 182900;22173.5;22177.75;22173.25;22175;147
20250616 183000;22175;22175.5;22170;22173;189
20250616 183100;22173.5;22177;22164.5;22165.75;343
20250616 183200;22165.75;22168.75;22160.75;22161.75;304
20250616 183300;22161.25;22163;22158.5;22163;360
20250616 183400;22162.5;22166.25;22161.25;22163.75;207
20250616 183500;22163.75;22167.25;22162;22164;175
20250616 183600;22163.5;22164;22154.5;22155;360
20250616 183700;22155.25;22162.75;22153.5;22160.5;456
20250616 183800;22160.5;22161.5;22156.75;22159.5;263
20250616 183900;22160.75;22165.5;22158.5;22158.75;381
20250616 184000;22159.25;22161;22157.5;22159.25;167
20250616 184100;22159.25;22161.75;22154.5;22161.5;358
20250616 184200;22161;22163;22158.5;22162;240
20250616 184300;22162.25;22163.5;22158.75;22160.25;199
20250616 184400;22159.5;22162;22158;22158.75;187
20250616 184500;22158.5;22161.5;22157.75;22159.75;165
20250616 184600;22159.5;22160.75;22147;22153.25;659
20250616 184700;22153.25;22156.25;22151;22151;204
20250616 184800;22151.25;22151.75;22148.75;22150.75;285
20250616 184900;22150;22152;22147.5;22149.5;345
20250616 185000;22148.75;22150;22145;22145.5;319
20250616 185100;22145.25;22152;22140.5;22143.75;812
20250616 185200;22143.25;22148;22137;22147;603
20250616 185300;22147.75;22155.5;22147.75;22152.75;395
20250616 185400;22152.5;22160.25;22152.5;22158.5;306
20250616 185500;22159;22165.25;22156.25;22163;365
20250616 185600;22163;22170;22163;22167;522
20250616 185700;22167;22174.75;22167;22171.5;435
20250616 185800;22171.5;22175.25;22171.5;22174.25;297
20250616 185900;22174.25;22177.75;22168.5;22169.5;392
20250616 190000;22169;22172;22167;22167.25;215
20250616 190100;22167.25;22173.5;22165;22170;537
20250616 190200;22170.5;22171.5;22164.5;22168.75;317
20250616 190300;22168.25;22169.25;22165.75;22165.75;161
20250616 190400;22165.5;22166.25;22159;22159.25;448
20250616 190500;22159.75;22165.5;22158;22163.5;421
20250616 190600;22163.75;22163.75;22158.5;22159.25;294
20250616 190700;22159.25;22162.5;22155.25;22160;313
20250616 190800;22160.25;22160.25;22156;22157;361
20250616 190900;22157;22157.75;22153.25;22153.75;338
20250616 191000;22153.5;22154;22147.75;22150.5;405
20250616 191100;22150.25;22150.5;22141.25;22146;549
20250616 191200;22145;22147.75;22141.75;22146.75;257
20250616 191300;22147;22147;22142.5;22146.5;210
20250616 191400;22146.25;22161;22143.75;22161;722
20250616 191500;22161;22163;22149.75;22152;398
20250616 191600;22151.75;22153.5;22148;22151.75;328
20250616 191700;22151.25;22165.75;22151;22164.25;433
20250616 191800;22163.75;22164.5;22151.5;22152.75;396
20250616 191900;22152.25;22155.25;22149.25;22150.75;379
20250616 192000;22151.5;22154.25;22149.5;22150.5;220
20250616 192100;22149.75;22150.25;22144;22145.75;306
20250616 192200;22145.75;22181;22142;22174.5;2853
20250616 192300;22174.75;22178.75;22167.75;22176;622
20250616 192400;22177;22181.25;22173.25;22177.25;507
20250616 192500;22177.25;22178.25;22165;22170;420
20250616 192600;22170;22171.5;22166;22171;208
20250616 192700;22170.25;22177.75;22168.5;22173.5;410
20250616 192800;22173.25;22179.5;22168.75;22170;1012
20250616 192900;22169.75;22171.5;22165.5;22168.5;359
20250616 193000;22168.5;22170;22164;22165.75;313
20250616 193100;22165.75;22172;22164.75;22164.75;738
20250616 193200;22164.75;22166.25;22158.75;22161.75;639
20250616 193300;22161.5;22162.25;22151.75;22155.75;556
20250616 193400;22154.75;22159.5;22153;22156.25;535
20250616 193500;22155.75;22160.25;22154.75;22156.5;269
20250616 193600;22156.5;22165.25;22155.25;22159.75;435
20250616 193700;22159.5;22167;22157;22164.5;313
20250616 193800;22165;22167.75;22159;22160.25;303
20250616 193900;22160;22163.25;22157.5;22160.25;228
20250616 194000;22160.5;22163;22155.25;22156.5;330
20250616 194100;22156;22160.75;22155.5;22158;196
20250616 194200;22158.25;22164.75;22156.75;22164;364
20250616 194300;22163.5;22164.75;22159;22160;217
20250616 194400;22159;22160;22154.5;22159.25;348
20250616 194500;22159.5;22164.25;22156;22163;259
20250616 194600;22163.5;22174;22162.25;22172.5;932
20250616 194700;22172.75;22172.75;22166.25;22170;504
20250616 194800;22170.25;22171;22165.25;22169.75;366
20250616 194900;22169.5;22175.25;22164.75;22174.75;506
20250616 195000;22174;22177.25;22171.25;22171.5;661
20250616 195100;22171.75;22171.75;22149.75;22155.25;1785
20250616 195200;22155.5;22159.5;22149.25;22153.75;917
20250616 195300;22154.5;22161.75;22151;22159.5;877
20250616 195400;22159;22160;22149.5;22152.25;944
20250616 195500;22151.5;22177;22146.75;22166;1887
20250616 195600;22166.25;22184.25;22166;22173;1810
20250616 195700;22174;22175.25;22169;22170.5;1017
20250616 195800;22170.25;22171.5;22149.75;22151.25;1477
20250616 195900;22151.5;22153;22144.25;22145.5;2016
20250616 200000;22145.75;22176.75;22139.5;22175.75;6889
20250616 200100;22176;22182.5;22170.75;22172.75;2498
20250616 200200;22172.5;22179.5;22169.5;22178;1051
20250616 200300;22177.5;22186.25;22176.5;22182.25;670
20250616 200400;22182.5;22183;22175.25;22180;546
20250616 200500;22179.75;22184.75;22178;22181;417
20250616 200600;22180.75;22182.5;22176.75;22177.25;299
20250616 200700;22176.75;22177.25;22172.75;22174.75;247
20250616 200800;22174.25;22175.5;22171.25;22172.25;203
20250616 200900;22172.75;22175;22172.25;22173;149
20250616 201000;22174.25;22174.75;22172;22173;103
20250616 201100;22173;22174.75;22172;22174.25;143
20250616 201200;22174;22175.75;22172;22173.25;215
20250616 201300;22172.75;22174.25;22169.5;22173;209
20250616 201400;22173.5;22175.75;22170;22174.75;271
20250616 201500;22174.25;22175.25;22172;22173;132
20250616 201600;22172.5;22173;22171;22171;137
20250616 201700;22171;22172.75;22169.5;22172;156
20250616 201800;22171.75;22172.25;22170;22171;50
20250616 201900;22171;22174.75;22170;22174.75;71
20250616 202000;22174.75;22175.25;22171;22171.25;57
20250616 202100;22171.25;22171.75;22168;22168.5;71
20250616 202200;22168.5;22169.25;22168;22168.5;40
20250616 202300;22168.75;22168.75;22167;22167.75;91
20250616 202400;22168;22170.25;22165.75;22165.75;56
20250616 202500;22165.25;22167.5;22165;22166;57
20250616 202600;22166.5;22167;22164.5;22165;102
20250616 202700;22165.25;22165.25;22160.25;22160.5;186
20250616 202800;22161;22166.5;22160.25;22163.5;86
20250616 202900;22163.25;22169.25;22162.25;22168;86
20250616 203000;22168.5;22170.75;22168.5;22170;60
20250616 203100;22169;22169;22165.5;22166;67
20250616 203200;22166;22166;22164.25;22166;24
20250616 203300;22165.5;22168.25;22165.5;22166.25;48
20250616 203400;22166.25;22168.25;22165.5;22168.25;20
20250616 203500;22167.75;22168.5;22166.25;22168.25;70
20250616 203600;22168.5;22169.75;22166.5;22169.5;58
20250616 203700;22170.75;22172.5;22169.75;22171.75;67
20250616 203800;22171.5;22175.25;22171;22174.75;56
20250616 203900;22175;22175;22172.75;22172.75;36
20250616 204000;22173;22176.5;22173;22175;75
20250616 204100;22174.5;22178.75;22172.75;22177.5;167
20250616 204200;22178.25;22178.75;22170;22173.25;228
20250616 204300;22172.75;22172.75;22171.25;22172.25;28
20250616 204400;22172;22173;22170.5;22171;65
20250616 204500;22170.5;22172.75;22170;22172.5;80
20250616 204600;22172.25;22172.5;22169.25;22169.75;99
20250616 204700;22169.5;22171;22168.25;22171;54
20250616 204800;22170.25;22172.5;22170;22171.25;46
20250616 204900;22171.25;22172.75;22169.5;22172.5;30
20250616 205000;22172.25;22173;22168.5;22173;79
20250616 205100;22172.25;22173.75;22171.75;22173;35
20250616 205200;22173.5;22174.5;22172;22173;21
20250616 205300;22172.25;22172.25;22170.25;22170.25;20
20250616 205400;22170.5;22170.75;22169;22169.25;23
20250616 205500;22168.75;22172.5;22167.75;22168.75;104
20250616 205600;22168.5;22169;22165;22166;94
20250616 205700;22165.5;22167.25;22164.25;22166;59
20250616 205800;22165.5;22165.75;22162.25;22162.25;82
20250616 205900;22162.75;22165.25;22162;22163.75;106
20250616 210000;22164.5;22165.5;22162.25;22162.75;85
20250616 220100;22176;22176;22164.25;22170;174
20250616 220200;22170.25;22177.25;22165.25;22169.25;107
20250616 220300;22169;22170;22156.25;22163.5;94
20250616 220400;22161.25;22168;22161;22165.25;79
20250616 220500;22164.25;22168.25;22164.25;22164.5;19
20250616 220600;22163;22167;22160;22160;23
20250616 220700;22160;22161.5;22158;22159.5;26
20250616 220800;22161.75;22161.75;22156.5;22159.5;32
20250616 220900;22160;22160.25;22159.5;22160.25;6
20250616 221000;22158;22159;22152.75;22156.75;44
20250616 221100;22156;22158.5;22154;22158.5;29
20250616 221200;22155.25;22158.5;22150.25;22150.25;51
20250616 221300;22150.25;22156.5;22149.25;22153;49
20250616 221400;22152.75;22155;22152.75;22154;7
20250616 221500;22155;22157.75;22155;22155.75;11
20250616 221600;22157;22158.75;22155;22158.25;44
20250616 221700;22158;22158;22157.75;22157.75;4
20250616 221800;22156.5;22159.25;22155;22156.5;78
20250616 221900;22155.75;22157.25;22154;22154;27
20250616 222000;22154;22155.25;22149.5;22155.25;44
20250616 222100;22154.5;22155.75;22154;22155.75;24
20250616 222200;22155.25;22155.75;22153;22155.75;21
20250616 222300;22155.5;22157;22155.5;22156.25;5
20250616 222400;22157;22158.25;22155.5;22156;17
20250616 222500;22156;22156;22155.75;22156;5
20250616 222600;22155.5;22155.5;22152.5;22153.5;16
20250616 222700;22154.5;22156.25;22153.75;22153.75;22
20250616 222800;22155.25;22155.25;22153.25;22154;19
20250616 222900;22152.5;22153.75;22148.25;22149.75;76
20250616 223000;22149;22151.25;22148.25;22150;50
20250616 223100;22149.5;22149.5;22146.25;22146.5;63
20250616 223200;22146.5;22146.5;22134.75;22135.75;345
20250616 223300;22135;22135.5;22124.5;22125.5;307
20250616 223400;22124.5;22124.5;22118.5;22119.5;173
20250616 223500;22119.25;22129.75;22118;22125.75;122
20250616 223600;22126.75;22129.75;22125;22129.5;63
20250616 223700;22128.5;22129.75;22115.5;22117.5;112
20250616 223800;22116.25;22121.25;22115.25;22118.5;77
20250616 223900;22119.5;22121.5;22114;22115.5;49
20250616 224000;22115.25;22117.25;22112.5;22117;109
20250616 224100;22117.25;22117.25;22099.5;22102.5;271
20250616 224200;22102.5;22108;22098;22098;123
20250616 224300;22097.5;22105.5;22095.75;22104.5;116
20250616 224400;22104.75;22108.5;22103.75;22105.75;108
20250616 224500;22105.75;22107.5;22102;22104.5;91
20250616 224600;22105.25;22106.25;22098.5;22100.25;122
20250616 224700;22101;22102.75;22092.75;22094.5;237
20250616 224800;22094.75;22094.75;22070.25;22075.75;471
20250616 224900;22076;22079;22069;22076.75;215
20250616 225000;22076.25;22079.75;22072.25;22075.75;140
20250616 225100;22076;22084;22071;22072.25;195
20250616 225200;22071.5;22082;22065.25;22081.75;250
20250616 225300;22081;22095.5;22081;22092.75;180
20250616 225400;22093.75;22096.75;22091.5;22092.75;99
20250616 225500;22092.25;22102.5;22091.75;22098.75;145
20250616 225600;22098;22098.25;22088.5;22090.75;151
20250616 225700;22091.75;22092;22084;22089;105
20250616 225800;22089;22091;22080;22087.75;88
20250616 225900;22088.5;22089.5;22085.5;22086.75;43
20250616 230000;22086.5;22089;22082.75;22084.25;47
20250616 230100;22085.5;22088.5;22077.75;22083.75;231
20250616 230200;22083.25;22083.75;22078;22083.5;71
20250616 230300;22082.25;22086.5;22080.25;22082.5;56
20250616 230400;22083;22092;22081.75;22088.5;92
20250616 230500;22092.25;22101.75;22091.5;22098.25;207
20250616 230600;22098.5;22099.25;22087;22090;128
20250616 230700;22091.5;22094.5;22088.75;22092.5;41
20250616 230800;22093.75;22106.5;22093.5;22106.5;105
20250616 230900;22105;22115.5;22105;22111.25;208
20250616 231000;22110;22112;22105;22105;74
20250616 231100;22104.5;22106;22099.75;22101;72
20250616 231200;22100.75;22102;22090;22095.75;93
20250616 231300;22096.5;22102.5;22092.25;22102.5;37
20250616 231400;22101.75;22102.25;22098.25;22101.5;31
20250616 231500;22101.5;22101.5;22093.25;22096.75;113
20250616 231600;22096.75;22112.5;22095.25;22110.25;111
20250616 231700;22110.5;22117.25;22110.5;22115.75;112
20250616 231800;22114.5;22114.5;22106.75;22106.75;64
20250616 231900;22108;22108;22101;22102.75;44
20250616 232000;22101;22101.75;22091.75;22092;120
20250616 232100;22091.5;22097.75;22091.25;22095.25;169
20250616 232200;22095;22098.25;22095;22095.5;54
20250616 232300;22096;22096;22081;22081;164
20250616 232400;22081.5;22088.75;22079.25;22086.75;93
20250616 232500;22085.25;22085.5;22081;22081.5;70
20250616 232600;22082;22091.25;22071;22090;268
20250616 232700;22091;22098;22090.25;22094.75;143
20250616 232800;22094.25;22102;22094.25;22101.5;156
20250616 232900;22100.75;22102.5;22079.75;22080.25;223
20250616 233000;22078.25;22085;22073.75;22082.75;168
20250616 233100;22079;22080.25;22071.5;22072;116
20250616 233200;22070.75;22070.75;22058;22066.75;292
20250616 233300;22066.5;22066.5;22047;22057.75;376
20250616 233400;22058;22059.5;22054.75;22058.5;116
20250616 233500;22059.25;22062;22053.75;22056.5;171
20250616 233600;22056.5;22060.75;22054.75;22057.25;115
20250616 233700;22056.25;22066.75;22054.5;22064.5;136
20250616 233800;22064.5;22084;22063.25;22080.75;336
20250616 233900;22081.5;22087.5;22079.25;22081.75;169
20250616 234000;22081.25;22083.75;22072;22072;193
20250616 234100;22072.5;22074.25;22062.75;22066.75;236
20250616 234200;22065;22066;22056.75;22062.75;119
20250616 234300;22061;22065;22058.5;22060.75;75
20250616 234400;22061.25;22066.75;22059.25;22062.25;173
20250616 234500;22060;22065.75;22060;22065;34
20250616 234600;22065.5;22073.25;22064.75;22067;96
20250616 234700;22067.25;22067.25;22061.25;22062;72
20250616 234800;22062.25;22063.5;22054;22054.5;85
20250616 234900;22054.5;22057;22020.5;22038.25;928
20250616 235000;22039;22043.75;22034;22035.25;200
20250616 235100;22036.25;22037.75;22022.75;22023;178
20250616 235200;22024;22038;22019.75;22031.75;317
20250616 235300;22032.25;22051.25;22031.75;22049.25;412
20250616 235400;22049.75;22052.25;22036;22042.75;249
20250616 235500;22043.5;22046;22038.5;22043;210
20250616 235600;22043.5;22043.5;22024;22027.5;343
20250616 235700;22026.5;22028.5;22018.75;22025.75;272
20250616 235800;22025.25;22025.25;22018.25;22022;126
20250616 235900;22021.5;22028;22019.75;22020.75;175
20250617 000000;22019.5;22022.75;22015;22016.5;255
20250617 000100;22017;22030;22012.25;22025.75;405
20250617 000200;22026.25;22033.25;22018;22031.5;168
20250617 000300;22032.5;22043.75;22024.25;22027.5;307
20250617 000400;22026.25;22026.25;22007.5;22017.5;306
20250617 000500;22016;22022.25;22014;22018.75;159
20250617 000600;22019.5;22040;22018.5;22028.25;214
20250617 000700;22028;22029.5;22008.5;22009.5;272
20250617 000800;22009;22017.25;22009;22016.5;81
20250617 000900;22017.5;22032.25;22015.25;22032;141
20250617 001000;22031.5;22035.5;22030.75;22033.75;123
20250617 001100;22034.25;22040.75;22032.75;22035;121
20250617 001200;22035.5;22039.5;22034.5;22038;84
20250617 001300;22038.75;22039.25;22034.75;22039.25;90
20250617 001400;22038.75;22046.5;22037.25;22045.5;139
20250617 001500;22046;22052;22043.75;22045;158
20250617 001600;22045;22045;22035.25;22038;211
20250617 001700;22037;22047.5;22037;22041.25;168
20250617 001800;22040.75;22054;22040;22050.5;128
20250617 001900;22050;22059;22049.75;22057.25;165
20250617 002000;22056.75;22062;22054.25;22055.25;169
20250617 002100;22053.75;22060.75;22049.5;22060;212
20250617 002200;22058.5;22062.75;22053.75;22060.25;125
20250617 002300;22060.75;22070;22059;22065;176
20250617 002400;22065.75;22066.75;22060;22065.75;134
20250617 002500;22064;22068.75;22062.75;22068.25;123
20250617 002600;22067;22074;22062.5;22066.5;191
20250617 002700;22065.25;22067.5;22062.5;22067;34
20250617 002800;22066.5;22072.25;22065.25;22071.5;54
20250617 002900;22072.25;22076.5;22060.75;22061.25;190
20250617 003000;22061.25;22066;22057.75;22064;126
20250617 003100;22063.5;22064.25;22048.25;22054.5;149
20250617 003200;22050;22050.5;22041.25;22042.25;149
20250617 003300;22041.25;22069;22040;22067.75;332
20250617 003400;22066.25;22068.5;22056.75;22058.25;105
20250617 003500;22057.5;22062.75;22048;22048.75;105
20250617 003600;22049;22050.75;22035.25;22041.25;140
20250617 003700;22041.25;22064;22040.75;22058.75;213
20250617 003800;22059;22063.25;22052.5;22055.5;238
20250617 003900;22055.75;22058;22042.75;22045.5;128
20250617 004000;22046;22056.25;22045.25;22053.5;97
20250617 004100;22052.75;22057.25;22052.75;22056;52
20250617 004200;22056.25;22058.75;22055;22055.5;34
20250617 004300;22056.5;22064;22054;22054;109
20250617 004400;22055;22055;22050.75;22051;35
20250617 004500;22050.75;22054.5;22048.25;22049.25;77
20250617 004600;22048.5;22051.25;22047;22047.25;89
20250617 004700;22046.75;22048.75;22045;22045.25;80
20250617 004800;22044.5;22049;22043.5;22047.25;50
20250617 004900;22048.25;22048.25;22045;22045.5;30
20250617 005000;22046.5;22055.75;22045.5;22055.25;50
20250617 005100;22056;22070;22053;22067;151
20250617 005200;22067.75;22072.75;22064.75;22070.75;156
20250617 005300;22070.5;22071.5;22066.5;22070.75;82
20250617 005400;22070.5;22072.75;22066;22072;121
20250617 005500;22073;22074.5;22066.75;22069.75;113
20250617 005600;22069.5;22089;22068.25;22083;281
20250617 005700;22083.25;22093.25;22080.75;22090.5;207
20250617 005800;22091.25;22092;22086;22089.5;142
20250617 005900;22089;22090;22086.5;22086.5;68
20250617 010000;22087.5;22090.75;22083;22089.75;98
20250617 010100;22089;22102.25;22088.75;22100.25;243
20250617 010200;22099.5;22099.75;22093.75;22094.5;84
20250617 010300;22094.5;22099.75;22092.75;22092.75;52
20250617 010400;22092.75;22093.75;22088.75;22089.25;96
20250617 010500;22088.75;22093.75;22083.25;22090.75;219
20250617 010600;22091.75;22095.75;22088.5;22092.5;101
20250617 010700;22093;22093.25;22089;22091.25;82
20250617 010800;22089.75;22091;22080.5;22083.25;134
20250617 010900;22083.25;22083.75;22075.25;22077.75;112
20250617 011000;22077.75;22077.75;22062.75;22064.25;200
20250617 011100;22063.25;22064;22052;22054.75;246
20250617 011200;22053.75;22053.75;22047.75;22050.75;108
20250617 011300;22051;22063;22049.75;22062.75;231
20250617 011400;22063;22067.5;22061.25;22062.5;96
20250617 011500;22062.25;22067.75;22062.25;22066.25;47
20250617 011600;22065.75;22066.5;22054.25;22054.25;115
20250617 011700;22053.75;22062.25;22053.25;22059.25;70
20250617 011800;22058.5;22059;22055.5;22058.25;57
20250617 011900;22058.5;22066.5;22058.5;22064.5;98
20250617 012000;22064;22065;22057.25;22058;72
20250617 012100;22059.75;22060.25;22051.25;22054.5;85
20250617 012200;22053.25;22060.25;22051.25;22057.75;97
20250617 012300;22057.75;22061.75;22052;22057;122
20250617 012400;22056.25;22059;22054.5;22058.25;85
20250617 012500;22058.25;22062.25;22057.25;22059.5;78
20250617 012600;22060.25;22063.25;22045.75;22048;290
20250617 012700;22047.25;22054;22043.75;22053;120
20250617 012800;22053.5;22066;22053.25;22062.25;105
20250617 012900;22062;22064.75;22060.5;22063.75;31
20250617 013000;22065.25;22073.5;22065;22070.75;128
20250617 013100;22070.25;22071;22059.25;22064.75;130
20250617 013200;22065;22069.5;22062.25;22063.75;61
20250617 013300;22063.75;22074.25;22061.75;22074.25;60
20250617 013400;22073.75;22076.75;22071.25;22075.75;87
20250617 013500;22074.5;22082.25;22073.5;22076.25;161
20250617 013600;22076;22080.25;22067.25;22068;108
20250617 013700;22066.75;22067;22057.25;22058.75;75
20250617 013800;22057.75;22069.25;22056;22069.25;73
20250617 013900;22067.75;22075.5;22066.5;22069.75;88
20250617 014000;22070.25;22074.25;22070;22072.5;19
20250617 014100;22072.25;22072.75;22069;22071.25;29
20250617 014200;22070.75;22072.75;22068;22072;29
20250617 014300;22072;22073.25;22065.75;22065.75;59
20250617 014400;22064.5;22065.5;22063.75;22064.75;18
20250617 014500;22065.5;22070.25;22062;22070.25;42
20250617 014600;22068.75;22070.5;22066;22066;18
20250617 014700;22066.25;22069;22064;22067.5;25
20250617 014800;22067.25;22071.5;22067.25;22069;39
20250617 014900;22069.25;22070;22067.25;22069.5;21
20250617 015000;22069.75;22083;22069.25;22080;125
20250617 015100;22081.25;22086.25;22080;22082.75;75
20250617 015200;22084.25;22087.5;22084;22086.5;56
20250617 015300;22086.75;22100;22084.75;22090;196
20250617 015400;22089.75;22090.25;22086;22088.25;43
20250617 015500;22087.5;22091.75;22087.5;22088.75;49
20250617 015600;22088.25;22090.25;22085;22085.25;61
20250617 015700;22086;22087.25;22084;22086;55
20250617 015800;22085.25;22085.75;22082.5;22083.25;60
20250617 015900;22084;22085.75;22079.25;22081;152
20250617 020000;22081.5;22081.75;22077.25;22081;92
20250617 020100;22081.25;22083.25;22070.25;22070.25;132
20250617 020200;22071.75;22074.75;22065.5;22069.25;151
20250617 020300;22069;22069.25;22057.25;22058.25;195
20250617 020400;22057.25;22058;22049.5;22054;179
20250617 020500;22054.75;22059.25;22052.25;22058.75;91
20250617 020600;22059.5;22068.5;22059.25;22065;149
20250617 020700;22063.75;22063.75;22048.75;22051.25;128
20250617 020800;22052.25;22053.75;22048;22052.5;60
20250617 020900;22050.25;22051;22045.5;22050;75
20250617 021000;22049;22049.25;22042.75;22046.75;134
20250617 021100;22046.5;22046.5;22038.5;22041.25;122
20250617 021200;22040.75;22046.25;22036.75;22044.5;116
20250617 021300;22044.5;22051;22043.25;22047;84
20250617 021400;22046.75;22047.25;22045;22045.5;45
20250617 021500;22045.75;22046.25;22041;22042.5;54
20250617 021600;22042;22053.5;22041.75;22051.5;174
20250617 021700;22051.5;22058.25;22051.5;22055.5;125
20250617 021800;22056.25;22056.75;22045.5;22045.5;95
20250617 021900;22045.75;22048;22041;22041;103
20250617 022000;22039.25;22043;22038;22041;124
20250617 022100;22041.5;22041.75;22035.5;22037;84
20250617 022200;22036.5;22039.75;22033;22039;86
20250617 022300;22039.5;22044;22039;22043.5;68
20250617 022400;22044;22045.25;22040;22041.25;58
20250617 022500;22039.75;22043;22038;22042.25;43
20250617 022600;22041;22042.5;22040.75;22042.5;16
20250617 022700;22041.75;22043;22027.75;22034.25;203
20250617 022800;22034.5;22035;22026;22031.75;106
20250617 022900;22030.75;22041.5;22029;22038;120
20250617 023000;22037.75;22041.5;22036.25;22038.25;46
20250617 023100;22038.25;22040;22036.5;22037.75;72
20250617 023200;22035.25;22038;22028.25;22029.5;57
20250617 023300;22030.25;22033;22029;22033;35
20250617 023400;22032.5;22032.5;22029;22030.5;31
20250617 023500;22029.25;22032;22021;22028.5;137
20250617 023600;22029.75;22040.25;22029.75;22039.5;70
20250617 023700;22041;22044.5;22039.25;22042.75;73
20250617 023800;22042.75;22044;22040;22044;36
20250617 023900;22043.25;22043.25;22038.25;22041.25;46
20250617 024000;22043.5;22046.5;22040.5;22046.5;60
20250617 024100;22046.75;22047.75;22044.5;22047.25;72
20250617 024200;22047.5;22052.5;22042;22044.5;116
20250617 024300;22044;22044.25;22039.75;22044.25;71
20250617 024400;22043.75;22045;22041.25;22043;25
20250617 024500;22044.5;22049.25;22043;22048.75;51
20250617 024600;22049.5;22053.5;22046.5;22046.5;111
20250617 024700;22047.25;22049.5;22047.25;22049.5;32
20250617 024800;22049.75;22051;22049;22049;60
20250617 024900;22048.5;22055;22048;22054.25;77
20250617 025000;22054;22055;22050.75;22052.75;85
20250617 025100;22052.25;22057;22052.25;22055.5;95
20250617 025200;22054.25;22075.5;22053.5;22057;612
20250617 025300;22057;22079;22054.75;22078.25;213
20250617 025400;22077.75;22106.25;22077.5;22101.5;466
20250617 025500;22103;22110;22100.75;22103;267
20250617 025600;22104.5;22106.25;22093.75;22095.5;128
20250617 025700;22095;22103.25;22094.75;22098.5;105
20250617 025800;22097.25;22102.25;22096;22099.5;52
20250617 025900;22099.25;22102.25;22098.5;22102.25;59
20250617 030000;22105;22117;22103.5;22112.5;239
20250617 030100;22113;22114.25;22103.75;22105.25;116
20250617 030200;22104.75;22106.75;22097.5;22098.75;100
20250617 030300;22098.5;22098.5;22082.5;22086.5;185
20250617 030400;22086.25;22086.75;22069.5;22070;181
20250617 030500;22069.75;22069.75;22059;22065.25;141
20250617 030600;22063.75;22065.25;22058.75;22065;120
20250617 030700;22064.5;22068.75;22061.25;22066.75;97
20250617 030800;22065.75;22069.25;22061.5;22068.25;82
20250617 030900;22069.25;22084.5;22069.25;22084;185
20250617 031000;22084.5;22093;22082.25;22090.5;117
20250617 031100;22090.5;22091;22082;22085.25;62
20250617 031200;22085;22101;22084.25;22101;171
20250617 031300;22099;22101.25;22092;22094;121
20250617 031400;22093.25;22093.5;22083.75;22092.5;69
20250617 031500;22093.25;22093.25;22090.5;22091;30
20250617 031600;22092.25;22094.5;22092.25;22093.25;16
20250617 031700;22094.75;22095;22089.5;22090;28
20250617 031800;22090.25;22090.5;22086.25;22086.25;24
20250617 031900;22086.25;22087.75;22076.25;22079.5;108
20250617 032000;22078.75;22080.25;22076;22077;41
20250617 032100;22076.25;22080;22074.25;22077.25;32
20250617 032200;22076.75;22082;22076;22079;54
20250617 032300;22078;22078;22072;22072;43
20250617 032400;22071;22071;22063.75;22067.5;109
20250617 032500;22065.75;22071.25;22063.25;22065.75;65
20250617 032600;22068.5;22072;22068.5;22069.5;43
20250617 032700;22070.25;22079;22070.25;22075.5;57
20250617 032800;22075.5;22082.25;22075.5;22077.25;74
20250617 032900;22078.25;22078.25;22071.25;22072.25;40
20250617 033000;22070.5;22072.25;22070.5;22072;15
20250617 033100;22074;22074.5;22071;22073.75;31
20250617 033200;22073.5;22078.75;22071.25;22078.75;49
20250617 033300;22079.5;22090;22078.5;22085;144
20250617 033400;22086;22087.5;22080.75;22081.5;40
20250617 033500;22083.25;22089.25;22082.75;22089.25;34
20250617 033600;22089.25;22092.5;22084.25;22084.25;68
20250617 033700;22084.25;22090;22084.25;22087.25;54
20250617 033800;22087.5;22091.75;22087.5;22088.25;32
20250617 033900;22088;22089.5;22087.5;22087.5;4
20250617 034000;22087.25;22089.25;22085;22089;33
20250617 034100;22089.75;22089.75;22088.25;22088.75;6
20250617 034200;22087.75;22088.75;22087;22088.5;9
20250617 034300;22088.25;22092;22088.25;22092;22
20250617 034400;22092.5;22095;22089.75;22092;80
20250617 034500;22093.25;22097;22088.75;22088.75;106
20250617 034600;22090;22090.25;22079;22081;113
20250617 034700;22081.25;22087;22080;22085.75;50
20250617 034800;22085.25;22088.25;22083.75;22087.75;37
20250617 034900;22087;22087;22084.5;22085.5;10
20250617 035000;22086.25;22090;22086;22088.5;31
20250617 035100;22091.75;22093;22086.75;22086.75;71
20250617 035200;22087.25;22087.25;22084.5;22085.75;20
20250617 035300;22086.75;22088.25;22075.75;22075.75;73
20250617 035400;22075.5;22084.25;22075.5;22081.75;74
20250617 035500;22081;22086.75;22079;22082.5;58
20250617 035600;22083.75;22085;22081;22081.5;36
20250617 035700;22080.5;22083.75;22076.25;22078.5;67
20250617 035800;22078.5;22082.25;22077.25;22079.25;27
20250617 035900;22077.75;22079.25;22077.25;22078;33
20250617 040000;22076.75;22082.25;22076.75;22079.5;69
20250617 040100;22079.75;22080.75;22077.5;22080.25;40
20250617 040200;22081.25;22091.75;22081.25;22088;133
20250617 040300;22088;22089.5;22083.75;22088;66
20250617 040400;22088.75;22091;22087.25;22091;46
20250617 040500;22091.25;22096.25;22087.5;22087.5;82
20250617 040600;22088.5;22088.5;22083;22084;54
20250617 040700;22084.25;22088.5;22083.5;22088.5;33
20250617 040800;22089.5;22091;22088.25;22089.25;58
20250617 040900;22088.5;22091;22088;22090.25;41
20250617 041000;22090.75;22093;22088;22088;25
20250617 041100;22088;22088.25;22078.75;22079;92
20250617 041200;22080;22080.5;22074.75;22075.25;75
20250617 041300;22076.25;22078;22074.5;22078;20
20250617 041400;22078.5;22081;22078.5;22080;23
20250617 041500;22080.5;22082.5;22079.5;22080;11
20250617 041600;22078.75;22080.5;22078;22080.25;20
20250617 041700;22079.5;22081.75;22079;22080.25;22
20250617 041800;22080.75;22080.75;22079;22080.5;20
20250617 041900;22081.25;22086.25;22080.5;22086;33
20250617 042000;22086.5;22089;22085.5;22088.5;113
20250617 042100;22089;22092.5;22087.75;22091;60
20250617 042200;22091.5;22092.5;22087;22087.5;118
20250617 042300;22087;22089.75;22082.75;22082.75;189
20250617 042400;22083;22083;22076;22077;132
20250617 042500;22076.25;22080.75;22075.5;22080;56
20250617 042600;22079.75;22081;22077;22077.25;66
20250617 042700;22077;22077.25;22070.5;22077;116
20250617 042800;22077.5;22079;22073.5;22074.5;81
20250617 042900;22074;22078;22072.25;22077.75;39
20250617 043000;22076.75;22077.25;22073.25;22074.5;30
20250617 043100;22072.75;22073.5;22067.5;22071.5;62
20250617 043200;22071;22071.5;22069;22070.75;14
20250617 043300;22070;22070.25;22067.5;22067.75;42
20250617 043400;22067.25;22067.25;22058.75;22059;120
20250617 043500;22058.75;22062.25;22058.75;22062.25;53
20250617 043600;22061.25;22061.25;22056.5;22057.75;49
20250617 043700;22057.75;22057.75;22053.5;22053.75;85
20250617 043800;22054.25;22056.5;22052.25;22055.5;71
20250617 043900;22055.75;22058;22055;22055.5;100
20250617 044000;22055;22057;22054.75;22055;66
20250617 044100;22054.75;22057.75;22054;22057.5;47
20250617 044200;22057.5;22065.5;22057.5;22065.25;54
20250617 044300;22065.5;22067.5;22063.25;22065.25;48
20250617 044400;22065.5;22067.25;22065.5;22066;16
20250617 044500;22065.25;22067;22063.25;22066;51
20250617 044600;22068;22068.25;22065;22068;39
20250617 044700;22068.25;22070.5;22065.25;22070;25
20250617 044800;22071;22074.75;22069.75;22072;89
20250617 044900;22070.75;22072.5;22066.5;22066.5;91
20250617 045000;22067;22068.25;22063.75;22066;44
20250617 045100;22065.75;22067.5;22063.25;22067.5;26
20250617 045200;22066.75;22067.75;22064.75;22064.75;15
20250617 045300;22065.75;22067;22065;22067;21
20250617 045400;22067;22067.25;22063.75;22065.5;43
20250617 045500;22065.5;22067.5;22064.75;22067;28
20250617 045600;22067.5;22078.25;22066.25;22076.25;144
20250617 045700;22076.25;22080.5;22075;22076.75;75
20250617 045800;22076.75;22076.75;22070.75;22072.75;47
20250617 045900;22073;22073.25;22071.5;22072;13
20250617 050000;22071.5;22072;22068;22069.75;25
20250617 050100;22070;22071;22066.25;22067.25;61
20250617 050200;22067.5;22067.75;22064.75;22066.5;52
20250617 050300;22065.75;22072.5;22065.75;22070.5;34
20250617 050400;22072.75;22077.75;22068.25;22068.5;82
20250617 050500;22067.5;22068;22065.75;22067.75;28
20250617 050600;22067;22067.5;22064.75;22066.25;22
20250617 050700;22065.75;22068.75;22065.75;22068.5;24
20250617 050800;22069.75;22072.25;22069.5;22069.5;40
20250617 050900;22069;22070;22069;22070;12
20250617 051000;22068.25;22069;22066.75;22068;15
20250617 051100;22068;22074;22068;22072.75;47
20250617 051200;22072.25;22075.75;22070;22073.5;47
20250617 051300;22072;22075;22071.25;22074.75;24
20250617 051400;22074.75;22082.75;22074.5;22078.75;119
20250617 051500;22080.75;22083.25;22079.75;22082.5;56
20250617 051600;22083.5;22083.5;22080;22080.5;40
20250617 051700;22079.75;22080.5;22056.75;22059.75;355
20250617 051800;22059.75;22072.25;22058.25;22072;121
20250617 051900;22070.25;22076.5;22066;22071.75;74
20250617 052000;22071.25;22073.5;22069.5;22073.25;43
20250617 052100;22073.25;22074.25;22070.5;22074.25;37
20250617 052200;22073.5;22075.5;22071.25;22071.75;49
20250617 052300;22073.25;22074.25;22064;22064;37
20250617 052400;22064;22065.5;22061;22062;67
20250617 052500;22061;22066.5;22060.5;22064.75;45
20250617 052600;22068.25;22069;22066;22067.25;33
20250617 052700;22067;22068.75;22065;22068.25;25
20250617 052800;22069.75;22081.5;22069;22079.75;76
20250617 052900;22080.5;22080.75;22076.75;22078.5;42
20250617 053000;22079.5;22080.75;22078;22080;34
20250617 053100;22080;22085.25;22077;22083.75;81
20250617 053200;22084;22091.5;22084;22090;173
20250617 053300;22092;22093.75;22089;22090.5;74
20250617 053400;22090;22092.25;22089.25;22091.25;27
20250617 053500;22091.25;22091.25;22088.75;22090;23
20250617 053600;22088.75;22093.25;22087.25;22092.75;41
20250617 053700;22093;22093;22090;22092;37
20250617 053800;22092.25;22092.25;22084.5;22084.5;66
20250617 053900;22086;22088.5;22084.25;22088.25;49
20250617 054000;22089.75;22090.5;22086.5;22087;30
20250617 054100;22087;22087.5;22082.5;22087.5;42
20250617 054200;22088.25;22090.25;22087.5;22087.75;20
20250617 054300;22088;22093;22086.75;22091.75;39
20250617 054400;22092.25;22095;22091;22093.75;50
20250617 054500;22093.75;22093.75;22086.75;22086.75;64
20250617 054600;22088.25;22088.75;22084.75;22084.75;34
20250617 054700;22084.75;22084.75;22075.25;22083;134
20250617 054800;22082.5;22083.5;22079.5;22080;57
20250617 054900;22081.25;22081.75;22079;22080.5;40
20250617 055000;22079.75;22080.5;22078;22078.75;22
20250617 055100;22076;22077.25;22069.75;22071.75;75
20250617 055200;22072.75;22074;22069;22069.25;57
20250617 055300;22068.75;22072.75;22062;22071.5;141
20250617 055400;22071;22075;22070.5;22074.5;38
20250617 055500;22073.75;22073.75;22070.75;22071;21
20250617 055600;22070.75;22076;22070;22075.5;71
20250617 055700;22075.25;22083.5;22075;22083.25;112
20250617 055800;22083.25;22087;22079.75;22083;84
20250617 055900;22083;22083.25;22081.5;22082.75;21
20250617 060000;22082.5;22084;22082.5;22082.5;27
20250617 060100;22082;22085.5;22079.25;22081.75;79
20250617 060200;22080.25;22089;22078.75;22087.25;89
20250617 060300;22087.75;22093;22084;22086.25;143
20250617 060400;22086.5;22094;22084.75;22093;68
20250617 060500;22093;22096.5;22091.5;22096;93
20250617 060600;22095.25;22095.5;22091;22092.5;44
20250617 060700;22092.75;22095.75;22091.75;22095.5;41
20250617 060800;22095;22097;22092;22096.75;39
20250617 060900;22097.5;22103;22097;22099.75;200
20250617 061000;22101;22104;22100.5;22103;75
20250617 061100;22104.5;22105;22101;22103.75;86
20250617 061200;22104;22107.25;22103.5;22104.25;60
20250617 061300;22105.25;22108.5;22104.25;22104.75;53
20250617 061400;22104.25;22104.75;22100.25;22102.25;74
20250617 061500;22103.25;22105.5;22101.5;22102.25;71
20250617 061600;22102;22106.5;22101.25;22105.5;80
20250617 061700;22106.25;22108.5;22104.25;22107.25;89
20250617 061800;22107;22122;22107;22120.25;271
20250617 061900;22121.5;22122.25;22116.5;22116.5;76
20250617 062000;22116.75;22116.75;22111;22113.5;79
20250617 062100;22113.75;22119;22111.5;22113.75;56
20250617 062200;22113.25;22119;22110.75;22111.5;67
20250617 062300;22111;22118;22110.5;22118;75
20250617 062400;22118.5;22118.5;22114.5;22114.75;49
20250617 062500;22114.75;22115.25;22110;22110.5;40
20250617 062600;22110;22112.75;22107;22109.5;54
20250617 062700;22108;22111;22106.25;22111;54
20250617 062800;22110.5;22115.25;22110.5;22114.25;39
20250617 062900;22114;22114.5;22109;22109;55
20250617 063000;22108.25;22111.5;22105.75;22110.75;38
20250617 063100;22111.75;22117.75;22108;22114.25;121
20250617 063200;22114;22116;22105.5;22109.5;140
20250617 063300;22110;22115;22107;22113.75;188
20250617 063400;22112.75;22116.75;22112.75;22116.25;40
20250617 063500;22115;22117.5;22110;22110;96
20250617 063600;22110;22110.25;22105.75;22109.5;74
20250617 063700;22108.5;22109.5;22094.25;22095.5;205
20250617 063800;22095.75;22098.25;22090.75;22090.75;84
20250617 063900;22091.25;22102.5;22091.25;22101.75;101
20250617 064000;22100.5;22108.5;22100.5;22108.5;89
20250617 064100;22109.25;22111.25;22107;22107.75;81
20250617 064200;22106.25;22116;22105.75;22115;91
20250617 064300;22114.5;22115.5;22105.75;22111;112
20250617 064400;22112.25;22116.5;22109.25;22109.5;71
20250617 064500;22110;22110;22098.75;22099;83
20250617 064600;22099.5;22105.25;22099;22105.25;75
20250617 064700;22104;22104;22101.5;22101.5;25
20250617 064800;22101.5;22103.25;22098.75;22101;48
20250617 064900;22099.75;22101;22096.5;22097.5;61
20250617 065000;22096.5;22097;22085.75;22086;137
20250617 065100;22086.25;22088.75;22080.25;22081.25;136
20250617 065200;22080.75;22082.5;22078.5;22080.75;79
20250617 065300;22080.75;22087.5;22075.75;22083.75;147
20250617 065400;22083.5;22087.25;22082.5;22083.25;77
20250617 065500;22083;22086.5;22081.25;22082;59
20250617 065600;22081.25;22083.75;22078.25;22080.25;48
20250617 065700;22080;22080.25;22073.5;22074.75;120
20250617 065800;22074.75;22076;22059.25;22062.75;318
20250617 065900;22062.75;22064;22057;22059;249
20250617 070000;22058.75;22066.25;22057;22065.25;182
20250617 070100;22064.75;22078.5;22060;22076.75;285
20250617 070200;22076.75;22084.5;22076.25;22084;178
20250617 070300;22084.5;22089.5;22076.25;22083.5;212
20250617 070400;22084;22084;22076.5;22077.25;71
20250617 070500;22076;22076.25;22058.25;22062;187
20250617 070600;22062;22065;22056.25;22058.25;178
20250617 070700;22057.5;22064.75;22055.25;22063.5;184
20250617 070800;22064;22072;22064;22066.75;117
20250617 070900;22067;22073;22063;22065;69
20250617 071000;22065.5;22065.75;22056.5;22056.5;78
20250617 071100;22056.5;22064.25;22053.25;22057.5;107
20250617 071200;22057.25;22058.75;22047.5;22048.75;168
20250617 071300;22049.5;22052.75;22044.25;22045;98
20250617 071400;22043.75;22045.5;22040;22044.75;155
20250617 071500;22045.5;22050.75;22044.75;22048.25;80
20250617 071600;22048.25;22048.75;22041.25;22046.25;73
20250617 071700;22046.25;22058;22046.25;22054;118
20250617 071800;22054.5;22056.25;22050.25;22055.5;88
20250617 071900;22056;22056;22050;22052.75;55
20250617 072000;22052;22052;22041;22046.75;141
20250617 072100;22048;22048;22029;22030.5;249
20250617 072200;22029.25;22035.75;22019;22034.75;355
20250617 072300;22035.5;22037.75;22020;22026;189
20250617 072400;22026.5;22033.75;22024.5;22033.25;107
20250617 072500;22034;22036.75;22026.25;22026.5;111
20250617 072600;22025.75;22025.75;22004;22011;462
20250617 072700;22011.75;22027.5;22011;22025;213
20250617 072800;22024;22028.25;22019;22025;131
20250617 072900;22026.5;22029;22024;22028.25;92
20250617 073000;22027.5;22031.25;22025.5;22027;113
20250617 073100;22027.5;22033.75;22021;22025.25;105
20250617 073200;22022;22039;22019.75;22037.5;199
20250617 073300;22038.75;22046.5;22038.25;22040.25;148
20250617 073400;22041;22045;22037.25;22039.25;120
20250617 073500;22041.75;22042.75;22031.5;22035;98
20250617 073600;22033.75;22038.75;22030;22038.75;69
20250617 073700;22038.25;22038.5;22032.5;22038.25;41
20250617 073800;22038.25;22044.75;22034.25;22036.5;75
20250617 073900;22037.75;22038;22033.75;22036.75;61
20250617 074000;22037.75;22037.75;22029.5;22036.5;97
20250617 074100;22036.75;22037.25;22030;22030.5;67
20250617 074200;22029.75;22035.75;22028.25;22032;62
20250617 074300;22032.5;22034.25;22024.5;22029;71
20250617 074400;22029.5;22037.25;22029.5;22036;45
20250617 074500;22036.5;22039;22031.75;22035.5;31
20250617 074600;22036;22038.75;22029;22035;56
20250617 074700;22038.25;22045.25;22036.5;22041;69
20250617 074800;22040.75;22042.25;22038.75;22040;22
20250617 074900;22042;22044;22039.25;22039.25;24
20250617 075000;22039.75;22050.25;22039.75;22044.5;49
20250617 075100;22046.75;22047;22031;22031.5;54
20250617 075200;22031.75;22042;22029;22040.75;67
20250617 075300;22041;22042.75;22035.5;22039;77
20250617 075400;22038.25;22045.5;22035.75;22045.5;24
20250617 075500;22048.5;22056.25;22047;22055;173
20250617 075600;22053.25;22061.5;22048;22058;177
20250617 075700;22058;22058;22045.25;22049.75;122
20250617 075800;22047.5;22052;22046;22048.25;82
20250617 075900;22050.5;22053.75;22043;22043;88
20250617 080000;22043.5;22043.5;22039;22041.5;55
20250617 080100;22039.25;22044.5;22022.5;22043.25;284
20250617 080200;22044;22051.5;22043.25;22045.5;126
20250617 080300;22046.75;22053.75;22046.25;22050.75;111
20250617 080400;22050;22054.25;22047.25;22049.25;117
20250617 080500;22050;22053;22045.25;22047.5;110
20250617 080600;22047.75;22056.75;22047.5;22051.75;99
20250617 080700;22054.5;22058;22052.75;22054.5;55
20250617 080800;22056;22059.75;22048.5;22053.75;71
20250617 080900;22053;22056.75;22049.25;22056.75;59
20250617 081000;22057;22059.75;22052;22057.25;85
20250617 081100;22057.75;22063.5;22056.75;22057.75;85
20250617 081200;22058.25;22063.5;22057;22061;65
20250617 081300;22061;22061.25;22055.75;22059.5;57
20250617 081400;22059.75;22061.25;22054.75;22055.75;43
20250617 081500;22055.5;22057.75;22051.5;22051.5;35
20250617 081600;22053.25;22053.75;22042;22046.25;68
20250617 081700;22045.75;22053.25;22043.75;22044.25;174
20250617 081800;22044.25;22052.25;22038;22050.25;136
20250617 081900;22050;22050;22046.25;22048;51
20250617 082000;22048;22048;22040.75;22042.75;42
20250617 082100;22043.25;22048;22041.75;22046.25;32
20250617 082200;22048.25;22049.25;22043.5;22043.5;52
20250617 082300;22044;22050.5;22041.5;22047.75;67
20250617 082400;22048.5;22050;22047.5;22047.5;12
20250617 082500;22048.25;22051;22047.25;22049.25;47
20250617 082600;22049;22052.5;22044;22052.25;44
20250617 082700;22050.75;22058;22048.25;22056.5;49
20250617 082800;22059.5;22061.5;22058;22060;62
20250617 082900;22059.75;22063.25;22057.75;22062;68
20250617 083000;22061;22061;22054.5;22055.75;35
20250617 083100;22055;22058;22052;22054;45
20250617 083200;22055;22059.25;22053.75;22054;36
20250617 083300;22054.5;22056;22048.75;22055.75;96
20250617 083400;22056;22056;22051.5;22052.75;65
20250617 083500;22052;22053;22047;22052;30
20250617 083600;22051;22051;22048;22049.5;14
20250617 083700;22049;22054.75;22048.5;22054.75;25
20250617 083800;22056;22064.75;22056;22063;80
20250617 083900;22063.25;22066.75;22058;22059.5;56
20250617 084000;22057.25;22057.25;22050;22050;40
20250617 084100;22049.75;22049.75;22043.75;22048;56
20250617 084200;22047.5;22050.5;22044.25;22047;37
20250617 084300;22047.75;22051.5;22047.25;22048;19
20250617 084400;22044.5;22049;22044.25;22047;50
20250617 084500;22047.75;22048.5;22045.25;22048.25;22
20250617 084600;22050.25;22054.5;22047.75;22053.25;31
20250617 084700;22049.5;22059.75;22049.25;22059.75;49
20250617 084800;22060;22062.5;22057.75;22062.5;45
20250617 084900;22063;22063.75;22059.75;22063.25;46
20250617 085000;22062.5;22064;22060.75;22063.25;42
20250617 085100;22063.5;22063.75;22057;22058;19
20250617 085200;22057;22057.75;22054;22054;22
20250617 085300;22054;22058.5;22054;22057.75;43
20250617 085400;22059.5;22059.5;22053.5;22056.75;23
20250617 085500;22059.25;22083.25;22045;22047.5;734
20250617 085600;22050.75;22056.5;22028;22034;486
20250617 085700;22035.75;22049.25;22035.25;22046;153
20250617 085800;22046;22052.75;22046;22052;48
20250617 085900;22052.25;22066.75;22047.75;22063.75;122
20250617 090000;22064.75;22065;22059.75;22065;62
20250617 090100;22065.5;22070.75;22061.25;22068.75;51
20250617 090200;22069.75;22076;22069.75;22073.5;90
20250617 090300;22072.75;22074.75;22066.25;22073.5;53
20250617 090400;22073.25;22084;22071.75;22077;227
20250617 090500;22076;22076.25;22064.75;22066.5;97
20250617 090600;22066;22067;22060.25;22062.25;35
20250617 090700;22063;22063.5;22055.5;22056.75;83
20250617 090800;22055.5;22058.75;22053;22057;39
20250617 090900;22055.5;22062.5;22054.75;22060;25
20250617 091000;22059.75;22059.75;22054.75;22055.25;18
20250617 091100;22057.25;22057.25;22052.75;22052.75;19
20250617 091200;22054.75;22057.5;22052.5;22057.5;15
20250617 091300;22058;22058;22042.25;22044.25;67
20250617 091400;22042.5;22042.5;22037;22042;90
20250617 091500;22041;22049.5;22040.75;22045;99
20250617 091600;22045.25;22049.75;22045.25;22047.75;25
20250617 091700;22048.25;22048.75;22041.25;22042.25;38
20250617 091800;22042.5;22046;22042.5;22045.25;50
20250617 091900;22045.25;22048.25;22044;22045;53
20250617 092000;22044.5;22046.25;22042.25;22042.5;69
20250617 092100;22042.75;22046.75;22038;22038.5;70
20250617 092200;22037.75;22050;22021.25;22041;600
20250617 092300;22041.75;22045;22034.75;22040;84
20250617 092400;22041.75;22051;22038.25;22045;163
20250617 092500;22046;22046;22035.25;22040;62
20250617 092600;22038.5;22039.5;22035;22035.5;31
20250617 092700;22035;22035.75;22033;22033.5;21
20250617 092800;22031.25;22037.25;22031;22032.75;46
20250617 092900;22032.25;22033.5;22027.5;22032.25;55
20250617 093000;22030.75;22044.5;22029;22041.5;99
20250617 093100;22039.25;22044;22036.75;22036.75;64
20250617 093200;22038;22041.75;22038;22039.5;24
20250617 093300;22039.5;22041;22037.5;22039;17
20250617 093400;22039;22039.5;22026.5;22030.5;41
20250617 093500;22028.5;22032.5;22027.25;22031;29
20250617 093600;22030.25;22033;22026;22033;29
20250617 093700;22031;22034.5;22030;22030.5;29
20250617 093800;22030.5;22038;22030.5;22037.5;24
20250617 093900;22033.5;22036.25;22030.75;22036.25;31
20250617 094000;22032.75;22034.5;22031;22033.25;39
20250617 094100;22033.5;22034.25;22029.75;22032.25;25
20250617 094200;22032.5;22042.5;22032;22039.5;41
20250617 094300;22041.75;22043.5;22037.25;22037.25;26
20250617 094400;22037.75;22039.75;22035.25;22039;18
20250617 094500;22042;22048.25;22042;22045.5;39
20250617 094600;22044.5;22046.25;22041.5;22044.25;51
20250617 094700;22043.75;22046.5;22040.75;22046.5;27
20250617 094800;22047;22049;22043.75;22045.25;87
20250617 094900;22044.75;22049.5;22043.75;22048.25;20
20250617 095000;22048;22049;22047.25;22049;17
20250617 095100;22049.75;22051.5;22048.5;22049.75;20
20250617 095200;22050.5;22050.5;22043.25;22043.25;35
20250617 095300;22044;22044;22037.75;22037.75;42
20250617 095400;22037.5;22039.75;22036;22039;39
20250617 095500;22037.75;22037.75;22026;22029.75;106
20250617 095600;22030;22030.75;22026;22030.5;44
20250617 095700;22029.25;22029.75;22027;22027.75;23
20250617 095800;22027.5;22034.5;22026.25;22034.5;35
20250617 095900;22033;22039;22032;22037.5;51
20250617 100000;22038;22038;22033;22033;27
20250617 100100;22033;22033.75;22026;22027.75;57
20250617 100200;22029;22036;22027.75;22036;50
20250617 100300;22036.75;22038.75;22036.25;22037;35
20250617 100400;22037;22041.5;22033.5;22040.25;57
20250617 100500;22040;22046;22039.5;22044.25;70
20250617 100600;22043.5;22047;22043.25;22047;22
20250617 100700;22048;22048.5;22045;22047.25;36
20250617 100800;22048.5;22051;22042.25;22044;64
20250617 100900;22044.75;22046.25;22044.75;22045.75;13
20250617 101000;22046;22046;22042.25;22045.5;22
20250617 101100;22043;22048.25;22043;22046.25;28
20250617 101200;22047;22051;22047;22049.25;25
20250617 101300;22050;22055;22047.25;22051;182
20250617 101400;22051.5;22054;22043.5;22043.5;72
20250617 101500;22043.25;22049;22042.25;22043.5;40
20250617 101600;22042.25;22045;22039.75;22042.25;48
20250617 101700;22042.25;22043.75;22034;22037;65
20250617 101800;22037.25;22037.75;22032.25;22032.25;67
20250617 101900;22033.25;22036.5;22033.25;22035;85
20250617 102000;22035.5;22035.5;22033.5;22034.5;12
20250617 102100;22034.5;22037.75;22034;22037.5;24
20250617 102200;22037.25;22039.75;22034;22035.75;47
20250617 102300;22035.75;22039;22035.75;22037;20
20250617 102400;22039.5;22039.5;22036.25;22036.25;8
20250617 102500;22035;22036.75;22033.75;22033.75;15
20250617 102600;22033.25;22035.5;22027.25;22030.25;93
20250617 102700;22031.25;22032.25;22023.75;22027.5;121
20250617 102800;22027.5;22027.5;22025;22027.5;41
20250617 102900;22028;22029;22024.5;22026;37
20250617 103000;22025.5;22030.5;22025.5;22029.5;31
20250617 103100;22028;22030.5;22027;22028.25;16
20250617 103200;22028.75;22030;22028.5;22029.75;30
20250617 103300;22030.25;22034;22029;22029;31
20250617 103400;22031;22031.25;22026;22027.75;58
20250617 103500;22026;22028.75;22026;22026.75;34
20250617 103600;22025.75;22028.25;22025.25;22025.5;24
20250617 103700;22026.75;22028.75;22025.75;22027.75;19
20250617 103800;22026.25;22026.25;22015.75;22019.5;157
20250617 103900;22019.25;22019.25;22007.5;22010.25;214
20250617 104000;22009.75;22012;21998.25;22006.75;402
20250617 104100;22006.25;22006.25;21996.75;22002.75;128
20250617 104200;22003.25;22006;22000.75;22005;95
20250617 104300;22004.75;22010.75;22004.5;22009.5;92
20250617 104400;22010;22016;21999.75;22004.25;273
20250617 104500;22003;22008.5;22000.5;22002.25;90
20250617 104600;22002.25;22009.5;21999.75;22001;94
20250617 104700;22000.25;22016;21996;22016;138
20250617 104800;22016.25;22021;22015.5;22017.5;101
20250617 104900;22017.75;22018.5;22008.25;22011.5;128
20250617 105000;22011;22018.25;22004.25;22015.75;155
20250617 105100;22016.75;22018;22013.25;22016.5;71
20250617 105200;22018.5;22027.75;22018.5;22026.5;111
20250617 105300;22027;22031.25;22024.5;22031;100
20250617 105400;22030;22035;22028.5;22032.25;77
20250617 105500;22032.5;22033.75;22030.25;22032.25;40
20250617 105600;22032.75;22033.5;22030.5;22032.75;37
20250617 105700;22032.5;22038.75;22031.5;22036.75;118
20250617 105800;22036.75;22039;22033.25;22035.25;47
20250617 105900;22034.25;22036.75;22028;22036.75;89
20250617 110000;22037.25;22041.75;22036.25;22039.5;76
20250617 110100;22038.5;22039.5;22029.75;22032.25;112
20250617 110200;22033.25;22037;22030;22035.75;68
20250617 110300;22034.5;22040;22034.25;22040;41
20250617 110400;22040;22046.5;22038.5;22044;126
20250617 110500;22045.5;22048.25;22044.5;22045.75;122
20250617 110600;22045.5;22047;22043.5;22047;43
20250617 110700;22048;22049;22046;22047.75;24
20250617 110800;22047.75;22048.25;22043;22047;87
20250617 110900;22047;22047.5;22043.75;22043.75;28
20250617 111000;22044;22045.5;22040.25;22045.5;37
20250617 111100;22045.25;22048;22043;22043.5;64
20250617 111200;22044.25;22050.25;22044.25;22050.25;66
20250617 111300;22049.25;22055.5;22049.25;22053.75;106
20250617 111400;22053.25;22053.25;22049;22049;61
20250617 111500;22049.5;22051;22048.25;22048.25;55
20250617 111600;22048.5;22054;22048.5;22054;96
20250617 111700;22055;22057;22053;22053.5;90
20250617 111800;22052.75;22053.5;22050.5;22053.5;59
20250617 111900;22053.25;22059.25;22052.5;22059.25;54
20250617 112000;22057.75;22060;22055.75;22055.75;59
20250617 112100;22055.75;22065.75;22055.75;22061.25;169
20250617 112200;22062.5;22065.75;22062.5;22063.25;40
20250617 112300;22063.5;22063.75;22059.5;22061.75;69
20250617 112400;22061;22063.75;22060;22060;44
20250617 112500;22060.75;22061;22058.75;22061;49
20250617 112600;22060.75;22074;22059.5;22063;328
20250617 112700;22063;22066;22060.5;22061.5;79
20250617 112800;22061.5;22061.5;22055.75;22058.75;91
20250617 112900;22058.5;22059.25;22055.5;22058.5;33
20250617 113000;22058.75;22062;22055;22058.75;94
20250617 113100;22058;22062.25;22055.25;22058;75
20250617 113200;22059;22060.75;22057.5;22057.5;43
20250617 113300;22057.75;22065.5;22056;22056.75;111
20250617 113400;22057;22059.5;22053.25;22058.25;80
20250617 113500;22057.5;22059.25;22053.75;22056.25;42
20250617 113600;22056.5;22064;22054;22063.75;91
20250617 113700;22063.5;22065.5;22059;22064.75;93
20250617 113800;22065;22069.5;22062.5;22065;111
20250617 113900;22064.75;22067.5;22061.75;22065.75;34
20250617 114000;22067;22067.25;22063.75;22064.5;26
20250617 114100;22065;22065.75;22052.5;22056;119
20250617 114200;22055.25;22058.5;22049.75;22052.75;80
20250617 114300;22053.25;22057.25;22049.5;22049.75;66
20250617 114400;22051.5;22054.25;22049.75;22053;59
20250617 114500;22054;22054.75;22050.25;22051.75;26
20250617 114600;22052.5;22056;22050;22050;49
20250617 114700;22050;22053.25;22049.75;22052.25;30
20250617 114800;22051.25;22053.25;22050.5;22052.25;47
20250617 114900;22052.5;22054.5;22048.5;22049.75;25
20250617 115000;22050.5;22050.5;22045.5;22047.5;86
20250617 115100;22047.25;22049.25;22046.5;22049.25;19
20250617 115200;22049.5;22053.25;22048.5;22052.25;27
20250617 115300;22051.5;22054.75;22050.25;22053;39
20250617 115400;22051.75;22053.75;22048.25;22051.75;26
20250617 115500;22051;22054.5;22046.5;22052.25;52
20250617 115600;22051.5;22059.75;22050.25;22059;73
20250617 115700;22058.75;22068;22058.5;22067.25;188
20250617 115800;22066.25;22075;22066.25;22072.25;182
20250617 115900;22072.25;22074.5;22070;22070.75;97
20250617 120000;22071.75;22073.75;22071;22072.5;45
20250617 120100;22072.75;22073;22066.25;22068.75;207
20250617 120200;22070;22078;22066.75;22077.75;228
20250617 120300;22077.75;22089.5;22076.5;22084.75;293
20250617 120400;22085;22085;22080;22080;59
20250617 120500;22080.25;22083.25;22079.75;22082;97
20250617 120600;22082.5;22086.5;22081;22081.5;64
20250617 120700;22081.5;22086.25;22079.75;22084.5;63
20250617 120800;22083.5;22084.5;22078;22083;58
20250617 120900;22083;22083;22077;22078.75;47
20250617 121000;22077.25;22078;22066.5;22067.25;128
20250617 121100;22066.75;22075;22065;22066.25;152
20250617 121200;22067.25;22072.25;22066.25;22071.75;69
20250617 121300;22073.5;22081.25;22073.5;22079.5;73
20250617 121400;22080;22083.5;22078.25;22083.5;63
20250617 121500;22083.5;22085.25;22081;22083.25;110
20250617 121600;22084.25;22088.75;22084.25;22088;47
20250617 121700;22087.5;22094.25;22082.75;22083.75;206
20250617 121800;22083;22084.5;22078;22078.25;106
20250617 121900;22078.75;22080.75;22076.5;22077;76
20250617 122000;22076.5;22077.5;22071.5;22075.5;121
20250617 122100;22075;22080.25;22071.75;22080;154
20250617 122200;22080.75;22082;22077.5;22081.75;94
20250617 122300;22083;22085.5;22081.25;22083;67
20250617 122400;22083.75;22087.5;22082.25;22084;105
20250617 122500;22083;22086.75;22083;22085.25;55
20250617 122600;22086.25;22087.25;22082.75;22086.75;86
20250617 122700;22086.75;22087.25;22082.5;22084.5;59
20250617 122800;22085;22086.75;22083;22083.5;66
20250617 122900;22083;22084.25;22078.25;22082.75;144
20250617 123000;22082.25;22087.75;22082.25;22087.25;98
20250617 123100;22085;22101;22040;22071.75;503
20250617 123200;22072.75;22075.25;22060.25;22072.75;290
20250617 123300;22071.5;22093.25;22069.5;22071.75;528
20250617 123400;22070.75;22072.25;22062.5;22072.25;246
20250617 123500;22072.25;22078.5;22067.5;22074;156
20250617 123600;22073;22075;22069.5;22072.25;73
20250617 123700;22072.75;22076.5;22063.25;22072;115
20250617 123800;22071.5;22076;22062;22066;159
20250617 123900;22065.25;22071.5;22064.5;22071.5;185
20250617 124000;22070.75;22085.75;22069.75;22081.5;144
20250617 124100;22082.75;22095.5;22079.5;22093;311
20250617 124200;22092.75;22095.25;22080.5;22081.5;172
20250617 124300;22081.25;22091.5;22081;22082.75;141
20250617 124400;22084;22085.25;22075;22079.25;137
20250617 124500;22079.75;22082.5;22077.5;22081.5;62
20250617 124600;22082;22084;22072.75;22073.25;108
20250617 124700;22072.75;22080;22068.25;22075;230
20250617 124800;22073.5;22073.5;22064.5;22069;112
20250617 124900;22066.5;22066.5;22058;22060.75;204
20250617 125000;22060.25;22061.5;22055.25;22057.5;141
20250617 125100;22058.25;22059;22048.75;22058.25;259
20250617 125200;22058.25;22058.5;22053.5;22056;105
20250617 125300;22054.75;22060.5;22050.5;22053.75;192
20250617 125400;22054.5;22057.25;22050;22056;85
20250617 125500;22056.75;22056.75;22051.5;22053.75;125
20250617 125600;22052.5;22053.25;22048.75;22051.25;82
20250617 125700;22049.5;22049.5;22039.75;22046.25;261
20250617 125800;22046;22054;22044.75;22052;190
20250617 125900;22051.5;22053.75;22049.25;22052.25;150
20250617 130000;22052.5;22056.25;22051.75;22051.75;96
20250617 130100;22051.5;22054.25;22045;22045;182
20250617 130200;22043.75;22058.75;22041.25;22056.25;212
20250617 130300;22057.25;22061.25;22052.5;22054;169
20250617 130400;22054;22055.25;22046;22048.5;103
20250617 130500;22048.75;22052;22046.25;22051.5;90
20250617 130600;22050.25;22053.25;22048.25;22050.25;101
20250617 130700;22051;22052.25;22048.5;22051;108
20250617 130800;22049.5;22051.75;22044;22045;73
20250617 130900;22045;22047.25;22040;22046.75;137
20250617 131000;22045.5;22047;22040.75;22046.25;86
20250617 131100;22046;22046;22040.25;22041.5;178
20250617 131200;22040.75;22047;22040.75;22047;100
20250617 131300;22045.5;22049;22043;22044;73
20250617 131400;22045.5;22049.75;22044.5;22045.75;84
20250617 131500;22046;22048.75;22043.25;22045.75;73
20250617 131600;22046.25;22047.75;22033;22037;247
20250617 131700;22037.25;22042.5;22035.5;22039.25;121
20250617 131800;22039.5;22044.25;22039;22044.25;79
20250617 131900;22043.75;22047;22041.5;22044;91
20250617 132000;22042.75;22052.5;22041.75;22051.25;131
20250617 132100;22051.5;22059.75;22051;22056.75;226
20250617 132200;22057.25;22062.25;22056;22059.5;165
20250617 132300;22059.5;22059.5;22050;22052.75;161
20250617 132400;22053.5;22055;22044.75;22047.25;185
20250617 132500;22048.25;22057.75;22047.75;22051.5;213
20250617 132600;22055;22059;22048;22056.25;251
20250617 132700;22055.5;22056.75;22051.25;22053.5;123
20250617 132800;22054;22057;22048;22055.75;240
20250617 132900;22055.5;22065;22050.5;22060.75;585
20250617 133000;22060;22065.5;22058.25;22063;521
20250617 133100;22064;22104.5;22055.5;22096.25;3546
20250617 133200;22096.75;22110;22086;22098.5;2003
20250617 133300;22099;22099.75;22071.5;22083.5;1569
20250617 133400;22083.25;22087;22075.5;22085.75;1156
20250617 133500;22085.5;22089.5;22075.5;22084;1155
20250617 133600;22084.75;22090;22074;22081.25;868
20250617 133700;22081.5;22083;22075;22078;712
20250617 133800;22080;22080;22067.25;22071.25;820
20250617 133900;22071.5;22079.5;22067.25;22075.75;741
20250617 134000;22075.5;22087.75;22075.5;22084.75;1142
20250617 134100;22084.5;22090.25;22076.5;22084;989
20250617 134200;22084;22091.75;22070.75;22071;1130
20250617 134300;22070.75;22074.5;22040.25;22051.75;3065
20250617 134400;22052.25;22056.75;22037.75;22044;1209
20250617 134500;22044;22044.5;22029;22035;1365
20250617 134600;22034.5;22049;22026;22041.75;1579
20250617 134700;22042.5;22057;22039;22054.75;1189
20250617 134800;22055.25;22070.25;22054.5;22060;1202
20250617 134900;22060.25;22072;22057.75;22060;1384
20250617 135000;22060;22069.75;22053.25;22057.25;1105
20250617 135100;22057.75;22062.75;22048;22051.5;839
20250617 135200;22051.5;22073.75;22046.5;22070.75;910
20250617 135300;22071.25;22096.75;22071.25;22084.5;1707
20250617 135400;22085.25;22086.5;22072.25;22074.5;944
20250617 135500;22073.75;22082.75;22073;22077;630
20250617 135600;22077.25;22077.5;22064.75;22066;689
20250617 135700;22065.5;22095.25;22062;22089.75;1797
20250617 135800;22090;22094.5;22087;22092.75;865
20250617 135900;22093.5;22094.75;22087.5;22089;498
20250617 140000;22088;22095.75;22088;22095.5;699
20250617 140100;22095;22115;22088.75;22091;2296
20250617 140200;22091.5;22099.5;22077.5;22080.5;1192
20250617 140300;22080.25;22090;22076.5;22084.25;944
20250617 140400;22085;22088.75;22081.5;22082.75;494
20250617 140500;22083.25;22089;22069.75;22077.25;930
20250617 140600;22077;22082.5;22071.5;22078.75;736
20250617 140700;22079.25;22089.5;22078;22087.75;958
20250617 140800;22087.5;22096;22087.25;22092.25;726
20250617 140900;22092.75;22100.75;22091;22098.25;659
20250617 141000;22098.5;22107.25;22097.5;22105.75;584
20250617 141100;22105.5;22111;22101.5;22107;698
20250617 141200;22106.75;22117;22106.75;22114.25;1059
20250617 141300;22114.25;22123.5;22113.5;22120.5;1071
20250617 141400;22120.25;22124.5;22116.25;22116.75;693
20250617 141500;22116.75;22130.25;22116;22121.5;889
20250617 141600;22121.5;22127.5;22116.75;22125.75;1070
20250617 141700;22124.75;22133.5;22123.75;22124.75;831
20250617 141800;22125;22130.25;22120.25;22120.25;659
20250617 141900;22120.5;22123.5;22105.5;22109;1086
20250617 142000;22109.5;22115.75;22104.5;22111.25;640
20250617 142100;22111.25;22118.5;22111;22116.75;538
20250617 142200;22117.75;22118.25;22107;22113;926
20250617 142300;22112.75;22114.25;22107;22108;382
20250617 142400;22108;22115.75;22107.75;22112;296
20250617 142500;22113.5;22114;22095;22101.5;880
20250617 142600;22101.5;22106.25;22096.75;22101.75;574
20250617 142700;22100.75;22105;22093.75;22098.5;434
20250617 142800;22098.75;22107.25;22094.75;22107.25;491
20250617 142900;22106.5;22109.75;22101.5;22105.5;501
20250617 143000;22105.25;22107.5;22100.5;22103;347
20250617 143100;22102.5;22107.75;22099.25;22106.5;583
20250617 143200;22106.5;22113;22102.25;22103.75;760
20250617 143300;22103.5;22107.25;22100.75;22106;274
20250617 143400;22105.75;22111;22104.75;22105.75;263
20250617 143500;22105.75;22107.75;22101.5;22102;339
20250617 143600;22102;22102;22080.75;22085.25;1416
20250617 143700;22084.75;22094.25;22081.75;22090.5;640
20250617 143800;22091;22091.25;22077.5;22087.75;641
20250617 143900;22087.75;22099;22086.5;22097.75;660
20250617 144000;22097.5;22099.25;22092.5;22093.75;351
20250617 144100;22094;22095.25;22084.25;22086;619
20250617 144200;22085.75;22094.25;22080.5;22084.5;673
20250617 144300;22084.25;22086.75;22075.25;22084.25;832
20250617 144400;22085;22091;22083.25;22090.25;530
20250617 144500;22089.75;22090.5;22083;22084.25;484
20250617 144600;22084;22102.25;22082.5;22098.75;921
20250617 144700;22100;22102.25;22095.75;22097.5;458
20250617 144800;22098.25;22107;22097.75;22104;594
20250617 144900;22104;22107.5;22096.75;22101;558
20250617 145000;22099.75;22104.25;22094;22103.75;495
20250617 145100;22103.5;22109.75;22096.25;22108;747
20250617 145200;22107.75;22108.75;22097;22098.75;639
20250617 145300;22098.25;22098.75;22089;22091.75;657
20250617 145400;22091.25;22097.5;22090.25;22091.25;543
20250617 145500;22091.75;22096.75;22089.25;22095;391
20250617 145600;22094.75;22098.75;22090.5;22092.25;376
20250617 145700;22092.75;22093.5;22081.5;22082.25;670
20250617 145800;22082.25;22084.25;22070;22075.5;1238
20250617 145900;22075.5;22085.75;22075;22080;507
20250617 150000;22080.5;22084.5;22073.5;22076;598
20250617 150100;22075.75;22092.75;22072.75;22092.5;912
20250617 150200;22092;22094.75;22081.75;22086.5;813
20250617 150300;22085.75;22088.75;22083.25;22084.25;331
20250617 150400;22083.5;22101.25;22081.5;22100.25;559
20250617 150500;22101;22105.75;22099.25;22102.5;950
20250617 150600;22103.25;22104;22096.25;22097.75;499
20250617 150700;22097.25;22103.5;22097.25;22102.75;384
20250617 150800;22102.75;22112.25;22102.25;22109.5;740
20250617 150900;22108.75;22111.75;22104.5;22107.25;542
20250617 151000;22107.5;22113.25;22107.5;22109.75;453
20250617 151100;22109.75;22116.75;22108;22114.75;643
20250617 151200;22114.75;22125.5;22112.25;22123.25;964
20250617 151300;22124;22127.25;22121.5;22123.75;865
20250617 151400;22124;22126.75;22119;22124;575
20250617 151500;22123.75;22135;22123;22131;1467
20250617 151600;22130.75;22132.25;22120;22120.75;994
20250617 151700;22120.75;22121.25;22089.75;22101;2582
20250617 151800;22101.25;22110.75;22099.5;22110.5;480
20250617 151900;22110.75;22117;22107.5;22114.5;580
20250617 152000;22114.25;22118;22111.5;22114.5;542
20250617 152100;22114.5;22115.75;22106;22115.25;538
20250617 152200;22114.75;22116.75;22103.5;22108.5;662
20250617 152300;22108.75;22109.5;22100;22101.5;458
20250617 152400;22101.25;22104.25;22097.5;22102.5;569
20250617 152500;22102.25;22105;22100.5;22102;401
20250617 152600;22102.25;22103;22091.25;22094;675
20250617 152700;22093;22100.25;22092;22098.25;464
20250617 152800;22098;22102.25;22096;22100.5;430
20250617 152900;22100.5;22101;22093;22093;403
20250617 153000;22093;22093.25;22085.5;22090;794
20250617 153100;22090.25;22096.75;22086.5;22088.5;600
20250617 153200;22088.25;22088.25;22078.5;22087.75;883
20250617 153300;22087;22091;22084.75;22087.25;394
20250617 153400;22087.25;22089.75;22084.5;22088.5;327
20250617 153500;22088.25;22091.75;22085;22089;628
20250617 153600;22088;22090.25;22079.25;22090;692
20250617 153700;22089.25;22107.25;22088.5;22104.5;1157
20250617 153800;22104.25;22106.5;22098;22102.75;529
20250617 153900;22102;22106.5;22099;22102.5;431
20250617 154000;22102.25;22102.25;22088.5;22093.5;632
20250617 154100;22093;22107.75;22092.75;22105.25;534
20250617 154200;22105.5;22109.75;22104.75;22106;545
20250617 154300;22105.75;22115;22105;22112.5;591
20250617 154400;22112.5;22114.25;22109;22114;477
20250617 154500;22114.25;22120;22112.5;22118.75;625
20250617 154600;22119;22123.75;22114.75;22115.5;771
20250617 154700;22116;22120.25;22114;22115.75;443
20250617 154800;22115.75;22119.75;22110.25;22111;524
20250617 154900;22111.5;22112.25;22090.25;22091.25;1002
20250617 155000;22091;22101.25;22085;22100.75;917
20250617 155100;22101.75;22107.75;22100.75;22102;560
20250617 155200;22102.25;22116.75;22102;22115.25;544
20250617 155300;22114.75;22120.75;22114.5;22118.75;520
20250617 155400;22119.25;22120;22115;22116.25;415
20250617 155500;22115.75;22116.25;22108.75;22110.75;477
20250617 155600;22110.25;22110.75;22096.5;22098.75;1085
20250617 155700;22098.25;22107.5;22095.5;22104.25;512
20250617 155800;22104.75;22106.5;22100.5;22103;276
20250617 155900;22103.5;22106;22098;22105.25;379
20250617 160000;22105.75;22108;22097;22097.5;411
20250617 160100;22097.5;22111.5;22097.25;22109.25;616
20250617 160200;22109.75;22114.25;22106.75;22114;447
20250617 160300;22114.75;22118.25;22112.75;22114.75;522
20250617 160400;22115;22121;22114;22120.25;485
20250617 160500;22121;22126.25;22118.75;22120;852
20250617 160600;22120.5;22124.5;22113.25;22116;694
20250617 160700;22116.25;22128.25;22114.75;22126.25;603
20250617 160800;22126.5;22130.25;22123.75;22125.25;684
20250617 160900;22126;22128.75;22123.75;22124.75;456
20250617 161000;22125;22127.25;22090;22109;2936
20250617 161100;22109;22124.25;22108.25;22119.75;774
20250617 161200;22120.25;22129.5;22118.25;22129.25;599
20250617 161300;22129.5;22130;22123.25;22125.75;643
20250617 161400;22125.75;22129.25;22122.5;22123.5;448
20250617 161500;22122.75;22128.25;22122;22126.75;313
20250617 161600;22126.5;22130.75;22123;22123;399
20250617 161700;22124;22124.25;22118.25;22124;252
20250617 161800;22124.75;22131.75;22123.75;22128.5;659
20250617 161900;22128.75;22130;22119.75;22126;680
20250617 162000;22126.75;22128.5;22122.75;22125;405
20250617 162100;22124.75;22132.25;22124.25;22127.5;501
20250617 162200;22128;22128.25;22116;22121.75;651
20250617 162300;22122.5;22125.25;22117;22117;306
20250617 162400;22117.5;22119;22112;22114;408
20250617 162500;22113;22117.75;22109.5;22111.5;531
20250617 162600;22111.5;22118.5;22109.5;22118;453
20250617 162700;22118.25;22118.75;22107.5;22110.75;420
20250617 162800;22110.75;22112;22105.5;22111.25;359
20250617 162900;22111.25;22117;22110.5;22117;279
20250617 163000;22117.25;22118.75;22108.75;22108.75;384
20250617 163100;22108.75;22113.75;22105;22106;517
20250617 163200;22106;22114.5;22101.25;22111.75;616
20250617 163300;22111.5;22118;22110.25;22116.75;445
20250617 163400;22116.75;22122.25;22113.75;22119.75;519
20250617 163500;22120;22122.75;22118.25;22122.75;230
20250617 163600;22122.5;22126.75;22119.5;22125.75;428
20250617 163700;22125.75;22127.25;22119.5;22123.5;592
20250617 163800;22123.5;22124.75;22115.5;22116.5;439
20250617 163900;22117;22122.25;22116.5;22118.5;236
20250617 164000;22119;22120.5;22111.75;22112.5;345
20250617 164100;22112;22113;22104.5;22105.75;487
20250617 164200;22105.75;22106.5;22096.75;22099;603
20250617 164300;22099;22102.25;22096.75;22101.25;536
20250617 164400;22101.5;22107.25;22095.25;22105.25;612
20250617 164500;22104.75;22104.75;22071.25;22084.25;1765
20250617 164600;22083.75;22095;22078;22088;1478
20250617 164700;22088.25;22098.25;22085.25;22094.75;564
20250617 164800;22094.75;22098.5;22084.25;22087.25;634
20250617 164900;22087.5;22087.75;22076.75;22082.25;806
20250617 165000;22082;22082.25;22051.25;22070;2380
20250617 165100;22070.25;22077;22055;22068.25;1518
20250617 165200;22068.25;22078.5;22064.75;22072;870
20250617 165300;22072.25;22074.75;22052.75;22057.5;978
20250617 165400;22058;22059.5;22050;22053;1232
20250617 165500;22053.5;22064.25;22050.75;22058.5;789
20250617 165600;22058.25;22058.5;22042.5;22045.5;1115
20250617 165700;22045.75;22054.25;22042;22048.25;786
20250617 165800;22047.5;22047.5;22038.5;22042;972
20250617 165900;22041.75;22045.5;22034.75;22042.25;917
20250617 170000;22042.25;22042.25;22024.5;22036;1722
20250617 170100;22036.25;22036.75;22019.25;22024.5;1316
20250617 170200;22024.75;22030.25;22014.25;22022;962
20250617 170300;22021.5;22032.25;22016.25;22031.5;829
20250617 170400;22031.25;22043.75;22029.25;22043.5;1282
20250617 170500;22042.5;22048.5;22038.5;22041.25;910
20250617 170600;22041.25;22041.75;22021.25;22024;992
20250617 170700;22023.75;22027.25;22016.75;22025.75;640
20250617 170800;22025;22035.5;22019.75;22035;589
20250617 170900;22034.75;22042.75;22032.75;22040.5;649
20250617 171000;22040.75;22047.25;22035.5;22046;597
20250617 171100;22045.25;22055.25;22041.25;22048.75;992
20250617 171200;22049.25;22056.25;22044.75;22049;898
20250617 171300;22049.25;22056.5;22048;22053.75;442
20250617 171400;22053;22057.75;22047.75;22049.25;510
20250617 171500;22049.25;22056.25;22047;22051;424
20250617 171600;22050.25;22055;22050;22050;345
20250617 171700;22050;22050.75;22040;22050.25;845
20250617 171800;22049.75;22052.25;22044.5;22049;334
20250617 171900;22049;22054.5;22044;22053;437
20250617 172000;22053.25;22053.25;22039;22042;520
20250617 172100;22041.5;22041.5;22029;22035;1046
20250617 172200;22035.5;22037;22020.75;22029.5;987
20250617 172300;22029.5;22038;22024.25;22037.5;522
20250617 172400;22037;22038;22030.75;22033.25;538
20250617 172500;22032.75;22049.5;22031.25;22037.75;683
20250617 172600;22037.25;22037.25;22024.75;22033.25;678
20250617 172700;22033;22039;22024.75;22030;684
20250617 172800;22029.25;22033.75;22026;22028.75;612
20250617 172900;22028.75;22029.25;22019.25;22021.25;550
20250617 173000;22020.5;22025.25;22010.75;22014.5;797
20250617 173100;22014.75;22017;21989.75;22012.25;2734
20250617 173200;22012.75;22026;22011.5;22024.5;934
20250617 173300;22025;22027.75;22016.75;22025.25;627
20250617 173400;22025;22035.75;22022;22032.75;862
20250617 173500;22032.5;22038;22031.5;22035.25;636
20250617 173600;22034.5;22044.25;22033.25;22043;651
20250617 173700;22042.75;22043.75;22037.5;22042.75;359
20250617 173800;22042;22047.75;22041.5;22045.75;460
20250617 173900;22046.5;22049.5;22028.5;22029.75;842
20250617 174000;22029;22033.25;22018.5;22024.25;798
20250617 174100;22023.75;22027.75;22011.25;22025;752
20250617 174200;22024.75;22039.75;22024.75;22030.5;703
20250617 174300;22030.75;22032.25;22021.75;22027.25;484
20250617 174400;22026.5;22026.5;22016.75;22017.25;425
20250617 174500;22017;22021;22002.75;22005;841
20250617 174600;22005.5;22013.25;21998;22008.75;970
20250617 174700;22007;22007;21972;21996.5;2120
20250617 174800;21996.25;21997.5;21974.5;21978;1078
20250617 174900;21977.5;21979.25;21962.25;21965.75;1252
20250617 175000;21965.25;21968;21940.75;21963.25;2626
20250617 175100;21962.75;21966.5;21948;21958.25;1217
20250617 175200;21957.75;21966.25;21941.5;21952.75;1407
20250617 175300;21952.5;21967.75;21952;21958.75;1027
20250617 175400;21959;21977.75;21956.5;21975.75;980
20250617 175500;21975.75;21975.75;21961.5;21969.5;774
20250617 175600;21970.25;21984;21969.75;21975.25;788
20250617 175700;21976;21985.5;21973.25;21984;511
20250617 175800;21984.25;21987.5;21977.5;21981;417
20250617 175900;21980.5;21984.5;21967.5;21971;735
20250617 180000;21967.75;21968.25;21959.75;21962.25;780
20250617 180100;21961.75;21961.75;21925.75;21950;2125
20250617 180200;21949.25;21953.5;21932.5;21947.25;1431
20250617 180300;21946.25;21955.5;21927.75;21945.25;1093
20250617 180400;21946;21952.75;21934.25;21938.75;568
20250617 180500;21938.75;21941.5;21930;21941.5;643
20250617 180600;21941.25;21957.5;21941.25;21956.5;1052
20250617 180700;21956;21963;21944.5;21951.5;869
20250617 180800;21952;21968;21949.75;21967.25;728
20250617 180900;21966.5;21969;21955.5;21955.5;582
20250617 181000;21955.5;21968;21954.75;21966.5;436
20250617 181100;21966.25;21976.75;21965.75;21972.25;587
20250617 181200;21972;21973.25;21966;21972.5;468
20250617 181300;21971.75;21973.25;21951.5;21959.25;879
20250617 181400;21959.25;21973.5;21956;21968.75;435
20250617 181500;21969;21969.75;21957.25;21957.75;408
20250617 181600;21957.5;21964.75;21944.5;21947.5;735
20250617 181700;21946;21958;21936.5;21946;668
20250617 181800;21946.25;21963;21941.25;21959.75;513
20250617 181900;21960.75;21960.75;21946;21954.25;433
20250617 182000;21955.75;21956.25;21943.5;21952.25;393
20250617 182100;21951.5;21955;21946.5;21953.5;294
20250617 182200;21953.25;21957.25;21946.75;21950.5;400
20250617 182300;21949.25;21955.75;21942.75;21950.25;428
20250617 182400;21950.75;21952.5;21942;21946;407
20250617 182500;21945.5;21950;21936;21939;523
20250617 182600;21939.5;21946.75;21930;21936.75;981
20250617 182700;21937.5;21941.5;21920.75;21934.75;1215
20250617 182800;21934.75;21936.75;21921.75;21930.5;806
20250617 182900;21932;21938.25;21916.5;21929.75;1149
20250617 183000;21928;21941;21925;21936;698
20250617 183100;21936.75;21958;21933;21953.5;1092
20250617 183200;21954;21961.5;21947.75;21954.75;746
20250617 183300;21955.5;21957;21945.25;21951.25;469
20250617 183400;21950.25;21952.5;21945.25;21948.25;428
20250617 183500;21948.5;21963.5;21947.75;21960.25;581
20250617 183600;21960.5;21967;21956.25;21961.75;605
20250617 183700;21962;21962;21945.25;21951;661
20250617 183800;21951;21955.75;21941.75;21950.5;552
20250617 183900;21950.5;21960;21944.25;21946.75;538
20250617 184000;21946.75;21948;21934;21941;715
20250617 184100;21940.5;21944.5;21928.5;21932.75;719
20250617 184200;21931.25;21937;21925.5;21930.5;726
20250617 184300;21930.5;21931.75;21925.75;21926.5;380
20250617 184400;21925.75;21935.75;21921.5;21927.5;588
20250617 184500;21927.25;21935.25;21909.5;21934.25;1663
20250617 184600;21935;21946;21930;21943.5;680
20250617 184700;21943;21952.25;21938.5;21951.25;585
20250617 184800;21950.25;21954.5;21936;21939;722
20250617 184900;21938.75;21943.75;21933.5;21941.25;474
20250617 185000;21941.5;21948.5;21940.25;21943.25;303
20250617 185100;21942.5;21952.25;21939.25;21948.75;438
20250617 185200;21948.5;21951;21939.5;21940.5;348
20250617 185300;21940.5;21943.25;21937;21938.25;266
20250617 185400;21938;21944.75;21934.25;21943.5;377
20250617 185500;21943.25;21954.5;21941.25;21954.25;386
20250617 185600;21954.5;21962.5;21952.75;21961.75;788
20250617 185700;21961;21966;21958.75;21962.5;592
20250617 185800;21961.75;21969.75;21957;21969.25;594
20250617 185900;21969;21974.75;21966;21974.5;651
20250617 190000;21973.75;21978.5;21971.25;21976.75;737
20250617 190100;21977.25;21982.5;21969.75;21972.75;910
20250617 190200;21973.5;21974.5;21965.75;21968;468
20250617 190300;21968;21978.75;21965;21972.75;582
20250617 190400;21973;21975.5;21957.75;21960;815
20250617 190500;21959.75;21960.75;21952.75;21956.5;658
20250617 190600;21957;21957;21946;21950.75;903
20250617 190700;21950.75;21957.5;21950;21955;316
20250617 190800;21956;21962;21952.75;21961.75;319
20250617 190900;21961.75;21963.75;21954.75;21960.75;468
20250617 191000;21961.25;21964.25;21958.5;21962;248
20250617 191100;21963;21965.25;21952.5;21957.25;474
20250617 191200;21957.25;21973;21957;21970;590
20250617 191300;21970;21977.75;21969.75;21974.75;530
20250617 191400;21974.25;21974.5;21966.75;21966.75;357
20250617 191500;21967.25;21972;21967.25;21967.75;224
20250617 191600;21967.75;21976;21967.5;21974.5;306
20250617 191700;21973.75;21976.5;21970.25;21974;352
20250617 191800;21974;21974.5;21959.5;21959.75;635
20250617 191900;21960.5;21967.25;21960.5;21962.25;345
20250617 192000;21962.75;21967.25;21961.75;21964.5;193
20250617 192100;21965.25;21983.5;21963.75;21983;649
20250617 192200;21982.5;21990.5;21978.25;21981.5;865
20250617 192300;21981.5;21989.75;21980.5;21986.75;630
20250617 192400;21986.75;21989.5;21982.25;21983.25;312
20250617 192500;21982.75;21986.5;21979.75;21984.75;419
20250617 192600;21983.75;21990;21982.5;21986.5;503
20250617 192700;21986.75;21988.75;21979;21984.5;501
20250617 192800;21984.75;21987.25;21979.5;21982;306
20250617 192900;21982;21987;21980.5;21983.5;301
20250617 193000;21984.25;21988.75;21982.5;21987.25;423
20250617 193100;21987.5;21995.5;21985.75;21987;908
20250617 193200;21987.5;21988.5;21972.75;21978.25;804
20250617 193300;21978.5;21988.25;21977.5;21983.25;433
20250617 193400;21982.75;21986.25;21978;21983;429
20250617 193500;21983.25;21987.25;21980;21985.25;292
20250617 193600;21986;21992;21986;21989.25;390
20250617 193700;21989.75;21992.25;21985.25;21988.75;404
20250617 193800;21988.5;21993.75;21987.25;21990.5;519
20250617 193900;21990.5;21992.5;21983;21987.75;483
20250617 194000;21988.5;21989.25;21972.5;21974.25;748
20250617 194100;21974.5;21981.25;21969.75;21972.75;629
20250617 194200;21973.25;21977.75;21961.5;21976.75;829
20250617 194300;21976.25;21976.25;21967.75;21968.75;421
20250617 194400;21969.25;21979.75;21968.25;21975.5;605
20250617 194500;21975;21980.5;21969.75;21977.5;532
20250617 194600;21977.75;21989.5;21974.75;21986.25;791
20250617 194700;21986.75;21989.75;21977;21979;489
20250617 194800;21978.75;21988;21976;21981.75;660
20250617 194900;21981.5;21986.5;21979.5;21984.75;426
20250617 195000;21985.25;21992;21980.5;21990.25;412
20250617 195100;21989.25;22005;21975.25;21985.25;1645
20250617 195200;21984.75;21985;21973.5;21978;717
20250617 195300;21977.75;21980.25;21972;21974;607
20250617 195400;21973.5;21979.25;21967.5;21975.25;913
20250617 195500;21975.25;21978.75;21963.75;21975.25;1215
20250617 195600;21975.5;21975.75;21945;21968.75;3085
20250617 195700;21969.25;21974.5;21964;21966.75;968
20250617 195800;21967.5;21972.75;21953;21960.25;1168
20250617 195900;21960;21963.5;21953.25;21954;1295
20250617 200000;21954.5;21963;21947;21956.5;6336
20250617 200100;21956.5;21974.75;21948.5;21973.25;2722
20250617 200200;21974.25;21982.5;21962.5;21969.75;1016
20250617 200300;21969.5;21977.5;21964.25;21966;543
20250617 200400;21966;21967.5;21961.75;21961.75;337
20250617 200500;21962;21963.5;21956.75;21959;359
20250617 200600;21959.75;21963.5;21958;21961.75;307
20250617 200700;21961.5;21962.25;21957.5;21962.25;254
20250617 200800;21962.75;21966;21960.5;21961.75;281
20250617 200900;21961.5;21962.25;21956;21962.25;218
20250617 201000;21961.5;21965;21960;21961.5;142
20250617 201100;21961.25;21965;21960.75;21963;209
20250617 201200;21963.25;21966.25;21960;21960.5;116
20250617 201300;21960.5;21960.75;21947.25;21947.5;470
20250617 201400;21948.25;21952.75;21945.5;21951;234
20250617 201500;21950.5;21955.75;21950;21953.25;175
20250617 201600;21953.75;21954.5;21951.25;21951.75;80
20250617 201700;21951.75;21951.75;21948.25;21948.25;159
20250617 201800;21947.75;21950;21946.75;21947;141
20250617 201900;21947;21947.25;21938.5;21938.5;277
20250617 202000;21938.25;21943.75;21937.25;21940.5;192
20250617 202100;21940.5;21948.25;21939.25;21948;143
20250617 202200;21948.5;21950;21945.25;21949.5;138
20250617 202300;21949.5;21949.5;21945.75;21948;57
20250617 202400;21948.25;21949.5;21946.25;21948.5;121
20250617 202500;21949.25;21952.25;21946.75;21952.25;88
20250617 202600;21951.75;21960;21948;21952;469
20250617 202700;21951.75;21955;21951;21955;69
20250617 202800;21955;21955.5;21952.5;21953;44
20250617 202900;21953.5;21954.25;21950;21951;79
20250617 203000;21950.75;21952.25;21947;21952.25;112
20250617 203100;21951;21960.25;21949.5;21960;142
20250617 203200;21959;21960.5;21957.5;21959.5;70
20250617 203300;21959;21959;21957;21959;55
20250617 203400;21959.25;21960.75;21957.75;21960.75;41
20250617 203500;21960;21960;21957.25;21958.25;30
20250617 203600;21959;21959.5;21956;21958;50
20250617 203700;21956.75;21957.25;21953.25;21955.75;90
20250617 203800;21956.25;21958;21954;21954;52
20250617 203900;21954.75;21956.5;21954.25;21955.5;66
20250617 204000;21955.5;21957.75;21954;21954.5;89
20250617 204100;21954;21959;21954;21958;32
20250617 204200;21958.5;21960.75;21958.5;21959;60
20250617 204300;21959;21960.75;21958.25;21960.5;52
20250617 204400;21959.75;21962.25;21958.5;21962.25;92
20250617 204500;21961.25;21963;21958.75;21962.5;112
20250617 204600;21963.5;21967.25;21957.5;21958;182
20250617 204700;21958;21958.75;21954.75;21957;76
20250617 204800;21956.75;21959;21956.25;21957.25;61
20250617 204900;21956.75;21956.75;21946.25;21946.5;138
20250617 205000;21946.5;21948;21943.25;21945;139
20250617 205100;21944.75;21946.75;21943.5;21943.5;120
20250617 205200;21943.25;21945;21941.75;21943.5;48
20250617 205300;21942.75;21943.75;21939.5;21940;66
20250617 205400;21939.25;21943.5;21939.25;21943.5;71
20250617 205500;21943.75;21945;21940.5;21944;137
20250617 205600;21944.25;21947;21943.5;21946;91
20250617 205700;21946.5;21958;21945.5;21957.25;121
20250617 205800;21957;21958;21949.75;21952.25;126
20250617 205900;21953;21957.5;21950.25;21956.5;86
20250617 210000;21956.5;21956.5;21951;21952;63
20250617 220100;21927.5;21940.5;21918.75;21937.75;360
20250617 220200;21938;21938;21915.25;21925.25;133
20250617 220300;21923.5;21926.75;21910;21913;149
20250617 220400;21912.5;21914.5;21894.75;21896.75;190
20250617 220500;21896.25;21910.75;21895.25;21907.5;286
20250617 220600;21908.75;21914;21904.75;21911.75;88
20250617 220700;21910.75;21915.25;21909;21910.25;91
20250617 220800;21911.5;21913.25;21911.25;21912;23
20250617 220900;21913;21927;21909;21925;134
20250617 221000;21925.25;21929.5;21924;21926.25;72
20250617 221100;21927.75;21927.75;21915.5;21916.25;66
20250617 221200;21916.25;21920;21914.75;21918;55
20250617 221300;21920;21921;21916.75;21920.25;34
20250617 221400;21920.25;21920.25;21914.25;21915;57
20250617 221500;21914.25;21924.5;21914.25;21919.5;123
20250617 221600;21918.75;21920.75;21916.5;21917;40
20250617 221700;21916.5;21918.5;21905.75;21906.5;126
20250617 221800;21906.5;21910.75;21903.25;21908.75;105
20250617 221900;21910;21911.75;21905.75;21905.75;45
20250617 222000;21906.5;21911;21904.25;21908.25;67
20250617 222100;21909.5;21911.75;21908.25;21910.25;23
20250617 222200;21911.75;21913.25;21910;21910.5;52
20250617 222300;21911;21912.75;21908.25;21911.75;54
20250617 222400;21911;21911.5;21906.75;21908.25;28
20250617 222500;21905.5;21905.5;21900.75;21903;77
20250617 222600;21904;21911.25;21903.75;21909.5;55
20250617 222700;21910;21912.25;21908;21908.75;36
20250617 222800;21909.5;21914.25;21908.5;21908.75;57
20250617 222900;21907.5;21907.5;21901.25;21902.25;48
20250617 223000;21902.75;21904.25;21900.25;21902.75;33
20250617 223100;21904;21907;21892;21895.25;141
20250617 223200;21895.75;21896;21882.75;21895.5;212
20250617 223300;21896.25;21900.75;21896.25;21897.25;60
20250617 223400;21897.5;21901.75;21896.5;21901.75;36
20250617 223500;21901;21905.75;21901;21904;50
20250617 223600;21905;21906;21901.75;21902.75;33
20250617 223700;21903.25;21903.25;21898;21900;28
20250617 223800;21901;21901;21893.75;21897;43
20250617 223900;21897;21897.5;21893.25;21893.25;26
20250617 224000;21893;21894.5;21890.75;21891.5;53
20250617 224100;21891;21894;21889;21889;39
20250617 224200;21889.75;21889.75;21883.75;21885.25;102
20250617 224300;21884.25;21887.25;21873;21885.5;162
20250617 224400;21885.25;21891;21882.75;21891;60
20250617 224500;21891.5;21895;21880.5;21890;178
20250617 224600;21889.75;21889.75;21885;21885.25;33
20250617 224700;21887.25;21887.75;21886.25;21887;12
20250617 224800;21887;21887;21882.75;21882.75;25
20250617 224900;21881.75;21884;21873;21883.25;140
20250617 225000;21883;21888.25;21882.5;21886.75;71
20250617 225100;21885.75;21889;21884.75;21886.25;51
20250617 225200;21886;21886;21880;21884.5;42
20250617 225300;21882.5;21884.5;21881.75;21884.5;18
20250617 225400;21884;21886;21883;21885.75;25
20250617 225500;21885.75;21888.75;21885.5;21886.5;32
20250617 225600;21886.25;21888.75;21886;21886.75;34
20250617 225700;21886.25;21887.25;21884.25;21885.75;31
20250617 225800;21887;21887.25;21874.25;21875.25;115
20250617 225900;21875.75;21877.5;21863;21867.75;200
20250617 230000;21868;21873;21865.5;21873;60
20250617 230100;21872;21879.25;21871.5;21877.25;70
20250617 230200;21876.5;21877.5;21862.25;21869.75;150
20250617 230300;21870.25;21871.5;21865;21866.75;29
20250617 230400;21866.75;21876.5;21866.75;21875.5;93
20250617 230500;21876.25;21880.5;21870.5;21880;85
20250617 230600;21879.5;21900.5;21878.5;21898.25;266
20250617 230700;21897.5;21897.75;21885.75;21886.75;104
20250617 230800;21888;21891;21885.75;21885.75;31
20250617 230900;21886;21886;21881;21881.5;72
20250617 231000;21881.75;21891.25;21880.5;21887.5;59
20250617 231100;21887.25;21887.75;21875.25;21877.5;88
20250617 231200;21876.5;21877.75;21868.75;21871;108
20250617 231300;21874.25;21875.25;21870;21870.25;68
20250617 231400;21869.25;21874.5;21868.5;21874.5;36
20250617 231500;21874;21878.5;21871.75;21876.5;37
20250617 231600;21875.25;21882.5;21875.25;21878.75;53
20250617 231700;21879;21881.5;21873.25;21881.25;66
20250617 231800;21881.5;21895;21881.5;21892.75;141
20250617 231900;21893;21897;21889.5;21894.5;81
20250617 232000;21896;21897.75;21891;21891;90
20250617 232100;21893.25;21894.75;21891.25;21894;23
20250617 232200;21893.75;21894;21887;21889;32
20250617 232300;21889;21890;21884.25;21884.5;57
20250617 232400;21886.25;21888.25;21885.75;21885.75;14
20250617 232500;21887.5;21890.5;21887.5;21887.5;21
20250617 232600;21888.75;21897.75;21884.5;21897;99
20250617 232700;21896.75;21901;21895;21899.5;79
20250617 232800;21899.5;21900.25;21890.5;21893.5;105
20250617 232900;21896.25;21896.25;21894.25;21894.25;11
20250617 233000;21894.75;21897.5;21894.75;21894.75;15
20250617 233100;21894.5;21896.5;21893.75;21894.75;23
20250617 233200;21894.75;21896.5;21894.5;21895.5;12
20250617 233300;21895.5;21900;21894.25;21897.5;31
20250617 233400;21895.75;21904.75;21895.5;21898;102
20250617 233500;21897;21901;21897;21900.25;38
20250617 233600;21901.25;21901.25;21888.75;21892;93
20250617 233700;21890.5;21891.5;21886.25;21891.5;47
20250617 233800;21890.5;21895;21889.5;21894.25;27
20250617 233900;21893.25;21895.5;21888.25;21890.75;41
20250617 234000;21889.75;21891.25;21888.5;21890;17
20250617 234100;21890.75;21890.75;21888;21889.75;19
20250617 234200;21889;21891.75;21888.25;21891.75;25
20250617 234300;21892;21897.25;21892;21897.25;52
20250617 234400;21897.5;21913;21897.5;21911;265
20250617 234500;21911;21918.25;21909.5;21911.25;134
20250617 234600;21911;21912;21905.25;21906;102
20250617 234700;21905.25;21913.5;21899.5;21911.5;143
20250617 234800;21911.25;21916;21910;21913;96
20250617 234900;21914.25;21916;21912.5;21914;32
20250617 235000;21913.5;21914.5;21908.25;21909.25;50
20250617 235100;21910;21917.5;21905;21906.25;117
20250617 235200;21905;21913.25;21899.5;21912.25;115
20250617 235300;21911.75;21924.25;21911.75;21920;125
20250617 235400;21920.5;21926;21920;21923.75;104
20250617 235500;21925;21925;21907;21911.25;211
20250617 235600;21910.5;21911.75;21902.5;21909.25;177
20250617 235700;21908.25;21910.5;21893.5;21901.75;313
20250617 235800;21901.25;21904.5;21894;21900;208
20250617 235900;21899;21905.5;21895.75;21898.5;106
20250618 000000;21898;21905.25;21897.5;21905.25;59
20250618 000100;21905.5;21916.25;21904;21913.5;189
20250618 000200;21914.25;21926;21912.5;21921;167
20250618 000300;21922.75;21929.75;21920;21923;147
20250618 000400;21922.75;21934;21916.5;21932.75;118
20250618 000500;21932.5;21933.25;21916;21920;120
20250618 000600;21920.75;21921;21913.5;21915.25;70
20250618 000700;21916.25;21938.25;21914;21929.5;234
20250618 000800;21929.5;21965;21928.5;21943;1200
20250618 000900;21944.75;21950.75;21933.25;21943.5;240
20250618 001000;21942.75;21945.5;21932.5;21935.5;134
20250618 001100;21936;21939.25;21932.75;21934.5;45
20250618 001200;21935.5;21940;21932;21936.5;113
20250618 001300;21936.75;21939.5;21935.5;21938.75;23
20250618 001400;21937.75;21957.25;21937.75;21952.75;219
20250618 001500;21952.25;21970;21952.25;21962.5;193
20250618 001600;21964.5;21973.75;21949;21965.5;294
20250618 001700;21965.5;21965.5;21954;21956.5;91
20250618 001800;21957.25;21967;21954.75;21962.25;173
20250618 001900;21962.75;21962.75;21954.5;21962;96
20250618 002000;21961.75;21962.5;21957;21959.25;72
20250618 002100;21959.5;21962.5;21959.5;21960;33
20250618 002200;21960.5;21971.75;21959;21969.75;134
20250618 002300;21969.5;21972;21966;21969.75;72
20250618 002400;21968.75;21968.75;21961;21964.25;99
20250618 002500;21964;21968.5;21964;21967.25;41
20250618 002600;21966;21972.75;21966;21972;84
20250618 002700;21970.5;21970.5;21955.25;21957.5;69
20250618 002800;21958.5;21959.25;21951.25;21951.5;70
20250618 002900;21951;21959;21950.25;21955;57
20250618 003000;21955.5;21958;21954.75;21958;21
20250618 003100;21957.75;21958.75;21952.5;21955.75;24
20250618 003200;21958;21961;21956.75;21958.5;33
20250618 003300;21958.75;21963.5;21958.75;21963.5;43
20250618 003400;21965;21965;21959.25;21959.5;31
20250618 003500;21959.5;21963;21955;21961.75;36
20250618 003600;21961.25;21968;21961.25;21963.5;93
20250618 003700;21966;21981.25;21965.5;21977.25;170
20250618 003800;21978.25;21987.5;21978.25;21984.25;302
20250618 003900;21982.75;21987.75;21980.25;21982.5;94
20250618 004000;21980.75;21985.75;21979.75;21980.75;95
20250618 004100;21981.5;21984.25;21980.75;21983.5;46
20250618 004200;21983;21983;21978.75;21982.5;32
20250618 004300;21981;21984.25;21979.5;21982;82
20250618 004400;21982.25;21982.25;21976;21976.75;41
20250618 004500;21976.5;21979.25;21974.75;21979.25;50
20250618 004600;21979.5;21979.5;21976.75;21976.75;19
20250618 004700;21976.25;21976.25;21957.25;21959.75;218
20250618 004800;21959;21960.75;21955.5;21957.5;70
20250618 004900;21956.75;21963.75;21956.5;21961.75;62
20250618 005000;21960.75;21966.5;21960.75;21966.5;67
20250618 005100;21966.5;21966.5;21963.75;21963.75;44
20250618 005200;21964.75;21964.75;21960;21962.5;47
20250618 005300;21962;21976;21962;21973.25;98
20250618 005400;21973.5;21973.75;21962.75;21964;64
20250618 005500;21966.75;21971.5;21966.75;21970.5;27
20250618 005600;21969;21973;21964;21970.75;61
20250618 005700;21970.25;21978;21970;21975.75;59
20250618 005800;21976.5;21976.5;21971.75;21973.75;34
20250618 005900;21974.25;21977.25;21971.5;21976.25;116
20250618 010000;21976.25;21979.5;21975.25;21978;91
20250618 010100;21978;21982;21976.25;21981.75;95
20250618 010200;21982.25;21995;21982.25;21986.5;264
20250618 010300;21987;22001.5;21985;21999;534
20250618 010400;21999;22008.75;21995;22000.75;252
20250618 010500;22000.75;22008;21999.25;22003;298
20250618 010600;22003.75;22010.75;22003;22009.75;287
20250618 010700;22009;22009;22002;22002.25;77
20250618 010800;22002.5;22005;21998.75;22002;95
20250618 010900;22002.25;22004.5;22001.5;22002;30
20250618 011000;22000.5;22000.75;21998.25;21999.5;51
20250618 011100;22000.25;22002.75;21998.75;21999;75
20250618 011200;21999.5;22006.5;21997.25;22005;161
20250618 011300;22006.5;22006.5;21995;21995.75;241
20250618 011400;21995;21996;21988;21989.75;204
20250618 011500;21989.75;21989.75;21980.25;21983;149
20250618 011600;21982.75;21984.25;21980;21981.75;72
20250618 011700;21981.5;21987.75;21981;21984;111
20250618 011800;21984.75;21985;21982.75;21983.75;26
20250618 011900;21983.25;21987.5;21983.25;21987.25;31
20250618 012000;21986.25;21986.25;21982;21985.75;39
20250618 012100;21985.75;21987.25;21983;21984;38
20250618 012200;21984.75;21986.25;21984.5;21986;27
20250618 012300;21986.5;21988.25;21986.25;21987.5;32
20250618 012400;21988;21988.25;21985.25;21986.25;42
20250618 012500;21985.75;21986.5;21977;21977.25;134
20250618 012600;21976;21978.75;21974.75;21978.25;119
20250618 012700;21978;21978.25;21970.75;21974.25;74
20250618 012800;21974.25;21979.75;21972;21976.5;49
20250618 012900;21977.5;21977.5;21975.25;21976;22
20250618 013000;21977;21977.25;21975;21976.25;20
20250618 013100;21975.75;21984;21975.75;21982;112
20250618 013200;21981.25;21985;21981.25;21983.75;50
20250618 013300;21985;21987;21980.5;21981.25;63
20250618 013400;21982;21984.5;21980.5;21982.75;49
20250618 013500;21982.75;21986.75;21982.75;21986.5;32
20250618 013600;21987;21989.5;21987;21989;64
20250618 013700;21989.5;22000.25;21988.5;21990.5;212
20250618 013800;21990;21992.25;21990;21991.5;43
20250618 013900;21990;21991.5;21989.75;21990;40
20250618 014000;21991;21992.75;21990.75;21992.75;10
20250618 014100;21992.5;21995.25;21989;21990.25;61
20250618 014200;21989.5;21989.5;21981;21981;93
20250618 014300;21980.75;21987.5;21980.75;21983;67
20250618 014400;21982.5;21985.5;21981.25;21984.25;42
20250618 014500;21984.75;21986.25;21982.25;21986.25;67
20250618 014600;21987.25;21987.75;21982.25;21982.25;34
20250618 014700;21981.5;21983.25;21980;21981.5;36
20250618 014800;21981;21981.75;21978.5;21980.25;43
20250618 014900;21980.75;21982;21978.5;21979.5;33
20250618 015000;21979.25;21979.25;21974.5;21976.75;73
20250618 015100;21976.5;21978.5;21972.25;21974.25;51
20250618 015200;21973.5;21976;21972.75;21973;37
20250618 015300;21973.75;21974;21964.25;21964.5;109
20250618 015400;21964;21970.75;21963;21969;66
20250618 015500;21968.25;21970.25;21967.75;21968.75;20
20250618 015600;21968.75;21974.75;21968.5;21973.5;44
20250618 015700;21973;21973;21971;21971.5;16
20250618 015800;21970;21971.25;21968.5;21968.5;22
20250618 015900;21969.75;21973.5;21969.5;21973;44
20250618 020000;21973;21974.75;21973;21974;38
20250618 020100;21974.5;21976;21971;21972.5;50
20250618 020200;21972.75;21973.25;21970.75;21972;34
20250618 020300;21971.75;21974;21970.25;21972;30
20250618 020400;21972;21972;21969.75;21970;24
20250618 020500;21970.75;21974.25;21970.75;21971.5;35
20250618 020600;21971.5;21971.5;21964.75;21964.75;51
20250618 020700;21964.5;21968;21963.25;21966.5;39
20250618 020800;21966.75;21972;21966.75;21972;60
20250618 020900;21973.75;21975.5;21972.5;21973.75;39
20250618 021000;21973.75;21975.5;21972;21973.75;23
20250618 021100;21974;21974;21971;21973.75;28
20250618 021200;21974.5;21977;21972.5;21972.75;40
20250618 021300;21972;21972.75;21969.75;21971.5;43
20250618 021400;21971.5;21973.25;21971.5;21972.5;21
20250618 021500;21973.5;21973.5;21970.5;21972.75;19
20250618 021600;21972;21974;21971.5;21973.75;13
20250618 021700;21973.75;21974;21972;21972.5;17
20250618 021800;21972.5;21978;21972.5;21976;32
20250618 021900;21976.5;21978;21975.5;21977.25;33
20250618 022000;21977.25;21980.75;21975;21980;53
20250618 022100;21979.5;21980.25;21977.75;21980;32
20250618 022200;21979.5;21979.5;21973.5;21978.5;37
20250618 022300;21978.25;21980.75;21978.25;21978.75;22
20250618 022400;21980.5;21985;21980.5;21983.5;30
20250618 022500;21983.25;21986;21983.25;21985.25;37
20250618 022600;21985.5;21985.75;21981.75;21983.5;61
20250618 022700;21983.75;21987.5;21983.75;21986.5;31
20250618 022800;21986;21992.25;21984.5;21991.5;99
20250618 022900;21990.5;21994;21988;21989;126
20250618 023000;21989.25;21991.75;21988;21989;44
20250618 023100;21988.5;21997;21987.25;21996.75;83
20250618 023200;21996;22002;21989.75;21993.5;207
20250618 023300;21991.75;21992.5;21988.5;21988.75;54
20250618 023400;21988.75;21988.75;21985.75;21986.75;46
20250618 023500;21986.5;21987;21983.5;21986.5;76
20250618 023600;21986.25;21989;21986;21988.25;36
20250618 023700;21987.75;21990;21987.75;21990;26
20250618 023800;21990;21991.5;21988.75;21990;35
20250618 023900;21989.5;21989.5;21986.75;21988.75;38
20250618 024000;21987.75;21988.75;21986.75;21988.5;20
20250618 024100;21987;21988.75;21987;21988;7
20250618 024200;21987.75;21991.5;21987.75;21990.25;36
20250618 024300;21991;21994;21990.5;21992.75;42
20250618 024400;21992.5;21993.25;21991;21992.25;29
20250618 024500;21992.5;21993;21992.5;21992.5;8
20250618 024600;21993.25;21996;21993.25;21994;32
20250618 024700;21993.25;21996.25;21992.75;21995;30
20250618 024800;21995.5;21997.5;21995.5;21997.25;34
20250618 024900;21996.5;21999.75;21995.75;21999;47
20250618 025000;22000;22002;21998;21998;61
20250618 025100;21998.5;21999.5;21997.5;21999;26
20250618 025200;21998.75;21998.75;21993;21993.75;38
20250618 025300;21993.5;21997;21993.5;21995;25
20250618 025400;21994.75;21995.75;21994.25;21995.5;9
20250618 025500;21996.25;21998.25;21996;21996.5;31
20250618 025600;21995.5;21996.25;21993.75;21994.5;16
20250618 025700;21994;21994;21991.75;21993.25;19
20250618 025800;21993.75;21994;21990;21991;31
20250618 025900;21990.5;21990.5;21980.25;21981.25;137
20250618 030000;21981;21984.5;21974.75;21977;172
20250618 030100;21978.5;21980.5;21975.5;21979.5;72
20250618 030200;21978.25;21981.5;21975;21977;45
20250618 030300;21976;21976.25;21971;21975;81
20250618 030400;21973.5;21976;21973.5;21975;14
20250618 030500;21974.75;21977;21973.5;21974.5;28
20250618 030600;21975.25;21978.75;21975.25;21976.5;34
20250618 030700;21975;21975;21972.25;21974.75;39
20250618 030800;21974.25;21974.75;21968;21969;62
20250618 030900;21970.25;21974.75;21970.25;21972.5;36
20250618 031000;21974;21978;21971.75;21976.75;48
20250618 031100;21977.25;21980.75;21977;21979.25;62
20250618 031200;21978.25;21978.5;21973;21975;56
20250618 031300;21975.25;21978.5;21973.25;21973.5;65
20250618 031400;21973;21974.75;21971.5;21974.75;35
20250618 031500;21974.5;21975;21971.5;21973.75;40
20250618 031600;21973;21974;21969;21971.5;33
20250618 031700;21972.25;21973;21970.25;21971.25;38
20250618 031800;21972.5;21976.25;21971.5;21975.5;55
20250618 031900;21975.75;21980;21975.75;21980;19
20250618 032000;21980.5;21981.5;21978.5;21981.5;57
20250618 032100;21980.5;21980.5;21975;21975;21
20250618 032200;21975.25;21981.25;21975.25;21981.25;61
20250618 032300;21980;21980.25;21978.75;21979.5;30
20250618 032400;21979.5;21984.5;21977;21979.75;105
20250618 032500;21980.75;21981.75;21972;21974.5;136
20250618 032600;21974.75;21975.75;21970.5;21970.5;41
20250618 032700;21970;21974;21969.75;21972.75;79
20250618 032800;21971.75;21974;21971.25;21971.5;14
20250618 032900;21971;21974;21968.75;21973;58
20250618 033000;21972.75;21973;21969.75;21971.5;34
20250618 033100;21971.75;21972.75;21969.5;21970.5;24
20250618 033200;21972;21976;21972;21974.5;66
20250618 033300;21974.5;21974.5;21971.75;21972.5;24
20250618 033400;21972.25;21973;21968.25;21968.5;48
20250618 033500;21967.75;21971.75;21967.5;21970.75;47
20250618 033600;21971;21972.75;21970.25;21971;19
20250618 033700;21970.5;21970.75;21968.5;21970;26
20250618 033800;21969.5;21974.75;21969;21972;25
20250618 033900;21972.75;21973.5;21969.25;21970.5;47
20250618 034000;21970.25;21971.75;21969.5;21970;27
20250618 034100;21970;21971;21970;21970.5;9
20250618 034200;21969.75;21974.25;21969.5;21973.5;15
20250618 034300;21974;21978;21974;21976.25;67
20250618 034400;21977.5;21978.75;21977;21977.5;33
20250618 034500;21977.5;21978.75;21976.75;21977.5;13
20250618 034600;21977.5;21978.25;21977.5;21977.5;9
20250618 034700;21978.5;21979.25;21976.5;21978.25;25
20250618 034800;21978.5;21978.75;21975.75;21977;30
20250618 034900;21976;21981;21976;21980;39
20250618 035000;21980;21981.25;21978.5;21978.5;26
20250618 035100;21979.5;21979.75;21977;21978;12
20250618 035200;21977.5;21977.5;21975;21977.5;23
20250618 035300;21977.5;21981.75;21977.25;21978.25;24
20250618 035400;21978.25;21978.25;21972.75;21974.5;27
20250618 035500;21975.25;21978.5;21975;21977.5;14
20250618 035600;21977.25;21977.5;21975.25;21977.5;21
20250618 035700;21976;21977.25;21973.5;21973.5;10
20250618 035800;21973.75;21975;21969.75;21970.25;57
20250618 035900;21970.5;21971.25;21968.5;21968.5;33
20250618 040000;21968;21970.5;21967.5;21970;35
20250618 040100;21969.75;21976;21968;21975.25;43
20250618 040200;21975;21977.5;21972.25;21972.5;42
20250618 040300;21972.5;21973.75;21972.5;21972.75;22
20250618 040400;21972;21973.5;21970.75;21972.5;31
20250618 040500;21972;21974.5;21971.25;21974.5;9
20250618 040600;21973.25;21975.75;21972.75;21974.75;20
20250618 040700;21974.75;21982.75;21973.75;21980.75;64
20250618 040800;21981;21981;21978.75;21978.75;32
20250618 040900;21979;21980;21978.25;21979.75;14
20250618 041000;21979.5;21981.75;21978.75;21978.75;41
20250618 041100;21979;21980.25;21976;21978;24
20250618 041200;21977;21977;21973.75;21973.75;9
20250618 041300;21973.25;21976.25;21973.25;21976.25;23
20250618 041400;21975.25;21975.5;21975.25;21975.5;6
20250618 041500;21975.5;21980;21975.5;21979.25;32
20250618 041600;21978.75;21978.75;21976.5;21977.75;18
20250618 041700;21977;21977;21974.25;21974.75;19
20250618 041800;21975;21977.5;21973.75;21975;25
20250618 041900;21975;21975.25;21974.75;21975.25;8
20250618 042000;21975;21975.25;21972;21974;44
20250618 042100;21972.25;21972.5;21971.5;21971.5;10
20250618 042200;21971.5;21971.75;21969.75;21970.25;21
20250618 042300;21970.25;21971.5;21956.75;21960.25;213
20250618 042400;21960.75;21963.5;21958;21958;62
20250618 042500;21958.25;21960.25;21951.75;21951.75;142
20250618 042600;21952.25;21954.5;21950;21953.25;159
20250618 042700;21953;21956;21944.75;21953;166
20250618 042800;21953.25;21957.5;21952.5;21956.5;29
20250618 042900;21956.75;21958.75;21955.75;21956.75;56
20250618 043000;21957.5;21957.5;21954.75;21956.75;19
20250618 043100;21957.5;21963;21956.5;21958.25;92
20250618 043200;21957.75;21957.75;21955.5;21957.75;18
20250618 043300;21957.75;21960.5;21957;21958.75;32
20250618 043400;21959.5;21962;21959.5;21961.5;14
20250618 043500;21960.5;21960.5;21958.75;21959.25;13
20250618 043600;21960.75;21960.75;21959.5;21960.75;5
20250618 043700;21959.75;21961.5;21959.25;21960.5;14
20250618 043800;21960.5;21960.5;21958;21958;7
20250618 043900;21957.75;21959;21957.75;21958.5;10
20250618 044000;21958.25;21958.25;21957.25;21957.5;12
20250618 044100;21957.5;21958.5;21956.75;21957.5;15
20250618 044200;21959.5;21964;21958.5;21962.75;61
20250618 044300;21963.5;21964.25;21962.75;21963.25;26
20250618 044400;21964;21966.5;21964;21966.25;30
20250618 044500;21967.5;21972.5;21967.5;21970;55
20250618 044600;21970.25;21970.25;21968;21969;24
20250618 044700;21968.75;21971.75;21968.75;21970;34
20250618 044800;21970;21982.25;21970;21982.25;85
20250618 044900;21982.5;21987.5;21981.25;21984.25;106
20250618 045000;21984;21984.25;21980.75;21981.25;26
20250618 045100;21981.25;21981.75;21975.75;21977.75;58
20250618 045200;21977.75;21979;21975.25;21975.5;49
20250618 045300;21975.5;21976.5;21973;21975;34
20250618 045400;21974.25;21978.75;21974;21978.25;44
20250618 045500;21978.5;21980;21978.25;21978.25;18
20250618 045600;21979.25;21979.75;21977.25;21979.75;49
20250618 045700;21979.75;21983;21979;21981.75;40
20250618 045800;21982.75;21983.25;21980.5;21980.75;31
20250618 045900;21981.75;21982;21980.25;21981.25;16
20250618 050000;21981;21981.25;21979.5;21979.75;26
20250618 050100;21980;21981.25;21978.5;21979.75;40
20250618 050200;21980.5;21986.25;21980.5;21985;22
20250618 050300;21984.75;21989.5;21983;21988.5;105
20250618 050400;21988;21994;21988;21990.75;75
20250618 050500;21989.25;21990.5;21985;21988.75;54
20250618 050600;21989.25;21990.25;21985.75;21985.75;36
20250618 050700;21985;21989.75;21982.5;21989;69
20250618 050800;21987.75;21991.5;21987.5;21990.75;21
20250618 050900;21991.25;21993.5;21990.75;21992;38
20250618 051000;21992.5;21992.5;21990;21990.75;17
20250618 051100;21991.25;21992.5;21989.25;21990.25;39
20250618 051200;21990.75;21992;21990;21990.5;17
20250618 051300;21991;21993.5;21991;21993.5;7
20250618 051400;21992.75;21993;21992;21993;9
20250618 051500;21991.25;21991.25;21987.25;21987.25;29
20250618 051600;21988;21990.5;21987.25;21990;9
20250618 051700;21990.5;21991.25;21988;21988.75;13
20250618 051800;21990.5;21991.5;21990.5;21991.5;11
20250618 051900;21992.25;21994.25;21991.75;21993.25;27
20250618 052000;21992;21992;21987.25;21989;25
20250618 052100;21988.75;21991.25;21987.5;21987.75;40
20250618 052200;21988.25;21988.25;21985;21985;29
20250618 052300;21984.25;21986.25;21984;21986.25;19
20250618 052400;21988;21991;21986.75;21987.25;41
20250618 052500;21987.25;21988.25;21986.75;21987.5;13
20250618 052600;21986.5;21986.75;21985;21986.25;13
20250618 052700;21985;21985.75;21985;21985.75;2
20250618 052800;21986.25;21986.75;21986.25;21986.5;5
20250618 052900;21987.25;21988;21987;21987;17
20250618 053000;21985.75;21986.25;21985.5;21986.25;3
20250618 053100;21987;21991.25;21987;21990.5;47
20250618 053200;21990.25;21993;21989.25;21991.5;38
20250618 053300;21991.75;21997;21990.25;21993.75;103
20250618 053400;21993.75;21995.75;21993.5;21994;37
20250618 053500;21993.25;21993.25;21986.5;21988;47
20250618 053600;21987.5;21988.25;21981.25;21981.75;63
20250618 053700;21981.75;21984.25;21980.5;21981.75;61
20250618 053800;21982.5;21987;21982.5;21986.75;36
20250618 053900;21988;21989;21980.75;21980.75;40
20250618 054000;21980.5;21983;21980.5;21982.5;14
20250618 054100;21983;21986;21983;21985.25;24
20250618 054200;21985.25;21987.5;21985.25;21987.5;12
20250618 054300;21987;21987;21984;21984.5;17
20250618 054400;21984.25;21988.5;21984.25;21987.75;40
20250618 054500;21988;21989;21984.75;21985.5;34
20250618 054600;21984.75;21986.25;21983.5;21986.25;14
20250618 054700;21985.5;21986.5;21984.75;21984.75;9
20250618 054800;21983.75;21987.5;21983.75;21986;17
20250618 054900;21984.75;21985;21982.5;21983.5;19
20250618 055000;21982.75;21982.75;21978.5;21980;61
20250618 055100;21979.5;21981;21979;21981;23
20250618 055200;21979.75;21981;21979.75;21980.5;12
20250618 055300;21981;21984.25;21981;21982.5;26
20250618 055400;21984.25;21985.5;21984;21985;18
20250618 055500;21986;21989.25;21986;21987.75;34
20250618 055600;21988.25;21991.5;21987.75;21987.75;40
20250618 055700;21987.25;21988;21986;21987.5;18
20250618 055800;21988.25;21989.25;21986;21986.25;17
20250618 055900;21986.25;21989.5;21986.25;21986.5;28
20250618 060000;21987;21988.5;21986.75;21988.5;23
20250618 060100;21988;21991.75;21985.25;21988.5;151
20250618 060200;21988;21990.5;21981.5;21987.5;98
20250618 060300;21989.25;21992;21985.75;21987.5;56
20250618 060400;21987.25;21991;21986.5;21990.5;33
20250618 060500;21990.5;21994;21988;21989;72
20250618 060600;21988.25;21991.5;21986;21988;66
20250618 060700;21987.75;21991.5;21987.75;21991.5;30
20250618 060800;21989.75;21991.75;21989.5;21990.25;17
20250618 060900;21990.5;21997;21990.25;21996;58
20250618 061000;21996.5;22005.25;21996.25;22000.75;242
20250618 061100;22001;22003;21999.25;22000.75;65
20250618 061200;22001;22014;21998.25;22009.5;348
20250618 061300;22010.5;22014;22007.75;22010.25;145
20250618 061400;22010.5;22013;22005.25;22011;156
20250618 061500;22010.5;22011.5;22008;22008.5;52
20250618 061600;22009.5;22010.5;21996.75;21998.75;137
20250618 061700;21998.75;22006;21998.25;22005.25;92
20250618 061800;22005.75;22006.5;21999.5;22002;73
20250618 061900;22002.5;22007;22001;22001;53
20250618 062000;22003.5;22005.5;22003.5;22005.25;29
20250618 062100;22006.5;22007.25;22003.5;22004.25;42
20250618 062200;22005;22006.25;22002.25;22003;57
20250618 062300;22003.75;22008.75;22003.75;22008.5;60
20250618 062400;22008.25;22010.5;22007.25;22009;44
20250618 062500;22008.75;22011.75;22008.75;22009;31
20250618 062600;22009.5;22010;22006;22006.25;29
20250618 062700;22005.5;22014.75;22005.5;22012.5;73
20250618 062800;22012.5;22020.5;22011.5;22015;208
20250618 062900;22016.25;22016.5;22010.5;22011;103
20250618 063000;22011.5;22019;22011.5;22018.75;65
20250618 063100;22017.75;22019.25;22011.25;22011.25;107
20250618 063200;22011.75;22017.5;22011.25;22016.5;106
20250618 063300;22017.25;22027.75;22017.25;22025.5;183
20250618 063400;22025;22029.75;22023;22027;112
20250618 063500;22028.5;22030.75;22023.75;22024.25;111
20250618 063600;22024.5;22025;22015.5;22016;112
20250618 063700;22015;22015.5;22006.75;22008.75;108
20250618 063800;22009.25;22013;22009.25;22011.25;127
20250618 063900;22011.25;22015.25;22011.25;22014.5;51
20250618 064000;22014.5;22015.5;22010.5;22011.75;67
20250618 064100;22010.25;22012;22006.5;22007.75;42
20250618 064200;22007.5;22008.25;22005;22005.5;74
20250618 064300;22006.25;22009.75;22006.25;22007.75;46
20250618 064400;22007.75;22008.25;22002;22003;87
20250618 064500;22004.25;22007.75;22002.25;22007;54
20250618 064600;22006.25;22010.5;21999.75;22001.75;85
20250618 064700;22001.5;22002.25;21994;21996.75;140
20250618 064800;21995.5;22002;21995;22000;65
20250618 064900;21999.5;21999.5;21997;21997.75;50
20250618 065000;21998;22000.25;21998;21999.25;22
20250618 065100;21998.5;22002.25;21998.5;21999.75;27
20250618 065200;21999.75;22000.5;21995;21997.25;58
20250618 065300;21998.25;22004.5;21997.75;22003.25;82
20250618 065400;22002.75;22003.5;21999.25;22000.5;32
20250618 065500;22000.75;22001.5;21999;22000.25;16
20250618 065600;22000.25;22005.75;22000.25;22004;79
20250618 065700;22003.5;22006.5;22003.5;22005;39
20250618 065800;22005;22005.25;22000.75;22003.25;57
20250618 065900;22003.75;22004.75;22003.5;22004.75;11
20250618 070000;22004.75;22005.75;22002;22003.5;77
20250618 070100;22003.75;22004.5;21999;22003.25;194
20250618 070200;22004.25;22013.5;22003.5;22008.25;144
20250618 070300;22008.25;22013;22006;22011;99
20250618 070400;22010.75;22014.75;22006;22006;99
20250618 070500;22006.25;22006.5;22000.75;22004.75;133
20250618 070600;22004;22009.25;22004;22006.25;90
20250618 070700;22005.5;22005.5;22003;22004.75;33
20250618 070800;22005.25;22015.5;22005;22009.25;157
20250618 070900;22009;22012.75;22008.25;22011;72
20250618 071000;22010.5;22012.25;22005.25;22012;80
20250618 071100;22012;22012.5;22005.75;22011.25;102
20250618 071200;22011.25;22014;22006;22014;75
20250618 071300;22013.75;22017.5;22013;22016.25;102
20250618 071400;22015.25;22016;22010.75;22016;112
20250618 071500;22015.75;22016;22009.5;22010.25;88
20250618 071600;22010.75;22023.75;22010.5;22023;173
20250618 071700;22022.75;22023.75;22014.5;22019.75;140
20250618 071800;22020;22027.5;22019.25;22021.25;198
20250618 071900;22021.25;22028.5;22020;22024.5;177
20250618 072000;22024.75;22027.25;22021.75;22022.5;82
20250618 072100;22023.25;22029;22023;22024.5;98
20250618 072200;22025.5;22025.75;22016.25;22022.75;169
20250618 072300;22022.25;22022.25;22019;22022;102
20250618 072400;22021.75;22024.5;22017.5;22018.25;144
20250618 072500;22018.5;22018.75;22011;22015;97
20250618 072600;22015;22019.75;22013.25;22015;63
20250618 072700;22015.5;22015.75;22008.75;22010;72
20250618 072800;22010.25;22012.5;22006.5;22010.25;75
20250618 072900;22010;22015.75;22009;22015.75;66
20250618 073000;22015;22016.25;22012.5;22013.5;61
20250618 073100;22014.5;22025.25;22014.5;22025;122
20250618 073200;22026;22029.25;22025.25;22027.75;91
20250618 073300;22027.75;22030;22024;22024;143
20250618 073400;22024.75;22024.75;22013.75;22016.25;99
20250618 073500;22016;22017.25;22013.25;22015.5;68
20250618 073600;22015.75;22025;22015.75;22022.5;66
20250618 073700;22023;22032.25;22019.5;22030.25;143
20250618 073800;22029.75;22031;22025;22025.5;84
20250618 073900;22025.5;22028.75;22025.5;22028.25;45
20250618 074000;22027.5;22029.5;22026.75;22028;43
20250618 074100;22028.5;22031.5;22026;22026.25;71
20250618 074200;22026.25;22027.25;22022.75;22025.25;68
20250618 074300;22025.5;22028;22023.75;22025.25;70
20250618 074400;22026.25;22026.5;22023.5;22024.25;33
20250618 074500;22024.25;22028;22024.25;22026;57
20250618 074600;22025.75;22026.5;22022;22023.25;69
20250618 074700;22023.75;22023.75;22019.75;22022.75;69
20250618 074800;22022.5;22025;22022.25;22024.25;45
20250618 074900;22024.75;22027;22022.25;22025.5;45
20250618 075000;22025;22027.5;22024;22024.5;43
20250618 075100;22024.75;22025;22022;22022.5;63
20250618 075200;22022;22023;22016.5;22019.5;84
20250618 075300;22019.5;22019.75;22011.5;22012.75;61
20250618 075400;22012.75;22017;22003;22004;228
20250618 075500;22004.25;22006.25;21998.25;22005.25;342
20250618 075600;22004;22010.25;22000.25;22009.25;265
20250618 075700;22010;22012.5;22008.75;22012.5;94
20250618 075800;22012.25;22017;22012.25;22016;68
20250618 075900;22016.75;22017.75;22012;22012.75;57
20250618 080000;22015.25;22015.25;22010.75;22014;29
20250618 080100;22014.75;22015.25;22010.5;22011.75;157
20250618 080200;22011.75;22019.25;22008.5;22017.25;160
20250618 080300;22017;22027;22016.75;22020;151
20250618 080400;22021.25;22024.5;22019.5;22022.75;96
20250618 080500;22022.75;22027;22022;22025.75;98
20250618 080600;22026;22030;22023.75;22027.75;112
20250618 080700;22026.75;22032.75;22026;22032.75;84
20250618 080800;22032.5;22034.75;22027.5;22027.5;104
20250618 080900;22028.25;22032.5;22028;22030.75;70
20250618 081000;22031;22034;22030;22033.5;57
20250618 081100;22033.75;22034;22030;22032;75
20250618 081200;22033.5;22036.5;22030.5;22033.25;70
20250618 081300;22033.25;22035.5;22030.75;22031.25;62
20250618 081400;22031.5;22033.75;22027.25;22027.25;91
20250618 081500;22027.25;22027.5;22020;22021.5;152
20250618 081600;22021.75;22022;22018;22021.25;67
20250618 081700;22020.75;22023.25;22019.5;22022.5;81
20250618 081800;22022.75;22023.25;22018;22019.75;78
20250618 081900;22019.25;22020;22015.5;22016.25;74
20250618 082000;22015.5;22018.75;22015.25;22018;42
20250618 082100;22017;22018;22007.75;22010;178
20250618 082200;22010.25;22011.25;22005.75;22009;122
20250618 082300;22009.5;22014.5;22007.5;22013.5;76
20250618 082400;22015;22015.5;22010.25;22013.25;70
20250618 082500;22011.5;22017.75;22007.75;22016.25;197
20250618 082600;22015.75;22020.5;22015;22018.75;105
20250618 082700;22018.25;22022.75;22018.25;22020.25;63
20250618 082800;22020.5;22020.5;22013.5;22017.25;116
20250618 082900;22017.5;22021.25;22016.75;22018.5;72
20250618 083000;22017;22017.75;22014.25;22015;56
20250618 083100;22016.75;22017.75;22015;22017.75;40
20250618 083200;22018;22018;22015.5;22017.5;15
20250618 083300;22017;22022;22016.5;22022;54
20250618 083400;22021.75;22022.25;22018;22018.25;62
20250618 083500;22018;22020.25;22014.75;22019.25;92
20250618 083600;22019.75;22022;22018;22022;36
20250618 083700;22021;22022;22019.25;22019.5;37
20250618 083800;22019;22019.25;22016.75;22017.25;53
20250618 083900;22017.75;22021;22015;22020.75;62
20250618 084000;22021.25;22022.25;22019.25;22022.25;23
20250618 084100;22021.25;22021.75;22019.5;22021.5;30
20250618 084200;22022.25;22024.75;22020;22020;59
20250618 084300;22020;22022;22018.25;22018.25;61
20250618 084400;22018.5;22020;22017.5;22020;28
20250618 084500;22019.25;22020.75;22013.5;22019;142
20250618 084600;22018.5;22021;22018;22021;40
20250618 084700;22021.5;22022.75;22020.75;22022.5;18
20250618 084800;22023.75;22027;22023.75;22026.75;84
20250618 084900;22027;22028;22020.25;22022.75;65
20250618 085000;22022.25;22023;22019.25;22020.75;57
20250618 085100;22020.75;22024;22020.75;22023;37
20250618 085200;22022.5;22023;22020.25;22022.25;15
20250618 085300;22022.25;22025.25;22021.5;22025;26
20250618 085400;22024.75;22026.5;22024;22024.25;51
20250618 085500;22024.75;22027.5;22024;22027.25;47
20250618 085600;22026.75;22034.5;22026.25;22033.5;165
20250618 085700;22034.25;22037;22033.75;22033.75;82
20250618 085800;22033.25;22036.75;22031.75;22032;85
20250618 085900;22032.75;22033;22030;22032.5;63
20250618 090000;22033;22034.25;22031.5;22031.5;31
20250618 090100;22032.75;22037.5;22032.5;22035.75;69
20250618 090200;22036;22042;22035.5;22041;166
20250618 090300;22041.75;22046.5;22041.5;22044;171
20250618 090400;22044.5;22049.5;22044.5;22048.75;121
20250618 090500;22049.5;22058.75;22049.5;22057;494
20250618 090600;22057.25;22066.25;22055.75;22061.25;336
20250618 090700;22061.25;22063.25;22054.25;22057.25;240
20250618 090800;22057.25;22058.25;22055.75;22056.5;32
20250618 090900;22057.75;22058.5;22055;22057.5;130
20250618 091000;22056.75;22056.75;22042.5;22045;368
20250618 091100;22044.75;22046.25;22042.25;22043.25;112
20250618 091200;22043.75;22051;22043;22049.25;147
20250618 091300;22049.75;22050;22042;22043.25;158
20250618 091400;22043.25;22046.25;22043;22046;52
20250618 091500;22046.25;22050.5;22046.25;22050;136
20250618 091600;22050;22055.75;22049.25;22055;111
20250618 091700;22054.75;22056.25;22052.25;22056;86
20250618 091800;22056.25;22056.75;22053.25;22054;33
20250618 091900;22054.25;22055.5;22053.25;22055.5;29
20250618 092000;22055.25;22056.25;22054;22055.5;28
20250618 092100;22054.5;22054.5;22052.25;22052.5;30
20250618 092200;22052.5;22053.25;22050.25;22051;85
20250618 092300;22050.75;22052.75;22045.75;22048;228
20250618 092400;22047.75;22048.75;22045;22046;94
20250618 092500;22046.25;22050.75;22046.25;22049.5;64
20250618 092600;22049.5;22050.5;22046.75;22047.25;36
20250618 092700;22048;22048.25;22045.25;22048.25;41
20250618 092800;22048.25;22050.25;22048;22049;47
20250618 092900;22049;22052.5;22049;22049;50
20250618 093000;22049;22049.25;22046.25;22047.5;21
20250618 093100;22047.5;22048.25;22045.5;22047;23
20250618 093200;22046.25;22049.75;22046;22049.5;55
20250618 093300;22050;22050.75;22046.75;22047.5;64
20250618 093400;22047.25;22047.5;22036.25;22036.5;185
20250618 093500;22036;22036.75;22033.25;22035.25;96
20250618 093600;22035.75;22038;22033.75;22034.75;70
20250618 093700;22034.25;22036.25;22032.25;22033;54
20250618 093800;22032.5;22033.25;22030.5;22031.75;42
20250618 093900;22031.25;22033;22030;22033;38
20250618 094000;22031.75;22036;22031.25;22033.75;71
20250618 094100;22032.75;22035.75;22032;22034.5;38
20250618 094200;22035;22036;22032;22033.25;53
20250618 094300;22033.5;22035;22033;22034.5;20
20250618 094400;22036.25;22036.75;22034;22034;30
20250618 094500;22034.25;22038.25;22034.25;22037.75;50
20250618 094600;22038;22040.5;22037.75;22039.75;50
20250618 094700;22040.25;22040.25;22036.5;22039;36
20250618 094800;22038.25;22040.25;22036.25;22036.25;44
20250618 094900;22036.25;22038.25;22032.75;22037.25;112
20250618 095000;22037;22037;22035;22035.75;36
20250618 095100;22035.25;22045;22030.5;22035.75;444
20250618 095200;22035.25;22037.25;22034.5;22037.25;43
20250618 095300;22036.75;22037.25;22034.5;22034.5;26
20250618 095400;22036;22036.5;22034.75;22035;23
20250618 095500;22035.5;22037.5;22035;22037.5;11
20250618 095600;22037.75;22038.75;22036.5;22037;25
20250618 095700;22036;22036;22032.25;22032.75;48
20250618 095800;22032.75;22033.25;22030.5;22031.25;45
20250618 095900;22032.5;22033.25;22030.75;22031;21
20250618 100000;22031.5;22032;22030.75;22031.5;25
20250618 100100;22031;22032.75;22030.5;22031.5;37
20250618 100200;22031;22034.75;22030.75;22034.25;47
20250618 100300;22033.75;22035.5;22025.25;22026;113
20250618 100400;22025.5;22027.5;22022.75;22023.5;99
20250618 100500;22023.75;22024.5;22020.75;22023.25;125
20250618 100600;22023.75;22023.75;22017.5;22018;139
20250618 100700;22017.75;22024.25;22017.75;22023.25;90
20250618 100800;22023.75;22024;22022.25;22023.5;46
20250618 100900;22022;22023.25;22020.5;22021.75;33
20250618 101000;22023;22024;22020.75;22021.5;73
20250618 101100;22021.5;22023.5;22019.5;22021;44
20250618 101200;22020.5;22020.75;22010.5;22016.25;250
20250618 101300;22016.5;22016.5;22010.5;22012.75;144
20250618 101400;22012.75;22020;22011;22018.75;236
20250618 101500;22018.75;22026;22018.75;22024.25;147
20250618 101600;22024;22028;22024;22026.5;79
20250618 101700;22026.5;22031;22026.5;22030;88
20250618 101800;22030.75;22031;22026;22030.5;75
20250618 101900;22030.25;22032.5;22030;22032.25;47
20250618 102000;22031.75;22031.75;22028.25;22030.25;40
20250618 102100;22030.5;22030.5;22024.75;22025.5;37
20250618 102200;22026;22029.25;22012.25;22013.25;181
20250618 102300;22012.25;22013;21997;21998;791
20250618 102400;21997.75;22009.75;21990.75;22005.25;518
20250618 102500;22006.25;22013.75;22005.5;22012;126
20250618 102600;22012.25;22018.25;22009.75;22018.25;83
20250618 102700;22018.25;22018.25;22011.75;22015.25;54
20250618 102800;22015;22017.25;22013.5;22013.5;64
20250618 102900;22014;22014;22004.5;22006.25;125
20250618 103000;22006.25;22008.5;22004.5;22008.25;56
20250618 103100;22008;22011.75;22007;22009.5;82
20250618 103200;22009.25;22011;22004.5;22004.5;92
20250618 103300;22004.25;22009;22001.25;22002.25;139
20250618 103400;22002.25;22002.25;21997;22000;123
20250618 103500;21999.5;21999.5;21991;21991;124
20250618 103600;21991.25;21993.75;21988;21991.5;191
20250618 103700;21990;21994.25;21987.25;21988.75;121
20250618 103800;21988.5;21992;21988.5;21990.25;52
20250618 103900;21990;21995;21987;21994;99
20250618 104000;21994;21996.25;21992;21995.75;80
20250618 104100;21994.75;21997;21989.25;21989.25;82
20250618 104200;21989;21997;21988.75;21994.5;66
20250618 104300;21994.75;22000;21992.75;21999;72
20250618 104400;22000.5;22007.25;21998.75;22006.25;130
20250618 104500;22006.5;22006.5;21998.25;21998.25;89
20250618 104600;21999;22007.75;21998;22006.75;76
20250618 104700;22007.75;22009;21990.25;21992;124
20250618 104800;21991;21993.75;21989.5;21993.75;81
20250618 104900;21992.25;21996.25;21991.5;21996;101
20250618 105000;21996.5;21998.25;21991.75;21994.5;89
20250618 105100;21995.5;21999;21992;21992;71
20250618 105200;21991.5;21992.25;21988;21990;65
20250618 105300;21989;21989.75;21982;21983.75;128
20250618 105400;21983.75;21983.75;21972.25;21974;259
20250618 105500;21974;21974.25;21965.75;21965.75;364
20250618 105600;21967.25;21971;21962.25;21967.75;181
20250618 105700;21967.25;21968;21955.75;21958.25;317
20250618 105800;21958;21958;21952.25;21954.75;259
20250618 105900;21954.25;21960.5;21953.25;21959;142
20250618 110000;21959.75;21961.75;21955.5;21956.75;114
20250618 110100;21957.75;21961.75;21952.25;21960.5;231
20250618 110200;21960.25;21962;21955.75;21957.75;160
20250618 110300;21956;21961.5;21953;21959.75;159
20250618 110400;21958.75;21964.5;21958.75;21962.25;159
20250618 110500;21962;21963.25;21957.75;21962.25;81
20250618 110600;21962.5;21966;21961.75;21965.25;93
20250618 110700;21964.75;21969.75;21964.75;21969.75;95
20250618 110800;21970;21971.5;21957.25;21959.75;205
20250618 110900;21959;21965.5;21957.25;21963.5;121
20250618 111000;21963;21964.75;21961;21963.75;96
20250618 111100;21963.5;21963.5;21956;21956;87
20250618 111200;21956.5;21964.5;21952;21964.25;198
20250618 111300;21963.75;21968;21962.25;21967.75;125
20250618 111400;21969.5;21973.5;21965;21966.5;216
20250618 111500;21966.75;21969;21963.75;21964.5;122
20250618 111600;21964.5;21970.5;21964.25;21968.25;88
20250618 111700;21967.75;21970;21966.5;21966.75;93
20250618 111800;21966;21970.75;21962;21970.5;95
20250618 111900;21969.75;21971;21966.75;21966.75;58
20250618 112000;21967;21967;21958.5;21960;124
20250618 112100;21958.75;21966;21958.75;21966;125
20250618 112200;21966.75;21967.5;21962.75;21967.25;52
20250618 112300;21966.75;21972;21966;21967.5;101
20250618 112400;21968.75;21973.75;21968.75;21972;80
20250618 112500;21972.75;21978.75;21970.5;21976;328
20250618 112600;21975.5;21978.75;21973.5;21977;162
20250618 112700;21976.75;21976.75;21972.25;21976.25;95
20250618 112800;21976.25;21987.25;21974.75;21986.75;335
20250618 112900;21987.25;21987.25;21980.25;21982;156
20250618 113000;21981.5;21984;21978;21983;175
20250618 113100;21983;21984;21981.5;21981.75;49
20250618 113200;21981.5;21987;21980;21980.5;187
20250618 113300;21981.25;21989.25;21981.25;21989.25;91
20250618 113400;21989.25;21991.75;21986.25;21988.25;106
20250618 113500;21988.75;21989.5;21987.25;21988;43
20250618 113600;21988;21990;21984.75;21990;104
20250618 113700;21990;21995;21984;21984;168
20250618 113800;21983;21985.25;21977.5;21978.25;136
20250618 113900;21977.5;21980.5;21976.75;21979.75;84
20250618 114000;21979.75;21984.75;21979.75;21982.75;80
20250618 114100;21983.25;21985.75;21983.25;21984.75;82
20250618 114200;21985;21988.25;21984.5;21986.75;49
20250618 114300;21986.5;21991.25;21985.5;21991.25;59
20250618 114400;21992.25;22006.5;21992.25;22006;671
20250618 114500;22006;22006.5;22001;22003.25;125
20250618 114600;22003;22015.75;22003;22014.5;380
20250618 114700;22014.5;22030;22013;22023.5;332
20250618 114800;22023.75;22028;22020.75;22024;192
20250618 114900;22024.25;22030.5;22024.25;22025.25;209
20250618 115000;22026;22026;22022.25;22023.5;109
20250618 115100;22023.25;22024.25;22020;22021.75;112
20250618 115200;22021;22022.75;22018;22019.25;104
20250618 115300;22019.5;22019.75;22016;22016.5;83
20250618 115400;22016;22018;22013.5;22017;103
20250618 115500;22017.5;22020;22013.25;22014.75;182
20250618 115600;22013.75;22015.75;22013.25;22013.75;77
20250618 115700;22013.5;22013.5;22008.75;22009.5;120
20250618 115800;22009;22009;22006;22006.5;118
20250618 115900;22007;22008.75;22001.75;22007.5;130
20250618 120000;22008;22009;22004.5;22007.5;43
20250618 120100;22008;22008;22000.75;22002;141
20250618 120200;22002.25;22004.75;22001.5;22004.25;89
20250618 120300;22003.5;22009;22002.75;22002.75;100
20250618 120400;22003.5;22003.5;21995.5;21997.25;117
20250618 120500;21996.75;21999;21995.25;21996;176
20250618 120600;21995.5;22003.25;21993;22003.25;472
20250618 120700;22002.5;22004.75;21995.75;21997.75;168
20250618 120800;21999;21999;21995.5;21996.5;59
20250618 120900;21996.5;22003.25;21995.5;22002.75;72
20250618 121000;22003;22005.25;21999.75;22002.5;149
20250618 121100;22002;22008.75;22001;22006.25;107
20250618 121200;22005;22008.25;22002.75;22004.75;179
20250618 121300;22004.5;22006;22002;22004.5;59
20250618 121400;22004.5;22009.5;22003.5;22008.25;63
20250618 121500;22009;22010.5;22007.75;22009.75;81
20250618 121600;22009.75;22019.25;22008.5;22017;261
20250618 121700;22016.75;22017.5;22011.25;22013.25;104
20250618 121800;22012.5;22012.5;21998.75;22000.5;156
20250618 121900;22001.5;22006;21998;22004.25;135
20250618 122000;22004.75;22005.5;22002.25;22004.75;63
20250618 122100;22005;22005.25;21996.75;22003.5;230
20250618 122200;22003.5;22011.75;22003;22007.75;170
20250618 122300;22008.75;22009.75;22006.5;22007;69
20250618 122400;22006.75;22008;22002;22008;81
20250618 122500;22007.75;22010.5;22007.75;22008.75;63
20250618 122600;22009;22009.25;22004;22005;80
20250618 122700;22004.5;22006.5;22004.5;22005.75;53
20250618 122800;22005.25;22005.5;21998.25;21998.75;154
20250618 122900;21999.25;22002.75;21998.25;22000.75;83
20250618 123000;22000.5;22006;21999.75;22004.75;145
20250618 123100;22006.25;22006.25;21991.25;21993.75;425
20250618 123200;21993.75;21998.25;21993.5;21996.5;145
20250618 123300;21997;22001.75;21993.25;21994.25;218
20250618 123400;21993.75;22000.75;21992;22000.5;96
20250618 123500;22000.5;22004;21999.25;22001.75;78
20250618 123600;22001.75;22007.25;22000.5;22007.25;87
20250618 123700;22006.25;22010.5;22004;22005;104
20250618 123800;22005.5;22006.25;21987.75;21989.25;301
20250618 123900;21988;21988.25;21980.25;21982.5;251
20250618 124000;21982.5;21988.25;21980;21987.5;160
20250618 124100;21987;21994;21986.25;21991;163
20250618 124200;21990.25;21995.75;21989.75;21991;112
20250618 124300;21991.5;21994.25;21987.25;21988;99
20250618 124400;21988.5;21989;21985.25;21987.75;80
20250618 124500;21988.25;21991.75;21987.75;21991.75;41
20250618 124600;21992;21995.25;21989.75;21990.5;114
20250618 124700;21991.5;21992.25;21988.75;21991.25;92
20250618 124800;21991.5;21992;21983;21983;74
20250618 124900;21983;21987.5;21983;21987.25;100
20250618 125000;21987.5;21993.25;21986.5;21992.75;86
20250618 125100;21992.25;21994;21988;21992;109
20250618 125200;21992;21996;21989.5;21996;54
20250618 125300;21995.25;22001;21994.75;21999.75;261
20250618 125400;22000.5;22003.5;21999;22002;110
20250618 125500;22002.25;22004.75;21992.75;21993.5;186
20250618 125600;21993;21997.25;21990;21991.75;178
20250618 125700;21990.75;21993.75;21985.5;21986.75;112
20250618 125800;21986.75;21994;21985.25;21992.75;153
20250618 125900;21992.75;21992.75;21988;21988.5;96
20250618 130000;21988.25;21989.25;21985.75;21986.75;125
20250618 130100;21987;21992.75;21983.75;21984.75;162
20250618 130200;21985;21987.75;21983.25;21987.25;93
20250618 130300;21986.75;21994.25;21986;21992.75;133
20250618 130400;21993.25;21998;21993.25;21996.25;134
20250618 130500;21996;21999.25;21991;21998.75;115
20250618 130600;21998.75;22003.75;21998;22001.25;218
20250618 130700;22002;22006.75;21997.75;21999.5;349
20250618 130800;21998.75;22004.25;21997.75;22003.25;116
20250618 130900;22003.25;22003.5;22001;22002.25;59
20250618 131000;22001.75;22009.25;22001.25;22006.25;301
20250618 131100;22005.75;22009;22002.75;22009;114
20250618 131200;22008;22010.5;22006.75;22008.25;144
20250618 131300;22008.5;22009.75;22000.25;22000.25;123
20250618 131400;22001;22002.75;21997;22002.75;179
20250618 131500;22003.25;22005.75;22002;22003.25;92
20250618 131600;22002.75;22003.5;22000.75;22000.75;81
20250618 131700;22000.5;22004.5;21999.5;22001.75;126
20250618 131800;22002.25;22003.5;21998;21999.5;75
20250618 131900;22000;22008.5;22000;22006.5;152
20250618 132000;22006.25;22009;22002.75;22008.5;134
20250618 132100;22007.25;22012.25;22005.75;22010;190
20250618 132200;22009.5;22013.5;22009;22013;113
20250618 132300;22013.25;22014.75;22007.75;22008.75;176
20250618 132400;22007.75;22012.25;22006.25;22009.25;136
20250618 132500;22009.75;22014;22005.25;22005.25;236
20250618 132600;22008;22009;22000.75;22006.25;336
20250618 132700;22006.25;22009.25;22003.25;22004.5;202
20250618 132800;22004.25;22009.25;21999.75;22005.25;331
20250618 132900;22005;22005;21995.75;21998.5;537
20250618 133000;21998;21999.75;21992.25;21993;532
20250618 133100;21993;21995.5;21961;21982.5;3632
20250618 133200;21981.75;21993;21965.5;21967.25;2253
20250618 133300;21967.25;21968.75;21947.25;21947.75;1908
20250618 133400;21948.25;21949;21932;21939.5;1884
20250618 133500;21939.75;21939.75;21926.25;21930.5;1712
20250618 133600;21930.75;21951.25;21929.5;21949.25;2040
20250618 133700;21949.5;21950;21928.5;21942.25;1533
20250618 133800;21942.5;21961.25;21938;21953;1732
20250618 133900;21954;21964.75;21951.75;21956.75;1055
20250618 134000;21957.5;21966.75;21955.25;21962.5;902
20250618 134100;21962.5;21971.25;21958.25;21969.25;1266
20250618 134200;21969;21978.75;21965.5;21974.75;1310
20250618 134300;21975.5;21978;21964.75;21969.25;1024
20250618 134400;21970.5;21975;21965.25;21974.5;655
20250618 134500;21973.5;21987.5;21973;21977.5;1389
20250618 134600;21977.5;21980;21971.25;21977.25;853
20250618 134700;21977.75;21985;21972.75;21982.5;734
20250618 134800;21983.25;21997.5;21979.75;21993.75;1257
20250618 134900;21994.5;22000.5;21992;21995.25;1101
20250618 135000;21995;22007;21994;22002.5;1051
20250618 135100;22002.75;22010.75;22000.75;22009.5;1187
20250618 135200;22009.5;22013.25;22003.5;22005.75;1118
20250618 135300;22006;22022.25;22003.25;22017.75;1544
20250618 135400;22018.75;22024.75;22018;22020.5;1069
20250618 135500;22020.25;22026;21995;22002;2167
20250618 135600;22002;22007.5;21998.75;22006.25;846
20250618 135700;22006;22014.75;22002.25;22003.75;972
20250618 135800;22005;22012.75;22001;22006.25;564
20250618 135900;22006.5;22011.5;22005.75;22008;462
20250618 140000;22008;22011;22001;22001.5;465
20250618 140100;22001.75;22008;21984.25;21987.75;1967
20250618 140200;21987.25;21993;21981;21982.5;1333
20250618 140300;21983;22006;21980.5;22006;1922
20250618 140400;22006;22029.5;22004.5;22025;2111
20250618 140500;22025.25;22034.5;22021.25;22024;1891
20250618 140600;22023.75;22024.5;22011.5;22018.75;1228
20250618 140700;22018.75;22019.75;22007.5;22017;786
20250618 140800;22017;22026.25;22012.25;22024.75;682
20250618 140900;22025;22037.75;22019;22036.25;1345
20250618 141000;22036.25;22040;22021.25;22024.25;1176
20250618 141100;22023.75;22031.25;22018;22023.25;740
20250618 141200;22024;22032.5;22022.5;22031.5;440
20250618 141300;22031.5;22043;22031.25;22040.75;980
20250618 141400;22041.25;22046.75;22038.25;22045.5;974
20250618 141500;22045.25;22053;22044.25;22044.75;1330
20250618 141600;22045.25;22053.75;22042.5;22046.25;974
20250618 141700;22045.75;22054.75;22041;22049;1044
20250618 141800;22048.75;22054.25;22047.75;22052;751
20250618 141900;22052.25;22063.5;22052;22058.25;1575
20250618 142000;22058.5;22059;22053.25;22053.25;675
20250618 142100;22053.5;22077;22051.5;22072.25;2449
20250618 142200;22072.5;22076.5;22060.5;22061.5;1678
20250618 142300;22062;22070.5;22060;22066.75;881
20250618 142400;22067;22068;22056.75;22064.25;799
20250618 142500;22064.25;22072;22064.25;22066.5;642
20250618 142600;22066.75;22072.75;22066;22066.5;798
20250618 142700;22067;22079.25;22064.25;22076.5;885
20250618 142800;22076.75;22080;22073.25;22074.75;809
20250618 142900;22075;22080;22071.5;22073;852
20250618 143000;22073;22083;22072;22073;1013
20250618 143100;22072.75;22078.5;22067.5;22070;1175
20250618 143200;22070;22082.75;22069;22080.75;1009
20250618 143300;22080.25;22083;22076;22079.5;607
20250618 143400;22080;22083;22076.75;22079.5;554
20250618 143500;22079.75;22094;22079.5;22089;1380
20250618 143600;22089;22096;22084.25;22091.25;1056
20250618 143700;22092;22093.25;22083.5;22085.25;951
20250618 143800;22085.25;22087.5;22077;22081;949
20250618 143900;22081.25;22093.5;22077.25;22091.75;866
20250618 144000;22091.5;22096;22088.5;22089;785
20250618 144100;22089.25;22091.25;22071;22071.25;1348
20250618 144200;22071.75;22078.5;22065.25;22074.5;1412
20250618 144300;22074.75;22092.75;22073.75;22092.5;1196
20250618 144400;22092.75;22097.75;22090.25;22090.5;953
20250618 144500;22091;22092.5;22077.5;22086.25;1095
20250618 144600;22086.25;22094;22085.25;22088.25;749
20250618 144700;22087.75;22088.25;22080.25;22084.75;687
20250618 144800;22084.5;22087.5;22083;22086.25;456
20250618 144900;22086.25;22086.5;22071.5;22072.25;1226
20250618 145000;22072;22076.25;22066.75;22075.5;994
20250618 145100;22076.25;22082.5;22074;22077.75;514
20250618 145200;22078.25;22081.25;22072.5;22073;438
20250618 145300;22072.75;22073.25;22062.75;22065.75;1028
20250618 145400;22065.5;22070;22060;22061.25;818
20250618 145500;22061;22066.25;22059.75;22064.25;666
20250618 145600;22064.5;22069.25;22063.25;22065;638
20250618 145700;22064.75;22071.5;22062;22070.25;816
20250618 145800;22070.75;22074.75;22066;22073;652
20250618 145900;22073.75;22074;22069.25;22072;542
20250618 150000;22072.5;22081.5;22072;22080;816
20250618 150100;22079.75;22085;22078;22081.25;761
20250618 150200;22081.75;22085.75;22077;22080.75;613
20250618 150300;22080.75;22080.75;22075.75;22076.5;350
20250618 150400;22076.75;22080.25;22071.5;22076.75;555
20250618 150500;22077;22082.25;22075.5;22082;480
20250618 150600;22082;22083;22075;22076.75;426
20250618 150700;22077.25;22077.75;22062.75;22065.25;803
20250618 150800;22065.25;22070.25;22058.75;22066.75;836
20250618 150900;22067.25;22069.5;22063.25;22063.75;457
20250618 151000;22064.25;22069.25;22057.75;22059.75;503
20250618 151100;22059.75;22066.25;22059.25;22062.5;489
20250618 151200;22061.5;22061.5;22054.5;22060;671
20250618 151300;22060.75;22065;22059;22062.5;512
20250618 151400;22062.75;22063.75;22060.5;22063.25;322
20250618 151500;22062.75;22065.5;22056.25;22058.25;490
20250618 151600;22058;22065.25;22054.5;22054.75;647
20250618 151700;22055.5;22060;22054.75;22058;318
20250618 151800;22058;22061.25;22053.25;22058.5;568
20250618 151900;22058.25;22060.75;22053.75;22059.75;436
20250618 152000;22060.25;22060.5;22052;22054.25;423
20250618 152100;22054.25;22058.25;22050;22051;1016
20250618 152200;22050.25;22052.75;22048.25;22051.75;557
20250618 152300;22051.5;22056.75;22046.75;22055;708
20250618 152400;22055;22057.5;22050.5;22054.5;418
20250618 152500;22054.25;22056;22050;22052.25;380
20250618 152600;22052;22056.5;22045.25;22047.25;621
20250618 152700;22047.5;22053;22045.75;22052.25;429
20250618 152800;22052;22061;22049.5;22057.75;847
20250618 152900;22057.5;22058.5;22044.25;22048.5;756
20250618 153000;22048.5;22050;22042;22049.75;610
20250618 153100;22050.25;22053.5;22044;22051.5;717
20250618 153200;22050.75;22064;22050;22064;941
20250618 153300;22063.75;22064.25;22050.25;22053.75;827
20250618 153400;22053.75;22056;22048.75;22053.5;567
20250618 153500;22054;22058.25;22053;22056.25;690
20250618 153600;22056.5;22056.5;22046.75;22054.75;623
20250618 153700;22054;22055.25;22049.5;22052.75;331
20250618 153800;22052.5;22058.5;22050.25;22057.25;372
20250618 153900;22057.75;22057.75;22049;22053.75;511
20250618 154000;22053.75;22063.75;22053;22062.5;521
20250618 154100;22062.25;22066.5;22042;22055;1679
20250618 154200;22054.5;22064.5;22054.25;22063;621
20250618 154300;22062.75;22063.75;22050.25;22051.5;634
20250618 154400;22050.75;22052.25;22036.5;22044.75;956
20250618 154500;22044.5;22051.25;22039;22051;560
20250618 154600;22050.75;22058.5;22050.25;22055;631
20250618 154700;22054.5;22055;22047.25;22053;384
20250618 154800;22052.5;22060.25;22051.5;22059;503
20250618 154900;22059;22061.25;22053.25;22055.75;454
20250618 155000;22056;22061.25;22054.75;22057.5;365
20250618 155100;22057.75;22065.25;22053.5;22065;645
20250618 155200;22065;22070;22062.5;22068.5;873
20250618 155300;22068.25;22074.5;22067.75;22073.75;686
20250618 155400;22073.25;22074.5;22068.25;22071.75;623
20250618 155500;22071.5;22077;22070;22076;454
20250618 155600;22076.25;22078.25;22069.25;22070.5;615
20250618 155700;22070.5;22072.5;22065.5;22066.5;484
20250618 155800;22066.25;22068.25;22051;22052;917
20250618 155900;22051.75;22053;22035.75;22037.75;1174
20250618 160000;22037.75;22042.5;22033.75;22038.75;816
20250618 160100;22038.5;22038.75;22021.75;22031;1416
20250618 160200;22030;22043.25;22024.25;22041.75;1039
20250618 160300;22041.25;22050.25;22041;22047.75;684
20250618 160400;22048.5;22055.75;22047.75;22055.25;753
20250618 160500;22055.25;22056.75;22048.5;22056;540
20250618 160600;22056.25;22056.75;22047.25;22050.5;358
20250618 160700;22050;22050.25;22041.5;22046.25;492
20250618 160800;22047;22051.25;22044;22047;352
20250618 160900;22046;22061.5;22044.5;22061;784
20250618 161000;22061.75;22065.75;22058.5;22061;811
20250618 161100;22060.5;22062.25;22051.25;22053.25;629
20250618 161200;22052.5;22059.5;22050.25;22054.25;496
20250618 161300;22053.75;22058.5;22052;22057.25;206
20250618 161400;22057.25;22061.5;22056;22059;341
20250618 161500;22058.75;22060.5;22053;22054.75;360
20250618 161600;22054.5;22057.75;22052.5;22056.25;291
20250618 161700;22056.75;22056.75;22042.25;22045.5;612
20250618 161800;22045.25;22046.25;22038;22044.75;534
20250618 161900;22045;22051.25;22044.5;22046.75;413
20250618 162000;22047.5;22049.5;22040.5;22041.5;230
20250618 162100;22040.25;22052.75;22039.5;22051.75;383
20250618 162200;22051.75;22052.25;22047.25;22049.25;187
20250618 162300;22049.5;22052;22045.75;22046.5;157
20250618 162400;22046.25;22048.5;22041.25;22047.25;251
20250618 162500;22046.25;22046.5;22041.75;22046.25;189
20250618 162600;22046;22051.25;22044.25;22049.25;286
20250618 162700;22050;22050.25;22037.25;22041.75;584
20250618 162800;22041.75;22042.5;22035;22040.5;565
20250618 162900;22040.25;22040.25;22027.25;22028;588
20250618 163000;22028;22030.25;22023.75;22028;547
20250618 163100;22028;22036.75;22023;22033.25;940
20250618 163200;22033.5;22040.25;22031.75;22038.5;471
20250618 163300;22039;22040.25;22029.5;22032.25;421
20250618 163400;22032;22036.75;22031.5;22034.75;222
20250618 163500;22034.25;22044;22033.5;22040.25;443
20250618 163600;22039.75;22041.5;22033.75;22035.25;300
20250618 163700;22035;22039.25;22032.75;22037.75;247
20250618 163800;22037.75;22037.75;22028.5;22037;305
20250618 163900;22036.75;22037.5;22031;22036;261
20250618 164000;22037;22042.25;22035.75;22042.25;277
20250618 164100;22041.5;22046.5;22036.75;22039;397
20250618 164200;22039.5;22046.25;22036.75;22042.25;364
20250618 164300;22042.25;22042.75;22038;22038.75;253
20250618 164400;22038.75;22040.75;22034.25;22039.5;226
20250618 164500;22038.5;22043;22035.75;22042.75;302
20250618 164600;22042.25;22044.5;22039;22043.25;336
20250618 164700;22042.25;22046.5;22041;22041.5;319
20250618 164800;22042.75;22045;22036.5;22037.75;310
20250618 164900;22037.75;22038;22028;22029.75;444
20250618 165000;22030.25;22034.75;22029;22030.25;296
20250618 165100;22030.75;22047.75;22028.25;22047.25;776
20250618 165200;22047.25;22053.75;22044.75;22047.25;757
20250618 165300;22047;22047.75;22036;22037.5;684
20250618 165400;22037.5;22038.5;22031.75;22034.25;604
20250618 165500;22034;22036;22028.5;22029.5;619
20250618 165600;22029.5;22036;22026.75;22033.25;502
20250618 165700;22033.5;22038.5;22031.25;22032.5;360
20250618 165800;22032.5;22035;22028.5;22032.75;299
20250618 165900;22032.75;22040.5;22032;22038.5;427
20250618 170000;22039;22041.25;22027;22028;496
20250618 170100;22028.25;22029.75;22014.75;22018.75;1304
20250618 170200;22018;22028.5;22017.25;22028.25;485
20250618 170300;22028.5;22028.5;22019;22026.5;474
20250618 170400;22025.5;22030.25;22023.5;22026.5;365
20250618 170500;22027;22035;22026.75;22030.5;457
20250618 170600;22030;22031;22025;22030.75;262
20250618 170700;22030.5;22031;22023.25;22030;318
20250618 170800;22029.75;22031.5;22022.75;22025.5;325
20250618 170900;22026;22027.5;22022.25;22026.5;174
20250618 171000;22026.75;22033;22025;22031.5;307
20250618 171100;22032.5;22038.25;22031.5;22037;670
20250618 171200;22037.25;22038.75;22033;22035.5;333
20250618 171300;22034.75;22037.25;22027.75;22034;329
20250618 171400;22033.75;22034;22021.25;22023.75;422
20250618 171500;22023.75;22031.25;22023.75;22029.5;289
20250618 171600;22030;22035.75;22028.5;22032.25;434
20250618 171700;22032;22032;22025.25;22030.25;270
20250618 171800;22030.5;22032.5;22021.75;22023;283
20250618 171900;22023.25;22026;22022.25;22024;192
20250618 172000;22024;22027;22020;22020.25;289
20250618 172100;22020;22021;22016.25;22018.25;370
20250618 172200;22018;22018;22001;22002.5;1098
20250618 172300;22002.25;22003.75;21997.5;21998.75;597
20250618 172400;21998;22000.25;21992.25;21994;573
20250618 172500;21993.25;21998.25;21989.75;21996.75;605
20250618 172600;21996.75;22000.5;21993;21996;417
20250618 172700;21994.75;21998;21991.75;21995.5;312
20250618 172800;21995.5;21995.75;21986.75;21988.5;494
20250618 172900;21988.25;21988.25;21977;21981.75;676
20250618 173000;21981.75;21981.75;21975.25;21976.5;425
20250618 173100;21976.75;21984.75;21971.5;21975.75;1138
20250618 173200;21975.75;21975.75;21951.75;21959.5;1552
20250618 173300;21959.25;21959.25;21950.5;21955.25;787
20250618 173400;21955.25;21955.5;21941;21947.75;984
20250618 173500;21947.75;21959.75;21943.25;21956.75;974
20250618 173600;21956.75;21958.5;21939.5;21948.75;946
20250618 173700;21948.25;21963.25;21943.75;21962;1027
20250618 173800;21963.5;21972;21958.75;21970;801
20250618 173900;21970.25;21976.5;21968.25;21976.5;706
20250618 174000;21976.75;21980;21971.75;21979;654
20250618 174100;21979.25;21982.25;21974.75;21980.5;542
20250618 174200;21981;21989.75;21980;21988;600
20250618 174300;21987.5;21999;21987.5;21997.5;695
20250618 174400;21997.75;22004.75;21997;22003.25;672
20250618 174500;22004;22005.75;22000.75;22003;475
20250618 174600;22003.5;22010.25;22003.25;22007;690
20250618 174700;22006.5;22018;22006;22016;562
20250618 174800;22016.75;22021;22015.5;22018.5;561
20250618 174900;22019;22025;22019;22023.75;611
20250618 175000;22023.75;22024.75;22013.25;22013.25;733
20250618 175100;22014.5;22018.75;22007.25;22010;628
20250618 175200;22010.5;22026.75;22010;22025.75;486
20250618 175300;22025.75;22031.5;22025.25;22031;478
20250618 175400;22030.75;22035;22028.25;22029.5;611
20250618 175500;22029.5;22034.25;22029.5;22031.5;347
20250618 175600;22031.5;22031.5;22026.5;22030.75;353
20250618 175700;22030.5;22041.75;22030.5;22037.25;601
20250618 175800;22038;22038.25;22033.25;22034.25;370
20250618 175900;22033.75;22034;22020.25;22023;673
20250618 180000;22022.5;22040;22020;22025;473
20250618 180100;22029;22082.5;22020.25;22058.5;1790
20250618 180200;22059.75;22070.5;22041.75;22042.5;1123
20250618 180300;22042.25;22044.5;21999.75;21999.75;1885
20250618 180400;21999.25;22021;21998;22011.75;1407
20250618 180500;22011;22022;21976.25;21978;1609
20250618 180600;21977.5;21996.5;21968.5;21986;1864
20250618 180700;21987;22003.5;21977.5;22001.25;1212
20250618 180800;22002.5;22011;21989.5;22010.75;814
20250618 180900;22010.25;22022.5;22000.5;22002.5;1023
20250618 181000;22001.25;22002.5;21989.25;21999;922
20250618 181100;21998;22002;21984.5;21999;935
20250618 181200;21999.25;22013;21995;22011.25;776
20250618 181300;22012;22017.5;21999.75;22002;817
20250618 181400;22002;22009;21992;22005.25;640
20250618 181500;22004.75;22018;22000.5;22013.25;641
20250618 181600;22014.25;22015.75;22002.5;22012.5;529
20250618 181700;22013.25;22020.5;22006.5;22007.25;569
20250618 181800;22007.5;22026.25;22006.25;22024.25;694
20250618 181900;22022.5;22023;22010.5;22011.25;578
20250618 182000;22011.25;22013.25;21999.5;22001;705
20250618 182100;22000.5;22004.5;21990.25;22000.75;846
20250618 182200;22000.25;22006.75;21994.25;21996;440
20250618 182300;21995.25;22003;21989.5;21997.5;521
20250618 182400;21996.5;22000.25;21986;21988.5;773
20250618 182500;21988;21995.5;21976;21994;1183
20250618 182600;21993.75;22016.25;21990;22015.25;931
20250618 182700;22015.5;22020.5;22009.25;22011.5;881
20250618 182800;22011.5;22018.5;22005.5;22017.75;664
20250618 182900;22018;22019;21999;22003.5;787
20250618 183000;22004;22019.5;22001.75;22012;615
20250618 183100;22012.5;22013.5;21996;21999.75;667
20250618 183200;22000.25;22018.25;21997.5;22016;595
20250618 183300;22016.5;22040.5;22016.5;22039;1353
20250618 183400;22039;22050;22034.75;22049.25;1309
20250618 183500;22048.25;22055.25;22047.75;22049.5;973
20250618 183600;22049.5;22050.5;21992.5;22002.5;2983
20250618 183700;22002.75;22026.25;21995.5;22016.5;1199
20250618 183800;22016.75;22019.5;22005.25;22009.5;603
20250618 183900;22009.25;22042.5;22005.75;22037.25;947
20250618 184000;22037.25;22037.75;22021.75;22023.5;1089
20250618 184100;22023.75;22042;22014.25;22040.25;1271
20250618 184200;22040.25;22057;22034.5;22054.5;1330
20250618 184300;22055.5;22066.75;22051.75;22060;1689
20250618 184400;22060.25;22065.25;22051.25;22054.5;1036
20250618 184500;22055.75;22059;22046.75;22049.75;912
20250618 184600;22049;22050.75;22024.5;22026.75;1754
20250618 184700;22026.5;22033.75;22011.25;22031.5;1082
20250618 184800;22031;22040;22024;22028.25;976
20250618 184900;22029.5;22030.5;22009.25;22018.5;978
20250618 185000;22017.75;22023;22014;22019;577
20250618 185100;22019;22020;21999.5;22008.75;1129
20250618 185200;22008.5;22009.75;21987.75;22008.75;1196
20250618 185300;22008;22009;21994;21995;658
20250618 185400;21994.25;21995.5;21966;21972.75;2073
20250618 185500;21972.5;21980.5;21955.5;21977.75;1480
20250618 185600;21978.75;21980.75;21950;21956;1227
20250618 185700;21956;21961.5;21930;21935.25;2096
20250618 185800;21936;21940.5;21909;21919.25;2670
20250618 185900;21919.5;21934.5;21891;21915;3010
20250618 190000;21914.75;21927.25;21899;21917.5;1709
20250618 190100;21917.5;21918.5;21888;21897.25;2261
20250618 190200;21897.75;21923;21882.25;21914.75;1683
20250618 190300;21915;21934;21905.75;21925;1303
20250618 190400;21925.25;21939;21923;21928.75;1127
20250618 190500;21929.25;21960.25;21926;21955.75;1513
20250618 190600;21956.25;21971.5;21951.25;21954.5;1583
20250618 190700;21955.25;21968.5;21947.75;21954;875
20250618 190800;21953.75;21959;21934.25;21943;1032
20250618 190900;21943;21946;21930.75;21933;638
20250618 191000;21933;21938.5;21924.25;21933.75;854
20250618 191100;21934.25;21940.5;21926;21939.75;630
20250618 191200;21939.25;21953.75;21938.5;21948.5;849
20250618 191300;21947.75;21950;21926.75;21926.75;764
20250618 191400;21926;21984.75;21911.75;21979.25;3003
20250618 191500;21979.25;22004.5;21976.25;21990.5;2100
20250618 191600;21991.25;21991.25;21968.25;21981.5;1431
20250618 191700;21980.75;21984.25;21959.5;21975.5;1180
20250618 191800;21976.5;21984;21957.75;21959;842
20250618 191900;21959;21974;21958;21971.5;619
20250618 192000;21972.25;21985;21961.5;21982.5;986
20250618 192100;21982.75;21987.5;21974.5;21986.5;622
20250618 192200;21987;21999.75;21983.25;21999.5;1009
20250618 192300;21999.25;22013.25;21993.75;22005.5;1532
20250618 192400;22006;22013.25;22004.25;22008.75;737
20250618 192500;22008;22012.75;21995;21995;624
20250618 192600;21994.75;21997;21978.75;21993.25;1065
20250618 192700;21993.75;21994.5;21973;21976.5;875
20250618 192800;21976;21979.5;21951.75;21952.25;1252
20250618 192900;21952.25;21952.25;21923.5;21927.5;1979
20250618 193000;21926.75;21932.5;21919;21922.25;1111
20250618 193100;21921.5;21944.75;21910;21939.25;1950
20250618 193200;21939.5;21956.5;21937.5;21956;810
20250618 193300;21955.25;21965.5;21948.25;21956.75;888
20250618 193400;21957.75;21966.5;21955.25;21963.25;753
20250618 193500;21963.5;21967;21957.5;21961.25;601
20250618 193600;21960;21975.75;21952.75;21975;875
20250618 193700;21974.25;21988.25;21974.25;21977.25;1117
20250618 193800;21978.5;21988.75;21978.5;21984.5;946
20250618 193900;21984.75;21990;21972;21980.5;968
20250618 194000;21979.5;21986.75;21975;21982.25;496
20250618 194100;21982;21990;21981.5;21984.5;583
20250618 194200;21985.75;21993.5;21983;21991;792
20250618 194300;21990.75;21991.75;21969;21981.75;1173
20250618 194400;21981.5;22000.5;21978.75;21998.75;934
20250618 194500;21999.25;22005.25;21995;22004.25;735
20250618 194600;22003.25;22006;21983.5;21990.5;1170
20250618 194700;21989.75;21989.75;21973.75;21980.5;1066
20250618 194800;21980.75;21989.75;21978.5;21983.25;813
20250618 194900;21983.25;21987.5;21976.25;21987.25;744
20250618 195000;21987;21987.5;21976;21980;758
20250618 195100;21979.25;21996.75;21962.5;21969.25;2398
20250618 195200;21969.25;21969.25;21952.75;21960;1613
20250618 195300;21959.25;21970.5;21950;21957.5;1320
20250618 195400;21959;21971.75;21957;21965.75;1170
20250618 195500;21966;21966.25;21945.75;21949.25;1584
20250618 195600;21950.25;21967;21946.25;21949.5;2226
20250618 195700;21949.25;21961.5;21944.75;21957.75;1394
20250618 195800;21957;21958.75;21942.75;21946.5;1647
20250618 195900;21946;21952.5;21939.75;21943.5;2036
20250618 200000;21943.75;21952.5;21934;21949.25;6875
20250618 200100;21949;21973.5;21947;21965.75;3240
20250618 200200;21966;21978;21961.25;21972.5;1147
20250618 200300;21973;21973.25;21956.5;21959.75;1030
20250618 200400;21959.25;21964.25;21956.5;21961.5;413
20250618 200500;21962;21964.5;21958.5;21962;174
20250618 200600;21961.75;21964;21953;21955.5;308
20250618 200700;21955;21960.25;21948.25;21951.75;372
20250618 200800;21952;21960;21952;21956.75;316
20250618 200900;21957.25;21958.75;21954;21958.25;219
20250618 201000;21958.75;21961.75;21954.75;21959.5;165
20250618 201100;21959.75;21963.25;21955.25;21962.75;146
20250618 201200;21962.5;21962.75;21957;21957.5;98
20250618 201300;21957.75;21962.25;21957.75;21962.25;161
20250618 201400;21961.75;21965;21960.75;21962.5;192
20250618 201500;21962.25;21963.5;21959.25;21961.25;235
20250618 201600;21961.25;21964.75;21960.5;21964.5;148
20250618 201700;21964.75;21970;21964;21967.25;183
20250618 201800;21967;21969.25;21965;21966;139
20250618 201900;21966;21968.5;21964.75;21967;92
20250618 202000;21966.25;21967.75;21964.5;21965;59
20250618 202100;21964.75;21965.5;21955.25;21956.5;165
20250618 202200;21956.75;21961.75;21955.5;21961.25;163
20250618 202300;21961.75;21964.75;21957.25;21959;115
20250618 202400;21959;21959;21953.25;21953.5;90
20250618 202500;21954.25;21956.25;21951.5;21952;61
20250618 202600;21952.5;21954.75;21951.5;21954.5;40
20250618 202700;21955;21955;21952.75;21953.5;27
20250618 202800;21953.75;21953.75;21949.5;21949.5;53
20250618 202900;21949;21955.25;21948;21954.5;112
20250618 203000;21954.75;21961.25;21954.25;21961.25;117
20250618 203100;21961.5;21961.5;21956.5;21959.25;83
20250618 203200;21958.75;21958.75;21953;21954.5;85
20250618 203300;21954.5;21955.25;21953;21954.5;45
20250618 203400;21954.75;21955.5;21953.25;21955.5;40
20250618 203500;21955.25;21955.25;21952.25;21953;106
20250618 203600;21952.75;21956.75;21952.75;21954.75;58
20250618 203700;21954.5;21958.75;21954.5;21955.75;90
20250618 203800;21955.75;21964.25;21955.75;21964;83
20250618 203900;21964;21967.5;21964;21967.25;142
20250618 204000;21967;21968.25;21965.5;21968.25;87
20250618 204100;21968.75;21976;21968.25;21976;196
20250618 204200;21975.75;21977.25;21972.25;21973.25;148
20250618 204300;21973.25;21974.75;21968.5;21969.25;111
20250618 204400;21969.25;21970.25;21966;21967.75;140
20250618 204500;21967.5;21969;21965;21968.5;186
20250618 204600;21969;21970;21962.5;21962.75;116
20250618 204700;21963.25;21965.75;21962.5;21963.5;117
20250618 204800;21963.25;21969.5;21958.5;21969.5;189
20250618 204900;21969.5;21970.5;21965.25;21965.75;123
20250618 205000;21965;21969;21964.75;21965.75;48
20250618 205100;21965.5;21970.75;21965;21968.5;85
20250618 205200;21968.75;21972.25;21967.75;21971.75;48
20250618 205300;21972.75;21974.75;21971.25;21974.25;61
20250618 205400;21974.5;21975;21972;21972.75;49
20250618 205500;21973;21975.75;21972.5;21974.5;90
20250618 205600;21974.25;21975.5;21972.5;21975.25;64
20250618 205700;21976;21976.75;21974.25;21974.5;76
20250618 205800;21975;21975.5;21971.25;21971.5;74
20250618 205900;21972;21972;21969;21970;81
20250618 210000;21969.25;21971;21957.5;21961.75;122
20250618 220100;21956.75;21970.75;21950.75;21956.25;119
20250618 220200;21957.25;21961.5;21952.5;21955.75;44
20250618 220300;21955.5;21961.25;21955;21955;46
20250618 220400;21955;21958.5;21955;21955;11
20250618 220500;21955.25;21958.75;21954.5;21955.75;25
20250618 220600;21954.75;21954.75;21940;21945.5;119
20250618 220700;21946;21949.25;21942.75;21942.75;43
20250618 220800;21943;21943.25;21938.5;21940.5;41
20250618 220900;21940;21959.5;21932.5;21954.5;147
20250618 221000;21956.75;21958.75;21940.5;21940.5;71
20250618 221100;21942;21944.75;21934;21935.75;85
20250618 221200;21934.75;21936;21927.25;21932;93
20250618 221300;21933;21935;21931;21932.25;41
20250618 221400;21933.25;21933.25;21927.5;21928.75;26
20250618 221500;21928.75;21931;21928.5;21928.75;33
20250618 221600;21928.5;21930.5;21927.75;21927.75;17
20250618 221700;21928.25;21930;21927.5;21928;19
20250618 221800;21926.75;21928.5;21923.75;21925;77
20250618 221900;21924.5;21936.5;21924.5;21930.5;121
20250618 222000;21930.5;21933.25;21930.25;21930.25;18
20250618 222100;21930.75;21930.75;21926;21926.5;35
20250618 222200;21927.25;21927.25;21921.5;21923.25;35
20250618 222300;21921.25;21929;21916.5;21928.75;132
20250618 222400;21928.75;21937.25;21926.5;21934;87
20250618 222500;21934;21943.25;21933.25;21939.5;68
20250618 222600;21941.5;21942.75;21933.25;21935.5;61
20250618 222700;21933.25;21938.25;21932.5;21935;52
20250618 222800;21934.25;21936;21932.5;21935;17
20250618 222900;21936;21937.5;21934.5;21934.75;12
20250618 223000;21936;21936;21930.5;21930.5;23
20250618 223100;21933.25;21934.25;21923.75;21925;72
20250618 223200;21923.5;21925;21917.25;21919;53
20250618 223300;21918;21923;21917;21919.25;32
20250618 223400;21919.25;21922;21916.25;21919.5;47
20250618 223500;21917.75;21921.25;21915.5;21918;25
20250618 223600;21917.75;21917.75;21910.5;21912.75;79
20250618 223700;21914.5;21916.25;21913.25;21914;17
20250618 223800;21916;21921;21916;21919.5;40
20250618 223900;21919;21922;21919;21920.5;20
20250618 224000;21921.25;21922.5;21920.75;21922.5;8
20250618 224100;21922.25;21927.25;21918.75;21918.75;54
20250618 224200;21918;21919.25;21913;21913.75;32
20250618 224300;21915;21919;21914;21916;21
20250618 224400;21918;21924.25;21915.5;21922.5;40
20250618 224500;21921.25;21924.5;21920.75;21922.25;16
20250618 224600;21923.75;21924;21922;21923;8
20250618 224700;21925;21926;21922.25;21923;20
20250618 224800;21923.25;21923.25;21920.5;21921;29
20250618 224900;21921;21921.5;21920;21920;7
20250618 225000;21921.5;21924.25;21921.5;21922.5;7
20250618 225100;21921.75;21926.5;21921.25;21923.75;23
20250618 225200;21924.25;21926.75;21924.25;21926.5;10
20250618 225300;21925.5;21935;21925.5;21932.5;58
20250618 225400;21932.75;21934.75;21929.25;21930;30
20250618 225500;21931.25;21935;21930;21935;27
20250618 225600;21934.5;21935;21930.25;21932;18
20250618 225700;21931.5;21932.5;21929.75;21929.75;9
20250618 225800;21929.25;21932.75;21927.5;21930.5;25
20250618 225900;21930.5;21933.75;21928.25;21933.75;19
20250618 230000;21933.75;21939;21933.25;21939;28
20250618 230100;21936.25;21938.25;21933;21934.75;45
20250618 230200;21932.75;21935.5;21931.75;21934.75;13
20250618 230300;21934.75;21943.75;21934.25;21943.75;67
20250618 230400;21942.75;21943;21938.75;21940.25;20
20250618 230500;21940;21943;21940;21941.75;13
20250618 230600;21943.25;21946;21942.5;21942.75;44
20250618 230700;21941.75;21941.75;21936;21936;25
20250618 230800;21938.75;21938.75;21931.75;21931.75;15
20250618 230900;21931.75;21940.25;21931.75;21934.5;17
20250618 231000;21937;21939;21935;21935;8
20250618 231100;21936;21936;21929;21929.25;22
20250618 231200;21929.5;21935.75;21929.5;21935;20
20250618 231300;21935.25;21937.5;21933.25;21933.25;14
20250618 231400;21933.25;21933.25;21928.25;21932;20
20250618 231500;21931.25;21933;21928.5;21929.75;15
20250618 231600;21929.5;21931.5;21927;21931.5;18
20250618 231700;21930.5;21932.5;21928;21931.25;12
20250618 231800;21930;21931.5;21926.5;21931.5;22
20250618 231900;21932;21935;21932;21935;9
20250618 232000;21935.75;21937.75;21934.75;21934.75;9
20250618 232100;21934;21934.25;21932;21932;7
20250618 232200;21932;21934.5;21932;21932.5;4
20250618 232300;21935;21936;21933.5;21935.25;10
20250618 232400;21935.25;21936.5;21935.25;21936.5;3
20250618 232500;21936.25;21936.25;21933.25;21934;5
20250618 232600;21932.25;21933;21929;21933;9
20250618 232700;21932.75;21932.75;21931.5;21931.5;3
20250618 232800;21932.25;21933.5;21931.5;21933;8
20250618 232900;21933.5;21934.25;21931.5;21931.75;9
20250618 233000;21931.75;21934.75;21928.75;21930.75;21
20250618 233100;21928.5;21929.75;21922.25;21925.75;59
20250618 233200;21927.25;21927.25;21923.25;21923.25;7
20250618 233300;21922.75;21929.75;21922;21929.75;32
20250618 233400;21928;21931.5;21924.75;21924.75;23
20250618 233500;21926.5;21928.25;21926.5;21927.25;13
20250618 233600;21925.25;21928.75;21922.5;21928.75;14
20250618 233700;21930;21930;21925.5;21925.5;7
20250618 233800;21927;21929.75;21925.75;21928.75;8
20250618 233900;21928.75;21928.75;21924.75;21928.25;7
20250618 234000;21926;21926;21924;21924.75;9
20250618 234100;21925;21926;21922.75;21926;17
20250618 234200;21925.75;21931.5;21925.75;21931.25;28
20250618 234300;21932;21936.25;21931.25;21934;36
20250618 234400;21933;21935;21931.75;21933.25;10
20250618 234500;21930.25;21930.75;21926;21927.75;29
20250618 234600;21928.25;21933.75;21925.25;21933.25;60
20250618 234700;21935;21942.75;21934.5;21938.75;75
20250618 234800;21939;21949.25;21939;21948.75;130
20250618 234900;21948.25;21949.75;21944;21946.5;54
20250618 235000;21946;21952.75;21943.75;21951.25;93
20250618 235100;21951;21953.75;21949.75;21951.75;40
20250618 235200;21952;21953.75;21951;21951.5;26
20250618 235300;21951.5;21953.5;21948.5;21948.75;33
20250618 235400;21947.25;21947.25;21941.25;21942;49
20250618 235500;21943;21946;21943;21946;16
20250618 235600;21944.75;21945.25;21942.25;21943;10
20250618 235700;21943.25;21945.25;21943.25;21944;14
20250618 235800;21944;21945;21943;21943;5
20250618 235900;21943.5;21946.75;21942.5;21946.75;19
20250619 000000;21946.5;21948.25;21946.25;21948;18
20250619 000100;21949.25;21952.75;21947.75;21948.25;44
20250619 000200;21948;21948;21941.75;21943.25;49
20250619 000300;21942.25;21942.25;21937;21937;76
20250619 000400;21937.75;21937.75;21931;21932;151
20250619 000500;21931.25;21933.25;21926.75;21930;79
20250619 000600;21930.75;21932;21923.75;21924;79
20250619 000700;21925;21933;21923;21930.75;63
20250619 000800;21929.5;21929.5;21926.25;21928;64
20250619 000900;21927;21927;21919;21919.75;83
20250619 001000;21920.25;21928.75;21920.25;21926.25;49
20250619 001100;21925.25;21925.25;21917;21917;77
20250619 001200;21917.75;21917.75;21905.75;21907.5;135
20250619 001300;21906;21906.75;21896;21906.25;179
20250619 001400;21905.5;21907.25;21896.25;21896.5;132
20250619 001500;21897;21897.25;21885;21893.25;216
20250619 001600;21893.5;21897.5;21876.75;21878;288
20250619 001700;21877.25;21878.25;21851;21860;782
20250619 001800;21858.25;21867.5;21853.75;21866;194
20250619 001900;21865;21865;21854;21856;124
20250619 002000;21855.5;21861.25;21848;21861.25;185
20250619 002100;21860.5;21860.5;21850.5;21853.25;99
20250619 002200;21852;21864;21851.5;21861.25;141
20250619 002300;21861;21873;21860.25;21873;176
20250619 002400;21872.5;21886;21870.25;21885;220
20250619 002500;21884;21886.5;21880.5;21880.75;94
20250619 002600;21881;21881.75;21874;21875.5;107
20250619 002700;21876;21879.75;21874.75;21878.75;48
20250619 002800;21879.75;21894;21879.75;21889.25;165
20250619 002900;21890.25;21893.25;21889;21893;68
20250619 003000;21893.5;21894;21887.25;21890.75;61
20250619 003100;21890.25;21892.25;21889.25;21891.25;22
20250619 003200;21891.5;21900;21890.5;21899.25;125
20250619 003300;21899.25;21901.5;21896.5;21900.5;67
20250619 003400;21901.5;21904.75;21898.75;21899.25;81
20250619 003500;21898.75;21898.75;21892.5;21892.75;62
20250619 003600;21892;21896;21891.25;21891.25;57
20250619 003700;21891;21899;21888.75;21898.5;80
20250619 003800;21897.5;21902;21895.25;21896.5;57
20250619 003900;21897.25;21898.75;21897;21897;22
20250619 004000;21898.5;21903.5;21898.5;21901.5;28
20250619 004100;21900.5;21905.75;21899;21904.75;35
20250619 004200;21904.75;21906.75;21904.5;21904.75;29
20250619 004300;21904.25;21908;21904;21904.5;42
20250619 004400;21905.75;21906.25;21903.25;21903.25;30
20250619 004500;21903;21903;21898.5;21900;69
20250619 004600;21901.25;21902.75;21899;21901.25;25
20250619 004700;21900.5;21902.5;21898.25;21902.25;37
20250619 004800;21902.5;21905.25;21901.25;21905;34
20250619 004900;21903.75;21904.5;21900;21902;38
20250619 005000;21901;21901.25;21899.75;21899.75;12
20250619 005100;21900;21901.25;21897;21898.75;38
20250619 005200;21899.75;21903.25;21897.5;21898.5;52
20250619 005300;21898.75;21898.75;21891.25;21894.75;112
20250619 005400;21895.75;21898;21894.5;21896;24
20250619 005500;21896.5;21897.25;21896.5;21896.75;7
20250619 005600;21896;21896;21889.25;21890.5;58
20250619 005700;21890.5;21897;21890;21897;40
20250619 005800;21896.75;21899;21894.25;21899;27
20250619 005900;21900;21901;21892;21892.5;58
20250619 010000;21892;21893.75;21885.25;21891.75;124
20250619 010100;21891.75;21893.75;21885.25;21887;98
20250619 010200;21886.25;21888.75;21878.5;21882.25;133
20250619 010300;21882.75;21886.25;21882.5;21885.75;44
20250619 010400;21886.5;21888.25;21880.5;21881.75;54
20250619 010500;21882;21887;21807.75;21821.5;1523
20250619 010600;21820.75;21874.75;21790;21840.5;1180
20250619 010700;21839.5;21849.75;21825.5;21839.25;444
20250619 010800;21837.75;21852;21835.25;21845.25;200
20250619 010900;21846.25;21846.75;21827;21833.75;227
20250619 011000;21832.75;21841;21830;21839.5;101
20250619 011100;21839.75;21851;21835;21843.5;151
20250619 011200;21841.5;21848.75;21839.25;21844.75;103
20250619 011300;21846;21849.75;21842.75;21847;55
20250619 011400;21846;21861.75;21844.25;21852;258
20250619 011500;21853.75;21856.5;21852;21854;46
20250619 011600;21855.5;21856.25;21841.25;21845.5;153
20250619 011700;21844.5;21847.5;21838.25;21843;164
20250619 011800;21843.5;21856.75;21842.25;21848;209
20250619 011900;21848;21852.25;21846.25;21848.5;108
20250619 012000;21845.5;21849.25;21843.5;21845.25;71
20250619 012100;21845.75;21848.5;21841.75;21843.25;95
20250619 012200;21843;21847.5;21842.5;21843.75;53
20250619 012300;21844.5;21847.25;21842.25;21847.25;41
20250619 012400;21845.5;21847;21842.75;21844.5;52
20250619 012500;21845.5;21845.75;21844.25;21844.5;8
20250619 012600;21846.5;21858;21846.5;21854.75;176
20250619 012700;21855.25;21861;21854;21857;105
20250619 012800;21856.25;21858;21854.25;21856.5;70
20250619 012900;21855;21856;21852.75;21854.75;41
20250619 013000;21856.25;21858.25;21854.75;21856;25
20250619 013100;21857.5;21860;21855.5;21859;55
20250619 013200;21857.5;21869.5;21857.5;21867;225
20250619 013300;21867;21873.25;21865.75;21866.25;249
20250619 013400;21866.25;21869.25;21863;21864.75;132
20250619 013500;21865;21865.75;21858;21860;173
20250619 013600;21859.25;21859.25;21852.5;21853.25;159
20250619 013700;21854.5;21860.5;21854.25;21858.25;84
20250619 013800;21858.75;21863.25;21858.5;21859.5;61
20250619 013900;21858.75;21858.75;21847.25;21847.75;104
20250619 014000;21846.75;21849.25;21840.75;21841.75;138
20250619 014100;21841.75;21847.25;21840.5;21846;120
20250619 014200;21847;21852;21846;21849;96
20250619 014300;21849;21852.5;21847.75;21852.5;49
20250619 014400;21852;21852;21845.25;21846.25;72
20250619 014500;21846.25;21846.25;21834.25;21837;171
20250619 014600;21836.25;21842.5;21835.25;21840.75;177
20250619 014700;21840.25;21843.75;21840.25;21843;51
20250619 014800;21843.5;21847.75;21843;21847;41
20250619 014900;21847.5;21849.25;21836.5;21838;136
20250619 015000;21838.75;21839.75;21836.25;21838;79
20250619 015100;21837.75;21838.25;21835;21835.75;49
20250619 015200;21836.25;21837.75;21835;21836.75;64
20250619 015300;21835.75;21837.25;21831;21833.25;115
20250619 015400;21833.5;21834.75;21831;21832.75;99
20250619 015500;21833.5;21833.5;21832;21833.25;35
20250619 015600;21833.25;21839.5;21831.75;21835.25;111
20250619 015700;21834.75;21838.25;21834.25;21836.5;24
20250619 015800;21836.5;21840.75;21835;21840.5;62
20250619 015900;21840;21841;21837;21841;64
20250619 020000;21840;21842;21837.5;21840;54
20250619 020100;21839;21841.5;21835.25;21837.25;159
20250619 020200;21836.5;21838.25;21831;21831.5;95
20250619 020300;21831.75;21832.5;21822.25;21830.75;245
20250619 020400;21831.25;21836.5;21828.5;21835.25;70
20250619 020500;21836;21837.5;21831;21836.5;81
20250619 020600;21836.5;21840;21834.75;21838.75;38
20250619 020700;21838;21838;21833.25;21834;39
20250619 020800;21833.75;21837.25;21832.25;21835;51
20250619 020900;21834;21834.75;21833.5;21833.75;15
20250619 021000;21834;21843.75;21834;21843.75;68
20250619 021100;21844.25;21846;21839;21839.25;86
20250619 021200;21839.25;21840;21837;21840;19
20250619 021300;21840;21843.75;21839.75;21841.25;45
20250619 021400;21841.5;21844.5;21840;21840.5;29
20250619 021500;21840.75;21845.25;21840.5;21844.5;57
20250619 021600;21844.75;21847.75;21841.25;21844.25;111
20250619 021700;21844.75;21846;21844;21844.75;26
20250619 021800;21846.25;21849;21845;21848;94
20250619 021900;21847.5;21854.5;21846.25;21852.75;91
20250619 022000;21852.5;21854.75;21852.5;21854.5;35
20250619 022100;21853.25;21857;21853;21856.75;42
20250619 022200;21856.75;21858.75;21851;21854.75;98
20250619 022300;21854.75;21855.25;21851;21851.75;47
20250619 022400;21851.75;21853.25;21850;21853.25;28
20250619 022500;21853.5;21853.75;21850.25;21853.5;38
20250619 022600;21853.5;21857;21853;21856.25;23
20250619 022700;21856.25;21857;21855;21856.5;23
20250619 022800;21856;21856.75;21854;21854;25
20250619 022900;21853.75;21856.25;21853.75;21855.25;14
20250619 023000;21854.75;21854.75;21851.5;21853;26
20250619 023100;21852.75;21854.5;21852;21853.25;43
20250619 023200;21854;21856.5;21854;21855.5;24
20250619 023300;21855.75;21856.25;21850.75;21851;52
20250619 023400;21851.75;21853;21847.25;21851.25;99
20250619 023500;21849.75;21853;21849.75;21852.5;19
20250619 023600;21853;21858.5;21852.5;21856.25;38
20250619 023700;21856.25;21857;21849.5;21851.75;55
20250619 023800;21851.5;21853.25;21851.25;21852.75;13
20250619 023900;21852.25;21852.5;21851.25;21851.75;12
20250619 024000;21852.75;21855.5;21852.75;21855.5;25
20250619 024100;21856;21866.75;21856;21863;219
20250619 024200;21863.75;21868.5;21860.25;21861.75;176
20250619 024300;21860.75;21862.25;21857.25;21857.25;71
20250619 024400;21857.5;21859.75;21851.5;21859.5;110
20250619 024500;21859.25;21862.75;21858.25;21861.75;40
20250619 024600;21861.5;21863.5;21859.75;21859.75;34
20250619 024700;21860.25;21861;21859.25;21859.75;33
20250619 024800;21859;21860;21858.75;21859;17
20250619 024900;21858.75;21860.75;21858.75;21860;14
20250619 025000;21858.5;21858.75;21855.75;21857;52
20250619 025100;21856.5;21856.75;21850;21852.25;83
20250619 025200;21853;21853.25;21845.5;21850.75;108
20250619 025300;21850.25;21853.25;21848.25;21852.75;40
20250619 025400;21852.5;21852.5;21847.75;21851;47
20250619 025500;21850;21853.25;21849.25;21852;26
20250619 025600;21851.25;21851.25;21849.25;21849.25;25
20250619 025700;21848.75;21850.25;21848.75;21850.25;13
20250619 025800;21849.25;21850;21849;21849.25;9
20250619 025900;21849;21849;21846.5;21847.75;28
20250619 030000;21848;21848;21842.5;21845;129
20250619 030100;21846;21851;21844.75;21845.5;87
20250619 030200;21846;21856.5;21845.75;21855.5;136
20250619 030300;21855.25;21860.75;21855;21860.5;72
20250619 030400;21861;21863.5;21860.5;21863.5;30
20250619 030500;21862.5;21865.75;21862.5;21864.25;37
20250619 030600;21865.25;21869.5;21865;21868;80
20250619 030700;21868.5;21870.75;21865;21865.5;102
20250619 030800;21866.5;21873;21866.5;21872;74
20250619 030900;21871.5;21874.75;21869;21869.25;71
20250619 031000;21870;21871.25;21869.5;21870;20
20250619 031100;21870.75;21872;21870.25;21870.5;31
20250619 031200;21870;21872.25;21870;21872.25;18
20250619 031300;21871.5;21877;21871.5;21875.75;67
20250619 031400;21876.5;21878.75;21874.75;21875.75;74
20250619 031500;21875.5;21877.25;21873;21876.25;77
20250619 031600;21875.5;21876.25;21871;21872.25;57
20250619 031700;21871;21874.75;21871;21873.25;29
20250619 031800;21872;21873.5;21871.25;21873.5;21
20250619 031900;21874;21874.25;21873;21874;22
20250619 032000;21874.75;21877.25;21873.5;21875;39
20250619 032100;21875.25;21875.25;21873.75;21875.25;21
20250619 032200;21875;21876.25;21875;21875.5;15
20250619 032300;21875.25;21879;21875.25;21876.5;42
20250619 032400;21876;21879.75;21875.75;21878.75;45
20250619 032500;21878.25;21878.25;21872;21873;53
20250619 032600;21872.25;21873.25;21871.5;21873;32
20250619 032700;21873;21873.75;21871.25;21872.5;31
20250619 032800;21872.75;21879.25;21872.75;21875;79
20250619 032900;21875.5;21878.25;21875.5;21878.25;22
20250619 033000;21877.75;21881.5;21874.75;21875.25;84
20250619 033100;21875.25;21876.5;21873.75;21875;24
20250619 033200;21875.25;21877;21875;21875;22
20250619 033300;21875.75;21877;21868.25;21868.25;90
20250619 033400;21869;21871.5;21868.75;21870;41
20250619 033500;21870.25;21873.25;21870;21872.5;35
20250619 033600;21871.5;21872;21870.25;21870.25;14
20250619 033700;21870.5;21870.75;21865.75;21870.5;74
20250619 033800;21870.25;21871.25;21870.25;21870.25;9
20250619 033900;21871;21872.75;21868.75;21869.5;43
20250619 034000;21869.25;21869.25;21868.75;21869;10
20250619 034100;21869.75;21869.75;21866;21866.75;60
20250619 034200;21867.25;21868;21866.5;21866.5;6
20250619 034300;21867.25;21869.75;21867.25;21869.5;29
20250619 034400;21869.75;21873;21869.75;21871.75;35
20250619 034500;21871.25;21873.5;21870.75;21873.5;27
20250619 034600;21872.75;21873.75;21872.25;21873;34
20250619 034700;21873.5;21873.75;21871.75;21871.75;18
20250619 034800;21873;21873;21871.25;21872;40
20250619 034900;21872.25;21875.25;21872;21874.75;57
20250619 035000;21874.5;21876.25;21871;21871;53
20250619 035100;21870.5;21870.5;21866;21866;68
20250619 035200;21867;21871;21865.25;21869.75;45
20250619 035300;21870.5;21877.5;21870.5;21877.25;75
20250619 035400;21877.5;21877.75;21874.25;21875.75;54
20250619 035500;21877;21878.75;21877;21877.25;26
20250619 035600;21877.75;21879.75;21877.5;21878.75;41
20250619 035700;21880;21889.75;21879.75;21885.25;235
20250619 035800;21885.25;21887.25;21882.5;21882.75;33
20250619 035900;21883;21885;21882;21883.5;64
20250619 040000;21882.5;21883.25;21881.5;21883;24
20250619 040100;21882.75;21885;21882;21885;26
20250619 040200;21885;21886.75;21882.75;21884.25;66
20250619 040300;21884.75;21886.75;21884.75;21885.5;19
20250619 040400;21884.25;21885;21883.5;21883.5;8
20250619 040500;21884;21884;21882;21883.25;22
20250619 040600;21882.75;21884.75;21882.5;21884.75;15
20250619 040700;21884.5;21887.5;21884.5;21887.5;21
20250619 040800;21887;21887;21883.75;21884.75;16
20250619 040900;21884.5;21886.5;21884;21885;24
20250619 041000;21885;21885;21881.25;21884;24
20250619 041100;21885;21886.25;21884.5;21885.75;38
20250619 041200;21886.5;21886.5;21884;21884;10
20250619 041300;21885.25;21886.5;21885;21886.5;13
20250619 041400;21887.25;21892;21887.25;21891;65
20250619 041500;21891.5;21891.75;21890.25;21890.75;19
20250619 041600;21891.75;21893.5;21890;21893;70
20250619 041700;21893.25;21894;21892.25;21892.5;47
20250619 041800;21892.5;21894.25;21891.5;21891.5;39
20250619 041900;21891.75;21891.75;21888.75;21888.75;26
20250619 042000;21889.25;21892.25;21889.25;21891.5;18
20250619 042100;21891.75;21891.75;21889.5;21889.5;17
20250619 042200;21889.75;21889.75;21887.5;21887.5;37
20250619 042300;21886.75;21887.25;21885.25;21885.5;26
20250619 042400;21885.75;21887.5;21885.25;21885.75;25
20250619 042500;21885.25;21885.75;21884.75;21885.25;17
20250619 042600;21885.5;21885.5;21880;21881.75;74
20250619 042700;21882.25;21882.25;21879.75;21880.75;28
20250619 042800;21881.5;21881.5;21880.75;21880.75;13
20250619 042900;21881;21881;21877.25;21878.5;53
20250619 043000;21878.25;21879;21877;21878.25;29
20250619 043100;21879;21880.5;21878;21879.25;18
20250619 043200;21879.5;21879.75;21877;21877.5;31
20250619 043300;21877.25;21877.75;21875.5;21876.25;14
20250619 043400;21876.75;21877.75;21876.75;21876.75;9
20250619 043500;21877.5;21880.25;21877.25;21879.75;55
20250619 043600;21879.75;21881;21879.75;21881;13
20250619 043700;21881.5;21881.5;21879.5;21880.5;19
20250619 043800;21881.25;21881.5;21881.25;21881.5;4
20250619 043900;21882.25;21885.5;21881.25;21885.5;46
20250619 044000;21885.75;21886.25;21884;21884;41
20250619 044100;21884.25;21889.5;21884.25;21887.5;89
20250619 044200;21887.75;21892.25;21886.25;21891;96
20250619 044300;21891.25;21893.5;21890.75;21893.25;33
20250619 044400;21893.25;21893.5;21890.5;21893;55
20250619 044500;21893.75;21900.5;21893.75;21896.5;138
20250619 044600;21896.5;21898.25;21896;21898.25;24
20250619 044700;21898.5;21900.5;21897.75;21900;56
20250619 044800;21899.75;21901.5;21899.75;21901.25;37
20250619 044900;21901.25;21903.5;21898.75;21898.75;65
20250619 045000;21898.75;21899.75;21897.5;21898.75;38
20250619 045100;21898;21898;21893.75;21893.75;65
20250619 045200;21894.75;21895;21893.5;21894;9
20250619 045300;21893.25;21894.75;21892.5;21893.5;29
20250619 045400;21893.75;21895.75;21893.5;21895;15
20250619 045500;21895.75;21896.75;21895;21896.75;12
20250619 045600;21896.25;21902;21895.5;21900.75;76
20250619 045700;21900.25;21902;21900;21901.75;19
20250619 045800;21901;21901.75;21898.5;21899.5;27
20250619 045900;21899.25;21899.25;21897.25;21897.5;14
20250619 050000;21897.5;21898.25;21896.5;21898.25;13
20250619 050100;21897.25;21898.5;21893.75;21894.25;38
20250619 050200;21894.25;21895.5;21892.5;21895;22
20250619 050300;21894.5;21896;21892.75;21893.25;19
20250619 050400;21892;21892.5;21888;21888.75;63
20250619 050500;21889.5;21892.25;21888.5;21892.25;35
20250619 050600;21892.5;21894.25;21892.25;21894;36
20250619 050700;21893.5;21894.25;21892.5;21894.25;33
20250619 050800;21893.75;21894.5;21893.5;21893.75;16
20250619 050900;21891.75;21894.5;21891.75;21892.25;26
20250619 051000;21891.75;21892;21889.5;21889.5;22
20250619 051100;21888.25;21890;21886.75;21886.75;21
20250619 051200;21887.25;21890;21886.5;21889.25;20
20250619 051300;21889.25;21889.25;21886;21886.25;16
20250619 051400;21885.75;21885.75;21878.25;21880.5;108
20250619 051500;21880.25;21882.5;21880.25;21881.5;30
20250619 051600;21882.5;21885.5;21882.5;21884.25;29
20250619 051700;21883.5;21883.5;21882;21882.5;7
20250619 051800;21882.75;21884.5;21882.25;21884.5;42
20250619 051900;21885;21889;21885;21885.75;39
20250619 052000;21885.5;21886;21883.25;21886;12
20250619 052100;21885.75;21886;21885.5;21885.5;11
20250619 052200;21887.25;21887.75;21887.25;21887.75;2
20250619 052300;21888;21888.25;21887;21887;13
20250619 052400;21886;21886;21881.75;21882.5;62
20250619 052500;21882.75;21884.75;21882.75;21884.5;11
20250619 052600;21885.25;21887;21884.75;21884.75;14
20250619 052700;21885;21885;21883.25;21883.5;14
20250619 052800;21882.75;21884;21879;21879.25;45
20250619 052900;21879.75;21879.75;21875;21878.25;55
20250619 053000;21877.75;21879.25;21875.75;21876.5;30
20250619 053100;21877.25;21878.75;21875.75;21878.75;33
20250619 053200;21878.5;21880;21875.5;21875.75;41
20250619 053300;21876;21878;21873.75;21873.75;36
20250619 053400;21872.5;21873.5;21868.5;21872;66
20250619 053500;21872.25;21875;21871.75;21873.75;33
20250619 053600;21874.5;21876.5;21874.5;21874.75;22
20250619 053700;21875.25;21877.5;21875.25;21876.75;18
20250619 053800;21876.25;21876.25;21874.25;21874.5;19
20250619 053900;21873;21873.25;21872;21872.5;12
20250619 054000;21872.5;21876.5;21872.5;21874.25;30
20250619 054100;21873.75;21879.75;21873.5;21877.75;61
20250619 054200;21877.75;21878;21876;21876.5;18
20250619 054300;21876.5;21877;21872;21873.25;36
20250619 054400;21873.5;21874.25;21872.5;21873;28
20250619 054500;21872.25;21877;21872.25;21875.75;24
20250619 054600;21875.5;21876;21872.75;21876;34
20250619 054700;21876.5;21876.5;21873.25;21873.75;18
20250619 054800;21874;21874.5;21872.25;21872.5;17
20250619 054900;21871.75;21871.75;21861.25;21864.5;157
20250619 055000;21864.5;21865.25;21862.5;21865.25;24
20250619 055100;21863.75;21866.25;21863.25;21865.5;30
20250619 055200;21865.25;21866.75;21864.5;21865;61
20250619 055300;21864.75;21868;21864.75;21867;36
20250619 055400;21868;21868;21863;21863.5;43
20250619 055500;21863.5;21864.25;21861.5;21863;47
20250619 055600;21862.75;21863.75;21860.5;21863.25;46
20250619 055700;21862;21862.25;21851.5;21856.5;203
20250619 055800;21855.75;21857.5;21851.75;21852;74
20250619 055900;21852.75;21852.75;21847.75;21849.75;69
20250619 060000;21850.25;21855.25;21850;21852.25;55
20250619 060100;21851.25;21854;21848;21853.75;96
20250619 060200;21854.25;21860.75;21852.75;21856.25;262
20250619 060300;21856.5;21867.25;21856.25;21863.75;174
20250619 060400;21864.25;21874.25;21863;21874;118
20250619 060500;21873.75;21874.75;21866.75;21870.25;130
20250619 060600;21869;21871.25;21862.5;21870;110
20250619 060700;21869;21870;21865.5;21866.25;40
20250619 060800;21865.75;21865.75;21846.5;21849.75;144
20250619 060900;21849.75;21855;21849.25;21849.25;110
20250619 061000;21849.5;21849.5;21845;21847.5;76
20250619 061100;21847;21853.5;21845.75;21851;85
20250619 061200;21851.75;21851.75;21844;21845.25;120
20250619 061300;21844.25;21847.75;21843;21845.75;84
20250619 061400;21846;21847.75;21844;21844;58
20250619 061500;21844.5;21846.25;21841.5;21843;99
20250619 061600;21844;21846;21842.5;21846;54
20250619 061700;21846;21859.5;21845.5;21859;161
20250619 061800;21860;21860.5;21854.5;21855.75;46
20250619 061900;21857;21858.75;21855.75;21856;56
20250619 062000;21856;21856.75;21850.75;21855.5;55
20250619 062100;21855;21855.25;21850.75;21853;64
20250619 062200;21852.5;21853;21844.75;21846.25;77
20250619 062300;21846.25;21849.75;21844.25;21846.75;60
20250619 062400;21845;21846;21840.25;21844.25;84
20250619 062500;21844;21844;21841.5;21843.75;63
20250619 062600;21844.25;21846.25;21841.5;21844.5;56
20250619 062700;21844.5;21846.75;21842;21843.25;49
20250619 062800;21842.5;21844.25;21841;21843.5;47
20250619 062900;21843.5;21846.75;21841.75;21844.5;73
20250619 063000;21845;21848.5;21844.5;21848.5;61
20250619 063100;21847.25;21852.25;21842.5;21844;159
20250619 063200;21844.5;21845.5;21836.5;21842.75;120
20250619 063300;21842.5;21843;21835;21837;126
20250619 063400;21837.5;21840.75;21834.25;21840.25;78
20250619 063500;21839.75;21845.5;21836.75;21839.5;231
20250619 063600;21840.25;21840.75;21834;21839.5;120
20250619 063700;21839.5;21844;21839.25;21841;53
20250619 063800;21840.5;21848.5;21840.5;21840.75;91
20250619 063900;21841.25;21844;21831.25;21843;166
20250619 064000;21844.5;21850.25;21842.75;21848;163
20250619 064100;21848;21851;21839.25;21843;157
20250619 064200;21844;21844;21839.75;21840.25;61
20250619 064300;21839.5;21840.75;21834;21835.5;86
20250619 064400;21836.25;21839.75;21836.25;21838.5;56
20250619 064500;21838.75;21843;21838;21843;53
20250619 064600;21843.25;21843.25;21841;21841;23
20250619 064700;21840.5;21846;21840;21844.5;108
20250619 064800;21843.75;21846.5;21835.25;21835.5;124
20250619 064900;21835.5;21836.5;21833;21834.25;101
20250619 065000;21833.5;21834.75;21821.25;21823.5;264
20250619 065100;21824;21827.25;21818.5;21819.75;148
20250619 065200;21819.25;21827.25;21818.5;21822.25;100
20250619 065300;21821;21824.5;21817.25;21822.75;101
20250619 065400;21822;21830.75;21821.5;21827.25;163
20250619 065500;21828.25;21837.25;21828.25;21837;91
20250619 065600;21838;21844.5;21837.5;21843.75;72
20250619 065700;21843.75;21844.5;21841.25;21843.75;42
20250619 065800;21843.25;21846.75;21842.5;21845.75;44
20250619 065900;21845.5;21848.75;21841.25;21848.25;103
20250619 070000;21847.5;21852;21846.75;21851.75;96
20250619 070100;21851.75;21862.5;21849.5;21859.25;245
20250619 070200;21859.75;21863.75;21858;21861.25;135
20250619 070300;21860.75;21863.5;21857;21858;82
20250619 070400;21858.5;21867.5;21856.75;21866.25;117
20250619 070500;21866.75;21871.25;21866.25;21866.5;118
20250619 070600;21867;21869.25;21853;21854;160
20250619 070700;21854.75;21858;21853;21855.25;79
20250619 070800;21854.75;21854.75;21848.75;21851.25;87
20250619 070900;21850.75;21851.75;21848;21849.75;65
20250619 071000;21848.75;21848.75;21845;21846.5;72
20250619 071100;21846.75;21854.5;21846.25;21853.75;95
20250619 071200;21856.25;21861;21854.25;21860.5;108
20250619 071300;21861;21862;21851.25;21851.25;83
20250619 071400;21850.5;21854.75;21848;21852.5;53
20250619 071500;21852.25;21853.5;21846.25;21853.5;55
20250619 071600;21854.25;21855.5;21849.5;21851.75;81
20250619 071700;21851.25;21852.75;21843.75;21843.75;53
20250619 071800;21843.75;21843.75;21835.25;21836.25;117
20250619 071900;21836.25;21841.5;21835.5;21838.5;117
20250619 072000;21839.25;21843.25;21839;21841.5;70
20250619 072100;21840.25;21840.25;21832;21834;104
20250619 072200;21834;21834.75;21821.25;21823.5;225
20250619 072300;21822.25;21826.75;21817.5;21826.5;175
20250619 072400;21826;21826;21818.25;21820;114
20250619 072500;21820.75;21821.25;21807.75;21811;162
20250619 072600;21812.25;21820.5;21809;21817.25;99
20250619 072700;21817;21817.25;21808;21815.25;48
20250619 072800;21814.5;21823.5;21814;21823.5;94
20250619 072900;21823.25;21830.5;21823.25;21830;102
20250619 073000;21831;21839.5;21827.5;21828.75;144
20250619 073100;21830.5;21838.75;21823;21837;174
20250619 073200;21838.25;21839;21825;21827;106
20250619 073300;21826.25;21826.5;21820.75;21822.25;67
20250619 073400;21821.25;21828;21820;21828;34
20250619 073500;21825.5;21830;21814.75;21817.25;187
20250619 073600;21815.5;21830.25;21815;21830.25;138
20250619 073700;21830.5;21836.25;21826.75;21826.75;74
20250619 073800;21826.5;21830.5;21823.75;21827.75;73
20250619 073900;21826.5;21829.25;21826.5;21828;18
20250619 074000;21828.5;21829.75;21823.5;21824.75;45
20250619 074100;21824.75;21825.5;21821.25;21823.75;27
20250619 074200;21823.75;21823.75;21817.25;21819.25;32
20250619 074300;21819.25;21819.5;21817.5;21819.5;12
20250619 074400;21820.75;21820.75;21813;21817.5;76
20250619 074500;21817;21817.5;21814.5;21817.25;25
20250619 074600;21815.75;21816.25;21808.25;21808.5;54
20250619 074700;21808.5;21809.5;21803;21804.5;118
20250619 074800;21805.5;21810.75;21804.5;21809.5;52
20250619 074900;21807.75;21816.5;21807.25;21814;76
20250619 075000;21813.75;21818.5;21812;21817.25;40
20250619 075100;21816.5;21820.5;21811.5;21815.75;112
20250619 075200;21815.5;21816.25;21811.25;21813;50
20250619 075300;21814;21819;21814;21819;35
20250619 075400;21817.5;21823.25;21816.25;21816.25;51
20250619 075500;21815;21818.25;21813.25;21817.25;31
20250619 075600;21817;21817;21804.5;21804.5;82
20250619 075700;21805.75;21806.25;21784.75;21787.5;390
20250619 075800;21786.75;21796;21782.75;21793.5;212
20250619 075900;21794;21797.75;21792.25;21793.25;89
20250619 080000;21792;21796.75;21791;21794.75;54
20250619 080100;21796;21816;21796;21812.75;288
20250619 080200;21812.5;21827.75;21809.25;21824.75;163
20250619 080300;21824.25;21829;21822.5;21825.25;114
20250619 080400;21826.25;21832;21826;21832;108
20250619 080500;21830.75;21833;21826;21826;149
20250619 080600;21826.25;21826.25;21820.5;21821.25;34
20250619 080700;21821;21822.25;21812.75;21816;107
20250619 080800;21814.75;21815.5;21809.25;21811;41
20250619 080900;21810.25;21825.25;21809.75;21824.25;88
20250619 081000;21827;21834;21826.25;21833.5;74
20250619 081100;21833.5;21838.25;21833;21836.5;85
20250619 081200;21836.5;21840;21834;21836.5;72
20250619 081300;21836.75;21837.75;21832;21833.75;68
20250619 081400;21833.5;21833.5;21827;21827.25;48
20250619 081500;21827;21827.5;21816.5;21818.5;122
20250619 081600;21816.25;21822.5;21811.5;21812.75;109
20250619 081700;21811.5;21817.25;21811.25;21817.25;49
20250619 081800;21817.75;21820;21816.75;21816.75;25
20250619 081900;21817.25;21818.25;21816;21816;14
20250619 082000;21817;21820;21815;21815;29
20250619 082100;21814.25;21818;21813;21817;37
20250619 082200;21818;21822.75;21818;21820.75;41
20250619 082300;21820.75;21824.5;21818;21823.75;60
20250619 082400;21825.25;21826.75;21817;21820;71
20250619 082500;21822;21822.5;21819;21819;21
20250619 082600;21819;21820.25;21817;21818.25;21
20250619 082700;21820.25;21822;21818.5;21820;22
20250619 082800;21819.75;21820.75;21816.25;21817;113
20250619 082900;21817.75;21823;21817.75;21823;33
20250619 083000;21823.75;21824;21820;21822;32
20250619 083100;21823.25;21825.75;21821.75;21823.75;16
20250619 083200;21824;21824.5;21820.75;21822.75;20
20250619 083300;21821;21822.75;21819;21821.25;16
20250619 083400;21820.25;21823;21818.75;21820.75;16
20250619 083500;21821.5;21830;21821.5;21824.25;58
20250619 083600;21824.75;21827;21821.5;21824;54
20250619 083700;21823;21825;21820;21825;19
20250619 083800;21823.5;21823.5;21821.5;21823;19
20250619 083900;21823.5;21824;21822.25;21822.25;19
20250619 084000;21822.25;21824.25;21819.75;21823.25;28
20250619 084100;21822.75;21824.5;21814.25;21814.25;59
20250619 084200;21814;21814;21809.5;21810.5;78
20250619 084300;21812.5;21821;21812.5;21819.75;64
20250619 084400;21820;21829.5;21818.5;21827;121
20250619 084500;21826.75;21826.75;21821.5;21822;46
20250619 084600;21820.25;21825.25;21820.25;21824.5;26
20250619 084700;21823.25;21827;21822.75;21823.75;31
20250619 084800;21823.75;21824;21822.75;21823.5;11
20250619 084900;21823.25;21825.75;21822.75;21823.75;14
20250619 085000;21824.75;21828;21824.75;21828;15
20250619 085100;21828.5;21829;21824.75;21828;22
20250619 085200;21828.75;21831;21826.75;21831;58
20250619 085300;21832;21832.5;21827.25;21828.75;104
20250619 085400;21828.75;21831;21828.25;21831;22
20250619 085500;21829.25;21830.25;21828.25;21828.25;7
20250619 085600;21828;21829.25;21827;21827.75;33
20250619 085700;21828.25;21829.25;21828.25;21828.5;4
20250619 085800;21830;21830;21828;21829.25;13
20250619 085900;21829.25;21830;21828.25;21828.25;9
20250619 090000;21827.25;21828;21826.25;21826.25;27
20250619 090100;21826;21828.75;21826;21827.25;23
20250619 090200;21830;21835.25;21830;21832.75;70
20250619 090300;21833.25;21841;21833.25;21836;117
20250619 090400;21834.5;21837.25;21834;21834;19
20250619 090500;21834.75;21836.75;21834;21836.75;17
20250619 090600;21837.25;21837.25;21832.25;21833;35
20250619 090700;21831.25;21831.25;21829.5;21830.5;32
20250619 090800;21831.25;21831.25;21829;21829;13
20250619 090900;21828.75;21830.25;21827.75;21829.5;15
20250619 091000;21829.5;21836;21828.25;21833.25;35
20250619 091100;21832.5;21833.75;21831.25;21832;36
20250619 091200;21830;21831.25;21828;21829.25;26
20250619 091300;21829.5;21831;21826;21828.5;17
20250619 091400;21829.5;21833.5;21828;21828;11
20250619 091500;21830.25;21831;21828.25;21831;13
20250619 091600;21830.75;21830.75;21828.75;21830;21
20250619 091700;21829.5;21830.5;21828;21828.75;8
20250619 091800;21830.5;21833.25;21830.5;21833.25;19
20250619 091900;21831.5;21832.75;21828.5;21829;24
20250619 092000;21828.25;21828.25;21823.75;21826.5;33
20250619 092100;21827.25;21829;21827;21828;19
20250619 092200;21831;21831.75;21829.25;21830;18
20250619 092300;21829.5;21835.75;21827.5;21834.75;22
20250619 092400;21836.5;21844.25;21836.5;21842.75;150
20250619 092500;21842.5;21848.75;21842;21848.25;78
20250619 092600;21848.25;21849.25;21845.25;21846;73
20250619 092700;21846.75;21847.75;21842.25;21842.75;50
20250619 092800;21842;21842.25;21839;21840.25;31
20250619 092900;21841.25;21842;21839;21841.25;29
20250619 093000;21840.75;21841.25;21840;21840;7
20250619 093100;21840.75;21843.25;21838;21838;33
20250619 093200;21837.25;21839.75;21836.25;21838;28
20250619 093300;21838.25;21841.5;21838.25;21840;9
20250619 093400;21841;21842;21838.75;21839.75;25
20250619 093500;21840;21840.5;21840;21840.5;2
20250619 093600;21840.5;21842.5;21839.75;21841.5;16
20250619 093700;21841.25;21843;21841;21841.75;7
20250619 093800;21842.25;21847.25;21842.25;21846.25;63
20250619 093900;21845.25;21845.25;21833.25;21838.5;92
20250619 094000;21839;21839.25;21837.25;21839;17
20250619 094100;21839.25;21844.25;21837;21844;64
20250619 094200;21843;21843;21839.25;21839.25;17
20250619 094300;21840;21841.5;21836.5;21839;27
20250619 094400;21841;21842;21837.75;21837.75;16
20250619 094500;21838.25;21845.5;21835.75;21844;104
20250619 094600;21843.25;21848.5;21843.25;21848.5;36
20250619 094700;21847.75;21850.75;21844.5;21848.5;70
20250619 094800;21847.75;21848;21844.5;21845.5;17
20250619 094900;21844.5;21847.75;21843.75;21847.5;17
20250619 095000;21846;21847.25;21843.75;21845;25
20250619 095100;21843;21843;21838.75;21839;29
20250619 095200;21838.25;21838.5;21836.25;21837;17
20250619 095300;21837;21838.75;21834.5;21835;21
20250619 095400;21836.25;21838;21834.5;21834.5;21
20250619 095500;21834.25;21834.75;21832.25;21833.5;19
20250619 095600;21832.75;21833;21828.5;21829.75;55
20250619 095700;21829;21829;21825.5;21827.25;62
20250619 095800;21826.75;21830.5;21826.5;21830.5;18
20250619 095900;21830.5;21831.5;21829.5;21831.5;11
20250619 100000;21830.5;21833.25;21829.5;21831.75;32
20250619 100100;21832.75;21832.75;21827.75;21831.75;41
20250619 100200;21832.25;21834.75;21831.75;21833.75;35
20250619 100300;21834.25;21837;21833.75;21835;43
20250619 100400;21835.25;21840;21834.5;21838.75;44
20250619 100500;21839.5;21840.25;21835.25;21835.25;16
20250619 100600;21834.75;21836.5;21828.5;21828.5;35
20250619 100700;21827;21827.25;21821.75;21826.25;57
20250619 100800;21826.25;21826.75;21823.25;21825.75;34
20250619 100900;21826.75;21827.25;21823;21823.75;27
20250619 101000;21824.5;21825.25;21823.5;21823.75;10
20250619 101100;21823;21824;21821.75;21821.75;22
20250619 101200;21823.25;21824;21821;21823.75;22
20250619 101300;21822.75;21823.5;21821.75;21821.75;14
20250619 101400;21821.5;21823;21817.75;21818.75;47
20250619 101500;21818.75;21820.25;21812.5;21814.5;98
20250619 101600;21814.5;21816.25;21812.25;21815.25;38
20250619 101700;21816;21817.75;21815.75;21816.25;24
20250619 101800;21816.25;21821.25;21816.25;21820;35
20250619 101900;21818.75;21819.5;21813.25;21815.25;40
20250619 102000;21815;21818.25;21814.75;21817;47
20250619 102100;21817.25;21826;21817.25;21824.75;77
20250619 102200;21825;21828;21824;21826.25;50
20250619 102300;21826.75;21835.25;21825.75;21834.75;100
20250619 102400;21834.75;21835.25;21833;21833.75;36
20250619 102500;21833;21836;21830;21830;44
20250619 102600;21829.75;21834;21828.75;21831.5;14
20250619 102700;21833.25;21833.5;21832.75;21833.5;4
20250619 102800;21832.75;21835.5;21832.5;21832.5;21
20250619 102900;21832.25;21832.25;21829.75;21830.75;26
20250619 103000;21829.75;21829.75;21824.25;21825;37
20250619 103100;21826;21831.5;21826;21828.75;47
20250619 103200;21828.5;21833.75;21828.5;21832.75;28
20250619 103300;21831.5;21831.5;21827;21831;25
20250619 103400;21829.75;21832.5;21828.75;21831;27
20250619 103500;21832;21832.75;21830.5;21830.5;12
20250619 103600;21829.75;21833;21829.5;21831.75;16
20250619 103700;21831.5;21831.5;21828.5;21829.5;30
20250619 103800;21830;21833.25;21829;21833;38
20250619 103900;21833.75;21834.5;21831.75;21831.75;23
20250619 104000;21833.5;21835.5;21833.5;21833.5;17
20250619 104100;21833;21834.5;21832.25;21834.5;19
20250619 104200;21834;21835;21832;21834;38
20250619 104300;21833.25;21840;21832.75;21837;86
20250619 104400;21836.75;21836.75;21833.75;21834.25;26
20250619 104500;21834.5;21835.25;21834.5;21835.25;3
20250619 104600;21834.25;21835;21832;21832.25;25
20250619 104700;21832.75;21832.75;21831.75;21832;16
20250619 104800;21831.75;21833.25;21831.5;21833.25;10
20250619 104900;21832.75;21832.75;21828;21828;16
20250619 105000;21827.5;21830.5;21827.5;21828.75;10
20250619 105100;21828.75;21832.5;21828.75;21832.25;32
20250619 105200;21833.5;21840;21832.5;21839.75;48
20250619 105300;21839.75;21846.25;21839.25;21841;72
20250619 105400;21839.5;21845.75;21838.25;21845.25;33
20250619 105500;21844.75;21847;21842.25;21847;48
20250619 105600;21845.75;21856.5;21845;21855;145
20250619 105700;21855.25;21856.25;21846.5;21846.5;69
20250619 105800;21845.5;21850.75;21844.75;21848.25;42
20250619 105900;21848.5;21851.5;21848.5;21851.5;16
20250619 110000;21851.5;21853.5;21844.75;21844.75;59
20250619 110100;21847.25;21848.5;21832.75;21840.25;129
20250619 110200;21836.75;21841.25;21832.75;21835;85
20250619 110300;21834.25;21837.75;21831.5;21837.75;58
20250619 110400;21834;21838.25;21834;21837.75;7
20250619 110500;21839;21840.75;21836;21836;28
20250619 110600;21836;21837.75;21834.5;21836.25;13
20250619 110700;21835.75;21836;21825.25;21825.75;48
20250619 110800;21826.5;21827.25;21817;21817.75;157
20250619 110900;21818;21820.5;21815.75;21816.5;40
20250619 111000;21815.5;21817.25;21811;21816;59
20250619 111100;21816;21818.75;21811.75;21813.75;76
20250619 111200;21813.5;21813.75;21806.25;21810;117
20250619 111300;21810;21810;21805.25;21806.5;54
20250619 111400;21806;21806.25;21798.25;21799.25;115
20250619 111500;21799;21799;21795;21796.5;84
20250619 111600;21795.5;21798;21787;21788.25;129
20250619 111700;21788;21796;21786.75;21795;85
20250619 111800;21794;21794.75;21787.25;21794.75;73
20250619 111900;21795;21809.75;21795;21809;205
20250619 112000;21809.25;21810;21804.5;21807;64
20250619 112100;21806;21809.5;21803;21809.5;67
20250619 112200;21808.75;21811.25;21807.5;21810.75;38
20250619 112300;21810.75;21812.75;21809.75;21810.25;22
20250619 112400;21810;21812;21809.75;21810;15
20250619 112500;21809.75;21811.75;21805;21810;123
20250619 112600;21810.75;21811;21807.5;21808.75;27
20250619 112700;21808.75;21812;21808.5;21808.5;24
20250619 112800;21808.25;21815.25;21808.25;21810.25;58
20250619 112900;21810.25;21810.25;21806.5;21808.5;29
20250619 113000;21810.5;21812.25;21809;21809.75;27
20250619 113100;21809.25;21813.25;21808.25;21813.25;13
20250619 113200;21813;21814;21810.25;21810.5;30
20250619 113300;21811;21811.25;21807.5;21807.5;20
20250619 113400;21807;21810.25;21804.5;21805.5;37
20250619 113500;21806.25;21807.25;21804;21804.25;17
20250619 113600;21805;21808.25;21805;21806.5;16
20250619 113700;21807;21815;21806.25;21812.5;91
20250619 113800;21811.5;21812;21801;21804.25;65
20250619 113900;21803.25;21810;21803.25;21808.75;37
20250619 114000;21807.5;21810.75;21807;21810.75;8
20250619 114100;21811;21812.75;21809;21809;40
20250619 114200;21809.25;21810.5;21807.25;21808;23
20250619 114300;21807.75;21809;21804;21804.75;36
20250619 114400;21805;21809;21803.5;21808.75;57
20250619 114500;21807.75;21808.75;21805.25;21808.75;41
20250619 114600;21809;21810;21805.75;21806.5;20
20250619 114700;21806;21808;21803.75;21805;30
20250619 114800;21804;21806.5;21801;21801;52
20250619 114900;21801.75;21806.75;21801.75;21806.75;27
20250619 115000;21805.75;21810.25;21804.75;21808.75;59
20250619 115100;21809.5;21811;21805.25;21807.5;49
20250619 115200;21809.5;21817.75;21809.25;21817.75;99
20250619 115300;21817.75;21820.25;21815;21820.25;133
20250619 115400;21820.25;21821;21817.25;21817.25;75
20250619 115500;21818.75;21823.75;21818.75;21820.25;52
20250619 115600;21820;21820;21813.75;21813.75;74
20250619 115700;21814.75;21818.25;21812.5;21814.5;37
20250619 115800;21814;21825.5;21813.75;21818.25;73
20250619 115900;21819;21819.75;21817.25;21817.5;39
20250619 120000;21815.75;21817.75;21813.75;21814.25;48
20250619 120100;21813.75;21818.5;21813;21816;41
20250619 120200;21815.75;21816.5;21806.5;21808.75;82
20250619 120300;21809.5;21809.5;21805.5;21805.75;38
20250619 120400;21805;21807;21801.25;21803;101
20250619 120500;21802.25;21802.75;21795.75;21795.75;105
20250619 120600;21795.75;21796.25;21790;21795;127
20250619 120700;21795.75;21796.25;21790.25;21791.75;58
20250619 120800;21791.25;21793.75;21790.25;21792.75;44
20250619 120900;21792.25;21802;21792.25;21798.5;127
20250619 121000;21799.75;21801;21794.5;21796.5;64
20250619 121100;21796.75;21801.25;21796.75;21800.5;42
20250619 121200;21800.25;21800.5;21799.5;21800.5;18
20250619 121300;21799.25;21802.75;21797.75;21797.75;56
20250619 121400;21799.25;21801.75;21799;21800.25;12
20250619 121500;21801.5;21825.25;21801.25;21822;187
20250619 121600;21823.25;21823.25;21804;21810.25;162
20250619 121700;21811;21812.5;21803.25;21805.75;46
20250619 121800;21805.5;21805.5;21796.25;21797.75;39
20250619 121900;21796.5;21800.75;21795;21800.75;49
20250619 122000;21801.75;21802.75;21799.75;21800;38
20250619 122100;21799.75;21808;21799.75;21804.5;60
20250619 122200;21806;21806;21803.25;21805.5;11
20250619 122300;21804.5;21804.75;21802.75;21802.75;19
20250619 122400;21803.25;21811.5;21802.25;21810.75;57
20250619 122500;21810.5;21814;21808.25;21812.75;42
20250619 122600;21811.25;21811.75;21805;21805.75;32
20250619 122700;21805.75;21807;21804.75;21805.5;19
20250619 122800;21806.75;21806.75;21804.75;21805.5;15
20250619 122900;21804.5;21807;21804.5;21804.5;14
20250619 123000;21804.5;21805.75;21803.25;21804.25;11
20250619 123100;21804;21806.5;21803.75;21805.75;21
20250619 123200;21808.25;21812.5;21808.25;21811.5;42
20250619 123300;21810;21812.5;21810;21811.5;15
20250619 123400;21812.25;21813;21798.5;21799.25;83
20250619 123500;21798.5;21801;21790.25;21791;124
20250619 123600;21791.75;21794;21787.25;21792.25;116
20250619 123700;21794.75;21797;21793.75;21794.75;63
20250619 123800;21795.75;21798.5;21794.25;21798.5;34
20250619 123900;21797.75;21800;21794.5;21795;43
20250619 124000;21794.75;21796.5;21792.75;21793.75;48
20250619 124100;21793;21795.5;21789;21793.5;53
20250619 124200;21793.25;21794.25;21792.25;21792.25;17
20250619 124300;21791.25;21792.25;21788.25;21788.25;21
20250619 124400;21789;21789;21774.75;21784.5;372
20250619 124500;21783.25;21783.5;21777;21777.25;103
20250619 124600;21776.5;21776.5;21766.25;21768.75;193
20250619 124700;21767.75;21768;21761.75;21766.25;166
20250619 124800;21766.5;21768.5;21761.25;21767;80
20250619 124900;21766.25;21768.75;21765.5;21767.5;88
20250619 125000;21767.5;21773.75;21751;21751.75;591
20250619 125100;21751.5;21761.5;21746.25;21755;338
20250619 125200;21755.75;21757.25;21742.5;21749.75;195
20250619 125300;21749.75;21757;21748;21753.5;122
20250619 125400;21753;21761.25;21753;21760.25;130
20250619 125500;21760;21766.25;21760;21761.75;132
20250619 125600;21761;21762.25;21755;21757.25;111
20250619 125700;21757.5;21762.75;21756;21761;80
20250619 125800;21760.75;21768.25;21760.25;21764.25;86
20250619 125900;21763.5;21764.75;21760;21764;76
20250619 130000;21764;21767.25;21762.75;21763.5;81
20250619 130100;21763.75;21771;21761.75;21763;145
20250619 130200;21762.5;21764.75;21757.5;21763.75;85
20250619 130300;21762.75;21764;21756;21762.75;54
20250619 130400;21762.75;21764;21757;21757.5;123
20250619 130500;21756.25;21759;21750.75;21753;113
20250619 130600;21753.75;21775;21735.25;21769;541
20250619 130700;21769.75;21770.5;21753.25;21754;156
20250619 130800;21755;21760.25;21755;21759.25;70
20250619 130900;21760.25;21760.25;21749.75;21751.5;104
20250619 131000;21750.25;21761.25;21746.75;21760;210
20250619 131100;21758.5;21764;21758.25;21762.25;70
20250619 131200;21763;21766;21763;21764.5;39
20250619 131300;21764.25;21768.5;21756.75;21768.5;94
20250619 131400;21768.75;21770.5;21765.25;21769.25;83
20250619 131500;21769;21770.5;21767.5;21770.5;41
20250619 131600;21771;21772;21767.25;21770;71
20250619 131700;21770.25;21775.25;21769;21774;153
20250619 131800;21773.5;21773.5;21769.5;21772.25;55
20250619 131900;21773.5;21775;21769.5;21770.25;99
20250619 132000;21770.25;21772;21767;21771.75;78
20250619 132100;21771.25;21773;21766.75;21771;110
20250619 132200;21770.75;21772.5;21768;21769;62
20250619 132300;21768;21772;21767.5;21772;16
20250619 132400;21772;21780.5;21772;21779.5;156
20250619 132500;21780.5;21781.75;21777.75;21777.75;100
20250619 132600;21778.5;21780.5;21778;21779.75;39
20250619 132700;21779.5;21782.5;21778.25;21782;119
20250619 132800;21781.25;21782;21778;21780.25;55
20250619 132900;21780.5;21783.75;21778;21778.75;96
20250619 133000;21780;21786.75;21780;21784.25;113
20250619 133100;21784.5;21786.75;21761;21770.75;651
20250619 133200;21771;21778.25;21768;21771;228
20250619 133300;21772;21774.75;21759.5;21763.5;351
20250619 133400;21764.5;21766;21755.5;21758.25;363
20250619 133500;21759.5;21762.25;21755;21756.25;194
20250619 133600;21755.25;21756;21746;21747.25;453
20250619 133700;21747.5;21753.75;21743.5;21743.5;289
20250619 133800;21744.25;21744.25;21738.25;21741;348
20250619 133900;21740;21740;21723;21724.5;641
20250619 134000;21725;21739;21720;21734.25;619
20250619 134100;21734.5;21736;21729.75;21730.5;218
20250619 134200;21731.5;21732.75;21722.75;21727.75;381
20250619 134300;21727.5;21728.75;21722.5;21722.75;229
20250619 134400;21723.5;21730.25;21712.5;21727.5;629
20250619 134500;21726.75;21729.75;21723;21723.25;326
20250619 134600;21722.75;21727.75;21716.75;21717.75;406
20250619 134700;21718;21718.5;21696.25;21709;1480
20250619 134800;21707.5;21707.75;21682.5;21683.5;1043
20250619 134900;21682.25;21682.75;21651.25;21657.75;1277
20250619 135000;21656.25;21682.75;21650.25;21682.25;746
20250619 135100;21679.5;21691;21669.75;21683.75;634
20250619 135200;21683.5;21685.75;21668;21669.25;375
20250619 135300;21669.25;21689;21665.5;21683.75;473
20250619 135400;21682.75;21689;21681.5;21682;278
20250619 135500;21682.75;21687;21681.25;21686;189
20250619 135600;21684.25;21697.75;21679.5;21695.5;468
20250619 135700;21696.25;21701.75;21684.75;21699.75;395
20250619 135800;21700.5;21703.25;21692;21695;446
20250619 135900;21695;21700.25;21681;21687.25;355
20250619 140000;21687.5;21695;21684.5;21685.25;259
20250619 140100;21685.5;21700.25;21683.5;21691.75;523
20250619 140200;21690.5;21690.5;21671.5;21678.25;669
20250619 140300;21678;21688;21676.25;21682.25;303
20250619 140400;21680.75;21688.75;21680.5;21684.25;237
20250619 140500;21685.25;21696.75;21684.25;21695;265
20250619 140600;21696;21706.25;21694.25;21703.25;500
20250619 140700;21703.25;21703.75;21695.5;21696.25;201
20250619 140800;21696.5;21704.5;21695.5;21704;173
20250619 140900;21702.5;21709.5;21702.5;21705;284
20250619 141000;21705.25;21707.5;21697.25;21704;227
20250619 141100;21704;21710.75;21702.75;21710.5;184
20250619 141200;21709;21710;21706;21707.75;115
20250619 141300;21707.5;21715;21707.5;21710.25;234
20250619 141400;21710.5;21711.25;21707.5;21708.25;201
20250619 141500;21708.25;21712;21708.25;21710.5;90
20250619 141600;21709;21715.75;21709;21714.5;160
20250619 141700;21713;21718;21708.5;21711;240
20250619 141800;21712;21717;21709.5;21714.25;191
20250619 141900;21715.5;21715.5;21709.5;21710.25;104
20250619 142000;21710;21711.25;21706.75;21708.5;133
20250619 142100;21709;21709;21698.25;21707.25;362
20250619 142200;21708.5;21714;21704;21708.5;220
20250619 142300;21710.25;21721;21710.25;21717.25;360
20250619 142400;21718.5;21720.25;21712.75;21716.75;201
20250619 142500;21717.5;21720;21713.75;21716.75;177
20250619 142600;21717.75;21722.5;21716.5;21720;145
20250619 142700;21720.75;21722.5;21718.5;21719.75;90
20250619 142800;21720.75;21725;21719.5;21720.75;149
20250619 142900;21721.5;21722;21716.25;21720.5;186
20250619 143000;21720.25;21729.5;21716.5;21717.25;379
20250619 143100;21717.75;21722.5;21710;21712.5;293
20250619 143200;21712.5;21715;21701.5;21702.5;380
20250619 143300;21703.25;21706;21702;21702.5;192
20250619 143400;21703;21707.5;21697.25;21697.5;399
20250619 143500;21698;21700;21690;21691.5;368
20250619 143600;21692.25;21695.25;21689.25;21693.5;220
20250619 143700;21693.75;21694;21685.5;21687.5;221
20250619 143800;21686.75;21700.5;21684.5;21700;349
20250619 143900;21700.5;21717.25;21700.5;21710;590
20250619 144000;21711.75;21716.25;21709.75;21712.75;218
20250619 144100;21712;21719;21710.75;21713.25;174
20250619 144200;21712.5;21715.5;21707.5;21707.5;204
20250619 144300;21707.25;21707.25;21697.5;21699.75;359
20250619 144400;21699;21699.5;21687.5;21690;385
20250619 144500;21689.75;21690.25;21678.25;21682;337
20250619 144600;21681.75;21699.5;21680.25;21699.25;454
20250619 144700;21699;21703.25;21698;21701.75;329
20250619 144800;21702.25;21708.25;21695.25;21696;260
20250619 144900;21697.5;21705.25;21694;21702.25;165
20250619 145000;21702.75;21704.5;21696.75;21697.25;101
20250619 145100;21697;21707;21695.75;21703.75;156
20250619 145200;21704.75;21707;21698.75;21703.75;151
20250619 145300;21703.75;21709.5;21703.25;21708.25;95
20250619 145400;21706.5;21711.5;21704;21708.75;243
20250619 145500;21708;21726;21707.75;21717;449
20250619 145600;21716.5;21733.25;21716.5;21728;521
20250619 145700;21727.75;21732.25;21725;21726.25;215
20250619 145800;21725.5;21727;21720.5;21720.75;200
20250619 145900;21720.5;21728.25;21719.5;21724;206
20250619 150000;21723.75;21727.75;21723.75;21726.5;95
20250619 150100;21726.75;21739;21722;21731.25;520
20250619 150200;21731.25;21733;21725.75;21729.25;198
20250619 150300;21729.25;21730.5;21721.25;21725;191
20250619 150400;21723.5;21725.75;21717;21721.25;214
20250619 150500;21721;21727.25;21720;21725.5;134
20250619 150600;21725.5;21727.75;21722.75;21724;118
20250619 150700;21724.25;21729.5;21723.25;21727.25;135
20250619 150800;21727.25;21731;21722;21729.25;173
20250619 150900;21730;21731.5;21711.75;21717.5;402
20250619 151000;21718.25;21721.75;21700.5;21700.5;553
20250619 151100;21701.5;21715;21701.5;21711.25;199
20250619 151200;21711.75;21715;21709.75;21710;117
20250619 151300;21710.5;21717.25;21709.25;21716.5;172
20250619 151400;21716.5;21734.25;21716.5;21730.25;415
20250619 151500;21731.25;21740.75;21724.75;21725.25;524
20250619 151600;21726.5;21733.25;21726.5;21727.25;153
20250619 151700;21726.75;21732.5;21719;21729.75;267
20250619 151800;21729.5;21730.5;21722.25;21727.75;134
20250619 151900;21727.75;21729;21722.5;21723.25;72
20250619 152000;21723.5;21735.75;21722.25;21734.5;192
20250619 152100;21734.5;21735.5;21723;21724.5;151
20250619 152200;21724;21724;21715;21716;183
20250619 152300;21715.5;21724;21712.75;21719.25;332
20250619 152400;21716.75;21717.25;21706.5;21708.25;313
20250619 152500;21708.5;21712.75;21708.5;21710.5;165
20250619 152600;21711.75;21715.75;21709.5;21711.5;185
20250619 152700;21712;21714.5;21708.75;21712.25;179
20250619 152800;21711;21711.25;21707;21709.25;115
20250619 152900;21708;21720.75;21707.5;21717.75;367
20250619 153000;21718.75;21721.5;21714.5;21720.25;197
20250619 153100;21719.75;21722.5;21714.25;21718.25;242
20250619 153200;21717.5;21720.5;21709.5;21709.5;156
20250619 153300;21710;21716;21707.75;21712;180
20250619 153400;21712;21716.5;21712;21714.5;99
20250619 153500;21712.5;21713.75;21703.75;21704.5;235
20250619 153600;21704.5;21704.5;21692.25;21693.75;465
20250619 153700;21693.25;21697.5;21690.75;21694;207
20250619 153800;21693.75;21698.75;21691;21693.25;285
20250619 153900;21693.5;21701.5;21692.5;21698.25;268
20250619 154000;21699;21704.75;21698.75;21703.75;156
20250619 154100;21704.5;21710.25;21704.5;21708.75;193
20250619 154200;21709;21709;21696.75;21701;258
20250619 154300;21701.25;21703.75;21695.5;21700.25;292
20250619 154400;21700.5;21704;21697;21703;176
20250619 154500;21703.25;21714.25;21701.75;21713.75;285
20250619 154600;21713.75;21719;21713.25;21716;270
20250619 154700;21715.5;21719;21714.75;21717;91
20250619 154800;21716.75;21723;21716.5;21722;178
20250619 154900;21721.5;21724.75;21714.5;21716;246
20250619 155000;21716.75;21719.25;21716;21716.5;45
20250619 155100;21716.5;21717.75;21713.25;21715;93
20250619 155200;21715.25;21717.25;21702;21703.5;297
20250619 155300;21703.25;21705.75;21691.5;21694.5;386
20250619 155400;21693.5;21694.25;21681.25;21692.75;397
20250619 155500;21693;21698.25;21689.25;21696.25;144
20250619 155600;21696.5;21709.25;21692;21700;375
20250619 155700;21700.75;21703;21678.75;21691;538
20250619 155800;21691;21699.5;21691;21697.75;163
20250619 155900;21697;21697;21679.5;21680.75;259
20250619 160000;21680.75;21686.5;21675.5;21681;298
20250619 160100;21680.25;21690.5;21678.25;21689.75;250
20250619 160200;21688;21693;21685.25;21690.75;122
20250619 160300;21690.5;21692.5;21685.5;21690.5;125
20250619 160400;21691;21703;21687.5;21700;291
20250619 160500;21698.75;21702.75;21696.25;21701.5;146
20250619 160600;21701.5;21709.25;21700.75;21708.25;213
20250619 160700;21708.5;21715.75;21708;21710.5;212
20250619 160800;21711;21717.5;21709.75;21715;185
20250619 160900;21715.75;21716;21711.5;21713.5;100
20250619 161000;21714;21714;21710.5;21712.25;64
20250619 161100;21711.5;21713.5;21709.25;21712.75;55
20250619 161200;21714;21715.25;21709.75;21711.75;75
20250619 161300;21712.75;21716;21711.75;21715;45
20250619 161400;21714.75;21716;21713.25;21715;43
20250619 161500;21715;21717.25;21710.25;21714.75;87
20250619 161600;21713.75;21717;21713.25;21714.25;59
20250619 161700;21714.5;21718.25;21713.5;21718;60
20250619 161800;21717.75;21720.25;21714.75;21719.25;118
20250619 161900;21718.5;21719.5;21717.75;21718.5;19
20250619 162000;21718.25;21720.5;21716.5;21719;66
20250619 162100;21719.25;21721.5;21717.25;21721.5;72
20250619 162200;21721.75;21728.5;21721;21726.5;242
20250619 162300;21726.25;21729.75;21722.5;21724.75;175
20250619 162400;21725.75;21728.25;21724;21725.25;119
20250619 162500;21726.5;21731.25;21726.5;21730.75;124
20250619 162600;21731.25;21735;21731;21732.25;136
20250619 162700;21731.75;21733;21727.25;21729.5;156
20250619 162800;21729.25;21734;21729.25;21732;103
20250619 162900;21731.5;21733.75;21731.5;21732.75;41
20250619 163000;21734;21735.25;21732.5;21734.5;93
20250619 163100;21735.25;21737.5;21733;21735.5;186
20250619 163200;21735.75;21736;21731.5;21735;126
20250619 163300;21735;21735;21731.75;21732;67
20250619 163400;21732.5;21733;21721.75;21728.75;222
20250619 163500;21728.5;21741.75;21728.5;21740.25;278
20250619 163600;21740.25;21740.75;21734.5;21738;136
20250619 163700;21738.25;21739;21723.75;21729.75;249
20250619 163800;21731.25;21736;21730;21731.75;99
20250619 163900;21731.5;21737.5;21731.25;21731.75;101
20250619 164000;21731.5;21731.75;21724.25;21728;154
20250619 164100;21728.75;21730.75;21725.75;21730.75;87
20250619 164200;21731;21732.5;21725.25;21725.25;72
20250619 164300;21726;21734;21724.25;21730.75;96
20250619 164400;21732;21732;21722.75;21727.75;115
20250619 164500;21728;21733.5;21728;21730;95
20250619 164600;21729.25;21730.5;21720.5;21721.5;174
20250619 164700;21722;21722.5;21715.5;21721.25;197
20250619 164800;21721.25;21724.75;21719.75;21724.25;102
20250619 164900;21724.5;21732.75;21724.25;21727.75;120
20250619 165000;21729.5;21729.5;21723.75;21725;73
20250619 165100;21726.75;21736;21726.5;21733;147
20250619 165200;21733;21733.5;21726.5;21730.75;107
20250619 165300;21730.25;21732.75;21714.25;21720;188
20250619 165400;21720.5;21723.75;21718.25;21718.25;84
20250619 165500;21718;21721;21716;21720.75;48
20250619 165600;21719.25;21721;21705.25;21712;258
20250619 165700;21713;21718.25;21712.25;21715.5;150
20250619 165800;21715.5;21716;21712.75;21715;43
20250619 165900;21715.25;21718.75;21703.75;21704.5;145
20250619 170000;21703.75;21706.5;21691.5;21703;310
20250619 220100;21748.25;21811.75;21745.75;21805;1196
20250619 220200;21805;21831.75;21804.75;21822.25;484
20250619 220300;21822.75;21830;21817.75;21822;188
20250619 220400;21823.5;21827.75;21817.5;21826;130
20250619 220500;21827;21844;21825.75;21833;229
20250619 220600;21834.75;21839;21823.25;21829.25;284
20250619 220700;21828.5;21838;21824.75;21824.75;125
20250619 220800;21825.25;21831.25;21821;21827.25;113
20250619 220900;21824.75;21832.5;21819.25;21832;251
20250619 221000;21830.75;21834.25;21821;21824;118
20250619 221100;21823.75;21830.25;21822.5;21827.75;77
20250619 221200;21828;21853.25;21828;21840;420
20250619 221300;21840;21841.25;21821;21825.75;128
20250619 221400;21825.75;21833;21823;21831.5;102
20250619 221500;21831.25;21834;21827.75;21830;60
20250619 221600;21832.5;21833;21829.5;21831.5;39
20250619 221700;21831.75;21840;21831.75;21837;160
20250619 221800;21837.5;21840.25;21836.5;21838.5;57
20250619 221900;21838.75;21839.75;21837.25;21837.75;19
20250619 222000;21837;21843.5;21837;21841.25;62
20250619 222100;21842.75;21843.75;21839.25;21839.75;44
20250619 222200;21839.5;21841.5;21836.5;21836.75;37
20250619 222300;21836.75;21845.5;21835.75;21845.25;114
20250619 222400;21844.75;21847.75;21837.25;21845.25;139
20250619 222500;21846;21847.25;21830;21830.5;220
20250619 222600;21830.5;21839.75;21830.25;21839;112
20250619 222700;21839.5;21839.5;21836.25;21837;16
20250619 222800;21838.5;21841;21837;21839.5;55
20250619 222900;21839.75;21850;21839.75;21847;139
20250619 223000;21848.5;21851;21846.25;21849.5;83
20250619 223100;21849.75;21852.25;21840.75;21846;142
20250619 223200;21845;21850.5;21843.75;21850;64
20250619 223300;21849;21863;21848.25;21861.5;211
20250619 223400;21861.75;21874;21860.5;21871;355
20250619 223500;21869.75;21874.25;21867.75;21871.75;125
20250619 223600;21871;21873.25;21865.5;21871.5;134
20250619 223700;21871;21890.25;21870.75;21885.5;325
20250619 223800;21884.5;21888;21882.75;21883.75;130
20250619 223900;21884;21898;21883.75;21889;184
20250619 224000;21887;21887;21880;21882;133
20250619 224100;21880.75;21891.5;21878.5;21889.75;175
20250619 224200;21889.75;21894.5;21885.25;21894;179
20250619 224300;21893.5;21902;21892.5;21901.75;224
20250619 224400;21900.75;21916;21900;21905.25;324
20250619 224500;21905;21906.75;21885.75;21899;510
20250619 224600;21900;21903.75;21894.75;21896.75;145
20250619 224700;21898;21914;21896.75;21910;173
20250619 224800;21910;21930.25;21908;21923.5;313
20250619 224900;21923;21924.5;21914.5;21918.75;155
20250619 225000;21919;21920;21908.75;21910.75;121
20250619 225100;21910.75;21914.25;21903.5;21904.25;164
20250619 225200;21905;21907.5;21894.75;21899.25;202
20250619 225300;21899;21904.25;21897.25;21900.25;116
20250619 225400;21899.5;21899.5;21890.75;21894.25;170
20250619 225500;21892.75;21896.75;21888.75;21895.25;169
20250619 225600;21894.75;21899.75;21893.5;21899;118
20250619 225700;21899.5;21902.75;21895.5;21895.5;100
20250619 225800;21896.25;21897.5;21892.25;21896.75;89
20250619 225900;21897.25;21899.5;21892;21893.25;75
20250619 230000;21892.5;21896.5;21890.75;21894.25;84
20250619 230100;21896.5;21903;21894;21900.75;154
20250619 230200;21900.75;21906;21895.25;21897.25;99
20250619 230300;21897.25;21899.25;21888.75;21893.75;111
20250619 230400;21893;21897;21892.25;21895.25;59
20250619 230500;21892.75;21893.5;21877;21882.5;287
20250619 230600;21882.75;21885.5;21877;21879.75;122
20250619 230700;21879.5;21884.5;21878;21883.75;82
20250619 230800;21883.5;21888;21881;21884.75;111
20250619 230900;21884.25;21887.75;21884.25;21886;51
20250619 231000;21886.5;21886.5;21876.25;21878.75;74
20250619 231100;21878;21881.5;21872.25;21874.5;147
20250619 231200;21875;21882.25;21874.25;21881.75;95
20250619 231300;21880.75;21884.25;21880.25;21880.25;60
20250619 231400;21879.25;21881.25;21876.25;21880;67
20250619 231500;21882;21884;21873.25;21875.5;116
20250619 231600;21876;21885;21875.75;21884;78
20250619 231700;21884.25;21888.75;21882.25;21885;97
20250619 231800;21884.5;21885.5;21880.25;21881.5;49
20250619 231900;21883;21884.75;21882;21884.5;45
20250619 232000;21884;21895;21883.25;21892.75;114
20250619 232100;21893.25;21900;21892;21897.5;131
20250619 232200;21898;21904.5;21891.25;21903.75;126
20250619 232300;21903.25;21903.25;21897.5;21897.75;62
20250619 232400;21898.75;21899;21893.5;21893.5;63
20250619 232500;21894;21894;21886.75;21887.25;97
20250619 232600;21886.5;21888.25;21880.75;21880.75;129
20250619 232700;21880.5;21882;21873;21880.5;129
20250619 232800;21881.75;21887.5;21881.25;21885.5;71
20250619 232900;21884.25;21884.25;21877;21878.25;68
20250619 233000;21878.75;21879.5;21870.25;21873.75;169
20250619 233100;21877.25;21879;21871.5;21874.75;56
20250619 233200;21875;21879.75;21875;21877.25;37
20250619 233300;21876;21878;21873.25;21876;28
20250619 233400;21876.5;21881.5;21876;21879.75;33
20250619 233500;21879;21886.75;21877.25;21886.5;46
20250619 233600;21886.25;21887.5;21881;21881;44
20250619 233700;21880;21883.25;21875;21883.25;63
20250619 233800;21881.25;21887.75;21879.75;21887.25;54
20250619 233900;21886.75;21887;21883.5;21884.25;22
20250619 234000;21885.5;21888;21885.5;21885.75;25
20250619 234100;21886.25;21889.5;21886.25;21888.75;34
20250619 234200;21890;21896.5;21888.5;21893.5;79
20250619 234300;21893.5;21899.25;21893.5;21897.25;74
20250619 234400;21896.5;21897.5;21893.5;21896.25;62
20250619 234500;21897.5;21902;21897.5;21898.25;119
20250619 234600;21897.75;21901;21895.5;21898.75;41
20250619 234700;21900.75;21900.75;21890;21895.25;63
20250619 234800;21894;21895;21890;21890.5;35
20250619 234900;21890;21890;21885.75;21886.5;60
20250619 235000;21886.75;21886.75;21876.5;21878.25;77
20250619 235100;21878.5;21888.5;21878.25;21887;57
20250619 235200;21888.25;21889.25;21884.5;21887.5;46
20250619 235300;21888;21888.75;21884.5;21886.25;32
20250619 235400;21885.75;21894;21885.25;21886.25;131
20250619 235500;21885;21888;21884.5;21888;28
20250619 235600;21887.75;21888;21884;21885.75;21
20250619 235700;21886;21891;21885.5;21888.5;31
20250619 235800;21891;21891;21888.25;21888.75;10
20250619 235900;21888.25;21888.25;21884;21885.75;52
20250620 000000;21885.5;21888.75;21882.25;21886.5;48
20250620 000100;21887.5;21898;21887.5;21894;199
20250620 000200;21893.25;21893.75;21888.5;21891.5;68
20250620 000300;21891.75;21898;21890.25;21890.25;79
20250620 000400;21892.75;21895;21890.25;21894.25;37
20250620 000500;21894.25;21894.5;21890;21890;32
20250620 000600;21890.75;21897.75;21890.25;21891;105
20250620 000700;21889.25;21889.25;21880.5;21880.75;110
20250620 000800;21881;21890;21881;21886.75;48
20250620 000900;21886.75;21894.25;21886.75;21893.5;74
20250620 001000;21893.5;21914.75;21893.5;21912;305
20250620 001100;21914.75;21915.25;21906.75;21907.5;139
20250620 001200;21906.5;21913;21901.5;21910.75;128
20250620 001300;21911.75;21918.5;21911.75;21917.25;78
20250620 001400;21918;21928;21917.5;21920.75;306
20250620 001500;21921.25;21921.25;21916;21917.25;106
20250620 001600;21917.75;21919.75;21910;21911.75;171
20250620 001700;21912;21912;21907.25;21908;139
20250620 001800;21907.5;21908.75;21903.75;21904;126
20250620 001900;21904.5;21905.5;21897.25;21901.5;138
20250620 002000;21901.75;21908;21901.75;21903.25;97
20250620 002100;21903.5;21921;21900.25;21917.75;316
20250620 002200;21919;21922.5;21915;21916;99
20250620 002300;21915.75;21917.5;21906.25;21914.25;145
20250620 002400;21916.75;21925.75;21916.25;21923;171
20250620 002500;21921.5;21921.5;21914.5;21917;73
20250620 002600;21916;21917.5;21914.5;21916.25;28
20250620 002700;21918;21918.5;21914;21915.5;17
20250620 002800;21915.75;21917;21914.5;21916;45
20250620 002900;21916;21918.5;21915.25;21916;29
20250620 003000;21915.75;21915.75;21912.25;21912.75;32
20250620 003100;21914;21915.75;21906.5;21906.5;85
20250620 003200;21905.5;21908.75;21905;21906.25;148
20250620 003300;21905.75;21911.75;21905.75;21909.5;97
20250620 003400;21910;21911.5;21906.5;21909;74
20250620 003500;21909.25;21910.5;21906.25;21907.5;58
20250620 003600;21907.75;21916.5;21906;21911.5;124
20250620 003700;21912.5;21913.25;21906;21907;47
20250620 003800;21908.75;21910.75;21904.75;21904.75;100
20250620 003900;21905;21907.5;21903;21907.5;53
20250620 004000;21907;21907;21901;21901.25;71
20250620 004100;21902.5;21906.5;21897.75;21898.25;83
20250620 004200;21897.75;21900;21894.25;21899.25;129
20250620 004300;21900.25;21901;21898.25;21900;41
20250620 004400;21900.75;21901.25;21897.5;21898;66
20250620 004500;21898.75;21898.75;21896.5;21898.25;31
20250620 004600;21899.25;21901;21897.75;21900;38
20250620 004700;21899.75;21907;21898;21906.5;120
20250620 004800;21906.25;21909.5;21905.5;21907.25;81
20250620 004900;21908;21910;21896.75;21897.75;179
20250620 005000;21897.25;21900.5;21896;21899;89
20250620 005100;21899.25;21901.75;21891.25;21893.25;67
20250620 005200;21893.25;21894;21887;21890.75;163
20250620 005300;21891.75;21892.75;21888.75;21890.5;52
20250620 005400;21890.25;21891;21886.25;21889;63
20250620 005500;21889.25;21889.5;21885.75;21886.25;56
20250620 005600;21885.75;21899.5;21883.5;21897.75;338
20250620 005700;21897.75;21903.25;21894.5;21897;224
20250620 005800;21898.5;21900.75;21896;21896;37
20250620 005900;21897.25;21897.5;21885.75;21890;96
20250620 010000;21890;21892;21885.5;21886.75;54
20250620 010100;21888;21892.25;21885;21891.25;102
20250620 010200;21891;21893;21888.75;21892;64
20250620 010300;21891.5;21895;21887.25;21890.5;77
20250620 010400;21890.25;21894.25;21890.25;21893.75;58
20250620 010500;21893.75;21893.75;21884.75;21885.5;65
20250620 010600;21883.75;21883.75;21875.5;21876.5;218
20250620 010700;21876.75;21880.25;21858;21864;337
20250620 010800;21863.5;21870.5;21861;21867.5;224
20250620 010900;21868.75;21871.25;21864.5;21870;88
20250620 011000;21869.75;21871;21861.75;21861.75;133
20250620 011100;21862.75;21863.5;21847;21854;330
20250620 011200;21856;21861.25;21854;21856.25;198
20250620 011300;21855.75;21862.75;21854.75;21857.5;97
20250620 011400;21860;21862.25;21855.75;21857.25;79
20250620 011500;21857.25;21860.25;21855.75;21860;46
20250620 011600;21858.25;21866.5;21858;21864.75;133
20250620 011700;21864.75;21874.25;21864.25;21874;194
20250620 011800;21874.25;21880;21872.75;21878.25;147
20250620 011900;21879;21880.75;21875.75;21880.75;83
20250620 012000;21880.75;21882.5;21879.5;21882;87
20250620 012100;21882.25;21885;21875.5;21875.75;174
20250620 012200;21877;21879.75;21874.75;21877.75;76
20250620 012300;21878;21878.5;21875;21876.25;36
20250620 012400;21876.25;21879.25;21872;21879.25;79
20250620 012500;21879;21880.25;21872;21872;65
20250620 012600;21872.25;21878;21870.25;21877.75;57
20250620 012700;21877.75;21880.75;21876;21880.5;54
20250620 012800;21880.25;21880.75;21870.5;21870.5;143
20250620 012900;21870;21873.75;21864.25;21870.75;127
20250620 013000;21871;21872.5;21868.5;21868.5;26
20250620 013100;21869.5;21873;21867.5;21871;60
20250620 013200;21870.5;21873.75;21866;21869.5;152
20250620 013300;21869.25;21873.5;21869;21869.25;47
20250620 013400;21870.5;21873.25;21867.75;21869.25;67
20250620 013500;21869.75;21870;21856.5;21862.5;219
20250620 013600;21862.25;21862.5;21854.25;21857.25;129
20250620 013700;21857.25;21862.75;21850;21850.75;189
20250620 013800;21850.5;21858.25;21849;21855.75;119
20250620 013900;21856.75;21867;21856.75;21862.5;105
20250620 014000;21861.75;21865.75;21861;21865;49
20250620 014100;21865;21872.5;21862.25;21867.75;194
20250620 014200;21868.25;21868.25;21864;21866;36
20250620 014300;21867.25;21876;21866.75;21874;85
20250620 014400;21874.5;21876;21872;21874.75;55
20250620 014500;21874.75;21878;21866.5;21866.5;112
20250620 014600;21868;21875.75;21865.5;21871.25;109
20250620 014700;21869.25;21871.25;21862.75;21868.75;79
20250620 014800;21869;21872.75;21868.5;21871;61
20250620 014900;21871.75;21873;21867.75;21868.75;44
20250620 015000;21868.75;21869.25;21863.25;21863.25;48
20250620 015100;21865.25;21868.25;21864.5;21867.5;28
20250620 015200;21867.5;21872;21864.5;21871.25;90
20250620 015300;21872;21877.5;21871.5;21877.5;131
20250620 015400;21877.25;21877.25;21869.75;21869.75;80
20250620 015500;21870.25;21872.5;21870.25;21871.25;16
20250620 015600;21871.25;21881.5;21871.25;21878.5;108
20250620 015700;21879.25;21882.25;21876.75;21877;46
20250620 015800;21877;21877.5;21872.75;21872.75;44
20250620 015900;21873.5;21874.75;21872;21873.75;51
20250620 020000;21874.5;21875.75;21874;21875.5;25
20250620 020100;21875.75;21878;21874.75;21875;32
20250620 020200;21875;21876.25;21872.5;21873.75;29
20250620 020300;21872.75;21874;21870;21872;71
20250620 020400;21871.75;21875;21868;21874;80
20250620 020500;21873.75;21875.25;21873.5;21874.5;30
20250620 020600;21875.75;21882;21874.5;21882;41
20250620 020700;21880.75;21881;21875.25;21875.25;29
20250620 020800;21874.75;21878.75;21873.75;21878.5;35
20250620 020900;21878;21884;21878;21883.5;85
20250620 021000;21883.5;21883.5;21880;21882;32
20250620 021100;21882.75;21885.25;21880.25;21883.75;97
20250620 021200;21883.25;21883.75;21879.5;21883;27
20250620 021300;21881.5;21881.5;21876.5;21880.5;47
20250620 021400;21879.75;21880.5;21876.75;21877.75;23
20250620 021500;21877;21879.5;21876.75;21878.5;18
20250620 021600;21879;21879.25;21876.25;21878;21
20250620 021700;21879;21881.5;21878;21879.5;26
20250620 021800;21880;21880.75;21879;21879.75;24
20250620 021900;21880.5;21886.5;21879;21886.25;95
20250620 022000;21886.25;21887;21880;21881;59
20250620 022100;21880.75;21883;21879.5;21881;27
20250620 022200;21881.75;21882.5;21880;21881.75;44
20250620 022300;21882.25;21892.75;21882.25;21889;91
20250620 022400;21888.75;21890.5;21888.25;21888.75;42
20250620 022500;21888.25;21890.5;21888;21889.5;27
20250620 022600;21890;21892.75;21888.75;21890.25;81
20250620 022700;21889.5;21891.75;21889;21891.5;38
20250620 022800;21890.75;21890.75;21887.25;21889;29
20250620 022900;21889.25;21889.75;21886;21888.75;54
20250620 023000;21888.25;21890.75;21888.25;21888.25;38
20250620 023100;21888.75;21898.25;21888;21896;146
20250620 023200;21895.5;21896.75;21894;21895;68
20250620 023300;21895;21900;21895;21897.75;100
20250620 023400;21898;21902;21898;21901.25;100
20250620 023500;21900.25;21903.75;21900;21902;54
20250620 023600;21902.5;21904;21900.5;21901;63
20250620 023700;21901.5;21901.75;21899.75;21901.5;37
20250620 023800;21901.25;21901.25;21897.25;21899.5;70
20250620 023900;21900;21901.5;21898.25;21898.25;67
20250620 024000;21898;21900;21897.75;21900;30
20250620 024100;21899;21900;21896.75;21897;49
20250620 024200;21896.75;21896.75;21893.5;21894.25;43
20250620 024300;21894;21895.25;21891;21895.25;63
20250620 024400;21895.75;21896.75;21894.25;21895.75;16
20250620 024500;21894.5;21897;21893.5;21893.5;62
20250620 024600;21893.75;21894.25;21893;21893.75;13
20250620 024700;21892.75;21894.75;21892;21892;50
20250620 024800;21891.25;21891.5;21888.75;21891;51
20250620 024900;21891.25;21894;21891.25;21893.5;27
20250620 025000;21893;21898.5;21892.5;21896.75;88
20250620 025100;21896;21898.5;21895.75;21898.5;28
20250620 025200;21898.25;21898.25;21893.75;21895.25;39
20250620 025300;21895.5;21897.25;21894.75;21894.75;20
20250620 025400;21894.5;21896.5;21894.5;21896.25;14
20250620 025500;21897;21897.75;21895;21895;24
20250620 025600;21894.75;21895.5;21894.5;21894.75;14
20250620 025700;21894;21894;21891;21891.25;43
20250620 025800;21891.25;21892.25;21889;21892;92
20250620 025900;21892.5;21895.25;21892;21892;38
20250620 030000;21892;21893;21890.5;21892.75;13
20250620 030100;21893;21893;21890.25;21892.25;53
20250620 030200;21891.5;21892.75;21891;21891;16
20250620 030300;21893;21894;21890.5;21890.5;25
20250620 030400;21891.5;21891.5;21883;21886.5;121
20250620 030500;21886.75;21889.75;21886.5;21888.75;34
20250620 030600;21888.5;21888.75;21886;21887.25;17
20250620 030700;21887.75;21889.25;21885;21886;34
20250620 030800;21886;21889;21885.5;21887.75;34
20250620 030900;21887.25;21888.75;21886.75;21888.5;18
20250620 031000;21889.25;21890.75;21885.75;21885.75;34
20250620 031100;21886.25;21892;21886.25;21890.75;53
20250620 031200;21890.75;21891.75;21889.75;21889.75;16
20250620 031300;21889.75;21893.5;21889.75;21892.5;45
20250620 031400;21893;21894.75;21892.25;21893.5;34
20250620 031500;21892.75;21893.75;21892.75;21893.75;15
20250620 031600;21894;21895;21888;21890.5;57
20250620 031700;21890.5;21891.75;21883.75;21884.5;84
20250620 031800;21885;21890;21883.5;21890;64
20250620 031900;21891;21893.5;21890.5;21893.5;47
20250620 032000;21894;21899;21893.25;21895;147
20250620 032100;21894.75;21900.25;21894.75;21897.25;74
20250620 032200;21899;21900.25;21898.75;21899.25;29
20250620 032300;21898.75;21899.75;21897.25;21899;23
20250620 032400;21899.25;21908.5;21899.25;21903;146
20250620 032500;21903.75;21906.25;21897.75;21902.25;147
20250620 032600;21902.75;21908.5;21900.5;21905.25;151
20250620 032700;21906.25;21907.75;21904;21905.5;47
20250620 032800;21905.25;21906.75;21904;21905.5;38
20250620 032900;21904.5;21905.5;21903;21903.75;47
20250620 033000;21904.25;21906;21904.25;21906;16
20250620 033100;21905.75;21907.5;21903.75;21905.25;61
20250620 033200;21905;21907.75;21904.5;21907.75;26
20250620 033300;21907.25;21907.25;21902;21903.25;46
20250620 033400;21904;21912;21903;21907.75;118
20250620 033500;21907.75;21909.25;21904.75;21905;49
20250620 033600;21905;21907;21903.5;21907;41
20250620 033700;21907.25;21910;21907.25;21907.75;46
20250620 033800;21907.5;21910;21906.5;21908.25;49
20250620 033900;21908.5;21912.25;21908.5;21908.75;80
20250620 034000;21909.25;21910;21907.5;21907.5;59
20250620 034100;21908.25;21910.5;21907.5;21909.25;34
20250620 034200;21909.25;21909.25;21906.5;21907.5;32
20250620 034300;21906.5;21907.5;21905.5;21906.25;26
20250620 034400;21905.75;21908;21903.5;21904.75;69
20250620 034500;21905.5;21908;21903.75;21905;116
20250620 034600;21905.5;21909.25;21905;21909.25;224
20250620 034700;21908.75;21910.5;21908.25;21909.75;73
20250620 034800;21909.75;21911.75;21909;21909.25;28
20250620 034900;21909.75;21910.25;21908.25;21908.25;20
20250620 035000;21909.5;21910.75;21907.75;21910.25;30
20250620 035100;21910.25;21910.75;21908.75;21908.75;33
20250620 035200;21909.25;21910.75;21904.75;21906.5;46
20250620 035300;21906;21907.25;21903;21903;40
20250620 035400;21902.5;21903.75;21901.5;21902.5;50
20250620 035500;21902.75;21905.75;21902.75;21903.75;36
20250620 035600;21904.75;21906;21904;21905.75;31
20250620 035700;21904.5;21904.5;21901.75;21902.75;23
20250620 035800;21903.25;21903.25;21900.25;21902;26
20250620 035900;21901.75;21902;21897.25;21899.5;107
20250620 040000;21899.25;21900.75;21899;21900.75;24
20250620 040100;21900.25;21903.5;21899.5;21902;56
20250620 040200;21902;21904.5;21901;21902.5;35
20250620 040300;21903;21904.5;21902.5;21904.25;27
20250620 040400;21903.75;21904;21902.25;21903.25;23
20250620 040500;21902.75;21903.25;21900;21900;23
20250620 040600;21899.25;21903.75;21899.25;21902.5;46
20250620 040700;21902.75;21902.75;21898.5;21901;34
20250620 040800;21901.25;21903.75;21900.25;21900.25;49
20250620 040900;21901;21901.75;21899.5;21900.5;29
20250620 041000;21901;21901.25;21899.5;21901.25;30
20250620 041100;21900.5;21902;21898;21900;41
20250620 041200;21899.75;21900;21895.75;21896.25;50
20250620 041300;21896.5;21898.5;21896.5;21898;27
20250620 041400;21897.75;21898.5;21894.75;21895.5;34
20250620 041500;21896;21897.5;21895;21896.5;32
20250620 041600;21897;21899.75;21895.5;21899.75;55
20250620 041700;21899.5;21903.25;21899.25;21902;45
20250620 041800;21902.75;21908.25;21902.75;21905.25;119
20250620 041900;21904.75;21907.25;21902.25;21902.25;34
20250620 042000;21902;21904;21902;21903.25;20
20250620 042100;21904.25;21906;21903.5;21903.5;30
20250620 042200;21902.5;21903.75;21900.75;21901.75;39
20250620 042300;21903;21903;21902;21902;12
20250620 042400;21902;21903.5;21901;21902.75;29
20250620 042500;21903.5;21905.25;21903.5;21905.25;14
20250620 042600;21905.25;21906.25;21902.75;21905.75;40
20250620 042700;21905.75;21906;21904;21904;19
20250620 042800;21904.5;21905.5;21904.5;21905.5;19
20250620 042900;21905;21905;21903.5;21904.5;14
20250620 043000;21904.25;21905.75;21902.75;21904.75;19
20250620 043100;21904.5;21906.25;21903.5;21903.5;25
20250620 043200;21904;21905;21903.25;21905;34
20250620 043300;21904.75;21905.25;21904.25;21905.25;13
20250620 043400;21905.75;21906.25;21905.5;21906.25;6
20250620 043500;21906.25;21908;21905;21906;46
20250620 043600;21906.25;21910.25;21905.5;21908.25;45
20250620 043700;21908.5;21908.5;21907.25;21907.5;18
20250620 043800;21907.5;21909;21907.5;21908.75;15
20250620 043900;21907.75;21909.5;21907.75;21907.75;19
20250620 044000;21907.5;21909;21906;21908.5;29
20250620 044100;21908.25;21908.25;21907;21907.75;12
20250620 044200;21908;21908;21906;21906.5;21
20250620 044300;21906.25;21906.25;21905.5;21906;16
20250620 044400;21906.5;21907.25;21905.75;21906.25;9
20250620 044500;21907;21910;21906.25;21909.25;28
20250620 044600;21908.75;21909.25;21908;21908;9
20250620 044700;21909.5;21912.25;21909.25;21909.5;75
20250620 044800;21910;21910.5;21909;21909.75;19
20250620 044900;21910.25;21910.75;21909.25;21910.25;18
20250620 045000;21909.25;21913.5;21908.75;21912.5;55
20250620 045100;21913;21918.25;21912.5;21913;85
20250620 045200;21913;21915.25;21912.25;21915.25;49
20250620 045300;21916.25;21923.25;21915.75;21917.25;148
20250620 045400;21918;21918.5;21916;21916.25;24
20250620 045500;21916.75;21919;21916.75;21918;27
20250620 045600;21917.75;21918;21914.5;21915.25;47
20250620 045700;21914.5;21918;21914.5;21917.25;45
20250620 045800;21917;21917.75;21916.25;21916.75;21
20250620 045900;21917.25;21917.25;21911.5;21912;44
20250620 050000;21912.5;21912.5;21907.25;21909.75;86
20250620 050100;21908;21910.25;21905.75;21910;57
20250620 050200;21910.25;21911.5;21906.25;21906.5;53
20250620 050300;21906.75;21906.75;21902.5;21904;124
20250620 050400;21905.25;21905.25;21903.25;21903.75;20
20250620 050500;21904.5;21905.25;21902.25;21904.75;56
20250620 050600;21903.75;21903.75;21901.75;21902;44
20250620 050700;21902;21902.5;21900;21902;58
20250620 050800;21902.5;21908.75;21902.5;21907;71
20250620 050900;21907;21909;21904.75;21904.75;35
20250620 051000;21904.75;21905.75;21903;21904.5;32
20250620 051100;21905.75;21907;21903;21903;39
20250620 051200;21903;21904.75;21900.5;21901.75;52
20250620 051300;21900.25;21900.25;21895.25;21897;102
20250620 051400;21896.25;21898.5;21896;21896.25;47
20250620 051500;21896.75;21897.75;21895.5;21896.25;30
20250620 051600;21896.75;21897.5;21894;21896;50
20250620 051700;21896;21897.25;21894.5;21896.25;43
20250620 051800;21897;21899;21896.25;21898.75;26
20250620 051900;21898.75;21902;21897;21898;47
20250620 052000;21898;21898;21895.25;21897.25;44
20250620 052100;21897.5;21899;21896.75;21899;21
20250620 052200;21900;21903;21896.75;21898.25;75
20250620 052300;21897;21898;21894.75;21897.5;68
20250620 052400;21898.25;21900.25;21897.5;21897.5;29
20250620 052500;21898;21899.25;21898;21899.25;41
20250620 052600;21899.5;21899.5;21897.25;21897.25;31
20250620 052700;21896.5;21897.75;21893.5;21897.75;49
20250620 052800;21898.5;21898.5;21894;21895.25;50
20250620 052900;21894.25;21894.25;21890.75;21891.75;76
20250620 053000;21891.25;21895.25;21891;21895.25;47
20250620 053100;21895.75;21901;21895;21896.75;80
20250620 053200;21897.5;21898;21893.75;21896.5;64
20250620 053300;21896.75;21898.5;21895;21898;40
20250620 053400;21898.25;21898.75;21894.25;21895.5;42
20250620 053500;21895.75;21896.75;21890;21894.25;62
20250620 053600;21894.5;21895.5;21892.5;21892.75;32
20250620 053700;21893;21897.5;21893;21895.25;97
20250620 053800;21895.5;21897;21895;21896.5;28
20250620 053900;21895.75;21898;21895.75;21896;38
20250620 054000;21897;21897.75;21894;21894.75;30
20250620 054100;21895;21896;21893.5;21895.75;34
20250620 054200;21895;21896.75;21894.25;21896.25;34
20250620 054300;21896.5;21898.25;21896;21896;56
20250620 054400;21895.5;21903.5;21894.5;21899.25;130
20250620 054500;21900;21901.75;21899.5;21900.5;41
20250620 054600;21900.75;21905;21900;21902.25;71
20250620 054700;21902.5;21902.75;21901.5;21901.5;29
20250620 054800;21901.5;21902.5;21901;21902.5;26
20250620 054900;21902.5;21904;21902;21902.75;15
20250620 055000;21903.25;21908.5;21902.75;21907;66
20250620 055100;21907;21910.5;21906.75;21908.5;72
20250620 055200;21908.75;21911.75;21908.25;21911;49
20250620 055300;21911.5;21922.75;21911.5;21914.25;277
20250620 055400;21914.5;21914.5;21910;21914.25;53
20250620 055500;21915.5;21919.75;21915;21917;40
20250620 055600;21917;21918.5;21916;21918.25;28
20250620 055700;21919;21923.75;21917.25;21920.5;122
20250620 055800;21921.5;21922.5;21920.25;21921.5;56
20250620 055900;21920.5;21923;21920.5;21921.75;43
20250620 060000;21921.5;21922.75;21920.75;21922.75;45
20250620 060100;21922.75;21928;21922.75;21925.25;215
20250620 060200;21925.75;21929.5;21922.25;21927;169
20250620 060300;21926;21927.25;21916.75;21920.25;181
20250620 060400;21920.5;21921.25;21913.75;21918.25;152
20250620 060500;21919.25;21927.25;21918.75;21925.75;127
20250620 060600;21927;21934.5;21925;21929;272
20250620 060700;21929.75;21932.75;21929;21929;65
20250620 060800;21929.5;21933.25;21927.25;21932.25;104
20250620 060900;21932.75;21934.5;21927.25;21928.5;75
20250620 061000;21928.25;21933;21928;21932.5;93
20250620 061100;21933;21934.25;21928.5;21929.25;64
20250620 061200;21930.25;21931;21926.25;21930.75;74
20250620 061300;21931;21931.75;21929.75;21931.25;33
20250620 061400;21931.25;21932.25;21929.75;21931.25;23
20250620 061500;21931.5;21933.5;21929;21932.75;42
20250620 061600;21933.5;21934;21929.5;21929.75;56
20250620 061700;21929.5;21932.5;21929;21930;87
20250620 061800;21931;21934.25;21930;21933;86
20250620 061900;21932.75;21934.5;21930.5;21930.5;40
20250620 062000;21931;21931.75;21924.5;21927.5;122
20250620 062100;21928.5;21932.25;21926.75;21931.75;113
20250620 062200;21933;21938;21931.5;21937.75;163
20250620 062300;21937.5;21941;21936.25;21937.5;104
20250620 062400;21937.75;21938.75;21936.25;21938.25;73
20250620 062500;21938.75;21939.5;21935.5;21937.5;81
20250620 062600;21937;21944.75;21936.5;21940.25;190
20250620 062700;21940.5;21942;21937.25;21941.5;173
20250620 062800;21943;21943.5;21940;21942.5;90
20250620 062900;21942.5;21943.25;21935.75;21936.25;71
20250620 063000;21936.5;21937.5;21932.25;21934.75;145
20250620 063100;21933.75;21934.5;21926.25;21927;110
20250620 063200;21927.25;21930.25;21923.75;21924.5;113
20250620 063300;21924.25;21931.5;21924;21928;74
20250620 063400;21927.5;21928;21923.25;21923.75;82
20250620 063500;21923;21926;21921;21923.25;79
20250620 063600;21922.25;21923.75;21919.75;21923.75;109
20250620 063700;21923.25;21924;21921.25;21923.25;31
20250620 063800;21923;21925;21922.75;21924.25;34
20250620 063900;21924.5;21924.75;21922;21922;30
20250620 064000;21922.75;21925;21918.5;21918.75;43
20250620 064100;21919.25;21922.25;21919.25;21920.25;97
20250620 064200;21919;21919;21915.75;21917.5;98
20250620 064300;21918;21920.5;21916.5;21916.5;56
20250620 064400;21915.75;21924.5;21915.75;21921.5;81
20250620 064500;21921.75;21924.5;21919.75;21921.75;58
20250620 064600;21920.25;21921;21916.5;21916.5;58
20250620 064700;21915.75;21916;21910.5;21911.5;141
20250620 064800;21912.25;21914;21912;21913.25;42
20250620 064900;21913.75;21913.75;21903.25;21907.25;142
20250620 065000;21907.25;21907.75;21901.75;21903.5;115
20250620 065100;21904;21904.25;21898;21900;136
20250620 065200;21899.5;21905.75;21899.5;21903.75;44
20250620 065300;21903;21904;21901.5;21903.5;41
20250620 065400;21902.5;21905;21902;21905;56
20250620 065500;21905.5;21909.25;21904.75;21906.75;75
20250620 065600;21907;21908.5;21903.25;21904.5;64
20250620 065700;21904.5;21905.75;21902.5;21903;51
20250620 065800;21903.25;21911.5;21902.25;21911.25;66
20250620 065900;21911.5;21912.25;21908.25;21909.5;102
20250620 070000;21908.5;21913.75;21906.25;21906.5;125
20250620 070100;21906.75;21911.25;21900;21903.75;199
20250620 070200;21904.25;21908.5;21901;21908.25;105
20250620 070300;21909;21909;21898.75;21903.75;81
20250620 070400;21903;21907.75;21901.5;21903;63
20250620 070500;21902.5;21903;21895.25;21896.5;94
20250620 070600;21896;21897.5;21893;21895.25;120
20250620 070700;21895.75;21900.5;21892.5;21900.25;119
20250620 070800;21900;21904;21897.5;21902.75;78
20250620 070900;21902.5;21904;21899.75;21902.75;84
20250620 071000;21902.25;21903;21898.75;21902.25;64
20250620 071100;21901.25;21904.5;21899.25;21900.75;82
20250620 071200;21900.75;21901.75;21895.25;21900.5;106
20250620 071300;21900;21902.5;21898.25;21900;115
20250620 071400;21901.25;21906;21901.25;21904.5;83
20250620 071500;21903.75;21905.25;21900;21900.5;67
20250620 071600;21900.5;21903;21897.75;21899.25;68
20250620 071700;21898.5;21908;21897.5;21904;113
20250620 071800;21903.75;21908.5;21902;21908.5;37
20250620 071900;21908.25;21911;21905;21906.75;112
20250620 072000;21906;21909.75;21902.75;21908.5;89
20250620 072100;21908.5;21910.5;21907.5;21908.5;56
20250620 072200;21908.5;21913.5;21908.5;21912;84
20250620 072300;21912;21914.5;21910.25;21913.5;41
20250620 072400;21914;21920;21914;21916.5;104
20250620 072500;21917;21917;21912.25;21913.25;64
20250620 072600;21913;21913.75;21909;21912.5;61
20250620 072700;21912.25;21915.75;21911.25;21913.5;50
20250620 072800;21914;21917.75;21914;21916.5;45
20250620 072900;21917;21920;21915.75;21918.75;41
20250620 073000;21919;21919.25;21914.5;21914.5;50
20250620 073100;21914.25;21917;21913.5;21916;26
20250620 073200;21916;21922.5;21915.25;21921;103
20250620 073300;21921.75;21922.25;21919;21919.75;62
20250620 073400;21919.5;21919.75;21912.5;21915;54
20250620 073500;21915;21915.5;21909.25;21910.25;43
20250620 073600;21910.5;21910.75;21906.5;21906.75;59
20250620 073700;21906.75;21910.5;21906.75;21909.5;37
20250620 073800;21911;21917.75;21911;21912;48
20250620 073900;21912.5;21914.75;21911.5;21911.5;36
20250620 074000;21911.5;21915;21911.5;21911.75;35
20250620 074100;21911.5;21912;21906;21908;65
20250620 074200;21908;21914;21907.5;21910.5;39
20250620 074300;21911;21911.75;21909.5;21910;16
20250620 074400;21912;21916;21911.75;21913.25;32
20250620 074500;21912.25;21913;21910;21913;24
20250620 074600;21913.75;21913.75;21907.5;21907.5;32
20250620 074700;21908.75;21911;21908;21910.5;43
20250620 074800;21911.75;21914.75;21911;21913;59
20250620 074900;21913.5;21916;21912.5;21913.75;34
20250620 075000;21914.25;21925;21912.5;21920.75;207
20250620 075100;21921;21925;21918.5;21924;108
20250620 075200;21924.25;21932;21924.25;21930.75;135
20250620 075300;21930.5;21931.25;21928.5;21929.5;56
20250620 075400;21929.5;21929.75;21924.5;21924.75;40
20250620 075500;21926.25;21928;21922.75;21922.75;70
20250620 075600;21922.5;21925;21922.25;21923.25;45
20250620 075700;21923.75;21925;21923.75;21924;26
20250620 075800;21923.5;21924.5;21921.5;21922.25;25
20250620 075900;21922.5;21927.5;21922;21926.75;58
20250620 080000;21927;21929.75;21923.75;21924.75;75
20250620 080100;21925;21933.5;21924.25;21931;271
20250620 080200;21930.5;21940;21930.5;21937.75;246
20250620 080300;21937.75;21939;21923.5;21925.75;372
20250620 080400;21925;21927;21919;21919.75;205
20250620 080500;21920.5;21934;21918.75;21928.75;206
20250620 080600;21929.25;21934.75;21929.25;21932.75;86
20250620 080700;21932.5;21938.75;21930.25;21938.75;213
20250620 080800;21938.25;21942.5;21932.5;21935.75;213
20250620 080900;21935;21937;21931;21937;55
20250620 081000;21935.5;21939;21935;21938;56
20250620 081100;21937.75;21948.25;21937.5;21947;273
20250620 081200;21947.5;21948.75;21942.75;21944.75;144
20250620 081300;21946;21946.5;21942;21945.25;77
20250620 081400;21944.5;21949.25;21944.25;21947.5;101
20250620 081500;21946.25;21946.25;21940;21942;95
20250620 081600;21941.25;21946.25;21941;21943.75;92
20250620 081700;21944.75;21944.75;21939.5;21940.75;40
20250620 081800;21939.75;21940.5;21936.75;21938.25;59
20250620 081900;21938.5;21939.75;21928.75;21930.5;132
20250620 082000;21931.25;21933;21926.5;21927;107
20250620 082100;21926.5;21928.75;21926;21927.25;95
20250620 082200;21927.5;21929;21922.5;21922.5;99
20250620 082300;21922.75;21925.25;21920.75;21924.25;77
20250620 082400;21924.75;21926.75;21923.75;21923.75;45
20250620 082500;21923.75;21926.75;21923.75;21925.25;43
20250620 082600;21925.25;21926.25;21921.25;21921.25;82
20250620 082700;21920.5;21923.5;21918.25;21921.75;139
20250620 082800;21923;21923.25;21918;21918;50
20250620 082900;21918.25;21918.75;21912;21913.25;119
20250620 083000;21913;21915;21910.75;21915;53
20250620 083100;21915;21915;21906.5;21909;139
20250620 083200;21908.5;21913.5;21903.5;21910.75;189
20250620 083300;21910.25;21911.75;21908.25;21911;83
20250620 083400;21910.75;21911.75;21907.25;21908.75;61
20250620 083500;21907.75;21908.75;21906;21906;70
20250620 083600;21907;21912.5;21905.25;21911.5;80
20250620 083700;21913.25;21913.75;21903.75;21906.75;149
20250620 083800;21906.5;21908.25;21905;21908.25;69
20250620 083900;21907.75;21909.5;21905;21905;52
20250620 084000;21905.5;21905.75;21900.5;21901;111
20250620 084100;21900.75;21902.25;21894;21895.5;183
20250620 084200;21895.25;21903.25;21893.25;21901;123
20250620 084300;21900.25;21901;21896.5;21897.75;37
20250620 084400;21898;21901.5;21897.75;21897.75;55
20250620 084500;21897.75;21897.75;21891.5;21893;119
20250620 084600;21892.5;21893;21887.5;21893;115
20250620 084700;21893.25;21894.25;21888.5;21888.75;71
20250620 084800;21888;21889.75;21885;21886.75;85
20250620 084900;21887.5;21890.5;21886.75;21890.5;65
20250620 085000;21890.75;21893.75;21883.25;21886.25;92
20250620 085100;21885.25;21885.25;21870;21874.25;337
20250620 085200;21873.5;21873.5;21866;21871;282
20250620 085300;21871.25;21871.5;21868;21869;89
20250620 085400;21868.75;21877.5;21867.5;21877.5;130
20250620 085500;21877;21880;21873.5;21875.75;112
20250620 085600;21876.5;21877;21871.5;21871.75;85
20250620 085700;21871.75;21872.75;21865;21867.75;118
20250620 085800;21868.5;21868.5;21862.25;21865;121
20250620 085900;21866.5;21867.25;21862.25;21862.5;64
20250620 090000;21862.5;21866.75;21859;21865;246
20250620 090100;21865.75;21875.25;21863.75;21871;248
20250620 090200;21869.5;21873.5;21864.25;21873;81
20250620 090300;21874.25;21874.25;21869;21870.25;133
20250620 090400;21869;21875;21867;21874.5;94
20250620 090500;21873.5;21874;21867;21869.5;90
20250620 090600;21868.5;21873.25;21868;21872;57
20250620 090700;21871.25;21873;21870.25;21872.5;52
20250620 090800;21872.75;21876.75;21871.5;21874.75;76
20250620 090900;21873.75;21878.25;21872.25;21878.25;61
20250620 091000;21878;21887.5;21878;21887;288
20250620 091100;21887;21887.5;21883.25;21884.75;107
20250620 091200;21884.25;21885.75;21881.5;21885.75;63
20250620 091300;21885.75;21887.75;21883.25;21887.75;78
20250620 091400;21886.5;21893.5;21886.25;21891.75;115
20250620 091500;21892.25;21893.25;21887.5;21893.25;98
20250620 091600;21893;21897;21892.5;21896.75;193
20250620 091700;21895.75;21899;21894.5;21897.5;133
20250620 091800;21898.25;21902.5;21896.75;21901.25;116
20250620 091900;21901.25;21901.75;21897.5;21898.75;67
20250620 092000;21899.25;21901.5;21895.5;21896.75;84
20250620 092100;21897.25;21900.5;21895;21895.5;110
20250620 092200;21895.5;21898.5;21895;21897.25;43
20250620 092300;21898;21899.5;21895.75;21896.5;40
20250620 092400;21896.25;21897.5;21894.25;21895.5;52
20250620 092500;21896;21896.5;21893.25;21894.75;36
20250620 092600;21895.75;21896.25;21886.75;21888.75;107
20250620 092700;21890.25;21890.25;21885.25;21889.25;71
20250620 092800;21888.25;21893.75;21887.5;21890.25;53
20250620 092900;21889.5;21889.5;21886.25;21888.25;45
20250620 093000;21888;21890;21886.25;21886.25;64
20250620 093100;21885.75;21891.25;21883.75;21889.25;117
20250620 093200;21889.25;21889.25;21880;21880.25;72
20250620 093300;21880.5;21885;21878.75;21879.5;80
20250620 093400;21881;21884.25;21880;21884;42
20250620 093500;21883.75;21884.5;21880;21880.25;54
20250620 093600;21880.5;21884;21879;21880.25;46
20250620 093700;21879.5;21881.5;21878.5;21881.5;29
20250620 093800;21880;21881;21877.75;21879.75;39
20250620 093900;21879.75;21882.75;21879.5;21880.25;28
20250620 094000;21882.5;21883.5;21880;21881.75;38
20250620 094100;21882.75;21887.75;21882.75;21885.25;79
20250620 094200;21884.5;21885.75;21882;21882;35
20250620 094300;21882;21887;21882;21885.25;57
20250620 094400;21885;21888.25;21883;21888.25;57
20250620 094500;21888.75;21892;21887.75;21891;63
20250620 094600;21892.25;21892.5;21883.75;21885.25;76
20250620 094700;21885;21887;21884;21886.75;27
20250620 094800;21887;21889.75;21885;21888;60
20250620 094900;21889;21893.5;21889;21892.25;39
20250620 095000;21892.25;21892.5;21887.75;21890.75;44
20250620 095100;21890;21897.5;21884.5;21897.5;175
20250620 095200;21898;21902.75;21895.75;21902.5;86
20250620 095300;21901.25;21906.25;21900.75;21905.5;127
20250620 095400;21905.25;21905.25;21900.25;21901;56
20250620 095500;21901.5;21901.75;21898.75;21900.5;54
20250620 095600;21900.5;21904;21900;21900.5;65
20250620 095700;21901.25;21903.75;21900;21902.25;89
20250620 095800;21901.5;21905.75;21901.25;21902.25;84
20250620 095900;21902.25;21907.5;21902;21907;89
20250620 100000;21906;21907;21898.5;21900;123
20250620 100100;21899.5;21904.75;21898.75;21901.75;111
20250620 100200;21902.25;21905;21901.75;21903.75;62
20250620 100300;21904;21909.25;21904;21907.75;57
20250620 100400;21907.25;21909.25;21899.5;21899.75;67
20250620 100500;21899.25;21899.25;21895;21898.5;79
20250620 100600;21899;21899;21893;21894;46
20250620 100700;21894;21896.25;21892;21895.75;47
20250620 100800;21896.25;21901.5;21896.25;21900.5;54
20250620 100900;21898.75;21898.75;21895;21896;42
20250620 101000;21896.5;21899.25;21895;21895.75;69
20250620 101100;21895.5;21901.25;21893.25;21899.25;71
20250620 101200;21899.5;21903;21897.5;21900;61
20250620 101300;21900.5;21902;21898;21900.75;25
20250620 101400;21901.25;21901.5;21897.5;21898.5;25
20250620 101500;21898.5;21899.25;21892.75;21893.5;32
20250620 101600;21892.75;21893.5;21885.5;21885.75;123
20250620 101700;21886;21887.25;21883.25;21885;108
20250620 101800;21885.5;21887.5;21883.75;21886;40
20250620 101900;21886;21889.75;21885.25;21887;50
20250620 102000;21887.25;21889.25;21887.25;21889.25;20
20250620 102100;21889.75;21891.25;21886.75;21888;34
20250620 102200;21887.75;21887.75;21884;21885.25;49
20250620 102300;21884;21885.75;21883;21885.5;49
20250620 102400;21884.25;21892;21884.25;21892;52
20250620 102500;21890.25;21890.25;21887;21887.5;18
20250620 102600;21886.75;21888.75;21886.25;21886.25;50
20250620 102700;21885.75;21887.25;21885;21887.25;43
20250620 102800;21886.75;21889.25;21886.25;21889.25;12
20250620 102900;21888.75;21891.25;21888;21891;42
20250620 103000;21890.75;21890.75;21886.75;21887.25;40
20250620 103100;21887.5;21888.5;21883;21886.25;91
20250620 103200;21886.5;21896.25;21885;21896.25;74
20250620 103300;21896;21898.25;21892.75;21892.75;101
20250620 103400;21893;21896.25;21891;21894.5;70
20250620 103500;21895.25;21898;21893.5;21897.25;46
20250620 103600;21897.5;21904.75;21897.25;21900;134
20250620 103700;21900.25;21903.75;21895.25;21900.5;103
20250620 103800;21900.5;21907;21898.5;21906;92
20250620 103900;21905.75;21906.25;21898.75;21906.25;82
20250620 104000;21906;21907;21903;21904.75;64
20250620 104100;21903.25;21903.75;21898.25;21900;60
20250620 104200;21900.75;21902.25;21898.75;21899.5;24
20250620 104300;21900;21902.25;21898.75;21899.5;37
20250620 104400;21898.5;21900.5;21898.5;21899.5;41
20250620 104500;21898.75;21901;21898.5;21900.25;31
20250620 104600;21900.25;21901.5;21898.5;21900;56
20250620 104700;21899;21902.5;21897.5;21901;64
20250620 104800;21900.75;21904.5;21899;21901.5;37
20250620 104900;21902;21903.25;21898.75;21903.25;42
20250620 105000;21903.5;21906.25;21901;21902.5;261
20250620 105100;21901.5;21901.5;21894.75;21894.75;62
20250620 105200;21895;21896.5;21892.5;21893.25;96
20250620 105300;21892.5;21896.75;21889.5;21896.5;91
20250620 105400;21897.5;21897.75;21893.5;21897;64
20250620 105500;21897.5;21905;21897.5;21905;63
20250620 105600;21905.75;21911.25;21901.5;21907.5;396
20250620 105700;21907.5;21907.5;21901.5;21902.75;56
20250620 105800;21903.5;21903.75;21899.75;21903.75;56
20250620 105900;21903.25;21904.75;21900;21900.75;48
20250620 110000;21900.5;21902.25;21898.25;21898.75;115
20250620 110100;21898.75;21903.5;21895.75;21903.5;203
20250620 110200;21903.5;21907.5;21900.5;21903.75;191
20250620 110300;21904;21904;21898;21900.5;161
20250620 110400;21900.5;21906.5;21900;21905;114
20250620 110500;21906;21908.5;21903.5;21907;160
20250620 110600;21908;21915;21905;21906.75;331
20250620 110700;21906.5;21915.5;21905;21911;213
20250620 110800;21911.75;21912.5;21909;21911.5;150
20250620 110900;21910.5;21918.75;21909.75;21916;169
20250620 111000;21915;21915.5;21911;21914.25;135
20250620 111100;21914.25;21916;21913;21913.75;50
20250620 111200;21913.75;21915.25;21911.75;21915;87
20250620 111300;21915;21915.25;21911.25;21913.5;100
20250620 111400;21914;21914;21907.75;21909;106
20250620 111500;21908.5;21909;21905.5;21906;124
20250620 111600;21906.5;21912.25;21905.75;21909.25;121
20250620 111700;21909.25;21909.5;21904;21905.25;169
20250620 111800;21905.5;21908.75;21903;21908;134
20250620 111900;21907.75;21917.75;21907.25;21916.75;134
20250620 112000;21916.5;21918.25;21907.5;21911;128
20250620 112100;21911.75;21919;21911.75;21916.25;83
20250620 112200;21916.25;21917;21909.75;21911.5;74
20250620 112300;21910.75;21912.5;21907.25;21912.5;91
20250620 112400;21912;21913.5;21906.25;21911.25;67
20250620 112500;21911.25;21911.75;21905;21907.75;90
20250620 112600;21907.25;21909.75;21906.25;21906.75;46
20250620 112700;21907;21910.25;21905.75;21907.5;68
20250620 112800;21907.5;21911;21906;21907;45
20250620 112900;21906;21909;21906;21908.5;48
20250620 113000;21907.75;21908.25;21906.75;21907.5;21
20250620 113100;21908;21908;21902.75;21904;123
20250620 113200;21903.5;21908.25;21901.5;21908.25;87
20250620 113300;21909;21912.75;21906.75;21909.75;84
20250620 113400;21910;21914.25;21910;21914;53
20250620 113500;21914;21916.25;21911;21915.5;63
20250620 113600;21915.75;21918.5;21915.5;21916.5;67
20250620 113700;21917;21922.25;21915.25;21922.25;185
20250620 113800;21921.5;21928.75;21921.5;21927.5;221
20250620 113900;21927.75;21929.75;21925.25;21927.5;102
20250620 114000;21927.75;21929;21925.75;21926.5;75
20250620 114100;21927.75;21933;21927.75;21932.25;150
20250620 114200;21932.5;21935.5;21930.5;21932;181
20250620 114300;21933.25;21935.25;21932.5;21934.5;86
20250620 114400;21935.5;21936.5;21933.25;21934.5;78
20250620 114500;21934.25;21977.25;21934.25;21967.5;924
20250620 114600;21966.5;22003;21961;21966;1823
20250620 114700;21966.75;21995.75;21966;21976.25;565
20250620 114800;21977;21996;21977;21996;488
20250620 114900;21996.5;22006;21989;21992.5;583
20250620 115000;21992.75;21999.75;21989.25;21991.75;281
20250620 115100;21993.75;21996.75;21977.75;21982;433
20250620 115200;21982.25;21993;21977.25;21987;358
20250620 115300;21987.5;21994;21986;21991.25;223
20250620 115400;21992.75;21994.75;21986.75;21987.5;172
20250620 115500;21988;21993.75;21987.75;21987.75;155
20250620 115600;21988;21991.75;21982.5;21987.5;162
20250620 115700;21986.5;21989;21973;21975.75;230
20250620 115800;21976.75;21978;21966.75;21968.25;387
20250620 115900;21966.75;21971.25;21964;21971;151
20250620 120000;21972;21974;21966;21967.25;141
20250620 120100;21968;21976;21965.25;21971.75;274
20250620 120200;21973;21987.5;21972;21984.25;346
20250620 120300;21984.25;21986.25;21981.25;21985;168
20250620 120400;21985.25;21985.25;21978.5;21983;163
20250620 120500;21981.75;21986.5;21980.25;21985.75;142
20250620 120600;21985.25;21989.75;21980.5;21983.5;294
20250620 120700;21981;21991.25;21977.25;21991.25;358
20250620 120800;21991.25;21991.25;21979.25;21979.5;338
20250620 120900;21980.25;21980.75;21973;21975;193
20250620 121000;21975;21980;21971;21979.25;188
20250620 121100;21977.75;21982;21976.75;21979.5;114
20250620 121200;21980.25;21982.5;21977.25;21981;100
20250620 121300;21980.5;21988.5;21978.75;21985.75;160
20250620 121400;21987.25;21990;21985;21985.25;117
20250620 121500;21986.75;21987.25;21984;21984.75;81
20250620 121600;21983.5;21990;21983.5;21988.75;141
20250620 121700;21989.25;21990.75;21985.25;21989;106
20250620 121800;21987.75;21988.25;21980.5;21983.5;181
20250620 121900;21983.75;21985;21979.5;21985;98
20250620 122000;21985.5;21996.25;21985.5;21993.5;441
20250620 122100;21993;21996;21985;21995.25;342
20250620 122200;21995.75;21996;21991.75;21993;144
20250620 122300;21993;21993.25;21986;21987.25;182
20250620 122400;21986.75;21989;21982.25;21983.25;151
20250620 122500;21983.75;21984.5;21975.5;21976.75;383
20250620 122600;21976.25;21979;21972.5;21975.5;318
20250620 122700;21976.5;21977.25;21973.5;21974;103
20250620 122800;21974.25;21988;21974.25;21986.25;338
20250620 122900;21986.25;21989.25;21983.75;21987.25;180
20250620 123000;21986.25;21990.25;21985;21985;127
20250620 123100;21985.75;21989.25;21983.5;21986.5;255
20250620 123200;21986.75;21995.5;21985.25;21990.5;235
20250620 123300;21991;21992;21984.5;21987.5;134
20250620 123400;21988;22012;21982.75;21988;1435
20250620 123500;21989.25;22018.75;21988;22014.75;949
20250620 123600;22014.75;22016;21999.75;22003.75;604
20250620 123700;22004.75;22006.25;21996.25;21999.25;310
20250620 123800;22000;22009.25;21992.5;22006;352
20250620 123900;22005.75;22009;21999.25;22006.5;348
20250620 124000;22005.75;22011;22004.25;22008.75;155
20250620 124100;22008.75;22010.25;21997.5;22005;383
20250620 124200;22003.75;22011;22000;22002.25;250
20250620 124300;22000.25;22010.75;22000;22007.75;231
20250620 124400;22007;22013.75;22006.25;22013.5;230
20250620 124500;22013.25;22018.5;22009;22010;222
20250620 124600;22010;22018;22009.75;22015.5;192
20250620 124700;22015.75;22018.5;22011.75;22014;139
20250620 124800;22014;22020.5;22011.75;22018.25;208
20250620 124900;22018.75;22021.25;22017.75;22021;153
20250620 125000;22020.25;22023;22019;22019.25;232
20250620 125100;22019;22021.25;22018.5;22020.75;160
20250620 125200;22021;22029;22020.25;22027.75;437
20250620 125300;22027.75;22028.5;22023;22026;237
20250620 125400;22025.75;22027;22022.75;22026.5;180
20250620 125500;22026.25;22028.75;22026.25;22028;126
20250620 125600;22028;22042.25;22022.75;22026;1246
20250620 125700;22025.75;22033.5;22021.5;22033.25;486
20250620 125800;22032.5;22036.25;22030.5;22036;162
20250620 125900;22035.25;22035.25;22031.5;22033.25;156
20250620 130000;22033;22033.25;22027.5;22029.5;196
20250620 130100;22029.75;22039.75;22029.25;22035.5;636
20250620 130200;22036;22039.5;22034.5;22037.5;251
20250620 130300;22038;22042;22038;22039.5;213
20250620 130400;22038.5;22038.5;22028.75;22030.5;342
20250620 130500;22030.75;22035.5;22030;22033.75;151
20250620 130600;22034.25;22035.5;22031.5;22032;177
20250620 130700;22031.5;22032;22026.5;22030;164
20250620 130800;22030.5;22033.25;22027.25;22030.5;188
20250620 130900;22030.75;22034;22030.25;22032.5;146
20250620 131000;22032.75;22033.75;22028.75;22033;127
20250620 131100;22033.5;22038;22028.5;22029;357
20250620 131200;22029;22033.5;22026.75;22030.25;260
20250620 131300;22031.75;22032.25;22028.25;22030;131
20250620 131400;22029.75;22033.25;22028.75;22033;179
20250620 131500;22032.5;22034;22031.5;22033.5;131
20250620 131600;22033.5;22035;22030.25;22032;166
20250620 131700;22032;22033.5;22027.25;22028.25;248
20250620 131800;22028.25;22029.25;22025.5;22029;281
20250620 131900;22029.75;22035.75;22028.25;22035;291
20250620 132000;22035.5;22052;22035.5;22051;933
20250620 132100;22051.25;22052;22047.5;22051;274
20250620 132200;22051.5;22053.75;22051.25;22053.5;438
20250620 132300;22053.5;22061;22053.5;22059;622
20250620 132400;22059;22064.25;22057.5;22059;460
20250620 132500;22058.5;22060;22053.75;22056.75;516
20250620 132600;22057.25;22063.75;22043.75;22047.5;957
20250620 132700;22048.5;22060;22048.5;22056.25;694
20250620 132800;22057;22089.5;22057;22089.25;2104
20250620 132900;22089.75;22103;22084.75;22094;2046
20250620 133000;22094;22096.25;22070.75;22074.5;2401
20250620 133100;22074.75;22097.75;22040;22086.25;5212
20250620 133200;22086.5;22098;22059.5;22067;2731
20250620 133300;22067.25;22099.75;22066.5;22084.75;2083
20250620 133400;22084.25;22086.25;22067.75;22073.75;1375
20250620 133500;22075;22091.75;22068.5;22089.5;1323
20250620 133600;22089.75;22111;22083.25;22099;2815
20250620 133700;22099.25;22117.75;22096.25;22104;2014
20250620 133800;22104.5;22111;22096.25;22099.5;1395
20250620 133900;22099;22111.25;22098.5;22107;1387
20250620 134000;22107;22122.75;22106.5;22120.5;1689
20250620 134100;22121;22128.75;22116;22119.5;1617
20250620 134200;22119.75;22130.5;22117.75;22120.5;1328
20250620 134300;22120;22122.75;22109;22111.75;1850
20250620 134400;22111;22116.25;22099;22113.75;1581
20250620 134500;22114.5;22125.5;22111.75;22117.5;1113
20250620 134600;22117.75;22125;22093.25;22095.75;2013
20250620 134700;22095.5;22102.25;22088.75;22090.25;1691
20250620 134800;22089.75;22097.25;22086.5;22092.5;1010
20250620 134900;22093.5;22097.25;22070.5;22073.5;1887
20250620 135000;22073.5;22080.75;22063.75;22065.75;1507
20250620 135100;22065.75;22068;22042;22051.25;2929
20250620 135200;22052;22056.25;22040;22041.75;1663
20250620 135300;22041.25;22059.5;22038.75;22056;1903
20250620 135400;22056;22056.5;22032.5;22043.5;2140
20250620 135500;22040.5;22050.75;22035.25;22046;1495
20250620 135600;22046.5;22048.25;22033.75;22037.25;1125
20250620 135700;22036.5;22044.25;22030;22038.25;1213
20250620 135800;22038.75;22039.5;22025;22033;1518
20250620 135900;22032.75;22032.75;22021;22025.25;1103
20250620 140000;22025.25;22025.75;22010.5;22018;1598
20250620 140100;22018.25;22026.75;22006;22016.25;2380
20250620 140200;22015.5;22023.25;22001.75;22012.75;1491
20250620 140300;22011.75;22025;22008.5;22013.75;1438
20250620 140400;22014;22016.75;22003;22012.75;1277
20250620 140500;22012.25;22025;22011.25;22020.5;919
20250620 140600;22020.5;22030.25;22012.25;22013.75;1694
20250620 140700;22012.5;22012.5;21995.25;22000;2367
20250620 140800;22000;22001.5;21988.5;21992.5;1659
20250620 140900;21991.5;21994.25;21977;21983;2121
20250620 141000;21982.5;22001.25;21979.5;21994.25;1484
20250620 141100;21995.25;21998.25;21985.75;21992.5;1111
20250620 141200;21992.75;21995.5;21971.25;21981.25;1424
20250620 141300;21981.75;21992.25;21974.5;21990.25;1062
20250620 141400;21990.5;22004.25;21989.75;22000.5;1442
20250620 141500;22000.75;22001.75;21993;21996.5;894
20250620 141600;21996;22000.5;21985.25;21995;1380
20250620 141700;21994.5;21995;21974;21981;1229
20250620 141800;21980.5;21984.75;21968.5;21982;1209
20250620 141900;21982.25;22003;21978.75;22000.25;1560
20250620 142000;22000;22003.75;21992.75;21996;839
20250620 142100;21996;22001.75;21985.5;21998;1028
20250620 142200;21998.5;22000.5;21988.5;21990;685
20250620 142300;21990.75;21990.75;21970;21980.5;1508
20250620 142400;21980.5;21984.25;21951.75;21954;1843
20250620 142500;21954.75;21956.25;21913.25;21915.5;3393
20250620 142600;21915;21915;21888.5;21910.5;3552
20250620 142700;21909.75;21910.75;21890.75;21902;2225
20250620 142800;21902.5;21923.25;21896.75;21920.25;2277
20250620 142900;21921;21942.25;21918.75;21942;2235
20250620 143000;21941.25;21942.75;21926.5;21936.5;1391
20250620 143100;21936.75;21937.25;21918.25;21922.25;1579
20250620 143200;21921.25;21933.25;21916;21931.75;1009
20250620 143300;21931.75;21945.75;21931.25;21938.75;1424
20250620 143400;21938.75;21944;21933.5;21941.75;686
20250620 143500;21941;21942.5;21926;21927;950
20250620 143600;21928;21938.75;21924.75;21937;765
20250620 143700;21937;21947.5;21929.75;21940.25;1111
20250620 143800;21939.75;21956.5;21938;21953.5;906
20250620 143900;21954;21961;21952.5;21959.25;902
20250620 144000;21959;21960.25;21948.25;21949.25;858
20250620 144100;21948.5;21966;21906;21909.75;3942
20250620 144200;21909.5;21925;21885.25;21889.25;3596
20250620 144300;21889.75;21891.25;21866.75;21881;2681
20250620 144400;21880.75;21896.75;21872.5;21888.5;1503
20250620 144500;21888.25;21890.25;21869.5;21880.5;1408
20250620 144600;21880.25;21880.5;21849.5;21853;1991
20250620 144700;21852.25;21866.75;21842;21863.25;2040
20250620 144800;21862.75;21872.25;21852.5;21852.75;1751
20250620 144900;21852.5;21864.5;21840.5;21863;1840
20250620 145000;21863;21867.5;21850;21852.75;1199
20250620 145100;21852.25;21852.75;21821.25;21821.75;2934
20250620 145200;21821;21823;21804.5;21819.5;2882
20250620 145300;21818.5;21835;21817;21827.75;1688
20250620 145400;21827.25;21843;21821.5;21823.5;1707
20250620 145500;21822.75;21824.25;21799.5;21805.5;2088
20250620 145600;21805.75;21824.25;21801.5;21817.5;1581
20250620 145700;21817.5;21829.75;21813.5;21827.5;1269
20250620 145800;21827.25;21837;21819.75;21835;1145
20250620 145900;21834.5;21843.25;21826.25;21832.5;1307
20250620 150000;21832;21833.25;21816;21819.25;1137
20250620 150100;21818.5;21818.5;21778.25;21781.5;3618
20250620 150200;21782;21795;21776;21788.75;1708
20250620 150300;21787.25;21797.75;21776;21787.25;1222
20250620 150400;21787.75;21800;21781.25;21786.5;1220
20250620 150500;21786.75;21793.75;21777;21783.25;1274
20250620 150600;21784.25;21818.75;21778.5;21817.5;2032
20250620 150700;21817.25;21822.25;21801.5;21808;1392
20250620 150800;21807;21812.5;21792.75;21812;1113
20250620 150900;21812.25;21813;21803;21808;687
20250620 151000;21807.75;21814.75;21806;21813.75;691
20250620 151100;21814;21832.5;21810;21829;1572
20250620 151200;21828.5;21837.75;21821.5;21833.5;1208
20250620 151300;21834.25;21836.75;21826.5;21832.25;917
20250620 151400;21832;21840.25;21830.75;21839.5;889
20250620 151500;21840;21855.5;21833;21853.25;1593
20250620 151600;21852.5;21856;21846.5;21848.5;1183
20250620 151700;21849.75;21857.75;21847;21850.5;891
20250620 151800;21850;21861;21849.25;21860.25;722
20250620 151900;21860.75;21867.5;21858.25;21866.75;838
20250620 152000;21866.5;21878.25;21866;21871.25;1589
20250620 152100;21871.75;21873.25;21852.75;21858.75;1453
20250620 152200;21859.5;21862.25;21850.25;21861.5;870
20250620 152300;21860.75;21865.25;21845.25;21846;861
20250620 152400;21846.25;21859.5;21846.25;21856.75;798
20250620 152500;21857.25;21862.75;21849.25;21858.25;1026
20250620 152600;21858.25;21868;21854.25;21864;828
20250620 152700;21864.25;21873;21860;21871.75;649
20250620 152800;21871;21873.5;21866.25;21867.5;495
20250620 152900;21867.25;21871.75;21858.75;21868.75;612
20250620 153000;21869;21869.5;21854.25;21858.25;609
20250620 153100;21857.5;21875;21854.25;21865;1051
20250620 153200;21865.25;21880.25;21864.5;21879;943
20250620 153300;21878.5;21883;21873.25;21880.5;1033
20250620 153400;21880.25;21896;21879;21891.75;1127
20250620 153500;21892.5;21897.75;21890;21894.75;967
20250620 153600;21894.5;21898;21890;21894.75;858
20250620 153700;21894;21913.75;21894;21900;1700
20250620 153800;21900.25;21912.25;21900.25;21904.5;875
20250620 153900;21904.75;21909.5;21902;21906;596
20250620 154000;21905.25;21918.5;21904.75;21914.25;1206
20250620 154100;21914.5;21922;21913.5;21917.5;970
20250620 154200;21917.75;21920.75;21910.25;21911.25;821
20250620 154300;21911.75;21913.5;21901.75;21907.25;1096
20250620 154400;21907.5;21921.75;21907.5;21916;1276
20250620 154500;21916.75;21921;21912.75;21918.75;673
20250620 154600;21918.25;21920.75;21902.5;21904.25;936
20250620 154700;21904;21911.5;21899;21902;773
20250620 154800;21902.25;21913;21895.75;21910.5;1066
20250620 154900;21910;21911.25;21901;21908;475
20250620 155000;21908.75;21915;21907.25;21909.75;473
20250620 155100;21910.25;21912.5;21893.25;21896.5;846
20250620 155200;21896.75;21898.75;21885.75;21886.5;1338
20250620 155300;21886.75;21893.75;21885.75;21888;667
20250620 155400;21888.5;21890.25;21866.25;21869.25;1658
20250620 155500;21868.25;21869;21855.5;21856.75;1016
20250620 155600;21857.25;21864.5;21852.5;21858.75;1115
20250620 155700;21859.5;21859.75;21848.25;21852.5;926
20250620 155800;21852.75;21855.25;21845.5;21848.25;894
20250620 155900;21847.25;21850.5;21842.5;21846.75;680
20250620 160000;21846.75;21852.5;21840.25;21848.25;829
20250620 160100;21848.5;21858;21841.75;21848;1241
20250620 160200;21848.25;21857.25;21842;21844.5;887
20250620 160300;21844;21855.25;21842.5;21850.5;506
20250620 160400;21849.75;21856.5;21843.5;21855.25;608
20250620 160500;21854.75;21856.75;21843.5;21852;845
20250620 160600;21852;21865;21848.5;21860.75;954
20250620 160700;21859.5;21864;21848;21849.75;775
20250620 160800;21849.25;21860.5;21847.5;21855.25;447
20250620 160900;21855.75;21862;21854.75;21859.5;454
20250620 161000;21859;21871.5;21856.25;21869.5;969
20250620 161100;21869.25;21878;21864.75;21877;804
20250620 161200;21877.5;21886.25;21875.75;21883.5;1133
20250620 161300;21884;21886.75;21870.75;21873;887
20250620 161400;21872.25;21874;21859.5;21864.5;730
20250620 161500;21863.75;21864.75;21851.75;21857.25;888
20250620 161600;21857;21860.5;21848.5;21850;835
20250620 161700;21849.25;21850.25;21838;21843;910
20250620 161800;21842.75;21851.5;21833.25;21848.75;1002
20250620 161900;21848.5;21852.5;21842.75;21851.75;594
20250620 162000;21850.75;21864.5;21850.75;21864.25;742
20250620 162100;21864.5;21866.25;21853.75;21857.5;549
20250620 162200;21857.25;21865.75;21852;21859;525
20250620 162300;21859;21864.5;21852.75;21862.25;410
20250620 162400;21862.75;21863.5;21842.5;21848.75;709
20250620 162500;21848.25;21869.25;21847;21866.75;685
20250620 162600;21866.5;21870.5;21851.5;21858.25;746
20250620 162700;21857.5;21866.25;21857.5;21862;423
20250620 162800;21862.5;21874;21857.5;21872;606
20250620 162900;21872.25;21874;21859.5;21860.5;528
20250620 163000;21860.75;21865.75;21855.75;21862.25;414
20250620 163100;21863;21871.5;21862;21867.25;416
20250620 163200;21867.25;21873.75;21860.5;21872.25;373
20250620 163300;21872.25;21880.75;21869.5;21870.5;977
20250620 163400;21870.5;21874.25;21868;21870.5;342
20250620 163500;21871.25;21879.5;21870.75;21874.5;339
20250620 163600;21874;21882.75;21869.5;21881.25;417
20250620 163700;21881.5;21887.75;21879.5;21881;683
20250620 163800;21881.25;21888;21877.75;21885;501
20250620 163900;21886;21887;21880.5;21885.25;361
20250620 164000;21885.25;21889.25;21883;21884.5;432
20250620 164100;21884;21886.5;21875.75;21882.25;618
20250620 164200;21882.5;21887.25;21877.25;21878.25;479
20250620 164300;21878.25;21882.25;21865.75;21866.75;776
20250620 164400;21867.5;21871;21858;21868.75;895
20250620 164500;21868.5;21879;21865.75;21878.25;646
20250620 164600;21878;21887.5;21870;21885.5;717
20250620 164700;21885.5;21893.5;21881.75;21884;730
20250620 164800;21884;21884;21871.25;21871.75;446
20250620 164900;21872.5;21874.5;21866.75;21871;486
20250620 165000;21870.25;21877.75;21868.5;21870;327
20250620 165100;21871;21885.25;21868.5;21879;575
20250620 165200;21878.75;21879.5;21869;21876.75;335
20250620 165300;21876.5;21885.25;21875;21882.25;360
20250620 165400;21882.5;21890.75;21875.5;21890.5;617
20250620 165500;21890.25;21897.75;21889.5;21893.25;733
20250620 165600;21893;21901;21891.5;21894;632
20250620 165700;21894;21897;21889.75;21893.75;356
20250620 165800;21893.75;21902.25;21893.5;21899.25;438
20250620 165900;21899;21900.75;21893.75;21895;383
20250620 170000;21895;21898.75;21868;21884.25;1983
20250620 170100;21884.25;21900.75;21877.25;21900.25;1309
20250620 170200;21900.25;21904.75;21894;21896;822
20250620 170300;21895;21896.75;21886.75;21892.25;586
20250620 170400;21892;21892.25;21878;21878.25;614
20250620 170500;21877.75;21880.25;21864.5;21865.75;765
20250620 170600;21865.5;21865.5;21853.75;21855.5;972
20250620 170700;21855.5;21857.25;21847.25;21851.5;667
20250620 170800;21850.75;21857.25;21849.75;21855.5;570
20250620 170900;21855.75;21866.5;21853.75;21862;803
20250620 171000;21862;21869.75;21860.5;21865;494
20250620 171100;21864.5;21872.5;21855;21869.75;825
20250620 171200;21870.25;21873.75;21865.5;21869.25;451
20250620 171300;21868.5;21886.25;21868.5;21885;766
20250620 171400;21885;21890;21882.5;21888.5;653
20250620 171500;21888.5;21891.5;21884.25;21886;483
20250620 171600;21886;21916.75;21886;21897;2028
20250620 171700;21897.5;21899.25;21882.75;21885.25;1178
20250620 171800;21885.5;21885.75;21863.5;21871;1061
20250620 171900;21870.75;21871.75;21860.5;21863.25;644
20250620 172000;21863;21872;21858.5;21861.25;776
20250620 172100;21861;21868.5;21853.5;21860.25;998
20250620 172200;21859.25;21862;21855.25;21858;358
20250620 172300;21857.75;21865.75;21856.25;21861.5;357
20250620 172400;21861;21861;21842.75;21847.25;1181
20250620 172500;21847.5;21853.5;21845.5;21849.5;500
20250620 172600;21849.5;21854.25;21846;21848;555
20250620 172700;21847.25;21848.5;21832.75;21834.75;921
20250620 172800;21834;21835.25;21813.75;21816.25;1366
20250620 172900;21815.5;21818.5;21795.75;21800;1342
20250620 173000;21800;21807.5;21794.25;21795.25;973
20250620 173100;21795.5;21796;21779.25;21791.5;1908
20250620 173200;21791;21800.5;21780;21795.5;1078
20250620 173300;21796.5;21797.25;21785;21793;736
20250620 173400;21792;21794;21781.25;21785.25;524
20250620 173500;21784.25;21797.5;21783.75;21794.5;722
20250620 173600;21795.25;21805.75;21789.5;21791.5;868
20250620 173700;21789.75;21789.75;21778.5;21784;862
20250620 173800;21783.5;21784;21765;21779.75;2109
20250620 173900;21780;21782.25;21771.75;21776.25;1019
20250620 174000;21776;21778;21767.75;21772.25;652
20250620 174100;21772.5;21791;21771.5;21788.25;1019
20250620 174200;21787.5;21800.5;21784;21799.5;814
20250620 174300;21799.75;21818.5;21798.25;21815.5;1397
20250620 174400;21816;21821.75;21811.5;21814;739
20250620 174500;21814.25;21816;21796.75;21797.5;828
20250620 174600;21796.75;21809.5;21796.25;21801.5;657
20250620 174700;21801.5;21812.25;21800.25;21805.25;493
20250620 174800;21804.5;21809;21799.75;21802;323
20250620 174900;21803.25;21805.75;21795.25;21800.5;413
20250620 175000;21799.5;21805.75;21796.75;21804;347
20250620 175100;21804.5;21814.75;21802.75;21813.25;715
20250620 175200;21812.75;21824.75;21809.5;21817.5;779
20250620 175300;21816.75;21820.5;21810.25;21818.5;352
20250620 175400;21818.5;21826.75;21809;21825.5;397
20250620 175500;21825.5;21828.25;21818.75;21822.75;477
20250620 175600;21824.25;21829;21822.75;21827.25;354
20250620 175700;21827.5;21836;21827.25;21828.75;813
20250620 175800;21828.5;21835.5;21827.5;21832.75;449
20250620 175900;21831.5;21838.25;21831;21836;514
20250620 180000;21836.25;21839.5;21835;21839.5;363
20250620 180100;21838.5;21846;21832.25;21838.5;1078
20250620 180200;21838.25;21846;21836;21844.75;593
20250620 180300;21845;21849.5;21841.75;21842.75;541
20250620 180400;21842.75;21845.75;21839.5;21844.25;350
20250620 180500;21843.75;21859.5;21842.75;21855.5;928
20250620 180600;21855.5;21856.25;21848.75;21852.5;597
20250620 180700;21853;21859.5;21852.5;21855.75;490
20250620 180800;21855.5;21863.75;21855.25;21860.25;531
20250620 180900;21860.25;21863.5;21853;21857;471
20250620 181000;21857;21861;21854.5;21859.25;619
20250620 181100;21859.25;21866.5;21859;21861.75;585
20250620 181200;21862.25;21865;21856.5;21863.5;417
20250620 181300;21864;21865.5;21858.25;21860;427
20250620 181400;21860.25;21862.5;21856.5;21859.25;461
20250620 181500;21859;21862.75;21856;21858.25;320
20250620 181600;21857.75;21866.25;21857.75;21862.25;552
20250620 181700;21862.25;21865;21857.25;21864.25;352
20250620 181800;21864;21877.75;21862.25;21876.25;1168
20250620 181900;21875.75;21887.25;21875.75;21884.25;971
20250620 182000;21884.25;21900;21881.75;21897.75;1538
20250620 182100;21898.25;21901;21890;21892.5;1136
20250620 182200;21892.75;21897.25;21888.5;21893;641
20250620 182300;21893.25;21893.75;21883.5;21883.5;560
20250620 182400;21883.5;21891.75;21883.5;21888.25;357
20250620 182500;21889.25;21894.5;21888.25;21893.75;420
20250620 182600;21893.25;21894.75;21885.75;21886.25;467
20250620 182700;21886.75;21892.25;21884.75;21891.75;439
20250620 182800;21891.25;21894;21886.5;21886.5;326
20250620 182900;21886.75;21888;21877.25;21882.5;730
20250620 183000;21882.75;21888.25;21873.5;21879.5;741
20250620 183100;21880.75;21887.75;21880;21883.75;610
20250620 183200;21884.25;21885.25;21874.5;21878.75;511
20250620 183300;21879.75;21894;21879;21893.25;833
20250620 183400;21892.75;21896.5;21887;21888.25;424
20250620 183500;21889;21895;21886.5;21886.75;307
20250620 183600;21887;21889.25;21880.25;21886.75;318
20250620 183700;21887.25;21894.5;21884.5;21886.25;392
20250620 183800;21886.5;21888.25;21870.25;21870.25;604
20250620 183900;21871.25;21878;21870.25;21875.5;400
20250620 184000;21875.25;21884.5;21875;21877.25;406
20250620 184100;21877.25;21879.5;21867.5;21876;487
20250620 184200;21875.5;21880;21874.75;21877.75;263
20250620 184300;21877.75;21883.25;21876.5;21878;438
20250620 184400;21878.75;21878.75;21862.5;21865.75;633
20250620 184500;21865.25;21873.5;21864.5;21868.75;544
20250620 184600;21869.5;21872.25;21863.75;21871;471
20250620 184700;21871;21876.75;21870.75;21876;337
20250620 184800;21876.75;21876.75;21868.75;21870;248
20250620 184900;21871.5;21872.25;21863.25;21864.75;243
20250620 185000;21865;21869;21861.25;21866;388
20250620 185100;21866.25;21868.75;21860.75;21863;422
20250620 185200;21862.25;21864.25;21857.25;21862.25;486
20250620 185300;21862.25;21864.25;21857.25;21860;295
20250620 185400;21860.25;21861;21853.25;21856.75;381
20250620 185500;21856.75;21864.25;21854.75;21856.25;413
20250620 185600;21856.75;21858.5;21850;21852.75;437
20250620 185700;21852.5;21852.75;21813.5;21816;1464
20250620 185800;21816.25;21831.25;21814;21818;1358
20250620 185900;21818.75;21824.5;21811.5;21814.75;831
20250620 190000;21814.5;21818.25;21807.75;21816;721
20250620 190100;21816.5;21820.5;21804.75;21815.75;1188
20250620 190200;21817;21832.5;21815.75;21824.25;1012
20250620 190300;21824.75;21832.5;21819.25;21821.75;538
20250620 190400;21822;21823.25;21811.25;21811.5;639
20250620 190500;21811.25;21819.75;21808.75;21815;428
20250620 190600;21814.75;21822.25;21806.5;21820.25;802
20250620 190700;21819.75;21832.5;21818.25;21820;841
20250620 190800;21820.5;21824.75;21810;21815.75;441
20250620 190900;21814;21819.5;21813;21816;323
20250620 191000;21816;21822.5;21812.75;21816.25;360
20250620 191100;21817.5;21821.5;21810.5;21818.5;361
20250620 191200;21817.25;21822.75;21815.75;21822;230
20250620 191300;21821.75;21831.25;21817;21826.5;488
20250620 191400;21826.25;21834.5;21820.25;21824.25;683
20250620 191500;21823.75;21824.25;21816.5;21821.5;381
20250620 191600;21820;21823.5;21812.75;21816.25;480
20250620 191700;21817;21824.75;21815.5;21817.75;310
20250620 191800;21817.5;21823.5;21816;21822.75;230
20250620 191900;21821.5;21824.25;21817.75;21823.25;300
20250620 192000;21822.5;21829.75;21820.75;21826;354
20250620 192100;21826;21831.75;21822.5;21826;357
20250620 192200;21826.5;21827;21814;21818;464
20250620 192300;21818.5;21823.25;21813;21818.25;362
20250620 192400;21818.5;21829.25;21817.25;21825.75;482
20250620 192500;21825.5;21833.5;21822;21823.5;444
20250620 192600;21823.5;21827.25;21816.75;21817.5;311
20250620 192700;21817;21817;21805;21812.5;853
20250620 192800;21813.25;21815.25;21807.5;21809;335
20250620 192900;21809;21815;21802.25;21808.5;538
20250620 193000;21808.75;21818.25;21808.5;21813.5;373
20250620 193100;21813;21825.25;21813;21823.25;755
20250620 193200;21823.25;21828.25;21818.25;21826.25;504
20250620 193300;21824.75;21828.25;21817.25;21820.75;379
20250620 193400;21821;21822;21814.5;21822;344
20250620 193500;21822.25;21826.25;21812.75;21824.5;524
20250620 193600;21823.75;21827.25;21815.75;21819.5;400
20250620 193700;21819;21822.75;21815.25;21818.75;341
20250620 193800;21818.75;21819.25;21808.75;21816.5;658
20250620 193900;21816.75;21827;21814.25;21820.5;529
20250620 194000;21819.75;21820.25;21807.25;21807.75;458
20250620 194100;21807;21814.5;21802.25;21811.5;700
20250620 194200;21812.25;21816.75;21810.25;21810.25;382
20250620 194300;21811.25;21813.75;21808.5;21812;365
20250620 194400;21812;21820.75;21811.25;21816.5;449
20250620 194500;21816.75;21822.75;21814;21818.75;431
20250620 194600;21818;21820;21809.25;21816.25;645
20250620 194700;21816.5;21817.75;21809.5;21811.25;432
20250620 194800;21810.25;21814;21808.25;21811.75;526
20250620 194900;21812;21820.5;21811.75;21812.25;652
20250620 195000;21812;21816.25;21806.75;21807;600
20250620 195100;21808.25;21828;21793.75;21810.5;2144
20250620 195200;21810.75;21823;21806.25;21812.25;1238
20250620 195300;21813;21821.75;21808.5;21813.5;954
20250620 195400;21813.25;21823;21813;21822.25;776
20250620 195500;21822.25;21833.25;21810.5;21820.75;2404
20250620 195600;21820;21859.5;21818.5;21847.75;3487
20250620 195700;21848;21859.5;21845.25;21845.75;1784
20250620 195800;21846;21849;21831.5;21834;2110
20250620 195900;21834;21839.25;21832;21835;1855
20250620 200000;21835;21854.25;21822;21841.75;8458
20250620 200100;21842.75;21894.25;21838.75;21884.25;4437
20250620 200200;21884.75;21911.25;21881.75;21893.25;2177
20250620 200300;21894;21894;21873;21874;1058
20250620 200400;21873.75;21880.25;21868.75;21880;852
20250620 200500;21879.75;21880.5;21870.5;21875.25;339
20250620 200600;21874.75;21877.75;21870.75;21873;323
20250620 200700;21873.25;21879.25;21871;21872.75;368
20250620 200800;21873.5;21876;21869;21875;290
20250620 200900;21875.5;21880;21869.75;21873;333
20250620 201000;21873.75;21875.5;21861.25;21864;387
20250620 201100;21864.25;21867.75;21859;21861.25;291
20250620 201200;21861.5;21867.25;21859.5;21864.5;256
20250620 201300;21864.75;21866;21854.75;21855.5;193
20250620 201400;21856;21857.75;21851;21857.5;259
20250620 201500;21857.5;21862;21855;21862;279
20250620 201600;21861.75;21865;21860;21864.25;226
20250620 201700;21864.25;21865;21858.75;21861.75;171
20250620 201800;21859.25;21860.75;21854.75;21857.75;150
20250620 201900;21857.5;21859.5;21855.25;21858;112
20250620 202000;21857.75;21857.75;21854.5;21855;91
20250620 202100;21855.25;21860.25;21851.25;21856.75;206
20250620 202200;21856.25;21856.75;21850.5;21852.5;124
20250620 202300;21852.5;21853.75;21848.75;21849;104
20250620 202400;21849.5;21853.25;21849;21852;59
20250620 202500;21852.25;21854.75;21851.25;21853.5;80
20250620 202600;21853;21859.25;21852.5;21858.5;93
20250620 202700;21858.5;21861;21855.5;21860.5;186
20250620 202800;21861;21861.25;21855.25;21856.75;86
20250620 202900;21857.5;21859.25;21856.25;21857;123
20250620 203000;21856.5;21863.75;21856.25;21861.25;169
20250620 203100;21861;21865;21857.25;21858;167
20250620 203200;21857.25;21863;21856.75;21861.5;88
20250620 203300;21862.25;21866.25;21861.5;21865;165
20250620 203400;21865.5;21868.5;21865.25;21867.25;205
20250620 203500;21866.75;21869.25;21865.5;21865.5;167
20250620 203600;21865;21868.5;21865;21866.75;155
20250620 203700;21867.25;21870;21866.75;21867.25;80
20250620 203800;21867.5;21870;21866.5;21868.75;51
20250620 203900;21869.75;21870.25;21866.25;21867.75;87
20250620 204000;21867;21869.25;21866;21868.25;78
20250620 204100;21867.5;21869;21865.5;21866.5;206
20250620 204200;21866;21868.5;21866;21867.75;56
20250620 204300;21867.25;21869.25;21866.75;21867.5;123
20250620 204400;21868;21871.25;21867.5;21868.75;123
20250620 204500;21869.5;21872.25;21869.25;21871.75;92
20250620 204600;21871.75;21876.25;21871.5;21875.5;152
20250620 204700;21876;21876.5;21875;21875;53
20250620 204800;21875;21875.25;21874.25;21874.75;42
20250620 204900;21874.75;21875.5;21873.5;21873.75;39
20250620 205000;21874;21874.75;21873.5;21874.5;48
20250620 205100;21874.5;21876;21873.5;21875.5;83
20250620 205200;21875.5;21877.75;21875;21875.75;86
20250620 205300;21875.75;21877.75;21875.75;21877.5;38
20250620 205400;21877.5;21880.25;21877;21877;95
20250620 205500;21877.75;21880.25;21877;21877.75;82
20250620 205600;21877.75;21879.25;21877.5;21877.75;73
20250620 205700;21878;21878.75;21876.5;21877.25;86
20250620 205800;21877.5;21880;21874;21874;84
20250620 205900;21874;21875.75;21872;21872.75;103
20250620 210000;21872.75;21876.25;21872;21874;128
20250622 135700;21874;21874;21874;21874;1
20250622 220100;21648.25;21675.25;21566.75;21664.25;2067
20250622 220200;21660.5;21714.5;21660.5;21692.25;926
20250622 220300;21692.25;21699.75;21671;21696.5;550
20250622 220400;21691.75;21705;21682;21687.5;364
20250622 220500;21687.75;21708.75;21682.75;21696.25;340
20250622 220600;21697;21698.75;21673;21684.5;472
20250622 220700;21687.25;21710.5;21678;21699.5;434
20250622 220800;21698.25;21720.75;21698;21711.75;236
20250622 220900;21710.25;21732.25;21710;21728.5;508
20250622 221000;21728.75;21735.25;21715.25;21726;352
20250622 221100;21728;21744.75;21726;21727.5;501
20250622 221200;21727.75;21737;21720.5;21735.5;309
20250622 221300;21735.75;21745;21723.75;21725;251
20250622 221400;21723.75;21728.5;21713.5;21724.5;298
20250622 221500;21722.75;21731.75;21716;21719.25;172
20250622 221600;21719;21722.75;21715;21721.75;129
20250622 221700;21721.75;21735.25;21717.75;21722.75;227
20250622 221800;21725;21727.75;21708.5;21709.75;195
20250622 221900;21709.5;21713.25;21700.25;21711;188
20250622 222000;21713;21725.75;21713;21723;143
20250622 222100;21722;21724.75;21713.75;21721.75;132
20250622 222200;21722.5;21724;21715.25;21718.25;79
20250622 222300;21716.75;21728;21716;21716.25;110
20250622 222400;21717;21720.5;21707;21711.5;131
20250622 222500;21713;21720.5;21705;21719.75;134
20250622 222600;21718.5;21728;21716;21719.25;167
20250622 222700;21720.75;21728.75;21720.75;21728;126
20250622 222800;21727.25;21740.25;21725.75;21737.25;285
20250622 222900;21737.75;21751.75;21737.75;21740;380
20250622 223000;21740.5;21745;21736.25;21738.75;100
20250622 223100;21738.25;21750.75;21737.75;21750.25;190
20250622 223200;21750;21764.75;21743.75;21749;361
20250622 223300;21749;21753;21747;21747.5;110
20250622 223400;21747.75;21754.5;21747.75;21754.25;62
20250622 223500;21753.75;21759.25;21749;21750.25;102
20250622 223600;21750.25;21752.75;21743.25;21744.75;85
20250622 223700;21746;21753.5;21746;21750.75;128
20250622 223800;21751.25;21761.75;21746.5;21747;400
20250622 223900;21748.25;21756.5;21748.25;21755.25;68
20250622 224000;21755.25;21787;21755.25;21782.75;480
20250622 224100;21782.75;21783.25;21765.75;21769.25;330
20250622 224200;21767.5;21768.25;21765;21765;104
20250622 224300;21765.75;21768;21760.5;21766;139
20250622 224400;21766;21767.25;21750.5;21754.5;203
20250622 224500;21753.75;21762.75;21753.25;21760.25;105
20250622 224600;21761;21762.25;21753.5;21755;67
20250622 224700;21752.5;21754.5;21750.75;21752.75;62
20250622 224800;21752;21755;21752;21754;23
20250622 224900;21755;21756.25;21747.5;21751;57
20250622 225000;21751.5;21751.75;21741.75;21746.5;105
20250622 225100;21745.75;21751.5;21742.75;21747.25;73
20250622 225200;21748;21757.5;21747.5;21756;101
20250622 225300;21756;21758.5;21748.25;21757;80
20250622 225400;21756.5;21758.25;21749;21751;68
20250622 225500;21751.75;21753;21749.75;21750.25;29
20250622 225600;21749.5;21750;21743.5;21745;75
20250622 225700;21744.75;21752;21738.75;21752;109
20250622 225800;21750.75;21767;21750.25;21762.25;165
20250622 225900;21762.75;21774.25;21761.25;21766;223
20250622 230000;21765.25;21765.25;21758.75;21759.25;74
20250622 230100;21758.25;21762.5;21756;21762;121
20250622 230200;21762;21762.25;21757;21757;50
20250622 230300;21757.75;21757.75;21745.75;21749.25;102
20250622 230400;21748.5;21749.25;21744.75;21747.75;70
20250622 230500;21746.25;21747.75;21743.5;21744.75;42
20250622 230600;21744.25;21745.5;21737.25;21739;165
20250622 230700;21740;21749.5;21740;21747.75;89
20250622 230800;21747.25;21756.5;21745.75;21750;155
20250622 230900;21750;21751.75;21744.5;21746.5;58
20250622 231000;21747.5;21747.5;21738.75;21738.75;114
20250622 231100;21739;21740.75;21734.25;21737.75;126
20250622 231200;21737.75;21749.5;21736;21749.5;114
20250622 231300;21749.25;21752.25;21742.25;21745;104
20250622 231400;21745;21750;21735;21747.5;173
20250622 231500;21747.75;21751;21745;21745;94
20250622 231600;21746;21746;21741.5;21741.5;73
20250622 231700;21741.25;21741.25;21735.5;21739.25;92
20250622 231800;21739.25;21744.5;21732.75;21740.75;121
20250622 231900;21740.75;21745.25;21740;21743.25;60
20250622 232000;21743.25;21752.25;21743.25;21746.75;92
20250622 232100;21746.75;21750.25;21739;21742.75;89
20250622 232200;21741.25;21742.75;21727;21731;179
20250622 232300;21729.5;21742.75;21729;21739.75;90
20250622 232400;21739.75;21744.5;21738;21743.5;61
20250622 232500;21744.5;21750.25;21743.5;21748.75;57
20250622 232600;21749;21754.75;21749;21752;128
20250622 232700;21753;21753.25;21749.5;21752.25;42
20250622 232800;21752.25;21752.25;21745.75;21746.25;106
20250622 232900;21746;21762;21746;21757.75;121
20250622 233000;21759.25;21762.25;21754.25;21756.25;102
20250622 233100;21756.75;21756.75;21748.75;21750.5;123
20250622 233200;21752;21755.75;21751.75;21755.5;55
20250622 233300;21756.75;21768;21755.75;21762.75;167
20250622 233400;21763.25;21771.25;21762.5;21765.5;182
20250622 233500;21765;21765.75;21761.5;21762;84
20250622 233600;21762;21762;21749;21757;203
20250622 233700;21756.75;21757.75;21752.25;21756.5;130
20250622 233800;21756;21756;21749.5;21749.5;59
20250622 233900;21749.75;21749.75;21745.75;21746;73
20250622 234000;21747.5;21749;21744.5;21746;58
20250622 234100;21745;21750.25;21744.5;21748;71
20250622 234200;21747.75;21748.75;21746.5;21748.75;40
20250622 234300;21748.75;21750;21746;21747;19
20250622 234400;21746.75;21748.5;21745.75;21747.25;25
20250622 234500;21746;21749;21745.75;21747.5;23
20250622 234600;21746.75;21750;21741;21748.5;74
20250622 234700;21748;21748.75;21745.25;21746.25;24
20250622 234800;21746;21756;21746;21751.75;100
20250622 234900;21751.75;21756.5;21751.75;21755.5;48
20250622 235000;21755.5;21757;21752;21755.25;49
20250622 235100;21755.25;21765;21754.75;21761.75;136
20250622 235200;21762.75;21767.75;21762.75;21764.5;54
20250622 235300;21765.5;21768.25;21756;21759;151
20250622 235400;21759;21763.75;21758.25;21759.75;81
20250622 235500;21762;21763;21760.5;21763;39
20250622 235600;21763;21763.5;21752;21757.5;87
20250622 235700;21758;21764.25;21756.75;21763;105
20250622 235800;21763.75;21764.75;21758;21762.25;55
20250622 235900;21761;21763;21760.25;21760.5;19
20250623 000000;21759.5;21763.25;21759.25;21760.5;47
20250623 000100;21761;21761.25;21745.5;21746.75;213
20250623 000200;21745.25;21745.75;21731.5;21732;232
20250623 000300;21730.5;21738.25;21728;21734;254
20250623 000400;21733.5;21735.25;21722.75;21726.75;250
20250623 000500;21727;21730.25;21723.25;21727.75;194
20250623 000600;21727.5;21727.5;21715;21721.5;310
20250623 000700;21721.5;21725.5;21712.25;21723;279
20250623 000800;21723.5;21737.25;21721.75;21735;289
20250623 000900;21735.75;21756.75;21735.25;21746.25;365
20250623 001000;21747.25;21749;21739.25;21740.75;141
20250623 001100;21740.25;21740.25;21728.25;21733.75;189
20250623 001200;21734;21736;21731.25;21731.5;79
20250623 001300;21730.75;21733;21728;21731.75;99
20250623 001400;21731.25;21731.25;21725.5;21727.75;82
20250623 001500;21727;21729;21725;21727.75;59
20250623 001600;21726.75;21730.5;21719.5;21719.75;111
20250623 001700;21721;21723.75;21720.25;21722.75;70
20250623 001800;21722.75;21726;21720.25;21721.25;86
20250623 001900;21721.25;21721.25;21715.75;21720;120
20250623 002000;21717.5;21720.5;21715.5;21720;98
20250623 002100;21719.25;21720.25;21714.5;21716.5;119
20250623 002200;21715.75;21718.75;21711;21712.75;132
20250623 002300;21712.5;21716.25;21710;21713.75;121
20250623 002400;21713.75;21716.25;21710.5;21711.5;102
20250623 002500;21710.25;21714;21707;21709.5;133
20250623 002600;21710;21720.25;21710;21717.75;132
20250623 002700;21718;21723.5;21716.75;21721.25;114
20250623 002800;21720.25;21721;21715.75;21719.75;96
20250623 002900;21719;21721.75;21715;21716.5;114
20250623 003000;21715.5;21720.5;21715.25;21718.25;47
20250623 003100;21718.25;21718.75;21712.75;21718.25;83
20250623 003200;21718;21719.25;21712;21712.75;65
20250623 003300;21713.25;21716;21712.75;21716;40
20250623 003400;21715.5;21721.75;21715;21721.5;49
20250623 003500;21721.25;21721.25;21713.25;21718;62
20250623 003600;21716.75;21720.5;21710;21714.25;125
20250623 003700;21713.75;21723;21712;21719.75;74
20250623 003800;21719;21721.25;21713.25;21719.25;66
20250623 003900;21718.75;21728;21716.75;21722.5;145
20250623 004000;21723.5;21730;21723.25;21728.5;125
20250623 004100;21727.5;21731;21725.25;21729;88
20250623 004200;21728.75;21731.75;21723;21730.5;86
20250623 004300;21730;21732.75;21728;21730;77
20250623 004400;21731;21731.25;21728;21728;37
20250623 004500;21727.5;21730;21727.5;21730;31
20250623 004600;21730;21732.25;21728.25;21730.5;45
20250623 004700;21730.25;21732;21725.75;21731.75;83
20250623 004800;21732.5;21734.5;21728.75;21729.5;91
20250623 004900;21730;21731;21728;21728.25;29
20250623 005000;21728;21731.25;21724.5;21728;57
20250623 005100;21727;21727;21722.25;21724;59
20250623 005200;21724;21727.75;21724;21727.25;38
20250623 005300;21726.75;21733;21726.75;21732.25;83
20250623 005400;21732.75;21734.5;21730;21734;50
20250623 005500;21733.25;21739;21731.25;21734;84
20250623 005600;21733.5;21736.75;21733;21735.5;78
20250623 005700;21736;21737.5;21733.75;21735.25;44
20250623 005800;21735.5;21735.5;21729;21729;77
20250623 005900;21728.75;21731.25;21728;21731.25;40
20250623 010000;21731;21734;21730.5;21731.25;31
20250623 010100;21730.5;21732.25;21724.5;21729.75;84
20250623 010200;21727.75;21729.25;21723;21728.75;66
20250623 010300;21728;21732.5;21727.25;21728.75;46
20250623 010400;21729.5;21729.5;21718.5;21724.75;90
20250623 010500;21724.25;21726.5;21722;21722.25;106
20250623 010600;21722.75;21723.25;21719.75;21719.75;48
20250623 010700;21719.5;21723.25;21718;21719;61
20250623 010800;21720;21724.5;21720;21723.25;75
20250623 010900;21723.5;21726.5;21723.5;21725;44
20250623 011000;21725;21740.5;21724.75;21737.75;185
20250623 011100;21739;21753;21739;21746.5;303
20250623 011200;21745.25;21746.5;21740;21742.5;138
20250623 011300;21741.5;21746.25;21739;21741;97
20250623 011400;21740;21740.75;21735.25;21737;60
20250623 011500;21737.25;21742;21736.75;21741.25;47
20250623 011600;21742;21742.25;21736.75;21737.25;86
20250623 011700;21736.75;21737.25;21735.5;21735.5;36
20250623 011800;21735;21735;21724.5;21728.5;172
20250623 011900;21728;21729.25;21722.5;21723.25;93
20250623 012000;21722.25;21723;21716.25;21716.75;139
20250623 012100;21716.25;21721.75;21715.25;21720;92
20250623 012200;21719;21722.25;21718;21720;78
20250623 012300;21720;21725.5;21720;21723.5;69
20250623 012400;21722.5;21723;21720;21721.75;51
20250623 012500;21722;21722;21716.25;21718;47
20250623 012600;21718.5;21719.25;21715.25;21715.75;62
20250623 012700;21716.25;21718.75;21714.75;21718;47
20250623 012800;21717.5;21721.75;21716.5;21721;44
20250623 012900;21720.5;21723.75;21720;21722.75;114
20250623 013000;21722.75;21722.75;21716.5;21717;42
20250623 013100;21716.25;21718.75;21716;21716.5;53
20250623 013200;21716.25;21720.25;21711;21720.25;119
20250623 013300;21719.5;21720;21717.5;21718;23
20250623 013400;21718.75;21724.25;21718.75;21722.75;68
20250623 013500;21721.25;21723.25;21719.25;21723;48
20250623 013600;21723.25;21725.75;21720;21720.5;78
20250623 013700;21721.25;21721.25;21718.75;21720.75;29
20250623 013800;21719.75;21725.25;21719;21722.25;66
20250623 013900;21721.75;21724.25;21718;21723;97
20250623 014000;21723;21724.25;21720.5;21724.25;42
20250623 014100;21723.25;21723.25;21721;21723;44
20250623 014200;21722.5;21725.25;21722;21725;76
20250623 014300;21724.75;21728.5;21724.5;21725;56
20250623 014400;21725.5;21727;21724.25;21724.75;31
20250623 014500;21724.5;21728.25;21722.75;21723.5;63
20250623 014600;21723.25;21724.75;21722.75;21724.25;36
20250623 014700;21723.25;21727.75;21722.75;21726.75;45
20250623 014800;21726.5;21728;21725.75;21727.25;18
20250623 014900;21727.5;21731.5;21727.5;21729.75;71
20250623 015000;21730;21731.25;21728;21728.25;45
20250623 015100;21729;21730.5;21729;21730.5;18
20250623 015200;21730.5;21733.25;21726.5;21726.75;51
20250623 015300;21727;21730.75;21726.25;21730.75;31
20250623 015400;21731.25;21732.5;21730;21731.75;29
20250623 015500;21730.75;21732.25;21730.75;21732.25;21
20250623 015600;21731.75;21733;21730.5;21731;27
20250623 015700;21731.75;21734.25;21726.25;21734.25;83
20250623 015800;21733.5;21741;21731.5;21738.25;102
20250623 015900;21738.5;21739.5;21735;21735.5;99
20250623 020000;21737.5;21740;21736.25;21740;64
20250623 020100;21739.25;21753.5;21739;21747;253
20250623 020200;21747.25;21748.5;21740.25;21742.5;128
20250623 020300;21743.75;21745;21737.5;21738;96
20250623 020400;21737.5;21742.75;21737.5;21741.5;61
20250623 020500;21741.5;21744.75;21741.5;21744.5;41
20250623 020600;21744.5;21747.5;21742.75;21743.5;81
20250623 020700;21744.25;21747;21743;21743;55
20250623 020800;21743.75;21749;21743.75;21747;75
20250623 020900;21747;21747.5;21744.5;21746;39
20250623 021000;21746.25;21748;21746.25;21747.5;12
20250623 021100;21747;21751.75;21746.25;21751.75;84
20250623 021200;21751.25;21755.75;21749.25;21750;120
20250623 021300;21751.25;21756;21751.25;21755;57
20250623 021400;21754.75;21755;21752.5;21752.5;32
20250623 021500;21752;21754.5;21748.75;21751.25;83
20250623 021600;21751.75;21758;21750.75;21755;95
20250623 021700;21755.25;21755.5;21754;21755.25;29
20250623 021800;21755.25;21755.25;21752.75;21753.25;19
20250623 021900;21754;21757.5;21753.75;21754.25;75
20250623 022000;21755;21756.75;21755;21756.75;21
20250623 022100;21757.5;21757.75;21755.75;21756;36
20250623 022200;21755.75;21756.75;21754;21754.5;44
20250623 022300;21754.5;21755.25;21752.75;21752.75;25
20250623 022400;21753.25;21754;21750;21751.5;90
20250623 022500;21751;21755.5;21750.5;21750.75;84
20250623 022600;21751;21753.5;21751;21751.25;33
20250623 022700;21751.75;21753.75;21751;21752;24
20250623 022800;21752.75;21754;21752.5;21753.75;19
20250623 022900;21754.75;21755.25;21752.75;21753;42
20250623 023000;21753.25;21755.75;21753;21754.5;35
20250623 023100;21754.5;21755.75;21753.75;21755.25;32
20250623 023200;21754.25;21758;21752.25;21756.25;69
20250623 023300;21756;21763.25;21755.25;21759;133
20250623 023400;21759.75;21761.25;21757;21757.5;72
20250623 023500;21757.5;21760;21755.5;21759.25;57
20250623 023600;21759.25;21760.75;21758.75;21760;36
20250623 023700;21759.75;21760.5;21759.25;21759.25;13
20250623 023800;21759;21764.75;21759;21763.75;66
20250623 023900;21763.25;21763.5;21760.5;21761.75;53
20250623 024000;21761;21767;21759.5;21766.5;99
20250623 024100;21766;21771.75;21765;21769;227
20250623 024200;21768.75;21769;21766;21767;72
20250623 024300;21765.5;21769.25;21764.25;21768;63
20250623 024400;21768;21768;21765;21766.5;36
20250623 024500;21766.5;21766.75;21762.75;21764.25;48
20250623 024600;21762.75;21763;21757.5;21759.25;118
20250623 024700;21760.25;21762;21757.5;21757.75;85
20250623 024800;21757.25;21758;21752.75;21754.25;102
20250623 024900;21755.25;21755.25;21752.25;21753;50
20250623 025000;21752;21753;21748.75;21750.5;96
20250623 025100;21750;21752.25;21749.25;21752;43
20250623 025200;21751.25;21759;21751.25;21757.5;78
20250623 025300;21757;21757.75;21754.5;21757;38
20250623 025400;21756.75;21758;21755.5;21756.25;34
20250623 025500;21756.25;21756.5;21752.25;21756.5;47
20250623 025600;21757.5;21759.75;21756.5;21756.5;59
20250623 025700;21757.25;21759.25;21757;21757.25;22
20250623 025800;21756.75;21757.75;21756;21756;22
20250623 025900;21755.5;21758;21755;21757.25;21
20250623 030000;21757;21761.25;21757;21759.25;58
20250623 030100;21758.5;21761.25;21756;21760.5;55
20250623 030200;21759.25;21759.25;21757;21758;27
20250623 030300;21758.5;21758.75;21755.75;21756.75;29
20250623 030400;21756.25;21759.25;21756.25;21759.25;30
20250623 030500;21759.25;21762.75;21759;21762.75;42
20250623 030600;21763;21766.25;21761.75;21765;35
20250623 030700;21765.25;21768.75;21763;21763;79
20250623 030800;21764;21765.25;21762.75;21763.75;27
20250623 030900;21764.75;21767.5;21762.75;21765.75;61
20250623 031000;21765.25;21766.75;21761.75;21764.75;46
20250623 031100;21765.25;21768;21762.5;21762.5;61
20250623 031200;21763;21763;21758.5;21758.5;45
20250623 031300;21759.25;21762;21757;21757.5;51
20250623 031400;21757;21758.75;21756.5;21758;22
20250623 031500;21758.25;21758.25;21757.75;21758;8
20250623 031600;21758;21761;21758;21759.5;20
20250623 031700;21759.25;21764.75;21759;21764;45
20250623 031800;21763.75;21767;21763.75;21765.25;46
20250623 031900;21765.75;21768;21765;21765;34
20250623 032000;21764.75;21766.25;21763;21763;33
20250623 032100;21764.5;21764.75;21761.5;21761.75;38
20250623 032200;21762.75;21766.25;21762.5;21765.75;32
20250623 032300;21764.5;21767;21764.25;21766.25;31
20250623 032400;21767;21767;21764.25;21765;25
20250623 032500;21765.75;21766;21759;21759.5;53
20250623 032600;21760.5;21762.75;21758.5;21759.5;57
20250623 032700;21759.25;21760.75;21758.5;21760.25;25
20250623 032800;21760.25;21761;21759.5;21759.5;5
20250623 032900;21760.25;21761;21756.5;21758.25;33
20250623 033000;21759;21761.5;21758;21761;41
20250623 033100;21761;21762.75;21759.75;21762.25;20
20250623 033200;21763;21765.75;21763;21765;24
20250623 033300;21764.5;21768;21764.5;21766.5;26
20250623 033400;21765.75;21765.75;21763;21763.5;43
20250623 033500;21763.75;21765.75;21762.75;21765;13
20250623 033600;21765;21768;21765;21766.75;23
20250623 033700;21766.5;21767.5;21761.75;21762.5;67
20250623 033800;21761.75;21764.25;21760;21763;54
20250623 033900;21764;21768;21764;21767.25;27
20250623 034000;21768;21769;21766;21766;21
20250623 034100;21765.75;21769.25;21765.5;21768;31
20250623 034200;21768.25;21774;21767.25;21769.75;143
20250623 034300;21769.5;21770;21767.75;21769.25;36
20250623 034400;21769.25;21770;21767.5;21770;16
20250623 034500;21769.5;21771.25;21769.25;21770.5;29
20250623 034600;21770;21771.25;21768.75;21769;40
20250623 034700;21770;21770.25;21766;21767.5;41
20250623 034800;21767.75;21768.75;21766.5;21766.5;10
20250623 034900;21766;21766.75;21765.25;21765.25;21
20250623 035000;21765.5;21766;21764.25;21765;36
20250623 035100;21764.25;21764.25;21762.25;21764.25;36
20250623 035200;21765.75;21766.5;21764.5;21764.5;24
20250623 035300;21764.5;21764.75;21758;21759.25;59
20250623 035400;21760;21764.25;21759.5;21761.75;46
20250623 035500;21762;21762.5;21761;21762.5;23
20250623 035600;21763;21764.5;21762.75;21763.75;13
20250623 035700;21764;21764.5;21760.25;21760.25;26
20250623 035800;21760.75;21761.25;21760.25;21760.75;7
20250623 035900;21760.5;21762.25;21760.25;21761;24
20250623 040000;21761.75;21767.75;21760.25;21766.75;95
20250623 040100;21766.75;21769;21765.25;21767;49
20250623 040200;21767.75;21770.5;21767.75;21769.5;42
20250623 040300;21769.5;21770.5;21768.5;21768.5;29
20250623 040400;21770;21770;21768.5;21768.5;17
20250623 040500;21769;21769.25;21765.25;21766;44
20250623 040600;21765;21766.25;21762.5;21762.5;27
20250623 040700;21762.75;21762.75;21759;21759;66
20250623 040800;21759.25;21764.25;21759.25;21761.25;65
20250623 040900;21762.25;21762.75;21759.75;21761.75;37
20250623 041000;21761;21764.25;21760.75;21763.75;13
20250623 041100;21763.25;21764.25;21762.5;21762.75;25
20250623 041200;21762;21763;21758.25;21759.25;41
20250623 041300;21758.75;21759.5;21757.5;21758.75;25
20250623 041400;21758.25;21760.75;21757.75;21758.75;22
20250623 041500;21759;21762.75;21759;21761.5;26
20250623 041600;21761.25;21762.25;21761.25;21762;6
20250623 041700;21762.25;21763;21761.25;21762.5;26
20250623 041800;21762.75;21765.5;21762.5;21765.5;24
20250623 041900;21765.5;21766.75;21764;21765.75;30
20250623 042000;21766;21767.25;21765.75;21766.5;14
20250623 042100;21768;21774;21767.25;21771;114
20250623 042200;21770.75;21772.25;21768.5;21768.5;67
20250623 042300;21768.75;21773;21768.75;21770.75;39
20250623 042400;21771.25;21771.25;21765.5;21767.75;44
20250623 042500;21768.25;21769;21767.75;21769;15
20250623 042600;21769.25;21769.25;21768.75;21768.75;8
20250623 042700;21769;21771.25;21767.75;21771.25;45
20250623 042800;21770.75;21771.25;21766.5;21768.25;42
20250623 042900;21766.75;21768.25;21765.5;21767;25
20250623 043000;21768;21769.5;21767;21767;35
20250623 043100;21767;21768.25;21766.75;21766.75;20
20250623 043200;21767;21769.25;21767;21768.5;17
20250623 043300;21768.25;21768.25;21766;21766.25;15
20250623 043400;21766;21766.5;21764.25;21766.5;31
20250623 043500;21765.5;21765.5;21762.25;21762.75;14
20250623 043600;21762.75;21763;21759.25;21762;60
20250623 043700;21762.25;21763.5;21761.75;21762.25;31
20250623 043800;21763;21763;21761.25;21761.75;10
20250623 043900;21762;21763;21760.75;21761.75;23
20250623 044000;21761.75;21767;21761.25;21766.25;76
20250623 044100;21766.25;21768.5;21766;21768;31
20250623 044200;21768.5;21768.5;21764.25;21764.25;31
20250623 044300;21765.75;21766;21763.75;21764;13
20250623 044400;21764;21766;21764;21764;28
20250623 044500;21764.5;21765.75;21763.75;21765.75;25
20250623 044600;21763.25;21765.5;21763.25;21763.75;10
20250623 044700;21764.75;21764.75;21762.25;21764;16
20250623 044800;21764;21766;21763.25;21763.5;25
20250623 044900;21763;21763;21759.5;21761.75;20
20250623 045000;21761.75;21762.5;21759.5;21760;29
20250623 045100;21760;21766;21759;21764.5;93
20250623 045200;21763.75;21765.25;21763;21764;24
20250623 045300;21763.75;21764;21762;21762.75;16
20250623 045400;21763.5;21763.75;21762.25;21762.25;23
20250623 045500;21762;21763.25;21761.25;21763.25;11
20250623 045600;21763.25;21764.5;21763.25;21764.25;15
20250623 045700;21764.75;21765;21763.5;21763.5;14
20250623 045800;21763.75;21764.5;21762.5;21763.75;23
20250623 045900;21764.25;21764.5;21763;21764.5;13
20250623 050000;21764.5;21765.25;21763.75;21765;30
20250623 050100;21765;21766;21763.75;21765.75;29
20250623 050200;21766.75;21769.25;21765.5;21766.5;47
20250623 050300;21767.25;21770;21767.25;21769.25;48
20250623 050400;21769.75;21771;21768.75;21769;45
20250623 050500;21769;21771;21769;21770.75;28
20250623 050600;21771;21776;21771;21773.5;164
20250623 050700;21773.5;21780;21772.5;21773;116
20250623 050800;21773.5;21785;21773.5;21781.75;120
20250623 050900;21782.25;21794.75;21782.25;21789;384
20250623 051000;21789;21791;21788.25;21788.75;59
20250623 051100;21789.75;21792;21788.25;21790.25;62
20250623 051200;21790.5;21798.5;21790.5;21793.75;193
20250623 051300;21795.5;21811.5;21795.25;21809.75;391
20250623 051400;21810.75;21811.25;21807.5;21808.25;100
20250623 051500;21807.5;21807.75;21802.5;21803.75;92
20250623 051600;21803;21810;21802.5;21809;110
20250623 051700;21808.75;21810.5;21807;21808.25;44
20250623 051800;21808.5;21816;21808.5;21809.25;119
20250623 051900;21809;21809;21805;21805.25;59
20250623 052000;21805.5;21805.5;21803.5;21803.75;61
20250623 052100;21804.25;21807.5;21801;21801;78
20250623 052200;21801.5;21802;21796.75;21800.5;121
20250623 052300;21800.25;21801;21792.75;21794;87
20250623 052400;21793.5;21797.25;21793.25;21795.5;120
20250623 052500;21795.25;21797.75;21794.75;21795;65
20250623 052600;21795;21797.5;21795;21796;48
20250623 052700;21795.5;21802.5;21795.5;21799.75;97
20250623 052800;21800;21801.25;21795.5;21796.25;66
20250623 052900;21796.25;21798.25;21794.25;21798.25;25
20250623 053000;21797.75;21800;21797.75;21798;36
20250623 053100;21798.25;21798.25;21795.5;21798.25;38
20250623 053200;21797.25;21799;21796.25;21798;34
20250623 053300;21798;21798;21792;21794.25;63
20250623 053400;21794;21796;21792;21795.25;63
20250623 053500;21794.75;21802.75;21794.25;21798.75;150
20250623 053600;21799;21802.25;21797.25;21797.75;76
20250623 053700;21797;21799.25;21795.75;21797.75;54
20250623 053800;21797.25;21797.75;21796;21797.25;47
20250623 053900;21797.75;21801.25;21797.75;21797.75;33
20250623 054000;21797;21797.75;21796.75;21797.75;21
20250623 054100;21796.75;21798.25;21795.25;21797.75;21
20250623 054200;21798.25;21798.5;21797;21797.5;17
20250623 054300;21797.75;21801.75;21797.75;21800.75;56
20250623 054400;21801;21804.25;21800.5;21802.25;65
20250623 054500;21802.5;21806.75;21802.25;21805.5;73
20250623 054600;21805;21807.75;21802.25;21805.5;69
20250623 054700;21805;21806.75;21803;21804.5;54
20250623 054800;21805.5;21806;21799.75;21801;64
20250623 054900;21800.5;21802.25;21797.25;21801.75;46
20250623 055000;21801;21801;21795;21799.5;78
20250623 055100;21800;21800;21790;21795.5;138
20250623 055200;21796.25;21797.25;21793.25;21794.75;88
20250623 055300;21795.5;21798.75;21795.25;21798.5;54
20250623 055400;21798.75;21799.75;21796.75;21799.5;35
20250623 055500;21799.5;21806;21799.5;21805;57
20250623 055600;21806;21809.5;21803;21806.5;162
20250623 055700;21805.25;21805.75;21801.25;21804.75;46
20250623 055800;21804.5;21805.5;21803;21803;26
20250623 055900;21802.5;21809;21802.5;21808;47
20250623 060000;21807.75;21810.25;21807.25;21809.75;39
20250623 060100;21809.5;21810.75;21806.75;21810.75;85
20250623 060200;21811.25;21813.75;21810;21813.5;100
20250623 060300;21814;21830;21813.25;21827.5;395
20250623 060400;21827.25;21828;21816.75;21819.75;165
20250623 060500;21820;21820.5;21813.5;21814.25;115
20250623 060600;21813.5;21819.25;21810;21818;111
20250623 060700;21818.5;21822.25;21818.25;21818.25;141
20250623 060800;21819;21819.25;21811.75;21813.75;74
20250623 060900;21814.25;21816.75;21813;21814;86
20250623 061000;21814.5;21814.5;21812;21812.75;60
20250623 061100;21812;21812.25;21807.25;21811;124
20250623 061200;21810.75;21810.75;21806;21807;92
20250623 061300;21807.25;21814.25;21805.75;21812.25;101
20250623 061400;21811;21813.75;21810;21813;35
20250623 061500;21813.5;21815.5;21809.5;21813.25;78
20250623 061600;21814.5;21816;21813.5;21814.25;37
20250623 061700;21814.25;21817;21813;21817;34
20250623 061800;21815.25;21816.5;21811.25;21812;82
20250623 061900;21813;21813;21808.75;21808.75;57
20250623 062000;21809.75;21811;21807.75;21808;53
20250623 062100;21808;21814.25;21807.5;21809;54
20250623 062200;21810;21811;21808.25;21809.75;48
20250623 062300;21809;21812;21808.5;21811.25;36
20250623 062400;21812;21812.5;21806.5;21807;47
20250623 062500;21807.25;21809;21803;21803;98
20250623 062600;21804;21805;21798.5;21802.25;171
20250623 062700;21801;21804;21797.75;21801.75;147
20250623 062800;21801.75;21805.75;21801.75;21805;59
20250623 062900;21805;21807.75;21802.5;21807.75;46
20250623 063000;21807.25;21810;21806.5;21809;68
20250623 063100;21809.75;21817.5;21809.75;21811;149
20250623 063200;21812;21816;21811;21813;69
20250623 063300;21812.75;21818;21812.75;21817.5;54
20250623 063400;21816.5;21818.25;21814.75;21815.25;35
20250623 063500;21815.25;21816.75;21810.25;21810.25;48
20250623 063600;21810.25;21812.25;21808;21808;76
20250623 063700;21808;21811;21807;21807;49
20250623 063800;21807.25;21808.5;21804.5;21808.5;61
20250623 063900;21809.5;21814.25;21809;21813.75;51
20250623 064000;21813.5;21815.5;21811.5;21812.5;40
20250623 064100;21813;21815;21811.75;21814;20
20250623 064200;21814.5;21818.5;21814.5;21818;51
20250623 064300;21819;21820.25;21817.5;21817.5;45
20250623 064400;21817.75;21817.75;21812.25;21813.75;52
20250623 064500;21813.25;21814.75;21810.25;21811.5;39
20250623 064600;21812;21817.25;21810.75;21815.5;91
20250623 064700;21815.75;21817;21815;21816.25;22
20250623 064800;21815.5;21817.25;21815.25;21815.5;25
20250623 064900;21816.5;21817.5;21816;21816.75;22
20250623 065000;21817;21819.25;21815.25;21819.25;37
20250623 065100;21818.25;21825.5;21818.25;21824;115
20250623 065200;21824.75;21832;21821;21825.25;314
20250623 065300;21825.5;21831;21825.25;21831;92
20250623 065400;21831.5;21835.75;21826.25;21826.5;170
20250623 065500;21826.25;21826.25;21822;21826;117
20250623 065600;21824.75;21825.25;21820.75;21822.5;73
20250623 065700;21823;21827.25;21822.5;21826.25;128
20250623 065800;21827;21827;21819.25;21819.75;62
20250623 065900;21819.75;21820.5;21815.5;21815.75;71
20250623 070000;21815.5;21819.75;21814.75;21819.25;103
20250623 070100;21819.75;21831;21819;21829.5;264
20250623 070200;21828.75;21829;21823;21824.75;105
20250623 070300;21824.75;21832.25;21824.5;21825.25;123
20250623 070400;21826;21826.75;21822;21823;86
20250623 070500;21821.75;21829;21821.5;21828.75;95
20250623 070600;21828.25;21829.25;21823.5;21829;138
20250623 070700;21829.75;21831;21826;21826.5;122
20250623 070800;21825.75;21828;21824;21824;94
20250623 070900;21824;21834.75;21822.25;21833.25;155
20250623 071000;21834;21844.75;21833.25;21843.5;283
20250623 071100;21843.75;21861.75;21843.25;21859;573
20250623 071200;21859;21861;21856.5;21859.5;227
20250623 071300;21859.75;21871.25;21859.75;21869.25;349
20250623 071400;21870.5;21871.5;21866.5;21870.75;182
20250623 071500;21871.75;21872.5;21863.75;21867.5;165
20250623 071600;21867;21868.75;21856;21857;216
20250623 071700;21857;21857;21848;21848;218
20250623 071800;21848.25;21848.25;21838;21838;319
20250623 071900;21838.25;21838.25;21830.25;21831.75;174
20250623 072000;21832;21834;21829;21832.25;149
20250623 072100;21830.25;21838.25;21826.25;21837.25;347
20250623 072200;21837;21850;21835.25;21848.5;259
20250623 072300;21848.75;21850.5;21840.25;21843;178
20250623 072400;21843.25;21849;21843;21847.75;86
20250623 072500;21849;21850;21846;21846.25;101
20250623 072600;21845;21848.25;21841.75;21846.5;101
20250623 072700;21846.75;21854;21844;21852.25;122
20250623 072800;21852.75;21854.25;21846.5;21847.25;95
20250623 072900;21846;21848.75;21842.25;21842.25;101
20250623 073000;21842.75;21852.25;21842.75;21851;96
20250623 073100;21851.5;21858.25;21850.25;21855.25;131
20250623 073200;21853.75;21855;21846.75;21853;93
20250623 073300;21853.25;21857;21852.75;21854.75;89
20250623 073400;21856;21863.75;21854.75;21863;128
20250623 073500;21863.75;21865;21858.5;21858.5;149
20250623 073600;21859.5;21865.25;21858.5;21864.75;107
20250623 073700;21864.5;21884;21864;21882;467
20250623 073800;21883;21889.25;21882.25;21889;294
20250623 073900;21889.25;21890.5;21880;21883;170
20250623 074000;21883.75;21896.75;21883.25;21891;211
20250623 074100;21890.75;21900.25;21890.75;21896;363
20250623 074200;21897.25;21898;21887.5;21890.25;221
20250623 074300;21889.5;21889.5;21883;21883.75;117
20250623 074400;21883;21886.25;21876.25;21883.75;210
20250623 074500;21883.75;21893.5;21883.5;21888.25;181
20250623 074600;21889.75;21892.5;21888.5;21891.75;66
20250623 074700;21892;21893;21884.5;21886.5;127
20250623 074800;21886.5;21888.75;21883;21885.25;124
20250623 074900;21885.75;21890.25;21885;21887.75;52
20250623 075000;21888;21893.75;21888;21888.5;109
20250623 075100;21890;21894;21890;21890.75;67
20250623 075200;21892.25;21896;21890;21895.75;126
20250623 075300;21895.5;21902;21894.75;21898.25;200
20250623 075400;21898.5;21904.75;21897.5;21902;189
20250623 075500;21901.5;21904;21900;21900;130
20250623 075600;21900.5;21904.75;21900;21901.25;89
20250623 075700;21901.75;21903;21896.25;21896.5;103
20250623 075800;21896.25;21902.5;21896.25;21901.5;94
20250623 075900;21901.5;21904.25;21898;21898;84
20250623 080000;21897.75;21904;21894.5;21895.5;122
20250623 080100;21896;21899.5;21887.75;21888.5;453
20250623 080200;21889.25;21894.75;21887.5;21893.5;170
20250623 080300;21893.25;21893.25;21881.5;21882.5;229
20250623 080400;21882.5;21890.25;21879;21890.25;221
20250623 080500;21889.25;21895.25;21887.25;21887.75;185
20250623 080600;21888.25;21891;21883;21890;137
20250623 080700;21890.5;21892.75;21888.25;21892.75;117
20250623 080800;21892.5;21894;21890;21892.5;87
20250623 080900;21893.5;21915;21893.5;21913;494
20250623 081000;21913.75;21921;21913.75;21919.25;419
20250623 081100;21920;21939;21920;21928;650
20250623 081200;21928.5;21938.75;21927.5;21935.5;257
20250623 081300;21935.5;21944.25;21933.5;21933.5;325
20250623 081400;21932.5;21938;21928.75;21929.75;220
20250623 081500;21930.25;21932.75;21917.25;21918.25;291
20250623 081600;21917.75;21920.5;21914.5;21918.25;225
20250623 081700;21918.25;21921;21907.5;21908.25;177
20250623 081800;21908.75;21911.75;21906.5;21908;176
20250623 081900;21909;21913;21907.25;21910.5;136
20250623 082000;21910.25;21912;21904.75;21907.25;107
20250623 082100;21907.5;21915.25;21907.5;21909.75;114
20250623 082200;21909.75;21920.25;21909;21918.25;71
20250623 082300;21918.5;21921.5;21910.25;21910.25;168
20250623 082400;21909.75;21915;21906.5;21908.5;113
20250623 082500;21909;21909.5;21905.25;21906.75;57
20250623 082600;21906;21907.25;21897;21902.25;172
20250623 082700;21903;21906.25;21900.25;21905.25;51
20250623 082800;21905;21905;21899;21901.5;67
20250623 082900;21903.25;21911;21900.25;21907.25;111
20250623 083000;21906;21910.25;21905.25;21908.75;83
20250623 083100;21909.25;21912.75;21902;21906.25;130
20250623 083200;21906.25;21907.25;21903;21903;81
20250623 083300;21904;21907;21903.75;21906;67
20250623 083400;21906.25;21909.75;21902.25;21909.75;102
20250623 083500;21909.25;21911.75;21907.75;21907.75;56
20250623 083600;21908.5;21909.25;21906.75;21907;30
20250623 083700;21908.5;21916.75;21908;21915.25;85
20250623 083800;21916.5;21917.25;21911.75;21915.5;73
20250623 083900;21914.75;21916.75;21911.5;21911.5;74
20250623 084000;21912.25;21914;21911;21911.75;32
20250623 084100;21913.25;21914;21909.75;21911.5;93
20250623 084200;21911.75;21917;21908.75;21911.5;70
20250623 084300;21911.25;21912.75;21903.5;21909.5;121
20250623 084400;21909.5;21913.5;21907.25;21907.75;87
20250623 084500;21908;21915.75;21907;21915.5;64
20250623 084600;21916.25;21918.5;21912.75;21917.25;88
20250623 084700;21916.5;21917.25;21912.75;21912.75;48
20250623 084800;21913.5;21918.75;21911;21918.75;86
20250623 084900;21917.5;21918.75;21906;21907.25;125
20250623 085000;21907;21910;21904.5;21905.5;89
20250623 085100;21905.5;21911;21902;21911;109
20250623 085200;21910.5;21910.5;21902;21905.25;93
20250623 085300;21905.75;21906.5;21903.25;21904.75;69
20250623 085400;21904.5;21904.5;21897;21900.25;110
20250623 085500;21899.5;21903;21899.5;21902.25;38
20250623 085600;21903.25;21914;21902.25;21913.25;108
20250623 085700;21913.25;21913.5;21906.5;21909.25;77
20250623 085800;21908.5;21908.75;21905.25;21905.5;48
20250623 085900;21905;21907.25;21903.25;21907.25;43
20250623 090000;21907.5;21908.75;21905.5;21905.75;23
20250623 090100;21906.5;21908;21900;21903.25;199
20250623 090200;21902;21906.25;21899.25;21906.25;130
20250623 090300;21906.75;21906.75;21903;21905.25;33
20250623 090400;21904.75;21911.5;21904.25;21910;57
20250623 090500;21909.25;21909.25;21900.75;21902.25;51
20250623 090600;21901;21903;21898.5;21899;61
20250623 090700;21898.75;21899.5;21895;21896.75;120
20250623 090800;21896.5;21898;21891.25;21892.5;133
20250623 090900;21892.25;21892.25;21887;21888.5;155
20250623 091000;21888.5;21890;21881.25;21883.75;213
20250623 091100;21884.25;21892.25;21881.25;21891.25;225
20250623 091200;21892;21904.5;21892;21904.5;208
20250623 091300;21904.5;21906.5;21901;21901;82
20250623 091400;21901.5;21905;21901;21902.25;44
20250623 091500;21903.5;21904.5;21900;21903.5;69
20250623 091600;21903.5;21907.5;21903;21907.5;119
20250623 091700;21908;21911.25;21905.75;21908;194
20250623 091800;21909.25;21916.75;21907.75;21915.75;221
20250623 091900;21916.25;21923.5;21916.25;21923;278
20250623 092000;21923.25;21926.25;21917.5;21925.75;163
20250623 092100;21926;21927.5;21922;21925.5;140
20250623 092200;21926.25;21934.25;21925.5;21925.75;285
20250623 092300;21926;21926.25;21909.5;21911.5;252
20250623 092400;21911.25;21912.75;21906;21908.5;100
20250623 092500;21908;21916;21906.5;21915;136
20250623 092600;21914.75;21914.75;21907.75;21908.75;66
20250623 092700;21909.25;21909.5;21903.25;21904.75;115
20250623 092800;21906.25;21908.75;21904.25;21904.5;70
20250623 092900;21904.25;21904.5;21902;21904;44
20250623 093000;21903;21903.5;21898.25;21899.5;98
20250623 093100;21899.5;21900;21896.5;21898;126
20250623 093200;21898.75;21900;21896.25;21898;72
20250623 093300;21897.25;21898.75;21896.5;21897;45
20250623 093400;21896.5;21905.5;21896.5;21904.25;88
20250623 093500;21904;21906.75;21903;21903.75;92
20250623 093600;21902.75;21903;21900.25;21901.5;38
20250623 093700;21901.5;21901.75;21898.75;21898.75;67
20250623 093800;21899.75;21899.75;21894;21896.25;99
20250623 093900;21897.5;21898.75;21894.5;21895.75;50
20250623 094000;21896;21896.25;21894.25;21895;50
20250623 094100;21895;21900;21893;21898.5;101
20250623 094200;21898.75;21899.5;21897.5;21897.5;91
20250623 094300;21898.25;21898.75;21894;21894;64
20250623 094400;21894.5;21895.75;21893.5;21894.75;30
20250623 094500;21895;21898.5;21895;21896;31
20250623 094600;21896.25;21896.75;21892.5;21895.25;57
20250623 094700;21895.75;21898.25;21894.5;21898.25;32
20250623 094800;21897.75;21901.25;21894.75;21894.75;74
20250623 094900;21894.75;21895.25;21891.25;21893.5;74
20250623 095000;21894.25;21897.5;21894.25;21896;33
20250623 095100;21895.75;21896;21892.75;21895.75;35
20250623 095200;21895;21896.25;21893.75;21894.5;54
20250623 095300;21894;21894.75;21891.5;21893.25;25
20250623 095400;21892.75;21893.5;21890.75;21892.5;15
20250623 095500;21893;21895.25;21891.75;21892.5;35
20250623 095600;21892.25;21893.75;21888.75;21891.75;94
20250623 095700;21891.5;21891.5;21890;21891.5;16
20250623 095800;21892.75;21893.5;21889.25;21890;23
20250623 095900;21890.25;21891.75;21889.5;21891;42
20250623 100000;21891.25;21892.25;21882.75;21883.5;195
20250623 100100;21883.75;21890;21876.5;21877.75;427
20250623 100200;21877;21886;21870.25;21881.25;589
20250623 100300;21881.75;21888;21875.75;21886.75;219
20250623 100400;21886.25;21890.5;21883.25;21888.75;100
20250623 100500;21888;21890.25;21876;21885.5;177
20250623 100600;21884.75;21894.25;21880.5;21891.75;171
20250623 100700;21891.25;21892.75;21887.75;21889.25;48
20250623 100800;21888.25;21896.25;21888;21896;90
20250623 100900;21896.75;21899.75;21889.5;21890;200
20250623 101000;21890.25;21891;21883.5;21884.75;126
20250623 101100;21884.5;21885.5;21872.25;21879.25;238
20250623 101200;21878.25;21888;21877.25;21887.5;79
20250623 101300;21887.25;21924.75;21885.25;21906;932
20250623 101400;21905;21905;21893;21894;110
20250623 101500;21893;21895.5;21889.5;21894.5;81
20250623 101600;21895.5;21897.5;21892;21892.25;65
20250623 101700;21891.5;21891.5;21884;21885.25;88
20250623 101800;21885.25;21887.5;21883.25;21883.5;51
20250623 101900;21883.5;21883.75;21874.75;21874.75;134
20250623 102000;21874.5;21883;21874.5;21883;82
20250623 102100;21882;21887;21881.25;21883;81
20250623 102200;21882.5;21882.75;21878.75;21878.75;93
20250623 102300;21880;21881;21875.25;21875.25;71
20250623 102400;21875.25;21876.75;21867;21870;209
20250623 102500;21870.5;21872.75;21867;21872;95
20250623 102600;21872.25;21879;21871.75;21877.25;134
20250623 102700;21879.25;21883.25;21872.75;21878;176
20250623 102800;21877.75;21879.75;21872.25;21873.5;43
20250623 102900;21873.75;21876.5;21871.25;21874.5;72
20250623 103000;21874.25;21874.25;21871.25;21871.25;34
20250623 103100;21871.25;21871.25;21863.5;21867;170
20250623 103200;21867.25;21872;21866.25;21866.5;112
20250623 103300;21867.25;21874.5;21865;21873;98
20250623 103400;21872.25;21873;21871;21871.75;35
20250623 103500;21871.25;21874.75;21871;21873.75;70
20250623 103600;21872.5;21881.75;21871.75;21873.25;119
20250623 103700;21873.75;21875.5;21868.5;21870.25;130
20250623 103800;21870.25;21874;21868.25;21869.75;133
20250623 103900;21869.75;21870;21866.75;21869;42
20250623 104000;21870;21872;21866.75;21867;101
20250623 104100;21867;21870.75;21865.25;21865.25;94
20250623 104200;21865.5;21865.5;21848.25;21850.5;502
20250623 104300;21850.5;21852.75;21848.5;21852.25;139
20250623 104400;21853;21855.5;21850.5;21853;126
20250623 104500;21853.25;21853.25;21850.25;21852.25;69
20250623 104600;21852.5;21856.75;21850;21855.25;106
20250623 104700;21856;21857.5;21852.75;21853.25;57
20250623 104800;21852.75;21855.25;21846.25;21852.5;168
20250623 104900;21851.5;21858.5;21851.5;21856.75;68
20250623 105000;21856.75;21858;21852;21852;50
20250623 105100;21852.75;21856.5;21852.5;21855.5;33
20250623 105200;21855.25;21859.25;21855;21858.5;84
20250623 105300;21858.5;21860.75;21856.25;21859;69
20250623 105400;21859.5;21859.75;21856.5;21858.25;68
20250623 105500;21858;21862.5;21858;21860.25;98
20250623 105600;21859.25;21861.5;21855.5;21861;86
20250623 105700;21860.5;21861.25;21853.5;21854.25;72
20250623 105800;21855;21864;21851.5;21858.5;181
20250623 105900;21858.75;21863;21858.75;21859.25;63
20250623 110000;21859.25;21859.5;21856.5;21857.75;51
20250623 110100;21858.25;21859;21852.25;21858.5;120
20250623 110200;21859.25;21864.25;21859.25;21861.25;134
20250623 110300;21861.25;21861.25;21853.5;21853.5;88
20250623 110400;21853.25;21857.5;21850.5;21851.5;144
20250623 110500;21852.25;21853;21848;21849;115
20250623 110600;21848.75;21850.25;21836.75;21841.5;332
20250623 110700;21842.75;21843;21833;21835;226
20250623 110800;21835;21836.25;21827.25;21827.5;268
20250623 110900;21827.75;21835;21825.75;21835;150
20250623 111000;21834.5;21838.5;21830.75;21831;140
20250623 111100;21830.5;21838;21830.25;21834;107
20250623 111200;21833.25;21833.5;21823.75;21824.5;137
20250623 111300;21824.75;21827.5;21821.25;21821.25;131
20250623 111400;21821;21830.5;21816;21830.5;297
20250623 111500;21830.25;21832.75;21826;21826;130
20250623 111600;21826.25;21826.25;21822;21822.75;109
20250623 111700;21822.5;21822.5;21815.5;21817.5;155
20250623 111800;21817.5;21820.75;21808.5;21809.75;214
20250623 111900;21809.25;21816.75;21808.25;21816;164
20250623 112000;21816.5;21822;21814.5;21819.25;91
20250623 112100;21819.75;21819.75;21810.5;21813.75;127
20250623 112200;21813;21814;21805;21808.5;265
20250623 112300;21807.25;21811.75;21805.5;21806.25;198
20250623 112400;21807.25;21808.75;21804;21807;151
20250623 112500;21807.5;21809;21801.25;21806.75;172
20250623 112600;21807.5;21807.5;21799.5;21802;225
20250623 112700;21802.5;21804.5;21791.5;21803.5;326
20250623 112800;21803.5;21807.75;21798.75;21803;296
20250623 112900;21804;21812;21801.75;21808.75;217
20250623 113000;21809;21815.75;21807.75;21813.25;253
20250623 113100;21813.5;21816.5;21805.5;21814;249
20250623 113200;21814.5;21820.75;21812.5;21815.5;220
20250623 113300;21814.75;21820.5;21810.75;21813.5;180
20250623 113400;21813.5;21814.25;21806.25;21812;129
20250623 113500;21810.5;21814.5;21809.5;21813.25;81
20250623 113600;21812.75;21815.25;21810;21813.75;57
20250623 113700;21814.25;21823.25;21813.25;21818.25;280
20250623 113800;21818;21821.25;21814;21816.5;119
20250623 113900;21816;21819.75;21814.5;21819.75;72
20250623 114000;21819;21823.5;21816.75;21821.5;144
20250623 114100;21821.25;21821.25;21804;21807.75;276
20250623 114200;21806.75;21806.75;21798.75;21802.75;165
20250623 114300;21802;21805.5;21801;21803.5;78
20250623 114400;21804;21805.5;21796;21797.75;250
20250623 114500;21797.75;21799.5;21790.25;21795.5;239
20250623 114600;21795.5;21799.5;21776;21777;436
20250623 114700;21777.25;21792.5;21775;21790;408
20250623 114800;21790.75;21795.5;21787.75;21795.5;171
20250623 114900;21795;21798.5;21790.25;21797.75;176
20250623 115000;21797.75;21806.25;21796.25;21804.5;182
20250623 115100;21803.5;21803.5;21792.75;21796.25;232
20250623 115200;21796;21797.75;21792.75;21795.75;119
20250623 115300;21796;21805.25;21795.5;21805.25;127
20250623 115400;21805.75;21813;21805.75;21811.75;229
20250623 115500;21812.5;21815.25;21810;21813.75;168
20250623 115600;21814;21824.25;21813.75;21822.75;226
20250623 115700;21823.5;21826.75;21818.75;21822.25;246
20250623 115800;21821;21828;21819.75;21826.75;101
20250623 115900;21826.25;21828.75;21823.75;21827.5;149
20250623 120000;21827;21828.75;21824.75;21824.75;94
20250623 120100;21825.25;21833.5;21825.25;21833.5;312
20250623 120200;21833.75;21839.25;21832.5;21838.25;277
20250623 120300;21838.75;21843.5;21834;21836.5;261
20250623 120400;21836;21839.5;21834.5;21838.25;119
20250623 120500;21837.25;21840;21835.75;21839.25;149
20250623 120600;21839.5;21841;21836;21836.5;107
20250623 120700;21837;21839;21832.75;21834;114
20250623 120800;21834.5;21834.5;21818.75;21820.75;327
20250623 120900;21821.25;21823.25;21817.25;21822;115
20250623 121000;21821.25;21825.5;21819.5;21820.25;159
20250623 121100;21820.75;21829.25;21820.5;21829.25;111
20250623 121200;21829.75;21835.25;21823;21831.25;191
20250623 121300;21831.75;21841.5;21831;21838;190
20250623 121400;21837.75;21839.25;21833.75;21838.75;119
20250623 121500;21838.5;21845.5;21838;21844.75;246
20250623 121600;21844.75;21849.75;21843.5;21848;277
20250623 121700;21848.25;21849.5;21845.25;21847.5;160
20250623 121800;21846.75;21853.75;21846.75;21849.5;214
20250623 121900;21849.25;21852;21843.25;21843.25;142
20250623 122000;21843.5;21844.75;21835.75;21838.5;234
20250623 122100;21838;21842.5;21832.75;21836.5;257
20250623 122200;21836;21843;21835.25;21842;115
20250623 122300;21842.5;21844.75;21840.5;21843.5;87
20250623 122400;21844.5;21844.5;21840.25;21842.5;53
20250623 122500;21841.75;21844.5;21841.25;21843.25;80
20250623 122600;21843.75;21849.5;21843.25;21846.5;88
20250623 122700;21848;21850.75;21846.75;21849;84
20250623 122800;21850;21851.75;21847;21850.25;64
20250623 122900;21850.25;21851.5;21841;21842.75;209
20250623 123000;21842.75;21847;21836.75;21837.5;147
20250623 123100;21838;21843;21835.5;21842.5;220
20250623 123200;21842.25;21845;21837.75;21844;129
20250623 123300;21844;21850.75;21844;21848;195
20250623 123400;21848.25;21855;21848;21854;187
20250623 123500;21854.5;21860;21854;21857.75;190
20250623 123600;21858.25;21860.5;21857.25;21857.25;132
20250623 123700;21857.75;21865.75;21857;21862.75;176
20250623 123800;21863.25;21868.75;21859.25;21868;262
20250623 123900;21868.5;21871.5;21866;21867.25;219
20250623 124000;21866.5;21867.5;21863.5;21865;106
20250623 124100;21864.5;21868.25;21861.75;21861.75;142
20250623 124200;21863;21869.5;21862.5;21867.5;125
20250623 124300;21867.25;21873.75;21867;21869;196
20250623 124400;21869;21871.25;21867.75;21869.75;73
20250623 124500;21869;21869.75;21866;21868;110
20250623 124600;21868.5;21869;21864.25;21868.25;141
20250623 124700;21868;21874.25;21866.5;21871.5;228
20250623 124800;21872.25;21873.25;21868.25;21871.75;125
20250623 124900;21870.75;21873.5;21870.5;21870.5;128
20250623 125000;21870.5;21870.5;21864.75;21867.75;154
20250623 125100;21867.25;21875;21865.25;21873.5;165
20250623 125200;21874.75;21876.5;21872.25;21875.75;84
20250623 125300;21876;21876.75;21871;21874.25;125
20250623 125400;21873.75;21878.75;21872;21875.75;95
20250623 125500;21877;21879.5;21876.5;21877.75;134
20250623 125600;21877.75;21878;21876;21876.75;77
20250623 125700;21876.25;21883.5;21873;21883;281
20250623 125800;21882.75;21883.75;21879.25;21880;144
20250623 125900;21879.5;21884.25;21878;21883.25;159
20250623 130000;21882.75;21886.5;21880.75;21883.5;175
20250623 130100;21883.25;21884.75;21879.5;21880.75;269
20250623 130200;21881.5;21887.25;21877;21886.25;272
20250623 130300;21886.25;21887;21880.75;21884.5;109
20250623 130400;21884.75;21887.5;21882;21883.5;181
20250623 130500;21882.75;21883.25;21879.5;21881;105
20250623 130600;21881.75;21885.25;21876.25;21884.25;253
20250623 130700;21884.5;21888;21882.25;21887.5;192
20250623 130800;21887.25;21889.25;21886.5;21888.5;162
20250623 130900;21888.25;21889.25;21866.5;21878.25;1494
20250623 131000;21878;21879.25;21869;21874.75;454
20250623 131100;21874.5;21878.75;21866;21867.25;424
20250623 131200;21867;21868.5;21855.75;21861.5;767
20250623 131300;21862;21867.25;21858.75;21866.25;321
20250623 131400;21866.5;21878;21866;21872.25;422
20250623 131500;21871.5;21876.25;21867.5;21873;143
20250623 131600;21873;21874.25;21869;21871.5;172
20250623 131700;21870.5;21871.75;21865.75;21870.25;174
20250623 131800;21870.5;21884.25;21870;21884.25;297
20250623 131900;21884.5;21890;21882;21883.75;396
20250623 132000;21884;21889.5;21879.75;21880;261
20250623 132100;21880.5;21885.25;21880.25;21883.25;153
20250623 132200;21883.25;21883.75;21877;21882.25;205
20250623 132300;21882;21886;21879;21881.25;140
20250623 132400;21881.75;21886.75;21880.75;21885;118
20250623 132500;21885.25;21887.5;21877;21877;378
20250623 132600;21879;21881;21870.5;21875.5;788
20250623 132700;21875.25;21876;21872.75;21873.75;180
20250623 132800;21874.25;21876;21856;21861.5;879
20250623 132900;21861.25;21871.75;21857.75;21870.25;753
20250623 133000;21869.75;21872;21858.75;21869.5;841
20250623 133100;21869.25;21871;21838.75;21849;3635
20250623 133200;21847.75;21849.5;21813.5;21820.75;3502
20250623 133300;21820.25;21825.25;21784.25;21810.5;3815
20250623 133400;21810.5;21810.5;21769.75;21789.5;2844
20250623 133500;21790;21793.75;21758.5;21784;2892
20250623 133600;21784.5;21802.5;21774.5;21800.25;2306
20250623 133700;21801;21854.25;21796.75;21842.5;3857
20250623 133800;21842.75;21857.75;21842.25;21853.5;1489
20250623 133900;21854.25;21867.5;21847.75;21860.25;1679
20250623 134000;21860.75;21869;21851.5;21867.5;1099
20250623 134100;21867.5;21869.25;21855;21855;1578
20250623 134200;21855;21867;21854;21860.5;1276
20250623 134300;21860.5;21871.75;21860;21860.75;1324
20250623 134400;21860.75;21885.75;21859;21875;1812
20250623 134500;21875.25;21881;21866.75;21876.75;888
20250623 134600;21876.75;21894;21868;21871.25;1641
20250623 134700;21870.25;21885.25;21861;21883.75;1428
20250623 134800;21884;21901.75;21882.25;21895.75;1842
20250623 134900;21897;21911.5;21896.25;21907.5;1667
20250623 135000;21908;21915.75;21902;21904;1286
20250623 135100;21904.25;21908;21893;21897;1245
20250623 135200;21896.75;21910.75;21896.25;21898.75;986
20250623 135300;21898.75;21914;21894.75;21908.75;1067
20250623 135400;21908.75;21921.25;21908.25;21919.75;1049
20250623 135500;21919.5;21926;21915;21922.5;1102
20250623 135600;21923;21924;21911.75;21916.25;776
20250623 135700;21916.5;21920;21910.75;21916.5;582
20250623 135800;21915.75;21918.25;21904.5;21908;894
20250623 135900;21908.25;21919.75;21904.75;21916.75;791
20250623 140000;21916.75;21928.5;21915.5;21925.25;960
20250623 140100;21925.25;21956.25;21925.25;21930.25;3636
20250623 140200;21931.5;21950.25;21931.5;21947.25;1659
20250623 140300;21947.5;21959.25;21941.5;21955.5;2572
20250623 140400;21956;21960;21947;21948.25;1283
20250623 140500;21948.25;21959.75;21948.25;21956.25;1468
20250623 140600;21957;21978;21957;21975.25;2727
20250623 140700;21975.25;21988.25;21975.25;21986.5;1758
20250623 140800;21986.5;21991.5;21974.25;21980.75;1663
20250623 140900;21981;21990.75;21975;21990.5;1316
20250623 141000;21990.5;21994.5;21982.5;21986;1441
20250623 141100;21986.5;21989.75;21965.75;21971.25;1851
20250623 141200;21970.25;21978.25;21960.25;21960.5;1224
20250623 141300;21961;21980.25;21958.25;21975.5;1630
20250623 141400;21975.25;21984.5;21974.75;21980.25;918
20250623 141500;21980.25;21988.25;21979.5;21980.75;786
20250623 141600;21981.25;21986.5;21965.25;21967.5;1429
20250623 141700;21968;21977.25;21963;21972;1045
20250623 141800;21972.25;21983.75;21971.75;21980.75;651
20250623 141900;21981;22006.5;21981;22005.75;2412
20250623 142000;22006.25;22009.75;21997.25;21997.75;1171
20250623 142100;21997.75;22012.25;21997;22008;1258
20250623 142200;22008.5;22010.25;21996.5;22004.75;1146
20250623 142300;22004.25;22009.75;21989.5;21990.75;963
20250623 142400;21991.5;21998.75;21986.5;21987;829
20250623 142500;21987.25;22000;21985.5;21996;815
20250623 142600;21996.25;22001.25;21990;21998;803
20250623 142700;21997.75;22002;21994.75;21997.25;668
20250623 142800;21997.5;21999.5;21978.5;21981.25;999
20250623 142900;21981;21988;21970;21986.75;1390
20250623 143000;21986.5;21993.25;21981.75;21983.5;779
20250623 143100;21985;21990.75;21973.25;21976.25;1105
20250623 143200;21976.5;21985.25;21970.5;21979.25;817
20250623 143300;21979.75;21992.5;21978.25;21986;708
20250623 143400;21985.75;21994;21984.25;21989;610
20250623 143500;21989.5;21994.25;21984.75;21991;553
20250623 143600;21990;21994.25;21983;21986.25;660
20250623 143700;21985.5;21987.75;21974.75;21987.25;808
20250623 143800;21987;21994;21981.5;21983.25;770
20250623 143900;21985.25;21985.75;21977.25;21985.75;717
20250623 144000;21984.25;21990;21978.25;21983.75;551
20250623 144100;21984.75;21993.5;21982.75;21991.75;655
20250623 144200;21992;21995;21988.25;21990.5;523
20250623 144300;21990;22000.5;21986.25;21998.25;849
20250623 144400;21998.5;22005.5;21994.5;21998;950
20250623 144500;21998.5;22005;21992.25;22005;669
20250623 144600;22005;22018;22002.25;22003;1615
20250623 144700;22003.25;22012;21996;22010.75;1083
20250623 144800;22010.5;22016;21999.5;22000.25;814
20250623 144900;21999.5;22000.75;21982.25;21986;1246
20250623 145000;21986.25;21990;21980.5;21985;625
20250623 145100;21985;21995.25;21982.5;21993.5;667
20250623 145200;21994;21995.5;21981.5;21981.75;631
20250623 145300;21982.25;21986.25;21978.75;21981;701
20250623 145400;21980.5;21988.5;21975.25;21987.5;911
20250623 145500;21988.25;21988.25;21978.75;21980.75;486
20250623 145600;21981.25;21988.25;21969.5;21973.5;1107
20250623 145700;21973.5;21975;21956;21958.5;1467
20250623 145800;21958.25;21965;21950.25;21964.25;1562
20250623 145900;21964.5;21965.75;21955;21956.25;555
20250623 150000;21957;21961.5;21950;21954;625
20250623 150100;21955.25;21960.75;21951;21955.75;1097
20250623 150200;21955.75;21975.5;21955.75;21971;1488
20250623 150300;21971.25;21978.5;21966.5;21976.75;647
20250623 150400;21977;21991.25;21975;21989.25;859
20250623 150500;21989.75;21994;21983;21988;698
20250623 150600;21988;21994.25;21983.5;21990.25;518
20250623 150700;21990.75;21997;21987.5;21995.5;711
20250623 150800;21995;22001.75;21994.75;21997.5;856
20250623 150900;21997.5;22001.5;21994.5;21998.75;415
20250623 151000;21999;21999;21987.75;21997.5;745
20250623 151100;21997.5;22004;21996.75;21999.5;477
20250623 151200;21999.5;22000.75;21994;21996.75;334
20250623 151300;21997.25;21998;21989;21990.5;590
20250623 151400;21990.25;21996.75;21987;21995.25;446
20250623 151500;21996;22003.75;21996;22001.75;619
20250623 151600;22001.5;22006.25;21999.5;22002;711
20250623 151700;22002.75;22004.25;21996;22002.25;567
20250623 151800;22002;22002.25;21995;21997.75;488
20250623 151900;21997;22001.25;21990.75;22000.5;573
20250623 152000;22000;22001.25;21994.5;21995.25;360
20250623 152100;21995.75;21998.25;21992;21996.25;399
20250623 152200;21997;21997;21977.5;21978.25;934
20250623 152300;21978;21984;21976.5;21977.75;751
20250623 152400;21978;21985.75;21978;21983.5;430
20250623 152500;21984;21986.5;21979.75;21982;524
20250623 152600;21982.75;21985.75;21971.25;21973.5;731
20250623 152700;21972.25;21976;21965.75;21967.5;723
20250623 152800;21966.75;21967.25;21960;21961.75;747
20250623 152900;21961.25;21966;21959.25;21962.5;477
20250623 153000;21962.5;21963.5;21944.75;21946.5;1418
20250623 153100;21946.5;21963.75;21932;21961.5;2244
20250623 153200;21960.75;21965.5;21956;21959.25;806
20250623 153300;21959;21965.75;21953.25;21964;752
20250623 153400;21963.75;21964;21947.75;21949.75;951
20250623 153500;21949.5;21964.5;21947.25;21961.5;695
20250623 153600;21961;21963;21943;21952;1119
20250623 153700;21951.5;21957.5;21947;21956;435
20250623 153800;21955.75;21963.75;21952;21961.5;499
20250623 153900;21961.5;21967.5;21957.5;21966.25;621
20250623 154000;21966.75;21966.75;21949.25;21949.25;528
20250623 154100;21949.25;21955;21941.5;21952.25;822
20250623 154200;21951.75;21951.75;21923.75;21924.25;1349
20250623 154300;21924.25;21943.25;21922.25;21941.25;1270
20250623 154400;21941;21950.5;21939.5;21946.75;818
20250623 154500;21945.75;21951;21943.5;21945.75;464
20250623 154600;21945.5;21949.75;21933.75;21941;812
20250623 154700;21940.75;21947.5;21936;21945;449
20250623 154800;21944.25;21945.25;21937;21941.25;556
20250623 154900;21940.5;21952.5;21939;21944.5;616
20250623 155000;21945;21950;21942.5;21949.75;321
20250623 155100;21949;21953;21943.5;21946;609
20250623 155200;21945.75;21963.5;21939.75;21961.5;908
20250623 155300;21961.75;21965.5;21945.5;21948.75;925
20250623 155400;21949.5;21958;21947.25;21951.75;542
20250623 155500;21952.25;21953;21941;21944;541
20250623 155600;21943.5;21959.5;21938;21957;1180
20250623 155700;21957.25;21963;21949;21952;631
20250623 155800;21951.25;21953;21945.5;21948;420
20250623 155900;21947.75;21951.25;21940;21944.25;397
20250623 160000;21944.25;21944.5;21936.5;21938.5;607
20250623 160100;21938.75;21942.75;21930;21935.75;963
20250623 160200;21935.75;21940.5;21923.5;21930;782
20250623 160300;21930;21930;21915;21928.5;1116
20250623 160400;21927.75;21945;21925.25;21944.5;743
20250623 160500;21944.5;21945.25;21933;21938.5;700
20250623 160600;21938.75;21938.75;21929.25;21933.75;447
20250623 160700;21933.75;21939.25;21923.5;21925.5;589
20250623 160800;21925.5;21935;21924;21933.5;544
20250623 160900;21933.5;21934;21922.75;21925.75;400
20250623 161000;21925.75;21928;21920.25;21921.5;534
20250623 161100;21922.25;21928.75;21916;21927.5;586
20250623 161200;21927.75;21934.5;21923;21933.5;416
20250623 161300;21933.25;21944.25;21928;21942.25;717
20250623 161400;21942.25;21942.25;21933.75;21935.5;375
20250623 161500;21936.25;21940.5;21928.5;21930.5;432
20250623 161600;21930.75;21938.25;21926.5;21931;580
20250623 161700;21931.5;21936;21925;21933;406
20250623 161800;21932.5;21932.5;21912;21914;760
20250623 161900;21914.5;21927;21908;21925.5;886
20250623 162000;21925;21929.5;21918.75;21922.25;570
20250623 162100;21920.75;21924.5;21908;21909.5;613
20250623 162200;21910;21911;21905;21906;589
20250623 162300;21906.25;21906.75;21889.75;21897.75;1560
20250623 162400;21897.5;21898.5;21887.5;21891.75;1044
20250623 162500;21892;21892.5;21884.5;21889.25;1069
20250623 162600;21889.25;21890.5;21869.75;21872.75;1697
20250623 162700;21873;21877.5;21867.75;21869;1077
20250623 162800;21869;21884.25;21865.25;21871;1972
20250623 162900;21871;21883;21866.75;21873.25;1246
20250623 163000;21872.75;21872.75;21854.5;21860.5;1577
20250623 163100;21860.25;21860.25;21844;21856;1929
20250623 163200;21856;21856;21835;21842.25;1509
20250623 163300;21841.75;21841.75;21831.75;21834.75;1259
20250623 163400;21834.25;21837.25;21808.5;21815.5;2169
20250623 163500;21815.75;21820.25;21793.5;21796.25;2002
20250623 163600;21795.5;21805.75;21775;21804.5;3317
20250623 163700;21803.75;21806.75;21761.75;21764.5;2637
20250623 163800;21763.75;21803.25;21738.25;21794.25;5459
20250623 163900;21794.5;21815;21766.75;21797;4858
20250623 164000;21796.25;21817;21795;21814;2851
20250623 164100;21813.75;21844;21784.25;21844;4057
20250623 164200;21843.75;21856;21838.75;21853.25;2933
20250623 164300;21852;21884.75;21845.75;21882;2579
20250623 164400;21882.25;21897.5;21868.75;21873.25;2504
20250623 164500;21872;21885.5;21871.25;21880.5;1172
20250623 164600;21880;21913;21879.25;21902;2829
20250623 164700;21902.5;21910.25;21892.75;21895.75;2214
20250623 164800;21895.75;21902;21877.5;21878.75;1746
20250623 164900;21879.5;21881.5;21842.5;21863.5;2435
20250623 165000;21862.75;21883.75;21854;21880.75;1391
20250623 165100;21881;21887.75;21861;21875.5;1375
20250623 165200;21875;21884;21863.75;21869;937
20250623 165300;21869;21874.5;21848;21854.25;1042
20250623 165400;21853.5;21887.75;21847.75;21863.25;2011
20250623 165500;21863.25;21883;21862.75;21872.5;910
20250623 165600;21872.75;21873;21845.75;21849;1281
20250623 165700;21848.25;21868.75;21834.5;21868;1814
20250623 165800;21868;21882.75;21844.5;21858.25;1679
20250623 165900;21857.75;21872.5;21840.75;21852;1092
20250623 170000;21851.75;21862;21837;21840.75;990
20250623 170100;21841.25;21851.75;21821.5;21845.75;1994
20250623 170200;21846.25;21877.5;21839;21864.25;2267
20250623 170300;21865.25;21887.25;21859.75;21883.25;1512
20250623 170400;21884.25;21891.75;21871.25;21879.5;1672
20250623 170500;21879.5;21905.75;21875.5;21895.25;1587
20250623 170600;21896;21928;21886.75;21895.75;2410
20250623 170700;21896.25;21902;21868.25;21873.5;1325
20250623 170800;21873.5;21896.25;21869.5;21892;1175
20250623 170900;21892.25;21910;21888.5;21903.5;1118
20250623 171000;21903.75;21913;21902.5;21911.5;928
20250623 171100;21910.25;21928;21908.5;21923;1293
20250623 171200;21924;21948.5;21922.25;21945.25;1622
20250623 171300;21946.25;21947.25;21914;21915.5;1719
20250623 171400;21915.25;21932;21904.5;21931.75;1214
20250623 171500;21931;21937.5;21921.25;21926.25;976
20250623 171600;21926.25;21945;21925.75;21928.25;1445
20250623 171700;21928.5;21946.5;21923.75;21941.75;779
20250623 171800;21942.5;21950;21936.5;21942.25;766
20250623 171900;21941.75;21943.75;21933;21940.75;727
20250623 172000;21940.5;21962.5;21940.25;21957.5;1353
20250623 172100;21958.5;21961.75;21947.5;21952.5;1002
20250623 172200;21952.75;21963.5;21951.25;21955;957
20250623 172300;21956;21971;21947.5;21965.75;1635
20250623 172400;21966;21968.5;21958.5;21965.5;883
20250623 172500;21965.5;21982.75;21961.25;21976;1331
20250623 172600;21977;21981.25;21970.75;21976;978
20250623 172700;21976.25;22000;21969;21990;2166
20250623 172800;21990.5;22007;21990.5;21995;1794
20250623 172900;21995.25;22027;21993.75;22024.75;3289
20250623 173000;22025;22033.25;22012.5;22018.5;1955
20250623 173100;22019;22053;22019;22044;2984
20250623 173200;22044.25;22061.5;22039.75;22050.75;1973
20250623 173300;22050.5;22054;22040.75;22045.75;1771
20250623 173400;22046.25;22050;22036;22039.75;1481
20250623 173500;22039.25;22049.25;22030.25;22040;1283
20250623 173600;22040.75;22052.75;22038;22046.75;1503
20250623 173700;22046.25;22060.75;22044.75;22054.5;1176
20250623 173800;22054.75;22068;22054.75;22057;1460
20250623 173900;22057.75;22059.75;22052.5;22056.5;786
20250623 174000;22057;22078.75;22057;22065;2105
20250623 174100;22065;22071.25;22045;22045.75;1557
20250623 174200;22046.25;22052.75;22035;22051;1634
20250623 174300;22051;22052.5;22036.75;22041.25;901
20250623 174400;22042;22052.5;22041.25;22050;717
20250623 174500;22051;22060;22048.25;22058.5;681
20250623 174600;22058.25;22077.5;22058.25;22067.25;1442
20250623 174700;22067.75;22079.5;22066;22074.5;1278
20250623 174800;22074.5;22088;22065.25;22066.75;1906
20250623 174900;22066;22072.25;22063.75;22066.25;726
20250623 175000;22067;22074.75;22063;22064.5;654
20250623 175100;22064.75;22068;22051;22059.75;1272
20250623 175200;22059;22063.75;22050.25;22063.25;635
20250623 175300;22063.25;22065.25;22047.75;22051.75;756
20250623 175400;22052;22059.25;22050;22053.75;556
20250623 175500;22053.75;22055;22037.5;22041.5;751
20250623 175600;22041.5;22052.25;22041;22050;706
20250623 175700;22051;22058.25;22048.5;22051.5;539
20250623 175800;22051.75;22060.5;22047.75;22056;487
20250623 175900;22056;22060.75;22052.75;22055.5;441
20250623 180000;22055;22057.75;22049;22052;347
20250623 180100;22052;22056;22048.25;22053.75;585
20250623 180200;22054.25;22057;22046.75;22054;807
20250623 180300;22054.25;22066;22053.25;22064.5;725
20250623 180400;22064.25;22073.25;22062.5;22071.5;813
20250623 180500;22071.25;22076.25;22064.5;22070.75;859
20250623 180600;22070.5;22075;22065.25;22072;542
20250623 180700;22071.75;22085.5;22070.75;22081.5;1133
20250623 180800;22082;22082.25;22065.25;22067;827
20250623 180900;22067;22073.5;22064.75;22069.5;533
20250623 181000;22069.25;22070.75;22062;22064.25;505
20250623 181100;22063.25;22073.5;22062.75;22066.5;541
20250623 181200;22067;22075.75;22066;22075;340
20250623 181300;22075.5;22078;22068.5;22070;436
20250623 181400;22070.5;22078;22070.5;22077.25;298
20250623 181500;22077;22079.25;22066;22068;472
20250623 181600;22067.25;22080;22064;22074;742
20250623 181700;22074;22074.25;22059.25;22059.75;928
20250623 181800;22059.25;22062.75;22056;22059.75;644
20250623 181900;22059.75;22065.25;22057;22065.25;410
20250623 182000;22065;22076.25;22062.25;22075.75;632
20250623 182100;22076.5;22077.5;22065.75;22066.5;780
20250623 182200;22066;22071.5;22060.5;22071;414
20250623 182300;22071.5;22074;22065.5;22073.75;376
20250623 182400;22073.25;22073.75;22062;22065;448
20250623 182500;22065.25;22066.25;22055;22057.5;588
20250623 182600;22057.25;22063;22052;22054.25;718
20250623 182700;22054.25;22061.25;22051.25;22058.75;434
20250623 182800;22058.75;22062;22050.5;22051.75;401
20250623 182900;22051.75;22057;22047.5;22054.75;536
20250623 183000;22054.75;22055.5;22041.25;22043.25;923
20250623 183100;22043.5;22051.75;22043.5;22049.75;667
20250623 183200;22050.5;22062.75;22045.5;22056.75;997
20250623 183300;22056.5;22056.5;22048;22049.75;511
20250623 183400;22049.25;22054.5;22044.75;22046.75;550
20250623 183500;22047.25;22059;22042;22054.5;1416
20250623 183600;22054.75;22056.25;22043.75;22050.25;592
20250623 183700;22051;22059.75;22049.25;22058.5;444
20250623 183800;22058.25;22059.25;22051.75;22059;330
20250623 183900;22059;22060.25;22047.75;22050;417
20250623 184000;22049.25;22054.75;22044.5;22046;446
20250623 184100;22045.25;22052.5;22040;22046.25;567
20250623 184200;22045.5;22050.75;22036;22041.75;632
20250623 184300;22042.5;22045.25;22036.75;22045.25;498
20250623 184400;22044.75;22049.25;22042.75;22045;419
20250623 184500;22045.5;22051;22044.25;22049;292
20250623 184600;22048.75;22051.75;22040.75;22048;519
20250623 184700;22048.75;22048.75;22040.5;22041.75;280
20250623 184800;22041.75;22047.25;22040.75;22044.75;278
20250623 184900;22044.75;22045;22039;22042.25;230
20250623 185000;22042.5;22044.25;22038;22040.25;310
20250623 185100;22040.75;22042.5;22031.25;22032.25;637
20250623 185200;22032.25;22038.5;22030;22036.75;646
20250623 185300;22036.25;22039.25;22028;22029.25;461
20250623 185400;22029;22030;22023;22025;854
20250623 185500;22025.25;22032.5;22023;22030.75;521
20250623 185600;22030.5;22031;22022.75;22024;373
20250623 185700;22023.75;22029.75;22023;22029;386
20250623 185800;22029;22031;22022.75;22024.25;424
20250623 185900;22024.5;22026.25;22021.25;22025.75;439
20250623 190000;22025.5;22037;22024.25;22036;750
20250623 190100;22036;22051.25;22031.25;22050.25;1143
20250623 190200;22050;22070.5;22048.5;22062.5;1750
20250623 190300;22062.5;22069.5;22056;22057.25;922
20250623 190400;22057.25;22060;22052;22056;519
20250623 190500;22056.25;22059;22052.25;22054.5;389
20250623 190600;22054.25;22054.25;22046;22050.5;691
20250623 190700;22050.75;22057.25;22050.75;22055;427
20250623 190800;22055.75;22056.25;22044;22047.25;464
20250623 190900;22046.75;22049.75;22040.5;22046.25;372
20250623 191000;22046.75;22049.75;22039.25;22046;417
20250623 191100;22046.25;22049.5;22038.75;22043.25;448
20250623 191200;22043.25;22054.25;22041.75;22052;448
20250623 191300;22052.75;22054.5;22048;22050.5;504
20250623 191400;22051;22056.75;22049.5;22051.25;411
20250623 191500;22051;22051.25;22044.75;22046;541
20250623 191600;22046.25;22053.5;22043.25;22044;604
20250623 191700;22043.75;22046.5;22040.25;22045.25;498
20250623 191800;22045.25;22046.25;22028;22029;768
20250623 191900;22029;22034.5;22024;22028;681
20250623 192000;22028.25;22034.5;22028.25;22030.5;320
20250623 192100;22030.25;22036;22026.25;22027.25;456
20250623 192200;22026.75;22031.75;22024.5;22029.5;427
20250623 192300;22031;22034;22029.25;22032.5;358
20250623 192400;22033;22045;22032;22043.5;543
20250623 192500;22043.5;22049;22042.75;22045.5;548
20250623 192600;22045.5;22053.25;22041.5;22052.25;441
20250623 192700;22052.25;22054.75;22048.25;22054;377
20250623 192800;22053;22059.75;22050.5;22058.25;403
20250623 192900;22057.75;22060.75;22054.25;22059.75;620
20250623 193000;22060.75;22061;22053.25;22055.25;324
20250623 193100;22055;22055.5;22047.5;22051.75;646
20250623 193200;22051.25;22055.5;22045;22045.75;458
20250623 193300;22045.75;22054.75;22045.5;22050.5;506
20250623 193400;22050.25;22059;22049.75;22054;387
20250623 193500;22054;22057;22052.25;22052.5;312
20250623 193600;22053.25;22058.25;22052.75;22053.5;304
20250623 193700;22053.75;22058;22049.25;22050.75;384
20250623 193800;22050.5;22051.75;22043;22046.5;455
20250623 193900;22046;22050.5;22043.25;22047;310
20250623 194000;22046.75;22054;22046.5;22050.25;316
20250623 194100;22050.25;22050.5;22040.25;22041;466
20250623 194200;22041.5;22050;22040.5;22047.5;399
20250623 194300;22047;22049.25;22043.75;22044.25;258
20250623 194400;22044.75;22044.75;22030.75;22034.75;949
20250623 194500;22034.25;22041.75;22029.75;22040;535
20250623 194600;22039.75;22041.25;22035.25;22039.25;418
20250623 194700;22038.5;22042;22035;22038.25;339
20250623 194800;22038.25;22046;22035;22040.75;657
20250623 194900;22040;22048;22039.75;22047.25;360
20250623 195000;22047;22051;22045;22047.25;492
20250623 195100;22047.25;22066;22043.75;22054.5;2137
20250623 195200;22054.25;22063.25;22050;22062.75;1579
20250623 195300;22063.25;22066.75;22058;22062;937
20250623 195400;22063.25;22081;22056.75;22079.75;1944
20250623 195500;22080;22088.75;22069;22072.75;2823
20250623 195600;22073;22074.75;22062.5;22073;1752
20250623 195700;22073.5;22078.25;22068;22074.5;1084
20250623 195800;22074.75;22088.5;22072.5;22087.75;1576
20250623 195900;22088;22093;22083.5;22087.75;2010
20250623 200000;22087.75;22091.25;22069.5;22073.25;8187
20250623 200100;22072.75;22079.25;22053;22056.5;3217
20250623 200200;22056.25;22068.5;22053.75;22058.25;1569
20250623 200300;22058;22061;22052.75;22058.5;1062
20250623 200400;22058.25;22064.75;22055.5;22064;647
20250623 200500;22063.5;22063.75;22054.75;22056.5;529
20250623 200600;22056;22060.25;22053;22055.75;557
20250623 200700;22055.25;22060.75;22053.5;22060.25;394
20250623 200800;22060;22062.25;22057.25;22059.25;333
20250623 200900;22059.25;22066.75;22059.25;22066.25;309
20250623 201000;22066.25;22070;22065.5;22069.25;335
20250623 201100;22069;22073.5;22064.75;22073;378
20250623 201200;22072.75;22073.75;22070;22071;148
20250623 201300;22071.25;22074;22069.75;22073;219
20250623 201400;22073;22075;22070.25;22074.75;278
20250623 201500;22075.25;22077.5;22073.75;22075.25;301
20250623 201600;22075;22075.75;22071.5;22073;285
20250623 201700;22073.25;22073.25;22068.25;22071.5;187
20250623 201800;22071.25;22071.25;22066;22066.25;126
20250623 201900;22066;22068;22063.75;22064.25;118
20250623 202000;22064.5;22066.25;22064;22064.75;80
20250623 202100;22064.5;22064.5;22060.75;22062.5;137
20250623 202200;22062.25;22064.5;22061.5;22063.75;109
20250623 202300;22063;22064.75;22061;22064.5;83
20250623 202400;22064.25;22071.5;22064;22069;186
20250623 202500;22069.75;22071.25;22068;22068;53
20250623 202600;22067.75;22071;22065.25;22069;175
20250623 202700;22068.75;22068.75;22063.25;22064.5;73
20250623 202800;22065;22069.75;22065;22069.75;57
20250623 202900;22070.25;22075;22070;22073.25;122
20250623 203000;22073.5;22075.75;22073;22073.75;61
20250623 203100;22073.25;22076.5;22069.5;22074.5;158
20250623 203200;22073.75;22073.75;22071.25;22072.75;39
20250623 203300;22072.5;22073;22069.75;22071;50
20250623 203400;22071;22072.75;22070.75;22072;42
20250623 203500;22071.75;22074.25;22070.75;22072.25;76
20250623 203600;22072;22073.75;22071;22073.5;99
20250623 203700;22073.75;22075.75;22073.75;22074.25;49
20250623 203800;22074.25;22074.75;22073.25;22074.5;40
20250623 203900;22074.25;22075.25;22072;22074.5;94
20250623 204000;22074.75;22077.5;22074.25;22076.75;73
20250623 204100;22076.75;22080.75;22076;22078.75;146
20250623 204200;22079.25;22080.75;22077.5;22080.5;61
20250623 204300;22081;22086;22080.75;22084.5;179
20250623 204400;22084.5;22084.5;22081.25;22082.5;63
20250623 204500;22082.75;22085;22082;22082;88
20250623 204600;22082.25;22082.25;22080.5;22080.5;114
20250623 204700;22080.5;22085.25;22079.25;22083.5;86
20250623 204800;22083.5;22084.75;22082.75;22083;68
20250623 204900;22082;22083.5;22081;22083.5;54
20250623 205000;22082.75;22083;22078;22078.5;97
20250623 205100;22078;22079.25;22076;22078.5;127
20250623 205200;22078;22078.25;22072.75;22075.5;74
20250623 205300;22075.5;22076.75;22075;22076.25;76
20250623 205400;22076;22076.75;22073.75;22076.75;67
20250623 205500;22076.75;22077;22075.5;22076.5;36
20250623 205600;22077;22078;22070;22071.5;190
20250623 205700;22071.75;22073.5;22068.25;22069;77
20250623 205800;22069;22071.75;22068.25;22070;111
20250623 205900;22070.75;22071.5;22067;22067.75;74
20250623 210000;22068;22074;22067.5;22072.25;211
20250623 220100;22079;22079;22067.25;22068.5;176
20250623 220200;22069.25;22071;22065.75;22069.25;105
20250623 220300;22068;22091;22068;22089.75;234
20250623 220400;22087.75;22150;22087.75;22147.5;1032
20250623 220500;22147.5;22147.75;22130.75;22134.5;374
20250623 220600;22134.75;22135;22123.75;22130.25;206
20250623 220700;22130;22132.25;22123;22124;178
20250623 220800;22125;22144.25;22120.5;22142;339
20250623 220900;22143.25;22160;22134;22141.25;424
20250623 221000;22141.75;22163.25;22138.75;22161.25;290
20250623 221100;22161.25;22162.75;22144;22144;187
20250623 221200;22144.5;22157.5;22143.75;22150.25;157
20250623 221300;22152.25;22162;22152.25;22161.5;193
20250623 221400;22160.25;22169.75;22155.25;22168.25;248
20250623 221500;22168;22174.5;22163.25;22174.5;266
20250623 221600;22174.75;22180.25;22170.75;22174.75;273
20250623 221700;22174.5;22180.5;22171.75;22177.25;165
20250623 221800;22177.25;22180;22172;22175.75;176
20250623 221900;22177;22179;22172.25;22178;135
20250623 222000;22178;22178.75;22172.75;22173.5;125
20250623 222100;22172.5;22176;22168;22170.5;106
20250623 222200;22170.25;22185.5;22169;22181;272
20250623 222300;22181.25;22199;22181.25;22198.25;413
20250623 222400;22198;22207.25;22196.25;22201.5;496
20250623 222500;22202;22209.5;22199.75;22208.25;285
20250623 222600;22208;22214;22202.5;22211;356
20250623 222700;22210.75;22216;22209.75;22212.75;217
20250623 222800;22211.5;22213.25;22204.5;22209.25;279
20250623 222900;22209;22217;22202;22203.5;341
20250623 223000;22202.25;22202.25;22196.25;22196.5;267
20250623 223100;22196.75;22209.75;22194.25;22207;338
20250623 223200;22208;22209.75;22196.5;22203.25;172
20250623 223300;22202;22202;22193.5;22197.5;151
20250623 223400;22198;22203.5;22195;22195;176
20250623 223500;22195.5;22201.75;22194.25;22201.75;122
20250623 223600;22201.5;22201.5;22195.25;22198;81
20250623 223700;22199.25;22204;22192.25;22203.75;148
20250623 223800;22204;22209;22194.75;22198;189
20250623 223900;22199;22199.25;22194.5;22196.5;115
20250623 224000;22198.25;22201;22185.5;22191;359
20250623 224100;22191.5;22195;22188.5;22190;134
20250623 224200;22190.5;22193.75;22187.5;22189;115
20250623 224300;22187.5;22191.5;22185.75;22189;117
20250623 224400;22190.25;22190.75;22183;22186.25;126
20250623 224500;22185.25;22191;22179.5;22184;245
20250623 224600;22185;22185;22177.75;22179;80
20250623 224700;22179;22187.5;22177.75;22181;189
20250623 224800;22181.75;22184.25;22179;22180.5;89
20250623 224900;22180.75;22180.75;22177;22179;66
20250623 225000;22177.25;22181;22175.25;22175.75;95
20250623 225100;22176.25;22179;22171.25;22175;233
20250623 225200;22176;22176.75;22173.75;22175.25;41
20250623 225300;22175.25;22180.5;22174;22180.5;72
20250623 225400;22179.5;22186;22179.5;22186;111
20250623 225500;22184.75;22186.25;22181.75;22183.75;72
20250623 225600;22183.25;22188;22181.5;22184;104
20250623 225700;22182.25;22194.75;22181.25;22192.5;99
20250623 225800;22192.5;22193.75;22189.75;22193.75;55
20250623 225900;22193.25;22198.5;22192;22197.75;126
20250623 230000;22196.75;22205;22194.25;22203.5;227
20250623 230100;22204.5;22216.25;22200.5;22214.5;499
20250623 230200;22213.5;22227.25;22208.75;22227.25;486
20250623 230300;22227.75;22230.5;22222.75;22225.5;259
20250623 230400;22226;22227;22218;22225;251
20250623 230500;22223.75;22226.25;22212;22214.75;158
20250623 230600;22212.75;22214;22202.5;22209;169
20250623 230700;22207.75;22216.5;22205.25;22210;112
20250623 230800;22210.25;22216;22210;22215.5;106
20250623 230900;22216;22225.25;22213.25;22223.75;233
20250623 231000;22222.25;22226;22221;22221;127
20250623 231100;22220;22231.5;22218.25;22228.25;205
20250623 231200;22226.75;22229.25;22223.75;22228.25;90
20250623 231300;22227.75;22228.75;22221;22222;81
20250623 231400;22220.25;22225.25;22220.25;22223;79
20250623 231500;22223.75;22228.5;22222.75;22226.75;75
20250623 231600;22227.75;22231.25;22224;22225.75;107
20250623 231700;22226;22235;22226;22229;111
20250623 231800;22230.75;22240;22229.5;22237;187
20250623 231900;22238;22249.75;22236.75;22246.75;363
20250623 232000;22246.75;22246.75;22235.5;22241.25;187
20250623 232100;22242;22250;22241.75;22249.5;284
20250623 232200;22248.5;22250;22244.75;22247.75;116
20250623 232300;22248.75;22254;22247.25;22253.75;272
20250623 232400;22253.5;22254.5;22250;22250.5;151
20250623 232500;22250;22255;22248;22248.75;239
20250623 232600;22249.25;22249.25;22238.75;22243.75;269
20250623 232700;22244;22245.5;22237;22240.5;98
20250623 232800;22240.5;22246;22240.5;22243.5;93
20250623 232900;22245;22245.5;22237;22240;118
20250623 233000;22240.5;22241.5;22238.25;22239.75;61
20250623 233100;22239;22239;22230.5;22236.75;159
20250623 233200;22235.75;22237.25;22232.25;22234;69
20250623 233300;22234;22234;22226.75;22226.75;112
20250623 233400;22228;22229;22223.25;22226.25;94
20250623 233500;22228;22230.25;22222.75;22224;115
20250623 233600;22223.75;22236.5;22221.25;22236.5;220
20250623 233700;22236.25;22252;22235.75;22243.25;312
20250623 233800;22244;22246.5;22242.5;22243.75;84
20250623 233900;22242.75;22244;22236.5;22238.25;91
20250623 234000;22238.25;22241.25;22236.75;22240.25;55
20250623 234100;22240;22242;22232.75;22232.75;72
20250623 234200;22234.75;22238.25;22234.75;22235.25;45
20250623 234300;22235.25;22237.5;22234;22236.75;49
20250623 234400;22237.75;22244.75;22236.75;22236.75;85
20250623 234500;22238;22243;22236.75;22242;35
20250623 234600;22243;22246;22236;22237;57
20250623 234700;22237;22241.75;22237;22239.25;35
20250623 234800;22240.5;22241.75;22238;22240.75;33
20250623 234900;22237.75;22241.75;22237;22240;73
20250623 235000;22241;22243;22239;22241;28
20250623 235100;22240.75;22242.75;22239;22239.5;33
20250623 235200;22240.5;22241.25;22238;22239.5;29
20250623 235300;22238.25;22240.75;22237.75;22240.25;25
20250623 235400;22239;22247.5;22237;22243.75;121
20250623 235500;22241;22242.25;22239.25;22239.75;34
20250623 235600;22238.5;22245.5;22236.75;22244.25;61
20250623 235700;22244;22245.25;22239;22240.75;44
20250623 235800;22240;22247.5;22240;22245;66
20250623 235900;22244.25;22244.25;22231;22233.5;120
20250624 000000;22233.5;22237.25;22231.25;22237.25;75
20250624 000100;22237.25;22239.5;22232;22237.75;120
20250624 000200;22238;22240;22232;22237;64
20250624 000300;22237;22241.25;22237;22241;55
20250624 000400;22239.25;22239.25;22228.25;22231.75;74
20250624 000500;22232;22233.75;22228;22230.25;96
20250624 000600;22230;22236.75;22230;22235.25;79
20250624 000700;22234.25;22243.25;22232.75;22238;84
20250624 000800;22238;22247;22236.75;22242.5;78
20250624 000900;22242.5;22247.5;22240.5;22243.25;78
20250624 001000;22243.5;22248.75;22243;22246;77
20250624 001100;22246.75;22247.5;22239.25;22241.5;112
20250624 001200;22240.5;22240.5;22232.25;22232.75;178
20250624 001300;22232;22235.5;22230;22232;45
20250624 001400;22231.75;22232.5;22229;22230.25;49
20250624 001500;22230;22233.25;22228;22230.25;83
20250624 001600;22230.75;22239;22229.5;22230.75;87
20250624 001700;22230.5;22232;22222;22223.75;160
20250624 001800;22225;22227;22222.25;22223.25;57
20250624 001900;22223.25;22230;22223.25;22226.25;88
20250624 002000;22227.25;22236.75;22226.75;22236.75;112
20250624 002100;22237.25;22239;22232;22232;69
20250624 002200;22232.5;22234.75;22228.25;22232;53
20250624 002300;22232.25;22232.5;22228.5;22230;37
20250624 002400;22231;22235.25;22230.5;22233.75;38
20250624 002500;22234;22235;22230.25;22231;65
20250624 002600;22231.75;22233;22230.25;22232.5;43
20250624 002700;22233;22235;22228.75;22234;53
20250624 002800;22234;22234;22230.75;22231.75;14
20250624 002900;22231.75;22234;22229;22230.75;49
20250624 003000;22230.5;22233;22228.75;22230;38
20250624 003100;22230;22232.25;22230;22231.25;18
20250624 003200;22231;22235.5;22231;22234;86
20250624 003300;22234.25;22235;22228.5;22228.5;144
20250624 003400;22228.75;22231;22227.25;22231;67
20250624 003500;22231.5;22232.75;22229.5;22231.25;38
20250624 003600;22230.25;22230.25;22226;22227.75;81
20250624 003700;22228.25;22232.75;22226.5;22227.75;53
20250624 003800;22228.25;22228.5;22223.5;22224.75;94
20250624 003900;22225.25;22228.5;22224.75;22228.25;70
20250624 004000;22228.25;22229;22227;22227.25;38
20250624 004100;22225.25;22226.75;22215;22220.75;287
20250624 004200;22220.5;22223.5;22217;22222.75;99
20250624 004300;22222;22226.5;22220.75;22221.75;115
20250624 004400;22221.25;22221.25;22216;22218;172
20250624 004500;22217.5;22222.75;22216.5;22222.25;123
20250624 004600;22223;22230.75;22223;22224.25;197
20250624 004700;22225.25;22230;22225.25;22229.5;57
20250624 004800;22230;22239;22214.25;22218.75;379
20250624 004900;22218.25;22228.25;22194;22221.5;857
20250624 005000;22221.25;22224.5;22211.5;22222.75;236
20250624 005100;22221.75;22226.5;22214;22225;260
20250624 005200;22226;22237.5;22226;22233;320
20250624 005300;22234.5;22244.75;22234.5;22243;203
20250624 005400;22243.75;22244.75;22233.5;22239;140
20250624 005500;22237.5;22239.75;22232.5;22235;106
20250624 005600;22236.25;22243;22234.5;22239.75;126
20250624 005700;22240.5;22242;22230;22234;113
20250624 005800;22232.75;22234.25;22225.75;22226.5;142
20250624 005900;22227.25;22227.75;22221.75;22224.5;134
20250624 010000;22225;22229;22222;22226.75;83
20250624 010100;22227;22231.25;22222.25;22223.25;111
20250624 010200;22224;22224;22217;22218.25;95
20250624 010300;22218.5;22219.25;22215.5;22217.25;114
20250624 010400;22216.5;22218.75;22214.5;22215.75;55
20250624 010500;22216.25;22220;22215;22217.75;54
20250624 010600;22218.5;22229;22218.5;22224.25;191
20250624 010700;22224.75;22233.5;22224.75;22231.75;110
20250624 010800;22232.75;22236.25;22230;22236;76
20250624 010900;22236.5;22238.5;22232.5;22233.5;92
20250624 011000;22233.25;22235.25;22231.25;22235;57
20250624 011100;22234.5;22237.25;22233.5;22235.25;64
20250624 011200;22236;22241;22235.25;22239;114
20250624 011300;22240;22251;22240;22245.75;270
20250624 011400;22245;22252.5;22243.75;22248.5;198
20250624 011500;22248.25;22250.75;22242.75;22242.75;109
20250624 011600;22242;22244.25;22238.25;22240.25;107
20250624 011700;22240;22249.25;22239.75;22247.25;121
20250624 011800;22246.5;22249;22240;22241.5;81
20250624 011900;22242.25;22245.25;22240.75;22241.25;51
20250624 012000;22241;22242;22239;22240.5;54
20250624 012100;22240;22242;22238;22239;82
20250624 012200;22238.25;22240.5;22236.75;22239.75;66
20250624 012300;22238.75;22239.5;22237.75;22239;32
20250624 012400;22240.25;22245.25;22240.25;22244.75;92
20250624 012500;22245;22246;22242.25;22245.5;78
20250624 012600;22244.5;22246.75;22243.75;22246;54
20250624 012700;22246;22250.25;22245;22245.25;90
20250624 012800;22244.25;22244.75;22242;22244;43
20250624 012900;22243;22247;22241.5;22244.75;83
20250624 013000;22243.25;22244.75;22240.25;22244;66
20250624 013100;22244.25;22247.5;22241.25;22245.75;50
20250624 013200;22246;22247;22242;22243.75;72
20250624 013300;22245;22250.5;22244.5;22246.75;93
20250624 013400;22247;22247.75;22242.25;22244;70
20250624 013500;22244.75;22248;22243.5;22245;75
20250624 013600;22245.25;22249.5;22244.5;22249;51
20250624 013700;22248.75;22248.75;22245;22247.25;40
20250624 013800;22248.5;22249.75;22247;22248.75;62
20250624 013900;22248.5;22249.5;22246.25;22247.75;44
20250624 014000;22247.75;22250.5;22246.25;22248.5;116
20250624 014100;22248.75;22249.5;22244.25;22245.25;64
20250624 014200;22246;22250.75;22246;22250;65
20250624 014300;22250.5;22252;22248.5;22250;98
20250624 014400;22250;22251.75;22248.75;22250.25;77
20250624 014500;22249.75;22251;22248.5;22250;38
20250624 014600;22249.5;22262;22246.75;22257;463
20250624 014700;22258.5;22271.5;22254.5;22268;432
20250624 014800;22267.75;22270;22265.5;22266.25;170
20250624 014900;22265.75;22269;22263.5;22269;113
20250624 015000;22269;22270.25;22268.5;22269;107
20250624 015100;22269.25;22270.25;22264.25;22265.75;111
20250624 015200;22265.25;22266.25;22260.25;22262.75;155
20250624 015300;22263;22265;22262.25;22264.25;77
20250624 015400;22265;22267.75;22263.75;22265;54
20250624 015500;22265;22266;22262.75;22263.5;52
20250624 015600;22263;22264;22259.25;22261.75;55
20250624 015700;22260.25;22263.25;22260.25;22262.5;38
20250624 015800;22262.75;22264.5;22262.25;22264;44
20250624 015900;22263.75;22266.5;22263.5;22264.5;46
20250624 020000;22263.75;22266.25;22263.75;22265.75;21
20250624 020100;22265.5;22267.25;22261.75;22266.75;178
20250624 020200;22265.75;22269;22263.5;22263.75;101
20250624 020300;22263.25;22267;22262.5;22265;96
20250624 020400;22265;22268.25;22261;22262.75;122
20250624 020500;22261.5;22263.25;22255;22256;156
20250624 020600;22255.25;22255.25;22247.25;22248.75;271
20250624 020700;22249;22249;22242;22244.75;257
20250624 020800;22244.5;22245.25;22238.5;22239.25;185
20250624 020900;22239.5;22243.25;22234.5;22235;218
20250624 021000;22235;22235;22222.25;22223;361
20250624 021100;22222.75;22237;22218.5;22236.5;537
20250624 021200;22235.5;22242;22233;22235.5;233
20250624 021300;22235;22248;22233;22245.25;283
20250624 021400;22244.25;22246.5;22240;22240.25;119
20250624 021500;22241;22247.75;22238.5;22245.5;138
20250624 021600;22244.75;22247.5;22242.25;22245.25;112
20250624 021700;22244;22246;22236;22237.75;142
20250624 021800;22236.25;22236.25;22226.25;22228;249
20250624 021900;22227.5;22229.25;22225.25;22225.5;90
20250624 022000;22225.75;22228.5;22221.5;22227;196
20250624 022100;22226.75;22231.25;22225.5;22230;86
20250624 022200;22230;22233.75;22228;22231.5;98
20250624 022300;22231.25;22231.25;22227.25;22230.25;77
20250624 022400;22229;22232;22228;22229.75;89
20250624 022500;22230.5;22235.75;22230.5;22234.5;56
20250624 022600;22234.25;22237.5;22232.75;22235.75;91
20250624 022700;22236;22236;22232.75;22235.5;103
20250624 022800;22236.25;22238.5;22234.5;22237.75;50
20250624 022900;22237;22237.5;22234;22237.5;80
20250624 023000;22237.25;22237.5;22234.75;22236.25;43
20250624 023100;22234.5;22236.5;22232.75;22232.75;37
20250624 023200;22232.5;22234.25;22231.5;22233.75;31
20250624 023300;22233.75;22234.5;22232.5;22232.5;28
20250624 023400;22232.75;22236.5;22228.25;22235.75;126
20250624 023500;22235.75;22235.75;22233.25;22233.5;29
20250624 023600;22234.75;22235.75;22231.75;22232.25;20
20250624 023700;22232.5;22233;22230;22230;39
20250624 023800;22230.5;22230.5;22226;22227.25;40
20250624 023900;22227.25;22227.5;22220;22221;152
20250624 024000;22221.25;22224.5;22219.25;22221.5;115
20250624 024100;22220.5;22220.5;22215.25;22218;158
20250624 024200;22217.25;22220.5;22216.25;22219.75;58
20250624 024300;22220.75;22225.5;22218.75;22225.5;164
20250624 024400;22225.75;22227.5;22224.25;22226.25;72
20250624 024500;22227;22228.25;22226;22226;24
20250624 024600;22225.75;22225.75;22221.5;22222.25;83
20250624 024700;22222.25;22225.5;22221.75;22225;33
20250624 024800;22225;22225.5;22220.75;22222;33
20250624 024900;22222.5;22223.5;22221.5;22221.5;6
20250624 025000;22221.5;22222;22220;22222;41
20250624 025100;22222.5;22223.25;22219.5;22220.25;42
20250624 025200;22221.5;22223.5;22219.5;22223;67
20250624 025300;22223.5;22225.25;22222.25;22225;76
20250624 025400;22224.75;22230;22223.75;22227;91
20250624 025500;22228.25;22234.25;22226;22231;124
20250624 025600;22231.75;22241;22231.75;22240.5;203
20250624 025700;22240.5;22241.5;22233.5;22236;119
20250624 025800;22236.75;22238;22235.75;22236;45
20250624 025900;22235.25;22235.5;22233.75;22234.5;109
20250624 030000;22234.5;22235.25;22234;22235;25
20250624 030100;22234.25;22236.25;22232;22232.75;91
20250624 030200;22232.75;22236.25;22231;22235.25;41
20250624 030300;22234.75;22236.5;22234.25;22235.75;41
20250624 030400;22236;22237.5;22235;22235.25;22
20250624 030500;22236;22239.25;22236;22238.5;37
20250624 030600;22238.5;22238.75;22235.5;22236;42
20250624 030700;22237.25;22237.25;22233.25;22233.5;22
20250624 030800;22233;22235.75;22233;22233.25;34
20250624 030900;22233.5;22236.25;22229;22232.25;115
20250624 031000;22232;22233.5;22231.25;22232;30
20250624 031100;22232.5;22235.25;22231.75;22235.25;32
20250624 031200;22234.75;22235;22232.5;22233.25;30
20250624 031300;22231.75;22233.75;22230.75;22233.75;23
20250624 031400;22233.75;22235.25;22231.75;22233.75;24
20250624 031500;22233.25;22236.5;22233;22236.25;15
20250624 031600;22237;22240;22236.25;22237.75;46
20250624 031700;22238.75;22239;22232.5;22234.75;53
20250624 031800;22235;22237;22235;22236.25;16
20250624 031900;22237;22240.5;22237;22240.25;28
20250624 032000;22239.25;22240.25;22238.75;22239;28
20250624 032100;22238.25;22240;22238.25;22240;19
20250624 032200;22240.5;22244;22240.5;22242.5;75
20250624 032300;22242.5;22247.25;22242.5;22244.25;102
20250624 032400;22244.25;22244.75;22242.5;22244;25
20250624 032500;22243.75;22245.25;22242.5;22245;26
20250624 032600;22245;22245.75;22243.25;22243.75;26
20250624 032700;22244.25;22245.25;22243.25;22244.25;36
20250624 032800;22245;22245.5;22244;22245;25
20250624 032900;22245;22247;22245;22246.5;54
20250624 033000;22247;22247;22243;22245;46
20250624 033100;22245.25;22248;22244.75;22247.25;73
20250624 033200;22247;22249;22245.5;22246.75;83
20250624 033300;22247;22247;22245;22245.5;25
20250624 033400;22245.25;22245.75;22242;22243.25;82
20250624 033500;22243.25;22250.5;22242.5;22250.25;68
20250624 033600;22250.25;22250.25;22248;22249.5;52
20250624 033700;22248.5;22248.75;22246.5;22247.5;27
20250624 033800;22246.75;22247.5;22244.25;22245.75;31
20250624 033900;22246.25;22248.75;22246.25;22246.25;53
20250624 034000;22246.25;22246.75;22244.75;22246;36
20250624 034100;22246;22246.25;22243;22243.75;31
20250624 034200;22243.5;22245.5;22243;22245.5;30
20250624 034300;22246;22246;22244.25;22245.25;20
20250624 034400;22244;22245.5;22243.5;22245.5;12
20250624 034500;22244.5;22245.25;22241.75;22243.25;49
20250624 034600;22243;22244.25;22242.75;22243.25;20
20250624 034700;22242.75;22245.75;22242.5;22244;41
20250624 034800;22244;22245.75;22243.75;22244.75;27
20250624 034900;22245;22245.25;22243.25;22244;17
20250624 035000;22244.25;22247;22244.25;22246.5;16
20250624 035100;22246.5;22246.5;22245.25;22245.25;9
20250624 035200;22245.5;22245.5;22243;22243.25;24
20250624 035300;22242.25;22245.75;22241;22245;88
20250624 035400;22245.75;22252;22245.5;22250.25;163
20250624 035500;22250.25;22251.5;22244.75;22250;163
20250624 035600;22248.5;22249.25;22246.25;22248;39
20250624 035700;22248;22249.25;22247.25;22249.25;36
20250624 035800;22248.25;22248.25;22243.75;22246.25;51
20250624 035900;22246;22249.5;22246;22247.5;34
20250624 040000;22248;22248;22245.5;22246.5;29
20250624 040100;22245.5;22246.75;22243.25;22246.75;115
20250624 040200;22246.75;22246.75;22245.75;22245.75;15
20250624 040300;22244.75;22245;22242.75;22245;33
20250624 040400;22244.25;22245;22243.75;22244.25;14
20250624 040500;22244.75;22247;22244.75;22244.75;30
20250624 040600;22244.75;22247.75;22244.5;22246.25;37
20250624 040700;22246.5;22248;22246;22247.75;17
20250624 040800;22246.75;22248.25;22244.5;22245;30
20250624 040900;22244.75;22245.25;22244.75;22245.25;24
20250624 041000;22244.5;22246;22238;22246;165
20250624 041100;22245.25;22246;22240.75;22242.25;54
20250624 041200;22242;22242;22239;22239.25;35
20250624 041300;22239;22241.75;22230.25;22232.5;239
20250624 041400;22231.75;22233;22231;22232.25;52
20250624 041500;22231.25;22233;22225;22227.25;170
20250624 041600;22227.25;22229.75;22223.75;22228;94
20250624 041700;22227.25;22228.25;22220.5;22220.5;72
20250624 041800;22221;22232.25;22220.25;22231.25;107
20250624 041900;22231;22232.25;22229.75;22232.25;50
20250624 042000;22232.5;22236;22232.5;22233;70
20250624 042100;22232.75;22237.25;22232;22235;49
20250624 042200;22235.75;22237;22233.75;22233.75;50
20250624 042300;22233.75;22235.5;22231.5;22231.5;29
20250624 042400;22231;22232.5;22229.25;22230.5;50
20250624 042500;22231.25;22234;22231.25;22233.25;21
20250624 042600;22233.5;22236;22233.5;22236;53
20250624 042700;22235.5;22238.75;22233.25;22237.75;55
20250624 042800;22238.5;22239.5;22237.25;22237.25;47
20250624 042900;22238;22241;22237.25;22238;66
20250624 043000;22237.75;22239.25;22235.75;22236.25;46
20250624 043100;22237;22237;22234;22236.25;50
20250624 043200;22235.25;22237.25;22234.5;22236;43
20250624 043300;22235.25;22235.75;22233.75;22235.75;36
20250624 043400;22236.75;22237.5;22235.5;22237.5;14
20250624 043500;22237.75;22239.5;22237.5;22237.75;37
20250624 043600;22238;22240.75;22238;22239.75;50
20250624 043700;22238.25;22242.75;22238.25;22241;73
20250624 043800;22240.75;22241.75;22238.25;22241;28
20250624 043900;22240;22240;22239.5;22239.5;4
20250624 044000;22239.5;22241.5;22239.5;22241.25;20
20250624 044100;22240.5;22247.25;22240.25;22247;94
20250624 044200;22248;22249.25;22244;22245;50
20250624 044300;22244.5;22245.25;22243.5;22245;12
20250624 044400;22245;22246;22243.75;22244.75;27
20250624 044500;22244;22245.5;22244;22244.75;9
20250624 044600;22243.75;22243.75;22239.75;22243;50
20250624 044700;22242.75;22243;22240.75;22241.75;26
20250624 044800;22241.75;22244.25;22241.5;22241.5;22
20250624 044900;22241;22242.5;22241;22242;13
20250624 045000;22242.25;22245.25;22242.25;22245.25;21
20250624 045100;22245.25;22246.25;22243;22243.25;47
20250624 045200;22243.25;22244;22241.75;22244;13
20250624 045300;22243.5;22243.75;22242.75;22243.25;14
20250624 045400;22243.25;22243.75;22243;22243.75;9
20250624 045500;22244.25;22246;22243.75;22245;10
20250624 045600;22244.75;22246.25;22244.5;22245;17
20250624 045700;22246;22246.75;22245.75;22246.25;24
20250624 045800;22246.25;22246.5;22245.25;22245.75;27
20250624 045900;22245.5;22246;22245.25;22245.75;8
20250624 050000;22245;22245;22242.5;22243;21
20250624 050100;22243.5;22244.75;22241.75;22243;38
20250624 050200;22243.5;22247;22243.5;22246.5;34
20250624 050300;22247.25;22247.75;22246;22246.75;35
20250624 050400;22246;22253;22245.5;22246.75;154
20250624 050500;22246.75;22248.25;22243.25;22246.75;59
20250624 050600;22246.5;22251.25;22246;22249.75;89
20250624 050700;22250.5;22251.25;22246.25;22247.25;36
20250624 050800;22247.5;22250.75;22247.5;22249.5;68
20250624 050900;22250;22250.5;22248;22248;37
20250624 051000;22247.75;22250;22247.75;22250;29
20250624 051100;22250.25;22253.5;22250.25;22251.5;41
20250624 051200;22251.75;22254.25;22251.75;22254.25;61
20250624 051300;22254.5;22254.75;22252;22252.25;29
20250624 051400;22252.75;22257.5;22252.75;22254.75;92
20250624 051500;22255.5;22256.5;22254.75;22256.5;36
20250624 051600;22256.5;22258.5;22256.5;22257.25;63
20250624 051700;22256.5;22259;22256;22258.25;59
20250624 051800;22258;22259;22257;22257.75;25
20250624 051900;22257.75;22258;22254.5;22255;44
20250624 052000;22255;22256.5;22255;22255.25;22
20250624 052100;22255.25;22258;22254.75;22258;44
20250624 052200;22257.25;22257.25;22254.25;22255;44
20250624 052300;22255;22257.5;22254.5;22254.5;78
20250624 052400;22254.5;22254.5;22252;22252.75;44
20250624 052500;22253.25;22255.75;22253.25;22255.75;32
20250624 052600;22255.75;22257;22255;22255.25;28
20250624 052700;22254.75;22258;22254.75;22257;30
20250624 052800;22257.75;22258.5;22256;22256;21
20250624 052900;22256;22256.25;22255;22255.5;28
20250624 053000;22255.25;22258.75;22255.25;22257.75;56
20250624 053100;22257;22260;22255.25;22259;111
20250624 053200;22259.5;22262.5;22259;22262.5;99
20250624 053300;22263;22264;22261.25;22263.25;102
20250624 053400;22264;22270;22264;22269;214
20250624 053500;22269;22281;22267.75;22278.5;378
20250624 053600;22278.25;22282;22276;22276.5;136
20250624 053700;22277.25;22289.25;22277.25;22288.5;270
20250624 053800;22289;22290.25;22284.75;22287;204
20250624 053900;22286.5;22292.75;22282.25;22283.5;270
20250624 054000;22283.5;22292.5;22283;22288.25;233
20250624 054100;22288.75;22292.75;22287.75;22289;162
20250624 054200;22289.5;22297.5;22289.5;22295.5;190
20250624 054300;22295.75;22295.75;22291.25;22292.5;84
20250624 054400;22292.75;22302.25;22292;22299.25;272
20250624 054500;22299;22300.5;22297.25;22298.75;99
20250624 054600;22298.75;22303;22296.25;22299;110
20250624 054700;22299;22299.25;22293.5;22293.75;124
20250624 054800;22293.25;22295;22288.75;22290.25;124
20250624 054900;22290.5;22291;22288.75;22291;68
20250624 055000;22291;22294.5;22290.75;22293;107
20250624 055100;22293.5;22293.5;22286.5;22287.25;109
20250624 055200;22286.5;22287.5;22283.25;22287.5;92
20250624 055300;22288.5;22290.75;22287.75;22289.25;49
20250624 055400;22288.75;22292.25;22288.75;22291.5;80
20250624 055500;22291;22291;22286;22289.75;98
20250624 055600;22289;22291.75;22288.75;22290.25;57
20250624 055700;22290;22293.5;22289;22291.75;84
20250624 055800;22292.25;22294;22290;22293.25;67
20250624 055900;22293.5;22295.25;22292;22295;107
20250624 060000;22295;22295.5;22292.5;22294.5;104
20250624 060100;22294.5;22307;22294.5;22303.5;384
20250624 060200;22303.25;22313;22301.5;22308.5;362
20250624 060300;22308.75;22315.75;22304.75;22307.25;247
20250624 060400;22307.25;22311.5;22306.75;22310.5;122
20250624 060500;22311.5;22312.5;22306.5;22306.5;100
20250624 060600;22306;22308.5;22305.75;22306.75;63
20250624 060700;22306;22308.75;22302.75;22308.5;148
20250624 060800;22308.25;22316.75;22308.25;22315.75;191
20250624 060900;22316.25;22326.25;22316;22323.25;520
20250624 061000;22322.75;22323.25;22315.5;22317.75;162
20250624 061100;22318;22327;22318;22324.75;200
20250624 061200;22325.25;22327;22324;22324.75;105
20250624 061300;22324.75;22324.75;22318.25;22319.75;193
20250624 061400;22320.25;22325.5;22319.75;22325.25;90
20250624 061500;22325.25;22342;22325.25;22334.25;563
20250624 061600;22333.5;22336.75;22327;22332.5;222
20250624 061700;22332;22334.75;22327.25;22332.75;189
20250624 061800;22331;22336.25;22326.75;22332;133
20250624 061900;22331.5;22331.75;22326;22328.25;91
20250624 062000;22328;22333.75;22328;22330.75;90
20250624 062100;22330.5;22334.75;22330.5;22333.75;132
20250624 062200;22334.25;22336;22328.25;22329.25;112
20250624 062300;22329;22329;22316.5;22317.5;227
20250624 062400;22317.5;22321.25;22316.75;22318.75;141
20250624 062500;22318.75;22330.75;22318.5;22329.25;151
20250624 062600;22329.25;22340;22328.5;22339.5;185
20250624 062700;22340;22353.25;22340;22342.75;611
20250624 062800;22342.5;22352;22342.25;22348.75;171
20250624 062900;22349.25;22361.5;22349.25;22357;423
20250624 063000;22358.25;22367.25;22356.25;22365.5;431
20250624 063100;22365.25;22371;22361.75;22361.75;398
20250624 063200;22362;22369;22357.75;22365.5;282
20250624 063300;22366;22366;22358.5;22359.25;179
20250624 063400;22359.5;22364;22356.25;22356.25;184
20250624 063500;22355.75;22359.75;22353.75;22357.5;145
20250624 063600;22357;22363;22357;22360.75;146
20250624 063700;22360.25;22365.5;22358.75;22361.25;118
20250624 063800;22361.5;22363.75;22355.75;22357.25;134
20250624 063900;22357;22357.5;22351.75;22352.75;153
20250624 064000;22352.25;22353;22346.25;22347.25;204
20250624 064100;22347.75;22349.5;22343.25;22346.25;176
20250624 064200;22345.75;22346.75;22342.25;22342.25;117
20250624 064300;22343.25;22347.25;22341.75;22344.5;108
20250624 064400;22343.75;22347.5;22342.25;22347.25;66
20250624 064500;22347.5;22347.5;22344.5;22345.5;67
20250624 064600;22345;22351.75;22345;22351.5;104
20250624 064700;22351.75;22353.25;22346.75;22347.5;107
20250624 064800;22347;22347;22341.75;22346.75;93
20250624 064900;22346.75;22348.5;22345;22348.5;55
20250624 065000;22348.25;22350.25;22347;22348.75;65
20250624 065100;22348.5;22354.5;22345.75;22348;159
20250624 065200;22347.75;22352.75;22343.5;22352.5;114
20250624 065300;22352.25;22354.25;22347.75;22349.5;100
20250624 065400;22350.25;22352.75;22350.25;22352.25;67
20250624 065500;22351.75;22358.25;22351.25;22357.25;100
20250624 065600;22356.5;22361.25;22356.5;22359.5;104
20250624 065700;22359.75;22363;22357.25;22359.75;111
20250624 065800;22359.75;22361.75;22354;22359.75;146
20250624 065900;22359;22362;22354.75;22361.25;133
20250624 070000;22361;22363.75;22358;22358.5;107
20250624 070100;22358.5;22362.75;22354.25;22357.25;276
20250624 070200;22356.75;22357.5;22340.75;22342.75;232
20250624 070300;22342.75;22342.75;22333;22335.5;249
20250624 070400;22335.5;22358.25;22334.75;22356.25;287
20250624 070500;22356;22366.75;22351.25;22359;281
20250624 070600;22357;22361.5;22350.5;22356.5;222
20250624 070700;22356.5;22377;22355.75;22374.25;392
20250624 070800;22374;22384.5;22364.5;22366.5;553
20250624 070900;22366.25;22366.5;22351.75;22352;259
20250624 071000;22352;22359.5;22346.25;22359;264
20250624 071100;22360.25;22360.25;22350.5;22357.25;123
20250624 071200;22357.25;22361.25;22348.25;22354;210
20250624 071300;22354.5;22357.25;22350.75;22352.5;177
20250624 071400;22353.25;22356.5;22351.5;22354.75;160
20250624 071500;22355;22361.5;22351.5;22352.25;128
20250624 071600;22352.5;22361;22346.5;22351;326
20250624 071700;22351.25;22366.5;22351.25;22365.25;316
20250624 071800;22366.5;22368;22362.5;22363.75;135
20250624 071900;22364.5;22366.5;22362.5;22363.5;82
20250624 072000;22363;22363;22351;22354.5;223
20250624 072100;22355.25;22356;22348;22351.25;189
20250624 072200;22352;22359;22350.25;22354;216
20250624 072300;22354.75;22355.75;22351.5;22352.75;96
20250624 072400;22352.5;22354.25;22346.25;22349.75;110
20250624 072500;22348.5;22355.25;22347.25;22353.5;176
20250624 072600;22353;22355.5;22349.5;22351;145
20250624 072700;22350.75;22350.75;22345.75;22347;98
20250624 072800;22346.75;22350;22337.25;22339.75;223
20250624 072900;22340.25;22344.25;22336.75;22338.25;237
20250624 073000;22338;22339;22324.5;22325;312
20250624 073100;22325.75;22330.25;22286.25;22291.5;993
20250624 073200;22291.75;22308.5;22288.25;22295;627
20250624 073300;22295.5;22306.5;22295.5;22301;355
20250624 073400;22303.75;22311.75;22300.75;22306.5;353
20250624 073500;22308.5;22308.5;22297.25;22300.75;216
20250624 073600;22301.25;22301.25;22287.25;22291.25;304
20250624 073700;22291.5;22292.75;22279.75;22285.25;360
20250624 073800;22285;22302.25;22285;22302.25;248
20250624 073900;22301.75;22321.5;22300.5;22316;466
20250624 074000;22316.25;22316.25;22310.75;22314;170
20250624 074100;22314.75;22316;22307.25;22312;172
20250624 074200;22312;22312.25;22305.5;22305.5;103
20250624 074300;22306;22306.75;22300.5;22302.75;126
20250624 074400;22302.5;22310;22302;22310;65
20250624 074500;22310.25;22316.25;22309;22314.25;181
20250624 074600;22313.75;22320.25;22313.5;22319;141
20250624 074700;22317.75;22324.5;22315.25;22324;169
20250624 074800;22322.75;22323.75;22319;22322;88
20250624 074900;22321.5;22323;22311.5;22317.5;170
20250624 075000;22316.75;22317.25;22310;22311.5;98
20250624 075100;22312.5;22317.75;22301.75;22302;188
20250624 075200;22301.25;22307.75;22300.75;22302.75;177
20250624 075300;22303.25;22304.5;22272;22272;452
20250624 075400;22273.25;22279.5;22262;22275.75;994
20250624 075500;22276;22288.25;22273;22285;351
20250624 075600;22286.5;22288;22277.5;22286.25;196
20250624 075700;22287;22299.5;22287;22290.75;276
20250624 075800;22290.5;22295.25;22284.5;22295.25;133
20250624 075900;22296;22305.5;22296;22304.25;243
20250624 080000;22303.75;22311;22303.5;22306;112
20250624 080100;22306.75;22328.75;22305.25;22322.5;526
20250624 080200;22321.75;22324.25;22295.5;22298.75;382
20250624 080300;22298.25;22299.25;22289.5;22293.75;237
20250624 080400;22294.25;22301.75;22290;22300;220
20250624 080500;22300.75;22304.25;22293.5;22304.25;144
20250624 080600;22304;22309;22299.25;22306;140
20250624 080700;22306;22309.25;22302.5;22303.75;135
20250624 080800;22304.75;22304.75;22293.75;22293.75;118
20250624 080900;22293;22300;22291;22300;105
20250624 081000;22301;22311;22296.75;22307.5;141
20250624 081100;22309.5;22316;22306.25;22315;228
20250624 081200;22315.75;22315.75;22301.75;22306;202
20250624 081300;22306;22311.75;22306;22309.75;129
20250624 081400;22308;22310.5;22304.75;22305.25;79
20250624 081500;22306;22307.25;22298.75;22302.25;97
20250624 081600;22304;22310.5;22302;22305.5;172
20250624 081700;22305.5;22307;22297;22299.5;216
20250624 081800;22299;22305.5;22297.25;22302.25;116
20250624 081900;22303.75;22308.5;22300.75;22303.75;171
20250624 082000;22304;22307;22299.5;22305.25;117
20250624 082100;22305.5;22311.5;22304;22310.5;160
20250624 082200;22311;22319.25;22309.5;22317.25;358
20250624 082300;22316.75;22328.75;22304.5;22321.25;504
20250624 082400;22320.25;22325;22318.75;22323.5;214
20250624 082500;22323.75;22328;22322.75;22324.75;203
20250624 082600;22324.25;22326;22317.25;22319.75;229
20250624 082700;22320.25;22322;22316;22317.25;218
20250624 082800;22318.5;22325.5;22318.25;22321.75;124
20250624 082900;22322.25;22330;22322.25;22329.5;187
20250624 083000;22329;22333.5;22326.5;22331.25;195
20250624 083100;22331.25;22332;22318.25;22322.5;215
20250624 083200;22321.75;22322.25;22314.5;22315.5;143
20250624 083300;22315.5;22318;22312;22315.75;130
20250624 083400;22315.5;22316;22307.5;22308.25;193
20250624 083500;22307.75;22312.5;22302.25;22307.75;206
20250624 083600;22306.75;22307.5;22304;22304;53
20250624 083700;22303.5;22313;22301.5;22309.5;117
20250624 083800;22309.5;22310;22301.75;22304.5;80
20250624 083900;22305.75;22309.25;22304.25;22305;82
20250624 084000;22305.75;22308.5;22303.5;22306.5;83
20250624 084100;22307.25;22307.75;22302.5;22302.75;51
20250624 084200;22302;22308.25;22298.75;22305.75;103
20250624 084300;22305;22305;22300.5;22301;91
20250624 084400;22301.25;22301.5;22295.75;22297;103
20250624 084500;22295.75;22305.5;22295.75;22305;98
20250624 084600;22305.25;22306.5;22301.25;22301.75;86
20250624 084700;22303.5;22306.75;22301.5;22302.75;58
20250624 084800;22302.5;22307.5;22301.75;22306;60
20250624 084900;22305.75;22312.75;22304.75;22306;154
20250624 085000;22307;22307.25;22303.25;22306;45
20250624 085100;22305.25;22307.25;22303.5;22307;28
20250624 085200;22306.5;22311;22304;22304;81
20250624 085300;22303.25;22304.75;22297.5;22299.5;82
20250624 085400;22298.75;22307.5;22298.75;22303.5;76
20250624 085500;22303.75;22304.25;22299;22300.75;54
20250624 085600;22300.75;22303.5;22299.75;22302.25;57
20250624 085700;22301.25;22301.5;22297.25;22299;28
20250624 085800;22300;22303.5;22297.5;22303.5;40
20250624 085900;22303.25;22306.5;22303;22304;54
20250624 090000;22303.5;22305.5;22300.75;22303.75;44
20250624 090100;22303.5;22313.75;22303.5;22313;191
20250624 090200;22313;22315;22307.75;22312.75;119
20250624 090300;22312.25;22312.25;22306.75;22308;73
20250624 090400;22307.75;22315;22305.5;22314.25;91
20250624 090500;22314.25;22316.75;22307.25;22307.75;97
20250624 090600;22308;22309.75;22307;22308.75;66
20250624 090700;22308.5;22310.75;22305.25;22309.5;71
20250624 090800;22309.5;22318.25;22308.5;22317;93
20250624 090900;22316.75;22317.25;22312;22314.75;77
20250624 091000;22314;22317.5;22312.25;22317;60
20250624 091100;22316.75;22318.5;22313.5;22314.75;78
20250624 091200;22314;22314.75;22309.75;22311.25;74
20250624 091300;22311.25;22311.25;22308;22309.5;81
20250624 091400;22310;22312.5;22309.75;22312.25;81
20250624 091500;22312;22313.25;22310;22310;68
20250624 091600;22311.25;22313.5;22309;22311.5;41
20250624 091700;22312;22319.25;22312;22319;97
20250624 091800;22319.5;22320.25;22315.5;22315.75;109
20250624 091900;22315.5;22315.5;22309.75;22313.5;93
20250624 092000;22313;22320.25;22312.75;22315;89
20250624 092100;22314.5;22319;22314.25;22319;37
20250624 092200;22318.5;22319.5;22316;22316.75;41
20250624 092300;22317;22319.25;22315.75;22317.25;62
20250624 092400;22317.25;22324.5;22317.25;22323.5;112
20250624 092500;22324;22324.25;22320.5;22324.25;104
20250624 092600;22323.5;22323.75;22320.75;22323;69
20250624 092700;22323.25;22327.75;22323.25;22325.75;73
20250624 092800;22325.5;22333;22325.5;22331.5;131
20250624 092900;22332.25;22338.5;22332;22337.25;221
20250624 093000;22336.5;22337.25;22334.5;22337.25;83
20250624 093100;22336;22340.5;22333.25;22340.5;154
20250624 093200;22340.75;22344.25;22338;22344.25;206
20250624 093300;22344;22346;22341.25;22343.75;269
20250624 093400;22342.75;22344.25;22338.5;22342.75;182
20250624 093500;22343;22344.5;22342;22344;106
20250624 093600;22344;22349.75;22342.5;22348.75;119
20250624 093700;22348.75;22350;22344.25;22345.75;129
20250624 093800;22346;22346;22340.5;22345;137
20250624 093900;22344.5;22349.75;22343.75;22347.75;160
20250624 094000;22348;22352.25;22347;22350.5;177
20250624 094100;22350.5;22350.5;22346.5;22348.25;149
20250624 094200;22348.5;22349.5;22346.25;22348.5;128
20250624 094300;22349.25;22349.5;22345.25;22345.5;86
20250624 094400;22345;22345;22339;22342.75;123
20250624 094500;22341.75;22344;22341.25;22341.25;67
20250624 094600;22341.75;22343;22339;22339;73
20250624 094700;22338.75;22339.75;22334.5;22335.25;129
20250624 094800;22334.75;22334.75;22331.75;22332.75;96
20250624 094900;22333;22334.75;22329.25;22329.75;89
20250624 095000;22330;22330.25;22325.75;22327;90
20250624 095100;22326.25;22327;22322.75;22322.75;126
20250624 095200;22323.5;22323.75;22317.5;22320.75;96
20250624 095300;22319.75;22320.5;22315.5;22316.25;81
20250624 095400;22315.75;22317;22314.25;22317;72
20250624 095500;22317.5;22318.5;22316.5;22317.75;52
20250624 095600;22317;22318.75;22315.25;22318.75;69
20250624 095700;22319;22319;22315;22315;39
20250624 095800;22313.75;22314.75;22312.25;22313.75;54
20250624 095900;22314.25;22317.75;22314;22317;68
20250624 100000;22316.5;22316.5;22314.5;22314.5;34
20250624 100100;22314.25;22319;22305.25;22315.5;378
20250624 100200;22315.25;22322.25;22313.75;22322;131
20250624 100300;22322;22322.25;22313.5;22313.5;142
20250624 100400;22313.75;22314;22302.75;22303;235
20250624 100500;22302.5;22305.5;22286.75;22300.25;363
20250624 100600;22300.5;22303.25;22292.75;22301.75;265
20250624 100700;22302.75;22303.5;22293.75;22293.75;159
20250624 100800;22292.75;22296.25;22291;22295.25;185
20250624 100900;22297.25;22298.25;22293.75;22295;90
20250624 101000;22296;22296;22293;22293.75;58
20250624 101100;22293.25;22299.75;22292.5;22297.75;101
20250624 101200;22297.25;22297.75;22293.5;22296;58
20250624 101300;22296.75;22296.75;22287.25;22287.25;137
20250624 101400;22287.75;22290.25;22287;22287.25;121
20250624 101500;22288.25;22289.5;22283.5;22289;98
20250624 101600;22290;22292.75;22284.75;22284.75;115
20250624 101700;22284.5;22290.75;22282.75;22290.5;175
20250624 101800;22291;22298;22291;22295.25;216
20250624 101900;22296.25;22298;22292;22295.25;147
20250624 102000;22294.5;22296.75;22294.5;22295;43
20250624 102100;22294.5;22297.75;22294.25;22296;113
20250624 102200;22296.5;22298.25;22295.5;22298.25;35
20250624 102300;22298.25;22300.75;22297.5;22298.75;98
20250624 102400;22299;22303.75;22299;22302.5;105
20250624 102500;22302.5;22303.5;22299.25;22301.75;47
20250624 102600;22302.25;22302.5;22296.5;22297.25;58
20250624 102700;22296.75;22299;22294.5;22294.5;64
20250624 102800;22294.25;22297;22292.75;22297;49
20250624 102900;22297.25;22299.25;22295.5;22295.5;95
20250624 103000;22295;22300.25;22292;22294;169
20250624 103100;22295.5;22295.5;22285;22285.5;135
20250624 103200;22285;22285.5;22281.25;22283;162
20250624 103300;22284.25;22285;22281;22282.25;87
20250624 103400;22282.75;22286.25;22280;22285;131
20250624 103500;22285.5;22289.25;22285.5;22288;84
20250624 103600;22287.5;22287.75;22284.5;22286;50
20250624 103700;22286.25;22289.25;22285;22288.75;61
20250624 103800;22288;22294.25;22287.25;22289.5;81
20250624 103900;22288.75;22290.5;22284;22286.5;169
20250624 104000;22285.25;22290.5;22283;22287.5;115
20250624 104100;22288;22301.25;22285.5;22293.75;433
20250624 104200;22294.75;22295.5;22289;22289.25;99
20250624 104300;22290;22293.5;22284.5;22284.5;101
20250624 104400;22285.25;22288.5;22284.75;22286;71
20250624 104500;22285.25;22291.75;22285.25;22291;74
20250624 104600;22291.75;22294.75;22291.75;22293.75;47
20250624 104700;22295;22297;22292.75;22293.75;44
20250624 104800;22293.75;22295.25;22291.75;22294;25
20250624 104900;22294.75;22296.5;22292.75;22292.75;79
20250624 105000;22293;22299;22293;22295.75;93
20250624 105100;22296.5;22299;22294.25;22296;124
20250624 105200;22295;22297.75;22293.75;22296.75;75
20250624 105300;22296.75;22304;22295.75;22301;182
20250624 105400;22301.25;22301.5;22298.25;22298.25;81
20250624 105500;22298.5;22298.75;22296;22298;52
20250624 105600;22296.5;22298.75;22296.5;22298.75;28
20250624 105700;22298.75;22302.25;22296.5;22296.75;75
20250624 105800;22296.5;22297.25;22287.75;22291;151
20250624 105900;22290.5;22290.5;22283;22285.25;174
20250624 110000;22284.5;22288.75;22284.25;22285;102
20250624 110100;22285;22292.5;22282.25;22285.75;337
20250624 110200;22287;22296.75;22286;22295.75;195
20250624 110300;22296.25;22296.75;22289;22289.25;97
20250624 110400;22288.25;22288.25;22277.25;22279.75;204
20250624 110500;22280.25;22288.5;22280.25;22288;110
20250624 110600;22288.5;22293;22281.5;22284.25;144
20250624 110700;22284.75;22285.5;22275;22277;178
20250624 110800;22278;22278.75;22273;22273;118
20250624 110900;22273;22278;22270.5;22274.5;154
20250624 111000;22275.75;22275.75;22271.75;22274;84
20250624 111100;22273.5;22273.5;22267.25;22268;217
20250624 111200;22268.5;22270.25;22265;22270;273
20250624 111300;22270.5;22275.5;22270.25;22275;221
20250624 111400;22274.5;22276;22268.25;22270.5;140
20250624 111500;22271.5;22273.25;22269;22269;57
20250624 111600;22269;22274;22269;22273.25;83
20250624 111700;22273.5;22276.5;22271.75;22274.5;123
20250624 111800;22275;22276;22267.25;22272.75;188
20250624 111900;22272.25;22274.25;22269.25;22271;112
20250624 112000;22270.75;22271;22263;22265;242
20250624 112100;22265.5;22265.75;22252.5;22255;467
20250624 112200;22256;22261.25;22251.75;22259.25;243
20250624 112300;22260;22260.75;22256.5;22257;162
20250624 112400;22258;22264;22255.25;22262.75;273
20250624 112500;22263.75;22270.5;22263.5;22268.75;182
20250624 112600;22269.75;22274.25;22268;22270;228
20250624 112700;22270;22274;22268.5;22272.25;99
20250624 112800;22272.5;22281.5;22271.25;22280;289
20250624 112900;22280.25;22292.5;22278.25;22287.25;388
20250624 113000;22287.5;22303.5;22286.25;22298;591
20250624 113100;22297.5;22298;22287.25;22294.5;346
20250624 113200;22294;22311;22294;22304;630
20250624 113300;22303.5;22308.25;22300;22300.75;304
20250624 113400;22300.25;22300.5;22290.5;22297;340
20250624 113500;22297.25;22300.5;22288.5;22288.5;173
20250624 113600;22289.75;22295;22287.5;22291.5;187
20250624 113700;22292;22293.5;22287.5;22291;141
20250624 113800;22290.75;22293.25;22286.75;22286.75;82
20250624 113900;22288.5;22297.25;22284.75;22296.5;162
20250624 114000;22296;22303.75;22295;22302.25;220
20250624 114100;22302;22302.5;22294;22295;265
20250624 114200;22295.5;22297.75;22293.5;22296.75;87
20250624 114300;22295.5;22295.5;22291.5;22292.25;58
20250624 114400;22291.75;22296.5;22291.25;22295.5;113
20250624 114500;22296.25;22297;22292.5;22292.75;64
20250624 114600;22293.5;22301.5;22293.25;22300.25;150
20250624 114700;22300.5;22304.75;22298;22303.75;142
20250624 114800;22303.5;22306.25;22301;22304.75;174
20250624 114900;22305.25;22307.25;22301.75;22303;124
20250624 115000;22303.75;22306.25;22302;22306.25;61
20250624 115100;22306;22307.25;22304.25;22305.75;76
20250624 115200;22305;22305.75;22297.25;22300.25;196
20250624 115300;22300;22305;22299;22300;79
20250624 115400;22301.25;22304.5;22300.5;22304.25;57
20250624 115500;22304.25;22305.25;22301.5;22302;90
20250624 115600;22302.25;22306.25;22299.75;22305.75;110
20250624 115700;22306.25;22309.25;22303.75;22305.5;121
20250624 115800;22305.75;22306.25;22299;22302;162
20250624 115900;22302.25;22302.5;22297.5;22301.75;235
20250624 120000;22302;22306.5;22302;22306.5;59
20250624 120100;22305.75;22308;22300.75;22307.75;203
20250624 120200;22307.5;22313.25;22305.5;22306.75;249
20250624 120300;22307;22312;22306.75;22310.5;106
20250624 120400;22311.25;22313;22310.25;22312.5;79
20250624 120500;22312.25;22313;22304;22305;127
20250624 120600;22304;22309.25;22302.25;22308.5;187
20250624 120700;22309;22314.25;22309;22310.25;188
20250624 120800;22310;22313.75;22310;22312.5;67
20250624 120900;22313;22313.75;22310;22311.75;97
20250624 121000;22311.5;22313.5;22308;22308;115
20250624 121100;22308.25;22311.25;22308.25;22309.75;106
20250624 121200;22309.75;22310;22300.25;22301.25;193
20250624 121300;22301.25;22301.25;22292.25;22293;360
20250624 121400;22293;22293.25;22284.75;22285.75;298
20250624 121500;22285.75;22288.5;22283;22285;216
20250624 121600;22284.75;22289.5;22282.25;22285.5;198
20250624 121700;22284.5;22285;22279.25;22281.75;191
20250624 121800;22282.25;22288.5;22280.5;22281.25;165
20250624 121900;22282;22282.25;22274.75;22275.25;193
20250624 122000;22275.25;22280.75;22274.75;22278;135
20250624 122100;22278.75;22282;22272;22280.25;231
20250624 122200;22279.5;22286.5;22278.5;22285.25;250
20250624 122300;22285.75;22286.5;22283.75;22285.75;103
20250624 122400;22285.75;22292.25;22283.75;22292.25;179
20250624 122500;22292.25;22292.25;22288.5;22290;85
20250624 122600;22290;22290.25;22287.25;22289.5;118
20250624 122700;22289.5;22293;22285;22286.25;164
20250624 122800;22283.5;22284;22279.25;22283.25;143
20250624 122900;22283;22284.5;22278.75;22284;109
20250624 123000;22284.25;22287.75;22282.25;22287;142
20250624 123100;22286;22291.75;22258.5;22286;649
20250624 123200;22285.75;22294.75;22282.5;22283.25;421
20250624 123300;22283;22285;22274.75;22282.25;189
20250624 123400;22281.5;22292.5;22279.5;22289.5;211
20250624 123500;22290;22290.25;22285.25;22287.25;105
20250624 123600;22287.25;22299.75;22287.25;22297.75;333
20250624 123700;22297.75;22301.25;22293.75;22296;187
20250624 123800;22295;22297.5;22293.25;22295.5;79
20250624 123900;22294.75;22298;22288.75;22290.25;163
20250624 124000;22289.75;22298;22289;22295.25;152
20250624 124100;22294.25;22296;22289.25;22296;83
20250624 124200;22295;22299.75;22291.75;22291.75;145
20250624 124300;22291.75;22292.5;22287.75;22291;117
20250624 124400;22291;22291.25;22288.5;22290.75;100
20250624 124500;22291.25;22297.75;22290.25;22297;241
20250624 124600;22297.25;22300.25;22293.75;22293.75;133
20250624 124700;22293.5;22298.5;22293.5;22298.25;71
20250624 124800;22298.25;22304.25;22298.25;22302;171
20250624 124900;22302.5;22303.25;22293;22293;149
20250624 125000;22293.25;22293.5;22283;22283.25;194
20250624 125100;22282.75;22287.5;22277.25;22277.25;198
20250624 125200;22277;22280.75;22273;22276.5;357
20250624 125300;22276.5;22279.5;22274.25;22277.25;182
20250624 125400;22277.25;22287.75;22275.75;22276;271
20250624 125500;22275.5;22281;22275.5;22279.25;190
20250624 125600;22279.5;22282.75;22277.5;22281.75;142
20250624 125700;22282.25;22285.25;22281;22281.75;149
20250624 125800;22282;22285.75;22280;22283.5;112
20250624 125900;22283.5;22287.5;22283.25;22286.75;144
20250624 130000;22286.5;22288.75;22285;22285.75;165
20250624 130100;22286.25;22292;22282.5;22286;285
20250624 130200;22286.25;22289.25;22283.5;22285.5;190
20250624 130300;22285.5;22287.75;22280;22281.75;194
20250624 130400;22281;22282.5;22278;22280;232
20250624 130500;22279.5;22283;22278.75;22282.25;89
20250624 130600;22281.75;22284.75;22280;22281.75;135
20250624 130700;22282;22284.75;22280.25;22281.75;154
20250624 130800;22282.25;22287.75;22281.75;22287.25;176
20250624 130900;22288;22289.25;22284.25;22285;106
20250624 131000;22285.25;22288.25;22283.5;22287.25;144
20250624 131100;22287.25;22288.25;22281.75;22282.5;79
20250624 131200;22283.25;22290;22283;22287.5;119
20250624 131300;22287.75;22291;22285;22290.25;108
20250624 131400;22291;22291;22285.5;22286.5;135
20250624 131500;22286.5;22294.25;22283;22286.75;431
20250624 131600;22287.25;22311;22278.5;22284.5;1636
20250624 131700;22285.5;22295;22283.5;22294.75;316
20250624 131800;22294.25;22295.25;22290.5;22294.5;240
20250624 131900;22295;22300.25;22294.25;22298.5;214
20250624 132000;22298.5;22301.75;22295;22297;220
20250624 132100;22296.5;22297.5;22288.25;22292;262
20250624 132200;22292.75;22300;22290.5;22299;155
20250624 132300;22300;22302.75;22292.75;22295.25;213
20250624 132400;22294.75;22303;22293.75;22299;182
20250624 132500;22299.5;22300;22292.75;22292.75;172
20250624 132600;22293.5;22296.5;22287.25;22296.25;410
20250624 132700;22296.25;22297.25;22290.5;22292.5;190
20250624 132800;22292.5;22300;22292;22296.75;285
20250624 132900;22296.5;22296.5;22287.25;22289.5;540
20250624 133000;22289.25;22290.25;22282.5;22286.5;864
20250624 133100;22286.25;22288.5;22267.5;22277.75;3698
20250624 133200;22277.25;22304.25;22274.25;22303.75;3226
20250624 133300;22304;22314.75;22277.75;22289.75;3482
20250624 133400;22289.75;22292.75;22260;22283.5;2562
20250624 133500;22283;22300;22279.25;22294.5;2044
20250624 133600;22295;22306.25;22292.25;22301.25;1942
20250624 133700;22301.5;22309.75;22294.75;22301;1468
20250624 133800;22300.25;22312.5;22297.25;22310.25;1208
20250624 133900;22309.75;22316.75;22295;22297.75;1706
20250624 134000;22297.5;22304;22288.75;22300.75;1276
20250624 134100;22301;22313;22300.75;22310.75;1270
20250624 134200;22310.75;22318.5;22308.25;22317.5;1631
20250624 134300;22317.5;22327.5;22313;22321.25;1505
20250624 134400;22321.25;22327.25;22317.75;22318.75;1053
20250624 134500;22318.5;22321.25;22307;22311.25;1155
20250624 134600;22311.25;22322.5;22311;22322.25;1322
20250624 134700;22322.5;22332.75;22321.5;22323;1514
20250624 134800;22323;22331.25;22323;22329.5;948
20250624 134900;22329.75;22333.5;22325.25;22326.25;1086
20250624 135000;22326.25;22327.25;22310;22314;1196
20250624 135100;22313.5;22316.5;22295.75;22304;1984
20250624 135200;22304;22309.5;22291.5;22296.5;1332
20250624 135300;22296.25;22304.75;22286;22301.25;1753
20250624 135400;22301.75;22303;22292.75;22296.75;832
20250624 135500;22296.25;22303.75;22293.25;22298;739
20250624 135600;22297.75;22305.25;22295;22301.25;925
20250624 135700;22300.75;22315.5;22290.5;22307.25;1827
20250624 135800;22307.75;22309.25;22295;22301;902
20250624 135900;22301.5;22304;22289.25;22289.5;684
20250624 140000;22289.75;22295.5;22279;22291;1206
20250624 140100;22292;22303;22281.25;22299;1282
20250624 140200;22298.25;22310;22295.75;22300.25;1336
20250624 140300;22300.25;22300.75;22287;22293.75;1121
20250624 140400;22294.25;22298.75;22283.75;22295.5;1082
20250624 140500;22295.75;22305.25;22295.5;22303.5;926
20250624 140600;22303.25;22311.75;22302.5;22305.5;1191
20250624 140700;22305.25;22307.75;22300.25;22301;866
20250624 140800;22301.5;22311.25;22298.5;22306.75;1039
20250624 140900;22307.75;22308.5;22266;22272;2756
20250624 141000;22272;22294.5;22269.5;22291.5;1511
20250624 141100;22292;22292;22281.75;22288.75;1044
20250624 141200;22289.5;22292.5;22282;22291.25;663
20250624 141300;22291;22298;22284;22289.75;838
20250624 141400;22289.25;22297.75;22287.5;22296.75;678
20250624 141500;22297.25;22300.5;22290.5;22293.5;629
20250624 141600;22293.5;22308;22291.75;22305;900
20250624 141700;22305.25;22307;22296.75;22303;688
20250624 141800;22302.75;22317.25;22302.5;22316.5;1147
20250624 141900;22316.75;22326;22313.75;22318;1808
20250624 142000;22318.5;22320.5;22309.75;22314.25;763
20250624 142100;22314.25;22320.5;22309;22315.5;1052
20250624 142200;22315.75;22318;22311;22316;652
20250624 142300;22316;22320;22313.5;22319.75;739
20250624 142400;22320;22322.5;22307;22310.5;1080
20250624 142500;22310.75;22317.5;22308.5;22315;666
20250624 142600;22315;22323;22310.5;22322.25;900
20250624 142700;22322.75;22324;22313.25;22317.75;569
20250624 142800;22317.75;22318.5;22313;22313.5;579
20250624 142900;22313.75;22314.25;22294.25;22306.75;1483
20250624 143000;22306.75;22311.75;22303.5;22307.75;772
20250624 143100;22308;22315.5;22306.25;22311;1088
20250624 143200;22311.25;22317.5;22308.25;22315.5;769
20250624 143300;22315.75;22321.25;22312.5;22320.25;583
20250624 143400;22320.25;22323.25;22316.5;22323.25;740
20250624 143500;22323.5;22328;22322.75;22325.5;856
20250624 143600;22325.5;22328;22318;22324;990
20250624 143700;22324;22324.75;22317.75;22319.5;658
20250624 143800;22318.75;22322;22317.5;22318.5;672
20250624 143900;22318;22318.5;22310.25;22311;865
20250624 144000;22310.5;22316.75;22309;22314.75;762
20250624 144100;22314.75;22325.5;22312.5;22325.5;887
20250624 144200;22325.75;22336.5;22325.25;22332.75;1747
20250624 144300;22332.75;22339;22332;22338;1161
20250624 144400;22338;22339;22333.5;22337;694
20250624 144500;22337;22339.75;22335.5;22336.25;572
20250624 144600;22337;22340.25;22331;22333.75;862
20250624 144700;22334;22339.5;22332;22333.25;648
20250624 144800;22333.5;22334.5;22329.25;22331;898
20250624 144900;22331;22340;22330;22334.5;706
20250624 145000;22335;22336.25;22324;22330;917
20250624 145100;22330;22334.5;22319;22320;911
20250624 145200;22320.25;22328;22318.25;22326.75;865
20250624 145300;22326;22327.5;22321;22324;491
20250624 145400;22323.75;22334.5;22320.75;22332;804
20250624 145500;22332;22333.5;22329.25;22332.25;441
20250624 145600;22332.25;22335.5;22329.25;22331.75;667
20250624 145700;22331;22332;22323.5;22327.75;612
20250624 145800;22327.75;22329.25;22322.75;22324;619
20250624 145900;22323.75;22325.25;22316.25;22325.25;877
20250624 150000;22324.5;22324.5;22300.75;22314.75;2960
20250624 150100;22315.5;22336;22313.75;22329.5;1778
20250624 150200;22329.5;22335.25;22327.75;22329.5;855
20250624 150300;22330;22348.25;22330;22345.25;1649
20250624 150400;22345.5;22351.25;22343.25;22348.75;959
20250624 150500;22349;22349.25;22338.25;22343.5;764
20250624 150600;22344;22347;22340.75;22341.25;732
20250624 150700;22341.25;22343.75;22339.25;22341.5;565
20250624 150800;22341.25;22360;22336;22344;2409
20250624 150900;22344.25;22348.25;22337;22337.25;1002
20250624 151000;22337.75;22342.25;22335.5;22341.25;708
20250624 151100;22342.5;22350;22341.25;22346;902
20250624 151200;22346.25;22355.5;22346;22351.5;927
20250624 151300;22351;22356.5;22350.75;22354.5;588
20250624 151400;22353.5;22357;22352.75;22354;523
20250624 151500;22353.75;22358;22352.5;22353.75;543
20250624 151600;22353.5;22357.25;22352.75;22354;596
20250624 151700;22354.75;22356.25;22347.75;22351.5;910
20250624 151800;22351.5;22356;22349.75;22354;685
20250624 151900;22354;22355.75;22348.75;22353;505
20250624 152000;22352.75;22354;22349.25;22349.5;540
20250624 152100;22349.25;22354.25;22346.5;22352.75;642
20250624 152200;22353;22356;22350;22351.5;597
20250624 152300;22351.5;22359.75;22350.75;22359;732
20250624 152400;22359.25;22371;22358.25;22369.25;1398
20250624 152500;22369.75;22370.25;22363.25;22364.5;780
20250624 152600;22364.75;22367.5;22362.75;22367.25;641
20250624 152700;22368;22371.25;22363;22365.5;978
20250624 152800;22365;22370.25;22363.25;22369.5;603
20250624 152900;22369.75;22372;22365.5;22368.5;741
20250624 153000;22368.25;22373.25;22366.5;22372.75;447
20250624 153100;22373;22375;22366;22366;899
20250624 153200;22366.25;22369.5;22364.25;22365.25;636
20250624 153300;22365.25;22368.75;22362.75;22368;557
20250624 153400;22368.5;22372;22365.5;22370.25;528
20250624 153500;22370.25;22375.25;22368.75;22371;757
20250624 153600;22371;22373;22367.5;22372.25;538
20250624 153700;22372;22376.75;22370.75;22373.25;638
20250624 153800;22374;22381.25;22373;22377.75;1022
20250624 153900;22378.5;22383;22376.75;22381.25;931
20250624 154000;22381;22382;22378.75;22379;630
20250624 154100;22379.75;22382.75;22378.25;22381.25;534
20250624 154200;22381.5;22382.75;22369.75;22371.25;1111
20250624 154300;22371.5;22378.25;22371;22376.75;787
20250624 154400;22376.75;22379;22373.75;22378.75;686
20250624 154500;22378.75;22381.5;22378;22379.5;592
20250624 154600;22379;22381.25;22377;22378.75;507
20250624 154700;22378.5;22385.75;22377.75;22377.75;1147
20250624 154800;22377.5;22379.5;22372.75;22379;758
20250624 154900;22379.25;22382.25;22378.5;22379.75;436
20250624 155000;22379.75;22388;22378.75;22386.5;1070
20250624 155100;22386.5;22387.25;22380.25;22383.25;645
20250624 155200;22383.5;22384.25;22378.75;22381.5;429
20250624 155300;22381.75;22383.75;22375.5;22375.75;503
20250624 155400;22376;22376.5;22367.5;22367.75;966
20250624 155500;22368;22374.25;22365;22370;788
20250624 155600;22370;22373.25;22366;22371.25;532
20250624 155700;22371.25;22376.5;22365;22365.25;646
20250624 155800;22365.5;22366.25;22362.5;22364.75;669
20250624 155900;22364.75;22365;22358.5;22360.25;789
20250624 160000;22360;22365.5;22359;22362.25;502
20250624 160100;22362.5;22365.5;22359.5;22361.25;617
20250624 160200;22361.5;22362.75;22357.25;22361;656
20250624 160300;22361;22366.75;22359.75;22364.5;538
20250624 160400;22364.75;22373.5;22364.75;22372.75;794
20250624 160500;22373.25;22377.75;22372.75;22377;735
20250624 160600;22377.25;22378.5;22370.5;22373.5;698
20250624 160700;22372.75;22376.25;22372.75;22375;330
20250624 160800;22375.25;22380;22373.25;22373.75;567
20250624 160900;22374;22376.25;22369.25;22371.75;629
20250624 161000;22371.5;22373.5;22369.25;22370.5;258
20250624 161100;22370.25;22377.5;22366.5;22376.25;669
20250624 161200;22376.25;22377.25;22371.5;22376;499
20250624 161300;22375.75;22376;22370.5;22371;402
20250624 161400;22370.5;22371.75;22365;22368.75;498
20250624 161500;22368.25;22373.5;22365.5;22372.25;408
20250624 161600;22372.25;22375.75;22370.25;22375;383
20250624 161700;22375.25;22378.75;22374.5;22375;499
20250624 161800;22374.75;22378.75;22374.25;22378.5;433
20250624 161900;22378.75;22381.75;22375.75;22380;490
20250624 162000;22379.75;22382;22375;22375.75;548
20250624 162100;22376;22377.75;22373.25;22373.5;417
20250624 162200;22374.25;22376.25;22370;22376;448
20250624 162300;22376;22385.5;22375.75;22383.5;840
20250624 162400;22383.25;22384;22379;22380.25;409
20250624 162500;22380.25;22383.75;22378;22383.5;361
20250624 162600;22383;22383.75;22380.5;22381.5;333
20250624 162700;22381.5;22396;22380.25;22395.5;1525
20250624 162800;22395.5;22396.5;22389.25;22391.75;737
20250624 162900;22392;22394.25;22388.25;22393.5;503
20250624 163000;22393.5;22395.25;22390.75;22391.25;481
20250624 163100;22391.25;22392.25;22388.25;22392;604
20250624 163200;22392;22395.25;22391;22395.25;565
20250624 163300;22395.25;22397.5;22391.25;22394.5;898
20250624 163400;22395;22395;22391;22393.25;476
20250624 163500;22393;22394.5;22390.5;22392.5;378
20250624 163600;22393.25;22399;22392.25;22398;572
20250624 163700;22398.25;22399.75;22394.25;22398.75;721
20250624 163800;22398.75;22400;22395.5;22396.75;472
20250624 163900;22396.75;22401.5;22396.5;22399;616
20250624 164000;22399.5;22407.25;22398.25;22401;1150
20250624 164100;22401.25;22406;22399.75;22403.75;624
20250624 164200;22404;22408;22402.25;22406.75;719
20250624 164300;22406.5;22414.75;22406;22414;1078
20250624 164400;22414.5;22414.75;22410.5;22413;778
20250624 164500;22413;22417.75;22412.75;22415.5;974
20250624 164600;22416;22417.75;22411.5;22411.5;937
20250624 164700;22412;22413.25;22406.5;22409.25;866
20250624 164800;22409.75;22410.5;22403.25;22404.75;749
20250624 164900;22404.5;22408.25;22401.75;22404.25;546
20250624 165000;22404.25;22404.25;22399.5;22400.75;465
20250624 165100;22401;22401.75;22392;22393.5;826
20250624 165200;22393.25;22400.5;22393.25;22399.5;510
20250624 165300;22399.5;22401.75;22395.25;22397.75;442
20250624 165400;22397.5;22399.5;22394.75;22395.5;353
20250624 165500;22395.5;22398.25;22394.5;22396.5;265
20250624 165600;22396.25;22401.25;22394.75;22398.5;379
20250624 165700;22398.5;22398.5;22392.5;22394.25;640
20250624 165800;22394;22395.5;22389;22390;680
20250624 165900;22390;22395.25;22385.5;22394.5;989
20250624 170000;22394.25;22400.5;22393.5;22400;678
20250624 170100;22400;22402.75;22397.75;22402.75;538
20250624 170200;22402.25;22408;22401.75;22407.5;678
20250624 170300;22407.5;22410.25;22405;22407;585
20250624 170400;22407;22410.5;22406.75;22410;391
20250624 170500;22410;22410;22403.5;22405.5;484
20250624 170600;22405.25;22409.5;22404.25;22407;398
20250624 170700;22406.75;22407.5;22398.5;22398.75;637
20250624 170800;22399;22402.75;22395;22399.75;755
20250624 170900;22400;22404.5;22399.25;22400.25;375
20250624 171000;22400;22400.5;22392.75;22396;545
20250624 171100;22396;22402;22395.75;22400.5;336
20250624 171200;22400.75;22403.5;22399.25;22402.75;305
20250624 171300;22403;22405.75;22401.25;22404.75;374
20250624 171400;22404.75;22405.5;22402.25;22403;287
20250624 171500;22403;22407.5;22403;22404.25;415
20250624 171600;22404.25;22409;22401.75;22405.25;498
20250624 171700;22405.25;22408.5;22405;22407;320
20250624 171800;22407.5;22414.5;22407.5;22408.75;750
20250624 171900;22409.25;22411.75;22406;22407.5;429
20250624 172000;22407.25;22408;22400.75;22405.75;366
20250624 172100;22405.5;22407.75;22392;22399;1361
20250624 172200;22398.75;22405;22379.75;22381.25;2142
20250624 172300;22381.75;22388.75;22381.25;22387;682
20250624 172400;22387.25;22391.25;22383.25;22389.5;687
20250624 172500;22389.25;22389.25;22384.5;22387.25;330
20250624 172600;22387;22389;22383.75;22386.75;406
20250624 172700;22387.25;22396.25;22387.25;22396.25;473
20250624 172800;22395.5;22396.75;22391.25;22392.75;368
20250624 172900;22392.5;22395.25;22389.25;22391.5;319
20250624 173000;22391.5;22391.75;22386;22388;354
20250624 173100;22387.75;22396.75;22387.5;22394.5;534
20250624 173200;22394.5;22405;22392.75;22404.5;733
20250624 173300;22405;22405.75;22400.5;22402.75;491
20250624 173400;22402.75;22403.5;22399.5;22403;468
20250624 173500;22402.25;22404.5;22399.25;22400.25;299
20250624 173600;22400;22400;22395.25;22397;532
20250624 173700;22397.25;22400.75;22396.25;22397.75;271
20250624 173800;22397.75;22403.75;22397.5;22402;277
20250624 173900;22402.5;22403;22396.25;22397.75;348
20250624 174000;22397.5;22401;22394.25;22400.5;330
20250624 174100;22401;22406.5;22399.5;22406.25;332
20250624 174200;22406.25;22409.75;22405.25;22406.5;536
20250624 174300;22407.25;22408.75;22404.75;22408.75;307
20250624 174400;22408.75;22413;22408.5;22412.5;576
20250624 174500;22413;22420.5;22410.5;22412;1186
20250624 174600;22411.75;22412.5;22407.75;22407.75;546
20250624 174700;22407.5;22412.5;22407;22409.25;239
20250624 174800;22409.5;22418.5;22408.25;22417.75;761
20250624 174900;22417.5;22424.75;22417.25;22420.75;1110
20250624 175000;22420.5;22422.5;22417.75;22419.5;466
20250624 175100;22419.5;22420.25;22415;22416.75;639
20250624 175200;22417;22421.5;22416.25;22421.25;411
20250624 175300;22421.25;22423;22418.25;22420.5;439
20250624 175400;22420.5;22421.75;22419.5;22421.5;268
20250624 175500;22422;22426;22421.5;22425;801
20250624 175600;22424.5;22425;22421.5;22421.75;302
20250624 175700;22421.25;22421.5;22415.75;22417.25;564
20250624 175800;22417;22422;22417;22420.5;276
20250624 175900;22420.5;22421.5;22418.75;22418.75;151
20250624 180000;22419.25;22422.25;22415;22417.5;378
20250624 180100;22417.5;22423.75;22416.75;22423.25;404
20250624 180200;22423.25;22429;22423;22427.25;773
20250624 180300;22426.75;22429.75;22426;22428;455
20250624 180400;22428.5;22432;22425.25;22425.75;590
20250624 180500;22426.5;22427.5;22421.25;22424.25;466
20250624 180600;22425;22426.5;22421.75;22422.25;324
20250624 180700;22422.5;22423.25;22417;22421;553
20250624 180800;22420.5;22420.75;22416.75;22418.25;333
20250624 180900;22418.25;22426;22418;22425;430
20250624 181000;22424.75;22426.25;22423.75;22425.25;292
20250624 181100;22425.5;22430.75;22422;22422.5;557
20250624 181200;22422.25;22424.25;22417;22420.25;541
20250624 181300;22420.25;22423;22416.5;22417.75;466
20250624 181400;22417;22420.75;22416;22417.75;419
20250624 181500;22417.25;22418.5;22411.5;22413;588
20250624 181600;22413.5;22417.75;22413;22417;297
20250624 181700;22417.25;22423;22416.5;22421.5;530
20250624 181800;22420.75;22421;22417;22417.75;353
20250624 181900;22418;22418;22412.25;22412.75;355
20250624 182000;22412.75;22415.75;22412.75;22415;241
20250624 182100;22415;22418.25;22413.75;22418;337
20250624 182200;22418.25;22422.25;22418;22419.25;343
20250624 182300;22419.25;22420.25;22417;22420.25;253
20250624 182400;22420.25;22423.75;22419.5;22422;405
20250624 182500;22422;22423.75;22420.5;22421;222
20250624 182600;22421.5;22421.75;22417;22417.75;298
20250624 182700;22417.5;22424;22417.25;22422.75;305
20250624 182800;22422.5;22423;22416.75;22417.25;422
20250624 182900;22417.5;22420.75;22416.25;22418.25;256
20250624 183000;22418.5;22419.75;22414.25;22415;318
20250624 183100;22415.5;22416.5;22413.5;22415.75;497
20250624 183200;22415.5;22415.75;22409;22410;570
20250624 183300;22409.75;22412;22408.25;22409.25;349
20250624 183400;22409.75;22413.25;22408;22408.25;361
20250624 183500;22408.25;22411.25;22408.25;22410.5;269
20250624 183600;22410.75;22417;22410.25;22416.5;519
20250624 183700;22416.5;22425.75;22415.25;22423.75;845
20250624 183800;22423.5;22428.5;22423.5;22426.75;473
20250624 183900;22427;22428;22422.75;22425.75;355
20250624 184000;22425.75;22426.75;22420.75;22421.75;293
20250624 184100;22421.75;22427.75;22421;22425.75;521
20250624 184200;22425.5;22425.75;22419;22420.75;388
20250624 184300;22420.75;22422;22417;22417.25;349
20250624 184400;22417;22421.75;22416.5;22421.5;267
20250624 184500;22421.25;22421.75;22418.5;22421.25;205
20250624 184600;22421.5;22424.5;22420.25;22424.25;326
20250624 184700;22424.25;22424.5;22421.5;22424;299
20250624 184800;22423.5;22424.75;22421.5;22421.5;231
20250624 184900;22422;22425;22420.25;22421;400
20250624 185000;22421;22421;22415.75;22418;557
20250624 185100;22418;22421.5;22416.5;22419.5;435
20250624 185200;22419.5;22420.5;22416;22419;263
20250624 185300;22419.25;22419.25;22416.25;22418.5;228
20250624 185400;22417.5;22420.75;22413.75;22420.25;660
20250624 185500;22420.5;22422.5;22415.25;22417.25;427
20250624 185600;22417.25;22417.75;22413.5;22414.75;523
20250624 185700;22414.25;22421.5;22413;22421;528
20250624 185800;22421.25;22427;22420.25;22426.25;613
20250624 185900;22426.75;22426.75;22423.5;22425;346
20250624 190000;22424.75;22427.5;22423.5;22426;425
20250624 190100;22425.5;22434;22425;22431.75;1061
20250624 190200;22431.5;22435.75;22430.5;22434.75;662
20250624 190300;22434.75;22439;22432.75;22438.5;1094
20250624 190400;22439.25;22442.75;22435.75;22436.75;1217
20250624 190500;22436.5;22439.25;22434.25;22438.75;568
20250624 190600;22438.5;22440.5;22433.75;22435.75;518
20250624 190700;22435.25;22448.25;22435;22445.25;1275
20250624 190800;22445;22446.5;22441.25;22442.5;729
20250624 190900;22442.5;22445.25;22442.5;22444;399
20250624 191000;22444;22444.75;22440.5;22441.75;527
20250624 191100;22442;22442;22436.5;22436.75;635
20250624 191200;22436.25;22436.5;22431;22433.25;588
20250624 191300;22433.5;22434.75;22429.5;22430.25;388
20250624 191400;22430.5;22433;22428.75;22432.75;416
20250624 191500;22433;22434.5;22431;22433.75;363
20250624 191600;22433.5;22434.75;22431;22434.75;209
20250624 191700;22434.25;22435.25;22431;22433.5;397
20250624 191800;22433.5;22436.75;22432;22436.25;387
20250624 191900;22435.75;22436;22429.75;22430.25;559
20250624 192000;22430;22432;22429;22429.75;480
20250624 192100;22430.25;22434.75;22428.75;22434;516
20250624 192200;22434;22434;22427.75;22428.75;471
20250624 192300;22429;22432;22428;22431.75;357
20250624 192400;22431.5;22435.75;22429.75;22431.75;477
20250624 192500;22431.5;22433.25;22430.75;22431;232
20250624 192600;22430.75;22433;22428.5;22429.5;446
20250624 192700;22429.5;22431;22426;22428;424
20250624 192800;22427.75;22429;22424.75;22427.25;541
20250624 192900;22427.5;22428.25;22420.75;22423.5;821
20250624 193000;22423.25;22424;22421.75;22421.75;321
20250624 193100;22421.5;22426.25;22417.75;22422.75;1101
20250624 193200;22422.25;22429;22420;22427.75;692
20250624 193300;22428.25;22434.25;22426.5;22432;1052
20250624 193400;22432;22433;22427;22427.75;582
20250624 193500;22427.5;22429.75;22423;22423.75;525
20250624 193600;22423.5;22425.75;22422.25;22422.75;567
20250624 193700;22423.25;22427;22423;22426.75;431
20250624 193800;22426.75;22427.75;22423.75;22424.75;406
20250624 193900;22424.75;22425;22420;22424.5;564
20250624 194000;22424.5;22427.5;22421;22421.25;708
20250624 194100;22421.5;22424.75;22417.5;22422.25;863
20250624 194200;22422.25;22423;22419.25;22421.5;380
20250624 194300;22421.5;22422.5;22418.5;22420.5;520
20250624 194400;22420.75;22422.75;22415.75;22420.5;805
20250624 194500;22420;22422.25;22419;22419.5;457
20250624 194600;22419.75;22420.25;22410.75;22412.75;770
20250624 194700;22412.75;22420.5;22411.25;22419.25;1125
20250624 194800;22419.25;22423.5;22417.75;22423;670
20250624 194900;22422.75;22428;22422.75;22425.5;849
20250624 195000;22425.25;22428.25;22424.25;22427.75;567
20250624 195100;22427;22432.75;22417.5;22419.25;1920
20250624 195200;22418.25;22420.75;22414.5;22416.5;1102
20250624 195300;22416;22423.75;22413;22422.25;1215
20250624 195400;22422;22428.25;22420.5;22421;1387
20250624 195500;22421;22427;22418.5;22418.75;1765
20250624 195600;22418.5;22419.25;22410.5;22413.5;1977
20250624 195700;22413.25;22416.25;22408;22409.75;1363
20250624 195800;22409.5;22422.75;22409.5;22421.75;1737
20250624 195900;22421.5;22421.5;22415.5;22418;1779
20250624 200000;22417.75;22420.25;22405.25;22406.25;8058
20250624 200100;22406.25;22409.75;22397.25;22398.75;3716
20250624 200200;22399;22402;22396.5;22400.25;1245
20250624 200300;22400;22405.5;22398.75;22400.5;643
20250624 200400;22400.25;22401.75;22397.5;22401.25;591
20250624 200500;22401.5;22403.5;22400.25;22400.25;478
20250624 200600;22400;22400.5;22395.5;22398.5;509
20250624 200700;22398.5;22398.5;22395.25;22396.25;266
20250624 200800;22396.25;22402.5;22395.5;22401.25;319
20250624 200900;22401.25;22401.5;22400;22400.5;220
20250624 201000;22400.75;22401.5;22399.5;22400.5;173
20250624 201100;22400.75;22403.75;22398.75;22400;393
20250624 201200;22398.75;22400.5;22396.75;22397.75;363
20250624 201300;22397.25;22405;22397;22402.5;262
20250624 201400;22402.25;22404.25;22401.5;22402;186
20250624 201500;22402;22406.75;22402;22404.75;257
20250624 201600;22404.5;22404.5;22400;22402;137
20250624 201700;22401.5;22402.5;22400;22400.5;104
20250624 201800;22400.75;22401;22398;22399.25;197
20250624 201900;22399.75;22400.5;22397;22400.5;79
20250624 202000;22400.25;22403;22400.25;22401.5;95
20250624 202100;22401.75;22405.75;22401.25;22404.75;159
20250624 202200;22404.5;22405.75;22403.5;22404;89
20250624 202300;22404.25;22409;22403.75;22409;181
20250624 202400;22409;22409.25;22405.5;22406.25;115
20250624 202500;22406;22407;22405;22405.75;119
20250624 202600;22405.25;22409.5;22405;22407.5;87
20250624 202700;22407.5;22408;22405.75;22406.75;66
20250624 202800;22406.75;22406.75;22404.5;22404.5;102
20250624 202900;22404;22404.5;22403.75;22404;78
20250624 203000;22404;22406.5;22403.75;22406.5;77
20250624 203100;22406;22407.25;22405;22406.5;83
20250624 203200;22406.5;22407;22405.75;22405.75;28
20250624 203300;22406.25;22407;22405.5;22405.5;50
20250624 203400;22405.25;22407.75;22405;22407.75;43
20250624 203500;22408;22408.5;22406.25;22407.5;91
20250624 203600;22407.25;22410.75;22406;22410.25;122
20250624 203700;22410;22410.75;22408.75;22410.75;104
20250624 203800;22410.25;22412.25;22410;22410.75;64
20250624 203900;22410.25;22410.5;22409;22410.5;62
20250624 204000;22410;22411.5;22409.25;22410;97
20250624 204100;22410;22411.5;22409.5;22411;51
20250624 204200;22411;22411.25;22409.5;22411;69
20250624 204300;22411;22411;22409;22410.25;78
20250624 204400;22410;22411.25;22409;22410.5;82
20250624 204500;22410.5;22411.5;22409.75;22411.25;123
20250624 204600;22411.25;22417;22409.75;22417;266
20250624 204700;22417;22419;22415.25;22416.75;223
20250624 204800;22416;22416.75;22415.25;22416.75;50
20250624 204900;22416.5;22418;22414.25;22415;130
20250624 205000;22415;22415.5;22413.75;22414.5;124
20250624 205100;22414.75;22415;22409.5;22411.25;166
20250624 205200;22411.25;22413.5;22411.25;22412.25;68
20250624 205300;22412.25;22415.5;22411.75;22414.5;122
20250624 205400;22413.75;22415;22413.5;22413.5;84
20250624 205500;22413.5;22414.5;22408;22410.25;158
20250624 205600;22410.25;22411.25;22408.5;22410.5;123
20250624 205700;22410.25;22411.75;22409.25;22409.25;41
20250624 205800;22409.5;22412.75;22409.25;22409.5;85
20250624 205900;22410;22413;22409.5;22410.5;80
20250624 210000;22410.75;22412.5;22407.75;22407.75;142
20250624 220100;22412;22412;22398.25;22400.25;221
20250624 220200;22402.5;22406.25;22396.5;22401.25;141
20250624 220300;22400;22400;22390.25;22392.25;178
20250624 220400;22393.75;22397.5;22390.75;22397;108
20250624 220500;22396.5;22398;22384.5;22388.75;219
20250624 220600;22389.75;22394.75;22389.75;22390;59
20250624 220700;22390.5;22392.5;22389;22389.75;51
20250624 220800;22389.25;22391;22387;22390;65
20250624 220900;22390.75;22393.25;22388.75;22392;71
20250624 221000;22392.75;22397.5;22392.5;22394.5;76
20250624 221100;22395.25;22400;22394.5;22398.5;96
20250624 221200;22398.25;22399.25;22393.25;22396;49
20250624 221300;22396.5;22398;22395.25;22397.25;26
20250624 221400;22398;22398;22395.5;22397.25;36
20250624 221500;22397;22397;22394;22395.5;31
20250624 221600;22395.75;22395.75;22386.25;22390;111
20250624 221700;22389.75;22393.5;22389.5;22393.5;41
20250624 221800;22392;22397.5;22392;22395.5;43
20250624 221900;22396.75;22397.25;22395;22396.25;48
20250624 222000;22395.5;22396;22391;22391.75;74
20250624 222100;22392;22401.5;22389.25;22400.75;195
20250624 222200;22400.25;22401.75;22399;22400;140
20250624 222300;22400;22400;22396;22396;32
20250624 222400;22396.5;22396.5;22395.25;22396.5;12
20250624 222500;22395.25;22396.25;22393.75;22394.5;31
20250624 222600;22394;22397.25;22393;22396.25;68
20250624 222700;22395.25;22401;22395.25;22400.25;33
20250624 222800;22400.5;22402.5;22400;22401.5;57
20250624 222900;22401.5;22401.75;22399.25;22401.5;43
20250624 223000;22401.25;22404.25;22401;22403.5;51
20250624 223100;22404.25;22406;22394;22398;248
20250624 223200;22399;22402;22397;22400;90
20250624 223300;22399.5;22401.75;22397;22399.5;53
20250624 223400;22399.75;22400;22398;22398;26
20250624 223500;22397.75;22400;22396.5;22398;42
20250624 223600;22397.75;22399;22395.5;22397;53
20250624 223700;22396.75;22396.75;22393;22393.5;44
20250624 223800;22394.5;22396.25;22394.5;22395.5;20
20250624 223900;22395.5;22396.25;22394.25;22394.25;31
20250624 224000;22393.25;22393.5;22390.5;22390.5;60
20250624 224100;22391;22395;22390;22395;62
20250624 224200;22394.25;22395.75;22393.5;22393.5;24
20250624 224300;22393.5;22398.75;22393.25;22396.75;58
20250624 224400;22397.75;22400.25;22397.5;22400.25;120
20250624 224500;22399.75;22401.75;22398;22399.25;55
20250624 224600;22399.25;22399.25;22398.25;22398.25;8
20250624 224700;22398.25;22398.5;22397.75;22397.75;11
20250624 224800;22398.25;22398.5;22397.5;22398.5;9
20250624 224900;22398.5;22401.25;22398;22401;25
20250624 225000;22400.25;22401.25;22400.25;22401.25;5
20250624 225100;22401.5;22401.75;22399.5;22400.5;15
20250624 225200;22400.25;22401;22400.25;22400.25;23
20250624 225300;22401;22401.5;22394.75;22395.25;77
20250624 225400;22394.75;22396.25;22394.75;22396;22
20250624 225500;22396.25;22398;22395.25;22398;19
20250624 225600;22398.25;22398.25;22395.75;22395.75;11
20250624 225700;22397;22397.5;22396.5;22397;10
20250624 225800;22397;22397.75;22397;22397.75;4
20250624 225900;22397.5;22397.5;22396;22396;7
20250624 230000;22396;22396.5;22395.25;22396.25;12
20250624 230100;22397.5;22410.25;22396.5;22407.5;197
20250624 230200;22407.25;22408.5;22402.5;22402.75;99
20250624 230300;22403.75;22404.25;22401;22401.25;36
20250624 230400;22401;22401;22397.5;22399.75;50
20250624 230500;22399.75;22400;22398.25;22398.25;15
20250624 230600;22398.5;22399.5;22395.25;22396.25;34
20250624 230700;22395;22397.5;22394.5;22397.25;55
20250624 230800;22397;22397.25;22393.25;22396;87
20250624 230900;22396;22399.5;22394.5;22398.75;74
20250624 231000;22399;22399.5;22397.25;22397.75;37
20250624 231100;22398.25;22398.25;22397;22397.75;17
20250624 231200;22398;22401;22398;22398;32
20250624 231300;22397.75;22397.75;22397;22397;4
20250624 231400;22397.5;22399.75;22395.5;22398.25;72
20250624 231500;22398.25;22398.5;22396.5;22396.5;5
20250624 231600;22396;22397.5;22396;22397.5;7
20250624 231700;22396.5;22397.75;22395.5;22396;27
20250624 231800;22395.75;22395.75;22391.25;22392.5;93
20250624 231900;22392.75;22393.5;22390.25;22390.25;80
20250624 232000;22390.75;22391.75;22387.5;22391.25;98
20250624 232100;22391.75;22399.25;22391.75;22396.75;106
20250624 232200;22397.25;22398.75;22396.75;22398;34
20250624 232300;22397.75;22399.75;22397;22398.75;58
20250624 232400;22398.75;22401.25;22398.75;22399.75;54
20250624 232500;22399.75;22400;22399;22399.25;9
20250624 232600;22399.75;22402.25;22399.25;22400.75;75
20250624 232700;22400.5;22405;22400;22400;77
20250624 232800;22400;22400.5;22399;22399.25;30
20250624 232900;22400;22401.5;22400;22400.75;30
20250624 233000;22401;22401.25;22399.5;22400.75;22
20250624 233100;22400.75;22401.25;22398.75;22399.25;23
20250624 233200;22399.25;22399.25;22397.75;22398.75;14
20250624 233300;22398.5;22400;22398.5;22400;10
20250624 233400;22400.25;22402.5;22400.25;22402.25;21
20250624 233500;22402.5;22402.5;22396.5;22397.75;45
20250624 233600;22398.75;22401.75;22398.5;22400.75;54
20250624 233700;22401;22403.5;22400.75;22401.75;33
20250624 233800;22403.25;22404.5;22402.5;22403;36
20250624 233900;22402.75;22403.5;22402.5;22403;13
20250624 234000;22403.5;22403.75;22400.5;22401.75;30
20250624 234100;22401.75;22402.75;22401;22401;38
20250624 234200;22400.25;22402.25;22399.75;22401.5;16
20250624 234300;22401;22404;22401;22404;37
20250624 234400;22404;22407.5;22404;22404.5;79
20250624 234500;22403.5;22406;22402.5;22405.75;34
20250624 234600;22407;22408;22404.5;22405.5;70
20250624 234700;22405.5;22406.25;22405;22405.75;36
20250624 234800;22405.5;22405.75;22405;22405.5;13
20250624 234900;22405.25;22409;22405.25;22407.25;59
20250624 235000;22407.5;22408;22404;22404.75;44
20250624 235100;22405.25;22405.75;22402.5;22405;37
20250624 235200;22405.25;22408.75;22405;22408;60
20250624 235300;22407.5;22407.5;22404.5;22404.75;29
20250624 235400;22405.75;22405.75;22404.5;22404.5;16
20250624 235500;22404;22404.75;22403.25;22404;25
20250624 235600;22404.75;22407.25;22404.75;22406.25;41
20250624 235700;22406.5;22418.5;22406.5;22415.75;280
20250624 235800;22415.75;22423;22414.5;22421.5;223
20250624 235900;22421;22421;22418;22420.25;105
20250625 000000;22420.75;22430.25;22420.5;22424.5;369
20250625 000100;22425.25;22426.75;22416.75;22416.75;188
20250625 000200;22416.75;22424;22415.5;22423;121
20250625 000300;22422;22424.25;22419.25;22419.5;96
20250625 000400;22419.75;22422.5;22416.25;22417;91
20250625 000500;22416.5;22420.5;22413.75;22414.75;130
20250625 000600;22415.25;22419.75;22414;22416.5;76
20250625 000700;22416.5;22422.75;22416.25;22421;87
20250625 000800;22420.5;22424.25;22416.5;22418.5;114
20250625 000900;22417.25;22419.75;22417.25;22419.25;54
20250625 001000;22418.25;22428;22418;22423.5;106
20250625 001100;22424;22425.5;22420.25;22420.25;80
20250625 001200;22420.75;22421.25;22417.25;22420.5;82
20250625 001300;22420.5;22420.5;22417.75;22418.25;42
20250625 001400;22418.75;22429;22418;22429;192
20250625 001500;22428.5;22429;22423.75;22426;97
20250625 001600;22427;22434.75;22427;22429;213
20250625 001700;22428.75;22430;22423.5;22425.5;153
20250625 001800;22423.75;22425.5;22422.5;22423.75;54
20250625 001900;22423.25;22425.5;22423.25;22424.75;22
20250625 002000;22424.75;22426;22423;22426;32
20250625 002100;22426.25;22427.25;22421.75;22421.75;48
20250625 002200;22421.5;22423.5;22420;22422.25;58
20250625 002300;22421.75;22425.5;22421.25;22422.75;69
20250625 002400;22423.5;22425.5;22423.5;22425.25;17
20250625 002500;22426.25;22426.5;22423.25;22424.5;18
20250625 002600;22423.25;22425;22422.75;22423.25;34
20250625 002700;22422.5;22427.75;22420;22427.25;123
20250625 002800;22427.5;22428.5;22424.5;22425.5;88
20250625 002900;22425.5;22431.75;22424.5;22430;76
20250625 003000;22429.75;22431.75;22428.25;22428.75;54
20250625 003100;22428.25;22431.5;22425.25;22426.25;126
20250625 003200;22427;22428.75;22421.25;22421.25;95
20250625 003300;22421.25;22424.75;22421.25;22422.75;68
20250625 003400;22423.25;22424.25;22422;22422.25;40
20250625 003500;22423.25;22423.75;22420.5;22421.25;57
20250625 003600;22420.25;22420.25;22414.25;22414.5;124
20250625 003700;22414.25;22418.25;22414;22415.75;58
20250625 003800;22415.75;22415.75;22411.5;22412.5;83
20250625 003900;22412.25;22413.5;22410.25;22412;48
20250625 004000;22412.25;22413;22410;22411;40
20250625 004100;22411.25;22415.25;22411;22414;49
20250625 004200;22413.75;22419;22413.25;22418.25;70
20250625 004300;22417.5;22419;22416;22418.75;20
20250625 004400;22419.25;22422.5;22418;22422.5;75
20250625 004500;22422.75;22424;22420.5;22422;56
20250625 004600;22422.75;22425.25;22421;22422.5;75
20250625 004700;22422;22423;22420.25;22421.25;61
20250625 004800;22422;22423;22420.25;22421.5;39
20250625 004900;22421.75;22422;22416.25;22417.5;68
20250625 005000;22418.5;22419.75;22417.5;22418.5;15
20250625 005100;22418.25;22421.5;22418.25;22420.25;55
20250625 005200;22420.75;22426;22420.75;22423.5;62
20250625 005300;22424.5;22425.25;22423.5;22425.25;29
20250625 005400;22425.75;22425.75;22424;22424.5;26
20250625 005500;22424;22426.25;22424;22425.5;14
20250625 005600;22426.25;22428.25;22425.25;22427.5;54
20250625 005700;22427.25;22427.25;22422;22422.25;51
20250625 005800;22422;22424.75;22422;22424;32
20250625 005900;22424.5;22426.75;22424;22425.5;16
20250625 010000;22425.75;22427.25;22424.75;22424.75;32
20250625 010100;22425;22425;22418.25;22419.5;62
20250625 010200;22419.75;22423.5;22418.5;22418.5;51
20250625 010300;22418.25;22420.25;22418;22420;39
20250625 010400;22420.25;22422.75;22419.25;22419.5;39
20250625 010500;22420.25;22420.25;22417.5;22419;52
20250625 010600;22419.25;22419.25;22411;22413.5;152
20250625 010700;22414;22414.25;22412.25;22413;52
20250625 010800;22412.5;22415.5;22407.25;22412.5;158
20250625 010900;22411.25;22412.25;22409;22410.75;56
20250625 011000;22410.25;22411.75;22409.75;22411.75;17
20250625 011100;22411.75;22413.5;22410.5;22413;42
20250625 011200;22413.5;22421.25;22413.5;22419.75;108
20250625 011300;22419.5;22420;22416.25;22418;53
20250625 011400;22417.75;22420.5;22416.75;22418.5;29
20250625 011500;22418;22418;22414.25;22416.25;33
20250625 011600;22415.5;22416.75;22413.25;22413.5;26
20250625 011700;22413.5;22414.5;22411.5;22412.25;26
20250625 011800;22412.5;22413.75;22409.25;22410;65
20250625 011900;22409.25;22411.25;22404.5;22409.25;127
20250625 012000;22408.5;22408.75;22407.25;22407.25;23
20250625 012100;22407.75;22409.5;22407.25;22409.25;32
20250625 012200;22408;22409.5;22406;22408.75;69
20250625 012300;22408.75;22409;22406.5;22407.5;31
20250625 012400;22406.75;22407.25;22404.5;22406.5;51
20250625 012500;22406.75;22407.25;22405.75;22407;43
20250625 012600;22407;22408;22402.75;22404.25;84
20250625 012700;22404.25;22405;22401.5;22402;61
20250625 012800;22402.5;22406.5;22402.5;22403.75;56
20250625 012900;22404.25;22404.75;22401.25;22401.25;25
20250625 013000;22401.75;22401.75;22395.75;22396;182
20250625 013100;22395.5;22400;22394.25;22400;107
20250625 013200;22399;22399.5;22396.25;22398.75;39
20250625 013300;22399.25;22399.25;22393;22396;79
20250625 013400;22395.75;22402;22395.5;22400.75;85
20250625 013500;22401;22402;22400.5;22400.75;43
20250625 013600;22401.75;22402.75;22398.75;22401;48
20250625 013700;22401.25;22405;22401.25;22403.25;68
20250625 013800;22403.5;22403.75;22401.75;22401.75;19
20250625 013900;22401.25;22404.75;22400;22404;29
20250625 014000;22404.5;22405.5;22402;22402.5;40
20250625 014100;22403.25;22403.75;22401.75;22403.25;25
20250625 014200;22402.75;22404.5;22401.75;22402.75;25
20250625 014300;22402.75;22406.25;22402;22406.25;35
20250625 014400;22404.75;22404.75;22402;22402;21
20250625 014500;22402.5;22402.75;22399;22402;88
20250625 014600;22403;22403.75;22402.25;22403.25;20
20250625 014700;22403.5;22404.5;22402;22403;28
20250625 014800;22403;22404.25;22400.5;22400.75;23
20250625 014900;22401;22402.25;22399;22400;36
20250625 015000;22400.75;22401.25;22397.75;22400.25;59
20250625 015100;22400;22400.75;22395.5;22396.75;73
20250625 015200;22398.5;22401.25;22398.25;22398.25;46
20250625 015300;22398.75;22401;22396.75;22399;75
20250625 015400;22399.5;22400;22393.75;22393.75;65
20250625 015500;22393.5;22397.75;22393;22397.75;83
20250625 015600;22397.75;22399.75;22396.5;22396.5;64
20250625 015700;22396;22397.5;22395.75;22396.5;26
20250625 015800;22396;22396.5;22395;22395.5;24
20250625 015900;22395.25;22397.75;22394;22397.25;62
20250625 020000;22397.5;22400.25;22397.5;22399.75;31
20250625 020100;22400.25;22401.5;22398.25;22400.75;101
20250625 020200;22400.25;22401.5;22398.5;22400;37
20250625 020300;22399.5;22402.5;22399.5;22400.25;28
20250625 020400;22401;22401;22398.25;22399;25
20250625 020500;22398.5;22400.5;22397;22398.25;51
20250625 020600;22398;22399.5;22397.75;22398.75;32
20250625 020700;22398.75;22400;22398.5;22399.5;53
20250625 020800;22399.75;22400.75;22398.75;22400;46
20250625 020900;22400.25;22400.5;22397.5;22399;49
20250625 021000;22397.75;22400.5;22397.25;22400.5;32
20250625 021100;22400;22400.75;22398.75;22399.5;18
20250625 021200;22400;22402.5;22399;22402;39
20250625 021300;22401.75;22403;22401.5;22401.75;24
20250625 021400;22401.75;22401.75;22400;22400.75;23
20250625 021500;22400.75;22401.25;22400;22400.5;9
20250625 021600;22400.25;22401.5;22399.25;22401.5;37
20250625 021700;22401.75;22401.75;22400.5;22400.5;15
20250625 021800;22400.25;22400.25;22399.25;22399.25;6
20250625 021900;22399.25;22399.5;22398.5;22399;9
20250625 022000;22399;22400.75;22399;22400.75;12
20250625 022100;22400.25;22400.5;22399.5;22399.75;27
20250625 022200;22400;22400.25;22398;22398.5;28
20250625 022300;22397.5;22399;22394.75;22396.5;86
20250625 022400;22396.5;22397.75;22394.75;22396.75;44
20250625 022500;22396.25;22397;22394;22397;42
20250625 022600;22398;22398.5;22397.5;22397.75;8
20250625 022700;22397.75;22398.25;22397.25;22398.25;11
20250625 022800;22398;22401;22397.25;22399;37
20250625 022900;22399.25;22401;22399;22401;23
20250625 023000;22401;22401;22399;22399;57
20250625 023100;22398.25;22400.75;22398;22400;40
20250625 023200;22400.5;22402.75;22399.5;22402.5;65
20250625 023300;22402.5;22402.5;22400.25;22401.5;23
20250625 023400;22401.25;22401.5;22400.5;22400.75;16
20250625 023500;22400.5;22403.5;22400.25;22403.25;43
20250625 023600;22403;22403;22400.75;22402.5;31
20250625 023700;22402.75;22403;22402.25;22402.5;17
20250625 023800;22402.25;22403.5;22402.25;22403.25;29
20250625 023900;22403.25;22403.5;22401.5;22401.5;10
20250625 024000;22402;22403;22402;22403;2
20250625 024100;22402.25;22404.75;22402;22404.25;37
20250625 024200;22404.25;22405.5;22404.25;22405.25;21
20250625 024300;22405.25;22405.5;22404.75;22405.25;11
20250625 024400;22404.5;22405;22402.75;22405;38
20250625 024500;22404.75;22405;22403.25;22404;25
20250625 024600;22404.25;22404.5;22402.5;22404.5;27
20250625 024700;22404.75;22404.75;22403;22404;24
20250625 024800;22404;22404.25;22403;22403.75;25
20250625 024900;22403.75;22403.75;22403.5;22403.5;6
20250625 025000;22403;22403.5;22402;22402.75;21
20250625 025100;22402.75;22403;22401.75;22401.75;22
20250625 025200;22402.75;22404;22402.75;22402.75;21
20250625 025300;22402.75;22403.75;22402.75;22403.75;9
20250625 025400;22402.75;22405.5;22402.75;22405;30
20250625 025500;22404;22404.25;22402;22402.5;18
20250625 025600;22403.5;22404.25;22403.25;22404;20
20250625 025700;22403.75;22404;22400.5;22400.75;32
20250625 025800;22400.75;22404;22400.5;22404;36
20250625 025900;22403.5;22407;22403.5;22404.75;72
20250625 030000;22405.5;22406;22404.75;22405;23
20250625 030100;22405.5;22408.75;22405.5;22407.5;59
20250625 030200;22408;22409.5;22407;22408.75;43
20250625 030300;22409.75;22412.25;22408.5;22409.5;72
20250625 030400;22409.25;22412.75;22408.75;22412.75;35
20250625 030500;22412.5;22415.75;22412.25;22415;69
20250625 030600;22415.25;22415.5;22413.5;22414.25;42
20250625 030700;22413.75;22414.5;22412.75;22414.25;42
20250625 030800;22413.75;22418;22413.75;22417.5;62
20250625 030900;22416.75;22418.75;22415.5;22415.5;49
20250625 031000;22416;22417;22415.5;22416.5;8
20250625 031100;22417.25;22419;22416.75;22418.25;35
20250625 031200;22418;22419.25;22417.75;22418.75;30
20250625 031300;22418.25;22420.75;22417.5;22417.5;85
20250625 031400;22418;22418;22416.25;22417;39
20250625 031500;22417;22417.5;22413;22413.5;60
20250625 031600;22414;22414.5;22411;22414.25;44
20250625 031700;22413.5;22414.75;22413.25;22413.5;29
20250625 031800;22413.25;22414;22410.5;22410.5;29
20250625 031900;22411;22413.25;22411;22413.25;17
20250625 032000;22413.75;22415;22412.75;22415;42
20250625 032100;22414.25;22415;22413;22414;23
20250625 032200;22414;22416;22413;22416;21
20250625 032300;22415.75;22418.75;22415;22417.75;36
20250625 032400;22418.5;22418.5;22416;22417;25
20250625 032500;22417;22417.75;22416.5;22417.25;17
20250625 032600;22417.75;22418.5;22416.5;22417;38
20250625 032700;22416.75;22417.25;22416;22417.25;13
20250625 032800;22416.5;22418.75;22416.5;22418.5;21
20250625 032900;22418.5;22420.5;22418.5;22419.25;52
20250625 033000;22419.5;22420.75;22419;22420.25;37
20250625 033100;22419.5;22421;22419.25;22420.25;17
20250625 033200;22420;22420.25;22418.75;22419.5;22
20250625 033300;22420;22421.5;22420;22420.5;24
20250625 033400;22420.5;22422.75;22420;22421.25;52
20250625 033500;22421.25;22422.5;22419.25;22420;40
20250625 033600;22419.5;22419.75;22417;22417;73
20250625 033700;22416.5;22417.5;22414.5;22414.5;55
20250625 033800;22414.75;22418;22414;22416.5;34
20250625 033900;22417.25;22418.25;22415.25;22416.5;55
20250625 034000;22416.75;22417;22416;22416.25;11
20250625 034100;22416.25;22416.25;22411;22411.25;45
20250625 034200;22411;22411.5;22410.25;22410.25;42
20250625 034300;22410.75;22410.75;22410;22410.5;18
20250625 034400;22411;22412;22410;22411.5;38
20250625 034500;22411.75;22413.25;22411.5;22412.25;39
20250625 034600;22412.25;22412.5;22410;22410;22
20250625 034700;22409.5;22410.25;22407.5;22408.5;48
20250625 034800;22407;22407;22406.25;22407;7
20250625 034900;22407.25;22409;22407.25;22408.5;17
20250625 035000;22408.25;22409;22407.75;22407.75;13
20250625 035100;22407.75;22408;22407;22407;18
20250625 035200;22407.75;22408.25;22407.5;22408;13
20250625 035300;22407.75;22410.25;22407.5;22408.25;27
20250625 035400;22407.75;22408.75;22407.25;22408.5;11
20250625 035500;22407.75;22409;22407.75;22408.25;10
20250625 035600;22408;22408.5;22408;22408;10
20250625 035700;22407.75;22407.75;22407;22407.5;9
20250625 035800;22407;22408.75;22407;22407.75;20
20250625 035900;22408.25;22408.25;22406.25;22406.5;22
20250625 040000;22406.75;22407;22406.5;22406.75;6
20250625 040100;22406.25;22408;22406.25;22408;17
20250625 040200;22408;22408.75;22407.75;22407.75;14
20250625 040300;22408.25;22408.5;22407.5;22407.5;11
20250625 040400;22408;22408.25;22407;22407.25;14
20250625 040500;22407.5;22409;22407.5;22408.5;16
20250625 040600;22408.25;22411.75;22408.25;22411.75;27
20250625 040700;22411.25;22413;22410.5;22411.75;43
20250625 040800;22412.25;22413.75;22411.75;22413.75;24
20250625 040900;22413.5;22413.5;22412;22412;20
20250625 041000;22411.5;22412.5;22411.5;22412.25;5
20250625 041100;22412.5;22414.75;22412.5;22414.5;42
20250625 041200;22413.75;22414.75;22413.5;22413.75;21
20250625 041300;22413.75;22414;22413.5;22413.5;6
20250625 041400;22413.25;22413.75;22413;22413.25;6
20250625 041500;22413.25;22413.75;22413.25;22413.25;5
20250625 041600;22413.5;22413.5;22413.5;22413.5;10
20250625 041700;22414.25;22414.5;22413.5;22413.5;6
20250625 041800;22414.5;22414.75;22414.25;22414.75;5
20250625 041900;22414;22414;22412.5;22412.75;27
20250625 042000;22412.75;22414;22412.75;22414;12
20250625 042100;22413.75;22414.5;22412.75;22413.25;17
20250625 042200;22413;22414.75;22413;22414;15
20250625 042300;22414.75;22415.75;22413.5;22413.5;20
20250625 042400;22413.25;22413.5;22412.75;22413;5
20250625 042500;22414.25;22415;22414.25;22415;9
20250625 042600;22415.25;22417.25;22415;22416.5;29
20250625 042700;22417;22419;22416.75;22417.25;26
20250625 042800;22417;22417;22416.75;22417;6
20250625 042900;22418;22419.25;22417.75;22418.5;34
20250625 043000;22418.5;22418.5;22417.75;22418;8
20250625 043100;22418.25;22419.25;22417.75;22419;16
20250625 043200;22419;22419.25;22418.25;22419.25;12
20250625 043300;22419.25;22419.25;22418.5;22419.25;13
20250625 043400;22419;22419.5;22419;22419;8
20250625 043500;22419;22419;22418.75;22419;5
20250625 043600;22419.25;22419.25;22417.25;22418.25;19
20250625 043700;22418.5;22419.25;22418;22419;12
20250625 043800;22418.5;22419;22417.5;22419;15
20250625 043900;22419;22419;22418;22419;4
20250625 044000;22418;22418.75;22417.75;22418;4
20250625 044100;22418.5;22419.25;22418;22418.75;21
20250625 044200;22419;22420;22419;22419.25;30
20250625 044300;22419.75;22419.75;22418.5;22418.5;15
20250625 044400;22419;22419.5;22418;22418.75;20
20250625 044500;22418.75;22419;22418.75;22419;3
20250625 044600;22418.5;22418.75;22418.5;22418.5;3
20250625 044700;22418.25;22418.25;22417;22417.75;12
20250625 044800;22417.75;22418.25;22417.5;22418.25;7
20250625 044900;22417.5;22419;22417;22418.5;24
20250625 045000;22418;22419.5;22416.5;22419.5;21
20250625 045100;22419;22420.25;22419;22419.75;8
20250625 045200;22420.5;22424.75;22420.5;22421.25;80
20250625 045300;22420.75;22424;22420.75;22424;28
20250625 045400;22424.25;22425.25;22423.75;22425;40
20250625 045500;22424.5;22424.5;22422.75;22423.75;17
20250625 045600;22423.75;22423.75;22423.25;22423.25;4
20250625 045700;22423.75;22424.5;22423.75;22424.25;20
20250625 045800;22424.25;22425.25;22423.5;22425;25
20250625 045900;22425.5;22427;22425;22425;27
20250625 050000;22425;22425.75;22424.75;22425;24
20250625 050100;22425.75;22426;22421;22421;50
20250625 050200;22420.75;22422;22420;22420.75;35
20250625 050300;22420.75;22424;22420.75;22424;66
20250625 050400;22424.25;22426;22423.75;22425.5;60
20250625 050500;22425.75;22428.5;22425;22426.5;48
20250625 050600;22426;22429.5;22425.75;22428.25;96
20250625 050700;22428.25;22429.5;22426.5;22428.5;68
20250625 050800;22428.5;22429;22427.5;22428;46
20250625 050900;22427.5;22429.5;22427.5;22429.5;22
20250625 051000;22429.75;22431;22429.75;22430.25;33
20250625 051100;22430.75;22434.5;22430;22432;97
20250625 051200;22432.25;22433.75;22430.5;22430.5;45
20250625 051300;22430.25;22431.25;22429.5;22431.25;24
20250625 051400;22431.5;22432.25;22431.25;22432.25;18
20250625 051500;22431.25;22433.25;22431.25;22432.75;24
20250625 051600;22433.75;22434;22428;22428.5;42
20250625 051700;22428.75;22429.75;22428.25;22429.75;41
20250625 051800;22429;22430;22428.25;22429;15
20250625 051900;22428;22429.5;22426.75;22427.75;42
20250625 052000;22427.5;22430.25;22427.5;22430.25;26
20250625 052100;22430;22431.25;22429.75;22431;54
20250625 052200;22430.5;22431.5;22429.25;22429.75;35
20250625 052300;22430.75;22433.5;22430;22432;43
20250625 052400;22431.75;22435.5;22431.75;22433.25;76
20250625 052500;22433;22433.5;22432.25;22432.25;37
20250625 052600;22431.25;22432.75;22431.25;22432.5;30
20250625 052700;22432;22432.25;22429.75;22430.5;29
20250625 052800;22431;22433.5;22430.75;22432.25;30
20250625 052900;22432.75;22435.5;22432.75;22432.75;60
20250625 053000;22433.5;22434.5;22433.25;22433.25;24
20250625 053100;22432.75;22433.75;22432;22432.5;36
20250625 053200;22432.5;22436.75;22431.75;22435.25;55
20250625 053300;22435.25;22435.25;22433.25;22434;30
20250625 053400;22433.25;22435.75;22433.25;22435.5;37
20250625 053500;22435.75;22436.25;22433.75;22433.75;18
20250625 053600;22433.5;22434.75;22433;22434.25;20
20250625 053700;22434.75;22436;22433.75;22434.75;25
20250625 053800;22435.25;22435.25;22430.5;22431;22
20250625 053900;22431;22431.75;22429.75;22431.75;28
20250625 054000;22431.25;22433;22431.25;22432.75;13
20250625 054100;22433.25;22433.75;22432.5;22432.5;23
20250625 054200;22432.5;22434.5;22432;22433.25;42
20250625 054300;22433.5;22433.5;22431.25;22431.25;15
20250625 054400;22432;22432.25;22430.25;22430.75;33
20250625 054500;22431.75;22432.25;22431;22431.75;16
20250625 054600;22431.5;22433.5;22430;22431.5;46
20250625 054700;22431.25;22431.75;22429;22430.5;33
20250625 054800;22430.5;22431.25;22429.75;22430.25;23
20250625 054900;22430.5;22432.25;22430.5;22432;23
20250625 055000;22431.75;22433.5;22430.75;22430.75;17
20250625 055100;22431;22431;22428.25;22428.25;45
20250625 055200;22428.25;22430.25;22428.25;22430;22
20250625 055300;22429.75;22431.75;22429;22429.25;30
20250625 055400;22429;22431.5;22428.5;22431;26
20250625 055500;22430.5;22430.5;22428.5;22428.75;20
20250625 055600;22428.25;22431.75;22427.5;22430.75;42
20250625 055700;22431;22432;22429.75;22429.75;39
20250625 055800;22429.75;22429.75;22428;22428;27
20250625 055900;22428;22429;22426.5;22427.25;28
20250625 060000;22426.75;22427.5;22426.25;22426.5;29
20250625 060100;22426.75;22428.5;22425.5;22428.5;68
20250625 060200;22429;22431.25;22427.75;22429;94
20250625 060300;22429.75;22430.75;22425.5;22426.75;74
20250625 060400;22427;22427.75;22425;22426;56
20250625 060500;22425.75;22426;22424;22425;38
20250625 060600;22424;22428.25;22423;22426.5;81
20250625 060700;22427;22428.25;22425;22425;34
20250625 060800;22424.75;22430;22424.75;22430;37
20250625 060900;22430;22431;22429;22430.25;60
20250625 061000;22430.25;22431;22426.75;22431;65
20250625 061100;22431;22431.25;22428.5;22429.25;50
20250625 061200;22429.75;22432.5;22427.5;22429.25;60
20250625 061300;22429.5;22434;22429.5;22432.75;56
20250625 061400;22432.75;22434;22432.25;22433;48
20250625 061500;22432.5;22433;22431.25;22431.75;13
20250625 061600;22432;22432;22428.5;22429;32
20250625 061700;22428.5;22428.75;22426.75;22427.75;28
20250625 061800;22427.75;22428.25;22426;22426;46
20250625 061900;22426.5;22427.25;22421.5;22423.25;75
20250625 062000;22422.5;22422.75;22420;22422.25;109
20250625 062100;22423.5;22424.25;22420.75;22424.25;37
20250625 062200;22424.25;22425.75;22424;22424;41
20250625 062300;22422.75;22425.25;22422.75;22425.25;24
20250625 062400;22425;22426.25;22423.75;22424.25;29
20250625 062500;22424.5;22425.25;22422.25;22423;19
20250625 062600;22424.25;22430.5;22424.25;22428.5;74
20250625 062700;22428.5;22429.25;22427.75;22428;40
20250625 062800;22429;22430.75;22428.75;22430;47
20250625 062900;22429.5;22429.75;22423.5;22424;76
20250625 063000;22425;22426.75;22424.75;22426.75;26
20250625 063100;22428;22428.75;22423;22423.25;74
20250625 063200;22423.75;22425.25;22420.75;22420.75;46
20250625 063300;22420;22422.25;22419.5;22422.25;36
20250625 063400;22422;22427.5;22422;22426;79
20250625 063500;22426.75;22428;22424.75;22425;31
20250625 063600;22425;22425;22420.5;22422.75;61
20250625 063700;22423.5;22426.25;22423;22426;25
20250625 063800;22426;22429.25;22426;22426.75;37
20250625 063900;22426.5;22427;22425.75;22426;25
20250625 064000;22427;22428.25;22426.75;22427.75;12
20250625 064100;22428;22428.25;22427;22427.25;22
20250625 064200;22427;22427.75;22426.25;22426.25;17
20250625 064300;22426.5;22427.75;22425.75;22426.25;26
20250625 064400;22427.75;22428;22425.75;22426.5;32
20250625 064500;22426.5;22428;22426.5;22427.75;19
20250625 064600;22428.25;22428.5;22426.5;22426.5;28
20250625 064700;22427;22428.25;22427;22427.5;26
20250625 064800;22428.25;22429.75;22426;22427.25;61
20250625 064900;22428;22428.5;22426.75;22427;26
20250625 065000;22427;22427.25;22425.25;22427;23
20250625 065100;22426;22427;22424;22424;34
20250625 065200;22424.25;22425.25;22424.25;22425;19
20250625 065300;22426;22426.5;22425;22426.5;19
20250625 065400;22426.75;22426.75;22425.25;22426.25;18
20250625 065500;22426.75;22427;22424.25;22424.25;54
20250625 065600;22424;22426;22423;22425.5;65
20250625 065700;22426;22428;22425.5;22427.5;53
20250625 065800;22427.25;22427.25;22424.5;22424.5;12
20250625 065900;22424.75;22424.75;22420.75;22422;60
20250625 070000;22421.25;22422.5;22420;22420;78
20250625 070100;22419.75;22421.75;22415.75;22420.5;235
20250625 070200;22420;22422.25;22416.75;22418.5;80
20250625 070300;22419;22422;22416.5;22418.5;75
20250625 070400;22418.75;22421;22418.25;22420.25;42
20250625 070500;22419;22423.5;22418.5;22423.5;74
20250625 070600;22421.75;22421.75;22416;22421.5;128
20250625 070700;22421.75;22421.75;22417.25;22418.5;84
20250625 070800;22419;22420.75;22414;22415.25;119
20250625 070900;22414.75;22417;22413.5;22414;120
20250625 071000;22414;22421;22412.5;22420.5;128
20250625 071100;22421.25;22423;22418;22421.5;130
20250625 071200;22421.25;22427.5;22418.5;22427.5;139
20250625 071300;22427.5;22428.5;22424.5;22425.75;124
20250625 071400;22426.5;22431.25;22424;22429.75;131
20250625 071500;22430.25;22431;22427.25;22427.75;88
20250625 071600;22428.25;22429.75;22425.5;22428;81
20250625 071700;22428;22429.5;22426.25;22426.25;68
20250625 071800;22426.5;22429;22424;22424.25;119
20250625 071900;22424;22425.5;22420;22420;116
20250625 072000;22420.75;22422.75;22418.5;22419.25;81
20250625 072100;22419.5;22421;22418.25;22420;76
20250625 072200;22420;22422;22420;22421.75;36
20250625 072300;22420.75;22422;22418.75;22419.5;58
20250625 072400;22419;22421;22418.75;22420.5;18
20250625 072500;22420.25;22421.5;22419.25;22420.75;48
20250625 072600;22421.25;22424.5;22421.25;22424;60
20250625 072700;22424.25;22425.25;22422.5;22425;70
20250625 072800;22425;22426;22424;22425.5;46
20250625 072900;22425.5;22425.5;22423;22424.75;41
20250625 073000;22424.5;22429.75;22424.5;22428.5;71
20250625 073100;22429.25;22433;22424.5;22424.75;177
20250625 073200;22425;22426.25;22418.25;22420;110
20250625 073300;22420;22421.5;22416;22416.75;101
20250625 073400;22417.5;22419;22416;22416;56
20250625 073500;22416.5;22419.5;22416;22419.5;31
20250625 073600;22419.25;22424;22418.75;22424;68
20250625 073700;22424;22427.5;22422.75;22427;44
20250625 073800;22426.25;22427.75;22423.25;22423.25;49
20250625 073900;22423.5;22426;22419;22419.5;68
20250625 074000;22419;22420.5;22418;22419.25;64
20250625 074100;22418.5;22422.75;22418.25;22421;61
20250625 074200;22420.75;22422.75;22420.75;22421.25;64
20250625 074300;22420.75;22422.25;22419.5;22421;58
20250625 074400;22421.25;22425.25;22419.25;22421.25;103
20250625 074500;22421.5;22423.5;22412.5;22413;173
20250625 074600;22413;22417.75;22406;22415.5;323
20250625 074700;22415.5;22418.5;22414.25;22415.75;72
20250625 074800;22416;22419.5;22414.5;22415.75;72
20250625 074900;22415;22415;22410.25;22410.5;70
20250625 075000;22410.75;22415;22410;22414.75;65
20250625 075100;22414.75;22420.5;22414.5;22419.75;123
20250625 075200;22419.5;22419.5;22416;22417.5;46
20250625 075300;22417.75;22420.25;22417.75;22420;47
20250625 075400;22420;22421.75;22416;22417.5;65
20250625 075500;22416.25;22417.5;22415.25;22417;49
20250625 075600;22417.25;22420;22416.25;22419.5;44
20250625 075700;22420;22421.25;22418.25;22419.5;81
20250625 075800;22419.75;22424.5;22419.75;22424.25;86
20250625 075900;22424;22426;22423;22425.5;55
20250625 080000;22425.25;22425.75;22423.5;22423.75;42
20250625 080100;22423.5;22426.5;22421.5;22422;252
20250625 080200;22422;22428;22422;22426;111
20250625 080300;22426;22429.25;22423.25;22425.25;132
20250625 080400;22425.25;22427.5;22419.75;22421.75;160
20250625 080500;22421.5;22423.75;22420.75;22421.5;145
20250625 080600;22421.5;22423.75;22415.5;22418;139
20250625 080700;22417.75;22417.75;22413.75;22414.75;84
20250625 080800;22415;22421.5;22414.75;22417;115
20250625 080900;22417;22417.5;22413.75;22413.75;50
20250625 081000;22414.5;22416.5;22411.25;22412;108
20250625 081100;22411.75;22414.5;22409.25;22414;116
20250625 081200;22413.5;22415;22413.25;22414;64
20250625 081300;22413;22416.25;22412;22416;54
20250625 081400;22415.5;22421;22415;22420;88
20250625 081500;22419.75;22424;22417.75;22422.75;103
20250625 081600;22422.5;22432.5;22422.5;22432;277
20250625 081700;22432;22432.5;22425;22426.75;152
20250625 081800;22427;22429.75;22427;22429.25;45
20250625 081900;22428.5;22429;22425.25;22425.5;61
20250625 082000;22424.75;22424.75;22419.75;22420.25;70
20250625 082100;22420.5;22421.5;22420.25;22421;42
20250625 082200;22422;22425.25;22422;22424.5;30
20250625 082300;22424.75;22427;22422.75;22425.25;49
20250625 082400;22425.75;22427.25;22425.25;22426.75;58
20250625 082500;22426.75;22427;22424.25;22424.75;30
20250625 082600;22424.5;22425.25;22424;22424;31
20250625 082700;22424.5;22429;22424.5;22428.5;56
20250625 082800;22429.25;22430;22418.5;22425.25;265
20250625 082900;22425.75;22426.5;22423;22424.25;80
20250625 083000;22424.25;22424.5;22417.5;22419.25;115
20250625 083100;22419.25;22419.25;22408.75;22409;252
20250625 083200;22409.75;22412.25;22407;22411.25;150
20250625 083300;22411.25;22415.75;22411.25;22415.75;63
20250625 083400;22416;22418.5;22415;22416.25;107
20250625 083500;22416;22420.25;22416;22419.25;64
20250625 083600;22420;22420.25;22418;22420;37
20250625 083700;22420;22420.75;22417.75;22418.25;50
20250625 083800;22417.25;22418.5;22416.5;22418.5;29
20250625 083900;22418.25;22419;22415;22416;47
20250625 084000;22415.5;22420.75;22415;22420.75;68
20250625 084100;22420;22421;22418;22420.5;53
20250625 084200;22420;22421.5;22417;22419.5;54
20250625 084300;22420;22421.75;22419.25;22421.75;49
20250625 084400;22421.5;22424;22421;22423.5;48
20250625 084500;22423.5;22423.5;22422;22422.25;24
20250625 084600;22422.5;22424.25;22420.75;22423;46
20250625 084700;22422.75;22422.75;22421;22422.25;44
20250625 084800;22422.75;22423.75;22422.25;22423.75;14
20250625 084900;22423.5;22424;22423;22423.75;9
20250625 085000;22423.25;22424.75;22422.25;22422.25;20
20250625 085100;22422.5;22423.75;22422.25;22423.25;20
20250625 085200;22423.5;22424;22421.25;22422;18
20250625 085300;22422.25;22424;22422.25;22423.5;18
20250625 085400;22423.5;22423.5;22421;22421.25;18
20250625 085500;22421.25;22422.25;22420.75;22422.25;28
20250625 085600;22422;22422.25;22421.25;22422;23
20250625 085700;22422.25;22426.25;22422.25;22426;48
20250625 085800;22425.75;22430.25;22425.75;22429.75;138
20250625 085900;22430.25;22434;22428.75;22433;130
20250625 090000;22433.75;22435;22432.75;22434.25;66
20250625 090100;22434.75;22435.75;22431.5;22435.75;129
20250625 090200;22435.75;22441.5;22435.5;22439.5;293
20250625 090300;22439.75;22439.75;22434;22435.25;119
20250625 090400;22434.75;22435.25;22434;22434.5;65
20250625 090500;22435.75;22435.75;22427.75;22430.25;114
20250625 090600;22429.75;22434.75;22429;22433.75;101
20250625 090700;22434.25;22439.25;22434;22437;63
20250625 090800;22436;22438.25;22435.25;22438.25;87
20250625 090900;22438;22438.25;22433;22436.25;73
20250625 091000;22435.75;22436.75;22435;22435;70
20250625 091100;22435.5;22435.5;22434;22434.5;42
20250625 091200;22434.25;22437.75;22434.25;22436.5;24
20250625 091300;22436.75;22438.75;22436.75;22438.25;29
20250625 091400;22438.25;22441;22437.75;22440.75;93
20250625 091500;22440;22440;22436.75;22437.75;55
20250625 091600;22438;22438;22435.25;22435.75;69
20250625 091700;22435.75;22438.5;22435.5;22438;36
20250625 091800;22437.25;22439;22436.75;22438.5;28
20250625 091900;22438;22439.5;22438;22438.75;25
20250625 092000;22438;22439;22437.5;22438.5;24
20250625 092100;22439;22449.5;22437.25;22442;417
20250625 092200;22441;22447;22440.5;22444.25;138
20250625 092300;22444.5;22447;22444;22446;76
20250625 092400;22445.75;22454.25;22444.25;22451;387
20250625 092500;22451.25;22451.25;22442.75;22444.5;207
20250625 092600;22445;22446;22442.75;22445;115
20250625 092700;22445;22445;22441;22441.25;130
20250625 092800;22442.25;22443.25;22435;22436.5;132
20250625 092900;22436;22438;22431.5;22432.5;151
20250625 093000;22432.5;22433.5;22431.75;22433;65
20250625 093100;22432.75;22433;22429.75;22430;90
20250625 093200;22429.75;22433.25;22428.5;22432.25;64
20250625 093300;22432.5;22433;22431.5;22432.25;35
20250625 093400;22432;22435;22432;22435;52
20250625 093500;22433.75;22434;22432.75;22433;20
20250625 093600;22433.5;22436;22433;22434.5;45
20250625 093700;22434;22436;22433.75;22434.25;23
20250625 093800;22434.5;22434.5;22427.75;22430.75;101
20250625 093900;22430.25;22431;22429;22429;39
20250625 094000;22429;22432.25;22428.75;22429;34
20250625 094100;22429.75;22430;22427.75;22429.25;62
20250625 094200;22429.25;22430.25;22428.75;22429;32
20250625 094300;22429.75;22430.25;22427.75;22428.25;47
20250625 094400;22427.5;22428.75;22426.5;22428;55
20250625 094500;22428.25;22429;22428;22429;16
20250625 094600;22429;22429;22426.5;22426.75;28
20250625 094700;22427.5;22429.25;22426.25;22428.5;67
20250625 094800;22428.5;22428.75;22426.5;22426.5;11
20250625 094900;22426.25;22426.75;22424.75;22426.25;64
20250625 095000;22426.5;22426.5;22425.75;22426.25;32
20250625 095100;22425.75;22429.75;22425.75;22429.5;52
20250625 095200;22429.5;22430;22426.5;22426.5;70
20250625 095300;22426;22426.5;22422.75;22424.25;96
20250625 095400;22424.75;22426;22424;22425.75;92
20250625 095500;22426.25;22426.5;22423.25;22424.75;64
20250625 095600;22424;22425.25;22424;22425;15
20250625 095700;22425.25;22430.25;22423.75;22423.75;117
20250625 095800;22424.5;22425.75;22423.5;22423.5;66
20250625 095900;22423.75;22425.25;22422;22425;74
20250625 100000;22425.25;22425.5;22424.25;22425;27
20250625 100100;22425.75;22425.75;22424.75;22425.25;29
20250625 100200;22425;22426.75;22424.75;22426.75;61
20250625 100300;22427;22427.5;22425.5;22427;50
20250625 100400;22426.5;22427.5;22426.25;22427.5;27
20250625 100500;22427.25;22428.25;22425.25;22426;54
20250625 100600;22426;22427;22425;22425;22
20250625 100700;22425.25;22426;22425;22425;27
20250625 100800;22425.5;22426.5;22425;22426.5;39
20250625 100900;22426.25;22426.25;22422.5;22425;51
20250625 101000;22424.5;22424.5;22417.5;22418.25;96
20250625 101100;22419.25;22421.25;22419.25;22419.5;57
20250625 101200;22419.25;22419.25;22414.5;22415;107
20250625 101300;22414.75;22419.5;22413.5;22418.5;86
20250625 101400;22418.5;22421.25;22418;22418.25;51
20250625 101500;22418;22418.5;22416.75;22418.5;40
20250625 101600;22418;22421;22417.5;22419.75;60
20250625 101700;22419.75;22420.5;22418.5;22419.75;23
20250625 101800;22419.75;22423.75;22419.5;22423.5;76
20250625 101900;22422.75;22423.5;22421.25;22423.5;35
20250625 102000;22423.75;22424.25;22421.25;22422.25;45
20250625 102100;22422.5;22423.25;22421.25;22422.75;26
20250625 102200;22423;22423.75;22421.5;22422.5;42
20250625 102300;22423.25;22424;22421.25;22421.75;41
20250625 102400;22421.25;22424;22420.5;22421.75;73
20250625 102500;22421.5;22424;22420;22423.25;85
20250625 102600;22424;22427.25;22424;22425.75;108
20250625 102700;22426;22430.25;22426;22430;106
20250625 102800;22429.5;22430.5;22427.5;22429;45
20250625 102900;22429;22431.25;22428.75;22428.75;62
20250625 103000;22428.5;22436.5;22427.5;22431.25;368
20250625 103100;22431.5;22437;22428;22430.5;219
20250625 103200;22430.25;22434.75;22428.5;22434.75;123
20250625 103300;22434.75;22438.5;22431;22438;208
20250625 103400;22437.25;22442.5;22436;22440;135
20250625 103500;22440.5;22441.75;22439.5;22441.75;71
20250625 103600;22441.25;22446;22440.75;22445.5;188
20250625 103700;22445.75;22448.5;22445.25;22448.25;145
20250625 103800;22448.25;22448.75;22441.5;22441.5;165
20250625 103900;22441.5;22444;22440.25;22441;85
20250625 104000;22440;22442.5;22440;22442.5;57
20250625 104100;22442.25;22444.5;22441.75;22443;70
20250625 104200;22442.25;22443;22440.75;22441.5;49
20250625 104300;22440.5;22441.25;22439.25;22441.25;40
20250625 104400;22440.5;22445.5;22440.5;22443.25;84
20250625 104500;22443.75;22447;22443.75;22445.75;62
20250625 104600;22445.5;22446.5;22441.5;22441.5;71
20250625 104700;22441.5;22444;22440.5;22443.5;56
20250625 104800;22443.5;22443.5;22439;22439.5;94
20250625 104900;22439.75;22441.25;22436.75;22440.75;99
20250625 105000;22440.75;22442;22439;22440.75;125
20250625 105100;22440.25;22442;22439.25;22439.25;112
20250625 105200;22439.5;22441;22438.25;22440.5;96
20250625 105300;22441;22445.5;22441;22445.25;83
20250625 105400;22445;22446.25;22444.75;22445.5;41
20250625 105500;22446.25;22447.25;22444.5;22446.75;58
20250625 105600;22446.5;22451.75;22446.25;22451.5;149
20250625 105700;22452;22452.25;22448.25;22451;100
20250625 105800;22450.25;22458;22450.25;22453.5;381
20250625 105900;22453;22453.5;22444;22445.25;187
20250625 110000;22445.25;22450.5;22443.75;22448.5;188
20250625 110100;22448.75;22450;22443.75;22446.25;199
20250625 110200;22446.25;22451.5;22445.25;22449;116
20250625 110300;22448.5;22450;22447;22449.75;54
20250625 110400;22449.75;22452.75;22448;22452.25;148
20250625 110500;22452;22454.5;22450.75;22452.75;162
20250625 110600;22453.25;22454;22451.25;22453.25;65
20250625 110700;22453.5;22454;22445.75;22447.5;135
20250625 110800;22447.5;22449.75;22445;22449.25;133
20250625 110900;22450;22455.25;22449.5;22454.25;134
20250625 111000;22454.75;22456.75;22453;22455.5;68
20250625 111100;22455.5;22457.5;22452.25;22454.25;165
20250625 111200;22454;22454.5;22452;22453;42
20250625 111300;22453;22454.75;22451.25;22451.25;46
20250625 111400;22451;22451.5;22450;22451;66
20250625 111500;22450.75;22451.75;22450.25;22451.25;33
20250625 111600;22451.5;22452.5;22450;22450.75;69
20250625 111700;22450.75;22452;22447;22449;120
20250625 111800;22448.25;22449.25;22445.5;22448.25;149
20250625 111900;22448.75;22451.25;22448.5;22451.25;89
20250625 112000;22450.25;22455.75;22450.25;22455;160
20250625 112100;22455;22456.25;22453.5;22454.5;111
20250625 112200;22454.25;22457.5;22454;22457;70
20250625 112300;22457.25;22458.5;22456.25;22457.5;131
20250625 112400;22458;22458.25;22456.75;22458;38
20250625 112500;22457.5;22461;22457.25;22457.25;148
20250625 112600;22457.5;22459.75;22455;22457;133
20250625 112700;22457.5;22459;22456.25;22456.25;137
20250625 112800;22456;22456.75;22455.5;22456.75;39
20250625 112900;22456.75;22457.75;22456.25;22456.25;50
20250625 113000;22456.75;22457.25;22454;22454.75;57
20250625 113100;22454.5;22462.5;22454.25;22461;239
20250625 113200;22461;22468.5;22459.25;22466.5;329
20250625 113300;22466.5;22467.5;22464;22464.5;128
20250625 113400;22464.75;22467;22464.25;22466;103
20250625 113500;22465.25;22465.25;22461;22462.25;128
20250625 113600;22462.25;22463;22459.5;22460;67
20250625 113700;22460.25;22461;22459;22460;55
20250625 113800;22460.25;22462.5;22459.5;22462.5;58
20250625 113900;22462;22462.25;22459;22459.75;38
20250625 114000;22459.5;22462;22459.5;22461;50
20250625 114100;22461;22468.25;22460.25;22467.5;152
20250625 114200;22467.75;22470;22461;22461;179
20250625 114300;22461.5;22465;22459;22465;153
20250625 114400;22464.75;22469;22464.75;22467.75;76
20250625 114500;22467.5;22470.75;22467;22469.5;88
20250625 114600;22469.25;22469.5;22467.5;22469.5;92
20250625 114700;22469;22469.5;22468.25;22468.5;46
20250625 114800;22468.5;22471.5;22468.5;22470.75;95
20250625 114900;22471.5;22477;22470.75;22475.25;251
20250625 115000;22474.75;22478.5;22474.5;22478;181
20250625 115100;22477.5;22480.75;22475.25;22480.5;219
20250625 115200;22480.25;22484;22478.75;22481.75;202
20250625 115300;22481.75;22491;22480.5;22489.75;561
20250625 115400;22489.75;22490.75;22485;22487;280
20250625 115500;22487;22488.5;22483.25;22484;255
20250625 115600;22484.25;22490;22483;22488.25;147
20250625 115700;22488.75;22488.75;22485;22486.5;126
20250625 115800;22485.5;22489.25;22485.5;22488.25;124
20250625 115900;22488.75;22489;22487.25;22488.5;73
20250625 120000;22488.5;22492.5;22487.25;22491;121
20250625 120100;22490.25;22498;22488.5;22489.75;354
20250625 120200;22489.75;22491.5;22487.75;22488;151
20250625 120300;22487.75;22488.75;22483.25;22483.5;176
20250625 120400;22483.75;22485.75;22481;22485;334
20250625 120500;22484.75;22488.5;22484.25;22485.75;159
20250625 120600;22485;22489.25;22484.25;22487.5;165
20250625 120700;22488;22490.75;22486.75;22490.5;86
20250625 120800;22490.5;22490.5;22487.25;22487.25;92
20250625 120900;22487.5;22491;22487.25;22490.25;97
20250625 121000;22490.25;22490.5;22487.5;22488;136
20250625 121100;22488.5;22488.5;22484.75;22486;158
20250625 121200;22486.25;22486.75;22484.5;22485.75;74
20250625 121300;22486.5;22490.25;22486.5;22489.5;93
20250625 121400;22490.25;22491;22488.25;22489;76
20250625 121500;22489;22491;22488.75;22490;79
20250625 121600;22489.75;22490.5;22488.25;22490.25;79
20250625 121700;22490;22494;22490;22492;158
20250625 121800;22492;22493;22491;22492.75;68
20250625 121900;22492.25;22494.75;22491.25;22491.75;125
20250625 122000;22491.5;22491.75;22490;22490.5;90
20250625 122100;22490;22491.5;22486.25;22487.5;163
20250625 122200;22487.25;22487.25;22482;22483.25;233
20250625 122300;22483.25;22486.25;22480.5;22484.75;198
20250625 122400;22484.25;22488.5;22482.75;22488.5;155
20250625 122500;22487.75;22489.75;22485.75;22488.25;116
20250625 122600;22488;22490.5;22487.5;22490.5;86
20250625 122700;22490.25;22493;22489.75;22489.75;117
20250625 122800;22489.5;22490.5;22488.75;22489;69
20250625 122900;22489;22492.75;22488;22492.25;174
20250625 123000;22492;22494.5;22491.75;22493.75;204
20250625 123100;22494;22494;22486.5;22486.5;173
20250625 123200;22486.5;22489.75;22485.75;22487.25;120
20250625 123300;22487.25;22487.25;22484.5;22486;110
20250625 123400;22486;22488.5;22485.25;22486;81
20250625 123500;22486;22487;22484.25;22485.5;94
20250625 123600;22484.75;22487.75;22483.5;22485;170
20250625 123700;22485.25;22486;22483;22485.75;112
20250625 123800;22486.25;22488.75;22485.5;22488.25;86
20250625 123900;22488.75;22496.25;22488.5;22493.5;242
20250625 124000;22494;22495.25;22491.5;22494.75;125
20250625 124100;22494.5;22496.5;22493;22495;188
20250625 124200;22495.25;22501.25;22491.25;22496.25;605
20250625 124300;22496;22496;22492;22495;152
20250625 124400;22495.5;22497;22494;22495.75;107
20250625 124500;22495.75;22496.25;22494.75;22495.25;72
20250625 124600;22494.5;22495.25;22491;22495.25;131
20250625 124700;22495;22495;22491;22492.25;109
20250625 124800;22492;22494.75;22490.5;22492;128
20250625 124900;22492.5;22494.25;22491.25;22492.25;88
20250625 125000;22492.25;22494.25;22490.5;22490.5;138
20250625 125100;22490.5;22495;22490.25;22494.75;108
20250625 125200;22495;22501;22493.5;22500;322
20250625 125300;22500.25;22503.75;22499.25;22500;229
20250625 125400;22500.5;22501.75;22499;22500;192
20250625 125500;22500.5;22504.75;22498;22498.25;264
20250625 125600;22498.25;22504.25;22496.25;22503;195
20250625 125700;22503.5;22506.25;22501.5;22505;195
20250625 125800;22505.5;22506.25;22502;22503.75;163
20250625 125900;22504;22507.5;22503.25;22506;84
20250625 130000;22506.25;22509.5;22505.75;22508;203
20250625 130100;22508;22509.75;22505.25;22507.5;250
20250625 130200;22507.75;22509;22505.75;22508.5;157
20250625 130300;22509;22509;22506.25;22506.75;91
20250625 130400;22506.75;22509.75;22505;22509.75;140
20250625 130500;22509.75;22511.5;22508.25;22509.25;206
20250625 130600;22509.25;22509.5;22502.75;22503.5;243
20250625 130700;22502.75;22503.5;22496.75;22497.75;329
20250625 130800;22498;22498.5;22495.5;22495.75;218
20250625 130900;22495.75;22497.5;22494.5;22496.25;118
20250625 131000;22496.5;22500.75;22496.5;22497.75;227
20250625 131100;22497.25;22500;22496.75;22498.25;113
20250625 131200;22498.25;22501;22496.75;22499.75;108
20250625 131300;22499.75;22503;22498.75;22500.25;267
20250625 131400;22500.25;22507.5;22499.75;22506.5;379
20250625 131500;22507;22508.5;22504.5;22505;211
20250625 131600;22505.25;22505.75;22500.75;22500.75;120
20250625 131700;22502.25;22502.75;22499.25;22499.5;141
20250625 131800;22499.5;22502.25;22499.5;22501.75;100
20250625 131900;22501;22501.5;22497.5;22498.75;146
20250625 132000;22498.5;22502.25;22498.5;22502.25;128
20250625 132100;22501.5;22501.75;22499.5;22500.75;84
20250625 132200;22501.75;22503.75;22499.75;22502.25;107
20250625 132300;22502;22507.25;22501.75;22505.5;140
20250625 132400;22506;22506.25;22501.75;22503.75;151
20250625 132500;22504.5;22508.25;22504;22504.25;288
20250625 132600;22506.5;22506.75;22494.75;22502.25;581
20250625 132700;22502.25;22504.5;22501;22502;189
20250625 132800;22501.5;22501.5;22497;22498;364
20250625 132900;22498;22502.5;22495.5;22498.25;471
20250625 133000;22499;22502.25;22498.25;22499.25;624
20250625 133100;22499.25;22527.75;22493;22517.25;5134
20250625 133200;22517.25;22530;22511.5;22519.5;2735
20250625 133300;22520;22529.5;22511;22512.25;1579
20250625 133400;22511.75;22519.25;22497;22515.5;2240
20250625 133500;22515;22522.25;22506.25;22518;2005
20250625 133600;22518.25;22531.25;22516.75;22525.5;2192
20250625 133700;22525.75;22538;22520.75;22535;2351
20250625 133800;22535.5;22537.5;22526;22531.25;1595
20250625 133900;22531;22538.75;22525.75;22528.5;1529
20250625 134000;22528.25;22541.75;22526.75;22540.75;1592
20250625 134100;22541;22545.5;22535;22539.25;1963
20250625 134200;22539.75;22543;22527.75;22531;1725
20250625 134300;22530.5;22541;22530.5;22538;1310
20250625 134400;22538.5;22547.25;22537;22544.5;1638
20250625 134500;22544.75;22548.25;22536.25;22538.25;1569
20250625 134600;22538.25;22545.5;22537.5;22540.5;1291
20250625 134700;22540.5;22543.5;22535.75;22538.25;1152
20250625 134800;22538.5;22538.75;22523.25;22532.25;1972
20250625 134900;22532.25;22532.25;22521;22523.5;1334
20250625 135000;22523;22525;22514.25;22514.75;1477
20250625 135100;22515.25;22515.25;22488.5;22501.75;3686
20250625 135200;22501;22501.75;22491;22498.5;1699
20250625 135300;22498.5;22503.5;22485.75;22503.25;1656
20250625 135400;22502.25;22514.25;22501;22510;1850
20250625 135500;22510.25;22512.5;22505;22509.25;1053
20250625 135600;22509.25;22519.5;22507;22519.25;1169
20250625 135700;22518.75;22528.75;22517;22526.25;1320
20250625 135800;22526;22534.5;22524.25;22530.25;1321
20250625 135900;22530.25;22531;22518.5;22523.75;1105
20250625 140000;22523.5;22527.75;22517.5;22522.25;682
20250625 140100;22522.75;22530;22514.25;22518.75;1063
20250625 140200;22518.25;22518.75;22507.5;22512;1115
20250625 140300;22512;22516.5;22499.5;22502.5;1555
20250625 140400;22502.5;22506.75;22496.5;22499.5;1093
20250625 140500;22499.5;22504.25;22491;22504.25;1307
20250625 140600;22504.25;22515;22503.25;22511;1480
20250625 140700;22511.25;22514;22498;22501.5;1158
20250625 140800;22501.75;22509.75;22494.75;22506.25;1089
20250625 140900;22506.5;22516.5;22506.5;22513.5;1014
20250625 141000;22513.75;22513.75;22497;22499.75;1142
20250625 141100;22499.75;22504.75;22494.75;22496.5;1044
20250625 141200;22497.25;22499;22479.25;22492;1924
20250625 141300;22491.75;22492.75;22486;22489.25;721
20250625 141400;22489.25;22495;22483.75;22487.5;1105
20250625 141500;22487.75;22487.75;22466.25;22474.5;2497
20250625 141600;22474.75;22484.5;22468.5;22469.5;2109
20250625 141700;22469.75;22483.5;22469;22479.75;1323
20250625 141800;22479.5;22499;22479.5;22490.5;1557
20250625 141900;22490.75;22492;22475.75;22478.75;1204
20250625 142000;22478.25;22485;22475.75;22479.5;699
20250625 142100;22479.5;22488.25;22477;22479.25;946
20250625 142200;22479.5;22490;22479.25;22488.5;691
20250625 142300;22488.5;22493.5;22479;22479;825
20250625 142400;22479.75;22484.25;22476.25;22479.5;643
20250625 142500;22480.5;22481.75;22463.75;22480.5;1521
20250625 142600;22480.5;22497;22478.75;22493.5;1345
20250625 142700;22493.5;22496.75;22488.25;22496;987
20250625 142800;22495.75;22498.5;22489.25;22492.25;770
20250625 142900;22492.5;22493.5;22475.5;22484;1428
20250625 143000;22484.25;22489;22482.25;22488;485
20250625 143100;22488.5;22503.75;22488.5;22497;1245
20250625 143200;22496.5;22499.5;22492;22496;640
20250625 143300;22496.5;22501;22493.5;22494.75;654
20250625 143400;22494.25;22498.5;22489.5;22495.5;642
20250625 143500;22495.25;22500.75;22488.5;22500.25;569
20250625 143600;22500.25;22507;22498.5;22502.25;1086
20250625 143700;22502;22504.5;22494.5;22496;761
20250625 143800;22495.5;22505;22493.5;22503;511
20250625 143900;22503.25;22504.75;22489.75;22499.25;849
20250625 144000;22498.5;22501.25;22492.75;22493.5;378
20250625 144100;22493;22507.5;22486.25;22507;1063
20250625 144200;22507;22507.5;22497.5;22507.25;984
20250625 144300;22506.75;22507;22499;22502.25;585
20250625 144400;22501.75;22504.75;22497.5;22503;504
20250625 144500;22502.75;22515.25;22502.5;22514;1511
20250625 144600;22513.75;22524.75;22510.25;22522.5;1648
20250625 144700;22522.5;22523.25;22509.5;22512.75;1275
20250625 144800;22512.25;22513.5;22502.5;22504;1050
20250625 144900;22503.25;22503.25;22490.5;22497;1553
20250625 145000;22497;22499.25;22491.5;22495.75;706
20250625 145100;22496.25;22499.5;22478.75;22480.75;1466
20250625 145200;22480;22487.75;22475.75;22485.75;1061
20250625 145300;22485.5;22492.75;22481.5;22489.5;649
20250625 145400;22489.5;22491.5;22484.5;22487.25;398
20250625 145500;22487.5;22492.25;22484;22488.5;580
20250625 145600;22488.75;22498.5;22488.5;22492.75;753
20250625 145700;22493.5;22494.25;22484.25;22485.5;634
20250625 145800;22486.25;22497;22486.25;22494.75;564
20250625 145900;22494.75;22501.75;22494.25;22499.75;862
20250625 150000;22500;22501;22490;22491.75;627
20250625 150100;22492;22494.25;22486.75;22491.25;699
20250625 150200;22491;22491.25;22481.5;22481.5;474
20250625 150300;22482.5;22484;22472.25;22476.75;985
20250625 150400;22477.25;22478.75;22468.75;22469.25;1128
20250625 150500;22469.5;22469.5;22459.25;22465.25;1209
20250625 150600;22465.5;22475;22456;22458;1384
20250625 150700;22458.5;22468.25;22452.25;22465.25;1683
20250625 150800;22465;22468.5;22461.5;22467.25;588
20250625 150900;22468;22469;22458.5;22461.25;778
20250625 151000;22461.25;22462.5;22452;22456.75;799
20250625 151100;22456.75;22464.75;22450;22464.25;1211
20250625 151200;22463.75;22468.75;22459.75;22463.75;694
20250625 151300;22463.5;22467.5;22455.25;22455.75;618
20250625 151400;22455.5;22455.75;22448;22449;1049
20250625 151500;22448.5;22457.25;22445;22454.5;1135
20250625 151600;22454.75;22457.25;22450;22453.5;543
20250625 151700;22454.25;22464;22452.75;22460.75;849
20250625 151800;22460.5;22465;22452.25;22453;679
20250625 151900;22453.5;22459;22452.5;22455.75;430
20250625 152000;22455.25;22460;22454.25;22454.5;402
20250625 152100;22454.25;22458;22448.25;22450.25;909
20250625 152200;22450.75;22456;22447.75;22454.5;552
20250625 152300;22454.75;22456;22445.75;22450.75;510
20250625 152400;22451;22452.5;22445.5;22451.5;497
20250625 152500;22452;22459.5;22448;22458.5;1070
20250625 152600;22459.25;22468;22457.5;22465.75;1105
20250625 152700;22466.75;22469.75;22462;22467.5;862
20250625 152800;22467.25;22471;22466.25;22466.75;731
20250625 152900;22466.75;22471.75;22465.5;22467.25;604
20250625 153000;22468;22468.5;22460.5;22462.5;751
20250625 153100;22463;22463.75;22452.75;22457.25;1070
20250625 153200;22457;22458.75;22451.75;22454.75;629
20250625 153300;22455;22455;22429;22430.75;1807
20250625 153400;22430.25;22443.75;22430;22433.75;1446
20250625 153500;22434;22441;22433;22438.25;691
20250625 153600;22438.25;22449;22433.75;22449;1022
20250625 153700;22449;22452.75;22437.5;22452.25;958
20250625 153800;22452.25;22458.75;22450;22454.75;917
20250625 153900;22455.25;22457.25;22452.25;22453.25;484
20250625 154000;22453;22454;22445.5;22450.25;728
20250625 154100;22450.75;22452.75;22440;22441.75;752
20250625 154200;22441.5;22445;22436.75;22443.5;645
20250625 154300;22443;22447.75;22440.75;22442.75;643
20250625 154400;22442.75;22448.75;22439.5;22445.25;464
20250625 154500;22446;22453.25;22444.5;22446.5;746
20250625 154600;22446.25;22448;22435.5;22444.5;867
20250625 154700;22444;22445.25;22437.5;22442.25;529
20250625 154800;22442.5;22449.75;22442.5;22449.25;518
20250625 154900;22449.25;22458;22449.25;22454.25;1119
20250625 155000;22454;22458;22451.25;22454.5;505
20250625 155100;22454.25;22456.75;22446;22452.25;616
20250625 155200;22451.75;22458;22450;22456.25;560
20250625 155300;22456.75;22457.5;22448.5;22454.25;572
20250625 155400;22454.5;22457.75;22452;22456.5;344
20250625 155500;22456.25;22456.25;22451.5;22455.25;335
20250625 155600;22455;22455.75;22447.5;22455.5;424
20250625 155700;22455.25;22462.75;22455;22460;756
20250625 155800;22460.25;22460.25;22450.25;22451.5;574
20250625 155900;22452;22452.25;22443;22443.75;656
20250625 160000;22443.75;22448.5;22442.75;22444;409
20250625 160100;22444;22456.75;22442.75;22453.25;985
20250625 160200;22453.75;22458;22451.75;22454.25;503
20250625 160300;22454.5;22457.5;22450.75;22453.75;333
20250625 160400;22454;22457;22450.25;22453.5;417
20250625 160500;22453;22453.75;22446.75;22448.25;330
20250625 160600;22448.25;22451.5;22444.25;22447;423
20250625 160700;22446.5;22453;22446.25;22446.5;402
20250625 160800;22446;22448.25;22439.5;22445.5;576
20250625 160900;22445.25;22447.75;22438.5;22439.5;403
20250625 161000;22439.75;22443.5;22434.5;22435.5;603
20250625 161100;22435;22436.25;22430.5;22434.5;893
20250625 161200;22434.75;22436.25;22430;22435.5;489
20250625 161300;22435;22439.25;22432;22437.75;526
20250625 161400;22437.25;22445.5;22437.25;22442.75;868
20250625 161500;22442.75;22448;22440.25;22443.75;454
20250625 161600;22443;22446.75;22441.75;22444.25;417
20250625 161700;22444.75;22445.75;22434.75;22435.25;753
20250625 161800;22435.25;22440.25;22434.75;22438;567
20250625 161900;22437.75;22445;22437.5;22440.75;499
20250625 162000;22441;22441.5;22433.25;22433.75;629
20250625 162100;22433.75;22435.5;22422.25;22424.75;1330
20250625 162200;22424;22426.25;22420.25;22424.75;704
20250625 162300;22424.75;22434.75;22424.5;22431;670
20250625 162400;22431.25;22438.25;22431.25;22436.25;590
20250625 162500;22436;22438.25;22432.75;22437;338
20250625 162600;22437;22441;22435.5;22440;540
20250625 162700;22439.25;22443;22438;22439.5;467
20250625 162800;22439.25;22440;22433.5;22437.5;416
20250625 162900;22438.25;22439.25;22433.75;22436.25;300
20250625 163000;22437;22439;22432.75;22434.75;383
20250625 163100;22435.25;22435.5;22428;22435;700
20250625 163200;22434.75;22438.5;22432;22436.5;396
20250625 163300;22437;22443.5;22436.5;22440.25;451
20250625 163400;22440.25;22441.5;22431.5;22432.75;394
20250625 163500;22432.5;22435;22429;22431.25;429
20250625 163600;22430.75;22431;22421.75;22423.25;694
20250625 163700;22423.75;22430.25;22421.75;22427.5;540
20250625 163800;22427.5;22431.25;22426.25;22430.25;331
20250625 163900;22429.75;22435.75;22429.75;22435.75;432
20250625 164000;22435.75;22439.5;22433.75;22436;456
20250625 164100;22436.25;22437.25;22428.25;22435.25;468
20250625 164200;22435.75;22438;22431.75;22433.5;344
20250625 164300;22433;22437.5;22429.25;22429.75;392
20250625 164400;22429.75;22434;22428.5;22433;338
20250625 164500;22433;22435.25;22427.5;22427.75;395
20250625 164600;22427.75;22431.5;22424.75;22428.5;539
20250625 164700;22428.5;22428.5;22420.5;22421.25;611
20250625 164800;22421;22425;22410;22421;1543
20250625 164900;22420.25;22427.5;22419.25;22423.5;729
20250625 165000;22423.75;22425.25;22416.25;22418.75;612
20250625 165100;22419.25;22430.5;22414.75;22430;909
20250625 165200;22430.25;22440.25;22428;22439.75;1083
20250625 165300;22439.75;22442.25;22430.75;22436.25;846
20250625 165400;22436;22439.5;22434.25;22437.25;296
20250625 165500;22436.75;22438.5;22433;22435.25;346
20250625 165600;22435.25;22441.5;22435.25;22438.5;561
20250625 165700;22438.75;22445;22437.5;22443.25;666
20250625 165800;22443.25;22445;22441.75;22443;363
20250625 165900;22442.75;22443.5;22437.25;22439;563
20250625 170000;22439;22444;22436.75;22442.75;378
20250625 170100;22442.75;22448;22442.75;22446;723
20250625 170200;22446;22448.75;22443.25;22447;435
20250625 170300;22447.25;22447.25;22437.5;22439.5;725
20250625 170400;22440;22442;22434.25;22436.75;512
20250625 170500;22436.75;22437;22431.25;22431.5;438
20250625 170600;22431.5;22435;22424;22435;1053
20250625 170700;22435;22439.5;22431.5;22435.25;712
20250625 170800;22435.75;22436.25;22429;22433;391
20250625 170900;22432.25;22432.5;22425;22427;504
20250625 171000;22427;22430.25;22423.75;22426.5;547
20250625 171100;22426.5;22432.75;22422.75;22430.25;613
20250625 171200;22430.5;22435.25;22428.75;22434.5;394
20250625 171300;22434.5;22439.75;22432;22434.75;504
20250625 171400;22435;22437;22430.5;22432;289
20250625 171500;22431.5;22441.5;22431.5;22440;502
20250625 171600;22439.75;22445.75;22439.75;22444.75;802
20250625 171700;22445.25;22446.5;22442;22443.25;434
20250625 171800;22444;22444;22436;22438.5;488
20250625 171900;22439;22444.5;22438.5;22444.5;225
20250625 172000;22444.5;22446.75;22442.5;22445;393
20250625 172100;22445.25;22457.25;22445.25;22454;1338
20250625 172200;22453.75;22458.5;22453.25;22457.25;556
20250625 172300;22456.75;22458.5;22454;22455.25;456
20250625 172400;22455.75;22456.5;22453.25;22456;354
20250625 172500;22456;22462.75;22456;22460.75;940
20250625 172600;22460.25;22461;22455.75;22456.25;728
20250625 172700;22456.25;22456.75;22452.25;22454.25;526
20250625 172800;22454.5;22456;22453;22454.25;311
20250625 172900;22454.25;22457.75;22451;22454.25;451
20250625 173000;22454.75;22458;22454;22457;289
20250625 173100;22456.75;22458.75;22449;22449.25;752
20250625 173200;22449.5;22451.25;22444.25;22445.25;760
20250625 173300;22446;22447.75;22438.75;22441.5;748
20250625 173400;22441.25;22441.25;22429.75;22433;987
20250625 173500;22432.75;22432.75;22422.5;22429;750
20250625 173600;22429.25;22429.25;22419.5;22423.75;661
20250625 173700;22423.25;22425.75;22416.25;22418;849
20250625 173800;22418.5;22428.5;22418;22427.25;701
20250625 173900;22427.75;22433.5;22427;22427.5;661
20250625 174000;22427.5;22432;22425.5;22427.25;533
20250625 174100;22427.25;22428;22388.5;22407.5;3084
20250625 174200;22407;22408.25;22396.25;22404.25;1359
20250625 174300;22404.75;22418;22403;22414.5;1347
20250625 174400;22414.5;22417.75;22410.75;22417;430
20250625 174500;22417.25;22419.75;22412.5;22414.75;529
20250625 174600;22415.5;22425.75;22411.25;22422;856
20250625 174700;22422.25;22428.75;22419.75;22427.5;558
20250625 174800;22427.5;22429.25;22423;22425;515
20250625 174900;22424.75;22426.75;22417;22420.5;521
20250625 175000;22421;22425.5;22420;22424;289
20250625 175100;22423.25;22434.5;22422.75;22431.75;1050
20250625 175200;22431.75;22435.75;22428.25;22429.5;634
20250625 175300;22429.5;22432.25;22426.5;22426.75;410
20250625 175400;22426.25;22426.25;22415.25;22416.25;854
20250625 175500;22416.25;22420.25;22410.25;22416.75;854
20250625 175600;22416.25;22416.25;22407.5;22409;541
20250625 175700;22409.5;22416.25;22409;22413.75;485
20250625 175800;22413.75;22414.75;22403.5;22411.75;769
20250625 175900;22412.75;22412.75;22408;22408;334
20250625 180000;22409;22414.75;22408.25;22412.25;610
20250625 180100;22413;22417;22403.75;22404.75;882
20250625 180200;22405;22412.25;22402;22404.25;867
20250625 180300;22404.75;22413.25;22404.25;22413.25;490
20250625 180400;22413;22415;22407.75;22414.25;387
20250625 180500;22413.75;22422;22413.5;22420;653
20250625 180600;22420;22424.5;22415.25;22416;431
20250625 180700;22416.25;22420.25;22412.75;22413.5;435
20250625 180800;22414;22419.25;22413.75;22417.75;274
20250625 180900;22417.5;22418.5;22408.75;22413.5;488
20250625 181000;22413.5;22416;22411.5;22415;218
20250625 181100;22414.75;22422;22412.75;22420.25;449
20250625 181200;22420.75;22422.25;22417.5;22420;282
20250625 181300;22420;22425.25;22418.75;22424.5;299
20250625 181400;22424.75;22425.75;22420;22420.5;384
20250625 181500;22420.25;22422.5;22417;22420;372
20250625 181600;22420;22423.25;22417.75;22419.75;283
20250625 181700;22420;22426.75;22418.75;22423.75;404
20250625 181800;22424.25;22424.75;22417.5;22421.25;386
20250625 181900;22420.75;22426.25;22419.25;22423.75;213
20250625 182000;22423.75;22424.5;22418.5;22423.25;267
20250625 182100;22423.25;22427.25;22420.25;22425.5;404
20250625 182200;22426;22428.75;22422.25;22423.75;356
20250625 182300;22423.25;22429.75;22423;22428;215
20250625 182400;22428;22430;22424.75;22426.75;375
20250625 182500;22426.5;22429.5;22423.5;22424.25;244
20250625 182600;22423.75;22427;22418.5;22423;524
20250625 182700;22422.25;22429.5;22420.75;22426.25;322
20250625 182800;22426.25;22428.25;22425.5;22427;196
20250625 182900;22427;22431.25;22424;22430.25;315
20250625 183000;22430.75;22434.75;22426.25;22429;600
20250625 183100;22428.75;22430.75;22420.75;22422.25;537
20250625 183200;22421.75;22421.75;22414.5;22415.25;598
20250625 183300;22415.75;22419;22412.75;22416.75;398
20250625 183400;22417;22419.5;22413.75;22417;390
20250625 183500;22417.5;22423.5;22415.25;22420.5;473
20250625 183600;22420.75;22422.75;22417;22418.75;393
20250625 183700;22419.5;22422.25;22416;22421.25;266
20250625 183800;22420;22423;22419.5;22422.25;344
20250625 183900;22423;22423.75;22418;22421.25;278
20250625 184000;22421;22423.25;22416;22416.25;313
20250625 184100;22416.5;22419.5;22413.75;22418;425
20250625 184200;22418;22426;22416;22422.5;619
20250625 184300;22422.25;22423.5;22416.25;22416.75;304
20250625 184400;22416.5;22416.75;22411.25;22412;612
20250625 184500;22412;22414;22409;22413.25;314
20250625 184600;22413.75;22419.5;22410.75;22418.25;581
20250625 184700;22418.75;22418.75;22413.75;22415.5;226
20250625 184800;22415.25;22417.25;22410.5;22410.75;275
20250625 184900;22410.75;22412.75;22408.25;22411.25;379
20250625 185000;22411;22413.75;22409.25;22411.5;267
20250625 185100;22412;22416.5;22407.5;22416.5;454
20250625 185200;22416.75;22418.25;22412.75;22418.25;328
20250625 185300;22418.25;22418.75;22413.75;22415.25;221
20250625 185400;22414.5;22419;22412.75;22413;286
20250625 185500;22414;22414.25;22407.75;22411;389
20250625 185600;22410.75;22416.5;22409;22415.5;310
20250625 185700;22415.5;22421.75;22414.5;22420.75;348
20250625 185800;22420.25;22424.75;22419.5;22423.75;424
20250625 185900;22424;22424.25;22419.75;22423.25;306
20250625 190000;22423;22424;22418.25;22420;319
20250625 190100;22420.5;22428.25;22418.75;22428;695
20250625 190200;22427.5;22433.25;22425.75;22429.5;689
20250625 190300;22429.5;22433.5;22429.25;22433;460
20250625 190400;22433;22439;22431;22431.25;879
20250625 190500;22431.5;22433;22428.25;22431.5;490
20250625 190600;22431.25;22436.75;22429.75;22435.75;517
20250625 190700;22436;22437.5;22431;22433.25;674
20250625 190800;22433;22434.5;22431.25;22434;220
20250625 190900;22434.5;22445;22434.5;22444;903
20250625 191000;22444;22448.5;22442;22445.25;926
20250625 191100;22445.25;22449.25;22444.25;22449.25;612
20250625 191200;22449.25;22451.5;22448;22450;650
20250625 191300;22450;22458.5;22448.5;22458.5;1032
20250625 191400;22458;22461.5;22453.25;22454.5;1135
20250625 191500;22455;22455.5;22449.75;22451.75;558
20250625 191600;22451.75;22454.25;22450.25;22451.75;497
20250625 191700;22451.5;22451.75;22442.75;22446;802
20250625 191800;22445.75;22448;22439.25;22441.25;622
20250625 191900;22441;22445;22440.25;22444.75;364
20250625 192000;22444;22449.5;22444;22449.5;487
20250625 192100;22449;22452;22445.5;22446.5;546
20250625 192200;22446.5;22452.5;22445;22451;495
20250625 192300;22451;22453;22448;22450.5;361
20250625 192400;22450.25;22450.5;22444;22444;393
20250625 192500;22444.5;22448.5;22443;22443.25;402
20250625 192600;22443.5;22449.5;22443.25;22448.25;450
20250625 192700;22447.5;22447.75;22442.5;22444.25;391
20250625 192800;22444.75;22446.5;22442.5;22444.5;360
20250625 192900;22444.75;22446.5;22439.25;22442.75;416
20250625 193000;22443;22444.5;22440.5;22440.5;313
20250625 193100;22440.75;22446;22439.25;22440.25;719
20250625 193200;22440.5;22440.5;22422;22429.5;1729
20250625 193300;22428.5;22436.25;22428;22435.5;500
20250625 193400;22435.25;22437.25;22433.75;22434.75;355
20250625 193500;22435.5;22435.5;22430;22432;508
20250625 193600;22431.25;22432;22427.25;22429.25;447
20250625 193700;22429.25;22431.75;22420.25;22426.5;766
20250625 193800;22426.5;22431.75;22424.5;22428;448
20250625 193900;22427.75;22432;22425.75;22428;424
20250625 194000;22428.25;22431;22424.75;22427;705
20250625 194100;22426.75;22433;22426.5;22432.75;514
20250625 194200;22433;22439.75;22433;22434.75;848
20250625 194300;22434.5;22441;22432.25;22439.75;552
20250625 194400;22439.5;22445;22438.75;22444;751
20250625 194500;22444.25;22445.5;22440.25;22441.5;502
20250625 194600;22441.75;22444.5;22438.25;22439.25;554
20250625 194700;22438.75;22439.5;22433.25;22433.75;705
20250625 194800;22434;22438.25;22432.75;22434.75;413
20250625 194900;22435.25;22436.25;22430.25;22433.75;546
20250625 195000;22433.5;22436;22430;22433.5;505
20250625 195100;22433.5;22447;22430.25;22443;1648
20250625 195200;22442.75;22448.5;22441.5;22448;977
20250625 195300;22447.75;22451.75;22438.75;22442.75;1076
20250625 195400;22442.5;22448;22440.5;22447;885
20250625 195500;22446.75;22451;22432.75;22437.25;1772
20250625 195600;22437.75;22448;22432;22447.5;1453
20250625 195700;22447.75;22448.75;22441;22444.5;874
20250625 195800;22444.5;22447.5;22442.5;22445.25;661
20250625 195900;22444.75;22455;22441.75;22454.25;1617
20250625 200000;22454;22465.75;22450.5;22463;6733
20250625 200100;22463.25;22466.5;22451.75;22454.25;2782
20250625 200200;22454.75;22485;22451;22475.25;2150
20250625 200300;22475.5;22479;22461.25;22469.75;1537
20250625 200400;22469.25;22474.75;22465.25;22471.75;517
20250625 200500;22471.5;22480.5;22470.25;22475.5;576
20250625 200600;22475.25;22477.5;22471.25;22472;428
20250625 200700;22471.75;22473;22461;22463.25;479
20250625 200800;22463.75;22464.5;22460.75;22463.75;299
20250625 200900;22463.75;22465.75;22463.5;22464.25;220
20250625 201000;22464;22464.75;22461.5;22463.25;261
20250625 201100;22463;22466.25;22462.5;22465.25;232
20250625 201200;22465.75;22466.5;22463.25;22463.25;112
20250625 201300;22463.25;22465;22461.5;22464.5;264
20250625 201400;22464.25;22468;22461.75;22467;213
20250625 201500;22467;22469.25;22466.75;22467.25;164
20250625 201600;22467.75;22469.5;22467.25;22468.75;88
20250625 201700;22469;22472.5;22469;22471.25;198
20250625 201800;22471.25;22474;22469.75;22474;249
20250625 201900;22474.25;22474.75;22471.25;22471.25;150
20250625 202000;22471.5;22472;22470.75;22471.25;143
20250625 202100;22471.25;22471.5;22466.75;22470.5;167
20250625 202200;22470;22470;22466.75;22467.25;107
20250625 202300;22467.25;22468.5;22466.5;22466.5;66
20250625 202400;22466;22466.25;22456;22459.75;356
20250625 202500;22460;22461.5;22459;22461;111
20250625 202600;22460.5;22461.75;22458.75;22460;110
20250625 202700;22460;22462.5;22459.25;22461.25;69
20250625 202800;22461.5;22465;22461;22463;148
20250625 202900;22463.5;22463.75;22461;22461;131
20250625 203000;22461.25;22461.5;22456;22456.5;130
20250625 203100;22456.75;22460.5;22456;22459.5;78
20250625 203200;22460;22460.75;22457.25;22458;73
20250625 203300;22458;22458.5;22457;22458;34
20250625 203400;22458.25;22461.75;22457.75;22461.25;82
20250625 203500;22460.25;22462.75;22460;22461.75;86
20250625 203600;22462;22467.25;22462;22466.5;142
20250625 203700;22466.75;22466.75;22463.25;22463.25;58
20250625 203800;22463;22464.5;22462.5;22464.5;51
20250625 203900;22464.75;22465.5;22464;22465;37
20250625 204000;22465;22468;22464.75;22467.5;103
20250625 204100;22467.75;22468.75;22464.5;22466.25;158
20250625 204200;22466;22466.75;22464.75;22464.75;44
20250625 204300;22464.75;22466.75;22463.25;22466.75;92
20250625 204400;22466.5;22466.5;22464;22464.25;65
20250625 204500;22464.75;22468;22464.25;22465;131
20250625 204600;22464.5;22466.5;22463.75;22466;105
20250625 204700;22465.75;22466.25;22464.25;22466;98
20250625 204800;22466;22466.75;22464;22464.25;105
20250625 204900;22466;22466.75;22463.5;22466;77
20250625 205000;22467.25;22467.25;22465.5;22465.5;28
20250625 205100;22465.75;22468.75;22464.75;22467.25;44
20250625 205200;22466.75;22467.75;22466.25;22467.25;45
20250625 205300;22467.5;22469.25;22467.5;22468.5;54
20250625 205400;22469;22469.25;22467.5;22467.5;40
20250625 205500;22467.75;22469.25;22466.75;22468.5;63
20250625 205600;22468;22470;22467.25;22469.5;135
20250625 205700;22469.5;22470.25;22468.75;22469;61
20250625 205800;22469;22469;22467.75;22468.25;51
20250625 205900;22468;22469.25;22466;22468.25;78
20250625 210000;22469;22473.25;22468;22472.5;97
20250625 220100;22461.25;22463;22450.25;22460.75;507
20250625 220200;22460.5;22462;22458.25;22461;64
20250625 220300;22461;22464.5;22458;22464.5;68
20250625 220400;22464.5;22471.5;22464;22469;115
20250625 220500;22469.5;22470.75;22465.75;22468;63
20250625 220600;22467.75;22468;22466.5;22467.25;14
20250625 220700;22466;22466.25;22464;22465.75;32
20250625 220800;22465;22469;22464.75;22468;39
20250625 220900;22468;22468.75;22464.5;22466.25;43
20250625 221000;22466.25;22470;22465.75;22468.5;37
20250625 221100;22468.75;22471.25;22467.75;22470;50
20250625 221200;22471;22476.5;22470.25;22475.25;149
20250625 221300;22476;22488.25;22475.5;22483.5;304
20250625 221400;22482.5;22482.5;22476.25;22479;98
20250625 221500;22478.5;22479.75;22477.5;22479.25;40
20250625 221600;22479.5;22479.5;22476;22476.25;44
20250625 221700;22476;22476;22470.25;22471.75;78
20250625 221800;22472.5;22475.5;22472.5;22474.5;60
20250625 221900;22474.75;22477.25;22470.75;22472.75;121
20250625 222000;22472.75;22474.75;22472.25;22472.5;38
20250625 222100;22472.75;22474.25;22470;22471.5;73
20250625 222200;22471.75;22472.75;22469.5;22469.75;59
20250625 222300;22469.25;22471.25;22467.75;22470;63
20250625 222400;22470;22470;22464.25;22465.5;125
20250625 222500;22465.75;22470;22464;22469;90
20250625 222600;22468.25;22468.25;22464.5;22466.25;47
20250625 222700;22466.25;22466.25;22457.25;22461;128
20250625 222800;22460.5;22461;22458.25;22458.75;69
20250625 222900;22459;22460.5;22455.5;22459.75;90
20250625 223000;22459.25;22459.25;22457.25;22458;32
20250625 223100;22458.75;22462.75;22458.75;22462.25;121
20250625 223200;22461.5;22466;22461;22466;84
20250625 223300;22465.25;22465.25;22462.75;22464;52
20250625 223400;22463.5;22465.75;22461.75;22464.5;52
20250625 223500;22464.5;22467.25;22464.25;22464.25;54
20250625 223600;22464.75;22464.75;22460;22460.25;66
20250625 223700;22460.25;22461.5;22459.5;22459.5;43
20250625 223800;22460;22460.25;22457.25;22458;49
20250625 223900;22458.25;22458.5;22456;22457.5;29
20250625 224000;22457.25;22457.75;22452.5;22455.5;97
20250625 224100;22455.25;22458.5;22453.5;22458.5;60
20250625 224200;22458;22458.25;22455.5;22458;27
20250625 224300;22458.25;22458.25;22455.75;22456.25;30
20250625 224400;22455.75;22457.25;22455.25;22456;37
20250625 224500;22456.25;22456.25;22453.25;22454.25;47
20250625 224600;22454;22456;22454;22455.25;30
20250625 224700;22455;22455.25;22453.5;22454;23
20250625 224800;22454;22454.75;22453;22454.5;22
20250625 224900;22455.25;22457.75;22455.25;22457.25;43
20250625 225000;22457.25;22459.5;22456.5;22459;78
20250625 225100;22459.5;22460;22456.5;22457;29
20250625 225200;22458;22460.25;22458;22459.5;34
20250625 225300;22459.25;22459.25;22456.5;22457;19
20250625 225400;22456.5;22459.75;22456.25;22459.5;14
20250625 225500;22459.25;22461;22459.25;22460.5;26
20250625 225600;22461;22462.25;22460.5;22462;50
20250625 225700;22462;22462.25;22461;22461.75;17
20250625 225800;22461.25;22464.5;22461;22464.25;24
20250625 225900;22464.5;22464.5;22463.5;22464.25;10
20250625 230000;22463.75;22464;22460.5;22464;42
20250625 230100;22464;22466.5;22458.25;22460.25;143
20250625 230200;22460;22460;22452;22455.75;157
20250625 230300;22455.25;22459;22453.5;22454.25;83
20250625 230400;22454;22454.5;22446;22448.75;212
20250625 230500;22448.75;22450.25;22442;22443;140
20250625 230600;22443.25;22451.5;22441.5;22447.25;137
20250625 230700;22447;22449;22445.25;22446.75;72
20250625 230800;22446.25;22448;22437.75;22446.75;289
20250625 230900;22446.75;22449.75;22443.75;22448.75;100
20250625 231000;22449;22460.5;22449;22460;255
20250625 231100;22460;22464.5;22457.75;22463.75;115
20250625 231200;22463.75;22465;22461.75;22464.5;85
20250625 231300;22465;22465;22459;22460.75;66
20250625 231400;22462;22463;22460.25;22461;29
20250625 231500;22460;22461.5;22459.5;22460;18
20250625 231600;22459.75;22460.25;22454.25;22455.75;63
20250625 231700;22455.25;22456;22454;22454;18
20250625 231800;22454;22454.25;22448.75;22451.25;86
20250625 231900;22451;22460;22451;22457.25;77
20250625 232000;22459;22459;22454.5;22457.75;47
20250625 232100;22457.75;22458;22455.75;22456;20
20250625 232200;22455.5;22457;22454.25;22454.25;58
20250625 232300;22455;22457;22455;22455.75;15
20250625 232400;22455;22455.5;22451.5;22452.25;81
20250625 232500;22451.5;22452.25;22449.75;22452.25;47
20250625 232600;22452.25;22452.75;22451.75;22452.5;30
20250625 232700;22453.25;22456.25;22453.25;22453.25;38
20250625 232800;22453.5;22453.5;22449.25;22449.25;49
20250625 232900;22448.75;22449.75;22439.75;22441;227
20250625 233000;22441;22447;22441;22446.75;78
20250625 233100;22446.75;22449.25;22445;22447.75;36
20250625 233200;22448;22449.5;22444;22444.25;81
20250625 233300;22445.5;22446;22441;22442;47
20250625 233400;22442.5;22442.5;22440.5;22442.5;20
20250625 233500;22442.25;22444.75;22440.25;22444.5;39
20250625 233600;22445.75;22449.25;22445.25;22446.75;102
20250625 233700;22447.5;22451.5;22446.5;22451;41
20250625 233800;22451;22451;22445;22448;68
20250625 233900;22448.25;22453;22448;22453;55
20250625 234000;22452.25;22453.75;22451.5;22453.75;40
20250625 234100;22453;22456;22453;22455.75;50
20250625 234200;22455.25;22461.75;22454.25;22460.25;127
20250625 234300;22459.5;22463.5;22456.75;22458.25;112
20250625 234400;22458.25;22458.75;22456;22456.5;27
20250625 234500;22455.75;22457;22451.75;22453.25;72
20250625 234600;22453.5;22461.25;22452.25;22459.25;79
20250625 234700;22460;22460;22456;22459.25;30
20250625 234800;22457.75;22460.5;22457.75;22458;30
20250625 234900;22457.75;22458;22456.75;22457.5;13
20250625 235000;22456.25;22457.75;22456;22457.75;14
20250625 235100;22457.75;22463;22457.75;22460.5;46
20250625 235200;22460;22460.25;22457.25;22458;18
20250625 235300;22458.25;22460;22455.5;22460;23
20250625 235400;22459.5;22460.75;22458.5;22460.25;23
20250625 235500;22459.25;22462;22458.75;22462;36
20250625 235600;22462;22464;22461;22462.75;33
20250625 235700;22461.75;22464;22461.75;22463.5;15
20250625 235800;22464;22469.5;22464;22466.5;72
20250625 235900;22466;22466;22464.5;22464.5;59
20250626 000000;22465.25;22465.25;22463.25;22464.75;31
20250626 000100;22464.75;22466.75;22460.5;22463;113
20250626 000200;22463.5;22468;22458.75;22466;63
20250626 000300;22466;22468.25;22465;22465.5;48
20250626 000400;22464.5;22465.25;22456.75;22457.5;74
20250626 000500;22457.75;22461.25;22456.75;22460.5;47
20250626 000600;22462;22463;22459.75;22459.75;24
20250626 000700;22458.75;22461;22458;22458.75;23
20250626 000800;22459;22464.25;22458.75;22463.5;48
20250626 000900;22463.75;22467.25;22462.5;22465;66
20250626 001000;22466.25;22466.25;22462;22463.75;31
20250626 001100;22464.5;22465.25;22462;22465.25;17
20250626 001200;22464.75;22467.75;22463.25;22464.5;30
20250626 001300;22465.5;22467;22464.5;22467;25
20250626 001400;22467.5;22472.5;22467;22469;102
20250626 001500;22470.25;22472;22468.75;22470;38
20250626 001600;22471.25;22476.25;22467.25;22468.75;192
20250626 001700;22468.25;22468.25;22463.5;22466;124
20250626 001800;22466.25;22469.25;22465.5;22467.25;51
20250626 001900;22467.5;22469;22467.25;22468.25;29
20250626 002000;22468.25;22470.5;22468.25;22469;20
20250626 002100;22469.25;22471;22468.75;22470.5;17
20250626 002200;22470.75;22470.75;22467.25;22468.5;14
20250626 002300;22469.5;22473.25;22469.25;22470.5;59
20250626 002400;22470.75;22472;22470.75;22470.75;17
20250626 002500;22470;22471.75;22470;22471;15
20250626 002600;22470.5;22472.5;22470;22470.25;21
20250626 002700;22471;22472.25;22469.75;22472.25;32
20250626 002800;22472.25;22476.5;22472.25;22476.25;57
20250626 002900;22476.75;22477.5;22474.5;22475;54
20250626 003000;22475;22477.5;22475;22476.75;50
20250626 003100;22476.25;22477.25;22474.25;22474.25;40
20250626 003200;22474.5;22476;22472.75;22473.5;55
20250626 003300;22472.25;22474.5;22471.5;22474.25;31
20250626 003400;22474.75;22477.75;22474.25;22477.75;46
20250626 003500;22477.25;22478.25;22476.25;22476.25;19
20250626 003600;22476;22477.25;22475;22477.25;24
20250626 003700;22477.25;22479.25;22476;22479;55
20250626 003800;22479;22479.5;22475.75;22476.75;63
20250626 003900;22476.5;22479.75;22476.5;22478.75;26
20250626 004000;22478;22478.75;22476.25;22476.75;72
20250626 004100;22476.5;22478.25;22473;22476.5;68
20250626 004200;22476.25;22479;22476.25;22478.25;40
20250626 004300;22478.25;22482;22476.5;22479.75;134
20250626 004400;22480;22480.25;22477.5;22477.5;43
20250626 004500;22477.5;22478.25;22476.5;22477.75;39
20250626 004600;22477.25;22477.25;22475;22476.5;34
20250626 004700;22477.25;22478;22474;22477.25;38
20250626 004800;22476.25;22479.25;22476.25;22479;30
20250626 004900;22478.25;22479.5;22477.5;22478.25;33
20250626 005000;22477.75;22480;22476.5;22479.5;37
20250626 005100;22480;22480;22477;22477.5;30
20250626 005200;22477.75;22478;22474.5;22476.25;82
20250626 005300;22476;22479.5;22475.75;22477;107
20250626 005400;22476.75;22478;22475.75;22477.5;44
20250626 005500;22477.75;22479;22476.25;22478.75;41
20250626 005600;22478.75;22479.5;22477;22477.25;61
20250626 005700;22477;22477.5;22475.75;22476.75;42
20250626 005800;22477;22480;22476.75;22480;39
20250626 005900;22480.25;22480.5;22476.25;22477;29
20250626 010000;22476.25;22477.25;22475.25;22475.5;53
20250626 010100;22476.5;22476.5;22475.5;22476;22
20250626 010200;22476;22477.75;22472.75;22473.5;122
20250626 010300;22473.75;22475.25;22470.5;22473.5;118
20250626 010400;22473.25;22474.75;22472.75;22473.5;31
20250626 010500;22474.5;22480;22474.5;22476.5;98
20250626 010600;22476.25;22477.75;22475.25;22476.25;49
20250626 010700;22475.5;22477.5;22475;22477.5;43
20250626 010800;22477;22477;22473.5;22475.5;69
20250626 010900;22474.75;22474.75;22472.25;22474;59
20250626 011000;22475;22475.75;22473.75;22475.5;36
20250626 011100;22476;22479;22475.25;22478.5;36
20250626 011200;22478.75;22478.75;22474;22474.5;66
20250626 011300;22475.25;22476.5;22471.25;22471.25;63
20250626 011400;22471.75;22474;22467;22472.75;155
20250626 011500;22472.25;22474.5;22471.75;22474.5;51
20250626 011600;22473.75;22475.5;22471.25;22474.75;77
20250626 011700;22475.25;22476.75;22474;22475.5;38
20250626 011800;22474.75;22475.75;22474;22475.75;19
20250626 011900;22476.25;22476.25;22472.75;22474.75;28
20250626 012000;22475;22475.5;22474;22474.5;27
20250626 012100;22474.25;22474.25;22470;22471;89
20250626 012200;22470.75;22471;22468.25;22470;62
20250626 012300;22470;22470.25;22467.5;22468;54
20250626 012400;22468.5;22469;22464.5;22468.25;84
20250626 012500;22468.5;22469.5;22468;22468.75;23
20250626 012600;22467.5;22468.25;22466;22468.25;40
20250626 012700;22468.25;22469;22466;22466;40
20250626 012800;22466;22468.5;22464.75;22468.25;53
20250626 012900;22467.25;22467.75;22467;22467;10
20250626 013000;22467.25;22468.25;22466.75;22468;25
20250626 013100;22466.75;22467;22464;22464.25;57
20250626 013200;22465;22467;22462.75;22463.5;61
20250626 013300;22463.5;22464.75;22463;22463.25;29
20250626 013400;22463;22464.75;22461;22464;59
20250626 013500;22464;22464.25;22462.75;22464;21
20250626 013600;22464.5;22465;22463.5;22464.75;17
20250626 013700;22464.75;22466.25;22463.75;22465.5;23
20250626 013800;22464.75;22467;22463.5;22466.25;57
20250626 013900;22466.75;22467;22464.75;22464.75;34
20250626 014000;22464.25;22465.75;22463.25;22465.75;15
20250626 014100;22466;22468;22465.75;22466;60
20250626 014200;22465.75;22467.5;22464;22465;60
20250626 014300;22464.75;22466.25;22463.75;22464;32
20250626 014400;22463.75;22465;22463.75;22465;13
20250626 014500;22464;22466;22463;22465.25;34
20250626 014600;22465.5;22465.75;22463.25;22464.5;30
20250626 014700;22464;22465.5;22463.75;22464.25;12
20250626 014800;22464.25;22466.25;22464.25;22466;17
20250626 014900;22466;22467.75;22465.5;22467;32
20250626 015000;22466.25;22466.25;22464;22465.75;22
20250626 015100;22466.5;22467;22464.25;22464.25;13
20250626 015200;22463.75;22466.25;22463.75;22466.25;24
20250626 015300;22466.25;22469.5;22466.25;22468.75;49
20250626 015400;22468;22468.25;22466.5;22468.25;24
20250626 015500;22467.75;22469.25;22467.75;22468.5;22
20250626 015600;22468.75;22471.25;22468.25;22470;61
20250626 015700;22470.75;22470.75;22464.75;22464.75;44
20250626 015800;22465.25;22467.25;22464.5;22466.75;23
20250626 015900;22466.75;22468.25;22466.75;22466.75;16
20250626 020000;22466.5;22468.25;22466.25;22468;13
20250626 020100;22468.25;22469.75;22467;22468.75;58
20250626 020200;22469.75;22471.75;22468.75;22470.5;37
20250626 020300;22471.25;22471.75;22470;22471.25;19
20250626 020400;22471;22472;22470.75;22471.25;31
20250626 020500;22471.75;22473.5;22470.25;22472.75;25
20250626 020600;22472;22472.75;22471.25;22471.25;33
20250626 020700;22470.75;22474.25;22470.75;22474.25;50
20250626 020800;22473.75;22474.25;22472.25;22473.25;24
20250626 020900;22473.75;22476.25;22473.25;22475.75;67
20250626 021000;22475.5;22479.25;22475.5;22478.75;73
20250626 021100;22478.25;22481.5;22478;22480.25;65
20250626 021200;22480.75;22483.5;22479.75;22481.5;95
20250626 021300;22482.25;22483.25;22481;22481;35
20250626 021400;22481.5;22485.5;22481;22483;76
20250626 021500;22483.75;22484.5;22482.25;22482.25;49
20250626 021600;22482.5;22484;22481.25;22481.25;42
20250626 021700;22480.75;22481.25;22473.25;22475.5;183
20250626 021800;22476.25;22477.75;22474.75;22476.5;56
20250626 021900;22476.5;22477;22475.5;22476.25;29
20250626 022000;22476;22477;22475.25;22477;16
20250626 022100;22477;22478.25;22475.25;22475.75;38
20250626 022200;22475.75;22477.25;22475.25;22477;23
20250626 022300;22477.75;22477.75;22474;22477.25;56
20250626 022400;22476.75;22477.5;22475.75;22476.25;23
20250626 022500;22475.5;22476.75;22475.5;22476.75;10
20250626 022600;22477;22478;22476;22478;18
20250626 022700;22478;22478;22476;22477.5;15
20250626 022800;22478;22478;22475.75;22477.25;18
20250626 022900;22476.75;22478.5;22476.25;22478.25;8
20250626 023000;22477.25;22477.5;22475.25;22476.25;29
20250626 023100;22477.5;22478;22476.75;22478;21
20250626 023200;22477.25;22478.75;22477;22477.5;26
20250626 023300;22476.5;22477;22474;22474.75;59
20250626 023400;22474.5;22477.25;22474.5;22476.75;27
20250626 023500;22476.25;22477;22476;22476.75;8
20250626 023600;22477.25;22479.25;22476.25;22478.75;27
20250626 023700;22478.75;22479.25;22478.25;22478.5;11
20250626 023800;22478.25;22478.25;22475.25;22476.5;46
20250626 023900;22477.5;22477.75;22476.5;22476.5;16
20250626 024000;22476.25;22476.5;22475;22476.25;21
20250626 024100;22476;22476;22473.25;22475.5;31
20250626 024200;22475.5;22476.25;22474.25;22475.75;13
20250626 024300;22474.5;22474.5;22469.5;22471;80
20250626 024400;22470.5;22471.75;22469.75;22471.5;36
20250626 024500;22471.25;22472;22470.75;22472;14
20250626 024600;22471.75;22475.75;22471.5;22475;25
20250626 024700;22474.75;22474.75;22471;22471;18
20250626 024800;22471.25;22473.25;22471.25;22471.5;15
20250626 024900;22471;22472.5;22471;22472;15
20250626 025000;22473.5;22473.5;22472.75;22473.25;3
20250626 025100;22473.5;22474.5;22472.25;22474.25;20
20250626 025200;22474.5;22476.75;22474.5;22475.75;48
20250626 025300;22475.75;22477.25;22474.75;22476.25;40
20250626 025400;22476.25;22477.75;22476;22477;30
20250626 025500;22477.5;22479.25;22477.25;22478.5;44
20250626 025600;22478.5;22479.75;22477.25;22479.25;22
20250626 025700;22479;22480;22478.75;22479;26
20250626 025800;22478.5;22479;22475.75;22477.25;36
20250626 025900;22476.75;22478;22476.5;22477.5;48
20250626 030000;22477.25;22477.75;22477;22477.25;13
20250626 030100;22478.25;22481.5;22478.25;22480.75;71
20250626 030200;22480.5;22482.5;22479;22479.25;36
20250626 030300;22479.5;22482.5;22479.5;22481.5;25
20250626 030400;22481;22482.75;22481;22482.25;24
20250626 030500;22482.25;22483.5;22482;22482.5;29
20250626 030600;22482.75;22484.25;22481.25;22482.75;69
20250626 030700;22482.75;22486;22482.5;22484.75;72
20250626 030800;22485;22485.75;22484.25;22484.25;22
20250626 030900;22484.75;22484.75;22480.75;22481.25;44
20250626 031000;22480.5;22480.5;22478.75;22479;32
20250626 031100;22479.75;22479.75;22478.5;22479;24
20250626 031200;22479.25;22481.25;22479.25;22481.25;25
20250626 031300;22481.75;22484.25;22481.75;22483.5;40
20250626 031400;22483.75;22484.75;22482.5;22484.25;23
20250626 031500;22484;22484.25;22482.75;22484;24
20250626 031600;22484.25;22485.25;22483.5;22483.5;25
20250626 031700;22483.5;22484.75;22482.75;22484.75;25
20250626 031800;22485.25;22485.5;22484.5;22485;16
20250626 031900;22485;22488.25;22484.5;22488;72
20250626 032000;22488.25;22496;22485.25;22487;256
20250626 032100;22487;22489.25;22486.5;22487.25;90
20250626 032200;22487.25;22487.5;22484.25;22485.75;108
20250626 032300;22485;22491;22485;22490.5;79
20250626 032400;22490;22495.25;22489.5;22495;79
20250626 032500;22494.5;22495.25;22492.5;22492.5;67
20250626 032600;22492.25;22496;22492.25;22493.5;76
20250626 032700;22493.25;22493.25;22492;22492;36
20250626 032800;22491.5;22494.75;22491.5;22493.25;30
20250626 032900;22493.5;22497;22493.5;22496;68
20250626 033000;22496.25;22496.5;22493.75;22495.25;57
20250626 033100;22494.75;22496;22494.5;22495.5;38
20250626 033200;22495.75;22497.5;22495.75;22496.25;47
20250626 033300;22496.25;22498;22495.75;22497.75;43
20250626 033400;22496.5;22497.75;22495.75;22496.25;49
20250626 033500;22496.25;22496.75;22496;22496.75;6
20250626 033600;22495.75;22500.5;22495.5;22499.25;191
20250626 033700;22499.25;22499.5;22495;22496;77
20250626 033800;22496;22499.25;22496;22499;31
20250626 033900;22499;22504;22498.5;22501.25;136
20250626 034000;22500.75;22501.25;22498.25;22501.25;49
20250626 034100;22501.25;22501.5;22499;22500.25;43
20250626 034200;22500;22501.25;22495.25;22496;84
20250626 034300;22495.5;22499.75;22495.25;22498.5;83
20250626 034400;22497.75;22498.5;22497.25;22498.5;34
20250626 034500;22498;22498.25;22497;22497.75;19
20250626 034600;22497;22498;22496;22497.25;28
20250626 034700;22497.75;22498;22496.25;22497;8
20250626 034800;22497;22497;22495;22495;27
20250626 034900;22494.5;22496.5;22492.75;22496.5;75
20250626 035000;22496.5;22496.5;22494;22494;32
20250626 035100;22494;22494.5;22492;22492.25;65
20250626 035200;22492.25;22496.5;22491.5;22495.5;50
20250626 035300;22495.25;22496.25;22494.5;22495.75;52
20250626 035400;22495.25;22495.5;22493.25;22493.75;42
20250626 035500;22493.5;22495.5;22493;22493.75;63
20250626 035600;22493.75;22496.5;22493.25;22496;54
20250626 035700;22496.25;22496.5;22495.5;22496;18
20250626 035800;22495.75;22496;22493.5;22494.75;41
20250626 035900;22494;22495;22493.5;22495;35
20250626 040000;22494.5;22496.5;22494;22494.75;32
20250626 040100;22495.25;22498;22494.5;22495;36
20250626 040200;22494.5;22495.75;22492.5;22493.25;50
20250626 040300;22494;22495.5;22494;22494.75;31
20250626 040400;22493.75;22493.75;22490.5;22490.5;57
20250626 040500;22490.25;22492.5;22489.75;22491.25;56
20250626 040600;22491.25;22492.5;22491.25;22492;7
20250626 040700;22492;22494.75;22490.25;22494.5;49
20250626 040800;22495;22495;22494.5;22494.5;9
20250626 040900;22494.5;22495.25;22492.75;22493.75;36
20250626 041000;22494.25;22496;22492.25;22496;28
20250626 041100;22496;22497.75;22495;22496;33
20250626 041200;22495.75;22496;22495.5;22495.5;16
20250626 041300;22495.25;22497.25;22494.5;22496;20
20250626 041400;22495.75;22496.25;22495;22496.25;13
20250626 041500;22495.5;22498;22495.5;22496.5;25
20250626 041600;22497;22498;22495.25;22497.75;31
20250626 041700;22496.75;22497.75;22496.25;22497;33
20250626 041800;22496.25;22496.5;22493.75;22494.75;40
20250626 041900;22494;22495.75;22493.75;22494.75;34
20250626 042000;22494;22494.25;22493;22493;21
20250626 042100;22493;22493.75;22492;22493.75;18
20250626 042200;22492.5;22493.5;22492.25;22492.5;20
20250626 042300;22492.5;22493.75;22489.5;22493.25;79
20250626 042400;22493.25;22494.25;22493;22493.5;19
20250626 042500;22493;22493;22491.5;22491.5;13
20250626 042600;22492;22492;22491;22492;14
20250626 042700;22492.5;22494.25;22491.5;22494.25;30
20250626 042800;22493.5;22495.5;22493.25;22495.25;28
20250626 042900;22495.75;22497.75;22494.75;22495;40
20250626 043000;22495;22496.25;22494.25;22496;21
20250626 043100;22495.75;22498;22495.75;22497.5;15
20250626 043200;22497.25;22499;22497;22497.25;52
20250626 043300;22497;22497;22495;22496;17
20250626 043400;22496.25;22496.5;22495.75;22496;11
20250626 043500;22496.5;22497;22496.5;22497;6
20250626 043600;22496.75;22496.75;22496;22496.5;16
20250626 043700;22496.5;22496.75;22495.25;22495.25;14
20250626 043800;22495.75;22496.75;22495.75;22496;13
20250626 043900;22496.5;22496.75;22496;22496;13
20250626 044000;22495.5;22496.25;22495.25;22496.25;12
20250626 044100;22496.75;22497.5;22496.75;22497;18
20250626 044200;22497.25;22500;22497.25;22499;91
20250626 044300;22499.5;22500;22498.5;22498.75;10
20250626 044400;22499;22503.75;22498;22502.75;108
20250626 044500;22502.5;22503.75;22501.25;22502.25;45
20250626 044600;22502;22503.25;22501.75;22503.25;29
20250626 044700;22502.75;22504.25;22502.5;22503;30
20250626 044800;22502.25;22502.25;22500.5;22501;21
20250626 044900;22500.5;22500.5;22497.75;22498.25;42
20250626 045000;22497.5;22499;22497;22498.75;23
20250626 045100;22498.5;22498.5;22498;22498.25;18
20250626 045200;22498.5;22500.25;22498.5;22500.25;22
20250626 045300;22500;22501.25;22499.25;22500.5;21
20250626 045400;22501;22502;22500.25;22500.25;14
20250626 045500;22500;22502;22500;22502;12
20250626 045600;22502.5;22503.25;22501.75;22502.5;40
20250626 045700;22502.5;22503.25;22501.75;22502.5;38
20250626 045800;22502.5;22508;22502;22503.5;189
20250626 045900;22503;22504;22501;22503.75;65
20250626 050000;22504.25;22505.5;22504;22505;39
20250626 050100;22504.5;22504.75;22501.75;22502;45
20250626 050200;22501.5;22502.75;22498.75;22498.75;67
20250626 050300;22498.75;22501;22498.75;22500.25;23
20250626 050400;22500;22502.25;22500;22502.25;16
20250626 050500;22502;22502;22499;22501;17
20250626 050600;22501;22501;22498.75;22500;60
20250626 050700;22499;22499.75;22499;22499;20
20250626 050800;22499;22499.25;22495;22497.25;82
20250626 050900;22498;22499.25;22498;22499.25;29
20250626 051000;22499;22500.25;22498;22498;27
20250626 051100;22497.75;22500;22497.25;22499.5;22
20250626 051200;22499.75;22501;22499.75;22500;13
20250626 051300;22500.25;22502.25;22500.25;22501.5;61
20250626 051400;22501.25;22502.25;22500.75;22500.75;20
20250626 051500;22500.75;22501.75;22498.25;22498.25;42
20250626 051600;22497.75;22498.75;22497.5;22498.75;38
20250626 051700;22499;22500.25;22498.25;22498.25;40
20250626 051800;22497.5;22497.75;22496.75;22497.75;27
20250626 051900;22497.75;22498;22497;22497;7
20250626 052000;22497;22497.25;22496.25;22496.25;19
20250626 052100;22496.75;22498.75;22494.5;22497;58
20250626 052200;22496.25;22496.75;22495.5;22496.5;37
20250626 052300;22496;22496;22495;22495;20
20250626 052400;22495.75;22496.75;22493.75;22495;30
20250626 052500;22494.75;22495.25;22494;22494.75;24
20250626 052600;22495;22495.75;22494.5;22494.5;19
20250626 052700;22494.25;22494.75;22493.75;22494.5;11
20250626 052800;22495.25;22497.25;22494.5;22497.25;25
20250626 052900;22497;22499.25;22496.25;22496.25;40
20250626 053000;22496.25;22497;22495.75;22496.75;27
20250626 053100;22496.75;22499.5;22496.25;22499;37
20250626 053200;22498.5;22499.25;22498;22499.25;39
20250626 053300;22499.75;22499.75;22498;22498.75;16
20250626 053400;22499;22500;22498;22498.75;62
20250626 053500;22499.25;22502;22499.25;22501.75;34
20250626 053600;22501.75;22503.25;22501.5;22502.5;66
20250626 053700;22503;22503.5;22501;22502;34
20250626 053800;22502.25;22502.25;22496.75;22498;71
20250626 053900;22498.5;22501.75;22498.5;22500.5;56
20250626 054000;22500.75;22500.75;22497;22497.5;61
20250626 054100;22496.25;22499.75;22495.5;22499.25;44
20250626 054200;22499;22499.25;22496.75;22497.25;29
20250626 054300;22497;22499;22497;22498.75;32
20250626 054400;22497.75;22498;22496.75;22497.5;12
20250626 054500;22496.75;22499.5;22496.25;22498.5;21
20250626 054600;22499;22500.75;22499;22500;21
20250626 054700;22500.5;22500.5;22499.5;22500;14
20250626 054800;22500;22502;22500;22502;15
20250626 054900;22502;22503.5;22501.5;22502.75;52
20250626 055000;22502.75;22502.75;22500;22501;25
20250626 055100;22501.5;22503;22501;22503;28
20250626 055200;22502.75;22505.25;22501.75;22504.25;77
20250626 055300;22504.5;22506.75;22503.75;22505.75;55
20250626 055400;22505.75;22506.25;22502.75;22503.5;49
20250626 055500;22503.75;22506.5;22501.75;22504;131
20250626 055600;22503.5;22508.75;22503.5;22507.25;89
20250626 055700;22507;22508.5;22506.75;22508.5;34
20250626 055800;22508;22509.25;22507.25;22507.75;40
20250626 055900;22508;22513;22507;22508;149
20250626 060000;22507.75;22511.25;22506.75;22511;47
20250626 060100;22511;22512.25;22508.75;22511;124
20250626 060200;22510.25;22514;22508.75;22513.5;108
20250626 060300;22513.75;22514.5;22511.5;22512;115
20250626 060400;22512;22514;22511;22513;64
20250626 060500;22512.75;22515.25;22512.25;22514.5;66
20250626 060600;22514.75;22518;22514.75;22516.5;175
20250626 060700;22516.5;22518.75;22516.25;22518.5;69
20250626 060800;22518.5;22519.5;22517.25;22519.5;110
20250626 060900;22519.75;22522;22517.5;22521.75;165
20250626 061000;22522;22523.5;22519.75;22519.75;237
20250626 061100;22520;22520;22515.5;22515.75;76
20250626 061200;22515.75;22517.25;22515;22517;39
20250626 061300;22516.5;22519.5;22515;22518.5;119
20250626 061400;22518.5;22518.5;22515.25;22516;49
20250626 061500;22515.5;22516.25;22514.25;22515.75;43
20250626 061600;22514.25;22515.75;22513.5;22514;91
20250626 061700;22514.25;22517.75;22511.75;22512.5;93
20250626 061800;22513;22516;22512;22515.75;81
20250626 061900;22515;22515.25;22513.75;22514;21
20250626 062000;22514.25;22515;22513.5;22515;29
20250626 062100;22515.25;22517.25;22514.75;22516.75;30
20250626 062200;22516.25;22516.5;22513.75;22516.25;52
20250626 062300;22516.75;22517.25;22514.5;22514.75;51
20250626 062400;22515.25;22515.25;22514.25;22514.75;21
20250626 062500;22514;22517;22512.75;22517;50
20250626 062600;22515;22520.5;22515;22519.75;56
20250626 062700;22519.25;22520.75;22517;22517.25;60
20250626 062800;22517.25;22524;22517;22520.75;133
20250626 062900;22520.75;22523;22519.5;22519.5;82
20250626 063000;22519.5;22522.75;22519.5;22520.25;40
20250626 063100;22519.75;22520.5;22516.5;22517.5;80
20250626 063200;22517.75;22519.75;22514.25;22517.5;68
20250626 063300;22516.75;22518.75;22515.5;22518.25;57
20250626 063400;22517.25;22517.25;22514.5;22515.25;49
20250626 063500;22516;22517.75;22514;22517;37
20250626 063600;22516.5;22517;22515;22515.5;22
20250626 063700;22514.75;22518.5;22514;22518.5;50
20250626 063800;22518;22518.5;22516.75;22518;19
20250626 063900;22517.25;22520;22517;22517;42
20250626 064000;22517;22518.5;22516.5;22516.75;23
20250626 064100;22516;22518.5;22515.75;22518;36
20250626 064200;22517.75;22518.5;22517.5;22517.5;20
20250626 064300;22517.5;22521;22517.5;22520.5;38
20250626 064400;22520.25;22523.75;22520.25;22522.75;83
20250626 064500;22522.25;22523;22521.25;22522.25;37
20250626 064600;22522.5;22533;22522;22529.25;345
20250626 064700;22529;22532;22528.25;22530.75;81
20250626 064800;22530;22533.25;22529.75;22532.5;79
20250626 064900;22532.5;22535.75;22531;22534.5;170
20250626 065000;22534.25;22535.75;22533.25;22534.25;55
20250626 065100;22534.5;22536.5;22533.5;22535.75;59
20250626 065200;22534.75;22536;22533.5;22533.5;46
20250626 065300;22534.5;22536;22532;22533.75;107
20250626 065400;22534.25;22545;22534.25;22538.75;413
20250626 065500;22538.5;22539.75;22534.25;22534.5;101
20250626 065600;22535;22537.5;22533.25;22536.5;98
20250626 065700;22536.5;22537.5;22533;22533;62
20250626 065800;22532.75;22537.75;22531.75;22536;101
20250626 065900;22536.5;22538;22536;22536.75;42
20250626 070000;22537.25;22538.25;22532.5;22532.75;106
20250626 070100;22533;22537.75;22531.5;22533.75;181
20250626 070200;22533.5;22537.25;22531;22536;112
20250626 070300;22536.5;22537;22534.5;22534.75;47
20250626 070400;22535.25;22535.75;22529;22529.5;102
20250626 070500;22530.5;22532.25;22528.5;22530.5;95
20250626 070600;22531;22532;22527.5;22531;106
20250626 070700;22530.75;22531.5;22528.25;22531.5;90
20250626 070800;22532;22535;22530.75;22532.75;98
20250626 070900;22532.25;22533;22529.5;22531.5;55
20250626 071000;22532;22532;22527.5;22529.25;61
20250626 071100;22529.5;22533.25;22529.5;22533;59
20250626 071200;22532.75;22533.25;22531;22531.75;65
20250626 071300;22531.75;22533.5;22530.5;22533.5;74
20250626 071400;22533.75;22536.75;22533;22534;86
20250626 071500;22534.5;22535.25;22532;22532.25;31
20250626 071600;22532.75;22535;22531;22534.25;77
20250626 071700;22534.25;22539.25;22533.75;22538.75;88
20250626 071800;22538;22559.5;22537.75;22548.5;831
20250626 071900;22549;22553.25;22543.25;22543.25;248
20250626 072000;22543;22544.25;22538;22539;208
20250626 072100;22538.5;22539;22530.5;22532.75;269
20250626 072200;22532.75;22533;22527.5;22528.25;152
20250626 072300;22529;22532;22528.25;22530.25;84
20250626 072400;22530.75;22535.75;22530.75;22535.25;110
20250626 072500;22535;22535;22532.25;22534.25;104
20250626 072600;22534;22535.25;22531;22531.25;62
20250626 072700;22530.75;22531.5;22527.75;22528;94
20250626 072800;22528;22530.25;22525.25;22529.5;103
20250626 072900;22528.5;22529.5;22525.5;22526.5;64
20250626 073000;22527;22527;22523.5;22527;104
20250626 073100;22527;22532.5;22526.75;22532.25;88
20250626 073200;22532.75;22533.25;22526.5;22526.5;99
20250626 073300;22527.5;22528.25;22524.75;22527.5;82
20250626 073400;22527.25;22529;22525.75;22529;48
20250626 073500;22527.25;22528;22526;22526;42
20250626 073600;22526;22530.5;22525;22529;84
20250626 073700;22530.5;22531;22528;22529.5;82
20250626 073800;22529;22531.25;22526.75;22531.25;55
20250626 073900;22531.25;22534;22530;22533.25;114
20250626 074000;22532.75;22537;22532.25;22532.25;118
20250626 074100;22532;22534.25;22530.5;22531;89
20250626 074200;22530.5;22532;22529.75;22531.25;53
20250626 074300;22532;22533.75;22531;22531.75;48
20250626 074400;22531.25;22534;22529.25;22531.75;62
20250626 074500;22532.5;22535.5;22532.25;22534;94
20250626 074600;22533.5;22535;22531.25;22534.75;46
20250626 074700;22534.75;22535.75;22534.25;22535.25;45
20250626 074800;22535.25;22535.75;22533;22535.25;41
20250626 074900;22534.5;22536.25;22533.5;22535.75;32
20250626 075000;22535.5;22537.25;22535.5;22536;50
20250626 075100;22536;22537.25;22534;22534.75;63
20250626 075200;22534.5;22536.75;22533;22536.5;43
20250626 075300;22537.5;22541.25;22537;22539.25;110
20250626 075400;22539;22539;22533.5;22534.75;80
20250626 075500;22534.5;22535.75;22533.25;22534.5;39
20250626 075600;22534.75;22535.5;22531.75;22531.75;78
20250626 075700;22532;22534.25;22531.5;22532.75;68
20250626 075800;22532.25;22534.25;22531.25;22534;61
20250626 075900;22534;22536;22532.25;22534.5;59
20250626 080000;22535;22535;22530.75;22532.5;49
20250626 080100;22532.25;22533.25;22526;22530.75;264
20250626 080200;22530.5;22532.75;22529;22530.75;127
20250626 080300;22531;22536;22530.75;22534.5;142
20250626 080400;22535;22535.75;22529.25;22530.75;125
20250626 080500;22531.25;22539.25;22531;22537.75;125
20250626 080600;22538.75;22542.75;22538.75;22542.25;141
20250626 080700;22541.75;22551;22541;22543;296
20250626 080800;22543.5;22544.75;22538.5;22541.25;131
20250626 080900;22541.5;22542;22538;22541.5;57
20250626 081000;22541.5;22544.25;22540.5;22542.5;49
20250626 081100;22541.25;22550;22541.25;22547.5;153
20250626 081200;22547.75;22550;22544.75;22550;89
20250626 081300;22549.5;22554.25;22549.25;22553.75;135
20250626 081400;22553;22554.5;22550;22550.75;103
20250626 081500;22550.75;22552.25;22548.5;22552;66
20250626 081600;22551.75;22552.75;22550;22550.25;114
20250626 081700;22550.5;22562;22549.75;22557;306
20250626 081800;22557;22557.25;22553.75;22554.25;120
20250626 081900;22553.75;22555.25;22553;22555;63
20250626 082000;22555.5;22558.75;22555;22558.25;66
20250626 082100;22558;22560;22556.5;22557.5;112
20250626 082200;22557.75;22564;22557.25;22563.5;216
20250626 082300;22563.75;22567;22562.5;22565.25;204
20250626 082400;22565.75;22566.75;22561.5;22564.75;111
20250626 082500;22565;22566.75;22564.75;22566.75;114
20250626 082600;22566.75;22576.75;22565.75;22576.5;363
20250626 082700;22576.25;22576.25;22569.25;22569.75;190
20250626 082800;22570;22572.25;22569;22569.75;178
20250626 082900;22570;22574.5;22570;22572.75;116
20250626 083000;22573;22574.5;22568;22568.75;113
20250626 083100;22568.75;22570.25;22565;22566;153
20250626 083200;22566.75;22566.75;22562.25;22562.5;91
20250626 083300;22563;22564;22562.5;22563.75;53
20250626 083400;22564;22566.25;22564;22566;54
20250626 083500;22566.75;22567.25;22565.5;22567.25;85
20250626 083600;22567;22575;22565.25;22572.75;235
20250626 083700;22572.25;22574.75;22571;22572.5;130
20250626 083800;22573.25;22576.25;22572.75;22574;98
20250626 083900;22574.25;22576.75;22567.25;22567.25;116
20250626 084000;22567.75;22568.5;22563.25;22563.75;113
20250626 084100;22563.75;22567.75;22563.5;22563.75;82
20250626 084200;22564.5;22565.25;22563;22563.75;65
20250626 084300;22563.75;22565.5;22562.75;22564;47
20250626 084400;22563.75;22563.75;22561.5;22561.75;55
20250626 084500;22561.75;22564.25;22561.25;22563.5;52
20250626 084600;22563;22567.25;22562.5;22565.25;113
20250626 084700;22564;22564;22561.25;22562.75;67
20250626 084800;22562.25;22564;22560.75;22560.75;46
20250626 084900;22561.25;22563.5;22560.75;22562.75;38
20250626 085000;22562.25;22564.75;22562.25;22564.25;46
20250626 085100;22564.5;22564.5;22561.75;22562;45
20250626 085200;22562.5;22567.25;22562.5;22562.75;69
20250626 085300;22562.5;22563.25;22561.25;22561.5;39
20250626 085400;22562;22562.75;22559.75;22561.25;53
20250626 085500;22561.5;22563.5;22560.5;22561.75;67
20250626 085600;22561.75;22562.75;22561;22562.25;36
20250626 085700;22561.5;22561.75;22559.25;22560.75;55
20250626 085800;22561;22562;22561;22561.5;29
20250626 085900;22561.75;22561.75;22560.25;22561.25;21
20250626 090000;22561.25;22562.75;22560.5;22562;29
20250626 090100;22562;22562.75;22560.25;22561.5;57
20250626 090200;22561.75;22564.5;22561.25;22563.75;59
20250626 090300;22563.5;22565.5;22562;22563.5;56
20250626 090400;22564;22565.5;22562.25;22565;51
20250626 090500;22565.5;22566.75;22564;22566;46
20250626 090600;22565.75;22565.75;22563.75;22564.75;45
20250626 090700;22564.5;22566.25;22562;22562.5;57
20250626 090800;22563.25;22564.25;22563;22564.25;23
20250626 090900;22564.5;22564.5;22560;22563;103
20250626 091000;22563;22564.25;22562.25;22562.25;62
20250626 091100;22561.5;22562.75;22560.25;22561.25;49
20250626 091200;22561;22561.5;22557.75;22559.25;64
20250626 091300;22559.25;22559.25;22555.75;22556.5;166
20250626 091400;22556.25;22556.5;22554.5;22555.75;81
20250626 091500;22555.25;22558.5;22553.75;22557;106
20250626 091600;22556.5;22560.75;22556.25;22560.25;79
20250626 091700;22560.75;22567.25;22560;22563.75;105
20250626 091800;22563;22564.5;22562.25;22562.5;45
20250626 091900;22562.25;22562.5;22556.5;22559;107
20250626 092000;22558.25;22558.5;22557.25;22557.75;19
20250626 092100;22558;22561.25;22558;22559;35
20250626 092200;22559.75;22560.25;22558;22558;37
20250626 092300;22558;22560;22557.5;22559.5;22
20250626 092400;22559.5;22561.5;22558.75;22558.75;46
20250626 092500;22559.25;22559.5;22554;22555;357
20250626 092600;22554.75;22556.75;22553.25;22554.5;195
20250626 092700;22555.5;22559;22555.25;22557.75;102
20250626 092800;22557.75;22557.75;22552.25;22552.25;143
20250626 092900;22553.25;22554.25;22552;22552.5;49
20250626 093000;22552.5;22555.5;22550;22555.25;168
20250626 093100;22555.25;22555.75;22551.25;22554.75;144
20250626 093200;22554.25;22554.75;22543.75;22546.5;329
20250626 093300;22546.5;22552.25;22546.5;22552.25;88
20250626 093400;22552.25;22553.5;22551;22551.5;56
20250626 093500;22551.25;22552.5;22550.25;22552.25;49
20250626 093600;22553;22555;22552.5;22554.5;50
20250626 093700;22554;22555.5;22552.5;22552.5;25
20250626 093800;22552.5;22553.25;22550.75;22551.75;56
20250626 093900;22552.25;22555.5;22549.25;22555;66
20250626 094000;22555;22555;22550.5;22550.5;37
20250626 094100;22550;22550.75;22547.25;22550;57
20250626 094200;22549.5;22551.75;22548.75;22549.25;25
20250626 094300;22549.75;22550.25;22545;22547;71
20250626 094400;22547.25;22548.5;22545.5;22547;56
20250626 094500;22547.5;22549.5;22546.75;22547.25;105
20250626 094600;22548;22548.5;22546.25;22547;44
20250626 094700;22547;22548;22545.75;22546.75;48
20250626 094800;22547.25;22550.75;22547.25;22549.5;42
20250626 094900;22549.75;22551.5;22549;22551;31
20250626 095000;22550.75;22553.25;22550.5;22550.75;26
20250626 095100;22551.5;22551.5;22549.5;22551.5;27
20250626 095200;22551;22553.75;22550.5;22551;43
20250626 095300;22551.5;22553.5;22551.5;22553;18
20250626 095400;22552.75;22553.75;22552;22552.5;49
20250626 095500;22552.25;22553.75;22552.25;22553;90
20250626 095600;22553;22554.5;22552.5;22553;45
20250626 095700;22553;22553.5;22550.75;22551.25;56
20250626 095800;22551.75;22552.5;22549.25;22549.25;88
20250626 095900;22550;22553;22549;22552.25;96
20250626 100000;22552.5;22552.75;22550;22550.5;25
20250626 100100;22550.75;22553.5;22550.5;22551.25;80
20250626 100200;22551.75;22553;22550.75;22551.25;40
20250626 100300;22551.75;22553;22544.5;22547.25;214
20250626 100400;22547.75;22550.5;22541.5;22543.75;308
20250626 100500;22544;22546.25;22541.75;22546.25;75
20250626 100600;22547;22555;22546;22554.25;117
20250626 100700;22555.5;22557.75;22554.25;22557.25;87
20250626 100800;22557.5;22559;22556.25;22557.5;95
20250626 100900;22557;22559.25;22556;22557.75;76
20250626 101000;22557.5;22559.25;22556.5;22556.5;46
20250626 101100;22556.5;22562.25;22556;22561.75;139
20250626 101200;22561.75;22563;22559.5;22561.5;135
20250626 101300;22562;22562;22558.75;22561.25;60
20250626 101400;22561;22561.5;22560.5;22561;21
20250626 101500;22561.5;22563;22561.5;22562.5;49
20250626 101600;22562.75;22566.5;22561.75;22565.75;137
20250626 101700;22566.25;22567.25;22562;22562.5;130
20250626 101800;22562.75;22564;22562;22564;48
20250626 101900;22564;22565.25;22562.25;22565.25;72
20250626 102000;22565.25;22570.25;22565;22569.75;113
20250626 102100;22570;22574.75;22569.25;22573.5;153
20250626 102200;22574;22575.75;22573.25;22574;122
20250626 102300;22574;22581.25;22574;22575.75;242
20250626 102400;22576.5;22577;22573.5;22573.5;145
20250626 102500;22574.25;22575.75;22573;22574.25;97
20250626 102600;22575;22578.25;22575;22578;64
20250626 102700;22577.75;22578.5;22575;22575.25;63
20250626 102800;22576;22576;22574.5;22574.5;35
20250626 102900;22575.25;22575.5;22571.75;22572.5;115
20250626 103000;22572.25;22572.75;22571;22572;67
20250626 103100;22572;22575;22572;22572.5;53
20250626 103200;22573.25;22576.25;22573.25;22575.25;59
20250626 103300;22575;22575.75;22572.5;22573.5;43
20250626 103400;22573;22574.5;22572;22572.25;54
20250626 103500;22573;22573.75;22571;22571.75;49
20250626 103600;22572.25;22572.75;22571.25;22571.75;39
20250626 103700;22572.25;22572.5;22570.5;22572.5;41
20250626 103800;22573;22573.5;22570.25;22572;62
20250626 103900;22572.5;22572.75;22567.75;22569.5;150
20250626 104000;22569.25;22571.5;22568.75;22571.5;92
20250626 104100;22571;22573.5;22568.5;22571;135
20250626 104200;22570.5;22571.75;22568.25;22569;80
20250626 104300;22568.5;22569.25;22567.5;22567.5;43
20250626 104400;22568;22570;22566.5;22566.5;72
20250626 104500;22567;22567.5;22563.25;22565.25;133
20250626 104600;22564.5;22565.5;22563.5;22563.75;79
20250626 104700;22564.25;22564.75;22560.25;22563.5;151
20250626 104800;22563.5;22566;22563;22565.5;186
20250626 104900;22565.5;22566.5;22564.75;22565.25;38
20250626 105000;22565.75;22569.75;22565.75;22567.5;82
20250626 105100;22567.5;22570;22567;22569.25;84
20250626 105200;22569.25;22572.75;22569;22572;177
20250626 105300;22572;22572;22564;22566.25;108
20250626 105400;22565;22565.75;22560.75;22561.75;85
20250626 105500;22561.75;22563;22560.5;22561.5;72
20250626 105600;22561.75;22562.75;22559.5;22561.25;204
20250626 105700;22562;22562.25;22555.75;22557.25;179
20250626 105800;22557.5;22559.75;22556.5;22558.5;96
20250626 105900;22558;22559;22557;22557;39
20250626 110000;22557;22558.5;22556.25;22557.25;64
20250626 110100;22557.5;22559.25;22554.5;22558.25;161
20250626 110200;22558.75;22561;22555.75;22557.75;184
20250626 110300;22558.5;22559.75;22555.5;22557;63
20250626 110400;22557.25;22558.5;22555.25;22555.25;86
20250626 110500;22556.5;22557.75;22554.75;22557.5;111
20250626 110600;22557.75;22562.25;22557;22560.75;118
20250626 110700;22560.5;22561.75;22558;22561.75;53
20250626 110800;22561.5;22563.25;22560.75;22561.25;72
20250626 110900;22561.75;22567.5;22561;22566;173
20250626 111000;22566.75;22570;22566;22570;120
20250626 111100;22569.25;22570;22567.75;22569;81
20250626 111200;22569;22569;22563.75;22567;93
20250626 111300;22566.25;22570.75;22565.25;22569.5;65
20250626 111400;22569.5;22572.5;22569.5;22572.25;100
20250626 111500;22571.75;22572.5;22568;22569;78
20250626 111600;22569.25;22569.25;22565.75;22567;59
20250626 111700;22567.25;22570;22562;22563;196
20250626 111800;22563.5;22564.25;22560.5;22563;70
20250626 111900;22563.25;22571.5;22563.25;22571;124
20250626 112000;22571;22573.5;22571;22571.25;117
20250626 112100;22570.75;22572.25;22570.25;22570.5;34
20250626 112200;22571;22572.5;22569.25;22569.25;87
20250626 112300;22568.75;22569.5;22567.25;22567.5;62
20250626 112400;22567.25;22569;22565.5;22567;81
20250626 112500;22566.25;22567.25;22563.5;22563.5;104
20250626 112600;22564;22564.5;22558;22560;205
20250626 112700;22560;22562;22559.75;22561.25;83
20250626 112800;22561.75;22564;22559.25;22563.75;76
20250626 112900;22563.5;22564.25;22559.5;22562.25;54
20250626 113000;22562.5;22566;22561;22565.75;79
20250626 113100;22565.75;22568;22564;22565.75;101
20250626 113200;22564.75;22565.5;22562;22564.75;66
20250626 113300;22565;22565.5;22563;22564;59
20250626 113400;22563.75;22566.25;22562.25;22566;83
20250626 113500;22566;22567.75;22565.5;22566.75;89
20250626 113600;22567.25;22572;22566.75;22569.75;174
20250626 113700;22570.25;22570.5;22567.75;22568.25;43
20250626 113800;22569;22569.25;22566.75;22566.75;41
20250626 113900;22566.5;22566.5;22560.5;22561.25;87
20250626 114000;22562.25;22563.25;22560.25;22562.5;62
20250626 114100;22563;22563.25;22560.5;22560.5;30
20250626 114200;22560.25;22561.75;22557;22559;128
20250626 114300;22558.75;22559.25;22556.75;22557.5;45
20250626 114400;22558;22561.25;22558;22560.25;109
20250626 114500;22560;22560.25;22557.5;22558;68
20250626 114600;22558.5;22558.5;22556.25;22557;67
20250626 114700;22557.5;22561;22557;22560.5;84
20250626 114800;22560.75;22564.25;22560.75;22564;165
20250626 114900;22564;22565.5;22562.25;22563.25;83
20250626 115000;22563;22564.75;22561.5;22563.5;109
20250626 115100;22563;22565.75;22563;22564.25;54
20250626 115200;22564.25;22566.5;22563;22565.5;160
20250626 115300;22566;22568;22564.75;22567.25;108
20250626 115400;22568;22575;22567.75;22573;258
20250626 115500;22572.75;22572.75;22570;22572.75;81
20250626 115600;22572.25;22576.75;22571.75;22575.75;112
20250626 115700;22575.25;22576.75;22573;22573.25;233
20250626 115800;22573.25;22576.25;22572.75;22575.25;58
20250626 115900;22575.25;22577.25;22575;22576.75;52
20250626 120000;22576.75;22577;22575.25;22577;29
20250626 120100;22577.25;22579.25;22574.75;22575.5;183
20250626 120200;22575.25;22577.5;22574.25;22576;99
20250626 120300;22576.25;22580.5;22575.75;22579;233
20250626 120400;22578.75;22579.75;22577.25;22579.75;101
20250626 120500;22579.5;22580.25;22578.75;22579.25;72
20250626 120600;22579.5;22584.75;22578.75;22582.5;297
20250626 120700;22582.75;22585;22576.25;22578;235
20250626 120800;22578;22578.75;22575;22575.5;110
20250626 120900;22575.25;22577;22573.5;22574.5;98
20250626 121000;22574.5;22575.75;22572.75;22573.25;136
20250626 121100;22573.5;22576;22571.75;22575.25;180
20250626 121200;22576.75;22579.25;22574.5;22574.5;142
20250626 121300;22575;22576.75;22575;22576;65
20250626 121400;22575.75;22578.5;22574.75;22577.75;64
20250626 121500;22578;22578.25;22572.75;22573.5;97
20250626 121600;22573.25;22573.5;22569.5;22572.75;196
20250626 121700;22573.25;22573.75;22570.25;22573.5;79
20250626 121800;22573;22573.25;22572;22573.25;43
20250626 121900;22573.25;22574;22569.75;22570.25;117
20250626 122000;22570.25;22575.5;22570.25;22575;87
20250626 122100;22575;22575.25;22568.75;22569.25;126
20250626 122200;22569.25;22570;22567.5;22569;116
20250626 122300;22568.75;22570.5;22568.75;22569.25;190
20250626 122400;22569.25;22570;22567.75;22569.25;107
20250626 122500;22570;22572;22570;22571;65
20250626 122600;22571;22574.75;22570.5;22574;90
20250626 122700;22573.75;22573.75;22570.5;22570.75;65
20250626 122800;22571.25;22577.25;22571.25;22577;127
20250626 122900;22577.5;22577.75;22573.75;22575;135
20250626 123000;22573.5;22574.5;22571;22573.75;136
20250626 123100;22575;22580.25;22560;22565.25;385
20250626 123200;22565.5;22565.5;22552.25;22554.25;499
20250626 123300;22553.5;22559.75;22552.25;22558.25;303
20250626 123400;22558;22560;22537.75;22538.75;803
20250626 123500;22538.5;22538.75;22520;22535;1299
20250626 123600;22535.5;22545.75;22533.75;22538.25;517
20250626 123700;22538.25;22546.25;22534;22543;422
20250626 123800;22543.5;22546.5;22538.25;22542.5;251
20250626 123900;22542.25;22545.25;22537;22542.25;286
20250626 124000;22542.5;22547.25;22541.25;22545.75;238
20250626 124100;22544.75;22548.75;22540.25;22542.75;262
20250626 124200;22543;22550.5;22542.75;22546.5;177
20250626 124300;22547.5;22550.5;22545.75;22549.75;185
20250626 124400;22550;22554.75;22548.75;22553.5;224
20250626 124500;22553.5;22555.25;22549.25;22554.75;141
20250626 124600;22555;22564;22554.75;22559.5;454
20250626 124700;22559;22559.5;22550.75;22553;413
20250626 124800;22553;22555;22550.25;22553.5;136
20250626 124900;22552.75;22555.5;22550;22550.5;163
20250626 125000;22550.25;22555.75;22549;22551;258
20250626 125100;22551.25;22554.25;22544.5;22552.75;297
20250626 125200;22552.5;22554.5;22548.75;22552;196
20250626 125300;22552.5;22553.5;22548.75;22550;170
20250626 125400;22549.5;22549.75;22542.25;22544.75;195
20250626 125500;22543.5;22546.25;22537.5;22544.5;418
20250626 125600;22545.25;22549.75;22545.25;22546.75;156
20250626 125700;22547.25;22547.75;22543.75;22544.25;124
20250626 125800;22544.5;22549.25;22543.5;22548;74
20250626 125900;22548.25;22552.5;22548.25;22551.75;193
20250626 130000;22551;22557;22550.25;22554.25;233
20250626 130100;22554.5;22555.5;22545.25;22547.25;333
20250626 130200;22546.75;22547.25;22538;22539;231
20250626 130300;22539;22540.75;22534.5;22535.75;243
20250626 130400;22535;22538.75;22529.75;22533.5;257
20250626 130500;22533;22534.75;22530.5;22532.5;197
20250626 130600;22531.75;22539.25;22530.5;22537.75;315
20250626 130700;22537.75;22540.75;22533.75;22536.5;207
20250626 130800;22536.25;22538;22533.75;22535.5;112
20250626 130900;22535;22535;22529.75;22532;267
20250626 131000;22532;22537.5;22531.5;22536.75;217
20250626 131100;22536.25;22538;22532.75;22537.75;148
20250626 131200;22538;22539;22534.5;22537;121
20250626 131300;22535.75;22538.5;22532.5;22533;162
20250626 131400;22532;22537;22530.25;22535.75;105
20250626 131500;22535.5;22538;22533.25;22534.75;119
20250626 131600;22534.75;22538.25;22533;22533.5;200
20250626 131700;22532.75;22534.75;22530.25;22531.75;110
20250626 131800;22531.25;22552.5;22529;22542;1186
20250626 131900;22542;22545.25;22541.5;22541.5;203
20250626 132000;22541.5;22544.5;22539.75;22543.5;154
20250626 132100;22544.75;22552.5;22544.5;22552.5;222
20250626 132200;22552;22554.5;22548;22549;272
20250626 132300;22549.75;22555.75;22549;22553.5;174
20250626 132400;22554;22555;22551.25;22552;305
20250626 132500;22552;22552.25;22548.25;22548.25;330
20250626 132600;22548.5;22557.25;22548.5;22551.25;424
20250626 132700;22550.5;22554;22548.75;22553;184
20250626 132800;22552.75;22555.25;22549.5;22552;449
20250626 132900;22552;22565.25;22545.5;22556.25;1344
20250626 133000;22555.75;22555.75;22549.75;22552.25;594
20250626 133100;22552.25;22566.5;22542.25;22556.25;3096
20250626 133200;22556;22563;22538.75;22557.25;3387
20250626 133300;22557.5;22561.25;22534;22538.5;2204
20250626 133400;22537.75;22544.25;22514;22540.25;2975
20250626 133500;22540.75;22544.5;22531.5;22535;1418
20250626 133600;22534.75;22545.75;22531.25;22538.5;1548
20250626 133700;22539;22539;22516.5;22518;1665
20250626 133800;22517.75;22521.25;22501;22503.75;2431
20250626 133900;22504.25;22524.5;22498.25;22513.75;2997
20250626 134000;22514.25;22516.75;22500.75;22515.25;1278
20250626 134100;22515.5;22528;22512.75;22521.25;1562
20250626 134200;22521.25;22532;22507;22507.5;1597
20250626 134300;22507.5;22514.75;22503;22504.5;1109
20250626 134400;22503.5;22518.5;22495;22514.5;1995
20250626 134500;22514;22524.75;22511;22524.25;1153
20250626 134600;22524.75;22533.75;22498;22503.75;2793
20250626 134700;22504.25;22516;22496.75;22511;1744
20250626 134800;22511.75;22515;22498.5;22499.25;1118
20250626 134900;22499;22505.75;22489.25;22503;1748
20250626 135000;22502.5;22503.25;22492.75;22498;943
20250626 135100;22498.25;22500.5;22483.25;22488;2103
20250626 135200;22487.25;22492.25;22476;22479.75;1617
20250626 135300;22479.75;22496.25;22476.5;22493;1507
20250626 135400;22493.25;22504.5;22489.25;22503;1052
20250626 135500;22503;22517;22499.25;22510;2447
20250626 135600;22510;22518.5;22507.25;22511.75;2066
20250626 135700;22511.25;22520.5;22510.75;22520;807
20250626 135800;22519.75;22531;22519.5;22525.25;1423
20250626 135900;22526;22539.25;22525.5;22538;1246
20250626 140000;22538.5;22546.75;22537.5;22543.75;1476
20250626 140100;22543.75;22569;22543.5;22561;3247
20250626 140200;22561.25;22566.5;22549.5;22554.5;1845
20250626 140300;22554.25;22562.5;22550.25;22561.25;962
20250626 140400;22561.75;22565;22556.25;22557.75;1028
20250626 140500;22558;22568;22556.75;22564;848
20250626 140600;22563.75;22572.5;22551.5;22553.25;1550
20250626 140700;22553.25;22560.25;22541.75;22543.5;1290
20250626 140800;22543.5;22549.25;22537.25;22544.5;1431
20250626 140900;22544.5;22551.5;22543.5;22548;669
20250626 141000;22546.5;22549.5;22541;22546.25;671
20250626 141100;22546.75;22552.5;22545.5;22552.25;803
20250626 141200;22552.25;22556;22546.75;22552.5;813
20250626 141300;22551.25;22559.75;22547;22559.75;762
20250626 141400;22560;22566.25;22555;22561.75;932
20250626 141500;22562;22563.5;22550.75;22552.25;906
20250626 141600;22552.75;22557.5;22545;22555.25;915
20250626 141700;22555.5;22563.5;22555.5;22561.25;910
20250626 141800;22561.75;22566.5;22558;22562.5;716
20250626 141900;22562.25;22563;22554;22560;627
20250626 142000;22560;22560.25;22553;22555;495
20250626 142100;22555.25;22568.5;22553.75;22565;1088
20250626 142200;22565;22570.25;22564;22570.25;625
20250626 142300;22570.25;22575;22566;22567.75;1306
20250626 142400;22568;22569.25;22558;22567.5;970
20250626 142500;22567.5;22572;22563.75;22571.25;694
20250626 142600;22571.25;22573;22564;22567.5;908
20250626 142700;22567.5;22574.75;22565.75;22569.5;931
20250626 142800;22569.75;22572.25;22566.75;22570.25;548
20250626 142900;22570.5;22572.5;22565;22571.25;762
20250626 143000;22571.75;22572.5;22566.75;22569.25;642
20250626 143100;22569;22582.25;22566.5;22577.25;2161
20250626 143200;22577.5;22597.25;22573;22593.25;2880
20250626 143300;22593.5;22596.5;22588.5;22590.25;1207
20250626 143400;22590;22591.75;22577;22578.25;1227
20250626 143500;22578.25;22582.75;22578;22580.5;979
20250626 143600;22579.75;22580.75;22573.75;22579.75;1045
20250626 143700;22579.75;22582.5;22570;22572.5;1128
20250626 143800;22572.75;22580;22572.5;22574.75;738
20250626 143900;22574.75;22581.5;22574.5;22576;621
20250626 144000;22576.25;22579.25;22572;22576.25;605
20250626 144100;22576.75;22577.75;22570.75;22571.25;709
20250626 144200;22570.75;22573.75;22562.25;22569.25;1259
20250626 144300;22569.5;22575.25;22568;22571;690
20250626 144400;22570.75;22574.75;22563.25;22565;792
20250626 144500;22565.25;22569.25;22561.75;22562;801
20250626 144600;22562.25;22568.75;22556.5;22567;1403
20250626 144700;22567;22574.75;22561.75;22573.25;798
20250626 144800;22573;22574.75;22568;22573.25;581
20250626 144900;22573.25;22575.5;22570;22572.25;524
20250626 145000;22572.75;22579.75;22572;22577.75;602
20250626 145100;22577.75;22577.75;22572.25;22574;583
20250626 145200;22574.5;22578.5;22571.5;22572.5;514
20250626 145300;22572.75;22575.5;22568.75;22572.5;443
20250626 145400;22572.25;22576.75;22569.25;22576.75;340
20250626 145500;22576.75;22577.75;22571.25;22576;396
20250626 145600;22576.5;22577;22568;22572.75;562
20250626 145700;22573.5;22574.25;22568.75;22572;387
20250626 145800;22572;22576;22569.75;22573.25;395
20250626 145900;22572.75;22574.75;22569.75;22571.5;336
20250626 150000;22571.75;22573.25;22566.5;22571;593
20250626 150100;22570.25;22577.25;22568;22574.75;744
20250626 150200;22574.5;22580.75;22574.25;22578;587
20250626 150300;22578.25;22584.25;22578;22581.25;718
20250626 150400;22581;22583.75;22578.75;22582.25;456
20250626 150500;22582.25;22584.25;22580.5;22582.5;476
20250626 150600;22582.75;22585.75;22578;22579.75;750
20250626 150700;22580;22581.25;22575.25;22577.5;557
20250626 150800;22578;22584.75;22575.25;22581.5;546
20250626 150900;22581.25;22583.25;22578.5;22582.25;293
20250626 151000;22582.25;22586.5;22582;22584.5;474
20250626 151100;22584.75;22587.25;22582.75;22582.75;504
20250626 151200;22583.5;22585.25;22579.5;22583.75;673
20250626 151300;22583.5;22591.75;22582.75;22591;1187
20250626 151400;22591.25;22592.75;22587.75;22592.75;827
20250626 151500;22592.5;22595.75;22586.25;22587.5;996
20250626 151600;22587.5;22593;22586.75;22591.25;722
20250626 151700;22591.25;22608.5;22589.5;22601.25;2084
20250626 151800;22601.75;22603.5;22597.75;22602;672
20250626 151900;22602.25;22606.5;22602.25;22604.75;631
20250626 152000;22604.75;22606;22598.25;22600.5;794
20250626 152100;22600.75;22611.75;22600.5;22611;1231
20250626 152200;22611.25;22611.25;22606.5;22607;545
20250626 152300;22607.25;22608.75;22601.5;22602.75;753
20250626 152400;22602.75;22604.5;22599.5;22602.5;617
20250626 152500;22603;22604.5;22600.5;22604.25;403
20250626 152600;22604.25;22604.25;22596;22597.5;837
20250626 152700;22597;22602.5;22595.25;22596.5;736
20250626 152800;22597;22597.25;22582.5;22587;1697
20250626 152900;22586.25;22587.75;22575.75;22578.75;1242
20250626 153000;22578;22578;22563.25;22565.25;1702
20250626 153100;22564.75;22565.75;22550;22560.75;2000
20250626 153200;22560.5;22570.75;22555.75;22558;1467
20250626 153300;22557.5;22563.5;22554.25;22562.75;972
20250626 153400;22562.75;22575;22562.25;22574.25;1027
20250626 153500;22574;22582;22573.25;22580.5;1192
20250626 153600;22580.5;22587.5;22579.5;22587.5;1383
20250626 153700;22587.75;22593;22586.75;22591.25;1242
20250626 153800;22591;22598;22590.5;22595.5;830
20250626 153900;22595.75;22598.25;22586.25;22587.5;1006
20250626 154000;22587;22597.75;22586.5;22597.5;735
20250626 154100;22597.75;22600.75;22594.25;22597.25;668
20250626 154200;22597.5;22598.5;22594.75;22596;539
20250626 154300;22596.25;22605;22596.25;22601;864
20250626 154400;22601;22601.25;22596.5;22597;532
20250626 154500;22597.25;22597.75;22591;22594.25;691
20250626 154600;22594.25;22606;22593.75;22605;757
20250626 154700;22604.75;22607.5;22604;22607.25;572
20250626 154800;22607.25;22608.75;22606.25;22607.75;222
20250626 154900;22607.75;22608;22601.75;22604.5;534
20250626 155000;22604.75;22605.5;22595.5;22597;671
20250626 155100;22597.5;22601.5;22591;22599.75;983
20250626 155200;22599.75;22601.5;22596.5;22601.25;361
20250626 155300;22601.25;22602.5;22598;22599;372
20250626 155400;22599;22607.25;22599;22606.5;678
20250626 155500;22606.75;22618.75;22605;22611.75;1684
20250626 155600;22612.25;22615.25;22606;22607;1361
20250626 155700;22607;22608.75;22602.25;22605.25;701
20250626 155800;22605;22609.75;22601.75;22609.75;461
20250626 155900;22610;22614.75;22609.25;22611.75;938
20250626 160000;22611.25;22612.5;22608.25;22610;411
20250626 160100;22610;22621.75;22606.75;22616;1301
20250626 160200;22616.25;22628.25;22615.75;22625.5;1626
20250626 160300;22625;22627.75;22623.75;22627;659
20250626 160400;22627;22632.75;22626.5;22629.75;814
20250626 160500;22629.75;22632.25;22626.5;22629;881
20250626 160600;22629;22629.5;22624.25;22627.75;628
20250626 160700;22627.75;22627.75;22620.25;22624.25;720
20250626 160800;22624.5;22624.75;22619;22621.75;636
20250626 160900;22622;22625.75;22621.75;22625.5;423
20250626 161000;22625.5;22626.5;22619.5;22620.75;565
20250626 161100;22620.5;22625;22615.5;22620.5;812
20250626 161200;22620.5;22625.75;22618.5;22623;635
20250626 161300;22622.75;22625;22618.5;22619;451
20250626 161400;22619.25;22619.75;22618;22618;150
20250626 161500;22617;22621;22616.25;22619.5;312
20250626 161600;22620.25;22622.5;22616;22622;511
20250626 161700;22622.25;22624;22617.75;22617.75;351
20250626 161800;22617.75;22622.5;22615.25;22620.75;455
20250626 161900;22621.5;22621.5;22617;22619.75;301
20250626 162000;22620;22622.75;22618.5;22621.5;331
20250626 162100;22622;22625.5;22621.25;22623;376
20250626 162200;22623.5;22626.5;22623.25;22625;387
20250626 162300;22625;22629.5;22623.5;22624;540
20250626 162400;22624;22625.5;22621.5;22622.75;374
20250626 162500;22623;22624.25;22620;22620.25;436
20250626 162600;22620.25;22622;22618.25;22621.5;423
20250626 162700;22621.5;22624;22620.25;22622;402
20250626 162800;22622;22622;22616;22617;402
20250626 162900;22617;22618.25;22614.75;22615.75;668
20250626 163000;22615.75;22616.5;22611.75;22614.5;845
20250626 163100;22614.5;22620.5;22610.75;22618.5;851
20250626 163200;22618.25;22623.75;22617.5;22621.25;555
20250626 163300;22621.75;22622.5;22617;22617.5;380
20250626 163400;22617.5;22619.25;22615.5;22616.75;196
20250626 163500;22616.5;22618;22615.25;22616.5;200
20250626 163600;22616.75;22618.5;22612.75;22612.75;336
20250626 163700;22613.25;22614.5;22604.25;22605.25;830
20250626 163800;22605.5;22606.5;22600;22605.5;846
20250626 163900;22605.75;22610.5;22604.5;22609;527
20250626 164000;22609.5;22609.75;22603.5;22604.5;308
20250626 164100;22604.75;22607.75;22603;22603.75;390
20250626 164200;22603;22609.25;22601;22608.5;399
20250626 164300;22608;22608.25;22604.25;22608;269
20250626 164400;22608.5;22609;22601.5;22605.25;437
20250626 164500;22605.25;22606.5;22600;22600.75;285
20250626 164600;22601.25;22603.25;22596.75;22603;764
20250626 164700;22602.75;22608;22602;22604.75;433
20250626 164800;22604.5;22604.75;22599.25;22601.5;327
20250626 164900;22601.75;22607.25;22601.25;22606;421
20250626 165000;22605.75;22608.5;22602.75;22603;382
20250626 165100;22603;22611;22602;22609;606
20250626 165200;22609;22609.75;22605.75;22608.25;240
20250626 165300;22608.25;22612.25;22606.5;22607;493
20250626 165400;22607;22608;22604.75;22605.5;284
20250626 165500;22605.75;22605.75;22600;22602.5;526
20250626 165600;22602.5;22606;22600;22602;375
20250626 165700;22601.75;22603.75;22598.75;22602.75;360
20250626 165800;22603;22606;22600;22601.25;413
20250626 165900;22601.5;22605.25;22600.75;22602.25;293
20250626 170000;22602.75;22607.5;22601.25;22607.25;287
20250626 170100;22607.25;22607.25;22597.5;22598.25;781
20250626 170200;22598.5;22614.5;22598.25;22610.5;1032
20250626 170300;22610.75;22613.25;22606.25;22612.5;527
20250626 170400;22612.5;22615.75;22611.25;22613.5;571
20250626 170500;22613.25;22618.75;22611.75;22617.75;647
20250626 170600;22617.5;22622.5;22613.75;22616.5;848
20250626 170700;22616.25;22617.75;22615;22616;296
20250626 170800;22615.25;22617.5;22613.5;22616;239
20250626 170900;22616.25;22619.5;22616.25;22619.25;204
20250626 171000;22619;22621;22617.75;22620.25;226
20250626 171100;22620.5;22625;22620;22624.5;451
20250626 171200;22624;22629;22623.25;22626.25;902
20250626 171300;22626.5;22626.5;22622.25;22623;272
20250626 171400;22623.5;22627.5;22622;22627;381
20250626 171500;22627;22628.25;22624;22624.75;379
20250626 171600;22625;22627;22622.5;22627;400
20250626 171700;22627.25;22635.75;22626.25;22628.5;1188
20250626 171800;22629;22629.5;22625.25;22628.75;576
20250626 171900;22629;22632;22621;22626.5;731
20250626 172000;22626.5;22627;22622;22626.75;425
20250626 172100;22626.25;22629.5;22624.75;22629.25;365
20250626 172200;22629.25;22635.25;22629.25;22632.75;661
20250626 172300;22633;22636.25;22631.25;22631.5;490
20250626 172400;22631.75;22632.75;22629.25;22630;279
20250626 172500;22630.5;22630.75;22626;22630.25;443
20250626 172600;22630;22634.25;22629.75;22631.5;490
20250626 172700;22632.75;22636.25;22631.75;22634;397
20250626 172800;22633.5;22637.25;22632.25;22635.5;367
20250626 172900;22635.5;22639;22635;22635.75;524
20250626 173000;22636.25;22636.75;22633;22635;350
20250626 173100;22635.25;22640.25;22634.75;22639;830
20250626 173200;22639.25;22644;22638.5;22643;990
20250626 173300;22642.75;22644;22639.5;22640;502
20250626 173400;22639.75;22641.5;22638.5;22639.25;403
20250626 173500;22639.5;22640.75;22637.5;22639.25;426
20250626 173600;22639;22643;22638.25;22638.75;566
20250626 173700;22639.75;22646;22639;22644.25;575
20250626 173800;22644.5;22645.5;22642.25;22643.5;442
20250626 173900;22643.25;22643.5;22639;22639.75;554
20250626 174000;22640;22645.25;22638.25;22644.25;424
20250626 174100;22644;22648.75;22644;22647.5;650
20250626 174200;22647.75;22652;22643.5;22645;942
20250626 174300;22645;22646;22641.5;22641.75;407
20250626 174400;22642;22643.25;22640;22641.75;342
20250626 174500;22641.25;22645.5;22641.25;22644.75;482
20250626 174600;22645.25;22647;22642.5;22643.75;393
20250626 174700;22644;22646.75;22642.5;22642.75;365
20250626 174800;22642.75;22643;22639.75;22640.5;486
20250626 174900;22640.75;22641.75;22638.75;22640.5;415
20250626 175000;22640.5;22640.75;22636.75;22638.25;454
20250626 175100;22638.25;22642.75;22638;22641.75;508
20250626 175200;22642;22644;22639.75;22641;454
20250626 175300;22641.25;22643.5;22639.75;22640.5;371
20250626 175400;22640.5;22641;22637.25;22639.75;349
20250626 175500;22639.25;22639.75;22637.25;22638.25;260
20250626 175600;22638.75;22643.75;22636.25;22642.75;410
20250626 175700;22643;22643.5;22639.75;22642.5;301
20250626 175800;22643;22645.5;22640.75;22643.25;338
20250626 175900;22643;22647.5;22642.25;22642.5;526
20250626 180000;22642.25;22642.75;22638.75;22640;357
20250626 180100;22640.25;22641;22634.25;22635;808
20250626 180200;22635.5;22644.5;22635;22643.25;572
20250626 180300;22643.75;22644.25;22638.5;22641.25;332
20250626 180400;22641.25;22648.5;22640.75;22648.25;428
20250626 180500;22648.25;22648.5;22644.75;22645.75;381
20250626 180600;22645.75;22669;22644.25;22655;3173
20250626 180700;22655.25;22660.25;22650.75;22655;823
20250626 180800;22655.75;22658.5;22651.25;22657;531
20250626 180900;22657.75;22661.5;22657;22660.25;546
20250626 181000;22660.25;22663.75;22658.75;22662;638
20250626 181100;22662;22662.5;22657;22659.5;515
20250626 181200;22659.75;22664.75;22659;22664.5;365
20250626 181300;22664.5;22670.75;22663.5;22669.5;676
20250626 181400;22669.75;22673.25;22669.5;22673;922
20250626 181500;22673;22678;22672.25;22674.25;982
20250626 181600;22673.75;22679.25;22672.5;22678.5;1087
20250626 181700;22678.75;22685;22678.25;22681.25;1234
20250626 181800;22681.5;22681.5;22674.25;22678.25;806
20250626 181900;22678;22679.25;22670.5;22671.5;815
20250626 182000;22671.25;22676.75;22671.25;22674.75;485
20250626 182100;22675.25;22677.75;22673.5;22677.25;433
20250626 182200;22677.25;22681.5;22676.5;22679.5;507
20250626 182300;22679.25;22679.5;22676.5;22677.5;285
20250626 182400;22677.75;22687;22677.5;22685.25;888
20250626 182500;22684.75;22686.25;22680.25;22681.25;532
20250626 182600;22681;22682.75;22677.75;22677.75;457
20250626 182700;22677.75;22678.5;22674.5;22675.25;620
20250626 182800;22675.75;22680.25;22675.25;22676.5;303
20250626 182900;22676;22677;22672.5;22676.25;583
20250626 183000;22675.5;22676.25;22672.75;22673.25;253
20250626 183100;22673.5;22676.75;22673.5;22675.25;545
20250626 183200;22675;22680.5;22675;22678.75;568
20250626 183300;22678.5;22681;22676.5;22679.75;441
20250626 183400;22679.5;22683.75;22677.75;22680.5;505
20250626 183500;22680.5;22680.5;22677;22680.25;288
20250626 183600;22680.5;22681.75;22676.25;22677;390
20250626 183700;22677;22677.75;22671.75;22673.25;627
20250626 183800;22673.5;22676;22667.75;22668.25;695
20250626 183900;22668.25;22673;22667.25;22669.5;713
20250626 184000;22669.75;22670.75;22666.75;22668.5;362
20250626 184100;22668.5;22671.5;22666.75;22667;393
20250626 184200;22667.5;22668.75;22664.5;22666.25;434
20250626 184300;22666.75;22671;22665.5;22668.75;383
20250626 184400;22668.5;22671.5;22667.75;22670.25;358
20250626 184500;22670.5;22671;22665.5;22670.5;425
20250626 184600;22670.5;22676.25;22670.25;22676;662
20250626 184700;22676;22676.5;22671.5;22672.5;363
20250626 184800;22672.5;22675.25;22671.25;22672.25;313
20250626 184900;22672.25;22673.25;22663;22664.25;773
20250626 185000;22664;22665.25;22654.5;22661;1451
20250626 185100;22661.25;22663.5;22657.5;22659.5;756
20250626 185200;22659.25;22667.75;22658.75;22663.5;622
20250626 185300;22663.75;22664.5;22662;22662.5;272
20250626 185400;22662.75;22667.5;22662.75;22667.5;296
20250626 185500;22667;22667.5;22663.5;22664.25;336
20250626 185600;22664.25;22665.75;22658.75;22659;470
20250626 185700;22659.25;22661.75;22658;22658.25;330
20250626 185800;22658.5;22661.5;22657;22661;484
20250626 185900;22661;22668.75;22660.75;22665.25;542
20250626 190000;22665.5;22668.25;22664.25;22667;460
20250626 190100;22667;22672.5;22664.25;22670;710
20250626 190200;22669.5;22673;22668.75;22671.25;489
20250626 190300;22671.25;22674.25;22670.25;22672.75;394
20250626 190400;22672.75;22673;22668;22670.25;436
20250626 190500;22670.5;22672;22667.75;22669;314
20250626 190600;22669.5;22669.75;22664.75;22666.25;426
20250626 190700;22666.5;22666.75;22661.75;22665;586
20250626 190800;22665;22667.25;22661.5;22664.25;359
20250626 190900;22664;22665.75;22660.75;22663.75;464
20250626 191000;22664;22668.25;22663.5;22667.25;352
20250626 191100;22666.75;22670.75;22665.5;22667;520
20250626 191200;22666.25;22671.75;22665.5;22670;390
20250626 191300;22670.25;22670.5;22662.75;22665.25;576
20250626 191400;22665.25;22666.5;22662.5;22663.75;362
20250626 191500;22663.75;22664.25;22658.5;22660;502
20250626 191600;22660.25;22660.5;22652.5;22658.5;1049
20250626 191700;22658.25;22664.75;22657.75;22664.5;713
20250626 191800;22664;22665.25;22659.5;22663;445
20250626 191900;22663.25;22668.25;22661;22667;538
20250626 192000;22667;22669;22665.25;22669;499
20250626 192100;22668.75;22670.75;22667;22669.25;655
20250626 192200;22668.75;22668.75;22665.5;22665.5;406
20250626 192300;22665.75;22673;22665;22671.75;505
20250626 192400;22671.5;22676.25;22669.25;22669.75;911
20250626 192500;22669.75;22675.5;22669.75;22675.5;384
20250626 192600;22675.5;22679.75;22674.5;22677;801
20250626 192700;22676.75;22677.75;22672.25;22672.75;442
20250626 192800;22673;22676;22672;22672.5;388
20250626 192900;22672.75;22674.5;22671.75;22672.5;282
20250626 193000;22672.5;22673.75;22670;22671.25;417
20250626 193100;22671;22674.25;22666;22671.25;936
20250626 193200;22671.5;22674;22670.75;22674;375
20250626 193300;22673.5;22677;22672.25;22673;519
20250626 193400;22673;22674.5;22669;22669;525
20250626 193500;22669.25;22673.25;22667.75;22673.25;447
20250626 193600;22672.75;22674.25;22669.75;22669.75;335
20250626 193700;22670.25;22672.5;22667.25;22669.75;430
20250626 193800;22670;22670.5;22662.75;22664.25;602
20250626 193900;22664.5;22665.75;22661;22663.25;457
20250626 194000;22663;22665.25;22661.75;22661.75;376
20250626 194100;22661.75;22666.25;22659.75;22662;669
20250626 194200;22662;22662.25;22657.5;22659.75;638
20250626 194300;22659.5;22663;22656.25;22660.25;568
20250626 194400;22660.25;22660.5;22655.5;22657.5;672
20250626 194500;22657.25;22659.75;22655;22658.75;714
20250626 194600;22658.75;22661.75;22656.25;22660.25;547
20250626 194700;22660.5;22661.25;22657.75;22658.5;369
20250626 194800;22658.25;22666.5;22653.75;22665.25;1108
20250626 194900;22665;22670;22664.25;22666.75;982
20250626 195000;22666.75;22675.5;22664.5;22672.75;1062
20250626 195100;22673;22686.5;22660;22683.25;2338
20250626 195200;22683;22689.25;22677.5;22684.75;1706
20250626 195300;22685;22694;22681.5;22691;1513
20250626 195400;22691.25;22692.75;22687.5;22689.25;1197
20250626 195500;22689.25;22690.25;22675.25;22679.5;1984
20250626 195600;22679.75;22679.75;22663.5;22672.5;2244
20250626 195700;22672.5;22683.25;22670.25;22683.25;1440
20250626 195800;22682.75;22687.25;22680;22682;1918
20250626 195900;22682.25;22684.75;22677;22684;1881
20250626 200000;22684;22687.75;22657.5;22673;7889
20250626 200100;22673.5;22674.75;22646;22652;3336
20250626 200200;22652;22661;22649.25;22655.75;1177
20250626 200300;22655.75;22656.25;22648;22649.5;781
20250626 200400;22649.5;22650.75;22645;22646;620
20250626 200500;22646.25;22649.25;22641;22649.25;715
20250626 200600;22649.25;22656.5;22647;22652.75;795
20250626 200700;22652.25;22655;22649.5;22651.5;615
20250626 200800;22651.75;22657;22650.75;22655.5;308
20250626 200900;22655.25;22658.5;22653.75;22656;423
20250626 201000;22656.75;22661;22656;22656.5;386
20250626 201100;22656.5;22657;22654;22655;253
20250626 201200;22654.75;22656.25;22654;22655.25;127
20250626 201300;22655;22655;22651.75;22652.25;224
20250626 201400;22651.75;22654.25;22651.25;22652.5;211
20250626 201500;22652.75;22654.75;22651.75;22653;217
20250626 201600;22653;22655;22650.5;22650.5;451
20250626 201700;22650.25;22651.75;22647.75;22650.25;226
20250626 201800;22650.5;22656.25;22649.5;22656.25;161
20250626 201900;22656.25;22659.75;22656;22658.75;177
20250626 202000;22658.5;22662.25;22658;22662;106
20250626 202100;22662;22664.75;22661;22663.5;241
20250626 202200;22663.75;22665.25;22659.5;22660;192
20250626 202300;22660;22665;22659.25;22664.75;256
20250626 202400;22664.75;22672.5;22664.75;22670;275
20250626 202500;22669.75;22672.5;22668.75;22670.25;173
20250626 202600;22670.25;22670.5;22667.25;22669;140
20250626 202700;22669;22670.25;22668;22668.75;116
20250626 202800;22669;22669.75;22666.75;22667.25;130
20250626 202900;22667.75;22668.5;22665;22665.5;120
20250626 203000;22665.75;22667;22665;22666.5;86
20250626 203100;22666.5;22666.75;22664;22664;129
20250626 203200;22664;22667.75;22663.5;22667.25;114
20250626 203300;22666.75;22671.25;22666.25;22670.25;109
20250626 203400;22670.25;22674.25;22670.25;22673.5;136
20250626 203500;22673.5;22675;22672;22673.75;176
20250626 203600;22673.75;22675;22673.25;22674.75;90
20250626 203700;22674.5;22675.25;22673.25;22673.25;71
20250626 203800;22673;22674;22673;22673.25;51
20250626 203900;22673.5;22675;22672.75;22674.25;70
20250626 204000;22673.75;22676.5;22673.5;22676.5;71
20250626 204100;22676;22677;22674;22674.5;130
20250626 204200;22674.75;22676;22673;22673;106
20250626 204300;22673;22674.5;22672.75;22673.75;163
20250626 204400;22673.75;22675;22671;22674;173
20250626 204500;22674;22675.25;22673.5;22675;99
20250626 204600;22674.75;22677.25;22672.5;22676;162
20250626 204700;22676;22677.25;22675.5;22676;70
20250626 204800;22675.75;22676;22674.75;22675.25;58
20250626 204900;22674.75;22674.75;22673;22673.75;94
20250626 205000;22673.75;22675;22673.25;22673.25;67
20250626 205100;22672.75;22675.75;22672.75;22675;108
20250626 205200;22674.75;22674.75;22671.5;22674;86
20250626 205300;22674.5;22675.25;22673.75;22673.75;52
20250626 205400;22673.75;22676.25;22673.5;22676;33
20250626 205500;22675.75;22675.75;22671.25;22672;84
20250626 205600;22672.25;22673.5;22670.25;22670.75;179
20250626 205700;22670.75;22670.75;22667.5;22667.5;120
20250626 205800;22667.75;22671.75;22666.25;22671.75;107
20250626 205900;22671.25;22672.25;22669.75;22670.5;85
20250626 210000;22670.75;22673.25;22670;22672.5;139
20250626 220100;22676.25;22682.75;22672.5;22677.25;281
20250626 220200;22678;22680;22669.25;22670.5;167
20250626 220300;22671.5;22679;22671.5;22674.5;80
20250626 220400;22675.25;22693;22675.25;22691.25;233
20250626 220500;22690.75;22691.5;22680.75;22682.25;93
20250626 220600;22682.75;22685;22680.5;22684;79
20250626 220700;22683.75;22685.75;22683.75;22684.5;41
20250626 220800;22683.5;22685.25;22681;22685.25;44
20250626 220900;22685.75;22686.5;22683.25;22686;91
20250626 221000;22685.5;22698;22684.5;22694.25;250
20250626 221100;22694.75;22697.75;22693;22693;135
20250626 221200;22693;22694.25;22690.5;22690.5;102
20250626 221300;22690;22690.5;22685.25;22689;134
20250626 221400;22688;22688.75;22685.25;22688;52
20250626 221500;22687.5;22688.5;22681;22684.25;178
20250626 221600;22684.5;22688.25;22682;22684.25;90
20250626 221700;22684;22685.5;22682.75;22684.25;44
20250626 221800;22684.5;22685.5;22682.75;22683.25;31
20250626 221900;22683.5;22690.25;22682.5;22689.25;52
20250626 222000;22689;22693.25;22686.25;22690;111
20250626 222100;22690.75;22694.5;22690.75;22694.5;81
20250626 222200;22693.75;22694.5;22691.75;22693.25;39
20250626 222300;22693;22693;22688;22688.75;68
20250626 222400;22689;22690.5;22687.25;22688.75;53
20250626 222500;22689;22696.5;22689;22693.5;78
20250626 222600;22694.75;22697.75;22691.5;22697.75;89
20250626 222700;22696.25;22713.5;22696.25;22708.25;454
20250626 222800;22707.75;22709.25;22699.5;22703.25;240
20250626 222900;22702.5;22703;22700.25;22701.25;52
20250626 223000;22701.75;22702;22700.75;22701;19
20250626 223100;22700.75;22702.5;22699.75;22700.25;70
20250626 223200;22700;22701.5;22699.5;22699.75;49
20250626 223300;22699;22701.25;22697.75;22700.75;44
20250626 223400;22700;22700;22696;22696;71
20250626 223500;22696.5;22698;22695.75;22698;46
20250626 223600;22698.5;22699.5;22696.5;22698.5;38
20250626 223700;22698.75;22703.25;22698.75;22702.25;53
20250626 223800;22702.5;22703;22700.75;22701.5;52
20250626 223900;22701.5;22702;22697.25;22697.75;50
20250626 224000;22698;22698.75;22697.5;22698.75;22
20250626 224100;22699;22702.25;22698.5;22702.25;37
20250626 224200;22702.5;22704;22702.25;22703.75;28
20250626 224300;22703.25;22704;22702.25;22703.5;25
20250626 224400;22703;22703;22700.25;22700.25;36
20250626 224500;22700.75;22702;22694;22695.25;89
20250626 224600;22695.25;22698;22693.5;22697.5;62
20250626 224700;22697.75;22698;22697.25;22697.25;5
20250626 224800;22697.75;22698;22695;22697;37
20250626 224900;22697.25;22698.25;22696.75;22696.75;19
20250626 225000;22696.5;22696.5;22693.25;22696.25;40
20250626 225100;22697;22701.5;22696;22701.25;99
20250626 225200;22701;22701.5;22696;22698;72
20250626 225300;22698.75;22699.25;22697;22698.25;45
20250626 225400;22698.5;22699;22697.25;22697.25;24
20250626 225500;22697;22699;22695.75;22699;32
20250626 225600;22698.5;22699;22697.5;22697.75;25
20250626 225700;22697.5;22700;22697.5;22700;24
20250626 225800;22699.75;22699.75;22697;22697.5;32
20250626 225900;22697;22697.5;22693.75;22694.75;29
20250626 230000;22695;22696.5;22693.5;22695.5;53
20250626 230100;22695.5;22698;22694.25;22696.5;52
20250626 230200;22696.25;22699.75;22696.25;22698;31
20250626 230300;22698.25;22700.25;22698;22698.25;34
20250626 230400;22697.75;22698.5;22696;22696;33
20250626 230500;22696;22696;22689;22693.5;203
20250626 230600;22693.5;22693.5;22686.5;22688.25;152
20250626 230700;22688;22690.75;22686.75;22687.75;70
20250626 230800;22686.5;22687.5;22683;22686;119
20250626 230900;22685.5;22689;22683.5;22686.25;75
20250626 231000;22686.5;22687.75;22684.25;22685.5;65
20250626 231100;22685.25;22685.25;22678.75;22679.75;176
20250626 231200;22679.75;22682;22674.75;22677.75;146
20250626 231300;22678.75;22679;22676;22677;55
20250626 231400;22676.75;22678.25;22676.5;22678.25;38
20250626 231500;22678.5;22678.5;22676.25;22677.25;36
20250626 231600;22677.25;22677.25;22671.25;22671.25;86
20250626 231700;22672;22678.5;22672;22676.75;91
20250626 231800;22677;22679.5;22676.25;22678.75;57
20250626 231900;22678.75;22679;22677.25;22677.75;29
20250626 232000;22678.25;22678.75;22676.25;22677.5;46
20250626 232100;22677.25;22680.5;22677.25;22679.5;97
20250626 232200;22679.75;22680.5;22678.25;22680.5;40
20250626 232300;22680;22685.25;22679.25;22685.25;94
20250626 232400;22685.25;22688.75;22683.75;22687;113
20250626 232500;22685.75;22686.5;22684.25;22685;25
20250626 232600;22684.25;22684.25;22678.25;22679.5;70
20250626 232700;22679.25;22683.75;22679;22683.75;40
20250626 232800;22683.75;22683.75;22681.25;22682.75;25
20250626 232900;22682.5;22684.25;22681.75;22684.25;16
20250626 233000;22684.25;22688.5;22684.25;22687;80
20250626 233100;22685.5;22686.25;22684;22684.75;33
20250626 233200;22684;22684.25;22681.5;22681.5;28
20250626 233300;22681.25;22682.25;22679;22682;62
20250626 233400;22683.25;22685;22682;22684;51
20250626 233500;22684.25;22684.75;22683;22684.75;13
20250626 233600;22684.75;22684.75;22682.5;22684;11
20250626 233700;22684.25;22684.25;22681.75;22681.75;20
20250626 233800;22682;22682.25;22680;22680;34
20250626 233900;22680.5;22682;22680;22681.25;32
20250626 234000;22681;22682.75;22680.5;22681.5;25
20250626 234100;22681.25;22681.5;22679.75;22679.75;21
20250626 234200;22679;22680.5;22677.5;22677.5;19
20250626 234300;22677.25;22680.25;22677.25;22680.25;19
20250626 234400;22679.75;22680.75;22677.75;22680.25;23
20250626 234500;22681;22686;22681;22685.5;45
20250626 234600;22684.75;22687;22682.25;22686;48
20250626 234700;22686.25;22686.25;22683.25;22684.25;38
20250626 234800;22684.75;22686;22683.25;22686;22
20250626 234900;22686.25;22687.75;22683.25;22683.25;43
20250626 235000;22683;22684.25;22680;22680.25;58
20250626 235100;22681.5;22681.75;22675;22677;107
20250626 235200;22676.5;22677.75;22674.25;22677.25;53
20250626 235300;22677;22677;22670.25;22673;103
20250626 235400;22673.75;22681.25;22672.5;22681.25;67
20250626 235500;22681.25;22684;22681.25;22682.5;53
20250626 235600;22683;22684;22681;22681.5;20
20250626 235700;22682.75;22683;22680.75;22680.75;24
20250626 235800;22679.5;22681;22678;22679.25;25
20250626 235900;22680;22680.5;22678;22679.25;31
20250627 000000;22680;22680.75;22677.5;22678.5;27
20250627 000100;22678.5;22681;22676.75;22678.25;74
20250627 000200;22679;22683.75;22679;22682;67
20250627 000300;22682.5;22686;22681.75;22685.25;62
20250627 000400;22686.25;22686.5;22681.75;22683.25;65
20250627 000500;22681.75;22682;22677.75;22678.75;42
20250627 000600;22679.5;22691;22679.5;22688.25;176
20250627 000700;22688.25;22692;22686.25;22688.5;182
20250627 000800;22689;22689.5;22682.5;22686.25;64
20250627 000900;22686;22687.25;22684.5;22685;70
20250627 001000;22684.75;22687.25;22684.75;22686;26
20250627 001100;22686.75;22689.25;22681.5;22681.5;89
20250627 001200;22682;22682.75;22677;22677.75;87
20250627 001300;22678;22678.5;22674.75;22677.25;115
20250627 001400;22679.25;22683.25;22679.25;22681.25;53
20250627 001500;22679.25;22681.25;22669;22671;147
20250627 001600;22670.75;22678.5;22670.75;22676.75;80
20250627 001700;22676.25;22680.25;22673.5;22679.5;87
20250627 001800;22679.75;22682.75;22675.5;22678.25;89
20250627 001900;22679;22686;22678.75;22685;90
20250627 002000;22685.75;22689;22684.5;22685.25;117
20250627 002100;22684.75;22690;22684.5;22688.25;57
20250627 002200;22688.5;22689.75;22684.75;22684.75;74
20250627 002300;22684.5;22687.25;22681;22684.5;78
20250627 002400;22685;22685.25;22681;22683;74
20250627 002500;22682.75;22683;22681;22681.25;50
20250627 002600;22681.5;22682.75;22679;22681.25;59
20250627 002700;22680.25;22681.5;22679.75;22680.75;36
20250627 002800;22680.25;22685;22679.75;22682;55
20250627 002900;22682.75;22687.5;22682.75;22684.75;71
20250627 003000;22685.25;22688;22685;22685;55
20250627 003100;22685.75;22686.25;22682;22683;49
20250627 003200;22683;22684.25;22680.25;22681.25;60
20250627 003300;22681;22683.5;22677;22678.25;57
20250627 003400;22677.5;22680.5;22676.25;22680.5;45
20250627 003500;22679.75;22681;22679;22679;38
20250627 003600;22679;22680.75;22677;22680.75;39
20250627 003700;22680.75;22681.25;22679;22680.5;18
20250627 003800;22680.25;22684.5;22680.25;22682.75;37
20250627 003900;22683.25;22685;22683.25;22683.5;25
20250627 004000;22683.5;22683.5;22682;22683;23
20250627 004100;22683;22683;22679.75;22680;27
20250627 004200;22680;22680.75;22677.5;22680.25;53
20250627 004300;22679;22679;22675;22676.5;67
20250627 004400;22676.75;22676.75;22672;22673.25;81
20250627 004500;22674.25;22679.25;22673.75;22678;55
20250627 004600;22676.5;22677.75;22674.25;22677.75;41
20250627 004700;22678.25;22681;22677.75;22679.75;37
20250627 004800;22680.25;22683;22679.5;22682.75;46
20250627 004900;22682.5;22683;22680;22680.5;36
20250627 005000;22681;22681;22678.75;22678.75;45
20250627 005100;22677.75;22678;22675;22675.25;32
20250627 005200;22675.25;22676.75;22674.75;22675.75;28
20250627 005300;22675.75;22677.5;22675.25;22676.75;18
20250627 005400;22676;22677.5;22675.75;22675.75;13
20250627 005500;22675.5;22675.5;22673.25;22674.25;45
20250627 005600;22673.25;22674.5;22671.25;22673.5;78
20250627 005700;22673.75;22673.75;22671;22671;38
20250627 005800;22671.25;22673;22670;22671.25;38
20250627 005900;22671.5;22673.25;22670.75;22670.75;44
20250627 010000;22670.75;22670.75;22665.25;22667.75;175
20250627 010100;22666.5;22671;22663.75;22668.5;145
20250627 010200;22668.75;22671.5;22668.5;22670.25;27
20250627 010300;22671.5;22673;22668.5;22670;69
20250627 010400;22669.5;22669.5;22666.25;22669;53
20250627 010500;22669;22669.25;22667;22668.25;22
20250627 010600;22667.5;22668.75;22666.25;22668.25;40
20250627 010700;22668.75;22669.25;22667.75;22669;24
20250627 010800;22669.5;22670;22667.75;22669.75;47
20250627 010900;22668.25;22669;22667.75;22668.75;13
20250627 011000;22668.5;22668.5;22664.75;22667.25;43
20250627 011100;22667;22668.25;22666;22668.25;32
20250627 011200;22668.75;22670.5;22668.75;22670.25;38
20250627 011300;22671;22671.5;22669;22669.5;58
20250627 011400;22669.75;22670;22667.75;22668;40
20250627 011500;22667.75;22669.75;22667.5;22669.5;32
20250627 011600;22671;22672.75;22670.25;22671.25;54
20250627 011700;22671;22673;22670.25;22672.5;81
20250627 011800;22672.5;22673;22670.25;22670.5;21
20250627 011900;22671.25;22671.75;22671;22671;12
20250627 012000;22671.25;22672.5;22669.75;22672.5;44
20250627 012100;22673;22673;22671.25;22672;19
20250627 012200;22672.5;22673;22670.5;22670.75;21
20250627 012300;22670.25;22671;22667.75;22670.75;37
20250627 012400;22670;22671;22669;22671;22
20250627 012500;22670.75;22671;22668.25;22671;36
20250627 012600;22671;22671.5;22669.25;22669.5;19
20250627 012700;22669;22669.75;22669;22669.5;9
20250627 012800;22671.25;22671.75;22670.5;22671.25;32
20250627 012900;22672;22675.25;22670.5;22671.75;64
20250627 013000;22672.75;22673.75;22671.25;22672.75;24
20250627 013100;22673.25;22674;22660.25;22670.25;352
20250627 013200;22670;22670;22666.75;22667.5;55
20250627 013300;22667.5;22668.25;22665.25;22668;42
20250627 013400;22668.25;22669.75;22667;22669.75;29
20250627 013500;22669.5;22669.5;22666.75;22668.75;30
20250627 013600;22669;22671;22667.75;22668;39
20250627 013700;22668;22670.75;22667.5;22670;36
20250627 013800;22670.25;22671;22668;22668;31
20250627 013900;22667.25;22668;22666;22666;21
20250627 014000;22665.5;22669;22665.5;22669;30
20250627 014100;22668.5;22669;22667.75;22668.75;31
20250627 014200;22669.5;22672;22669.5;22671;51
20250627 014300;22671.75;22672;22668.5;22669.25;55
20250627 014400;22669.25;22671.25;22666.75;22670;63
20250627 014500;22670.25;22672;22670.25;22671.75;21
20250627 014600;22672.5;22673.5;22671.5;22673.5;37
20250627 014700;22672.75;22672.75;22670.25;22671.75;79
20250627 014800;22671.5;22674.75;22671.25;22674;34
20250627 014900;22674.25;22677;22673.75;22676.25;66
20250627 015000;22676;22676.25;22674.5;22675.5;38
20250627 015100;22676;22676;22673;22674.5;29
20250627 015200;22675;22677.5;22674;22676.75;34
20250627 015300;22677;22681;22676.5;22679.75;89
20250627 015400;22680.25;22685.25;22679.5;22685.25;149
20250627 015500;22686;22689.75;22685.5;22687;145
20250627 015600;22687;22687;22681.25;22682.25;84
20250627 015700;22682.25;22683.25;22680.5;22682.75;74
20250627 015800;22682.5;22682.75;22680.75;22680.75;21
20250627 015900;22680.75;22682.75;22677;22677.5;73
20250627 020000;22677;22681.25;22676.75;22680.5;62
20250627 020100;22679.75;22680.5;22675.5;22677.5;50
20250627 020200;22677.75;22678;22676.5;22677;34
20250627 020300;22677.25;22679.5;22675;22677;40
20250627 020400;22677;22679.25;22677;22678.5;20
20250627 020500;22679.25;22682.5;22679.25;22681;55
20250627 020600;22680.5;22680.75;22679;22680.25;32
20250627 020700;22679.5;22679.5;22678;22678.5;21
20250627 020800;22678;22682.25;22678;22681.75;18
20250627 020900;22682.75;22684.75;22681.75;22684.75;42
20250627 021000;22683.5;22683.75;22683;22683.5;11
20250627 021100;22683.25;22685;22683.25;22684.75;38
20250627 021200;22684.25;22684.75;22683;22683.75;14
20250627 021300;22683.75;22683.75;22682.5;22683.25;20
20250627 021400;22684;22686;22683.75;22686;47
20250627 021500;22685.75;22687;22684;22687;41
20250627 021600;22686.5;22688;22684;22685;70
20250627 021700;22685.25;22687.5;22685.25;22687.25;35
20250627 021800;22687;22692;22687;22691;91
20250627 021900;22691.5;22693.5;22691.25;22693;67
20250627 022000;22693.5;22695.5;22691.75;22692.25;112
20250627 022100;22691.5;22693;22690.75;22693;65
20250627 022200;22693;22693;22689.25;22690;46
20250627 022300;22689.5;22690.75;22688.5;22690.5;46
20250627 022400;22690.25;22690.75;22689;22690.5;20
20250627 022500;22690.25;22694;22690.25;22693.25;69
20250627 022600;22693.25;22695;22692.25;22693.5;59
20250627 022700;22693.75;22694.75;22693.25;22693.25;32
20250627 022800;22693.5;22695;22693.5;22695;37
20250627 022900;22694.25;22695;22694;22694.5;18
20250627 023000;22694.75;22696.25;22692.75;22693.25;237
20250627 023100;22693;22694;22692;22693;60
20250627 023200;22693;22694.25;22691.75;22693;81
20250627 023300;22692.75;22693;22691.75;22692;22
20250627 023400;22692.25;22692.25;22690.25;22690.5;35
20250627 023500;22690.5;22691.5;22689.75;22690;35
20250627 023600;22689.5;22689.75;22687.25;22687.25;75
20250627 023700;22687;22687.25;22684;22685.25;55
20250627 023800;22685;22687.25;22685;22686.75;25
20250627 023900;22687.5;22688.75;22686.75;22686.75;21
20250627 024000;22687.25;22687.25;22684.75;22684.75;21
20250627 024100;22685.25;22685.5;22684.25;22685;44
20250627 024200;22684.5;22689.5;22683.75;22689.5;63
20250627 024300;22688.5;22690;22688.25;22688.25;19
20250627 024400;22688.25;22690.75;22687.5;22690.25;26
20250627 024500;22689.5;22691.5;22689.5;22690.5;32
20250627 024600;22691.5;22692;22688.5;22689.5;31
20250627 024700;22689.75;22691.25;22688.5;22690.75;32
20250627 024800;22690.25;22691;22689.5;22689.5;16
20250627 024900;22689.5;22690.75;22689;22690.75;16
20250627 025000;22691.25;22691.75;22688.5;22689.25;31
20250627 025100;22690;22691.75;22689.5;22690.75;36
20250627 025200;22691.25;22691.25;22690.5;22690.5;3
20250627 025300;22690.5;22692;22690.5;22691;22
20250627 025400;22691.25;22692.75;22690.75;22692.25;17
20250627 025500;22691.75;22693.25;22691.5;22693.25;27
20250627 025600;22693.25;22694.25;22692.75;22692.75;30
20250627 025700;22693.5;22693.5;22692.25;22692.25;11
20250627 025800;22692.75;22695.75;22692.5;22694;63
20250627 025900;22694.75;22696;22694;22695.75;23
20250627 030000;22695.5;22696.5;22695;22695.25;44
20250627 030100;22695.5;22700.5;22694.5;22698.75;211
20250627 030200;22699;22702.25;22697.75;22701.25;106
20250627 030300;22701.5;22704.75;22700;22700.25;171
20250627 030400;22701;22703.5;22700.5;22702.5;46
20250627 030500;22702.75;22704;22702;22703.25;60
20250627 030600;22703.5;22705;22703;22704;60
20250627 030700;22703.5;22704.75;22701.25;22701.25;57
20250627 030800;22701.25;22702.25;22700.5;22701.75;42
20250627 030900;22701.25;22701.5;22700.25;22701;43
20250627 031000;22700.75;22704;22700.75;22704;48
20250627 031100;22703.75;22704;22701.5;22701.75;69
20250627 031200;22701.75;22703.25;22700.25;22702.5;70
20250627 031300;22702;22702.5;22698.25;22698.25;53
20250627 031400;22699;22699.75;22697;22698.25;76
20250627 031500;22698.5;22698.5;22696.75;22697.75;48
20250627 031600;22697.25;22698.25;22696.75;22697.75;49
20250627 031700;22698;22699.5;22697.75;22699.5;24
20250627 031800;22699.25;22701.5;22699.25;22700.75;75
20250627 031900;22700.5;22701.5;22699.5;22700.75;77
20250627 032000;22700.5;22701.75;22699.5;22701.75;36
20250627 032100;22702;22702.5;22701;22701.75;18
20250627 032200;22701.5;22702.75;22701.5;22702.25;27
20250627 032300;22701.75;22702.25;22699.25;22699.75;39
20250627 032400;22699.5;22699.5;22698;22699.5;26
20250627 032500;22699.75;22700.75;22699.75;22700;13
20250627 032600;22700.5;22701.5;22699.5;22701;21
20250627 032700;22701.75;22703.5;22699.75;22702.25;43
20250627 032800;22701.5;22702;22700.25;22700.25;18
20250627 032900;22700;22701;22699.75;22700.75;30
20250627 033000;22700.75;22702;22699.75;22700;19
20250627 033100;22700;22700.75;22698.25;22699.5;48
20250627 033200;22699.75;22700;22695.5;22697;74
20250627 033300;22697.75;22699.25;22696.75;22699.25;26
20250627 033400;22699.5;22699.5;22696.75;22697.75;17
20250627 033500;22697.75;22698.75;22696.5;22697;34
20250627 033600;22698;22699.75;22696.75;22698;39
20250627 033700;22699;22700.5;22699;22699.5;15
20250627 033800;22699.5;22701.5;22699;22700.5;32
20250627 033900;22700.75;22700.75;22700;22700.5;9
20250627 034000;22700;22701;22699.5;22701;9
20250627 034100;22700.5;22708;22700.25;22704;163
20250627 034200;22703.75;22704;22702.25;22703.5;47
20250627 034300;22704;22705.5;22701.25;22702.25;59
20250627 034400;22702.25;22702.25;22700;22701;36
20250627 034500;22700.5;22702.75;22700.5;22702.75;15
20250627 034600;22702;22702.25;22701.25;22701.25;12
20250627 034700;22702.25;22702.5;22701.25;22701.75;39
20250627 034800;22701.25;22701.75;22699.5;22699.5;19
20250627 034900;22699;22699;22693.5;22694;160
20250627 035000;22693.5;22696.75;22693.25;22695.5;36
20250627 035100;22695;22697.25;22695;22697;27
20250627 035200;22697.25;22697.25;22695.5;22695.75;19
20250627 035300;22695.5;22695.75;22693.5;22693.75;21
20250627 035400;22693.25;22694;22692;22693.5;41
20250627 035500;22693;22693.75;22692.5;22692.75;40
20250627 035600;22693.25;22693.75;22692.25;22692.25;30
20250627 035700;22692.75;22693.75;22691.75;22692;52
20250627 035800;22692.5;22694.5;22691;22694.25;50
20250627 035900;22694.75;22694.75;22690.5;22692;49
20250627 040000;22692;22693.5;22690.25;22693.25;35
20250627 040100;22693.5;22694.5;22692.5;22693.75;20
20250627 040200;22693.5;22694;22692.5;22693.75;20
20250627 040300;22694.25;22694.75;22691.5;22691.5;17
20250627 040400;22691.5;22692;22691.5;22692;11
20250627 040500;22692.25;22693;22689.5;22690.5;40
20250627 040600;22690;22693.75;22689.5;22693.25;37
20250627 040700;22692.75;22693;22690.75;22691.75;36
20250627 040800;22691.5;22691.5;22690;22690.75;18
20250627 040900;22691;22692.75;22690.75;22692;32
20250627 041000;22692.25;22694.5;22692.25;22694;18
20250627 041100;22693.25;22693.25;22691.75;22692.5;11
20250627 041200;22691.25;22691.5;22689;22689;32
20250627 041300;22689;22690;22688;22688.75;40
20250627 041400;22688.25;22691;22686.75;22690.5;48
20250627 041500;22690.5;22691.75;22690.25;22691.25;21
20250627 041600;22690.75;22692.5;22690;22690.75;28
20250627 041700;22690.75;22692.5;22690.75;22692.25;23
20250627 041800;22693;22693.75;22692.75;22693;16
20250627 041900;22693.25;22693.75;22692.5;22692.5;19
20250627 042000;22693.5;22693.75;22691.25;22692;26
20250627 042100;22691.25;22692.25;22691.25;22691.5;8
20250627 042200;22691.25;22691.25;22690.5;22691.25;14
20250627 042300;22691.25;22691.25;22691.25;22691.25;1
20250627 042400;22691;22692.25;22690.5;22691.5;22
20250627 042500;22691.5;22691.5;22689.25;22691;34
20250627 042600;22690.5;22692.5;22690.5;22692.25;14
20250627 042700;22692.25;22695;22692.25;22693.5;26
20250627 042800;22693.5;22694.5;22692.5;22692.75;16
20250627 042900;22692.25;22692.25;22691;22691;6
20250627 043000;22691.75;22694;22691.75;22692.5;18
20250627 043100;22691.25;22692;22691.25;22691.5;12
20250627 043200;22691;22691.25;22689.75;22690.75;24
20250627 043300;22690.5;22692.5;22690.5;22692;10
20250627 043400;22693;22694;22691.75;22692.5;12
20250627 043500;22692.5;22694;22692.5;22693.25;9
20250627 043600;22693;22695.25;22693;22694.75;41
20250627 043700;22694;22695.25;22693.5;22694.75;26
20250627 043800;22695;22697.5;22695;22697;54
20250627 043900;22698;22698.5;22695.75;22698.25;44
20250627 044000;22697.5;22697.5;22695.5;22696.5;25
20250627 044100;22696.5;22696.75;22694;22694.75;30
20250627 044200;22695;22696.5;22695;22696;9
20250627 044300;22696;22697;22695;22695.5;20
20250627 044400;22696;22697.5;22695.25;22697.5;24
20250627 044500;22696.25;22698;22695.75;22696;29
20250627 044600;22696.5;22698;22696.5;22697.5;9
20250627 044700;22697;22697.25;22696;22696.75;10
20250627 044800;22696.5;22698.5;22696.5;22698.25;13
20250627 044900;22697.75;22698;22697.5;22697.75;5
20250627 045000;22697.25;22697.5;22696.25;22697.25;17
20250627 045100;22697.5;22698.5;22697.5;22698.25;16
20250627 045200;22697.5;22698.5;22695.5;22695.5;13
20250627 045300;22696.25;22697;22695.25;22695.25;14
20250627 045400;22695.75;22697.25;22694;22696.25;27
20250627 045500;22695.5;22695.75;22693.75;22693.75;12
20250627 045600;22693.25;22694.5;22692;22694.5;47
20250627 045700;22693.5;22694.25;22692.5;22693;11
20250627 045800;22692.5;22692.5;22688.25;22689;45
20250627 045900;22689.5;22689.75;22688;22688.5;25
20250627 050000;22688.75;22689.25;22688.5;22688.5;19
20250627 050100;22688.25;22692;22687.75;22691.25;73
20250627 050200;22691.25;22691.25;22690;22690.75;15
20250627 050300;22691.75;22694;22691.75;22692.25;25
20250627 050400;22692;22693;22691.75;22693;18
20250627 050500;22694.25;22694.75;22694;22694;18
20250627 050600;22694.5;22694.75;22693.5;22693.75;7
20250627 050700;22694;22694.5;22694;22694.25;12
20250627 050800;22694.5;22695.5;22694.5;22695;23
20250627 050900;22695;22695;22692.25;22692.75;14
20250627 051000;22693;22695.75;22692.75;22695.75;49
20250627 051100;22695.75;22695.75;22694;22694;21
20250627 051200;22694.5;22696.75;22694.25;22696.75;20
20250627 051300;22695.5;22698;22695.5;22698;43
20250627 051400;22697.25;22697.75;22696.5;22697.75;17
20250627 051500;22697.5;22701;22697.25;22700;74
20250627 051600;22700.75;22701;22699.25;22700.5;53
20250627 051700;22699.25;22699.75;22698.5;22699;16
20250627 051800;22699;22701.25;22696.75;22698.25;49
20250627 051900;22697.5;22699.75;22695.5;22695.5;64
20250627 052000;22695.5;22696;22692.5;22694.75;73
20250627 052100;22695.5;22696.75;22695.5;22696.5;16
20250627 052200;22696.25;22696.25;22693.5;22694;31
20250627 052300;22694;22695;22693;22695;23
20250627 052400;22694;22695.75;22693.5;22695;16
20250627 052500;22696;22697;22695;22695.5;33
20250627 052600;22695.25;22695.25;22694.5;22694.75;13
20250627 052700;22694.25;22697.75;22694;22697.5;38
20250627 052800;22697.25;22698;22697;22697.5;23
20250627 052900;22697;22698;22696;22696;22
20250627 053000;22695.75;22697.25;22695;22697;21
20250627 053100;22697.25;22699.75;22697.25;22699.25;40
20250627 053200;22699.75;22701;22699.25;22700.25;58
20250627 053300;22699.75;22703.5;22699.75;22702.75;71
20250627 053400;22702.75;22703.25;22700;22700.75;65
20250627 053500;22701.25;22703;22701;22702;42
20250627 053600;22701.5;22703.5;22698;22701.5;86
20250627 053700;22701.25;22701.75;22701;22701.75;4
20250627 053800;22702.25;22703;22701;22701.5;62
20250627 053900;22701.75;22703.5;22701.75;22703.5;11
20250627 054000;22703.75;22712;22703.75;22708;224
20250627 054100;22707.75;22712;22706.25;22712;92
20250627 054200;22711.5;22714.5;22710.25;22710.5;157
20250627 054300;22710.5;22710.75;22710;22710.5;13
20250627 054400;22710.75;22713.25;22710.75;22712;41
20250627 054500;22712;22714.25;22712;22713.25;25
20250627 054600;22712;22713;22711.25;22712;28
20250627 054700;22713.25;22716.5;22712.25;22713.25;66
20250627 054800;22713.75;22714;22712.25;22713;37
20250627 054900;22713.5;22715.25;22713.25;22714.5;44
20250627 055000;22714.5;22715.5;22713.25;22714.5;29
20250627 055100;22714.75;22715.75;22714.25;22715.25;38
20250627 055200;22714.75;22717.5;22714.5;22716.75;69
20250627 055300;22716.5;22717.5;22715.25;22717;80
20250627 055400;22717.25;22718;22716;22716.75;47
20250627 055500;22716.25;22717.25;22714;22715.25;107
20250627 055600;22715.25;22715.25;22712;22713.25;64
20250627 055700;22713;22713;22709.25;22712;86
20250627 055800;22711.5;22714.75;22711;22712.5;80
20250627 055900;22712.25;22713;22710.5;22710.5;44
20250627 060000;22710.25;22711;22708.75;22708.75;51
20250627 060100;22709.75;22711.25;22707.5;22708.25;116
20250627 060200;22709;22710.75;22707;22709.75;44
20250627 060300;22710;22711.75;22709.25;22710.75;45
20250627 060400;22710.25;22712;22708.5;22708.5;39
20250627 060500;22708.5;22710.75;22708.5;22709.25;56
20250627 060600;22709.75;22712;22709;22712;22
20250627 060700;22711.25;22711.75;22710.75;22710.75;18
20250627 060800;22710.75;22712.75;22710.75;22712;34
20250627 060900;22712;22712;22711.25;22712;15
20250627 061000;22711.25;22714.25;22710.25;22714;65
20250627 061100;22714.25;22718.25;22712.5;22718;126
20250627 061200;22716.5;22723.25;22715.25;22719.25;230
20250627 061300;22719;22721.5;22718.5;22720.75;25
20250627 061400;22719;22724;22718.5;22722.75;121
20250627 061500;22722.5;22723.75;22721.75;22722.5;68
20250627 061600;22722.25;22725;22721;22723.75;75
20250627 061700;22723.25;22724.5;22722.5;22724.5;32
20250627 061800;22724.25;22725;22722.5;22722.5;33
20250627 061900;22723.5;22725.75;22723.5;22725.5;54
20250627 062000;22725;22726.5;22722.75;22722.75;121
20250627 062100;22722.75;22723.5;22721.75;22723.5;69
20250627 062200;22723.75;22725.25;22722.75;22725.25;76
20250627 062300;22725.75;22726.25;22723.75;22723.75;42
20250627 062400;22723.25;22724.25;22722.75;22723.5;78
20250627 062500;22723.75;22723.75;22720.75;22723.5;65
20250627 062600;22722.75;22723.75;22722;22723.75;54
20250627 062700;22723;22724.5;22722.75;22723.25;49
20250627 062800;22723.75;22724;22721.75;22722.5;26
20250627 062900;22722.5;22723.25;22722.25;22722.75;23
20250627 063000;22723;22730;22722.75;22725.25;304
20250627 063100;22725.75;22730.25;22725.25;22728.75;175
20250627 063200;22728.25;22728.25;22725.5;22727.25;85
20250627 063300;22727.25;22731.75;22726.5;22730.75;106
20250627 063400;22730.25;22731.25;22728.5;22731.25;84
20250627 063500;22731.75;22735.25;22730.75;22732.75;125
20250627 063600;22732;22733.25;22730.75;22733;70
20250627 063700;22733.75;22737.25;22732.75;22733.5;129
20250627 063800;22733.75;22738;22733;22737.5;134
20250627 063900;22737.5;22739;22735.75;22737.5;135
20250627 064000;22737.25;22737.25;22731.5;22731.5;89
20250627 064100;22730.75;22737.25;22730.5;22737;75
20250627 064200;22736.25;22737.25;22734.5;22736.75;26
20250627 064300;22735.75;22739.25;22735.5;22738.5;66
20250627 064400;22739.25;22740;22737.75;22738.5;79
20250627 064500;22739;22742.5;22739;22741.25;130
20250627 064600;22741.5;22742;22731.25;22733.25;186
20250627 064700;22733;22738.25;22732.25;22737;92
20250627 064800;22737;22747.5;22737;22742.5;170
20250627 064900;22742.75;22745.25;22741.75;22744;120
20250627 065000;22744.25;22744.5;22738.5;22741;106
20250627 065100;22740.75;22742;22738;22738;58
20250627 065200;22738;22743.25;22738;22741.75;44
20250627 065300;22740.5;22741.25;22736.25;22739;63
20250627 065400;22738.5;22739.25;22735.5;22736;46
20250627 065500;22736.25;22739.25;22734.5;22735;73
20250627 065600;22734.75;22741.25;22734.75;22740;124
20250627 065700;22739.75;22740;22734.5;22734.75;76
20250627 065800;22734.5;22738;22733.25;22736.5;96
20250627 065900;22736.75;22738.25;22736.75;22737;37
20250627 070000;22736.25;22740;22735.25;22735.25;82
20250627 070100;22735;22740.25;22734.5;22736;131
20250627 070200;22736.25;22741;22736.25;22738.75;130
20250627 070300;22739.25;22739.25;22732.5;22733;75
20250627 070400;22733.25;22734.25;22729;22731.75;133
20250627 070500;22731.25;22732;22727.75;22727.75;89
20250627 070600;22728.5;22731.5;22724.25;22727.5;205
20250627 070700;22727;22729.5;22725.5;22727;91
20250627 070800;22727.25;22735.5;22727.25;22734.25;255
20250627 070900;22733.5;22735.75;22732.75;22734.5;75
20250627 071000;22734.25;22737.75;22734.25;22735.5;71
20250627 071100;22735;22735;22731;22734.25;88
20250627 071200;22734.25;22734.75;22732;22732.75;54
20250627 071300;22732.75;22738.5;22732.5;22738.5;58
20250627 071400;22737.75;22740.75;22736.5;22740;136
20250627 071500;22739.5;22740.5;22737.75;22737.75;53
20250627 071600;22737.5;22737.75;22735.5;22737.75;75
20250627 071700;22737.75;22738.5;22735;22738;79
20250627 071800;22737.25;22744.25;22737;22741.25;163
20250627 071900;22741.5;22748.5;22741.5;22746.25;179
20250627 072000;22746.5;22751;22745.5;22748.75;182
20250627 072100;22749.25;22750.75;22746.75;22747.75;125
20250627 072200;22748.25;22750;22746.25;22749.25;46
20250627 072300;22748.75;22759.75;22747.75;22754.75;345
20250627 072400;22754.75;22760;22754;22754.5;191
20250627 072500;22755.25;22756.5;22751.25;22752.5;132
20250627 072600;22751.5;22755.25;22750;22754;84
20250627 072700;22753.75;22754.25;22749;22752;102
20250627 072800;22752.25;22756.75;22751;22756;116
20250627 072900;22756.25;22758;22751.5;22752.25;119
20250627 073000;22751.75;22752.75;22751.25;22751.25;36
20250627 073100;22752;22752.25;22745.75;22746;134
20250627 073200;22747;22748.25;22740.5;22742.25;165
20250627 073300;22742.5;22743.25;22735.5;22738;162
20250627 073400;22738.25;22738.25;22732;22735.25;112
20250627 073500;22735.25;22737.5;22733;22736.75;84
20250627 073600;22736;22742;22736;22741.25;83
20250627 073700;22740.75;22742;22738;22739.5;84
20250627 073800;22738.75;22744.25;22738;22738;84
20250627 073900;22737.5;22741;22736.5;22737.5;60
20250627 074000;22737.25;22737.25;22731.75;22732;87
20250627 074100;22732.25;22732.75;22726.75;22729.5;224
20250627 074200;22728.75;22730.25;22727.25;22728.75;89
20250627 074300;22728.25;22732;22728;22731.75;56
20250627 074400;22731.25;22731.25;22728.25;22728.25;41
20250627 074500;22728.75;22733.75;22728;22731;82
20250627 074600;22731.25;22733;22729.75;22731.5;57
20250627 074700;22731;22732.75;22729.75;22730.5;29
20250627 074800;22731.25;22737.75;22731;22737;117
20250627 074900;22736.25;22736.5;22734.5;22734.75;58
20250627 075000;22734.5;22735.75;22733.75;22735;50
20250627 075100;22734.75;22736.25;22734.5;22736.25;67
20250627 075200;22735.75;22737.5;22733;22733;91
20250627 075300;22733;22733;22730.75;22732.5;66
20250627 075400;22732.5;22734.5;22730.5;22734.5;51
20250627 075500;22734.25;22738.25;22734.25;22738.25;75
20250627 075600;22737.75;22739.5;22735.5;22738.25;97
20250627 075700;22738.25;22738.25;22734.5;22736;70
20250627 075800;22736.25;22737.75;22732.75;22737.75;57
20250627 075900;22737.25;22738;22734;22735.5;60
20250627 080000;22735.25;22736.25;22734.25;22735.25;31
20250627 080100;22736;22742.25;22735;22739.75;215
20250627 080200;22740.25;22745.75;22740;22740;197
20250627 080300;22740.25;22740.25;22735.25;22736.25;111
20250627 080400;22736;22737.5;22732.25;22736.75;132
20250627 080500;22737;22738.25;22733.5;22735.75;133
20250627 080600;22736;22736;22728.75;22732.75;116
20250627 080700;22732.25;22732.5;22728;22731.5;93
20250627 080800;22732.5;22733.75;22725.25;22725.75;180
20250627 080900;22725.5;22729.25;22723.5;22728.25;162
20250627 081000;22728.75;22729.75;22726.25;22727.25;31
20250627 081100;22727;22730;22725.5;22728;55
20250627 081200;22728.5;22735.75;22728.5;22733.25;178
20250627 081300;22733.75;22739.5;22733.75;22738.75;142
20250627 081400;22739;22744.75;22738.75;22742.75;145
20250627 081500;22742.5;22748.25;22742.5;22746.25;180
20250627 081600;22746.25;22746.75;22739.25;22739.5;161
20250627 081700;22739.5;22743;22738;22738.5;89
20250627 081800;22738.25;22741;22732.5;22733.5;103
20250627 081900;22733.5;22736;22732.25;22735.5;46
20250627 082000;22737;22738.75;22736.5;22738.5;37
20250627 082100;22738.75;22739.5;22735;22736;54
20250627 082200;22735.25;22737;22731.5;22731.5;90
20250627 082300;22731.25;22731.5;22728.25;22731.5;102
20250627 082400;22732;22732.25;22728.75;22730.5;74
20250627 082500;22731;22732.5;22729.75;22731;43
20250627 082600;22731;22734;22730.5;22733.25;48
20250627 082700;22733.75;22735;22733;22735;73
20250627 082800;22735;22736.25;22734.5;22735.25;31
20250627 082900;22735.5;22736.25;22735.25;22735.75;18
20250627 083000;22735.25;22735.5;22732.75;22733.25;29
20250627 083100;22733.25;22736.75;22732;22736.25;61
20250627 083200;22736.5;22743;22735.75;22742;122
20250627 083300;22741.25;22746;22741;22745;95
20250627 083400;22744.75;22747.25;22744;22745.25;63
20250627 083500;22745;22745.25;22737.75;22739.5;89
20250627 083600;22738.75;22741.25;22738.5;22739.5;35
20250627 083700;22739.25;22739.75;22734.75;22736;77
20250627 083800;22736.25;22736.5;22734;22735;47
20250627 083900;22735;22738.5;22734.25;22737.75;52
20250627 084000;22737;22738;22736.75;22737;31
20250627 084100;22737.25;22740.5;22736.25;22739.25;48
20250627 084200;22740;22742.5;22739.5;22741.5;58
20250627 084300;22741.25;22742.75;22741.25;22742;22
20250627 084400;22741.25;22742.75;22740.25;22742.25;34
20250627 084500;22742;22742;22739.5;22740;41
20250627 084600;22740.25;22741;22737.5;22740.25;82
20250627 084700;22741.5;22743;22741.5;22742;20
20250627 084800;22742.25;22742.75;22738.75;22742.75;40
20250627 084900;22742.75;22744.75;22741.25;22741.75;64
20250627 085000;22741.75;22742.5;22739.5;22740.5;27
20250627 085100;22740.5;22740.5;22738.25;22738.75;18
20250627 085200;22740;22742.75;22736.25;22736.75;81
20250627 085300;22736.75;22739;22736;22738.75;49
20250627 085400;22740.25;22743.5;22739;22743.5;81
20250627 085500;22743.75;22744.5;22743;22743.75;33
20250627 085600;22742.75;22745.5;22742;22745.5;32
20250627 085700;22745.75;22747.75;22745.75;22747.5;38
20250627 085800;22747.75;22749.25;22746.5;22748;44
20250627 085900;22747.75;22750.5;22747.5;22750.25;77
20250627 090000;22750.25;22750.25;22747;22747.25;53
20250627 090100;22748.25;22750.25;22747;22749.5;40
20250627 090200;22749.25;22749.25;22744.5;22746.25;164
20250627 090300;22746.75;22747.75;22745.5;22747.75;32
20250627 090400;22748;22749.5;22746.25;22746.25;40
20250627 090500;22746.75;22748;22746;22747;51
20250627 090600;22747.75;22749;22745;22746.25;50
20250627 090700;22746.5;22748;22746.25;22747;53
20250627 090800;22747;22747;22740;22744;101
20250627 090900;22744.5;22746.5;22742.5;22742.75;52
20250627 091000;22741.75;22742;22736.75;22736.75;101
20250627 091100;22736.25;22737;22729.75;22731.75;124
20250627 091200;22732;22732;22729.75;22731.5;33
20250627 091300;22731;22733.75;22730.25;22731;68
20250627 091400;22731.25;22733;22730.5;22732.75;74
20250627 091500;22732;22732.25;22730.25;22730.25;39
20250627 091600;22730.25;22733.25;22729.75;22733.25;41
20250627 091700;22733.25;22734.5;22731.75;22733.5;27
20250627 091800;22733;22734.25;22732.5;22734.25;28
20250627 091900;22734.25;22735.75;22734.25;22735;29
20250627 092000;22735;22736.25;22735;22735.75;24
20250627 092100;22735;22736.5;22734.75;22735;23
20250627 092200;22734.25;22735.75;22734.25;22735.25;32
20250627 092300;22735;22736;22734.75;22735.25;20
20250627 092400;22734.75;22736;22734.5;22736;21
20250627 092500;22735.75;22739.75;22735.75;22739;131
20250627 092600;22739;22740.75;22738.25;22738.5;62
20250627 092700;22738.5;22740.5;22738;22740;31
20250627 092800;22740;22740;22738;22738.25;23
20250627 092900;22739;22739;22737.25;22737.5;18
20250627 093000;22737.25;22739;22736.75;22738;30
20250627 093100;22737.5;22738.5;22737.25;22738.5;18
20250627 093200;22739;22739.75;22735.25;22739.5;182
20250627 093300;22739;22741.75;22738.5;22740.25;74
20250627 093400;22740;22740.75;22738.25;22740.25;36
20250627 093500;22740.5;22742;22740;22741;74
20250627 093600;22741;22741.5;22737;22737;47
20250627 093700;22737.25;22738.25;22736.5;22738.25;20
20250627 093800;22738.5;22739.5;22736;22736.75;35
20250627 093900;22737;22738;22736;22736;29
20250627 094000;22736.25;22736.5;22735;22735.75;36
20250627 094100;22735.75;22737;22735.25;22736;26
20250627 094200;22735.5;22738.75;22734.75;22738.75;45
20250627 094300;22738.25;22744.75;22738.25;22741;128
20250627 094400;22741.25;22742.75;22737.75;22737.75;63
20250627 094500;22737.5;22740.25;22736.25;22739.75;51
20250627 094600;22739.25;22741.25;22739;22740.25;42
20250627 094700;22741;22743;22740.75;22740.75;59
20250627 094800;22740.5;22742.25;22738.5;22739;78
20250627 094900;22739.25;22739.5;22738;22739.5;21
20250627 095000;22740;22740.5;22740;22740.5;17
20250627 095100;22739.5;22740;22738.5;22738.75;26
20250627 095200;22739.25;22739.5;22736.75;22737.25;26
20250627 095300;22737.25;22740;22736.75;22737;34
20250627 095400;22736.75;22737;22731.5;22736;158
20250627 095500;22736.5;22738.5;22736.25;22736.75;45
20250627 095600;22737.5;22740.5;22736.75;22739.75;39
20250627 095700;22739.25;22740.25;22737.5;22738.25;42
20250627 095800;22738.5;22740.75;22737.75;22740.75;39
20250627 095900;22740.75;22743;22739.5;22742;61
20250627 100000;22742.5;22745;22741.25;22745;60
20250627 100100;22745;22749;22743.5;22743.5;102
20250627 100200;22744;22744;22734;22734.5;206
20250627 100300;22734.5;22736.25;22733.25;22735.75;78
20250627 100400;22736;22743.25;22736;22743.25;70
20250627 100500;22743.25;22743.75;22741;22742.5;34
20250627 100600;22743;22743.5;22738.75;22739.25;67
20250627 100700;22739.5;22740.75;22738.25;22738.25;49
20250627 100800;22740.5;22740.5;22736.75;22736.75;45
20250627 100900;22738;22738.5;22735.75;22738.5;34
20250627 101000;22738.5;22738.75;22734.25;22735.25;49
20250627 101100;22736.25;22736.25;22733.5;22734;49
20250627 101200;22734.25;22735;22730.25;22732.5;255
20250627 101300;22732.25;22732.75;22728;22729.5;122
20250627 101400;22729.5;22729.5;22725.75;22727.25;112
20250627 101500;22725.75;22731;22725.5;22731;100
20250627 101600;22731.5;22734.25;22730.75;22733;65
20250627 101700;22733;22735;22732;22735;33
20250627 101800;22735.25;22736.5;22734.75;22735.75;39
20250627 101900;22735.25;22736;22734.25;22734.25;27
20250627 102000;22734.5;22736;22734;22735;26
20250627 102100;22735;22736.25;22733.5;22735.5;50
20250627 102200;22735.5;22738.5;22735.25;22738.25;62
20250627 102300;22739;22739;22735.25;22735.25;58
20250627 102400;22735.75;22737;22732.25;22734;37
20250627 102500;22733.25;22736;22733;22735.75;28
20250627 102600;22735;22735;22730;22731;121
20250627 102700;22731;22732;22729.5;22730.5;63
20250627 102800;22731.25;22732;22730.25;22731.25;25
20250627 102900;22732;22733;22729.75;22732.5;65
20250627 103000;22732.25;22732.75;22731;22732.75;28
20250627 103100;22732.5;22733.25;22731.75;22733;38
20250627 103200;22733.25;22734.5;22731;22733.5;80
20250627 103300;22733.5;22735;22730.75;22733.75;70
20250627 103400;22733.5;22734.5;22732;22734.5;62
20250627 103500;22734;22735.25;22732.75;22734.75;47
20250627 103600;22734.75;22735.75;22733;22734.5;58
20250627 103700;22734.75;22735.5;22733.25;22734;39
20250627 103800;22734.25;22734.25;22730.75;22731.5;53
20250627 103900;22731;22731.25;22728.75;22729.75;44
20250627 104000;22729.5;22731;22728.5;22730.5;35
20250627 104100;22731;22731;22728;22730.25;61
20250627 104200;22730;22731;22730;22730;18
20250627 104300;22730;22731;22729.25;22729.5;45
20250627 104400;22730;22731;22729.5;22730.5;23
20250627 104500;22730.25;22730.25;22728.25;22728.75;47
20250627 104600;22728.75;22732;22728.25;22731.75;51
20250627 104700;22731.75;22734.5;22731.5;22734;42
20250627 104800;22734.75;22736.25;22734.25;22735.75;34
20250627 104900;22735;22735.5;22734.25;22734.75;35
20250627 105000;22734.25;22735.25;22732.75;22733.5;43
20250627 105100;22733.25;22733.25;22730.5;22731.75;35
20250627 105200;22731.5;22735.25;22731.5;22735.25;44
20250627 105300;22735;22735.25;22734.5;22734.5;10
20250627 105400;22735;22737;22734.75;22736;42
20250627 105500;22736.25;22736.75;22734.75;22735.25;31
20250627 105600;22735;22735.75;22734;22735;21
20250627 105700;22735.25;22736.25;22734.5;22735.5;24
20250627 105800;22734.5;22735.5;22734.5;22735;15
20250627 105900;22735;22736.75;22735;22736;40
20250627 110000;22736.25;22736.25;22734.5;22734.75;25
20250627 110100;22734.75;22748;22732.75;22747;483
20250627 110200;22747.75;22755;22746.75;22746.75;407
20250627 110300;22746.75;22747.5;22744;22746.25;113
20250627 110400;22746.5;22749;22745.5;22748;104
20250627 110500;22748.75;22752;22748.75;22749;80
20250627 110600;22749;22749.25;22745.25;22745.25;63
20250627 110700;22746.5;22749.5;22746.5;22748.25;83
20250627 110800;22748.25;22749.75;22748;22748;32
20250627 110900;22749.25;22749.25;22747.5;22748;27
20250627 111000;22747.75;22752;22747.75;22750;76
20250627 111100;22750.5;22754.5;22749.5;22754;95
20250627 111200;22754.25;22755;22751;22754.5;86
20250627 111300;22754.75;22758.75;22754;22758.75;213
20250627 111400;22757.25;22758.25;22755.25;22755.75;118
20250627 111500;22755.25;22759;22754.5;22756;102
20250627 111600;22756;22756;22752.25;22754.5;147
20250627 111700;22754.25;22756;22753.5;22754.25;65
20250627 111800;22754.75;22758.75;22754.25;22758.5;96
20250627 111900;22758.25;22758.75;22754.75;22758.75;131
20250627 112000;22757.75;22758;22755.5;22756.5;49
20250627 112100;22756.25;22763.75;22755.75;22760.75;322
20250627 112200;22761;22763.5;22760.75;22762.25;71
20250627 112300;22762.25;22765.5;22761.75;22763.25;136
20250627 112400;22763;22763.75;22761.25;22762;65
20250627 112500;22761.75;22762.25;22760.25;22760.25;75
20250627 112600;22760.25;22761.5;22759.5;22760.5;49
20250627 112700;22760.5;22764.5;22760.25;22764;84
20250627 112800;22763.75;22764.75;22762.75;22762.75;52
20250627 112900;22762.5;22763;22760.75;22761.5;36
20250627 113000;22761.75;22761.75;22758.5;22759.5;63
20250627 113100;22760;22760.25;22757.75;22758.75;62
20250627 113200;22759;22763;22759;22762.25;63
20250627 113300;22762;22763.75;22761.5;22763;33
20250627 113400;22762.75;22765.25;22762.75;22763.25;132
20250627 113500;22763.5;22767.75;22763;22766.25;125
20250627 113600;22767;22768.5;22765.75;22768.25;87
20250627 113700;22768;22769;22765.75;22767.75;69
20250627 113800;22768;22769.25;22767.5;22769;92
20250627 113900;22768.75;22774;22768.25;22771.75;185
20250627 114000;22771.5;22774.75;22771.25;22773.25;162
20250627 114100;22773.75;22775.5;22772.5;22775;112
20250627 114200;22775.25;22778.75;22772.75;22773.75;334
20250627 114300;22773;22773.5;22770.25;22770.25;122
20250627 114400;22771;22771.75;22768;22771.25;137
20250627 114500;22771.25;22772.5;22769.5;22772;74
20250627 114600;22771.5;22771.75;22770.25;22771;32
20250627 114700;22771;22771.75;22769;22770;90
20250627 114800;22770.5;22771;22767.5;22767.5;85
20250627 114900;22768;22769.25;22766;22768.75;96
20250627 115000;22768.75;22771.5;22767.75;22771;64
20250627 115100;22770.25;22772.25;22769.5;22771.25;73
20250627 115200;22770.5;22774.25;22770.5;22773;93
20250627 115300;22774;22774.5;22771.25;22774;112
20250627 115400;22773.75;22774.5;22771.5;22774.5;63
20250627 115500;22774.25;22775.25;22772.5;22774;82
20250627 115600;22773.5;22773.5;22771;22771.75;51
20250627 115700;22771.75;22772.5;22769.75;22772.25;72
20250627 115800;22773;22774.75;22772.25;22773.25;54
20250627 115900;22773;22779;22773;22777;141
20250627 120000;22777.25;22780;22776;22779;101
20250627 120100;22779.5;22788;22778.25;22784;493
20250627 120200;22784.25;22785.75;22777.5;22779;321
20250627 120300;22778.5;22779.75;22775;22776;223
20250627 120400;22776.25;22782.25;22775.5;22779;132
20250627 120500;22780;22781.5;22774.5;22774.5;135
20250627 120600;22774.75;22777.5;22774.25;22776.25;81
20250627 120700;22777.25;22778;22766.75;22769;269
20250627 120800;22768.75;22771;22767.25;22770;287
20250627 120900;22770.25;22770.5;22766.75;22770;240
20250627 121000;22769.75;22772.25;22769.5;22770;80
20250627 121100;22770.75;22771.25;22763.75;22764;242
20250627 121200;22764.25;22764.5;22761.5;22763.25;172
20250627 121300;22763.25;22764.5;22762;22762.25;123
20250627 121400;22761.75;22762.5;22758.5;22760.25;219
20250627 121500;22760.25;22760.5;22759;22759.5;57
20250627 121600;22759.25;22759.25;22754.25;22757;293
20250627 121700;22757;22758.25;22756.25;22757.5;87
20250627 121800;22758.25;22758.5;22754.75;22754.75;216
20250627 121900;22755.25;22755.75;22753.25;22755.5;106
20250627 122000;22755.75;22756.25;22752.5;22752.75;195
20250627 122100;22752.5;22753.25;22750;22751.75;199
20250627 122200;22751.25;22752.5;22749.5;22751.75;171
20250627 122300;22752;22756.5;22752;22755.5;214
20250627 122400;22756.25;22764.75;22754.75;22763;375
20250627 122500;22763.5;22771.25;22761.5;22770;285
20250627 122600;22770.5;22772.75;22768.5;22769.75;209
20250627 122700;22768.75;22769.25;22764.25;22765;134
20250627 122800;22765;22767.5;22762.5;22767;86
20250627 122900;22766.5;22770.25;22766;22770;113
20250627 123000;22769.75;22773;22768;22769.25;242
20250627 123100;22768.5;22773.75;22750;22753.5;941
20250627 123200;22752.75;22759;22746.75;22747.5;802
20250627 123300;22747.75;22749.5;22738.75;22748.25;817
20250627 123400;22748.25;22754.5;22747.25;22752.25;575
20250627 123500;22753;22753;22743.25;22744.25;438
20250627 123600;22745;22752;22743;22750;272
20250627 123700;22750.5;22751.5;22746.25;22748.25;139
20250627 123800;22748.5;22751.75;22743;22751.5;221
20250627 123900;22752;22754;22746;22750.75;228
20250627 124000;22750.5;22752;22746.75;22750.5;143
20250627 124100;22749.25;22750.25;22741;22744;263
20250627 124200;22743.25;22744.25;22740.25;22740.75;159
20250627 124300;22740.75;22743.5;22731.75;22732;767
20250627 124400;22733;22735;22727.75;22733.25;442
20250627 124500;22733.75;22736.75;22732.25;22734.75;243
20250627 124600;22734.25;22744.25;22729;22743.25;445
20250627 124700;22742.75;22746;22741.25;22743.5;205
20250627 124800;22742.25;22745.75;22740.5;22743.5;123
20250627 124900;22743.5;22743.5;22737.25;22738.75;149
20250627 125000;22739.25;22739.25;22734;22736.25;257
20250627 125100;22736.75;22739.75;22730.25;22732.25;225
20250627 125200;22732.75;22733;22722.75;22727.5;562
20250627 125300;22727.5;22730.5;22726.75;22730;129
20250627 125400;22730.5;22731.75;22725.25;22730.75;212
20250627 125500;22730.75;22732;22729;22731.25;80
20250627 125600;22731;22731.75;22728.75;22729.25;108
20250627 125700;22728.5;22734;22728.5;22732.25;154
20250627 125800;22732;22733.5;22727.75;22730.25;148
20250627 125900;22730;22734;22729.5;22733.75;98
20250627 130000;22733;22735.75;22731;22731;215
20250627 130100;22731.25;22735;22730;22732.5;207
20250627 130200;22731.5;22731.5;22717.25;22717.25;740
20250627 130300;22718.25;22723;22715.75;22718.5;495
20250627 130400;22718.25;22721.25;22716.5;22717.25;230
20250627 130500;22717.5;22718;22712;22713;331
20250627 130600;22713.25;22714;22705.25;22711.75;537
20250627 130700;22712.5;22718.25;22711.25;22713.75;362
20250627 130800;22712.5;22715.75;22712;22712.5;120
20250627 130900;22711.75;22715;22708;22711;224
20250627 131000;22711;22711.5;22706.75;22709.25;373
20250627 131100;22709.75;22710.75;22706.75;22708;257
20250627 131200;22708.5;22712.75;22708.25;22710.25;216
20250627 131300;22710.5;22713.25;22702.75;22706.5;289
20250627 131400;22706.25;22709.25;22705.25;22709;187
20250627 131500;22709;22709.75;22705;22707.5;178
20250627 131600;22707.5;22716.25;22707.25;22716;251
20250627 131700;22716.25;22716.5;22710.75;22715;132
20250627 131800;22714.75;22728;22711.5;22722.5;759
20250627 131900;22722;22722.25;22715.75;22715.75;216
20250627 132000;22715.25;22716.5;22711.5;22716;251
20250627 132100;22716;22722;22714.5;22720.25;322
20250627 132200;22720.5;22720.5;22714.25;22716.5;178
20250627 132300;22716.25;22721;22714.5;22721;172
20250627 132400;22719.75;22720.25;22716.75;22718.25;155
20250627 132500;22718.75;22719;22713.25;22715.5;249
20250627 132600;22716.25;22725.5;22714.75;22721.25;411
20250627 132700;22721;22721.5;22716.25;22720;204
20250627 132800;22720;22728;22718;22725.25;409
20250627 132900;22725.5;22725.5;22705.5;22709.25;772
20250627 133000;22708.75;22710;22703.75;22707.25;658
20250627 133100;22707.5;22717;22692.5;22715;3624
20250627 133200;22714.75;22727.75;22700.75;22708.75;2761
20250627 133300;22708.5;22710.75;22685.25;22701.5;2211
20250627 133400;22701.25;22725.5;22698.75;22725;1822
20250627 133500;22725.75;22728.5;22714.25;22717.75;1940
20250627 133600;22717.75;22721.75;22707.5;22708.25;1233
20250627 133700;22708;22725;22705.75;22724;1522
20250627 133800;22723.75;22734;22718.5;22733.25;1815
20250627 133900;22733.5;22737.25;22727.25;22736.5;1464
20250627 134000;22737;22742.75;22735.25;22737.5;1526
20250627 134100;22737.75;22738.25;22717;22729;1857
20250627 134200;22728.5;22735.25;22724.5;22728;938
20250627 134300;22728.5;22737.25;22727.5;22734;728
20250627 134400;22733.75;22737.75;22732;22736.25;566
20250627 134500;22736;22737;22727.75;22732.75;768
20250627 134600;22732.75;22744;22731;22739.25;1346
20250627 134700;22739.25;22745;22736.75;22739;759
20250627 134800;22739;22742.5;22735.75;22739;540
20250627 134900;22739.5;22744.5;22737;22738;639
20250627 135000;22738;22741.5;22734;22735.25;755
20250627 135100;22735.75;22741.25;22733.5;22735;859
20250627 135200;22735.5;22739.5;22729.75;22737.75;902
20250627 135300;22738.25;22743;22734.5;22738;695
20250627 135400;22738.75;22746;22738.75;22740.25;1014
20250627 135500;22740.5;22744.75;22736.75;22743.75;728
20250627 135600;22743.5;22758.25;22743.25;22756;1719
20250627 135700;22755.75;22768.25;22755;22765.75;1973
20250627 135800;22765.75;22770;22759.5;22762.75;1415
20250627 135900;22762.5;22766;22758.75;22764.75;751
20250627 140000;22764.5;22770;22762.25;22764;868
20250627 140100;22764.5;22792.5;22764.5;22788.25;3315
20250627 140200;22788.75;22792.5;22784.25;22788.75;1340
20250627 140300;22788.5;22789.5;22781.5;22786;1210
20250627 140400;22785.75;22800;22785.75;22797.5;1870
20250627 140500;22797.75;22800.5;22791.25;22793.75;1254
20250627 140600;22794;22803.25;22793.25;22798.5;1619
20250627 140700;22798.5;22802.5;22796.75;22798.25;1024
20250627 140800;22798;22801;22794.5;22796.25;813
20250627 140900;22796.75;22807.25;22795.75;22806;1340
20250627 141000;22805.75;22815.5;22792.75;22797;2611
20250627 141100;22797.25;22808.25;22792.75;22798;1807
20250627 141200;22798.5;22807.5;22796.5;22807;987
20250627 141300;22806.5;22825.5;22805.75;22817;1812
20250627 141400;22817;22819.25;22808.75;22811.25;1165
20250627 141500;22811.25;22813.25;22800.5;22802.25;1051
20250627 141600;22801.25;22811;22801.25;22805.5;769
20250627 141700;22805.5;22806.5;22791.25;22799;1505
20250627 141800;22799;22800;22791;22795.25;876
20250627 141900;22795.75;22797.25;22788.5;22795;871
20250627 142000;22795.25;22799;22790.75;22794.25;686
20250627 142100;22794.5;22805;22791.5;22804.75;926
20250627 142200;22804.75;22812;22803.5;22811.5;1039
20250627 142300;22811.5;22816;22803.75;22808.25;1191
20250627 142400;22808;22808.5;22794.5;22796;956
20250627 142500;22796;22797.5;22786;22788.25;1076
20250627 142600;22788.75;22788.75;22773.75;22779.5;1748
20250627 142700;22779.5;22788.25;22778.75;22787;994
20250627 142800;22787.25;22788;22772.25;22774.75;1048
20250627 142900;22774.25;22784.5;22773.5;22777.75;1141
20250627 143000;22778.25;22785.25;22776.75;22783.25;748
20250627 143100;22783.25;22786;22775;22776;944
20250627 143200;22775.75;22776;22763.25;22775;1754
20250627 143300;22774;22781.5;22769.25;22777.75;853
20250627 143400;22777.25;22779.5;22771;22771.75;799
20250627 143500;22771.5;22779;22769.5;22776.25;494
20250627 143600;22776;22776.25;22768;22775;841
20250627 143700;22774.5;22782;22771.75;22781;744
20250627 143800;22780.5;22804.75;22779;22793.75;2918
20250627 143900;22794;22811.5;22790.75;22811.25;2118
20250627 144000;22811.25;22814.75;22796.5;22798.5;1191
20250627 144100;22798;22803;22792.75;22797;970
20250627 144200;22796.5;22799.25;22793.25;22798.5;509
20250627 144300;22798;22803.75;22793.5;22799.75;849
20250627 144400;22799.75;22803;22797;22803;483
20250627 144500;22803;22805.5;22796.75;22800.25;622
20250627 144600;22800.75;22802.75;22795;22797;579
20250627 144700;22797.5;22797.5;22787.75;22791.25;976
20250627 144800;22791;22797.5;22789;22795.75;807
20250627 144900;22795.5;22799.5;22791.25;22791.5;710
20250627 145000;22791.25;22794.25;22786.5;22791.5;735
20250627 145100;22791.5;22793.25;22785.75;22787;721
20250627 145200;22786.5;22787.75;22765.25;22766;1924
20250627 145300;22765.5;22770.75;22752;22769;2030
20250627 145400;22768.5;22778.5;22764.5;22778.25;932
20250627 145500;22778.5;22779;22771;22774.5;769
20250627 145600;22774.5;22775.25;22758;22758.75;974
20250627 145700;22758.25;22760.75;22752.75;22757.25;988
20250627 145800;22757.25;22762.25;22754;22758;798
20250627 145900;22758;22760.5;22748.5;22759.75;1097
20250627 150000;22759.5;22763;22756.5;22759;725
20250627 150100;22760.25;22761.5;22745;22750.25;1540
20250627 150200;22750.25;22756.5;22748;22753;867
20250627 150300;22753.25;22763;22752.5;22759.5;922
20250627 150400;22760;22770;22760;22768;1076
20250627 150500;22768.5;22772;22765.75;22769;793
20250627 150600;22769.25;22772.25;22765;22768;661
20250627 150700;22768.25;22782.5;22768;22780.5;1220
20250627 150800;22781;22783.25;22776.25;22778.25;704
20250627 150900;22778.25;22779.5;22774.5;22774.75;503
20250627 151000;22775;22777.5;22771;22776;674
20250627 151100;22776;22782.25;22774.5;22776;783
20250627 151200;22776.5;22781;22775.25;22777;482
20250627 151300;22777;22785.5;22777;22781.75;748
20250627 151400;22782;22787;22779.75;22779.75;545
20250627 151500;22780.5;22782.25;22775.5;22778.25;505
20250627 151600;22778.75;22779.5;22773.5;22777.75;648
20250627 151700;22777.25;22777.5;22764.5;22765.5;1004
20250627 151800;22765.25;22768;22760.5;22765.75;987
20250627 151900;22765.5;22767.25;22759;22766.25;583
20250627 152000;22766.5;22775.75;22766.25;22773.75;686
20250627 152100;22774.25;22775.5;22765.75;22769.5;690
20250627 152200;22769.5;22781.5;22769.25;22781.5;680
20250627 152300;22781.25;22789.5;22781;22788.5;1054
20250627 152400;22788;22789.5;22784;22789;588
20250627 152500;22788.5;22789.5;22782.75;22789;610
20250627 152600;22788.5;22790.75;22781;22785.75;811
20250627 152700;22785.25;22788;22783;22787.5;421
20250627 152800;22787.75;22789.5;22782.75;22783.5;461
20250627 152900;22784.25;22791.25;22784.25;22788;569
20250627 153000;22788;22793;22787.25;22792.5;552
20250627 153100;22792.25;22795.5;22789.25;22793.25;944
20250627 153200;22793.25;22802.25;22791.75;22801.25;1229
20250627 153300;22801.25;22806;22801;22804.5;1028
20250627 153400;22804.5;22806.75;22802.25;22804.25;823
20250627 153500;22804;22807.5;22801.25;22807;910
20250627 153600;22807.25;22809;22805.75;22806.75;946
20250627 153700;22806.5;22812.5;22805.5;22809.75;856
20250627 153800;22809.75;22813.25;22806.75;22807.5;844
20250627 153900;22807.25;22810;22802.75;22810;762
20250627 154000;22810;22812.5;22809.25;22811.75;554
20250627 154100;22811.75;22814.75;22804.25;22812.25;1086
20250627 154200;22812.75;22818.75;22810.75;22811.5;970
20250627 154300;22811.5;22814;22806.25;22808.75;829
20250627 154400;22809;22812.75;22806.5;22812;643
20250627 154500;22812;22817.5;22812;22814.5;744
20250627 154600;22814.5;22815;22806.25;22808.25;864
20250627 154700;22809;22817.5;22808.75;22817;635
20250627 154800;22817;22817.5;22812;22814.75;453
20250627 154900;22815;22816.5;22812;22816.25;376
20250627 155000;22816.5;22820;22814.25;22818;534
20250627 155100;22818.75;22819.25;22811;22813;670
20250627 155200;22813.5;22815.75;22808.25;22808.5;576
20250627 155300;22809;22812;22808.25;22808.25;395
20250627 155400;22808.25;22814.25;22807.5;22808.75;490
20250627 155500;22809;22814.75;22808.75;22814;389
20250627 155600;22813.5;22817;22812.75;22816.25;420
20250627 155700;22816.25;22817;22810.25;22811.5;505
20250627 155800;22811.5;22813.5;22809;22811;550
20250627 155900;22810.75;22814;22808.25;22813.75;330
20250627 160000;22814;22814.5;22807.75;22809.25;401
20250627 160100;22809.25;22810;22798.75;22799.25;1134
20250627 160200;22799.5;22802.5;22797.25;22798.5;604
20250627 160300;22798.75;22804.5;22798.75;22802;400
20250627 160400;22802;22808.25;22802;22804.25;442
20250627 160500;22804.5;22806.25;22795.75;22801;679
20250627 160600;22801;22808;22800.25;22805.75;495
20250627 160700;22806;22808.75;22804.75;22806.5;403
20250627 160800;22806;22806;22801.75;22804.5;337
20250627 160900;22804.25;22805;22798.5;22801.5;398
20250627 161000;22801.5;22804;22799.75;22803;379
20250627 161100;22803.25;22804.25;22800.25;22802.25;284
20250627 161200;22802;22802.25;22798.75;22801.75;232
20250627 161300;22801.25;22807.75;22799.25;22807;589
20250627 161400;22807.75;22808.25;22803;22804.75;671
20250627 161500;22805;22806.5;22800;22801;584
20250627 161600;22801.25;22802.5;22793.75;22799.5;852
20250627 161700;22799.75;22801.5;22791.5;22792.5;864
20250627 161800;22792.5;22795.75;22784.5;22794.25;1013
20250627 161900;22794;22794;22787.25;22787.75;405
20250627 162000;22788;22788.25;22778;22783.5;958
20250627 162100;22783.5;22787.5;22778;22786.75;1206
20250627 162200;22786.5;22792.5;22785.5;22791.5;755
20250627 162300;22791.25;22791.75;22787.5;22788.5;448
20250627 162400;22788.25;22789.25;22782.5;22783;374
20250627 162500;22782.75;22785.5;22781.5;22784.75;347
20250627 162600;22784.25;22794.75;22782.25;22793.75;697
20250627 162700;22793.5;22794.25;22788.25;22792.25;465
20250627 162800;22792;22795.5;22790.75;22792;489
20250627 162900;22792.25;22798.5;22790.75;22797.25;678
20250627 163000;22797;22798.5;22794.25;22796.75;499
20250627 163100;22796.75;22797;22790.25;22793;658
20250627 163200;22793;22798.75;22792.25;22797.75;589
20250627 163300;22798.25;22799.25;22793.25;22794.5;418
20250627 163400;22794.25;22796;22791.25;22795.25;327
20250627 163500;22795.25;22796.25;22790;22791;353
20250627 163600;22791.5;22791.75;22786;22789.5;683
20250627 163700;22789.75;22790.5;22780.25;22785.25;716
20250627 163800;22785;22788.25;22782.25;22788.25;374
20250627 163900;22788;22792;22786.25;22787.5;400
20250627 164000;22787.75;22788.25;22782;22786.75;438
20250627 164100;22787.25;22790;22781.25;22790;531
20250627 164200;22790.25;22791.25;22784.25;22785.25;284
20250627 164300;22785.5;22786.75;22779.5;22779.75;532
20250627 164400;22779.5;22780.5;22775.25;22777.75;658
20250627 164500;22777.75;22779.5;22772.25;22779.25;764
20250627 164600;22779;22782;22776.25;22778.25;681
20250627 164700;22778.5;22778.5;22773.25;22775.5;499
20250627 164800;22775.5;22779.25;22775;22777.5;465
20250627 164900;22776.75;22778.5;22772.5;22774;469
20250627 165000;22774;22776.5;22769.5;22775.25;730
20250627 165100;22775.5;22777.75;22770;22777.25;755
20250627 165200;22776.75;22786;22775.75;22785.75;1103
20250627 165300;22785.25;22788;22782.25;22787;652
20250627 165400;22787;22787.25;22782.5;22785.75;378
20250627 165500;22785.75;22789.5;22781.75;22786.75;548
20250627 165600;22787.5;22789.75;22784;22788.25;569
20250627 165700;22788;22795.75;22787.25;22794.5;751
20250627 165800;22794.5;22798.75;22793.75;22795.25;705
20250627 165900;22795.5;22795.75;22789.5;22794.25;530
20250627 170000;22794;22797.5;22792.75;22795;468
20250627 170100;22794.75;22795;22783;22791;953
20250627 170200;22790.75;22792;22784.75;22785.25;407
20250627 170300;22785.25;22785.25;22778.25;22779.5;724
20250627 170400;22779.5;22784;22774.5;22783.5;806
20250627 170500;22783.75;22784.5;22780.5;22783;337
20250627 170600;22783;22786;22781;22781.75;416
20250627 170700;22782.75;22785;22778.5;22781.75;391
20250627 170800;22782;22787.75;22780.75;22787.25;276
20250627 170900;22787.25;22789.75;22785.5;22786.75;337
20250627 171000;22786.25;22789.75;22786;22789.75;314
20250627 171100;22789.5;22795.25;22788.5;22793.5;638
20250627 171200;22793.75;22795;22790;22792.5;367
20250627 171300;22793;22794.5;22790.5;22794;236
20250627 171400;22794.25;22798.25;22793.75;22796.75;427
20250627 171500;22796.25;22797.5;22793.25;22795.5;294
20250627 171600;22795.25;22795.75;22789.75;22791;353
20250627 171700;22790.5;22793.5;22787.5;22791.25;434
20250627 171800;22791.75;22792.5;22787.75;22790.5;250
20250627 171900;22790.25;22790.5;22780.75;22781.25;662
20250627 172000;22781;22786.75;22778.75;22786.75;502
20250627 172100;22786.25;22786.5;22779.75;22783;371
20250627 172200;22783.25;22785;22779.25;22783.75;383
20250627 172300;22783.25;22784;22773.75;22776.25;572
20250627 172400;22776.5;22777;22767.5;22769.5;839
20250627 172500;22769.75;22775.25;22766;22773.5;885
20250627 172600;22773;22774.25;22768.75;22771.5;487
20250627 172700;22771.75;22777.75;22769.75;22777.25;505
20250627 172800;22777;22778;22771;22772.25;384
20250627 172900;22772.25;22772.25;22767.25;22771.25;402
20250627 173000;22771.25;22772.75;22768;22772.25;318
20250627 173100;22772.5;22776.5;22765.5;22774.5;686
20250627 173200;22774.75;22779;22773;22777.75;494
20250627 173300;22777.75;22778.5;22770;22773;574
20250627 173400;22773;22776;22767.25;22770.75;642
20250627 173500;22770.5;22772.5;22766.25;22766.25;420
20250627 173600;22766.25;22768.75;22759;22765;1097
20250627 173700;22765.25;22769;22762.75;22764;531
20250627 173800;22764;22771;22763.25;22767.75;391
20250627 173900;22767.5;22770;22764;22770;314
20250627 174000;22769.25;22774;22769;22773;466
20250627 174100;22773;22778.25;22771.5;22778.25;490
20250627 174200;22778.25;22781.25;22777.25;22780.25;487
20250627 174300;22779.75;22781.25;22775.25;22775.5;451
20250627 174400;22775.5;22779.75;22771.75;22773.5;515
20250627 174500;22773.5;22776.25;22727;22751.5;4739
20250627 174600;22751.25;22751.75;22730;22730.75;2152
20250627 174700;22730.5;22730.5;22704;22721.75;3765
20250627 174800;22722;22737.5;22716.75;22733;1914
20250627 174900;22733.25;22736.5;22715.75;22721;1470
20250627 175000;22720.25;22725;22712.25;22718.25;1491
20250627 175100;22717;22721.75;22699;22713.25;2395
20250627 175200;22712.75;22718.5;22702;22714.75;1303
20250627 175300;22714.75;22730.25;22714;22729.75;1493
20250627 175400;22729.5;22732.25;22720;22722.75;985
20250627 175500;22723.25;22726;22711.5;22720.75;947
20250627 175600;22719.5;22721.25;22706.5;22710.25;1257
20250627 175700;22710;22715.75;22696;22713.25;1873
20250627 175800;22713.75;22725;22711.25;22723.25;1207
20250627 175900;22722.25;22729.75;22718.75;22727.75;860
20250627 180000;22727.25;22743.75;22727.25;22736;1599
20250627 180100;22736.25;22739.5;22724;22727;1127
20250627 180200;22726.5;22727.5;22720.25;22727.5;805
20250627 180300;22727;22735.25;22724.5;22733.25;514
20250627 180400;22732.75;22739.75;22731;22731.5;709
20250627 180500;22731.75;22733.75;22724.25;22728.75;1245
20250627 180600;22728.75;22736.25;22724.75;22735.25;735
20250627 180700;22735.5;22742.5;22733.75;22739;757
20250627 180800;22738.5;22740;22731;22731.5;566
20250627 180900;22731.75;22734.75;22727.5;22728.5;640
20250627 181000;22729.5;22736.75;22728.25;22730.5;480
20250627 181100;22729.25;22735.5;22728.75;22733.5;436
20250627 181200;22733.5;22734.25;22726.25;22728.75;733
20250627 181300;22728.75;22729.5;22715.75;22719;1122
20250627 181400;22719;22720.75;22706.75;22707;913
20250627 181500;22707.5;22714.25;22706.25;22712;785
20250627 181600;22711.5;22718.25;22708;22710;1013
20250627 181700;22709.5;22714.25;22704.5;22711.5;678
20250627 181800;22711.25;22717.25;22707.5;22714.25;646
20250627 181900;22715;22716;22693.25;22693.25;1065
20250627 182000;22693;22698;22677;22691;2306
20250627 182100;22690.75;22696.75;22684.5;22689.75;1331
20250627 182200;22689;22691.5;22681.5;22690.25;869
20250627 182300;22689.75;22691;22674;22680.5;1306
20250627 182400;22680;22695.5;22678.5;22690;1040
20250627 182500;22690.25;22701.5;22688.5;22694.25;1017
20250627 182600;22694.25;22703.25;22692.5;22701;700
20250627 182700;22700.5;22703;22693.5;22693.5;304
20250627 182800;22693.5;22693.5;22685.75;22686.25;498
20250627 182900;22686.75;22690.5;22677;22678;961
20250627 183000;22678.75;22681.5;22666;22666;1487
20250627 183100;22666.5;22673.5;22650;22654.75;2765
20250627 183200;22655.5;22665.25;22648.75;22655.5;1780
20250627 183300;22655.25;22675;22650.5;22672.75;1543
20250627 183400;22673;22677;22662.75;22663;1013
20250627 183500;22662.75;22671.25;22660.75;22670.25;716
20250627 183600;22670.5;22674.75;22663.5;22673.75;659
20250627 183700;22674;22675.25;22655.25;22655.75;1007
20250627 183800;22655.75;22660;22650;22652.75;828
20250627 183900;22653;22655;22637.5;22638;1336
20250627 184000;22638;22647;22634.25;22634.75;1376
20250627 184100;22635.25;22637.5;22623.75;22631;2443
20250627 184200;22631.25;22636.25;22620;22633;1638
20250627 184300;22633.5;22635.25;22615;22615.25;1379
20250627 184400;22615.75;22622.5;22611;22616;1387
20250627 184500;22615.75;22641.25;22615.25;22640.25;1546
20250627 184600;22640.75;22658.5;22633.75;22654.75;1621
20250627 184700;22655;22659.75;22645.5;22658.75;1056
20250627 184800;22658.5;22661.25;22641.75;22647.5;1141
20250627 184900;22647;22652.5;22640;22640.75;756
20250627 185000;22640.75;22650;22634.25;22635.25;865
20250627 185100;22635.5;22637;22620.75;22626.25;1423
20250627 185200;22626.5;22632.25;22622;22626.75;939
20250627 185300;22626.5;22630.5;22601.5;22602.25;1782
20250627 185400;22602;22623;22600.25;22618.25;1308
20250627 185500;22618.75;22622.25;22610.5;22612;614
20250627 185600;22611.5;22615.75;22600.5;22601;845
20250627 185700;22600.5;22614;22600;22601.5;973
20250627 185800;22601.25;22617.5;22600;22608.25;1036
20250627 185900;22608.5;22618.25;22604.5;22613.75;934
20250627 190000;22614.25;22616;22606.5;22609.75;722
20250627 190100;22611;22628;22605.25;22618;1517
20250627 190200;22618.5;22625.5;22610.25;22613.25;931
20250627 190300;22613.5;22630;22612.5;22625.25;939
20250627 190400;22624.75;22632.5;22620.25;22630.5;883
20250627 190500;22630.5;22643.75;22628.25;22639.25;1196
20250627 190600;22638.25;22641.25;22624.5;22632.5;950
20250627 190700;22632.75;22647.75;22632.75;22645;865
20250627 190800;22645.25;22654;22643.75;22651.75;904
20250627 190900;22651.5;22653.25;22643.75;22646.5;686
20250627 191000;22646.5;22649.5;22641.25;22644.25;549
20250627 191100;22644.5;22658.75;22643.5;22657;825
20250627 191200;22657;22667.75;22655.25;22664.25;1360
20250627 191300;22664.25;22669.75;22655;22657;830
20250627 191400;22657.25;22664.5;22657;22663;451
20250627 191500;22663.25;22667.75;22662.5;22666.25;599
20250627 191600;22666.5;22672;22665;22665;1662
20250627 191700;22665.25;22671.5;22663.75;22670;574
20250627 191800;22670.75;22670.75;22653.75;22660.25;1164
20250627 191900;22659.75;22661.25;22652;22653.75;628
20250627 192000;22653.5;22663.25;22651.75;22661.75;651
20250627 192100;22662.25;22667.75;22660;22665.5;584
20250627 192200;22665.5;22667;22661.75;22662.5;450
20250627 192300;22662;22676.75;22661.5;22673.25;1088
20250627 192400;22673.25;22674.5;22668;22673.5;555
20250627 192500;22673.75;22678.5;22673.25;22677.75;594
20250627 192600;22678.25;22686;22674.25;22686;1049
20250627 192700;22685.75;22686.25;22675.75;22677.75;939
20250627 192800;22677.5;22681.25;22676.25;22677.75;471
20250627 192900;22677.75;22678.5;22665.75;22667;910
20250627 193000;22666.75;22672;22666;22671;688
20250627 193100;22671.25;22683.75;22671.25;22682.25;1067
20250627 193200;22682;22686.75;22679.5;22681.75;730
20250627 193300;22681.25;22683.75;22677.75;22683.75;505
20250627 193400;22684;22691;22682.5;22689.25;739
20250627 193500;22689.75;22692.25;22686;22689.75;822
20250627 193600;22689.25;22691.5;22683;22687.25;738
20250627 193700;22686.5;22693;22686;22690.25;652
20250627 193800;22690;22697.75;22686.75;22696.25;680
20250627 193900;22697;22699.5;22692.75;22696.5;673
20250627 194000;22697.25;22701.5;22693.75;22698;844
20250627 194100;22698.5;22708.25;22698.5;22707;1311
20250627 194200;22707.25;22712;22700.25;22704;1318
20250627 194300;22704.25;22707.75;22699.5;22706.25;765
20250627 194400;22706.25;22710;22704;22708.75;686
20250627 194500;22708.25;22709.75;22703.25;22704.5;575
20250627 194600;22705.25;22711.5;22703.5;22709.25;742
20250627 194700;22709.75;22715.25;22708;22714.5;773
20250627 194800;22714.75;22718.75;22711.25;22713.75;912
20250627 194900;22714;22720.5;22708.5;22717.25;1137
20250627 195000;22717.25;22718.5;22703.75;22706.75;1261
20250627 195100;22706.5;22737.25;22701.25;22722;3378
20250627 195200;22723;22726;22712.5;22723.25;1448
20250627 195300;22723;22724.5;22715.75;22719.5;917
20250627 195400;22720;22733.25;22720;22732;1471
20250627 195500;22732;22743.5;22724;22737;3226
20250627 195600;22737.25;22745.5;22734.75;22738;2860
20250627 195700;22737.75;22748.25;22736.75;22747.75;1564
20250627 195800;22748;22759.25;22747.5;22755.25;2333
20250627 195900;22755.5;22757.75;22743.75;22755.75;2833
20250627 200000;22756;22759.75;22745.5;22752;7424
20250627 200100;22752;22752.75;22728.5;22735.25;4146
20250627 200200;22735.25;22746.5;22734.5;22743.5;1178
20250627 200300;22743;22747;22741;22742.5;498
20250627 200400;22742;22750.25;22742;22749.25;588
20250627 200500;22749.25;22750;22738;22738.25;478
20250627 200600;22738;22741.5;22734.75;22741;480
20250627 200700;22741;22741.25;22737;22738.25;343
20250627 200800;22737.75;22742.25;22735.25;22741.5;309
20250627 200900;22741.25;22744.75;22740;22743.75;292
20250627 201000;22744;22744.5;22739.75;22742.5;229
20250627 201100;22743;22747.5;22738.5;22743.75;1084
20250627 201200;22744;22745.5;22736.5;22745;572
20250627 201300;22744.5;22746.25;22741;22743.75;349
20250627 201400;22743.75;22743.75;22734;22737.5;640
20250627 201500;22737.75;22740.75;22733;22740.5;413
20250627 201600;22740.5;22746;22738.75;22741.75;301
20250627 201700;22741.75;22742;22736.75;22738.25;201
20250627 201800;22739;22742.5;22737.25;22741.75;169
20250627 201900;22741.25;22744;22740;22741.25;108
20250627 202000;22741.5;22741.5;22738;22738.75;75
20250627 202100;22738.75;22739.75;22737.25;22737.25;99
20250627 202200;22737.5;22741.5;22737.5;22740.5;140
20250627 202300;22740.75;22741.25;22735.25;22737.75;143
20250627 202400;22737.5;22737.5;22735;22737;98
20250627 202500;22736.5;22739;22736.5;22738.25;134
20250627 202600;22738.25;22739.5;22737.5;22738.5;180
20250627 202700;22738.75;22741.5;22736.5;22737.5;131
20250627 202800;22737.25;22739.5;22732.75;22738.75;266
20250627 202900;22738;22738.5;22731.75;22735;175
20250627 203000;22734.5;22738.75;22734;22738.5;183
20250627 203100;22738;22741.5;22736.5;22740;553
20250627 203200;22740;22741.25;22735;22738.5;218
20250627 203300;22739.5;22742.75;22738.75;22739.75;177
20250627 203400;22740;22740.75;22734.5;22738.25;131
20250627 203500;22738;22740.25;22737.25;22737.25;100
20250627 203600;22737.5;22738;22734.25;22736;139
20250627 203700;22735.75;22736.75;22734;22735.75;142
20250627 203800;22735.25;22735.75;22732;22733.5;135
20250627 203900;22733.25;22737.5;22732.5;22736.75;165
20250627 204000;22736.25;22738;22735.75;22736.5;91
20250627 204100;22736.25;22738.75;22733.75;22738.75;173
20250627 204200;22737.5;22738;22735.75;22736.75;63
20250627 204300;22736.5;22737.25;22735.25;22736.5;83
20250627 204400;22736.75;22737;22733;22734.75;139
20250627 204500;22735;22736.75;22732.5;22733.25;143
20250627 204600;22733;22733.75;22727.5;22728.5;224
20250627 204700;22728;22730.25;22727.25;22730.25;119
20250627 204800;22730;22733.5;22730;22732;62
20250627 204900;22731.5;22731.5;22730;22731;44
20250627 205000;22731;22735.25;22731;22733.5;171
20250627 205100;22734;22742;22733;22741.25;203
20250627 205200;22741;22741;22738.5;22740.25;136
20250627 205300;22740.5;22743.75;22740.5;22743.75;114
20250627 205400;22743.5;22743.5;22740.75;22740.75;64
20250627 205500;22741;22749.75;22741;22743.25;223
20250627 205600;22742.5;22743.75;22739.25;22743.25;174
20250627 205700;22743.5;22747;22741;22741.25;168
20250627 205800;22741.5;22747;22741.5;22742.5;129
20250627 205900;22742.5;22742.5;22738;22739.5;93
20250627 210000;22739.5;22744.25;22737.75;22740.25;202
20250629 220100;22751.5;22782.5;22751.5;22766.5;397
20250629 220200;22766.5;22784;22766.25;22779.75;263
20250629 220300;22779;22788.75;22777.75;22786.25;162
20250629 220400;22786;22786.5;22776.25;22777.25;176
20250629 220500;22777;22779.25;22772;22775;128
20250629 220600;22775.25;22776;22758.5;22764;268
20250629 220700;22762.25;22775;22757.5;22773.25;183
20250629 220800;22772.25;22778;22771;22778;104
20250629 220900;22778;22787.75;22775;22784.25;149
20250629 221000;22785.5;22791;22778.75;22780;270
20250629 221100;22778;22781;22770;22772;139
20250629 221200;22772.75;22776.25;22772;22774.25;52
20250629 221300;22774.25;22775.25;22770;22774.25;67
20250629 221400;22774.5;22774.5;22769.5;22771;45
20250629 221500;22771;22777;22771;22776.5;68
20250629 221600;22776.25;22779;22775;22777;143
20250629 221700;22777.75;22784;22777.75;22782.25;73
20250629 221800;22782;22782.5;22779.5;22780.5;65
20250629 221900;22781.25;22782.75;22779.75;22779.75;60
20250629 222000;22779.25;22781.25;22779.25;22780.75;25
20250629 222100;22781.5;22786.5;22780.75;22785.25;126
20250629 222200;22784.75;22788;22782.5;22785;84
20250629 222300;22784.75;22788.5;22783;22787.25;113
20250629 222400;22787.5;22791.25;22785.75;22791.25;92
20250629 222500;22791.25;22793;22788.75;22790.5;87
20250629 222600;22791.25;22792.5;22789;22790.5;64
20250629 222700;22790.5;22797.5;22790.5;22796.25;130
20250629 222800;22796.75;22806.75;22796.75;22801.25;373
20250629 222900;22800;22806;22800;22805.25;94
20250629 223000;22804;22809.5;22803.5;22808;135
20250629 223100;22809.25;22812;22808.25;22810.25;91
20250629 223200;22810;22810.75;22805;22807;145
20250629 223300;22806;22808.5;22803.5;22807;71
20250629 223400;22806.75;22812.75;22806.75;22810;131
20250629 223500;22808.5;22810.25;22807.75;22808.75;60
20250629 223600;22808;22816;22807.75;22811;134
20250629 223700;22809;22811;22808.75;22810.5;21
20250629 223800;22810.75;22810.75;22809.5;22810;13
20250629 223900;22809.75;22810;22808;22809.75;18
20250629 224000;22809.25;22810.25;22808;22810.25;48
20250629 224100;22810.25;22810.75;22805.5;22807.25;83
20250629 224200;22807;22815.25;22806;22811.75;131
20250629 224300;22812;22814.25;22808.25;22808.5;76
20250629 224400;22808.5;22810;22808.5;22809.75;9
20250629 224500;22808.25;22809.75;22807.25;22808.25;39
20250629 224600;22808;22810;22806.5;22810;27
20250629 224700;22809.5;22809.5;22802.5;22802.5;71
20250629 224800;22803;22807;22802.75;22804;78
20250629 224900;22804.75;22811.5;22804.75;22809.25;85
20250629 225000;22809.5;22813.75;22807.75;22813.75;106
20250629 225100;22813.25;22816.25;22812;22813;154
20250629 225200;22814;22819.75;22813.25;22818;140
20250629 225300;22817;22817;22812.25;22812.5;114
20250629 225400;22813.5;22817.5;22812;22815.75;51
20250629 225500;22815.75;22828;22815.75;22822;446
20250629 225600;22821.5;22842.5;22820;22836.25;487
20250629 225700;22836.75;22838.75;22826.75;22827;257
20250629 225800;22827;22831.75;22827;22830.5;115
20250629 225900;22829.5;22831.25;22823;22823;156
20250629 230000;22824.5;22825;22818.5;22819.5;173
20250629 230100;22818.75;22821.25;22817;22818.75;112
20250629 230200;22818.5;22824.25;22818.5;22822.25;80
20250629 230300;22822.25;22825.5;22822;22824.25;59
20250629 230400;22825.25;22828.5;22824;22825.25;123
20250629 230500;22826.25;22834;22826.25;22833.5;159
20250629 230600;22834;22839.5;22830;22838.75;271
20250629 230700;22838.75;22838.75;22834;22834.75;81
20250629 230800;22834.5;22841;22834.5;22840.25;111
20250629 230900;22841;22841.5;22838;22840.25;71
20250629 231000;22840.25;22840.25;22834.75;22834.75;56
20250629 231100;22835.5;22838.25;22835;22836.25;47
20250629 231200;22836.5;22838;22836;22837.25;26
20250629 231300;22837.5;22837.75;22835;22837;29
20250629 231400;22836.75;22844;22835.5;22843;105
20250629 231500;22842.5;22847;22839.75;22840;246
20250629 231600;22839.5;22846;22839.5;22840.75;88
20250629 231700;22840.75;22844;22840.75;22842.5;40
20250629 231800;22842.5;22846;22842.5;22844;70
20250629 231900;22843.25;22843.25;22839.25;22841.25;56
20250629 232000;22842.25;22844;22840;22840.5;78
20250629 232100;22839.75;22839.75;22835;22836.5;119
20250629 232200;22836;22839.75;22834;22838;63
20250629 232300;22838;22839;22837;22838;18
20250629 232400;22837;22837.25;22830.75;22833;113
20250629 232500;22833.5;22837.5;22831.75;22835;68
20250629 232600;22835.75;22839.75;22835.75;22837.75;68
20250629 232700;22838.75;22838.75;22837;22838.25;13
20250629 232800;22837.25;22837.25;22834.75;22836.75;43
20250629 232900;22836.75;22836.75;22830.25;22831.25;49
20250629 233000;22831.25;22834.5;22830.5;22833.75;55
20250629 233100;22834;22834.75;22832.25;22832.75;23
20250629 233200;22832.75;22832.75;22830;22830;65
20250629 233300;22829.75;22832.25;22828;22831.5;92
20250629 233400;22831;22831.75;22830.5;22831.75;25
20250629 233500;22831.75;22832.25;22827.75;22828.5;43
20250629 233600;22828;22830;22822.75;22823.75;197
20250629 233700;22823.5;22829.5;22823.25;22827.5;125
20250629 233800;22826.75;22826.75;22814.5;22816.25;297
20250629 233900;22816.5;22817.5;22812.25;22813;117
20250629 234000;22813.75;22816.25;22812;22813.5;89
20250629 234100;22814;22818;22813.75;22816.75;79
20250629 234200;22817;22820;22817;22818;86
20250629 234300;22818;22818.5;22813;22813.75;89
20250629 234400;22813.5;22817.5;22813;22816.25;57
20250629 234500;22815.75;22817.5;22811;22811.75;81
20250629 234600;22811.75;22815.25;22808.25;22814.5;200
20250629 234700;22814;22815.25;22811.75;22814.75;76
20250629 234800;22814;22816.5;22813.25;22814.75;57
20250629 234900;22815.75;22825;22815.5;22825;188
20250629 235000;22825;22825;22821;22822.5;84
20250629 235100;22821.5;22823.25;22820;22822.5;79
20250629 235200;22823.25;22825.25;22820.25;22820.5;62
20250629 235300;22821;22821.75;22811.25;22815.25;175
20250629 235400;22814.75;22823.5;22814.25;22821.5;125
20250629 235500;22822;22824;22820.5;22822.75;75
20250629 235600;22822;22822;22819;22822;35
20250629 235700;22822;22824.75;22821.25;22821.75;44
20250629 235800;22822;22824;22821;22821;22
20250629 235900;22820.25;22820.75;22815;22815;45
20250630 000000;22816;22819;22812.5;22817.75;74
20250630 000100;22817.25;22818.25;22811.75;22812.75;113
20250630 000200;22813;22814;22808;22809.75;169
20250630 000300;22808.5;22813.5;22808;22812.75;82
20250630 000400;22812.5;22817;22810.75;22813;89
20250630 000500;22813.25;22816;22811.25;22812.75;85
20250630 000600;22812.5;22814.75;22808.5;22812.5;97
20250630 000700;22811.5;22812;22809.5;22809.5;51
20250630 000800;22809.5;22818.25;22804.5;22816.75;176
20250630 000900;22817;22822;22815.75;22815.75;140
20250630 001000;22815.25;22820.5;22815.25;22820.5;67
20250630 001100;22820;22821.75;22815.5;22818;93
20250630 001200;22818.75;22820.25;22814.25;22820.25;66
20250630 001300;22818.5;22821.25;22817.5;22820.25;75
20250630 001400;22820.5;22821;22818;22820.5;46
20250630 001500;22820.5;22825.75;22820.5;22823.25;154
20250630 001600;22825;22826;22818;22823;144
20250630 001700;22823.5;22826.25;22821;22822.75;98
20250630 001800;22822.25;22823.5;22819.5;22821.75;53
20250630 001900;22822;22824;22818.75;22820.75;65
20250630 002000;22820;22824;22819.25;22823.5;43
20250630 002100;22824;22825.5;22821;22824.5;74
20250630 002200;22824.5;22826.25;22818.5;22818.5;62
20250630 002300;22819;22823.75;22819;22822.75;76
20250630 002400;22823.5;22824.75;22820.75;22822;53
20250630 002500;22822.25;22823.75;22820.5;22821.25;34
20250630 002600;22820.5;22822.75;22818.75;22819.75;38
20250630 002700;22820;22825.25;22820;22825;75
20250630 002800;22825;22826.25;22823.5;22826.25;43
20250630 002900;22825.5;22832.25;22824.5;22830;200
20250630 003000;22829;22831.75;22827.25;22828.5;73
20250630 003100;22828.25;22831.5;22826.75;22828.5;125
20250630 003200;22828.25;22832.5;22827.5;22832.25;96
20250630 003300;22831.75;22837;22831.25;22835.25;164
20250630 003400;22835;22836.25;22834.25;22835.5;82
20250630 003500;22835.5;22840.5;22835;22838;205
20250630 003600;22838;22842.5;22838;22839.5;191
20250630 003700;22839.25;22840.75;22836.25;22836.25;133
20250630 003800;22836.25;22837;22833.25;22836.25;89
20250630 003900;22836.75;22836.75;22833.75;22833.75;35
20250630 004000;22834.5;22840.75;22834.5;22838.75;144
20250630 004100;22839.5;22842;22836.75;22836.75;86
20250630 004200;22836.5;22839.75;22836;22838.5;126
20250630 004300;22839.25;22839.75;22837.5;22838.25;57
20250630 004400;22839.25;22840;22838;22839;46
20250630 004500;22839.25;22839.75;22836;22837.25;53
20250630 004600;22837.75;22839.75;22833.75;22835.5;144
20250630 004700;22835;22835.5;22832.75;22834;52
20250630 004800;22834.75;22837;22834.5;22836.25;46
20250630 004900;22836.5;22836.75;22834.5;22835.5;33
20250630 005000;22834.5;22836.75;22833.75;22835.75;42
20250630 005100;22834.75;22834.75;22831.75;22832.5;115
20250630 005200;22832.75;22836;22832.5;22833.25;61
20250630 005300;22833.5;22835.75;22833;22835.25;47
20250630 005400;22835;22835.25;22831.5;22832.75;45
20250630 005500;22833;22836;22832.75;22834.5;35
20250630 005600;22833.5;22835.5;22833.25;22835.5;14
20250630 005700;22834.75;22836.5;22833.5;22835;45
20250630 005800;22834.25;22835;22833;22833.5;16
20250630 005900;22833.5;22837.5;22833.5;22835.75;46
20250630 010000;22836.25;22837;22833.25;22834;28
20250630 010100;22833;22833.75;22829.25;22831;125
20250630 010200;22830.5;22831;22822;22822;189
20250630 010300;22822.25;22826;22821.5;22825;83
20250630 010400;22824.5;22828;22821.75;22822;62
20250630 010500;22822.25;22826;22822.25;22825.5;26
20250630 010600;22825.25;22827;22825.25;22825.25;38
20250630 010700;22825.25;22825.5;22820;22823.25;78
20250630 010800;22824.25;22828.25;22823.75;22827.75;47
20250630 010900;22828.5;22829.75;22826.75;22828.75;42
20250630 011000;22829;22829.5;22826.75;22826.75;25
20250630 011100;22826.5;22826.5;22821.5;22822.25;71
20250630 011200;22822;22823.75;22817.25;22818;138
20250630 011300;22819;22820.75;22817.25;22820.75;52
20250630 011400;22821.5;22823.75;22820;22820;44
20250630 011500;22820;22821.25;22819.75;22821;22
20250630 011600;22820.75;22821.75;22816.75;22817.5;52
20250630 011700;22818;22819.25;22817.5;22818.5;24
20250630 011800;22819.25;22820.75;22818.25;22820.75;29
20250630 011900;22820.75;22821.25;22818.5;22821;29
20250630 012000;22820.25;22820.75;22817.75;22820.25;46
20250630 012100;22821;22825;22821;22823.75;87
20250630 012200;22823;22823.75;22818.25;22818.25;50
20250630 012300;22818.5;22819.75;22817.25;22818.75;39
20250630 012400;22819.75;22821.5;22818.75;22819.5;38
20250630 012500;22819.5;22821.25;22819;22820.75;14
20250630 012600;22821.5;22823.5;22821.5;22822.25;41
20250630 012700;22822;22822;22819.5;22821.5;46
20250630 012800;22822.5;22824.5;22821.25;22824.5;40
20250630 012900;22823.5;22823.5;22821.75;22822.75;22
20250630 013000;22823;22825.5;22822.25;22825;68
20250630 013100;22824.25;22827;22824.25;22826.5;68
20250630 013200;22826;22828.25;22825.25;22826.75;46
20250630 013300;22827.25;22828.75;22825.25;22828;41
20250630 013400;22829;22835.25;22828.5;22828.75;167
20250630 013500;22828.75;22831.25;22828;22831;55
20250630 013600;22831;22834.25;22829.75;22833;69
20250630 013700;22832.75;22836.25;22832.5;22835.5;81
20250630 013800;22835.5;22836;22833.25;22835;54
20250630 013900;22835.25;22836;22831.5;22832.75;73
20250630 014000;22832.75;22833.75;22829.75;22831;60
20250630 014100;22830.25;22830.5;22827;22828.25;67
20250630 014200;22827.5;22831;22827.25;22830.5;40
20250630 014300;22830;22831.25;22829.25;22829.75;34
20250630 014400;22830;22832.25;22829;22830.75;70
20250630 014500;22830.5;22831.25;22829;22831;31
20250630 014600;22831;22832.5;22830.25;22832.5;33
20250630 014700;22832.5;22834;22830;22831.25;89
20250630 014800;22830.5;22830.5;22826.5;22828.75;69
20250630 014900;22829.5;22829.75;22826.75;22828.25;35
20250630 015000;22828;22829.25;22824.5;22827.25;92
20250630 015100;22827.25;22828.25;22824;22824.75;53
20250630 015200;22825.5;22828.5;22825.5;22826.75;45
20250630 015300;22827.25;22827.75;22824.25;22824.25;51
20250630 015400;22825.25;22826.25;22823.25;22824.5;57
20250630 015500;22823.75;22824.25;22821.25;22822.5;60
20250630 015600;22822.5;22823;22818.5;22819;79
20250630 015700;22819.5;22820;22812.75;22817.25;400
20250630 015800;22817;22823.5;22817;22820;176
20250630 015900;22819.75;22823;22819.75;22821.25;53
20250630 020000;22821.25;22823;22821;22822;33
20250630 020100;22822.5;22822.5;22818.75;22821;76
20250630 020200;22820.5;22823.25;22820;22822.75;49
20250630 020300;22822.75;22829.25;22822.75;22828;129
20250630 020400;22827.75;22829.75;22827;22827.75;71
20250630 020500;22827.5;22827.5;22826.25;22827;22
20250630 020600;22826.5;22828.5;22825.75;22826.5;30
20250630 020700;22826.75;22827.25;22822.25;22823;65
20250630 020800;22822;22832.25;22822;22831;171
20250630 020900;22832;22838.5;22832;22838;150
20250630 021000;22838;22840.5;22835.5;22839;134
20250630 021100;22838.5;22841.5;22835.25;22840;278
20250630 021200;22839.5;22841.5;22837.5;22838;62
20250630 021300;22838.5;22840;22836.25;22840;36
20250630 021400;22839.25;22846;22838.75;22845;179
20250630 021500;22845;22848.75;22843.75;22844.25;182
20250630 021600;22844.75;22847;22843.75;22847;55
20250630 021700;22846.25;22846.5;22841.75;22842.5;61
20250630 021800;22842.25;22844;22841.5;22842.25;55
20250630 021900;22842.25;22843.75;22839.5;22840.5;55
20250630 022000;22841;22844.75;22841;22844;48
20250630 022100;22845;22845.75;22843.25;22843.75;22
20250630 022200;22843.75;22845;22841.75;22841.75;27
20250630 022300;22842;22842.75;22841.25;22842.25;38
20250630 022400;22842.5;22844;22841.5;22841.5;39
20250630 022500;22841.25;22841.75;22840.25;22841;44
20250630 022600;22841;22842;22840.75;22840.75;20
20250630 022700;22840;22841.25;22837.25;22837.25;64
20250630 022800;22837.25;22838;22831.75;22837;150
20250630 022900;22837;22837.25;22836.5;22837;23
20250630 023000;22836.75;22837.5;22834;22835.25;54
20250630 023100;22834.25;22836.25;22833.25;22835.5;51
20250630 023200;22836;22838.5;22835.5;22837.5;138
20250630 023300;22838.25;22839.5;22836.5;22839;77
20250630 023400;22839.25;22844;22838.75;22843.5;79
20250630 023500;22844;22845;22842;22843.25;138
20250630 023600;22843;22847;22842.75;22847;50
20250630 023700;22846.5;22847.25;22845;22846;90
20250630 023800;22846.25;22851;22845.5;22848.25;256
20250630 023900;22848;22856.75;22847;22854.75;271
20250630 024000;22855.25;22856.5;22853.25;22855.75;168
20250630 024100;22855.75;22860;22852.25;22855.25;268
20250630 024200;22855;22856;22853.75;22853.75;62
20250630 024300;22853.5;22860;22853.5;22859;73
20250630 024400;22858.5;22862;22858.5;22859.75;94
20250630 024500;22859.75;22863.5;22859.75;22861;125
20250630 024600;22862;22864;22860;22862.5;105
20250630 024700;22862.25;22863.25;22860.5;22862;69
20250630 024800;22861.5;22866.5;22861.25;22865.25;122
20250630 024900;22865.75;22866;22861.5;22861.5;53
20250630 025000;22861.5;22864.25;22861.5;22863.5;60
20250630 025100;22862.75;22865.75;22862.5;22864;56
20250630 025200;22864.5;22870.25;22863.25;22869.75;195
20250630 025300;22869.25;22873.25;22859;22860;334
20250630 025400;22859.5;22861.75;22857.5;22860.75;119
20250630 025500;22861.5;22862.25;22858.75;22859.5;32
20250630 025600;22859.25;22861.25;22856.25;22857.25;64
20250630 025700;22857.5;22857.5;22853.5;22854;100
20250630 025800;22854.5;22858.5;22852.5;22858.25;143
20250630 025900;22858;22859.5;22857.5;22858.25;52
20250630 030000;22858.25;22861.75;22858.25;22861.75;59
20250630 030100;22861.75;22863.25;22860.5;22861.25;99
20250630 030200;22861;22863.75;22859.75;22863.75;81
20250630 030300;22862.75;22864.25;22861.5;22863.25;54
20250630 030400;22863.75;22865.75;22862;22865.5;97
20250630 030500;22865.25;22869;22864.25;22865.25;109
20250630 030600;22864.75;22864.75;22861.75;22863;51
20250630 030700;22862.75;22863.25;22861.5;22861.5;28
20250630 030800;22862.25;22862.75;22859.75;22860.5;42
20250630 030900;22860;22863;22860;22862.75;22
20250630 031000;22863.25;22865;22863;22864;55
20250630 031100;22863.25;22864.25;22863;22863.75;22
20250630 031200;22864;22865.75;22860.5;22860.5;125
20250630 031300;22861.25;22862.5;22860.75;22862;30
20250630 031400;22861.25;22863.5;22861;22862.5;38
20250630 031500;22862.5;22862.5;22861.25;22862.5;27
20250630 031600;22862;22863;22859.5;22860;52
20250630 031700;22859.75;22859.75;22858.25;22858.25;27
20250630 031800;22858.75;22865;22857;22864;164
20250630 031900;22864.25;22871.5;22864;22866.75;284
20250630 032000;22867.5;22869;22867;22868.25;70
20250630 032100;22868.5;22869.25;22867.5;22868.75;28
20250630 032200;22869;22871.5;22868.25;22870.5;70
20250630 032300;22870.5;22872;22869.5;22869.5;59
20250630 032400;22869.5;22873;22868.25;22873;36
20250630 032500;22871.5;22872.25;22871.25;22871.25;28
20250630 032600;22871.25;22871.5;22868.5;22868.5;34
20250630 032700;22868.25;22869;22866.75;22867;73
20250630 032800;22867.25;22867.75;22865.75;22867.5;36
20250630 032900;22866.75;22868;22866.5;22867.5;22
20250630 033000;22867.75;22868.75;22866;22866.75;55
20250630 033100;22867;22869.25;22866.75;22868.5;78
20250630 033200;22868.25;22868.25;22866.5;22867.5;24
20250630 033300;22868.25;22869.25;22868;22868.75;21
20250630 033400;22869;22870.75;22867.75;22869.25;43
20250630 033500;22869.25;22869.75;22869;22869.75;8
20250630 033600;22870;22871.5;22869.5;22871.5;39
20250630 033700;22871.75;22872.5;22870.25;22872.5;69
20250630 033800;22872.25;22876;22871;22872.25;152
20250630 033900;22871.5;22872.5;22871.5;22872.5;26
20250630 034000;22871.75;22874.25;22871.5;22872.75;45
20250630 034100;22872.75;22873.25;22872.25;22873;15
20250630 034200;22872.5;22875;22872.5;22874;52
20250630 034300;22873.25;22875.25;22873;22875;26
20250630 034400;22874.75;22875.25;22874;22874;33
20250630 034500;22874.5;22877.5;22874.5;22877;144
20250630 034600;22877;22877;22875.25;22875.25;38
20250630 034700;22875.25;22876.25;22875;22875.75;46
20250630 034800;22875.75;22876.5;22875;22876.25;41
20250630 034900;22877;22877.5;22875.75;22877.25;21
20250630 035000;22877;22879;22875.5;22875.5;82
20250630 035100;22876.75;22879;22876.75;22878.5;50
20250630 035200;22878.75;22880.5;22878.75;22880;103
20250630 035300;22879.75;22880;22878.75;22880;39
20250630 035400;22879;22879.75;22876.25;22878.25;66
20250630 035500;22878.5;22879.25;22878.5;22878.5;23
20250630 035600;22878.75;22878.75;22875;22875.5;45
20250630 035700;22875.75;22876.25;22874;22874.5;75
20250630 035800;22874.5;22875;22874;22874;28
20250630 035900;22874.25;22874.25;22872.25;22873;78
20250630 040000;22872.75;22873.25;22872.5;22873.25;8
20250630 040100;22873;22874;22872.5;22872.5;37
20250630 040200;22872.25;22877.25;22872.25;22876.5;61
20250630 040300;22876.5;22878.25;22876.5;22877.5;22
20250630 040400;22877.25;22878;22876.75;22878;25
20250630 040500;22877.5;22878;22876.25;22876.5;25
20250630 040600;22876.25;22878;22875;22875.75;29
20250630 040700;22875.25;22878.5;22875.25;22877.25;55
20250630 040800;22877.5;22879;22877.5;22878.75;15
20250630 040900;22878.5;22878.5;22877;22877.5;31
20250630 041000;22877.75;22878.5;22877;22877.75;26
20250630 041100;22878.25;22882;22877.25;22877.25;118
20250630 041200;22877.5;22877.5;22873.75;22874.25;102
20250630 041300;22874.25;22874.75;22873.75;22873.75;24
20250630 041400;22874.75;22876.5;22874.75;22876.5;11
20250630 041500;22877.75;22878.75;22876.75;22876.75;29
20250630 041600;22876.75;22877.25;22873.75;22874.5;91
20250630 041700;22874;22874.5;22873;22874.5;20
20250630 041800;22874.75;22876.75;22874.75;22876.75;16
20250630 041900;22876.25;22876.25;22873.75;22874.5;20
20250630 042000;22874;22876.75;22874;22875.75;25
20250630 042100;22876.25;22876.5;22874.75;22876;25
20250630 042200;22875.75;22876.25;22874.25;22875.25;38
20250630 042300;22876;22878;22876;22876.75;43
20250630 042400;22876.5;22877.5;22874.75;22876.75;36
20250630 042500;22877.5;22878;22876.25;22876.25;20
20250630 042600;22876;22876.25;22875.75;22876.25;6
20250630 042700;22875.5;22876.25;22875.25;22875.5;12
20250630 042800;22875.75;22877;22875.75;22876.75;21
20250630 042900;22877;22877.25;22876.75;22877.25;9
20250630 043000;22877.5;22877.75;22876.75;22876.75;14
20250630 043100;22877.5;22878.75;22877.5;22877.75;19
20250630 043200;22877.75;22878.5;22876.75;22878.25;20
20250630 043300;22879.25;22879.25;22876.75;22876.75;31
20250630 043400;22877.75;22878.25;22876.75;22876.75;32
20250630 043500;22876.75;22877.75;22876.75;22877.75;9
20250630 043600;22877.5;22879;22877.25;22878.25;20
20250630 043700;22878.25;22881.25;22878.25;22880;87
20250630 043800;22880.25;22881.25;22880.25;22881;30
20250630 043900;22880.75;22883;22880.5;22882;61
20250630 044000;22882;22885;22882;22883.75;200
20250630 044100;22884;22884.25;22882.25;22882.75;25
20250630 044200;22883;22885;22881.75;22885;54
20250630 044300;22884.5;22885.25;22884;22884.25;38
20250630 044400;22884.25;22885;22883;22883;41
20250630 044500;22882.25;22883.5;22882.25;22882.75;16
20250630 044600;22882.75;22883.25;22881.5;22882.75;26
20250630 044700;22883;22883.75;22881.25;22882;26
20250630 044800;22882.75;22883.25;22882.25;22882.25;6
20250630 044900;22882.75;22883.25;22881.75;22882.25;22
20250630 045000;22881.5;22882;22880.25;22880.5;21
20250630 045100;22881;22882.5;22881;22881.5;22
20250630 045200;22880.75;22881.25;22879;22880;89
20250630 045300;22880;22881;22878.75;22879.25;69
20250630 045400;22878.75;22879.5;22875;22875.5;110
20250630 045500;22876.5;22876.5;22873.5;22874.5;88
20250630 045600;22875;22875.75;22873.75;22874;24
20250630 045700;22874.25;22874.25;22872.75;22873;44
20250630 045800;22873.25;22873.75;22871.5;22872;27
20250630 045900;22871.75;22872.5;22871;22872.5;31
20250630 050000;22872.5;22874.5;22872.5;22874.25;31
20250630 050100;22874;22874.25;22871.75;22872.25;41
20250630 050200;22871.5;22871.5;22868;22870.5;120
20250630 050300;22871;22872;22870;22870.5;26
20250630 050400;22870.75;22873.5;22870.75;22871.75;50
20250630 050500;22871.25;22873.5;22871.25;22872.75;30
20250630 050600;22872.75;22874.5;22872.75;22874.5;37
20250630 050700;22873.75;22876;22871.75;22872;52
20250630 050800;22872.25;22873.5;22871;22873.5;49
20250630 050900;22873;22874.75;22873;22873.5;28
20250630 051000;22873.25;22874.75;22873.25;22874.75;6
20250630 051100;22874.75;22877;22874;22876.75;47
20250630 051200;22876.5;22878;22876.25;22877.25;49
20250630 051300;22876.75;22878.5;22876.5;22876.5;24
20250630 051400;22877;22877;22874;22874;41
20250630 051500;22874.75;22876.75;22874.25;22876.5;30
20250630 051600;22876;22877.75;22875.5;22877.75;22
20250630 051700;22877.5;22877.5;22876.5;22877.25;12
20250630 051800;22877;22877;22875;22875.75;25
20250630 051900;22875.5;22876.5;22873;22873.5;33
20250630 052000;22874;22874.25;22873;22874;43
20250630 052100;22874.5;22875;22873.75;22874.25;21
20250630 052200;22873.5;22873.5;22870;22871.5;56
20250630 052300;22872;22873.25;22871.25;22871.25;17
20250630 052400;22872.5;22872.5;22870;22870;35
20250630 052500;22870.5;22870.5;22868;22869.5;37
20250630 052600;22870;22871;22868.25;22868.5;36
20250630 052700;22868;22868.5;22867;22868;88
20250630 052800;22868.5;22868.75;22865.25;22865.25;74
20250630 052900;22866;22869.25;22865.5;22869.25;47
20250630 053000;22868;22870;22868;22868;37
20250630 053100;22867.5;22868.25;22862.75;22862.75;91
20250630 053200;22862.5;22865.75;22862;22863.25;60
20250630 053300;22863;22866.75;22863;22865.25;29
20250630 053400;22865;22867.25;22865;22867;30
20250630 053500;22866.75;22867.5;22866.75;22867.25;14
20250630 053600;22866.75;22871.5;22866.25;22871.25;74
20250630 053700;22870.75;22871;22869.5;22870.75;34
20250630 053800;22870.25;22873.5;22870;22870.25;92
20250630 053900;22870.75;22881.75;22870.5;22878.5;251
20250630 054000;22878;22879.75;22875.25;22876.5;98
20250630 054100;22877.25;22878.5;22877;22877.5;24
20250630 054200;22877;22878.25;22875.75;22877;36
20250630 054300;22877;22878.5;22875.75;22878;27
20250630 054400;22877.75;22880.25;22877.75;22879.5;53
20250630 054500;22879.75;22880.5;22879;22879.75;28
20250630 054600;22880;22881.5;22879.5;22879.75;27
20250630 054700;22879.25;22880.5;22877.75;22880.25;42
20250630 054800;22880;22883.75;22879.25;22880.25;57
20250630 054900;22880.5;22881.75;22880.5;22881.25;24
20250630 055000;22880.5;22882.5;22880.5;22882.5;22
20250630 055100;22881.75;22882.75;22880.75;22880.75;25
20250630 055200;22880.75;22881;22874.5;22876.25;91
20250630 055300;22876.5;22876.5;22874;22876.25;19
20250630 055400;22876.5;22877;22874.5;22874.5;23
20250630 055500;22874.75;22876.5;22874;22875.75;31
20250630 055600;22876;22878;22875.5;22877;30
20250630 055700;22877.25;22877.5;22875.5;22876.25;23
20250630 055800;22876.75;22877.25;22876;22876.25;22
20250630 055900;22877;22877.5;22875.5;22876.25;34
20250630 060000;22875.5;22877;22875.5;22876;37
20250630 060100;22876.5;22877.25;22874.25;22876.75;108
20250630 060200;22877.5;22878;22875.5;22877.25;59
20250630 060300;22877.25;22880;22876.5;22878;70
20250630 060400;22878.75;22879.75;22877.75;22879.5;33
20250630 060500;22879.5;22880.25;22877.25;22878.5;46
20250630 060600;22878.25;22881.25;22877.75;22880.75;68
20250630 060700;22880.75;22886.5;22880.75;22884.25;158
20250630 060800;22884;22884.5;22880;22880;81
20250630 060900;22880;22882.5;22878.5;22881.75;52
20250630 061000;22882.5;22884.75;22882;22883.75;52
20250630 061100;22883.75;22888.25;22883.75;22886.5;111
20250630 061200;22886.75;22894.25;22886;22888.5;439
20250630 061300;22889.25;22890.75;22882.25;22886.25;231
20250630 061400;22886.75;22888.75;22886.25;22888.75;46
20250630 061500;22888.75;22892.25;22888;22892.25;149
20250630 061600;22892.75;22898.5;22892.25;22896.25;337
20250630 061700;22896.75;22898.5;22895.25;22897;128
20250630 061800;22897.75;22898.5;22894.75;22895;110
20250630 061900;22895.5;22898.25;22894.5;22897.25;68
20250630 062000;22897.5;22898.75;22895;22895;105
20250630 062100;22895;22897.25;22893.5;22894.5;52
20250630 062200;22894;22897;22893.75;22897;39
20250630 062300;22896.75;22897.75;22895.25;22897.5;43
20250630 062400;22898;22898.25;22894;22894.25;129
20250630 062500;22894.5;22901.5;22894.25;22900.75;194
20250630 062600;22901.25;22901.25;22895.75;22895.75;89
20250630 062700;22895.5;22897.75;22893;22894.75;91
20250630 062800;22895;22896.75;22894;22894.5;57
20250630 062900;22895;22895;22893.5;22894.25;15
20250630 063000;22893.75;22894.75;22891.75;22894.25;113
20250630 063100;22893.25;22894.5;22890.25;22891.25;129
20250630 063200;22891.25;22894;22889.5;22893.75;76
20250630 063300;22894.5;22897;22893.5;22896.75;83
20250630 063400;22896.75;22898.25;22894.75;22896;88
20250630 063500;22896;22896.25;22891;22892.5;55
20250630 063600;22893;22893.25;22891.5;22893.25;30
20250630 063700;22893;22893;22887.5;22889;62
20250630 063800;22888.25;22889.25;22886.25;22887.75;45
20250630 063900;22887.5;22887.75;22885;22885.75;35
20250630 064000;22885.25;22888;22884.5;22887;62
20250630 064100;22888;22888.25;22883.5;22884.5;44
20250630 064200;22884.75;22885;22882.75;22883;58
20250630 064300;22882.5;22887.5;22880.5;22883.75;125
20250630 064400;22883.5;22884.25;22882.25;22883;29
20250630 064500;22883.25;22883.75;22878;22879;139
20250630 064600;22879.75;22883.25;22879.5;22881.25;57
20250630 064700;22881.75;22882.75;22880.75;22882.75;19
20250630 064800;22883;22883;22880.25;22883;41
20250630 064900;22883.25;22883.5;22879.5;22881;51
20250630 065000;22881;22882.25;22880.25;22881.75;30
20250630 065100;22882;22885.25;22882;22885.25;36
20250630 065200;22884.75;22885.5;22884;22884.75;32
20250630 065300;22885;22885.25;22881.5;22883.25;68
20250630 065400;22883.5;22884.5;22882.75;22882.75;28
20250630 065500;22881.75;22881.75;22879.5;22879.5;22
20250630 065600;22879.25;22879.25;22875;22877.25;139
20250630 065700;22877.5;22879.75;22875.75;22878.25;47
20250630 065800;22878.5;22881.75;22877.75;22877.75;89
20250630 065900;22878.25;22879.5;22877;22879.25;45
20250630 070000;22879;22882.5;22878;22881.75;62
20250630 070100;22882.5;22882.75;22874;22875.25;216
20250630 070200;22875.75;22877.75;22869;22869.75;194
20250630 070300;22869;22869;22859.5;22867.75;421
20250630 070400;22868.5;22871.25;22867.75;22867.75;90
20250630 070500;22868.25;22869.75;22865.25;22868.75;82
20250630 070600;22868;22868.25;22861;22861.5;149
20250630 070700;22860.5;22860.75;22854.25;22855.25;262
20250630 070800;22855.75;22859.75;22854;22859;157
20250630 070900;22859.5;22861.5;22859;22861.25;97
20250630 071000;22861.75;22861.75;22858.25;22859.75;130
20250630 071100;22860.25;22860.5;22857;22857.75;128
20250630 071200;22857;22859.75;22855.5;22857;144
20250630 071300;22857;22859.75;22856.25;22856.25;77
20250630 071400;22856;22856.5;22854.25;22856;94
20250630 071500;22856.5;22860;22855.75;22855.75;130
20250630 071600;22856.5;22857;22854.25;22855;65
20250630 071700;22854.25;22856.25;22854;22854.25;74
20250630 071800;22854.75;22855;22849.25;22853;173
20250630 071900;22852.25;22859.75;22851.25;22859.75;205
20250630 072000;22860.25;22861;22858.25;22859.5;116
20250630 072100;22860.25;22861;22857;22861;88
20250630 072200;22860.5;22868.75;22860;22868.75;299
20250630 072300;22868.75;22874;22867.5;22869.75;276
20250630 072400;22869.25;22873;22866.25;22866.75;110
20250630 072500;22867.25;22868;22862.5;22863.75;111
20250630 072600;22863;22863.25;22857.75;22858.5;97
20250630 072700;22858.25;22859.25;22854;22858.5;109
20250630 072800;22859.5;22863.75;22859.5;22862.5;84
20250630 072900;22862.25;22863;22858.75;22860.5;41
20250630 073000;22860.5;22861.25;22855.75;22861.25;82
20250630 073100;22862.25;22862.25;22856.25;22857;106
20250630 073200;22857.25;22861.25;22855;22860.75;90
20250630 073300;22861;22865.25;22860.5;22865;85
20250630 073400;22865.25;22869;22864.75;22865.75;104
20250630 073500;22865;22867.25;22862.75;22863.25;65
20250630 073600;22863.75;22867.25;22862;22865.25;78
20250630 073700;22864.5;22867.25;22863.5;22865.5;54
20250630 073800;22865.25;22868.75;22865.25;22868.5;84
20250630 073900;22868.5;22869.25;22865.25;22866.5;63
20250630 074000;22865.75;22866.75;22861;22861.5;51
20250630 074100;22861.75;22865;22861.5;22865;22
20250630 074200;22865.25;22870.5;22865.25;22869;76
20250630 074300;22870.25;22871;22866.75;22866.75;43
20250630 074400;22867;22868.75;22865.25;22868.5;28
20250630 074500;22868.75;22871.75;22868.25;22871.5;46
20250630 074600;22871.75;22873.5;22870.5;22871.75;64
20250630 074700;22872.5;22874.75;22871.5;22874.75;82
20250630 074800;22875;22878;22875;22876.75;108
20250630 074900;22877.75;22879;22875.5;22875.75;62
20250630 075000;22876.25;22876.25;22873.25;22874.25;69
20250630 075100;22874;22875.5;22871.25;22871.25;65
20250630 075200;22872.25;22873;22870;22870.75;62
20250630 075300;22871;22873.25;22868.5;22872;88
20250630 075400;22872.25;22872.75;22870.5;22870.5;25
20250630 075500;22870.5;22873.25;22868.25;22872.25;65
20250630 075600;22873;22874.75;22870.5;22871.25;47
20250630 075700;22871.75;22872.25;22870.25;22870.25;20
20250630 075800;22870;22870;22866.5;22868;56
20250630 075900;22868.25;22870.5;22866.5;22868;53
20250630 080000;22868.25;22870;22868;22868.5;30
20250630 080100;22869.5;22874.75;22864.75;22867.5;356
20250630 080200;22866.25;22868.5;22864;22866.75;138
20250630 080300;22867.5;22869.5;22857;22858.25;221
20250630 080400;22858.75;22874.25;22858.75;22871.5;149
20250630 080500;22871.25;22878.5;22870.5;22877;189
20250630 080600;22877.5;22881.5;22877;22880.5;174
20250630 080700;22880.75;22880.75;22872.75;22875;163
20250630 080800;22875;22878;22874.25;22876.25;96
20250630 080900;22876.25;22880;22876.25;22877.75;99
20250630 081000;22877.5;22878.25;22874.75;22877.75;65
20250630 081100;22877.75;22882.75;22877.75;22882.75;71
20250630 081200;22882;22884.75;22879.75;22880.75;111
20250630 081300;22881;22884.25;22881;22882.25;64
20250630 081400;22882.5;22886.25;22880.5;22886;103
20250630 081500;22885;22888.25;22884.25;22887;123
20250630 081600;22886.75;22890.5;22886.25;22890;88
20250630 081700;22889.75;22893.75;22889.75;22890.5;130
20250630 081800;22890.5;22890.75;22888.25;22888.75;74
20250630 081900;22888.25;22889.75;22883.25;22883.75;121
20250630 082000;22883.5;22883.5;22877.75;22880;98
20250630 082100;22879;22881.25;22876.75;22877.5;71
20250630 082200;22876.75;22877;22876.25;22877;31
20250630 082300;22876;22876.25;22869;22869;96
20250630 082400;22869.25;22870;22865.5;22866;100
20250630 082500;22867.25;22871.25;22866;22868.75;142
20250630 082600;22869;22870;22867.5;22868.25;130
20250630 082700;22868.25;22871;22868.25;22870.75;45
20250630 082800;22872;22872.75;22869.25;22870.25;43
20250630 082900;22872;22874.75;22870.5;22870.5;37
20250630 083000;22871;22871.25;22870.25;22870.25;13
20250630 083100;22869.75;22871;22868.75;22869.25;29
20250630 083200;22869.25;22869.25;22861;22861.5;113
20250630 083300;22862;22864.25;22858.25;22863.75;123
20250630 083400;22864;22866;22863.25;22863.75;50
20250630 083500;22863;22864;22861.25;22862;52
20250630 083600;22862;22864.25;22862;22863.75;16
20250630 083700;22863.25;22864.5;22863;22863.75;23
20250630 083800;22864.25;22867;22863.75;22865.75;36
20250630 083900;22866.5;22867.75;22864.5;22864.5;36
20250630 084000;22864.5;22867;22863.25;22865.25;46
20250630 084100;22865.25;22869.25;22865.25;22868.5;37
20250630 084200;22868.75;22869.75;22862.5;22863;59
20250630 084300;22862.5;22864;22860.25;22862.75;60
20250630 084400;22862.25;22866.75;22861.75;22866;38
20250630 084500;22866.5;22868.25;22863.5;22865.5;67
20250630 084600;22866.5;22870.25;22866.5;22869.5;79
20250630 084700;22870;22871.25;22868;22870.25;57
20250630 084800;22870.75;22873.25;22870;22872.5;103
20250630 084900;22872.75;22872.75;22869;22871.25;46
20250630 085000;22871.5;22872.5;22871;22871.75;24
20250630 085100;22872;22875.25;22872;22875;87
20250630 085200;22875.5;22877.5;22875.25;22877;80
20250630 085300;22877;22879;22876.75;22876.75;91
20250630 085400;22876.5;22876.75;22872.75;22876.25;104
20250630 085500;22876.25;22879.5;22876.25;22876.75;48
20250630 085600;22876.75;22877;22873.75;22877;74
20250630 085700;22876.5;22876.5;22872;22875.75;47
20250630 085800;22875.5;22876.5;22873.5;22875.25;49
20250630 085900;22875.5;22877.25;22874.25;22877.25;32
20250630 090000;22876.5;22877;22873.75;22873.75;31
20250630 090100;22874.25;22875.25;22873.5;22874;69
20250630 090200;22874.5;22877.25;22873.5;22877.25;117
20250630 090300;22876.75;22877.25;22875.25;22875.25;48
20250630 090400;22875.25;22875.25;22870;22870.25;96
20250630 090500;22870.25;22872.75;22867.5;22872;105
20250630 090600;22872.75;22875.25;22872.75;22874.75;37
20250630 090700;22874.75;22876.75;22874;22876.5;34
20250630 090800;22876.5;22879.5;22876;22878;67
20250630 090900;22878.25;22882.25;22878.25;22881.25;84
20250630 091000;22881.75;22882;22878.75;22879.75;39
20250630 091100;22880.5;22881.25;22878.5;22879.25;30
20250630 091200;22879;22880;22878.75;22879.5;15
20250630 091300;22879.25;22879.75;22879;22879.25;27
20250630 091400;22879;22883.5;22879;22881;61
20250630 091500;22881.75;22885.25;22880.25;22885;85
20250630 091600;22885.25;22887.25;22884;22886.5;123
20250630 091700;22886.75;22891;22886.75;22888.5;120
20250630 091800;22888.5;22891.25;22888.5;22891.25;70
20250630 091900;22891.25;22892.25;22889.25;22889.25;69
20250630 092000;22889.25;22889.75;22887.75;22888.5;105
20250630 092100;22888.5;22892.5;22888.5;22891.25;100
20250630 092200;22891.5;22892;22888.25;22891.5;85
20250630 092300;22891.5;22892;22889;22889.25;37
20250630 092400;22889.5;22889.5;22886.25;22887.5;59
20250630 092500;22888;22891.25;22887.25;22890.5;93
20250630 092600;22891;22893.75;22890;22893.75;91
20250630 092700;22893.5;22896.5;22893.25;22896.25;135
20250630 092800;22896.5;22897.75;22895.75;22897.75;80
20250630 092900;22897.25;22899.25;22897.25;22898.5;97
20250630 093000;22899;22903.75;22897.75;22903.5;363
20250630 093100;22903.5;22908;22902.5;22907.75;235
20250630 093200;22907.75;22909;22905.5;22908;110
20250630 093300;22908.25;22909.5;22906.5;22909.25;87
20250630 093400;22909.5;22911.75;22908.75;22910;135
20250630 093500;22910.75;22911.75;22905.5;22906.5;138
20250630 093600;22907;22909.5;22906.75;22909.25;89
20250630 093700;22910;22912.25;22909.5;22911.25;121
20250630 093800;22911.75;22913.25;22910;22912;82
20250630 093900;22912.75;22915;22912.25;22912.75;124
20250630 094000;22913;22914;22912.25;22913.5;70
20250630 094100;22913.75;22913.75;22908.5;22909.5;76
20250630 094200;22909.5;22912.75;22909.5;22911.25;42
20250630 094300;22911;22911.25;22908.5;22909.25;53
20250630 094400;22909.25;22912.25;22907.25;22908;127
20250630 094500;22908;22908.5;22901.5;22902.25;177
20250630 094600;22902;22902.25;22897.75;22898.75;99
20250630 094700;22898.5;22899.25;22893.25;22893.5;92
20250630 094800;22894;22894;22888.5;22888.5;123
20250630 094900;22889;22890.75;22887.75;22888;81
20250630 095000;22888.5;22889.25;22887.75;22888.75;31
20250630 095100;22888.5;22888.5;22880.5;22882.75;217
20250630 095200;22882.75;22887.75;22881.25;22886.5;130
20250630 095300;22886.25;22886.75;22883.75;22885.25;44
20250630 095400;22885.75;22886.5;22883.5;22886.5;49
20250630 095500;22885.75;22888.25;22885.75;22887.25;53
20250630 095600;22886.5;22887.25;22884.75;22885.5;77
20250630 095700;22885.25;22886;22884;22884.5;45
20250630 095800;22884.5;22885;22881.75;22883.75;55
20250630 095900;22884.25;22884.25;22880;22882.75;118
20250630 100000;22882.5;22883.5;22880.75;22881.5;67
20250630 100100;22881.25;22885.25;22880.25;22881.75;124
20250630 100200;22882;22882.75;22879.25;22881.75;96
20250630 100300;22881.75;22883.5;22881;22881.5;30
20250630 100400;22881.25;22882.5;22880;22882.5;56
20250630 100500;22882;22884.5;22881.75;22883.5;54
20250630 100600;22883.5;22890;22883.25;22889.75;131
20250630 100700;22889;22892.75;22887.75;22890.5;101
20250630 100800;22890.25;22891.5;22888.5;22889;74
20250630 100900;22888.5;22896.5;22888;22895.5;148
20250630 101000;22896;22896.25;22891.25;22892;102
20250630 101100;22891.5;22894.25;22891.5;22893.5;50
20250630 101200;22893.5;22896;22893.5;22895.5;71
20250630 101300;22895.5;22898.75;22895.25;22898.25;131
20250630 101400;22898;22898.75;22896;22898.75;62
20250630 101500;22898.25;22902.5;22897.75;22901.75;113
20250630 101600;22901.5;22902;22900.25;22900.5;49
20250630 101700;22901.75;22902.25;22899.25;22901.25;44
20250630 101800;22900.75;22902.75;22900;22900.75;44
20250630 101900;22901;22901.75;22900.5;22901.5;29
20250630 102000;22901.25;22904.5;22900.5;22903.75;74
20250630 102100;22904.25;22906.25;22901.75;22905.25;91
20250630 102200;22905.5;22905.5;22901.75;22902.25;52
20250630 102300;22902.75;22906;22902.75;22904.5;62
20250630 102400;22904.75;22905.75;22904.25;22904.75;38
20250630 102500;22904.25;22904.25;22902;22902.75;50
20250630 102600;22903;22906;22903;22904.75;46
20250630 102700;22904.75;22906;22904.75;22905;22
20250630 102800;22904.5;22905;22903;22904;27
20250630 102900;22903.75;22904.5;22902.75;22904.5;66
20250630 103000;22904.25;22904.25;22903;22903.5;15
20250630 103100;22904.25;22905;22903.75;22904.75;23
20250630 103200;22905;22908.75;22905;22907;109
20250630 103300;22907.25;22908.5;22900.75;22901.75;261
20250630 103400;22901;22902;22898.75;22900.25;78
20250630 103500;22901;22903.5;22900.75;22901;112
20250630 103600;22900.5;22901;22898.5;22900;83
20250630 103700;22900.5;22902.5;22900.5;22902.5;48
20250630 103800;22902.75;22905.75;22902.25;22904;74
20250630 103900;22904;22904.25;22901.5;22903.5;60
20250630 104000;22903.75;22905.25;22903.75;22903.75;19
20250630 104100;22904.75;22906;22903;22903.75;27
20250630 104200;22903.25;22904;22903.25;22903.25;26
20250630 104300;22903.25;22903.5;22902;22902;10
20250630 104400;22902;22902.5;22901.5;22901.5;10
20250630 104500;22901;22902;22900.25;22900.75;55
20250630 104600;22900.75;22902.5;22899;22900.5;99
20250630 104700;22900.5;22902;22897.75;22898;85
20250630 104800;22897.5;22898.75;22897.25;22898;38
20250630 104900;22897.5;22897.75;22894.25;22894.5;106
20250630 105000;22894.5;22897;22893.75;22896;67
20250630 105100;22896.75;22897.5;22893.5;22895.5;62
20250630 105200;22896;22896;22893.75;22896;41
20250630 105300;22896.75;22897.75;22891;22892;67
20250630 105400;22892.25;22894.5;22891.75;22893.5;56
20250630 105500;22893.5;22895.5;22893.5;22894;24
20250630 105600;22894;22896;22893.5;22894;50
20250630 105700;22893.5;22893.5;22890.25;22891.25;44
20250630 105800;22891.25;22894;22891;22894;47
20250630 105900;22893.75;22895.5;22891.75;22892.75;49
20250630 110000;22892.25;22895.75;22889.25;22890.5;90
20250630 110100;22890.5;22892.25;22887;22891.5;219
20250630 110200;22891.25;22895.25;22889.25;22890.25;194
20250630 110300;22890;22890.5;22884;22884.5;174
20250630 110400;22884.75;22886.75;22884;22884.25;65
20250630 110500;22885.5;22885.75;22882.5;22884;92
20250630 110600;22883.5;22888.75;22881.75;22887.75;134
20250630 110700;22888.75;22891;22887.25;22890.25;54
20250630 110800;22890.25;22891.5;22889;22891;74
20250630 110900;22890.75;22891.75;22890;22891.75;52
20250630 111000;22892.5;22893.75;22891.75;22892;66
20250630 111100;22892.5;22894.5;22890.5;22891.75;85
20250630 111200;22891.5;22894.25;22891.5;22893.75;70
20250630 111300;22893.75;22895;22888;22888.75;181
20250630 111400;22889.5;22892.5;22888;22892;74
20250630 111500;22891.5;22893.75;22891.5;22893.5;41
20250630 111600;22893.25;22894.5;22889.25;22890.5;124
20250630 111700;22891;22895;22891;22894.25;105
20250630 111800;22894.5;22895.75;22892.75;22893.75;71
20250630 111900;22894.5;22898.5;22894.5;22898.5;97
20250630 112000;22898.25;22900.5;22897.25;22899.5;136
20250630 112100;22899.25;22899.25;22896;22898;56
20250630 112200;22898;22898;22895;22897.75;60
20250630 112300;22898;22898.5;22897;22898;53
20250630 112400;22898;22903.25;22898;22902.25;113
20250630 112500;22902.5;22903;22900.25;22901;72
20250630 112600;22901.25;22902.25;22898.75;22900;70
20250630 112700;22899.25;22899.75;22896.75;22897.75;87
20250630 112800;22898.25;22900.75;22898.25;22900.25;35
20250630 112900;22901.25;22901.5;22899.5;22900;37
20250630 113000;22900;22900.25;22898.75;22899.5;29
20250630 113100;22899;22899.5;22895.5;22896.75;89
20250630 113200;22897.5;22898.25;22896.25;22897.25;62
20250630 113300;22897.25;22897.25;22892.25;22895.5;97
20250630 113400;22895;22895.5;22892.25;22894.75;76
20250630 113500;22895.25;22895.75;22893.75;22894;65
20250630 113600;22894.25;22894.25;22889;22890.75;149
20250630 113700;22890.75;22893.5;22888.75;22891.75;76
20250630 113800;22892;22892.25;22888.25;22889;88
20250630 113900;22888.75;22890;22881;22885.5;252
20250630 114000;22885.75;22886.75;22885;22885.25;67
20250630 114100;22885.75;22892.5;22884.5;22892;137
20250630 114200;22892.25;22893.75;22891.5;22892.5;110
20250630 114300;22892.75;22896;22892.75;22894.75;92
20250630 114400;22895.25;22895.75;22893.75;22895.75;74
20250630 114500;22896;22898.25;22896;22897.5;89
20250630 114600;22898;22900;22897.5;22899;100
20250630 114700;22899.5;22900.25;22897.5;22899.5;70
20250630 114800;22899.5;22903;22899.5;22902.25;86
20250630 114900;22901.75;22904.5;22901.75;22903.5;94
20250630 115000;22903.5;22905.75;22902.75;22903.75;241
20250630 115100;22904;22905;22901.25;22904;139
20250630 115200;22904.25;22904.25;22900.75;22901.75;132
20250630 115300;22902.5;22904;22902.5;22903.25;99
20250630 115400;22903;22903.25;22894.75;22896.5;206
20250630 115500;22895.75;22897.5;22894.25;22896.75;102
20250630 115600;22897;22897.5;22893.25;22893.25;72
20250630 115700;22893.25;22893.25;22890;22891;124
20250630 115800;22891;22896;22890.75;22896;85
20250630 115900;22896;22897.25;22893.25;22894;64
20250630 120000;22893.25;22894.75;22892.75;22894.5;43
20250630 120100;22893.75;22895.75;22891.75;22895;175
20250630 120200;22895.25;22895.75;22886.25;22887.75;187
20250630 120300;22888;22889.75;22886.75;22889.5;90
20250630 120400;22889.75;22890;22886.5;22888.5;94
20250630 120500;22889.25;22890.75;22886.5;22887;71
20250630 120600;22887.25;22891.25;22887.25;22890;103
20250630 120700;22889.5;22890.25;22888.25;22888.75;32
20250630 120800;22889.25;22891.75;22888.25;22891.75;56
20250630 120900;22891.75;22893.5;22889.25;22889.25;76
20250630 121000;22889.5;22893.25;22889.5;22892.75;65
20250630 121100;22892.5;22893.5;22890;22890.25;77
20250630 121200;22890.75;22893.25;22889;22892.5;77
20250630 121300;22892.75;22894.75;22892.25;22894.5;93
20250630 121400;22894.25;22895;22892.75;22892.75;72
20250630 121500;22893.25;22897;22893.25;22895.75;86
20250630 121600;22895.75;22897.25;22893.25;22895;133
20250630 121700;22895.25;22895.25;22890.75;22890.75;81
20250630 121800;22891.5;22891.5;22887.5;22889.75;122
20250630 121900;22890.25;22894.75;22889.5;22892;131
20250630 122000;22892.5;22894.75;22892.5;22894;43
20250630 122100;22894;22896.5;22892.25;22894.75;76
20250630 122200;22894.5;22895;22887.75;22887.75;186
20250630 122300;22887.75;22887.75;22882.75;22884.25;202
20250630 122400;22883.75;22885.5;22882.75;22883.25;90
20250630 122500;22883.5;22886.25;22882.25;22886.25;76
20250630 122600;22886.5;22886.5;22881.25;22882;116
20250630 122700;22882;22884.75;22882;22882.5;85
20250630 122800;22882.25;22884;22881.25;22883.5;93
20250630 122900;22884;22885.75;22882;22885.75;50
20250630 123000;22885.75;22887.75;22884.75;22887;106
20250630 123100;22886;22886.5;22881.5;22884.5;139
20250630 123200;22884;22885;22882;22882.25;99
20250630 123300;22881.5;22882;22873.5;22874;351
20250630 123400;22874;22876.75;22872.75;22876.5;200
20250630 123500;22876.5;22876.75;22871;22875;157
20250630 123600;22874.25;22877;22872.25;22877;133
20250630 123700;22876.5;22876.5;22868.5;22871;164
20250630 123800;22871;22871.25;22867.5;22868.75;197
20250630 123900;22868.75;22868.75;22865;22868;160
20250630 124000;22867.5;22868;22866;22866.25;120
20250630 124100;22866.25;22866.5;22864;22865;122
20250630 124200;22864.5;22866.5;22863;22864.5;84
20250630 124300;22864.5;22865.5;22862.75;22865.5;122
20250630 124400;22865.25;22867.25;22863.75;22864.75;175
20250630 124500;22864.5;22866.25;22864;22865.75;94
20250630 124600;22865.75;22867.75;22861;22862.75;268
20250630 124700;22862.5;22863.25;22860;22862.75;172
20250630 124800;22863;22863;22860.25;22863;98
20250630 124900;22863;22864;22861.75;22862;113
20250630 125000;22862;22863.5;22858.75;22859.25;143
20250630 125100;22859.5;22860.5;22853.75;22855;493
20250630 125200;22854.75;22865;22854.75;22862.5;294
20250630 125300;22863.5;22871.75;22862.5;22870.75;423
20250630 125400;22871.25;22871.25;22858.5;22860.25;414
20250630 125500;22860.75;22865.75;22859.5;22864;168
20250630 125600;22864.25;22867.25;22864;22865.75;105
20250630 125700;22865.75;22869;22865.25;22867.25;98
20250630 125800;22867.5;22870.25;22862;22865;350
20250630 125900;22864.75;22864.75;22861.75;22863.75;137
20250630 130000;22864;22868.25;22863;22867.75;114
20250630 130100;22868;22874.5;22866.5;22871.75;332
20250630 130200;22872.25;22874;22871.25;22873;120
20250630 130300;22873.5;22875.25;22869.5;22874.5;227
20250630 130400;22874.5;22875.5;22872.75;22875.25;95
20250630 130500;22875.5;22878.25;22875;22876;215
20250630 130600;22876.5;22879.75;22876.5;22878.75;152
20250630 130700;22879.25;22879.5;22873.5;22874.25;202
20250630 130800;22875.25;22875.5;22869.75;22871.25;218
20250630 130900;22871.5;22876.25;22871.25;22875.25;155
20250630 131000;22875.25;22877.75;22874.5;22875;100
20250630 131100;22875.5;22875.5;22871.25;22873.5;133
20250630 131200;22873.5;22880.25;22873.5;22880;157
20250630 131300;22879.75;22881.5;22877.5;22880.25;236
20250630 131400;22880.5;22883;22878.5;22879.5;267
20250630 131500;22879.5;22881.25;22878.75;22878.75;70
20250630 131600;22878.75;22881.25;22878.25;22879.25;92
20250630 131700;22879.5;22881.25;22877.75;22877.75;147
20250630 131800;22877.75;22881.25;22875;22880.75;211
20250630 131900;22881;22886.5;22880.75;22886;404
20250630 132000;22886.5;22887.75;22884.5;22887.5;183
20250630 132100;22887.75;22888.25;22885.75;22887.25;214
20250630 132200;22887.25;22889;22886;22887.75;204
20250630 132300;22888;22888.25;22884;22885.5;175
20250630 132400;22886.25;22889.5;22886;22886;163
20250630 132500;22886.5;22887.25;22882;22882.25;197
20250630 132600;22882.5;22883.5;22874.5;22882.75;404
20250630 132700;22882.25;22884;22880;22883.5;207
20250630 132800;22883;22885.75;22880;22883.75;499
20250630 132900;22883.25;22883.25;22872.5;22873.75;1059
20250630 133000;22874.25;22875.25;22868.75;22871.75;1049
20250630 133100;22871.75;22875.5;22850.5;22870;4034
20250630 133200;22869.5;22875.5;22848;22848;2945
20250630 133300;22848.25;22852.5;22830.75;22832.25;2683
20250630 133400;22831.75;22834;22823;22828.75;2196
20250630 133500;22828.75;22832;22816.75;22825.25;2142
20250630 133600;22825.25;22827.75;22815.75;22820.75;1733
20250630 133700;22821;22825.75;22808.75;22824.25;2283
20250630 133800;22825;22840;22820;22836.5;2152
20250630 133900;22835.5;22844.75;22831;22843;1478
20250630 134000;22842.5;22847;22832;22832.5;1380
20250630 134100;22833;22839.75;22822.75;22832;1571
20250630 134200;22831.75;22838;22825.25;22836.25;694
20250630 134300;22836.25;22836.75;22828;22834.5;724
20250630 134400;22834.25;22838.25;22817.25;22818.5;1022
20250630 134500;22818.25;22818.25;22804.75;22814.5;1795
20250630 134600;22814.75;22828.75;22811.25;22823;1567
20250630 134700;22823.25;22829.5;22818.5;22826;1157
20250630 134800;22826.5;22826.5;22806;22807.25;1093
20250630 134900;22806.5;22819;22803.5;22810.25;1576
20250630 135000;22810.25;22811.75;22795.5;22800;2136
20250630 135100;22800.25;22812.5;22797.75;22799;1560
20250630 135200;22799.75;22808;22794.25;22805;1057
20250630 135300;22805.25;22819;22804.25;22817.25;1153
20250630 135400;22817.75;22821.75;22811.5;22815.5;1265
20250630 135500;22815.75;22818.75;22806.25;22807.75;696
20250630 135600;22807.5;22825.75;22806.75;22823;1923
20250630 135700;22823.5;22828.75;22819.5;22821.25;1287
20250630 135800;22821.75;22824;22812.5;22817;931
20250630 135900;22816.5;22828.5;22813;22824;888
20250630 140000;22824.75;22831.25;22823;22826.5;769
20250630 140100;22826.75;22838.75;22821.5;22827.25;2479
20250630 140200;22827;22839.75;22824.5;22833.5;1229
20250630 140300;22833.5;22834.25;22826;22829.5;832
20250630 140400;22829.25;22834;22825;22829.25;717
20250630 140500;22829.25;22832.75;22826.5;22832.75;545
20250630 140600;22832.5;22832.5;22824;22830.5;665
20250630 140700;22830;22832.5;22818.5;22824.5;1255
20250630 140800;22824;22834.75;22817.25;22833.5;1040
20250630 140900;22833.75;22840;22826;22832.75;1550
20250630 141000;22832.75;22835;22824.75;22830;631
20250630 141100;22829.75;22837;22827.75;22837;793
20250630 141200;22837;22849.75;22836;22848.75;1921
20250630 141300;22849.25;22853.75;22845.75;22849.25;1329
20250630 141400;22850;22850.5;22842.5;22846;709
20250630 141500;22846.25;22846.25;22834.5;22844;1033
20250630 141600;22843.75;22844;22838.25;22839.25;652
20250630 141700;22840;22845.25;22830.5;22833.25;1020
20250630 141800;22833.5;22833.75;22826;22830.25;1169
20250630 141900;22829.25;22832;22818;22829.25;1158
20250630 142000;22829;22837;22827.25;22836.25;650
20250630 142100;22835.5;22838.5;22819.5;22821.5;1268
20250630 142200;22821.75;22823;22807.5;22814;2802
20250630 142300;22813.75;22820.75;22812;22816.75;1024
20250630 142400;22816.25;22824.75;22812.25;22821;1089
20250630 142500;22820.5;22824.25;22816.5;22823;716
20250630 142600;22822.75;22826.5;22814;22814.25;1132
20250630 142700;22813.5;22824;22813;22822;702
20250630 142800;22822;22828;22819.25;22822.5;540
20250630 142900;22822.5;22831;22819.25;22829.5;589
20250630 143000;22830;22842.5;22826.75;22841.75;1207
20250630 143100;22842;22845;22835.5;22837.75;1069
20250630 143200;22838.25;22839.75;22829;22834.75;768
20250630 143300;22834.75;22837.75;22828.75;22835;518
20250630 143400;22835.25;22839.5;22829.5;22833.25;443
20250630 143500;22832.75;22833.25;22826;22826.5;587
20250630 143600;22826.25;22827.25;22821.5;22824;1001
20250630 143700;22823.25;22827;22819;22826.5;713
20250630 143800;22827;22828.25;22815.25;22815.75;905
20250630 143900;22815.75;22822.75;22809;22819;1356
20250630 144000;22819;22822.25;22816.5;22817.5;434
20250630 144100;22818;22821.75;22809.25;22819.75;864
20250630 144200;22819.25;22829.5;22818.75;22828;915
20250630 144300;22828.25;22839.75;22826.25;22837;1019
20250630 144400;22836.75;22837.25;22823.25;22828.25;815
20250630 144500;22827.75;22829.5;22819.25;22820.75;654
20250630 144600;22820.25;22824;22816.75;22818.25;531
20250630 144700;22818;22824.75;22811;22823.25;812
20250630 144800;22823.75;22830;22822.25;22829.5;735
20250630 144900;22829.25;22835;22829.25;22833;750
20250630 145000;22833.25;22836;22830.75;22831.25;406
20250630 145100;22831.25;22832.75;22822.25;22824.25;627
20250630 145200;22823.75;22829.75;22823.25;22827.25;444
20250630 145300;22827.5;22827.75;22821.75;22823.5;491
20250630 145400;22822.75;22823.5;22816.75;22817.5;682
20250630 145500;22817.25;22823.25;22815.25;22822.25;659
20250630 145600;22822;22829;22821.5;22827.75;554
20250630 145700;22828.25;22828.25;22818.75;22819.75;554
20250630 145800;22819.75;22822.25;22818;22818.5;459
20250630 145900;22818.25;22823;22818.25;22821.5;378
20250630 150000;22821;22822.75;22817.75;22821.25;297
20250630 150100;22821.75;22830;22815.5;22825.5;827
20250630 150200;22825.5;22826.5;22817;22821.25;592
20250630 150300;22822.25;22822.75;22815.75;22818.75;521
20250630 150400;22819;22828.75;22816.5;22828;594
20250630 150500;22828;22833;22824.75;22830;964
20250630 150600;22829.5;22836.5;22829.5;22836.25;850
20250630 150700;22836.5;22838.5;22832;22832.75;716
20250630 150800;22833;22837.5;22828.75;22831.5;760
20250630 150900;22831.75;22838.25;22831.75;22834.75;501
20250630 151000;22835;22842;22833.75;22839.75;696
20250630 151100;22840.25;22841.5;22832.75;22833.25;826
20250630 151200;22833.5;22834;22818.75;22823.5;1079
20250630 151300;22823.25;22825.75;22814.25;22818.75;878
20250630 151400;22818.5;22820.5;22811.75;22811.75;563
20250630 151500;22811.5;22816.25;22808.5;22815.25;928
20250630 151600;22815;22816;22805;22815.25;790
20250630 151700;22815;22815.5;22808.25;22809.25;412
20250630 151800;22809;22813.5;22808.25;22809;437
20250630 151900;22809.75;22810.75;22801.5;22809.75;902
20250630 152000;22809.25;22813.5;22805.5;22807.75;530
20250630 152100;22807.75;22820.5;22803.5;22819.75;947
20250630 152200;22819.25;22822.75;22816.25;22818.5;949
20250630 152300;22818;22820.75;22810.5;22820.75;662
20250630 152400;22820.5;22821.75;22816.5;22817.25;329
20250630 152500;22817;22822.25;22814;22821.5;425
20250630 152600;22821;22824.5;22818.5;22822;474
20250630 152700;22822.25;22824.5;22819.25;22823.25;464
20250630 152800;22823;22827.5;22815.25;22815.5;875
20250630 152900;22815.75;22818;22812.25;22816.25;619
20250630 153000;22816.25;22819.25;22814.5;22817;431
20250630 153100;22817.5;22821;22809.25;22811.75;649
20250630 153200;22811;22818.5;22809.75;22818.25;538
20250630 153300;22818.25;22825.5;22818.25;22824;701
20250630 153400;22824;22832.5;22821.25;22832.5;934
20250630 153500;22832.5;22840.25;22831.25;22836.75;1096
20250630 153600;22837;22840;22831.75;22833.5;868
20250630 153700;22834;22836;22829.5;22834.75;533
20250630 153800;22835;22839.75;22835;22837.5;396
20250630 153900;22837.5;22839.75;22834.25;22837.75;453
20250630 154000;22837.75;22840;22835;22839.75;509
20250630 154100;22839.5;22841;22834.25;22835.75;610
20250630 154200;22835.25;22836.5;22831;22834.5;440
20250630 154300;22834.5;22845;22833.75;22842;906
20250630 154400;22842.5;22843.75;22837.25;22841;474
20250630 154500;22841.5;22850;22840.75;22844.5;841
20250630 154600;22845.25;22848;22844;22847.5;532
20250630 154700;22848;22848.75;22842;22848.25;546
20250630 154800;22848.25;22849.5;22844.25;22849.25;370
20250630 154900;22849.5;22851.5;22846.25;22850.25;580
20250630 155000;22850;22856.75;22850;22850.75;1028
20250630 155100;22851.25;22858.5;22848.75;22858;840
20250630 155200;22858;22858.25;22853;22855.25;508
20250630 155300;22854.5;22856;22850.25;22851.75;478
20250630 155400;22852.5;22858.5;22852.25;22856.75;414
20250630 155500;22857;22857.25;22847.25;22849;529
20250630 155600;22848.75;22851.75;22846;22847.75;496
20250630 155700;22848.25;22848.25;22839.75;22844;819
20250630 155800;22843.25;22846.5;22836.25;22836.25;702
20250630 155900;22836.75;22844.75;22836.25;22842.25;570
20250630 160000;22842.5;22846;22841.25;22843.25;360
20250630 160100;22843.25;22848.75;22841.75;22848;529
20250630 160200;22848.25;22855;22848;22853.5;757
20250630 160300;22853.25;22855;22849.25;22851.25;402
20250630 160400;22851.25;22855;22850;22852;300
20250630 160500;22852.5;22863;22852.5;22861.5;1034
20250630 160600;22862;22865;22858.25;22860.5;1054
20250630 160700;22860.5;22862.5;22857.75;22861.25;455
20250630 160800;22861;22862.5;22858;22861.25;327
20250630 160900;22861.25;22864.25;22860.25;22862.25;308
20250630 161000;22862;22866.75;22861.75;22866;504
20250630 161100;22865.75;22867.5;22862.5;22864;546
20250630 161200;22863.75;22865;22858;22858.25;518
20250630 161300;22858;22862.75;22857.5;22859.5;364
20250630 161400;22859.25;22861.75;22858.5;22859.75;291
20250630 161500;22859.75;22860.25;22853.25;22853.25;572
20250630 161600;22853.5;22862.75;22853.5;22861.75;706
20250630 161700;22861.75;22864.5;22856.75;22857.75;510
20250630 161800;22858;22858.25;22849;22852.5;662
20250630 161900;22852.25;22853.25;22842.25;22842.5;786
20250630 162000;22842;22842.25;22832;22840.75;1186
20250630 162100;22840.25;22844.5;22837.5;22839.25;762
20250630 162200;22839;22840.5;22835.75;22839.5;397
20250630 162300;22839.25;22845.25;22836;22843.5;481
20250630 162400;22843.75;22844;22837;22837.25;318
20250630 162500;22837.25;22838.75;22833;22836;418
20250630 162600;22835.75;22841.75;22832.5;22840.5;631
20250630 162700;22840.25;22843;22836;22842.75;363
20250630 162800;22842.75;22843.25;22837;22837.25;271
20250630 162900;22837.25;22841;22834;22834.25;368
20250630 163000;22833.75;22837.5;22833.5;22836;285
20250630 163100;22835.75;22840.25;22833;22838.25;377
20250630 163200;22838.25;22841;22835.75;22838.75;332
20250630 163300;22838.75;22843;22835.25;22842.25;362
20250630 163400;22842.75;22847.25;22842.25;22843.25;525
20250630 163500;22843.25;22849;22841.25;22848.5;483
20250630 163600;22848.25;22854.5;22845.25;22854;622
20250630 163700;22854;22854.5;22848;22849.75;530
20250630 163800;22850.25;22855;22850;22851.5;402
20250630 163900;22851.25;22854;22848;22848.25;323
20250630 164000;22848.25;22850.25;22846.75;22849.75;281
20250630 164100;22849.25;22857.25;22849.25;22855.5;580
20250630 164200;22855.25;22857.25;22852.75;22855.5;246
20250630 164300;22855.75;22865;22854.5;22865;753
20250630 164400;22864.75;22866.5;22859.25;22859.75;675
20250630 164500;22859.25;22860.75;22855;22855.25;504
20250630 164600;22855.5;22863.25;22854;22862.5;678
20250630 164700;22862.25;22864.75;22857.5;22859.75;689
20250630 164800;22859.5;22861.25;22857;22857.5;477
20250630 164900;22857.5;22861;22857.5;22857.5;346
20250630 165000;22857.75;22861.5;22857.5;22859;351
20250630 165100;22859;22860.25;22855.75;22857.5;321
20250630 165200;22857.25;22858.75;22853.25;22857;469
20250630 165300;22857.25;22862;22855.5;22861;393
20250630 165400;22861;22861;22857.5;22857.5;284
20250630 165500;22857.75;22859.25;22854.75;22857.75;291
20250630 165600;22858;22861.5;22856.75;22859.25;319
20250630 165700;22858.75;22859.5;22853.25;22854.25;340
20250630 165800;22854.75;22855.25;22850;22850.25;511
20250630 165900;22850.25;22851.5;22840;22844.5;1105
20250630 170000;22843.75;22844;22838.25;22842.25;636
20250630 170100;22842.25;22849.5;22842.25;22843.75;666
20250630 170200;22844;22846.25;22840.25;22842;313
20250630 170300;22841.5;22842;22836;22839;485
20250630 170400;22838.75;22841.75;22833.5;22834.5;561
20250630 170500;22834.75;22838;22833.75;22836.75;450
20250630 170600;22836.75;22836.75;22827.25;22831;871
20250630 170700;22830.5;22835;22826.75;22833.25;429
20250630 170800;22833.25;22833.5;22826.75;22831.75;428
20250630 170900;22831.75;22838.75;22831;22837.25;729
20250630 171000;22837.5;22841.25;22837.25;22839.75;539
20250630 171100;22839;22845.75;22838.25;22845;518
20250630 171200;22844.75;22845;22839.5;22839.75;297
20250630 171300;22839.5;22842.75;22838.25;22839.5;276
20250630 171400;22839.75;22840;22834.5;22836.25;324
20250630 171500;22835.75;22838.25;22831.25;22832.75;396
20250630 171600;22832.5;22837;22830.75;22833.25;395
20250630 171700;22833.5;22835.75;22828.25;22829.75;385
20250630 171800;22829.5;22830.75;22826.75;22829;562
20250630 171900;22829.25;22832.25;22827.25;22827.25;345
20250630 172000;22826.75;22832.5;22826;22829.5;487
20250630 172100;22829.25;22833;22827.75;22829.25;508
20250630 172200;22828.75;22829.25;22823.5;22825.5;420
20250630 172300;22825.25;22831.5;22824;22830.75;375
20250630 172400;22830.25;22833.75;22829.75;22832;392
20250630 172500;22832;22833.75;22830;22831.5;230
20250630 172600;22831.75;22831.75;22825.5;22825.5;470
20250630 172700;22825.75;22829.75;22824.5;22829;439
20250630 172800;22828.5;22833;22827.25;22827.75;292
20250630 172900;22827.75;22833.75;22827.25;22833.25;289
20250630 173000;22833.5;22839;22833.25;22837;736
20250630 173100;22837.25;22839.75;22832.5;22833.25;579
20250630 173200;22832.75;22833.25;22823.5;22824;664
20250630 173300;22824.25;22826.25;22821;22825.5;635
20250630 173400;22825.25;22826.5;22819.75;22821.25;443
20250630 173500;22821.5;22823.5;22818.75;22822.5;466
20250630 173600;22822.25;22822.75;22815;22820;794
20250630 173700;22819.5;22826.25;22819.25;22821.75;543
20250630 173800;22821;22825.5;22820.25;22824.5;281
20250630 173900;22824.5;22829.25;22824.5;22826.75;388
20250630 174000;22826.75;22827.25;22823;22823;266
20250630 174100;22823;22823.5;22816.75;22817.75;556
20250630 174200;22817.5;22820.25;22814.5;22819.75;455
20250630 174300;22819.75;22828.5;22818.75;22823;673
20250630 174400;22822.75;22824;22819.75;22820.75;283
20250630 174500;22821;22821.75;22815.5;22816.75;539
20250630 174600;22816.75;22821.5;22816;22819.5;400
20250630 174700;22819.5;22825.75;22818.75;22822;347
20250630 174800;22822.5;22826.75;22822.25;22823;318
20250630 174900;22823.75;22825.25;22821.25;22824;319
20250630 175000;22823.75;22828.25;22823.5;22825;254
20250630 175100;22824.75;22832.75;22824.75;22831.75;596
20250630 175200;22831.25;22834.75;22823;22823.25;663
20250630 175300;22823.5;22828.5;22822.5;22823.25;367
20250630 175400;22823.5;22828;22823.25;22828;208
20250630 175500;22828;22829;22825.25;22827.5;234
20250630 175600;22827.5;22848.25;22818.25;22829.25;2488
20250630 175700;22830;22834;22822;22822;1133
20250630 175800;22822.25;22822.5;22786.25;22813;3411
20250630 175900;22812.5;22820.75;22810.5;22817.25;707
20250630 180000;22817.5;22825.5;22817.25;22821;790
20250630 180100;22821;22834;22819;22830.5;1048
20250630 180200;22830.25;22834.25;22825.5;22833.25;605
20250630 180300;22832.75;22837.25;22828.75;22830.75;658
20250630 180400;22831;22832.5;22824;22827.25;422
20250630 180500;22827.5;22828.25;22823.25;22825.75;306
20250630 180600;22825.75;22832.5;22820.5;22831.5;513
20250630 180700;22832;22838.5;22831;22832.75;741
20250630 180800;22832.5;22833;22823.75;22825.75;585
20250630 180900;22824.5;22825;22819;22820.25;736
20250630 181000;22820;22821.25;22814.25;22818;1026
20250630 181100;22818;22818.5;22807;22811.25;1036
20250630 181200;22811;22813;22806.5;22810.5;571
20250630 181300;22811.5;22819;22810.5;22817.5;477
20250630 181400;22817.75;22823.5;22817;22818.5;624
20250630 181500;22818;22820.5;22815.25;22818.25;291
20250630 181600;22817.75;22828;22816.5;22827.5;632
20250630 181700;22828;22829.25;22825.25;22827.5;519
20250630 181800;22828;22830;22823.5;22828.75;458
20250630 181900;22828.75;22830.75;22826.5;22829;291
20250630 182000;22829;22835.25;22828.75;22829.5;485
20250630 182100;22829.25;22839;22829.25;22838.75;608
20250630 182200;22838.5;22841.25;22836.75;22837.25;662
20250630 182300;22837.75;22838.5;22831.25;22833.5;518
20250630 182400;22833.25;22835.5;22827.75;22828.75;442
20250630 182500;22829;22832.25;22826.25;22831.25;483
20250630 182600;22831.25;22833;22823.5;22825.5;471
20250630 182700;22825.25;22828.75;22823.75;22826.25;291
20250630 182800;22827;22831.25;22826;22827.5;331
20250630 182900;22827.75;22830.5;22825;22827;220
20250630 183000;22826.5;22826.5;22817.25;22819.75;564
20250630 183100;22819.25;22823;22816;22816;683
20250630 183200;22816;22816.25;22806.5;22810;909
20250630 183300;22810;22810.5;22801.75;22802.5;729
20250630 183400;22802.25;22807;22798.5;22802;733
20250630 183500;22801.75;22807.5;22801.25;22803.25;535
20250630 183600;22802.75;22808.75;22801.75;22807.25;483
20250630 183700;22807;22808;22799.75;22801.25;472
20250630 183800;22800.5;22805.75;22799.25;22803.5;423
20250630 183900;22803.5;22806.5;22800.5;22800.5;424
20250630 184000;22800.75;22802.75;22796.25;22802.5;588
20250630 184100;22802.25;22803;22792.25;22792.75;617
20250630 184200;22793;22796.5;22785;22791;1287
20250630 184300;22791.25;22791.75;22781;22787.75;1249
20250630 184400;22787.75;22798.75;22782.5;22795.25;1014
20250630 184500;22794.5;22802.5;22793.25;22797.5;714
20250630 184600;22797.75;22819.5;22797.25;22808.75;1975
20250630 184700;22809.75;22814.5;22806.25;22807.25;762
20250630 184800;22807.25;22812.75;22804.5;22808.25;578
20250630 184900;22808.5;22809.5;22800.25;22808;496
20250630 185000;22807.75;22809.75;22803.25;22803.25;302
20250630 185100;22802.75;22811.75;22802;22811.25;407
20250630 185200;22811.25;22819.5;22810.25;22819.25;810
20250630 185300;22819.25;22824;22817.25;22822;657
20250630 185400;22822;22822;22814;22821.5;632
20250630 185500;22821.5;22825.5;22820;22824.5;437
20250630 185600;22824.5;22834.5;22824.25;22832.75;1306
20250630 185700;22833.25;22839.75;22833.25;22839.25;975
20250630 185800;22839;22853.25;22839;22847.25;1859
20250630 185900;22847.25;22849;22841.75;22844.5;992
20250630 190000;22844.75;22850;22843.75;22849.5;777
20250630 190100;22849.25;22859.25;22848.25;22855.75;1746
20250630 190200;22856;22859.5;22851.5;22854.75;1027
20250630 190300;22854.75;22857;22849;22856.25;803
20250630 190400;22856.5;22863.75;22856;22860.25;863
20250630 190500;22860.5;22863.25;22858.5;22860.75;794
20250630 190600;22860.5;22861.5;22852.25;22854.5;946
20250630 190700;22854.75;22859.25;22854.5;22857.25;492
20250630 190800;22857.25;22860.75;22855.5;22858.5;530
20250630 190900;22858.75;22869.75;22857;22858.5;1455
20250630 191000;22858.5;22862.75;22856.25;22858;510
20250630 191100;22858;22859.25;22852.25;22857.5;771
20250630 191200;22857.75;22864.5;22856.5;22863.75;859
20250630 191300;22864;22866;22861.25;22864.75;609
20250630 191400;22864.5;22866.5;22862.25;22865;458
20250630 191500;22865.25;22873.5;22865;22865.75;926
20250630 191600;22866;22866.5;22858.5;22859.75;893
20250630 191700;22859.75;22862;22851.75;22852.25;816
20250630 191800;22851.75;22856.75;22850.25;22854.25;700
20250630 191900;22854.25;22859.25;22852.75;22857.25;617
20250630 192000;22857;22860.25;22854;22858;475
20250630 192100;22857.25;22867.25;22856;22865.25;1002
20250630 192200;22865.5;22879.5;22865.25;22877.25;1759
20250630 192300;22877.25;22877.5;22870.75;22874.75;1150
20250630 192400;22875.5;22880;22874.5;22876.75;827
20250630 192500;22877.5;22882.5;22876.75;22878.75;751
20250630 192600;22878.5;22885.75;22877.25;22884;842
20250630 192700;22884.25;22891.25;22884.25;22889;1477
20250630 192800;22889.75;22893.75;22884.5;22885.5;1359
20250630 192900;22886;22887.75;22881.5;22883;840
20250630 193000;22883.25;22884.5;22874.75;22877.25;936
20250630 193100;22877.25;22879;22866.25;22868.5;1697
20250630 193200;22868.5;22878.5;22868.25;22876.25;921
20250630 193300;22876.25;22878.5;22868;22874.75;829
20250630 193400;22874.25;22882;22872.75;22881.25;707
20250630 193500;22881.5;22884.25;22877.75;22881.25;808
20250630 193600;22881;22884.5;22878;22879.25;504
20250630 193700;22879.5;22879.5;22871.25;22876.25;817
20250630 193800;22876;22880.25;22870.5;22870.75;620
20250630 193900;22871.25;22873.5;22863.75;22872.75;854
20250630 194000;22872.75;22877.75;22872.5;22873.75;578
20250630 194100;22873.5;22887;22872.25;22886.5;902
20250630 194200;22886.75;22889.25;22880.5;22886;739
20250630 194300;22886.25;22891.75;22882.25;22891;772
20250630 194400;22890.5;22895;22890;22894;929
20250630 194500;22893.5;22894.75;22879.25;22882.25;956
20250630 194600;22882.5;22885.25;22876.75;22884.75;1097
20250630 194700;22884.75;22889.75;22882.25;22885.75;859
20250630 194800;22885;22897;22885;22894.5;1342
20250630 194900;22894.5;22899;22892;22895.25;1490
20250630 195000;22895.75;22900.75;22890.25;22897.25;1954
20250630 195100;22897.5;22909.75;22880;22907.75;3259
20250630 195200;22907.5;22912.5;22901.5;22910.5;1396
20250630 195300;22910.25;22918.5;22906.5;22910;1855
20250630 195400;22910.25;22928;22904;22923.25;2281
20250630 195500;22923;22934.5;22922.75;22930;3034
20250630 195600;22930.25;22934.75;22914.75;22915.5;2352
20250630 195700;22915.5;22918.25;22903;22905.25;2065
20250630 195800;22905.25;22923.25;22901;22923;2158
20250630 195900;22922.5;22924.5;22913.75;22914.25;2016
20250630 200000;22913.5;22913.5;22882;22885.75;12059
20250630 200100;22886;22897.75;22877.25;22882.5;4278
20250630 200200;22882;22882;22875.5;22879.25;1136
20250630 200300;22879;22880.25;22874;22879.5;833
20250630 200400;22879.5;22885;22876;22876.25;687
20250630 200500;22876.5;22877.5;22872.75;22876.25;547
20250630 200600;22876.75;22882.75;22874;22882.25;547
20250630 200700;22882.75;22884.25;22875.75;22879.75;476
20250630 200800;22880;22881.75;22877;22881;289
20250630 200900;22881.25;22882.25;22873.25;22873.75;278
20250630 201000;22873.5;22875.75;22870;22873.75;322
20250630 201100;22874.25;22875.5;22871.5;22873.75;317
20250630 201200;22873.5;22875.25;22871.75;22873.25;397
20250630 201300;22873;22874.5;22868.25;22868.5;389
20250630 201400;22868.5;22869.25;22852.75;22854.5;720
20250630 201500;22854.25;22863.5;22852.5;22863;658
20250630 201600;22863;22866.5;22860.25;22865.5;301
20250630 201700;22864.75;22873.5;22864.25;22872.5;393
20250630 201800;22872.5;22874.5;22870.25;22874;181
20250630 201900;22873.75;22874.75;22872;22872.25;166
20250630 202000;22872.25;22872.75;22869.25;22869.75;135
20250630 202100;22869.75;22872.5;22868.75;22869.25;83
20250630 202200;22869.25;22869.5;22868;22868.5;42
20250630 202300;22868.75;22868.75;22866.5;22868.25;76
20250630 202400;22867.75;22868.5;22865.5;22867.25;129
20250630 202500;22867.25;22868.25;22863.75;22864.5;157
20250630 202600;22864.75;22867;22861.5;22866.5;161
20250630 202700;22867;22868.75;22866;22868.5;95
20250630 202800;22868.25;22872;22867;22870;165
20250630 202900;22870.25;22873.25;22869.5;22873;119
20250630 203000;22872.75;22873.5;22870;22871;72
20250630 203100;22871;22872;22870.5;22871.75;66
20250630 203200;22872.25;22877.75;22872.25;22874.5;133
20250630 203300;22874.5;22875.75;22874;22874.5;52
20250630 203400;22874;22877.25;22874;22877;61
20250630 203500;22877.25;22879.25;22877.25;22879;77
20250630 203600;22879;22880.5;22878.25;22879.5;142
20250630 203700;22879.5;22880;22874.25;22876.25;90
20250630 203800;22876.5;22877.75;22875.75;22876;65
20250630 203900;22876.5;22878.75;22876.5;22878;65
20250630 204000;22877.75;22880.75;22877.25;22880.25;175
20250630 204100;22880.5;22882.25;22879.5;22881.25;92
20250630 204200;22881;22881;22877.5;22878.25;67
20250630 204300;22877.75;22878;22875.75;22877.25;61
20250630 204400;22877;22878;22876;22876.25;86
20250630 204500;22876.25;22878.5;22873.75;22877.75;125
20250630 204600;22878.25;22881;22878;22880;94
20250630 204700;22880.25;22880.25;22876;22876.75;107
20250630 204800;22875.75;22876.75;22874;22875.75;86
20250630 204900;22875.5;22875.5;22870.75;22871.5;154
20250630 205000;22872;22875;22871.25;22874.25;109
20250630 205100;22874.25;22878;22873.75;22877;74
20250630 205200;22875.75;22875.75;22872.75;22875.25;67
20250630 205300;22875.5;22878.5;22875;22877.5;66
20250630 205400;22876.75;22876.75;22874;22875.75;60
20250630 205500;22876;22877.25;22871.25;22872.5;151
20250630 205600;22872.5;22874;22872;22874;38
20250630 205700;22874.25;22874.75;22872.5;22873.5;46
20250630 205800;22874;22874.25;22870.5;22871.25;57
20250630 205900;22870.75;22871.5;22869.25;22869.5;99
20250630 210000;22869.75;22871;22866;22866.75;255
20250630 220100;22867.5;22875.25;22858;22859.75;436
20250630 220200;22859.5;22864.5;22858;22863.25;150
20250630 220300;22863;22863;22858;22860;152
20250630 220400;22859.75;22864.75;22858.75;22864.75;122
20250630 220500;22865.25;22877.75;22865.25;22876.75;196
20250630 220600;22876.25;22879;22871;22874.75;183
20250630 220700;22875.75;22876.75;22872.25;22872.25;48
20250630 220800;22874.5;22876;22872.25;22875;35
20250630 220900;22874.75;22886.75;22872;22885.75;172
20250630 221000;22885.75;22886.5;22881.75;22885;66
20250630 221100;22885;22885;22882;22882.25;37
20250630 221200;22882.5;22882.5;22879.25;22880.75;23
20250630 221300;22880.75;22882;22878.75;22880;51
20250630 221400;22879.75;22882.25;22879;22879;16
20250630 221500;22879;22882;22879;22882;19
20250630 221600;22881.25;22883.25;22880.75;22881.5;23
20250630 221700;22881;22881.25;22877;22877;57
20250630 221800;22877.75;22877.75;22875;22876.5;57
20250630 221900;22877.25;22877.25;22875.5;22877.25;24
20250630 222000;22875.75;22879.25;22875.5;22879.25;41
20250630 222100;22879.25;22879.75;22877;22878;38
20250630 222200;22879.5;22879.75;22878;22879;12
20250630 222300;22878.5;22878.5;22878.5;22878.5;2
20250630 222400;22878.5;22883.25;22878.5;22878.5;159
20250630 222500;22878.5;22879.75;22875.75;22875.75;29
20250630 222600;22875.25;22877.75;22875;22875.25;16
20250630 222700;22875;22875;22870;22872.5;89
20250630 222800;22872;22872;22868.25;22870;64
20250630 222900;22869.75;22877.75;22868.75;22877.75;60
20250630 223000;22875.25;22877.5;22873.75;22877.5;35
20250630 223100;22877.25;22879;22875.25;22875.25;39
20250630 223200;22876.75;22879;22874.75;22879;21
20250630 223300;22879.25;22879.25;22875.25;22875.25;24
20250630 223400;22875.25;22875.25;22872.75;22873.75;19
20250630 223500;22873.25;22874;22872.75;22872.75;9
20250630 223600;22872;22873.75;22870;22872.75;38
20250630 223700;22871.75;22871.75;22868;22868;25
20250630 223800;22868;22871.75;22868;22868.75;37
20250630 223900;22868.75;22871;22868.25;22870;17
20250630 224000;22869.25;22870.75;22868.75;22870;15
20250630 224100;22868.75;22869.75;22865.5;22869;71
20250630 224200;22868.75;22869.75;22866.5;22866.5;26
20250630 224300;22866.5;22870.5;22865.75;22870.5;23
20250630 224400;22868;22871.75;22868;22871.75;22
20250630 224500;22869.25;22869.75;22867.5;22867.5;6
20250630 224600;22867;22870;22867;22870;9
20250630 224700;22868.25;22868.25;22868.25;22868.25;4
20250630 224800;22869.5;22869.75;22868.5;22868.5;7
20250630 224900;22868.5;22868.5;22867.25;22867.75;20
20250630 225000;22866.5;22868;22865.5;22867;22
20250630 225100;22866;22866;22863.5;22863.5;33
20250630 225200;22863.5;22867.5;22863.25;22865.75;21
20250630 225300;22866.75;22866.75;22864.75;22864.75;3
20250630 225400;22865.75;22865.75;22864;22864.75;14
20250630 225500;22864;22865.5;22860.75;22862.25;38
20250630 225600;22862;22863;22854;22863;161
20250630 225700;22860.5;22861.25;22859.5;22861.25;21
20250630 225800;22860;22860;22855.5;22857.25;53
20250630 225900;22857.75;22858.25;22854;22855.75;22
20250630 230000;22856.5;22857.5;22852.5;22857.5;42
20250630 230100;22857.5;22863.75;22857.25;22863.75;100
20250630 230200;22861.25;22865.5;22860;22864.5;63
20250630 230300;22865;22868;22863;22865.5;49
20250630 230400;22865.5;22867;22863.25;22867;30
20250630 230500;22867.25;22868;22859.75;22860.75;67
20250630 230600;22861.25;22864.5;22858;22864.5;24
20250630 230700;22864;22864;22860.25;22862.5;12
20250630 230800;22861.25;22862.75;22860.5;22862.75;8
20250630 230900;22862.75;22865.25;22862.75;22863.25;23
20250630 231000;22861.5;22863.25;22861.25;22863.25;6
20250630 231100;22865;22867.25;22864;22866;30
20250630 231200;22867;22867.25;22864.75;22865.75;10
20250630 231300;22863;22866.5;22862.5;22864.5;19
20250630 231400;22866;22866;22863;22863;7
20250630 231500;22862;22864;22862;22862.75;6
20250630 231600;22863;22864.25;22860.75;22861.25;14
20250630 231700;22860.75;22862.5;22858.75;22862.5;25
20250630 231800;22863.75;22867.5;22863.75;22866.75;37
20250630 231900;22865.5;22868;22864.25;22868;21
20250630 232000;22867;22867.5;22865;22865;10
20250630 232100;22865.25;22867.5;22864;22864;29
20250630 232200;22864.25;22864.25;22859.5;22860.5;55
20250630 232300;22860;22862.5;22860;22862.5;5
20250630 232400;22864;22865;22863;22864.25;15
20250630 232500;22863.75;22864.75;22863.75;22864.75;2
20250630 232600;22865;22867.25;22863;22863;30
20250630 232700;22863;22864;22863;22864;5
20250630 232800;22862.5;22863;22861.25;22861.25;18
20250630 232900;22861.25;22861.25;22856;22857;34
20250630 233000;22856.75;22856.75;22854.5;22855.25;30
20250630 233100;22855.5;22858.25;22846.25;22847.25;279
20250630 233200;22847;22857.5;22847;22857.5;92
20250630 233300;22857.75;22858;22853.75;22857.5;33
20250630 233400;22857.5;22861.25;22855.25;22855.25;65
20250630 233500;22855;22858;22854.75;22856.5;31
20250630 233600;22856.5;22860;22856.5;22860;20
20250630 233700;22860.25;22866.75;22856;22864.25;113
20250630 233800;22864.75;22874.5;22864.25;22873.5;207
20250630 233900;22874;22877.25;22871.75;22876.5;83
20250630 234000;22876.5;22878;22870.75;22873.25;124
20250630 234100;22873;22874.25;22871.75;22873;21
20250630 234200;22872.75;22875.5;22872.5;22874.75;36
20250630 234300;22874.5;22880.75;22874.25;22878.75;133
20250630 234400;22879.5;22882;22878.5;22879.5;99
20250630 234500;22879;22881.25;22876.25;22878;54
20250630 234600;22879;22882.75;22878.75;22879.25;59
20250630 234700;22877.75;22878.25;22876;22876.75;38
20250630 234800;22877.25;22879.25;22876.25;22876.25;28
20250630 234900;22876.75;22878.5;22876;22877.75;11
20250630 235000;22878.25;22878.25;22877.25;22878.25;10
20250630 235100;22877.25;22883.5;22876.75;22883.5;41
20250630 235200;22883;22885;22880.5;22882.5;67
20250630 235300;22882.25;22887.25;22881;22884;150
20250630 235400;22884;22885.25;22883.25;22884;44
20250630 235500;22884;22885.25;22883.25;22884.75;39
20250630 235600;22884.75;22885.5;22882.5;22882.5;55
20250630 235700;22882.75;22883;22879.75;22881;68
20250630 235800;22881.25;22881.5;22878.25;22879.5;65
20250630 235900;22878.25;22880;22877.5;22880;40
20250701 000000;22879.5;22881.75;22879;22880.75;66
20250701 000100;22882;22893.5;22882;22890;265
20250701 000200;22889;22893;22887;22892;122
20250701 000300;22891.5;22891.75;22887;22890.5;64
20250701 000400;22889.75;22894.25;22888;22891.5;256
20250701 000500;22892.25;22893;22884;22891.5;191
20250701 000600;22890.75;22891.25;22885.25;22886.25;82
20250701 000700;22885.5;22897;22883.25;22895;126
20250701 000800;22896.5;22897.75;22894.25;22895;96
20250701 000900;22895;22896.75;22894.25;22895.75;61
20250701 001000;22895.25;22897.5;22894.5;22894.5;46
20250701 001100;22894.25;22896;22893.25;22894;40
20250701 001200;22893.25;22893.25;22889.25;22890;79
20250701 001300;22889.25;22894;22889.25;22894;60
20250701 001400;22894;22894.25;22890;22892.5;47
20250701 001500;22892.5;22893.25;22890.5;22891.75;23
20250701 001600;22892;22894;22891;22891.75;70
20250701 001700;22891;22900;22890.5;22896;158
20250701 001800;22895.5;22898;22892;22893.5;56
20250701 001900;22892.75;22895.75;22891.5;22893.25;54
20250701 002000;22893.5;22897;22893.5;22896.5;33
20250701 002100;22897.25;22899;22895;22895.75;50
20250701 002200;22896;22897;22892.75;22896.75;67
20250701 002300;22896.5;22899;22895.25;22896.5;51
20250701 002400;22895.5;22895.75;22893;22893;30
20250701 002500;22892.75;22894;22890.5;22890.75;92
20250701 002600;22891;22892.25;22888.75;22889.25;67
20250701 002700;22888.75;22893.25;22888.75;22892.25;56
20250701 002800;22891.25;22895;22891.25;22893.75;35
20250701 002900;22893.75;22896.25;22891.75;22893.75;47
20250701 003000;22893.5;22895;22892.5;22895;19
20250701 003100;22892;22892.25;22889.75;22891;61
20250701 003200;22890.5;22892.25;22889;22890;33
20250701 003300;22889.75;22891.75;22888.75;22891.25;37
20250701 003400;22891;22892.5;22888.75;22891.75;35
20250701 003500;22892;22892.75;22891.25;22891.25;11
20250701 003600;22892;22894.75;22892;22893.25;46
20250701 003700;22893.5;22893.75;22891.5;22891.75;38
20250701 003800;22891.5;22894.25;22889;22893.25;54
20250701 003900;22894.25;22899.5;22893.5;22898.25;119
20250701 004000;22898.75;22898.75;22895.5;22898.25;36
20250701 004100;22898;22898;22894.5;22896.25;50
20250701 004200;22895.75;22897.25;22895;22896.5;42
20250701 004300;22897;22901;22897;22897.5;89
20250701 004400;22897.25;22899.5;22895.75;22898.25;66
20250701 004500;22898.25;22899.75;22898.25;22899.25;30
20250701 004600;22899.25;22904;22897.75;22901.75;109
20250701 004700;22902;22904;22900.5;22901.75;77
20250701 004800;22902.5;22905.75;22902;22904;61
20250701 004900;22903.75;22904.25;22901.75;22902;43
20250701 005000;22902.75;22903.25;22901;22901.75;62
20250701 005100;22902;22903;22900.5;22901.75;69
20250701 005200;22902.5;22903.75;22902.5;22903.5;10
20250701 005300;22903.5;22903.5;22900.5;22902;28
20250701 005400;22901.5;22903.5;22899.5;22900.25;83
20250701 005500;22900.25;22900.75;22899;22899.75;36
20250701 005600;22899.75;22900.25;22897.25;22897.25;60
20250701 005700;22898.5;22901.5;22893.75;22897;139
20250701 005800;22895.75;22897.5;22895.5;22896.5;25
20250701 005900;22896.5;22900.25;22896.5;22899.5;36
20250701 010000;22899.75;22902.5;22899.5;22900.25;56
20250701 010100;22901.25;22907;22901;22905;96
20250701 010200;22905.75;22907.75;22903.25;22906.5;113
20250701 010300;22907;22907.25;22904.5;22906.75;42
20250701 010400;22907;22907.75;22900.75;22902.25;105
20250701 010500;22901.5;22902;22899.75;22901.75;44
20250701 010600;22902;22903;22899.75;22900.75;41
20250701 010700;22901.25;22903.75;22901.25;22902.25;34
20250701 010800;22902.5;22906;22902.5;22904;57
20250701 010900;22904.25;22904.75;22901;22903.25;37
20250701 011000;22903.5;22906;22902.25;22905;38
20250701 011100;22905.5;22908;22902.75;22903.5;65
20250701 011200;22904.25;22906;22904.25;22905.5;22
20250701 011300;22905.5;22907;22903.25;22903.5;43
20250701 011400;22903.25;22904.5;22902.25;22902.75;43
20250701 011500;22902.75;22905.75;22902.5;22904.75;20
20250701 011600;22904.5;22905;22902.5;22902.75;36
20250701 011700;22902.75;22903.75;22901.75;22902.25;38
20250701 011800;22902;22903.25;22902;22903;18
20250701 011900;22903.5;22904.25;22903.5;22903.5;9
20250701 012000;22902.75;22904;22901.75;22902.5;30
20250701 012100;22902.75;22904.25;22895.5;22895.5;302
20250701 012200;22896.25;22898.25;22895;22895.5;102
20250701 012300;22896.5;22896.5;22892.25;22894.25;96
20250701 012400;22894.25;22896.25;22892.75;22895.75;59
20250701 012500;22895.25;22896.25;22887.5;22890.75;193
20250701 012600;22891.25;22891.75;22886.5;22889.5;217
20250701 012700;22889.5;22890;22888.25;22888.25;60
20250701 012800;22887.5;22889.75;22886.75;22887;51
20250701 012900;22886.75;22889;22885.5;22885.5;67
20250701 013000;22885.25;22889.25;22885;22888.25;78
20250701 013100;22888;22892.75;22888;22892.75;75
20250701 013200;22892;22893;22890.5;22893;55
20250701 013300;22892.5;22893;22891;22892.25;42
20250701 013400;22892.25;22899;22892.25;22898.75;112
20250701 013500;22897.75;22898.75;22896.25;22897.75;81
20250701 013600;22898.25;22899.25;22897.25;22897.5;37
20250701 013700;22896.5;22901;22896;22899;99
20250701 013800;22899.5;22903.25;22899;22901;99
20250701 013900;22900;22901.5;22898;22899.25;72
20250701 014000;22899.25;22901;22897.75;22898.75;54
20250701 014100;22898;22899.5;22897.75;22899.5;23
20250701 014200;22900;22901.25;22897.75;22898.5;20
20250701 014300;22898.5;22901;22898.5;22899;24
20250701 014400;22898;22899.5;22898;22899;20
20250701 014500;22900;22902.5;22899;22900.75;31
20250701 014600;22901.25;22904;22901;22902.25;35
20250701 014700;22902.75;22902.75;22900.75;22901;21
20250701 014800;22901;22901.75;22900.75;22901.25;34
20250701 014900;22900.75;22903.5;22898.25;22903.5;134
20250701 015000;22902.75;22907.5;22902.75;22907;126
20250701 015100;22907;22907;22904;22906;49
20250701 015200;22906.5;22907;22905.5;22906.75;23
20250701 015300;22907;22914.25;22906.5;22909.25;220
20250701 015400;22909;22914.25;22908.75;22911.75;86
20250701 015500;22911;22912.25;22910.75;22911.75;36
20250701 015600;22911.25;22912.25;22906.75;22909.25;122
20250701 015700;22909.25;22912;22908;22911.75;45
20250701 015800;22911;22913.5;22910;22913.5;70
20250701 015900;22912.75;22914.75;22911.75;22913;86
20250701 020000;22912.75;22913.25;22910.25;22911.25;45
20250701 020100;22910.25;22911.75;22910;22910.25;36
20250701 020200;22909.25;22909.25;22903.5;22903.5;78
20250701 020300;22903.25;22906;22903;22903.75;53
20250701 020400;22904;22905.25;22903;22904.25;33
20250701 020500;22904.25;22906.75;22903.75;22903.75;37
20250701 020600;22904;22906.75;22904;22905.75;28
20250701 020700;22906.25;22909.75;22906.25;22909;69
20250701 020800;22909;22913.75;22909;22913.25;101
20250701 020900;22913.25;22913.75;22910.25;22910.25;85
20250701 021000;22911;22911.5;22908.5;22909;33
20250701 021100;22909.25;22909.5;22906.25;22907;39
20250701 021200;22907.5;22909;22907.25;22908;31
20250701 021300;22908.75;22909.25;22905.5;22909.25;48
20250701 021400;22908.75;22908.75;22906.75;22906.75;18
20250701 021500;22907.25;22911.25;22907;22909.5;55
20250701 021600;22909;22909;22906.75;22909;28
20250701 021700;22909.75;22909.75;22907.25;22908.5;15
20250701 021800;22910.25;22911;22908.5;22909;26
20250701 021900;22909;22910;22908;22908.5;22
20250701 022000;22908.5;22908.5;22903.75;22903.75;69
20250701 022100;22903.75;22907.25;22903.5;22904.25;55
20250701 022200;22903.5;22907.25;22903.25;22907.25;32
20250701 022300;22907.75;22908.25;22906;22908.25;30
20250701 022400;22907.5;22907.75;22906.25;22907;15
20250701 022500;22906.5;22907.5;22904.5;22907;38
20250701 022600;22907.25;22909.25;22905.5;22905.5;37
20250701 022700;22905.75;22906.5;22905;22906;17
20250701 022800;22905.75;22907;22905;22905.75;32
20250701 022900;22906.5;22906.75;22905;22906.5;20
20250701 023000;22906.5;22906.5;22904;22905;44
20250701 023100;22904.25;22905.25;22901.25;22903.5;100
20250701 023200;22904;22904.5;22901.25;22901.5;34
20250701 023300;22901.25;22902;22900;22900.5;57
20250701 023400;22900;22902;22899.75;22900;35
20250701 023500;22899.25;22899.25;22897.75;22899.25;49
20250701 023600;22897.5;22897.75;22895.5;22897;59
20250701 023700;22897.5;22897.75;22895.75;22897.25;38
20250701 023800;22896.75;22897.25;22895.25;22897;27
20250701 023900;22897;22898;22895.75;22895.75;52
20250701 024000;22896.25;22898.25;22895.75;22896.75;40
20250701 024100;22896.75;22897.25;22895.75;22896.75;29
20250701 024200;22896;22897.5;22896;22896.75;12
20250701 024300;22896.75;22897;22893.25;22894;109
20250701 024400;22893.75;22893.75;22891;22891;74
20250701 024500;22891.5;22893.25;22890.5;22892.25;37
20250701 024600;22891.75;22893;22890.5;22893;36
20250701 024700;22892;22894;22891.5;22894;36
20250701 024800;22893.75;22895.75;22893.5;22895;42
20250701 024900;22895.5;22895.75;22892.25;22892.5;48
20250701 025000;22892.5;22892.5;22888.5;22891;86
20250701 025100;22890.25;22891;22889.75;22889.75;8
20250701 025200;22889.5;22890.25;22888.25;22888.25;45
20250701 025300;22889;22889;22882.75;22884;128
20250701 025400;22883.75;22884;22876.25;22882;232
20250701 025500;22881.5;22884;22881;22882.5;64
20250701 025600;22881.75;22884.25;22881;22884;44
20250701 025700;22884;22884;22877.75;22878.75;88
20250701 025800;22877.75;22879.75;22877.75;22878;53
20250701 025900;22877.75;22879.75;22876.25;22876.25;70
20250701 030000;22877.5;22878.75;22876;22878.75;52
20250701 030100;22878.75;22879.5;22877.25;22878.25;33
20250701 030200;22878.5;22880.75;22877.75;22879.75;67
20250701 030300;22880.25;22882.5;22879.75;22882.25;68
20250701 030400;22882;22884.25;22882;22884.25;72
20250701 030500;22883.5;22884.5;22882;22882.25;44
20250701 030600;22882.5;22885;22881.5;22884;52
20250701 030700;22884.5;22884.75;22882;22882.5;30
20250701 030800;22882.25;22883.25;22878.75;22879.25;68
20250701 030900;22878.75;22882.75;22878.5;22882.75;45
20250701 031000;22882.25;22883.5;22880;22880;56
20250701 031100;22879.75;22880.25;22878.25;22879.5;21
20250701 031200;22879.5;22880.75;22878.75;22880.75;21
20250701 031300;22880.75;22880.75;22876.75;22877;62
20250701 031400;22877.75;22879.75;22876.5;22878.75;61
20250701 031500;22878;22878;22875;22877.25;52
20250701 031600;22877;22878;22875.5;22876.5;34
20250701 031700;22875.25;22878.25;22875.25;22876.75;23
20250701 031800;22877;22877.25;22875;22877;26
20250701 031900;22877.25;22878.5;22873;22873;68
20250701 032000;22873.5;22876.25;22872.5;22875.25;38
20250701 032100;22875.25;22876;22875.25;22876;4
20250701 032200;22875.5;22877.5;22875.5;22876.25;35
20250701 032300;22876;22876;22873.5;22874.75;16
20250701 032400;22874.5;22876.5;22874;22875.5;22
20250701 032500;22875.25;22876;22874.25;22875.25;23
20250701 032600;22875;22875;22873;22873.75;25
20250701 032700;22873;22873.75;22870.5;22872.5;54
20250701 032800;22873.25;22873.25;22867.75;22870;128
20250701 032900;22869.75;22871.75;22869;22871.5;65
20250701 033000;22871;22873.75;22870.75;22872.75;24
20250701 033100;22872.25;22875.75;22872;22873.75;51
20250701 033200;22872.5;22874;22872;22873.5;20
20250701 033300;22872.75;22875.75;22872.5;22875.75;56
20250701 033400;22876.5;22876.5;22873.25;22874;27
20250701 033500;22873.75;22874;22872.25;22872.5;28
20250701 033600;22872;22873.75;22871.25;22871.75;23
20250701 033700;22871.75;22872;22869.5;22870;30
20250701 033800;22869.75;22872.25;22869.75;22871;24
20250701 033900;22871.25;22874.25;22871.25;22873.75;21
20250701 034000;22874;22876;22873.5;22874.75;65
20250701 034100;22874.25;22874.25;22870.5;22871;41
20250701 034200;22870.75;22873.5;22867.75;22873.5;61
20250701 034300;22874;22874;22871.5;22871.5;34
20250701 034400;22872;22874;22872;22873;15
20250701 034500;22873.25;22875.75;22873.25;22874.75;33
20250701 034600;22874.25;22875;22871.5;22871.5;33
20250701 034700;22871;22871.25;22868.5;22869;60
20250701 034800;22868.5;22871.5;22868.5;22870.5;23
20250701 034900;22871.25;22873;22871.25;22871.75;23
20250701 035000;22871.5;22871.5;22869.5;22870.5;25
20250701 035100;22870;22872;22870;22871.5;54
20250701 035200;22871;22871.5;22868.5;22868.5;21
20250701 035300;22870.75;22873;22870.75;22873;20
20250701 035400;22872.5;22873.5;22872.5;22873;38
20250701 035500;22873.25;22873.75;22870.75;22870.75;39
20250701 035600;22872;22872.75;22871;22871.25;23
20250701 035700;22872;22872.5;22870;22870;19
20250701 035800;22871.5;22872;22871.25;22871.25;5
20250701 035900;22871.5;22872.5;22870.25;22871.5;25
20250701 040000;22871.5;22873;22871.5;22872.75;25
20250701 040100;22873;22876;22871.5;22875.75;77
20250701 040200;22875.75;22876.75;22872;22872.25;114
20250701 040300;22872;22873;22872;22873;24
20250701 040400;22872;22872;22865.5;22868.75;103
20250701 040500;22868.75;22873.5;22868.75;22872.25;58
20250701 040600;22872;22873.25;22870;22870;38
20250701 040700;22870;22874.5;22870;22874.25;67
20250701 040800;22874.5;22877.25;22872.75;22874;84
20250701 040900;22874;22875.75;22873.5;22875.25;34
20250701 041000;22875;22878;22875;22876.5;59
20250701 041100;22876.75;22877;22875.75;22876.75;23
20250701 041200;22876.25;22876.25;22875.5;22875.5;3
20250701 041300;22875.75;22876.25;22874.75;22875.25;24
20250701 041400;22875;22876.75;22875;22876.75;11
20250701 041500;22875.25;22876.25;22875;22875;14
20250701 041600;22874.5;22874.75;22868.5;22870.25;62
20250701 041700;22869.75;22870.25;22867.5;22868.5;48
20250701 041800;22868.75;22870.5;22866;22869.75;49
20250701 041900;22870.75;22871;22870;22871;10
20250701 042000;22870.5;22875;22870.5;22874;24
20250701 042100;22874.75;22874.75;22870.5;22870.5;20
20250701 042200;22870;22871;22868.5;22868.5;34
20250701 042300;22869.25;22871;22869.25;22869.25;23
20250701 042400;22870.25;22870.5;22869;22870;17
20250701 042500;22869.25;22869.5;22867.25;22868.25;61
20250701 042600;22867.5;22867.5;22865.75;22866.75;34
20250701 042700;22866.75;22868.25;22866.75;22867.25;18
20250701 042800;22866.75;22868;22866;22866.5;24
20250701 042900;22866.5;22870.25;22866.25;22868.5;62
20250701 043000;22868.75;22869.25;22867.5;22869;32
20250701 043100;22868.75;22871;22868.5;22871;21
20250701 043200;22870.25;22873.5;22870.25;22872.5;31
20250701 043300;22872;22872.5;22869;22869.75;19
20250701 043400;22869.75;22869.75;22867.25;22868.75;22
20250701 043500;22868.75;22870.25;22868.5;22870.25;12
20250701 043600;22869.5;22869.75;22868.75;22869.25;11
20250701 043700;22868.5;22868.5;22862.75;22866.75;73
20250701 043800;22866.75;22869.75;22866.5;22868.5;33
20250701 043900;22868;22868.25;22865.75;22866.25;10
20250701 044000;22865.75;22867.25;22864.5;22866.25;33
20250701 044100;22866.25;22866.25;22865;22865;8
20250701 044200;22865.25;22865.25;22860.75;22865.25;74
20250701 044300;22864;22865.5;22864;22864.5;9
20250701 044400;22863.75;22864.75;22863.75;22864;11
20250701 044500;22864.75;22864.75;22860;22861.25;70
20250701 044600;22861.75;22862.25;22860.25;22861.25;26
20250701 044700;22861.5;22862;22856;22856.75;147
20250701 044800;22857.25;22859.25;22854;22857.75;156
20250701 044900;22858.25;22861.5;22858.25;22861.5;43
20250701 045000;22861.5;22863.5;22860.5;22863.25;55
20250701 045100;22862.75;22864.5;22862.5;22863.5;30
20250701 045200;22863;22864.75;22863;22864;23
20250701 045300;22863.25;22864;22862.25;22862.5;20
20250701 045400;22862.5;22864.25;22862;22864;37
20250701 045500;22863;22863.25;22860;22860.75;44
20250701 045600;22861.25;22861.25;22855.5;22856.5;65
20250701 045700;22856.75;22859.75;22856.75;22859.5;57
20250701 045800;22859.75;22860.5;22858;22859;48
20250701 045900;22858.75;22859;22856.5;22856.75;29
20250701 050000;22856.75;22858.25;22856.75;22857.25;21
20250701 050100;22857.5;22859.5;22855.75;22856.25;45
20250701 050200;22855.5;22856.25;22853.25;22854;70
20250701 050300;22854.5;22858;22854.5;22857.25;38
20250701 050400;22857.75;22860.25;22857.75;22858.5;49
20250701 050500;22859.25;22861.75;22858.25;22858.25;31
20250701 050600;22859;22861.5;22859;22859.25;35
20250701 050700;22860.75;22861;22858;22858.25;27
20250701 050800;22858.25;22858.5;22856.5;22857;24
20250701 050900;22856.75;22858.25;22854.25;22854.25;39
20250701 051000;22854.5;22855.25;22850.5;22850.5;103
20250701 051100;22851.25;22852.5;22847.25;22847.25;147
20250701 051200;22847.5;22850;22847.25;22848;46
20250701 051300;22848.25;22851.25;22847.75;22851.25;47
20250701 051400;22851.5;22853.25;22850;22852.25;81
20250701 051500;22852;22852.5;22848.5;22850;40
20250701 051600;22849.75;22851.25;22848.5;22849.25;36
20250701 051700;22849.25;22852;22849;22851.25;37
20250701 051800;22851.25;22853.75;22850.25;22851.75;57
20250701 051900;22851.75;22853.25;22851;22853.25;23
20250701 052000;22852.25;22852.25;22850.25;22850.25;28
20250701 052100;22850.75;22851;22848;22849.5;25
20250701 052200;22849.5;22850.75;22848.75;22850.75;26
20250701 052300;22851;22852;22850.75;22851;14
20250701 052400;22851;22853.5;22840.5;22850.5;325
20250701 052500;22850.25;22851.75;22846.5;22847;63
20250701 052600;22847;22848.75;22844.5;22846;58
20250701 052700;22844.75;22851.25;22844.75;22849.75;44
20250701 052800;22850.5;22851;22848.25;22850.5;49
20250701 052900;22850.5;22851;22848;22848.75;25
20250701 053000;22849.5;22852.25;22848.25;22849.5;95
20250701 053100;22849;22852.75;22849;22851;43
20250701 053200;22850;22852.25;22846.5;22850;105
20250701 053300;22850.5;22852.5;22848.75;22849.5;37
20250701 053400;22850.5;22850.75;22848.5;22848.75;38
20250701 053500;22848.25;22848.25;22847;22848;10
20250701 053600;22846.75;22848.5;22843;22844;71
20250701 053700;22844;22844.75;22837.75;22843.75;273
20250701 053800;22844;22844.25;22841.5;22844.25;57
20250701 053900;22844.5;22846.25;22842;22845.25;109
20250701 054000;22845.5;22846.75;22844;22845;35
20250701 054100;22844.75;22846.75;22844.25;22846;24
20250701 054200;22846.5;22848.75;22845.75;22845.75;71
20250701 054300;22845.75;22846.25;22844.75;22846.25;20
20250701 054400;22846.5;22847.75;22845.75;22846;24
20250701 054500;22845.75;22847.25;22841;22841.5;73
20250701 054600;22841.5;22841.5;22837.25;22837.75;141
20250701 054700;22838;22842.75;22837.5;22842.5;108
20250701 054800;22842;22846.25;22841.75;22845.25;67
20250701 054900;22846.25;22846.25;22842.25;22843.25;46
20250701 055000;22843.5;22846;22842.75;22845.25;34
20250701 055100;22845.5;22850;22845.5;22849.25;50
20250701 055200;22849.25;22851.75;22848.75;22851.5;65
20250701 055300;22851.75;22856.75;22851.5;22856.75;115
20250701 055400;22855.75;22855.75;22852.25;22853.25;56
20250701 055500;22853;22856.5;22853;22854;38
20250701 055600;22853.75;22853.75;22849.25;22851.5;73
20250701 055700;22850.25;22852.5;22850;22851.75;15
20250701 055800;22851.75;22851.75;22848.5;22849.25;40
20250701 055900;22849.5;22849.5;22844;22844.25;109
20250701 060000;22844.5;22845;22840.75;22841.5;72
20250701 060100;22841.5;22847.25;22840;22843.5;107
20250701 060200;22844;22844;22834.25;22838.25;212
20250701 060300;22837.5;22838.5;22834.5;22837.75;97
20250701 060400;22837.5;22839.5;22836.75;22839.5;50
20250701 060500;22839.25;22839.75;22835.5;22835.5;56
20250701 060600;22836;22836;22832.75;22832.75;98
20250701 060700;22832.5;22833;22827.25;22827.5;278
20250701 060800;22828.25;22831.5;22827.25;22831.5;93
20250701 060900;22831.5;22836;22831.25;22836;109
20250701 061000;22836.25;22838;22835;22836;41
20250701 061100;22835.75;22837;22835.75;22836.5;25
20250701 061200;22836.75;22842.25;22836.25;22840.25;87
20250701 061300;22840.75;22842.25;22838.25;22840;48
20250701 061400;22840.5;22841.5;22839.5;22841;42
20250701 061500;22841.25;22841.5;22839.5;22839.5;21
20250701 061600;22840.5;22841;22839.25;22840.25;13
20250701 061700;22840;22840;22835;22836;34
20250701 061800;22836.5;22837;22835.25;22837;28
20250701 061900;22837.5;22840.75;22837.25;22840.25;54
20250701 062000;22839.5;22840;22837.75;22837.75;12
20250701 062100;22837.25;22838.25;22836.75;22837.75;14
20250701 062200;22837;22837;22833.5;22835.25;44
20250701 062300;22835.5;22839.5;22835.5;22839.5;33
20250701 062400;22839.25;22839.25;22837;22837;25
20250701 062500;22836;22836.75;22834.5;22836.25;42
20250701 062600;22836.5;22839;22836.25;22837.75;19
20250701 062700;22838;22842.25;22837.25;22841.25;71
20250701 062800;22840.5;22842.25;22836.75;22836.75;89
20250701 062900;22837;22837;22835;22836.5;27
20250701 063000;22836.25;22838.25;22835;22835;21
20250701 063100;22836.25;22837.25;22830.25;22835.5;165
20250701 063200;22835;22840.75;22834.25;22838.5;80
20250701 063300;22838;22839.25;22837;22837.5;32
20250701 063400;22837.5;22838.25;22835.75;22836.75;32
20250701 063500;22836.25;22837.25;22836;22837;25
20250701 063600;22836.75;22839.75;22836;22839.75;59
20250701 063700;22840.25;22840.5;22834;22835;34
20250701 063800;22835;22839.5;22835;22838.25;48
20250701 063900;22839;22840.25;22837.25;22838.25;31
20250701 064000;22838.5;22840.5;22838.25;22838.25;31
20250701 064100;22838.25;22840.75;22838.25;22839.75;16
20250701 064200;22839.75;22843.5;22839.75;22843.25;47
20250701 064300;22843;22843.25;22840.75;22841.5;49
20250701 064400;22840.5;22841.5;22838.5;22840;29
20250701 064500;22840;22840;22836.75;22838;26
20250701 064600;22837.75;22837.75;22834;22837;49
20250701 064700;22836.75;22838.75;22835.75;22837.25;29
20250701 064800;22836.25;22839.25;22836.25;22838.75;23
20250701 064900;22838.5;22838.5;22836.25;22836.25;37
20250701 065000;22836.25;22836.25;22829.75;22832;131
20250701 065100;22832.5;22836;22832;22835;79
20250701 065200;22835.75;22840.25;22835.25;22840;94
20250701 065300;22840.5;22842.75;22838;22838.5;61
20250701 065400;22838.75;22844.5;22838;22844.5;54
20250701 065500;22844;22844;22841.25;22841.75;40
20250701 065600;22841.5;22844;22841;22843.5;52
20250701 065700;22843;22846.5;22843;22844.5;59
20250701 065800;22844.5;22844.5;22841.25;22841.75;29
20250701 065900;22842.25;22843.75;22840;22841.75;42
20250701 070000;22841;22842;22839;22840.5;48
20250701 070100;22841;22852.75;22840.5;22851.5;309
20250701 070200;22850.75;22855;22850.5;22853.25;117
20250701 070300;22852.5;22854.75;22848.75;22849.75;78
20250701 070400;22849;22855.5;22847;22855.25;127
20250701 070500;22855;22863.5;22854.5;22862.75;210
20250701 070600;22862.5;22865.75;22855.5;22857.75;302
20250701 070700;22857;22857.25;22852.75;22855;92
20250701 070800;22855.25;22855.5;22851.25;22854.75;66
20250701 070900;22854;22857;22853.75;22856;61
20250701 071000;22856.25;22857.25;22855.5;22857.25;52
20250701 071100;22856.75;22857.25;22851;22855;71
20250701 071200;22855.5;22855.5;22849.75;22849.75;62
20250701 071300;22850.75;22853.25;22847.75;22851;109
20250701 071400;22851.25;22852.5;22849.75;22851.25;55
20250701 071500;22850.5;22850.5;22841.75;22841.75;129
20250701 071600;22842.5;22845.5;22839.25;22843;206
20250701 071700;22843.25;22845.75;22841;22843.25;116
20250701 071800;22843;22845.5;22840.5;22842.25;53
20250701 071900;22841.5;22841.5;22832.5;22833.5;134
20250701 072000;22834;22841.25;22834;22839.5;111
20250701 072100;22839.5;22843.75;22839.5;22841.25;48
20250701 072200;22841;22841.5;22836.5;22838;66
20250701 072300;22838.5;22840.25;22836.5;22838.25;61
20250701 072400;22838.5;22838.75;22833.5;22834.75;87
20250701 072500;22835.5;22838.25;22832.25;22837.25;85
20250701 072600;22836.75;22838.75;22835.5;22837.25;91
20250701 072700;22838;22840;22836.25;22840;133
20250701 072800;22839.25;22843.25;22838.75;22841;135
20250701 072900;22841.75;22843;22841;22841.5;51
20250701 073000;22841.25;22842.75;22841;22842.5;56
20250701 073100;22843;22847.5;22843;22844.25;102
20250701 073200;22843;22844.5;22840.75;22843;68
20250701 073300;22842.5;22853.25;22841.5;22853.25;186
20250701 073400;22853.25;22854;22848.5;22848.75;90
20250701 073500;22849.5;22851.5;22846;22850.5;95
20250701 073600;22851;22852.5;22849.5;22850;104
20250701 073700;22850;22850.5;22845.5;22845.5;114
20250701 073800;22845.25;22846;22837.5;22837.75;90
20250701 073900;22838.25;22839.75;22835.25;22838.5;81
20250701 074000;22839;22840.25;22837.5;22837.5;66
20250701 074100;22837;22839.25;22834;22835.25;94
20250701 074200;22835.5;22837.75;22834;22836;48
20250701 074300;22836.5;22838;22834.5;22835.75;51
20250701 074400;22835.75;22839;22835.25;22836;57
20250701 074500;22835.5;22836.75;22834.25;22834.75;49
20250701 074600;22834;22837;22832.75;22833.75;64
20250701 074700;22834.25;22835.25;22832.25;22834.5;57
20250701 074800;22834.5;22837.25;22834.25;22837.25;79
20250701 074900;22836.75;22838.25;22834;22836.5;79
20250701 075000;22836.75;22836.75;22830.75;22831.75;119
20250701 075100;22831.25;22831.75;22824.75;22825.5;305
20250701 075200;22825.5;22826.75;22822.75;22825;123
20250701 075300;22825.25;22826.75;22824.5;22826.75;66
20250701 075400;22827;22834;22827;22833;111
20250701 075500;22833.75;22837.75;22833.75;22836;75
20250701 075600;22836.75;22840.5;22835.75;22838.5;78
20250701 075700;22839.5;22840;22835.5;22835.5;56
20250701 075800;22835.5;22837;22832.75;22833.5;70
20250701 075900;22834;22841.25;22834;22841;71
20250701 080000;22840.75;22844;22839.75;22842.75;136
20250701 080100;22844;22846.5;22839.25;22841;183
20250701 080200;22839.5;22843.25;22838;22838.5;90
20250701 080300;22838;22838.25;22818.25;22822.75;469
20250701 080400;22821.75;22826.25;22820.75;22823.75;156
20250701 080500;22823.75;22830.75;22821;22827.75;134
20250701 080600;22828;22831.5;22825.25;22826.5;157
20250701 080700;22827.5;22831.75;22824.5;22828.75;78
20250701 080800;22828.5;22828.5;22820.75;22826.25;157
20250701 080900;22825.25;22830;22823.5;22827.5;87
20250701 081000;22828.25;22834.5;22828.25;22833.75;113
20250701 081100;22833.25;22835.75;22831.25;22835;82
20250701 081200;22835.75;22837.75;22833.5;22835.5;131
20250701 081300;22834.25;22835.25;22830.25;22831.5;68
20250701 081400;22831;22831.75;22827.25;22830.5;63
20250701 081500;22831;22832.5;22826.75;22829.25;59
20250701 081600;22829;22835.75;22828.5;22835.5;67
20250701 081700;22835.75;22836;22828.5;22829.5;67
20250701 081800;22829.25;22834;22829.25;22834;79
20250701 081900;22833.25;22833.25;22828.5;22833;56
20250701 082000;22832.25;22832.25;22829;22831.5;24
20250701 082100;22832;22832.75;22828;22832.75;33
20250701 082200;22833;22837.5;22830.5;22836.25;80
20250701 082300;22835.5;22839.25;22834.5;22838;76
20250701 082400;22838.25;22843.5;22838;22841.5;97
20250701 082500;22842;22845.75;22841;22844;117
20250701 082600;22845;22846.25;22842.75;22843.25;52
20250701 082700;22842.75;22845.25;22842.5;22843.75;33
20250701 082800;22843;22844.25;22841.5;22843.25;36
20250701 082900;22843.75;22845.5;22841.75;22841.75;61
20250701 083000;22842.75;22849.5;22841.25;22847;111
20250701 083100;22847.25;22854;22846.25;22852.25;213
20250701 083200;22852;22854.5;22851;22851;93
20250701 083300;22850.75;22851.25;22843.5;22844.75;139
20250701 083400;22844.25;22845.25;22840;22843.75;84
20250701 083500;22844;22846.25;22843;22843.25;59
20250701 083600;22843.25;22850.25;22842;22849;93
20250701 083700;22849.5;22855.75;22849.25;22855.25;129
20250701 083800;22855.75;22858.25;22850;22851;117
20250701 083900;22850.25;22850.75;22842.75;22842.75;86
20250701 084000;22842.75;22843.75;22841;22842.25;69
20250701 084100;22842;22844;22840.5;22841;39
20250701 084200;22841.25;22841.25;22836.5;22839.25;111
20250701 084300;22840;22840;22833.75;22833.75;213
20250701 084400;22833.25;22833.25;22825.5;22830.75;240
20250701 084500;22831.25;22834.5;22828.75;22833.75;109
20250701 084600;22833.5;22837.75;22831;22833.5;104
20250701 084700;22833.75;22837.75;22833.75;22835;50
20250701 084800;22834.5;22839.25;22832.5;22838;81
20250701 084900;22837.75;22838.5;22835;22838;74
20250701 085000;22837.75;22840.75;22836;22840;76
20250701 085100;22840.75;22845.5;22840.25;22842.75;87
20250701 085200;22843.25;22847.75;22842.25;22846;253
20250701 085300;22846;22848.25;22844;22844;126
20250701 085400;22844.25;22846.25;22843;22844.75;63
20250701 085500;22844.5;22845;22840.5;22841.25;78
20250701 085600;22843.25;22846.5;22841.75;22843.75;83
20250701 085700;22844.75;22846;22841;22841;53
20250701 085800;22841;22844.75;22840.25;22843.75;36
20250701 085900;22844.25;22846.5;22844;22846.5;37
20250701 090000;22845.5;22847.75;22845.5;22846.5;57
20250701 090100;22845.25;22849.5;22844.75;22848;65
20250701 090200;22847.25;22847.75;22844.75;22845.75;42
20250701 090300;22846.5;22847.75;22844.5;22844.5;46
20250701 090400;22844;22844.25;22841.5;22843;53
20250701 090500;22843;22846.5;22842.5;22843.75;62
20250701 090600;22844.75;22845;22839.75;22839.75;52
20250701 090700;22839.5;22840.5;22837.75;22838.25;100
20250701 090800;22838.5;22838.5;22830.25;22837;185
20250701 090900;22838;22838.25;22832.5;22833;154
20250701 091000;22832.5;22835;22832.5;22832.5;43
20250701 091100;22832;22833.5;22829;22829.25;106
20250701 091200;22829.25;22830.5;22826.25;22830.25;132
20250701 091300;22830;22830;22826.25;22827;63
20250701 091400;22827.25;22827.25;22821.75;22822.25;121
20250701 091500;22822.5;22823.5;22820.75;22822.75;86
20250701 091600;22823.5;22827.25;22823.5;22826.75;70
20250701 091700;22827;22830.5;22822.25;22823.75;155
20250701 091800;22824;22828.25;22822.5;22828;107
20250701 091900;22827.75;22838.25;22827.75;22838.25;283
20250701 092000;22838.5;22842;22837.5;22841;106
20250701 092100;22841;22841.5;22836.75;22837;70
20250701 092200;22836.5;22837.25;22834.75;22837;41
20250701 092300;22837;22839;22836;22836.75;38
20250701 092400;22836.25;22841.75;22834.25;22841.75;64
20250701 092500;22840.75;22840.75;22836.75;22838;46
20250701 092600;22837.25;22840.25;22837;22837.25;51
20250701 092700;22837.75;22838;22831.5;22832.5;64
20250701 092800;22833;22835.5;22832.5;22833.75;26
20250701 092900;22834.25;22837.75;22832.25;22833.5;86
20250701 093000;22832.25;22834.5;22830;22830.75;145
20250701 093100;22830;22830.5;22827.25;22827.25;81
20250701 093200;22827.5;22828;22821.75;22826;124
20250701 093300;22826.25;22830.5;22826;22829.75;121
20250701 093400;22830.5;22831.25;22826.75;22828.5;53
20250701 093500;22828.75;22830;22827.25;22828.5;28
20250701 093600;22827.75;22830.5;22827.5;22829.75;41
20250701 093700;22830.75;22832.75;22829.5;22829.5;38
20250701 093800;22830.25;22830.25;22828.5;22829.25;27
20250701 093900;22829.25;22829.5;22827.5;22828;42
20250701 094000;22828;22828.5;22826.5;22826.75;50
20250701 094100;22826.25;22828.25;22825.5;22827.75;30
20250701 094200;22828;22829.25;22825.25;22825.25;37
20250701 094300;22825.5;22827;22823;22823.5;64
20250701 094400;22823;22823.5;22821.5;22822.5;83
20250701 094500;22822.75;22824.75;22822.5;22824;33
20250701 094600;22824.5;22826;22823.75;22825.75;47
20250701 094700;22825.75;22827.5;22813.5;22817;684
20250701 094800;22816.25;22818.5;22815;22817.5;178
20250701 094900;22818.25;22822;22817.25;22818;91
20250701 095000;22818.75;22820.75;22818.25;22819.75;132
20250701 095100;22820;22820;22814.25;22814.25;66
20250701 095200;22814;22818.5;22812.75;22816.25;95
20250701 095300;22816.25;22816.25;22812.75;22815.5;85
20250701 095400;22815.5;22818.25;22815.25;22818.25;62
20250701 095500;22817.75;22821;22817.5;22820.75;56
20250701 095600;22820.75;22824.25;22820;22824.25;95
20250701 095700;22824;22828.5;22823.5;22825.5;125
20250701 095800;22825.25;22827.5;22824;22826.25;93
20250701 095900;22826.5;22829.5;22826.25;22828.5;90
20250701 100000;22829.25;22834;22829.25;22830.75;96
20250701 100100;22830.75;22832.5;22830.25;22830.75;39
20250701 100200;22831.5;22834.75;22831.5;22834.75;55
20250701 100300;22834.75;22840;22834;22839.25;85
20250701 100400;22839.5;22839.75;22837;22837.5;54
20250701 100500;22837.5;22837.5;22833.25;22834.25;55
20250701 100600;22834.25;22835.75;22833;22833.75;33
20250701 100700;22833.25;22834.25;22831;22831.25;43
20250701 100800;22831.25;22834.5;22830;22831.25;71
20250701 100900;22831.25;22837;22831;22835.5;58
20250701 101000;22834.25;22839.5;22834.25;22838;80
20250701 101100;22837.75;22838.5;22836;22838.5;22
20250701 101200;22837.25;22837.5;22836;22836.5;15
20250701 101300;22835.5;22835.75;22833;22834.5;40
20250701 101400;22835;22836.75;22833.25;22834;40
20250701 101500;22833.75;22835.5;22833.75;22835;10
20250701 101600;22836;22837;22835.25;22835.25;17
20250701 101700;22835.5;22836;22833;22834.25;22
20250701 101800;22834;22835.5;22831.25;22834.75;39
20250701 101900;22834.5;22834.75;22831.75;22832.75;42
20250701 102000;22832.75;22833.25;22830.5;22830.75;46
20250701 102100;22830.25;22833.75;22830.25;22832.75;20
20250701 102200;22832.5;22834;22831;22832.25;34
20250701 102300;22832;22832.25;22827.75;22828.75;72
20250701 102400;22828;22829;22827.75;22828.5;36
20250701 102500;22828;22832;22828;22831.5;45
20250701 102600;22831.75;22832.75;22830.25;22831.25;20
20250701 102700;22831;22831;22828;22828.5;44
20250701 102800;22828.5;22831;22828;22830.75;43
20250701 102900;22829.75;22830.25;22827.75;22828;28
20250701 103000;22828.25;22829.5;22827;22827.25;23
20250701 103100;22826.75;22830.25;22826.5;22829;28
20250701 103200;22828.75;22829;22827;22827;24
20250701 103300;22827.75;22828.75;22827;22828.5;33
20250701 103400;22828;22828;22826.25;22826.5;11
20250701 103500;22827.5;22828;22827;22827;14
20250701 103600;22827.75;22828.75;22825.25;22826;43
20250701 103700;22826.5;22830.25;22825;22829.5;70
20250701 103800;22829.5;22832.75;22829.5;22832;52
20250701 103900;22831.5;22832.5;22831.25;22831.25;17
20250701 104000;22831;22832.5;22830;22831.25;38
20250701 104100;22832;22832.25;22827;22829.5;64
20250701 104200;22829.5;22833;22829.25;22831.25;106
20250701 104300;22831.25;22831.5;22829;22829;26
20250701 104400;22829;22829.5;22828.25;22829;15
20250701 104500;22829;22830.25;22828;22828.5;38
20250701 104600;22829;22832;22829;22831.5;39
20250701 104700;22831.25;22831.25;22828.5;22828.5;22
20250701 104800;22829.75;22830.5;22829.25;22829.5;19
20250701 104900;22830;22830.25;22828;22829.5;39
20250701 105000;22830.25;22831;22828.75;22828.75;24
20250701 105100;22829.25;22832.5;22829;22830.75;49
20250701 105200;22830.5;22832;22830.5;22831.5;24
20250701 105300;22832.25;22833.25;22831.75;22831.75;45
20250701 105400;22831.25;22831.5;22830;22831.5;38
20250701 105500;22831.25;22831.25;22829;22829.25;22
20250701 105600;22829;22830;22826.25;22829.75;77
20250701 105700;22830.25;22831.5;22830.25;22831;32
20250701 105800;22830.5;22833.75;22830;22833.5;45
20250701 105900;22834;22834;22831.5;22832.5;41
20250701 110000;22832.75;22839.25;22832.75;22838.5;145
20250701 110100;22837.75;22845.75;22837.5;22843.25;281
20250701 110200;22842.75;22845.5;22840.25;22844.5;166
20250701 110300;22845.5;22848.5;22845.25;22846.75;85
20250701 110400;22847.25;22848.25;22844.75;22845.75;94
20250701 110500;22845.75;22848.25;22845.25;22845.25;53
20250701 110600;22845;22846.25;22841.25;22843.5;131
20250701 110700;22843.75;22844;22838.75;22841.25;155
20250701 110800;22841;22845.5;22835;22845;212
20250701 110900;22845.25;22847;22841;22842.5;125
20250701 111000;22843;22843;22840;22840.75;62
20250701 111100;22840.75;22843;22835.75;22843;120
20250701 111200;22843;22844.25;22840.25;22840.25;52
20250701 111300;22839.75;22842;22838.5;22838.5;39
20250701 111400;22838.75;22841.25;22837.25;22840.25;66
20250701 111500;22840.75;22841.5;22838.75;22838.75;20
20250701 111600;22839.5;22841;22838;22841;87
20250701 111700;22841.25;22845.5;22841;22843.5;92
20250701 111800;22843.5;22843.5;22835.25;22835.25;74
20250701 111900;22835;22835;22830;22830.75;110
20250701 112000;22830.25;22832.25;22829.75;22832;77
20250701 112100;22832.25;22832.75;22829.5;22830.5;76
20250701 112200;22830;22839.5;22830;22834.75;96
20250701 112300;22834.75;22836.5;22834.5;22835.75;44
20250701 112400;22835.75;22838.5;22834.75;22835.25;72
20250701 112500;22835.25;22838;22834.25;22838;98
20250701 112600;22837.75;22839.25;22836.25;22838.25;53
20250701 112700;22839;22841;22835.75;22838;85
20250701 112800;22837.75;22838;22835.5;22836.75;74
20250701 112900;22836.25;22837.25;22834.5;22836.75;32
20250701 113000;22837.75;22840.75;22837.5;22840;38
20250701 113100;22839.75;22842.75;22839.75;22840.5;85
20250701 113200;22840.5;22842.25;22837.75;22840;65
20250701 113300;22840.5;22841.25;22839.25;22841;24
20250701 113400;22841;22842.75;22840.5;22841;50
20250701 113500;22841.25;22843.25;22840.5;22842.25;32
20250701 113600;22843;22845;22841.75;22844.5;81
20250701 113700;22844;22844;22841.25;22842;33
20250701 113800;22842.25;22843;22839.5;22840;81
20250701 113900;22840;22840.5;22838.5;22840.5;36
20250701 114000;22840;22842;22838.5;22839;78
20250701 114100;22839;22839;22836;22836.5;51
20250701 114200;22837.25;22839.25;22836;22836.75;38
20250701 114300;22836.5;22836.5;22834.5;22834.75;93
20250701 114400;22834.5;22835.25;22830.5;22831.25;97
20250701 114500;22831.25;22835;22830;22834.5;63
20250701 114600;22834;22835.25;22831.25;22834.5;76
20250701 114700;22834.25;22834.25;22829.25;22831.25;56
20250701 114800;22829.75;22834.25;22828.25;22832.25;103
20250701 114900;22832.75;22834.25;22832.25;22833.25;42
20250701 115000;22833;22834.5;22833;22833;37
20250701 115100;22833.25;22833.25;22827.75;22828.25;87
20250701 115200;22827.5;22829.25;22824.5;22827.25;102
20250701 115300;22827.25;22827.25;22822.25;22823.25;120
20250701 115400;22823.25;22827;22822.75;22826;88
20250701 115500;22826.25;22826.5;22821.75;22822.5;148
20250701 115600;22823;22824.75;22821.75;22824.25;84
20250701 115700;22824.25;22826.75;22816.25;22816.25;267
20250701 115800;22816.25;22817.75;22808.75;22815.5;606
20250701 115900;22814.5;22823.5;22814.5;22822;243
20250701 120000;22823.75;22831.5;22822.75;22826;292
20250701 120100;22825.75;22833.5;22825.5;22833;179
20250701 120200;22833.25;22833.25;22823.5;22826;143
20250701 120300;22825.5;22829.25;22822.5;22826.25;65
20250701 120400;22827.25;22827.25;22821;22825.5;60
20250701 120500;22825.5;22827.75;22823;22826.5;62
20250701 120600;22825.75;22830;22824;22825.75;66
20250701 120700;22826.25;22827.75;22823;22823.5;43
20250701 120800;22822.75;22822.75;22812;22812.75;229
20250701 120900;22812;22813.5;22807.25;22807.5;207
20250701 121000;22807;22809.5;22806.25;22808;143
20250701 121100;22807.25;22808;22797;22801.5;668
20250701 121200;22802;22808.75;22802;22808.25;190
20250701 121300;22807.25;22810;22796.75;22799;281
20250701 121400;22799.25;22801.75;22797.25;22798.25;152
20250701 121500;22798.25;22800;22797.5;22798.5;92
20250701 121600;22798.25;22799.5;22796.75;22796.75;70
20250701 121700;22796.75;22797.75;22793;22797.75;320
20250701 121800;22797.75;22799.25;22793.75;22795;140
20250701 121900;22795.25;22799.5;22791.5;22796.25;229
20250701 122000;22796.25;22796.75;22792.75;22793.5;100
20250701 122100;22793.5;22793.75;22790.5;22791.25;214
20250701 122200;22791;22791.25;22784.5;22786.75;421
20250701 122300;22787;22789;22782.5;22783.75;299
20250701 122400;22783.5;22786.5;22781.5;22782;177
20250701 122500;22782.25;22783;22760.75;22776.5;822
20250701 122600;22775.75;22775.75;22760;22765.5;630
20250701 122700;22765.5;22765.5;22755.75;22758.75;456
20250701 122800;22758.25;22766.25;22758.25;22765.25;383
20250701 122900;22764.75;22767.75;22761;22765;232
20250701 123000;22764.5;22775.75;22761;22775;271
20250701 123100;22775;22790;22774;22789.25;643
20250701 123200;22790.25;22796;22790;22794.25;408
20250701 123300;22794.25;22797.5;22784.75;22790;328
20250701 123400;22789.5;22795;22789;22792.5;201
20250701 123500;22792;22796.75;22789.5;22795.5;177
20250701 123600;22795;22798;22793;22794.75;244
20250701 123700;22794.25;22798.5;22790.75;22793.75;152
20250701 123800;22793;22793;22778;22779.75;328
20250701 123900;22779.75;22784;22778.25;22782;216
20250701 124000;22782.5;22782.75;22773.25;22774.5;340
20250701 124100;22775;22779;22773.5;22775.5;253
20250701 124200;22776;22778.5;22774;22774.75;107
20250701 124300;22774.5;22782.5;22771.25;22780.25;382
20250701 124400;22779;22783;22777.25;22780.25;197
20250701 124500;22780;22786.5;22778.5;22784.25;317
20250701 124600;22783.75;22787.5;22782.25;22784;119
20250701 124700;22784.75;22789.25;22783;22787.5;115
20250701 124800;22787.5;22796.75;22787;22796.75;284
20250701 124900;22797;22799.75;22794.5;22795.25;315
20250701 125000;22795.25;22796;22791.25;22791.25;111
20250701 125100;22791;22794.5;22790.5;22791.75;97
20250701 125200;22791.25;22795.25;22791.25;22792.25;141
20250701 125300;22793;22795;22789.75;22789.75;80
20250701 125400;22789.75;22798.5;22789;22798.5;160
20250701 125500;22798.75;22801.75;22796;22799.75;243
20250701 125600;22800;22800.5;22797.25;22798.25;91
20250701 125700;22798.75;22799.75;22793;22793;125
20250701 125800;22793;22797.75;22792;22797.5;85
20250701 125900;22797.25;22801.5;22797;22797.25;236
20250701 130000;22797;22797.25;22793.25;22794.25;99
20250701 130100;22794;22804;22792;22801.75;325
20250701 130200;22801;22801.5;22790.75;22797;382
20250701 130300;22796.5;22801.75;22796;22801.75;147
20250701 130400;22801.5;22804.75;22799.25;22800.75;135
20250701 130500;22800.5;22803.5;22800.5;22802.5;128
20250701 130600;22802.75;22804;22798.75;22800;101
20250701 130700;22799.5;22801.25;22798.75;22800.75;107
20250701 130800;22800.25;22804;22799;22800.5;138
20250701 130900;22801.25;22808.5;22801;22807.25;215
20250701 131000;22807;22818.5;22806.5;22816.75;823
20250701 131100;22817.25;22818.25;22811;22811.25;374
20250701 131200;22811.25;22812.25;22808.25;22809.5;153
20250701 131300;22809.75;22813.75;22809.75;22812.5;126
20250701 131400;22813;22814.75;22811.75;22812.25;127
20250701 131500;22812;22816.25;22811.5;22814.5;145
20250701 131600;22813.5;22815.5;22811.75;22815.5;211
20250701 131700;22815.25;22815.25;22803;22803.25;388
20250701 131800;22803;22804.75;22800;22800.25;255
20250701 131900;22800.5;22801.75;22797.75;22799;273
20250701 132000;22800;22801.5;22795;22798;264
20250701 132100;22797.5;22801.5;22795.25;22799.25;201
20250701 132200;22799.5;22801.5;22795.25;22795.75;206
20250701 132300;22795.75;22797.75;22791.25;22795.25;318
20250701 132400;22795;22798.5;22794;22794;127
20250701 132500;22794.25;22801.5;22794.25;22798.25;305
20250701 132600;22798;22804.25;22796.75;22799.75;394
20250701 132700;22799.75;22805;22797.5;22803.5;284
20250701 132800;22803.75;22804.5;22791.75;22795.25;540
20250701 132900;22795.25;22805.25;22795.25;22797.5;572
20250701 133000;22797.25;22804.5;22797.25;22802.5;421
20250701 133100;22802.25;22821.25;22793.25;22805;4371
20250701 133200;22804.75;22816;22794.25;22801.5;2498
20250701 133300;22802;22814.5;22795.25;22814.5;1767
20250701 133400;22814.75;22819.25;22802.75;22813;1525
20250701 133500;22813.5;22814;22797.75;22804;1080
20250701 133600;22804;22811.25;22796.25;22806.5;1473
20250701 133700;22806.25;22818.5;22804;22811;1399
20250701 133800;22811;22812.25;22796;22800.75;1141
20250701 133900;22802;22815;22798;22812.5;984
20250701 134000;22813;22818.25;22804.5;22811;1015
20250701 134100;22810.75;22818.75;22808;22811;1049
20250701 134200;22811.25;22815;22802.75;22805.5;897
20250701 134300;22805.5;22808;22798.25;22802.25;940
20250701 134400;22802;22802;22784.5;22789;1558
20250701 134500;22788.5;22796.5;22780;22792.75;1434
20250701 134600;22793.5;22804.5;22789;22802.5;1255
20250701 134700;22802.25;22809;22800;22806.25;951
20250701 134800;22806.5;22810.5;22799;22804;822
20250701 134900;22804.5;22822.5;22797.75;22813.5;1530
20250701 135000;22813.75;22824.25;22808.5;22819.5;1893
20250701 135100;22819.25;22829.5;22814.5;22829.5;1588
20250701 135200;22829.75;22834.25;22824;22830;1438
20250701 135300;22829.75;22834.25;22819;22828;1517
20250701 135400;22827.75;22833;22818.5;22831.5;945
20250701 135500;22831.5;22832;22823;22824.25;736
20250701 135600;22824.25;22826.25;22815;22819.5;968
20250701 135700;22819.75;22827.25;22817.25;22817.75;982
20250701 135800;22817.75;22817.75;22810;22812;911
20250701 135900;22812.25;22812.25;22806.5;22808.25;760
20250701 140000;22808.75;22815;22805.75;22815;660
20250701 140100;22810;22833.25;22799;22810.75;1887
20250701 140200;22810;22818.5;22802.75;22812.25;1156
20250701 140300;22812.75;22816;22802;22805.75;855
20250701 140400;22806.25;22809.25;22792.25;22797.5;1231
20250701 140500;22797.25;22805.25;22795.5;22803.5;803
20250701 140600;22804;22817.75;22803.5;22815.75;1086
20250701 140700;22815.75;22819.5;22804;22804.75;896
20250701 140800;22804;22809.25;22804;22805.5;427
20250701 140900;22805.5;22810.5;22802.25;22809;800
20250701 141000;22809.5;22809.5;22797.25;22798.5;922
20250701 141100;22799;22801.25;22787.75;22790.5;1421
20250701 141200;22790.75;22799.5;22788.25;22795.5;836
20250701 141300;22795.75;22812.75;22795.75;22810.5;1156
20250701 141400;22810.75;22829.5;22808;22828.75;1530
20250701 141500;22828.5;22830.75;22823;22829.5;1282
20250701 141600;22829;22848.25;22825;22844.25;2690
20250701 141700;22843.75;22844.75;22836;22841;1062
20250701 141800;22840.75;22841.5;22835.5;22840.25;713
20250701 141900;22840.25;22842.75;22826;22827;1173
20250701 142000;22827;22827.5;22819.75;22824.25;1249
20250701 142100;22823.75;22825.25;22812;22816;1479
20250701 142200;22816;22819;22797.25;22798.75;1592
20250701 142300;22798.75;22799;22776;22790.5;2757
20250701 142400;22790;22794.25;22783.25;22792.25;1105
20250701 142500;22792.25;22797.75;22786.25;22788.5;1107
20250701 142600;22788.25;22796.5;22784;22788;902
20250701 142700;22788.75;22789.5;22768;22774;1916
20250701 142800;22773.5;22775.25;22757.5;22763;2113
20250701 142900;22763.75;22765.75;22748.75;22758.75;2231
20250701 143000;22759;22770.5;22755.25;22767.25;1441
20250701 143100;22767;22773;22760;22770.5;1871
20250701 143200;22770.5;22777;22761;22776.5;1553
20250701 143300;22776.75;22783.5;22775;22775;1576
20250701 143400;22775.25;22776.25;22744;22748.5;2548
20250701 143500;22748;22749;22733.25;22738.25;2154
20250701 143600;22738;22754;22735.25;22747.75;1482
20250701 143700;22748.5;22755.75;22740;22742.25;1073
20250701 143800;22742;22742;22722;22727.75;2188
20250701 143900;22727.75;22734.25;22722.5;22731.75;1214
20250701 144000;22731.5;22732.75;22716.75;22723.5;1402
20250701 144100;22723.5;22724.25;22707.75;22710.25;2460
20250701 144200;22710;22717.75;22707.75;22714;1163
20250701 144300;22714;22714;22702;22710.5;1429
20250701 144400;22710;22722;22709.25;22717.25;1759
20250701 144500;22716.25;22723;22709.25;22713.25;1270
20250701 144600;22712.25;22712.25;22699.5;22701;1855
20250701 144700;22700.75;22702;22682.25;22691;2280
20250701 144800;22690.75;22710;22688.25;22707.25;1742
20250701 144900;22707;22719.5;22704.75;22712.75;1418
20250701 145000;22713;22713;22697.5;22705.5;1475
20250701 145100;22705;22716.25;22698;22714.25;1263
20250701 145200;22715.5;22718;22706.75;22712;1077
20250701 145300;22711.75;22711.75;22695.75;22707.5;1021
20250701 145400;22707.5;22710;22700.75;22705;655
20250701 145500;22705.5;22709.25;22701;22706.25;858
20250701 145600;22706;22711.25;22700;22702.25;1058
20250701 145700;22702.5;22704;22693.25;22699.25;1331
20250701 145800;22698.75;22701;22685;22695.5;1437
20250701 145900;22695.25;22697.75;22674.5;22676;2195
20250701 150000;22675.75;22688.5;22674.5;22688;1236
20250701 150100;22687.5;22692.5;22676;22677.75;1341
20250701 150200;22677.75;22698.75;22670.25;22697.75;2013
20250701 150300;22697.5;22704.75;22691.5;22692.75;1380
20250701 150400;22692.25;22706.5;22691;22703.75;958
20250701 150500;22703.5;22714.75;22700.75;22714;1457
20250701 150600;22714.75;22718;22710.25;22715;1354
20250701 150700;22715;22716.25;22696.75;22701.75;1098
20250701 150800;22701.25;22701.25;22657;22657.5;2663
20250701 150900;22657;22657;22625;22635;3918
20250701 151000;22635;22644.75;22625.75;22638.5;1876
20250701 151100;22638.75;22646;22616;22617.5;2314
20250701 151200;22617;22630.5;22610.75;22627.25;2012
20250701 151300;22627.5;22632;22617.25;22619.25;1296
20250701 151400;22619;22620.5;22600.75;22608.5;2289
20250701 151500;22608;22610.25;22594.5;22604.25;2154
20250701 151600;22604.5;22614.5;22600.25;22608.5;2353
20250701 151700;22608.5;22614;22596.5;22608.25;1805
20250701 151800;22607.75;22621.75;22606;22620;1554
20250701 151900;22620.25;22633.75;22617.5;22633;1569
20250701 152000;22633.25;22642.75;22630;22642.5;1600
20250701 152100;22642.75;22651.75;22637.75;22638.75;1477
20250701 152200;22639.25;22652.5;22634.25;22652.25;1270
20250701 152300;22652;22655.5;22648.5;22653;1166
20250701 152400;22653;22658.25;22649.25;22652;1225
20250701 152500;22652.5;22671;22651.75;22667.75;1682
20250701 152600;22667.75;22686.75;22666.5;22684.25;2399
20250701 152700;22684.25;22692.75;22681;22687;1872
20250701 152800;22687.25;22693.25;22681.5;22689.25;1307
20250701 152900;22690;22695;22683;22685;1175
20250701 153000;22685.25;22688.25;22678.75;22684.5;1342
20250701 153100;22684.5;22689.5;22676;22685.25;1422
20250701 153200;22686;22694.75;22685.75;22690.5;1244
20250701 153300;22691;22692.5;22676;22679.25;1118
20250701 153400;22678.75;22691;22678;22690.75;726
20250701 153500;22690;22694;22687.25;22689.5;739
20250701 153600;22689.75;22694.25;22685.75;22688;836
20250701 153700;22687.5;22688.25;22673;22675;977
20250701 153800;22675.25;22675.75;22662.5;22665;2027
20250701 153900;22664.75;22666.25;22650.5;22657.75;1491
20250701 154000;22657.75;22660.5;22646.5;22653;1442
20250701 154100;22653.25;22655;22637.5;22638.75;1383
20250701 154200;22638.25;22638.75;22622.75;22630.25;1881
20250701 154300;22629.75;22634.25;22617;22631.75;1441
20250701 154400;22631.25;22644.25;22628.25;22641;1240
20250701 154500;22641;22644.5;22633.5;22638;664
20250701 154600;22638;22658;22634;22650.5;1253
20250701 154700;22651;22655;22643.5;22649.25;793
20250701 154800;22648.25;22653.75;22641;22651.5;685
20250701 154900;22651.5;22654;22642;22649.75;567
20250701 155000;22650;22650.25;22635;22642.5;824
20250701 155100;22642;22650;22635;22648.75;735
20250701 155200;22650;22669.75;22649.75;22665;1495
20250701 155300;22665.25;22672.5;22662.75;22670.75;863
20250701 155400;22670.5;22672.25;22665.25;22668.5;757
20250701 155500;22668.5;22672.5;22663.5;22667.75;808
20250701 155600;22667.75;22669;22657.25;22665.25;795
20250701 155700;22665.75;22668.5;22659.25;22661.75;472
20250701 155800;22662.25;22664.75;22654;22662.25;560
20250701 155900;22661.5;22661.5;22650.5;22652.25;650
20250701 160000;22653.75;22663;22652;22659.25;722
20250701 160100;22659.75;22664;22654.5;22658.5;741
20250701 160200;22658.5;22669.75;22652.75;22657.5;975
20250701 160300;22657.25;22660.5;22643;22652.25;1256
20250701 160400;22652.25;22662;22649.25;22652.5;630
20250701 160500;22652.75;22653.75;22640.5;22641.75;702
20250701 160600;22641.5;22646.5;22634.75;22644.25;1136
20250701 160700;22643.5;22649;22636.25;22644.75;581
20250701 160800;22644.75;22645.5;22631.75;22639.75;630
20250701 160900;22638.75;22650.75;22633.75;22649.25;751
20250701 161000;22648.75;22657.25;22647.25;22654.5;807
20250701 161100;22653.75;22667.5;22649;22667.5;944
20250701 161200;22667.25;22681.25;22665.5;22674.75;1686
20250701 161300;22675.5;22686.75;22674.25;22684.25;924
20250701 161400;22684.5;22690;22680;22689.75;865
20250701 161500;22689.5;22708;22687.25;22703.5;2257
20250701 161600;22704;22706;22691.75;22693.5;1474
20250701 161700;22693;22705.75;22692;22698;900
20250701 161800;22698;22698.5;22676.5;22680;1820
20250701 161900;22679.75;22689.75;22678.75;22687.25;1023
20250701 162000;22686.75;22689.5;22684.5;22687.25;523
20250701 162100;22687;22689.75;22676;22676.5;784
20250701 162200;22677;22682;22672.5;22675.25;752
20250701 162300;22675.5;22684.75;22675;22683.5;622
20250701 162400;22683.75;22687.5;22672.5;22679;650
20250701 162500;22679;22688.25;22676.5;22686;482
20250701 162600;22686.25;22691;22681.25;22684;682
20250701 162700;22684.25;22684.5;22677.25;22677.5;475
20250701 162800;22678.25;22686.5;22675.75;22686.5;554
20250701 162900;22686.5;22688.5;22680.75;22685.5;517
20250701 163000;22685.75;22687.5;22677.25;22678.25;456
20250701 163100;22677.25;22678;22666.75;22675.25;962
20250701 163200;22675.25;22686.25;22673.75;22685;543
20250701 163300;22684.75;22689;22681.75;22687.75;423
20250701 163400;22687.5;22692.75;22687.25;22692;597
20250701 163500;22692;22699.75;22689.5;22698;695
20250701 163600;22698.25;22698.5;22687.5;22688;809
20250701 163700;22687.5;22698.75;22685;22698.75;618
20250701 163800;22698.25;22704.5;22697.5;22703;699
20250701 163900;22703.25;22708.25;22703.25;22708;777
20250701 164000;22708.25;22708.25;22699.25;22701.75;609
20250701 164100;22701.75;22701.75;22695.25;22695.5;700
20250701 164200;22696;22696.25;22688.75;22693.5;757
20250701 164300;22693;22704.75;22692.75;22704.5;722
20250701 164400;22704.5;22709.25;22702.25;22704.75;648
20250701 164500;22704;22709;22702.5;22705.75;586
20250701 164600;22705.75;22712.5;22705.25;22709.75;847
20250701 164700;22709.75;22710.25;22696.5;22700.25;985
20250701 164800;22700.75;22713.25;22696.25;22713;777
20250701 164900;22712.75;22727;22712.5;22717.25;1938
20250701 165000;22717.5;22720.75;22711.75;22712.25;677
20250701 165100;22712.25;22716.5;22707.5;22710.25;811
20250701 165200;22710.75;22715.25;22708.25;22714.25;391
20250701 165300;22714.75;22727.75;22714.75;22727.5;785
20250701 165400;22727.75;22736.75;22727.5;22732.25;1545
20250701 165500;22732.5;22736.5;22726.75;22734.5;945
20250701 165600;22734.5;22739.5;22728.75;22729.75;882
20250701 165700;22728.5;22732;22715.25;22716.75;1128
20250701 165800;22716.75;22718;22701.75;22704.25;1001
20250701 165900;22704.5;22706.25;22698;22704;874
20250701 170000;22704.75;22707.75;22700.25;22700.75;517
20250701 170100;22701.25;22712.75;22701.25;22711.25;944
20250701 170200;22710.75;22717;22706;22706.75;752
20250701 170300;22706.5;22718;22702.25;22717;624
20250701 170400;22717.25;22720.75;22714;22716;587
20250701 170500;22716.25;22718;22711.25;22716.25;409
20250701 170600;22716.25;22732.75;22714.25;22729.5;916
20250701 170700;22730;22733;22726.5;22729.25;562
20250701 170800;22729.5;22738;22729.25;22735.75;478
20250701 170900;22736.5;22740;22733;22739;529
20250701 171000;22739;22741.75;22729.5;22732.25;818
20250701 171100;22732.75;22733.75;22728.25;22729.5;493
20250701 171200;22729;22739.5;22725.75;22737.5;582
20250701 171300;22738;22744.5;22738;22742;555
20250701 171400;22742;22744;22731.25;22731.5;684
20250701 171500;22731.5;22735.5;22726.75;22731.75;479
20250701 171600;22731.25;22732.75;22726.25;22726.5;430
20250701 171700;22726.75;22739;22723.75;22733.5;697
20250701 171800;22733.25;22735.25;22725.75;22729.75;404
20250701 171900;22729.75;22735.25;22729.75;22732.5;372
20250701 172000;22732.75;22734.25;22726.75;22728;310
20250701 172100;22727.25;22729;22719.75;22721.5;740
20250701 172200;22721.5;22733;22721;22730.25;631
20250701 172300;22730.75;22734.5;22727.25;22734.5;339
20250701 172400;22734;22743.5;22734;22738.5;884
20250701 172500;22738.5;22739;22730.75;22734.25;476
20250701 172600;22734.25;22738.75;22733.25;22736.5;388
20250701 172700;22737;22739;22726.5;22729.75;635
20250701 172800;22729;22729.75;22717.75;22721.5;902
20250701 172900;22721.75;22729.25;22721.25;22726;534
20250701 173000;22726.75;22729.5;22723.25;22725.25;286
20250701 173100;22725.75;22731;22718;22718.25;672
20250701 173200;22718;22723.75;22710.25;22715;1167
20250701 173300;22715.5;22723.25;22715;22719.5;541
20250701 173400;22721;22724.25;22711.5;22715.75;544
20250701 173500;22715.5;22721;22715;22718.75;327
20250701 173600;22719.75;22722.5;22713.75;22713.75;459
20250701 173700;22715;22719.5;22710.75;22717.75;473
20250701 173800;22718;22720.5;22714.75;22718;363
20250701 173900;22717.5;22722.25;22713.5;22718.25;388
20250701 174000;22717.5;22724;22717.25;22721.75;345
20250701 174100;22722.25;22726.5;22716;22726;523
20250701 174200;22726.75;22728.75;22721.75;22726.25;468
20250701 174300;22726.5;22728.5;22721.5;22728.25;369
20250701 174400;22728.5;22730;22724;22725.25;448
20250701 174500;22725.75;22730;22723.75;22729.5;377
20250701 174600;22729.25;22734.75;22726.5;22729.5;740
20250701 174700;22729.25;22729.75;22720.25;22726.75;575
20250701 174800;22726.25;22728.75;22723;22725.5;323
20250701 174900;22725;22727.5;22721.5;22723;353
20250701 175000;22723.25;22733;22723.25;22730;473
20250701 175100;22730;22747;22727.5;22747;1077
20250701 175200;22746.75;22750.25;22742.75;22744.75;1304
20250701 175300;22744.25;22752;22741.25;22751.5;729
20250701 175400;22752;22762.25;22749.25;22755.75;1862
20250701 175500;22756;22757;22742.5;22745.75;968
20250701 175600;22745.75;22746;22735.25;22737.25;849
20250701 175700;22737;22743.75;22736.25;22743.25;519
20250701 175800;22743.25;22743.25;22739;22739.75;414
20250701 175900;22740.5;22740.75;22734.5;22738.5;412
20250701 180000;22738.25;22746.25;22738.25;22742.5;429
20250701 180100;22742.5;22751.25;22742.5;22746.75;818
20250701 180200;22747;22748.75;22742.75;22748.5;341
20250701 180300;22748.75;22750.25;22743.75;22747.5;391
20250701 180400;22748;22749.25;22743.25;22743.75;417
20250701 180500;22743.75;22748;22742.25;22743.75;371
20250701 180600;22744.25;22748.75;22740.5;22743;503
20250701 180700;22742.25;22745.5;22739.75;22744.25;383
20250701 180800;22744;22746.5;22740.5;22741;277
20250701 180900;22741.75;22753.5;22739.5;22751.25;800
20250701 181000;22751.5;22751.75;22745.25;22745.75;324
20250701 181100;22746;22747.25;22740.75;22742.5;433
20250701 181200;22743;22745.5;22740.5;22741.75;435
20250701 181300;22741.75;22747;22741.5;22745;292
20250701 181400;22745;22746.5;22741.5;22744.5;369
20250701 181500;22744.5;22746.5;22739.25;22741.75;360
20250701 181600;22741.5;22748;22741.5;22747.75;413
20250701 181700;22747.75;22749.5;22739;22739.75;517
20250701 181800;22739.75;22739.75;22732.75;22735.5;685
20250701 181900;22735.5;22737.5;22727;22736;973
20250701 182000;22736.5;22738;22733.25;22735.75;552
20250701 182100;22735;22738;22730;22736;460
20250701 182200;22736.5;22738;22731.75;22736.75;368
20250701 182300;22736.25;22737.5;22729.75;22732;341
20250701 182400;22731.5;22734;22727.25;22728.25;394
20250701 182500;22728;22730.75;22723.75;22728.5;586
20250701 182600;22728.75;22733.75;22727.5;22733.5;606
20250701 182700;22733.75;22735.75;22725.75;22726.75;714
20250701 182800;22726;22728;22722.75;22725;499
20250701 182900;22724.5;22730;22724.5;22726.5;325
20250701 183000;22726;22726.25;22722.5;22724.5;386
20250701 183100;22724;22730.25;22720.75;22729.25;639
20250701 183200;22729.25;22737;22727.75;22735.75;598
20250701 183300;22736.25;22744;22735;22741;764
20250701 183400;22740.5;22745.5;22739.25;22744.75;509
20250701 183500;22745;22746.25;22738.75;22740.75;414
20250701 183600;22742;22743.25;22732.25;22733;493
20250701 183700;22732.75;22736.25;22730.5;22734.25;413
20250701 183800;22734;22734.75;22729.25;22729.25;449
20250701 183900;22730;22730;22723.25;22723.5;544
20250701 184000;22723.75;22730.75;22722;22728.5;439
20250701 184100;22728.5;22730;22723.5;22724.5;531
20250701 184200;22724.5;22736;22724;22734.5;490
20250701 184300;22734.75;22737;22732.5;22732.5;396
20250701 184400;22732.25;22736.5;22731;22731.25;359
20250701 184500;22731.25;22735.5;22730;22730.75;292
20250701 184600;22730.5;22736.75;22730;22734;397
20250701 184700;22733.75;22736;22730.25;22732.25;320
20250701 184800;22732.5;22733.75;22726.75;22729.25;305
20250701 184900;22729.5;22730;22723.75;22724.25;459
20250701 185000;22724.25;22727.5;22721.5;22727;393
20250701 185100;22727;22730.75;22723;22723;487
20250701 185200;22723.75;22727.75;22720.5;22723.75;535
20250701 185300;22723.5;22726.75;22722;22723.75;275
20250701 185400;22723.5;22729;22723;22725.75;421
20250701 185500;22725.5;22727;22721.5;22725.75;320
20250701 185600;22725.5;22728.5;22722.25;22723;315
20250701 185700;22722.75;22725;22715.25;22715.5;830
20250701 185800;22716.25;22718.5;22711.75;22713.5;830
20250701 185900;22713.5;22715.25;22704.25;22705.25;927
20250701 190000;22705.5;22710.5;22701;22702.5;1130
20250701 190100;22702.25;22703.5;22669;22675.5;3869
20250701 190200;22675;22675.75;22656.75;22664;2717
20250701 190300;22663.5;22666;22647.25;22656;2210
20250701 190400;22656;22679;22648.75;22678;1591
20250701 190500;22678.5;22696.75;22678.25;22687.5;1616
20250701 190600;22687.75;22690.25;22672.75;22676.5;974
20250701 190700;22676;22690.5;22672.25;22681.5;724
20250701 190800;22681.25;22685.75;22674.25;22685;755
20250701 190900;22684.75;22685;22667.25;22667.25;765
20250701 191000;22667.25;22678.5;22665.5;22678.25;879
20250701 191100;22679.25;22692.75;22676;22689.5;1047
20250701 191200;22689.25;22690.5;22683.25;22683.5;646
20250701 191300;22683.25;22683.25;22667.75;22674;942
20250701 191400;22674.75;22687.75;22672.5;22684.5;692
20250701 191500;22684.75;22692.5;22682.75;22686.25;614
20250701 191600;22686.5;22698.25;22685.5;22693.5;1046
20250701 191700;22693.5;22696.25;22687.75;22695.5;559
20250701 191800;22695.25;22697.5;22688.5;22689.25;554
20250701 191900;22689;22699;22687;22697.25;668
20250701 192000;22696.75;22706.75;22695.75;22704.25;1039
20250701 192100;22704.25;22707.25;22700.25;22703.5;611
20250701 192200;22703.5;22704.5;22699;22702;476
20250701 192300;22702;22712;22702;22710.5;938
20250701 192400;22710.5;22717.25;22708.25;22711.75;1058
20250701 192500;22711.5;22719.25;22711.25;22718.75;720
20250701 192600;22718;22721;22712.25;22714.5;826
20250701 192700;22714.25;22724;22712.5;22723;665
20250701 192800;22723.5;22726.25;22721.25;22722.5;777
20250701 192900;22722.75;22724.25;22718;22719;582
20250701 193000;22719.25;22726.75;22717.25;22725.75;599
20250701 193100;22725.5;22727.5;22719;22720;921
20250701 193200;22719.75;22721;22705.75;22706.5;1089
20250701 193300;22706;22709.75;22700;22702;1112
20250701 193400;22702;22710;22701.5;22706.25;568
20250701 193500;22706;22707.25;22699.25;22702;620
20250701 193600;22701.5;22704.75;22693.5;22694.5;981
20250701 193700;22694.5;22706.25;22694.25;22700.75;698
20250701 193800;22701;22701;22688;22698.75;1023
20250701 193900;22698.5;22704.5;22697;22703.5;560
20250701 194000;22703.75;22703.75;22694.5;22694.75;443
20250701 194100;22695;22698.5;22692;22694.25;601
20250701 194200;22694.25;22703;22691.25;22700.25;683
20250701 194300;22700.75;22704.75;22696.5;22697.25;552
20250701 194400;22697.75;22705.25;22692.75;22704.75;536
20250701 194500;22705.25;22711.75;22700;22710;877
20250701 194600;22710.25;22720;22709.25;22715.75;1113
20250701 194700;22715.25;22719.5;22711.75;22719;594
20250701 194800;22718.75;22732;22716.5;22730.75;1384
20250701 194900;22730.75;22738.5;22729.25;22731;1272
20250701 195000;22731.25;22733;22724.75;22733;782
20250701 195100;22733;22745.25;22719;22722;2510
20250701 195200;22722;22726;22710.25;22715.75;1428
20250701 195300;22717;22727.75;22711.75;22727.75;823
20250701 195400;22727.5;22731.5;22718;22720.5;1127
20250701 195500;22720.25;22725.5;22714.5;22716;1568
20250701 195600;22716.25;22717;22695.5;22712.75;2223
20250701 195700;22712.5;22714;22702.75;22707;898
20250701 195800;22707;22710.5;22699.25;22701.75;1247
20250701 195900;22702;22704.25;22695.75;22702.5;1631
20250701 200000;22702.25;22707;22686;22691.5;7182
20250701 200100;22691.5;22698.25;22680.25;22681;2761
20250701 200200;22681;22685.5;22677.5;22683.5;1303
20250701 200300;22684;22687.25;22682.25;22683.75;440
20250701 200400;22684.25;22688.25;22682.5;22684.75;509
20250701 200500;22685;22686.25;22681;22682;435
20250701 200600;22682.25;22684;22676.5;22679.5;479
20250701 200700;22679.25;22683.75;22676.75;22679.5;330
20250701 200800;22679.25;22683.75;22679.25;22680;305
20250701 200900;22680.5;22683.5;22680;22681.25;231
20250701 201000;22681.25;22682.25;22677.5;22680;151
20250701 201100;22679.75;22679.75;22674.25;22675;295
20250701 201200;22674.75;22677;22671.75;22677;328
20250701 201300;22677;22678.5;22673;22673;137
20250701 201400;22673;22675.5;22671.25;22674.25;223
20250701 201500;22674.25;22678.25;22673.75;22675.75;278
20250701 201600;22676.25;22676.75;22673.75;22676.5;116
20250701 201700;22676.25;22678.25;22675.75;22678.25;101
20250701 201800;22677.75;22680.75;22677;22678.75;150
20250701 201900;22678.5;22679.5;22675.75;22676.25;102
20250701 202000;22676;22680.25;22675.75;22679.25;115
20250701 202100;22679.5;22680;22677.5;22678.5;69
20250701 202200;22678.75;22682.75;22678.25;22682.5;120
20250701 202300;22682.5;22684.5;22682.25;22682.5;210
20250701 202400;22682.75;22684;22679.75;22679.75;76
20250701 202500;22679.5;22680.5;22678.25;22680.5;68
20250701 202600;22680.25;22682.25;22680.25;22681.5;82
20250701 202700;22681.25;22681.75;22680.5;22681.25;58
20250701 202800;22681.75;22684;22681.75;22682.25;70
20250701 202900;22682.25;22682.25;22680.5;22682;36
20250701 203000;22681.5;22684.75;22681.5;22684.25;65
20250701 203100;22684.25;22685.25;22683.5;22684.5;124
20250701 203200;22684.75;22684.75;22682.25;22683.5;117
20250701 203300;22684.25;22685.25;22681.25;22684.75;83
20250701 203400;22684.25;22687;22683.75;22687;104
20250701 203500;22687.25;22687.75;22683.5;22684.75;87
20250701 203600;22685;22688;22684.75;22687.25;73
20250701 203700;22687.25;22687.25;22684.25;22685;60
20250701 203800;22685;22687;22685;22686.5;75
20250701 203900;22686.25;22688.5;22686;22688;73
20250701 204000;22688;22689.25;22687.25;22688.5;85
20250701 204100;22689;22691.25;22688.25;22689.25;131
20250701 204200;22689;22689.75;22688.25;22688.25;104
20250701 204300;22688.75;22691.25;22688.5;22689.5;107
20250701 204400;22689.5;22694;22688.75;22692.75;94
20250701 204500;22692.75;22692.75;22688.5;22688.5;92
20250701 204600;22688.75;22693;22688.5;22692.25;126
20250701 204700;22692.5;22693.25;22691;22691.25;123
20250701 204800;22691.5;22693.25;22691;22691;82
20250701 204900;22691.25;22691.75;22689.5;22690.25;59
20250701 205000;22690;22691.25;22690;22690.75;45
20250701 205100;22690.5;22691;22686.75;22687.75;142
20250701 205200;22687.25;22689.25;22686.25;22689;69
20250701 205300;22688.75;22689;22687.75;22688.25;36
20250701 205400;22688.25;22690.25;22688;22688.5;108
20250701 205500;22688;22690.75;22687.75;22690.75;63
20250701 205600;22690;22690;22683.75;22686;95
20250701 205700;22686;22690.25;22684.5;22690.25;102
20250701 205800;22690.25;22692.5;22686.5;22686.5;116
20250701 205900;22687;22688.5;22685.75;22688.25;107
20250701 210000;22688.25;22693.25;22687;22691.75;141
20250701 220100;22694.5;22698;22683;22697.75;325
20250701 220200;22696.25;22701.25;22695.5;22698;201
20250701 220300;22699.5;22708.25;22698;22707.5;125
20250701 220400;22706.25;22708.25;22701.75;22704.75;77
20250701 220500;22704.5;22706.5;22700;22702;38
20250701 220600;22702.5;22704.75;22701.25;22703.25;25
20250701 220700;22703.25;22704;22701;22702.5;33
20250701 220800;22704;22705;22699;22699.75;91
20250701 220900;22701;22701;22695.5;22697.75;74
20250701 221000;22696.75;22702;22696.75;22700.25;37
20250701 221100;22700;22702.75;22694.25;22695;70
20250701 221200;22694.5;22696.25;22691.5;22695.5;48
20250701 221300;22694.75;22698.5;22694;22695.75;56
20250701 221400;22697.25;22699;22696.25;22696.75;28
20250701 221500;22696;22699.75;22695.5;22698.25;29
20250701 221600;22700;22703.5;22700;22700.5;75
20250701 221700;22699.75;22702;22699.5;22702;25
20250701 221800;22702;22706;22702;22705.75;51
20250701 221900;22704.75;22705.5;22703;22704.5;26
20250701 222000;22704.75;22707.75;22704;22707;60
20250701 222100;22707.75;22710;22707;22708;88
20250701 222200;22708.75;22709.25;22704.75;22705.75;88
20250701 222300;22706.25;22706.5;22703.5;22703.5;38
20250701 222400;22703.25;22704.75;22701;22701;58
20250701 222500;22702;22703.5;22700.25;22700.75;49
20250701 222600;22700.75;22705.25;22700.75;22704.25;105
20250701 222700;22704.75;22704.75;22701.5;22704;26
20250701 222800;22704.25;22704.75;22703.5;22704.75;40
20250701 222900;22704.75;22704.75;22699.75;22700;50
20250701 223000;22699.25;22700;22696.5;22696.75;54
20250701 223100;22696.5;22699.75;22695.5;22699;86
20250701 223200;22699.75;22700.5;22697;22698;38
20250701 223300;22698;22704.25;22697.75;22704.25;94
20250701 223400;22704.25;22708.75;22703.75;22706.5;123
20250701 223500;22706.75;22707.75;22706.75;22707.25;14
20250701 223600;22705.5;22709.75;22705;22706;45
20250701 223700;22706.25;22718.25;22706.25;22713;176
20250701 223800;22713;22713;22708.25;22709.25;55
20250701 223900;22709.5;22710.25;22709;22709.75;17
20250701 224000;22709.25;22709.25;22707.25;22708.5;32
20250701 224100;22708.5;22712.25;22708.5;22712;61
20250701 224200;22712.25;22717.5;22712.25;22716.75;119
20250701 224300;22717.75;22720.25;22717.25;22719.75;78
20250701 224400;22720;22722.75;22719;22722;132
20250701 224500;22721.75;22723;22719.75;22721;57
20250701 224600;22721.25;22721.75;22717;22718.5;74
20250701 224700;22719;22719.75;22717.5;22717.5;22
20250701 224800;22717.5;22718.75;22717;22718.25;17
20250701 224900;22717;22720.75;22717;22719;18
20250701 225000;22720;22720.75;22720;22720.75;7
20250701 225100;22720.5;22720.75;22717.75;22720;38
20250701 225200;22719;22720.25;22719;22720;10
20250701 225300;22720.5;22721;22720.5;22720.5;7
20250701 225400;22720.25;22720.5;22718.25;22720;28
20250701 225500;22719.75;22722.75;22719.5;22719.75;34
20250701 225600;22719.5;22720.5;22719.5;22720.25;13
20250701 225700;22720.5;22720.5;22719.25;22719.25;7
20250701 225800;22718.25;22718.75;22716.75;22717.75;26
20250701 225900;22716.75;22719.25;22716.75;22718.75;24
20250701 230000;22719;22722.25;22719;22722.25;38
20250701 230100;22722;22724;22721.25;22722.25;68
20250701 230200;22722.25;22725.25;22718.5;22720.5;132
20250701 230300;22719.75;22723;22719.25;22721.75;51
20250701 230400;22721.5;22723.25;22719.75;22720.75;71
20250701 230500;22721;22725.75;22721;22724.5;63
20250701 230600;22724.25;22727.75;22724.25;22725.5;64
20250701 230700;22726.25;22728;22725.25;22727.25;52
20250701 230800;22726.5;22729;22725.75;22727.5;64
20250701 230900;22727.5;22729;22725.75;22725.75;49
20250701 231000;22725.5;22725.5;22723;22724;32
20250701 231100;22724.25;22725.5;22721.25;22721.25;41
20250701 231200;22721.25;22721.25;22713.5;22717.25;210
20250701 231300;22716.5;22718;22715;22715;47
20250701 231400;22715.5;22716;22714.25;22714.5;39
20250701 231500;22715.75;22717;22715.25;22715.5;14
20250701 231600;22716.5;22718.5;22716;22717;38
20250701 231700;22716.5;22717.75;22712.5;22712.5;63
20250701 231800;22713;22714.25;22713;22713.25;19
20250701 231900;22713.25;22715;22712.25;22714.25;23
20250701 232000;22713.5;22714.5;22710.5;22710.75;78
20250701 232100;22710.5;22712.75;22710.5;22711.5;39
20250701 232200;22711.25;22713.5;22707.75;22712.75;66
20250701 232300;22713.75;22715.75;22710.25;22711.5;67
20250701 232400;22711.5;22712;22709.25;22709.25;19
20250701 232500;22709;22711;22708.25;22710.25;38
20250701 232600;22710.25;22710.5;22708.5;22710;20
20250701 232700;22709.25;22709.25;22707.5;22708.25;40
20250701 232800;22708.25;22711.75;22704.25;22710.75;68
20250701 232900;22711;22713;22709;22712.25;59
20250701 233000;22713.25;22714.75;22712.5;22712.75;70
20250701 233100;22712.5;22714;22712;22712;49
20250701 233200;22711.5;22714;22710;22713.75;48
20250701 233300;22713.75;22716;22713.75;22714.5;33
20250701 233400;22714.5;22714.5;22713.75;22714;6
20250701 233500;22713.75;22713.75;22711;22713.25;20
20250701 233600;22712.75;22714;22710.75;22714;25
20250701 233700;22714;22717;22713.75;22714;46
20250701 233800;22715;22716.25;22713.75;22715.25;29
20250701 233900;22716;22717;22715.25;22715.75;19
20250701 234000;22716.5;22717.75;22712.25;22714.75;33
20250701 234100;22715;22715.5;22714;22715.5;5
20250701 234200;22715.25;22716;22714.25;22716;21
20250701 234300;22715.5;22715.5;22713;22713;25
20250701 234400;22712.5;22712.75;22710.75;22711.5;22
20250701 234500;22711.75;22714.5;22711.75;22714.25;22
20250701 234600;22714.25;22714.75;22711.25;22711.25;32
20250701 234700;22711.5;22711.75;22708.25;22711.75;58
20250701 234800;22711.25;22711.25;22708.5;22710.75;38
20250701 234900;22712.25;22712.5;22709.75;22711.25;33
20250701 235000;22710.5;22710.5;22708.75;22709.75;6
20250701 235100;22711;22712.25;22707.75;22707.75;35
20250701 235200;22708;22709.75;22708;22709.75;20
20250701 235300;22710;22710;22706.25;22706.25;48
20250701 235400;22706.5;22706.75;22702.25;22702.75;110
20250701 235500;22703.25;22707;22703.25;22706.75;40
20250701 235600;22706.5;22708.75;22706.5;22708.75;15
20250701 235700;22709;22713;22708.5;22709.75;79
20250701 235800;22710.5;22712;22710;22710.75;13
20250701 235900;22711.75;22712.25;22708.5;22712;49
20250702 000000;22711.75;22711.75;22708;22708.5;24
20250702 000100;22709.75;22715.5;22707;22715;93
20250702 000200;22714.5;22718.5;22714.5;22714.75;131
20250702 000300;22714.25;22716.25;22710;22710;61
20250702 000400;22710.5;22716.75;22710.25;22715.5;21
20250702 000500;22714.75;22715;22713.25;22714.75;20
20250702 000600;22713.5;22716.5;22712.5;22714.25;35
20250702 000700;22715;22717.5;22705.25;22707.5;139
20250702 000800;22707.75;22711.75;22707.75;22710;79
20250702 000900;22708.75;22712.5;22708.5;22712.5;39
20250702 001000;22711.75;22713.75;22710.75;22711.75;30
20250702 001100;22712.25;22712.25;22707;22708;64
20250702 001200;22708.75;22713.5;22708.75;22711.5;50
20250702 001300;22711.75;22713.5;22710;22711;16
20250702 001400;22710.75;22714;22710.75;22712.25;20
20250702 001500;22712.75;22714.75;22712.75;22713.5;24
20250702 001600;22713.25;22717.5;22712.75;22717.25;114
20250702 001700;22717.25;22722;22717.25;22719.25;153
20250702 001800;22718.25;22723;22716.5;22720;115
20250702 001900;22720;22722;22717.75;22718.75;44
20250702 002000;22719.25;22720;22717.5;22717.5;26
20250702 002100;22717;22718.75;22715.5;22717.25;32
20250702 002200;22715.25;22718.25;22714.75;22716.25;43
20250702 002300;22716.75;22716.75;22714.5;22716.25;32
20250702 002400;22716;22719.75;22714.25;22717.5;48
20250702 002500;22716.5;22716.5;22713.5;22714;35
20250702 002600;22713.25;22713.25;22707.75;22711.75;89
20250702 002700;22710.5;22714;22710.5;22713.5;46
20250702 002800;22713.5;22714;22712.75;22712.75;16
20250702 002900;22713.75;22715.75;22713.75;22715;24
20250702 003000;22714.5;22715;22713.25;22713.75;18
20250702 003100;22713.5;22715.5;22713.5;22714.75;25
20250702 003200;22716;22716.25;22714;22715.25;28
20250702 003300;22715;22718.5;22715;22718;52
20250702 003400;22718.5;22718.5;22714.25;22714.25;39
20250702 003500;22714.25;22715;22711.25;22715;52
20250702 003600;22714.75;22715.75;22713;22714.25;25
20250702 003700;22714;22717.75;22713;22715.5;30
20250702 003800;22715.25;22717;22714.25;22716.5;18
20250702 003900;22716.25;22716.75;22715.5;22715.5;13
20250702 004000;22716.5;22717;22715.75;22716.5;26
20250702 004100;22717;22717.25;22714.5;22714.5;28
20250702 004200;22714.5;22715.5;22714;22715.5;20
20250702 004300;22714.75;22717;22714.75;22716;17
20250702 004400;22716.5;22716.5;22716;22716;7
20250702 004500;22715.25;22715.25;22713;22714.75;33
20250702 004600;22713.25;22714.5;22712.5;22714;34
20250702 004700;22713.75;22713.75;22711;22711.75;33
20250702 004800;22712.25;22713.5;22711.25;22712.75;34
20250702 004900;22712.5;22713.5;22712.5;22712.75;12
20250702 005000;22712.75;22712.75;22710.5;22711;43
20250702 005100;22710.75;22712;22709.25;22710.75;28
20250702 005200;22711.25;22712;22710;22710;21
20250702 005300;22709;22710.75;22708.75;22710.75;12
20250702 005400;22711.25;22712;22710.75;22710.75;11
20250702 005500;22711.25;22712.5;22710.75;22712.25;14
20250702 005600;22712.25;22713.25;22711.75;22712.5;27
20250702 005700;22713.25;22715.5;22713;22713;38
20250702 005800;22713.5;22714.75;22713.5;22714;17
20250702 005900;22714.75;22715.75;22714.25;22715.25;19
20250702 010000;22715.25;22715.25;22712.75;22713;18
20250702 010100;22713.25;22716.75;22713.25;22715;52
20250702 010200;22715.5;22715.75;22714;22715.75;20
20250702 010300;22714.5;22715.25;22712.25;22713.25;27
20250702 010400;22713.25;22715.25;22712.25;22712.75;27
20250702 010500;22712.25;22714.25;22709.25;22711.5;39
20250702 010600;22711.75;22713.5;22711;22713.5;19
20250702 010700;22714;22715.25;22713.5;22713.75;34
20250702 010800;22714.25;22715.5;22714;22714.25;18
20250702 010900;22714.25;22717.25;22714;22716;35
20250702 011000;22716;22717;22713.5;22716.5;31
20250702 011100;22716;22717.75;22716;22716.75;30
20250702 011200;22717;22718.25;22716;22717.75;65
20250702 011300;22717.75;22718;22715.75;22717.25;36
20250702 011400;22717.75;22718;22708.75;22709.75;80
20250702 011500;22709.75;22713;22709;22712.75;43
20250702 011600;22712;22714.25;22711.5;22712.75;29
20250702 011700;22711.25;22713.75;22708;22713.75;81
20250702 011800;22714;22715;22711;22711.75;68
20250702 011900;22711.25;22711.75;22709;22710.25;24
20250702 012000;22709.5;22712.25;22709;22711.25;29
20250702 012100;22711.25;22713.5;22710.5;22710.5;38
20250702 012200;22711.5;22713.5;22711.5;22713.5;30
20250702 012300;22714;22715.75;22713.5;22713.5;59
20250702 012400;22713.5;22714;22713;22713.5;16
20250702 012500;22713.75;22714.5;22713.5;22714;19
20250702 012600;22713.25;22713.5;22710.25;22710.25;55
20250702 012700;22710.75;22711.5;22709.75;22710;29
20250702 012800;22709;22709.75;22707;22707;55
20250702 012900;22706;22707.5;22704.25;22707.25;57
20250702 013000;22708.25;22710.5;22708.25;22710.5;40
20250702 013100;22709.5;22710.5;22707.5;22710.5;34
20250702 013200;22708;22709.25;22706.5;22706.75;29
20250702 013300;22706;22707.75;22705.5;22706.75;33
20250702 013400;22706.75;22706.75;22702.75;22705.75;85
20250702 013500;22706;22707.25;22704.5;22705.25;37
20250702 013600;22706;22708.5;22706;22706.75;28
20250702 013700;22707.5;22709;22706.75;22707.75;22
20250702 013800;22707.75;22709.75;22707.5;22709;25
20250702 013900;22709;22709.25;22707.5;22707.5;15
20250702 014000;22706.5;22708.5;22706.25;22708.5;17
20250702 014100;22708.75;22711.25;22708.75;22711;40
20250702 014200;22710.5;22713.75;22710.5;22713;53
20250702 014300;22713;22716.5;22712.5;22716.5;65
20250702 014400;22716;22716.25;22713.5;22715.5;44
20250702 014500;22715.25;22716.5;22714.5;22716.5;31
20250702 014600;22716;22716.25;22714.25;22714.75;24
20250702 014700;22714.5;22715.25;22713;22713;24
20250702 014800;22712.75;22713;22710;22710.5;52
20250702 014900;22710.25;22710.75;22708.5;22710.75;45
20250702 015000;22710.25;22710.5;22708;22709.5;27
20250702 015100;22709;22709.25;22707.5;22707.75;28
20250702 015200;22708;22709.25;22705.75;22707;61
20250702 015300;22706.25;22706.25;22699.75;22701.25;151
20250702 015400;22701;22706.5;22701;22705.75;87
20250702 015500;22705.5;22707.25;22704.5;22705.25;30
20250702 015600;22705.5;22706.25;22701.25;22702.25;31
20250702 015700;22701.75;22702.25;22692.75;22695;190
20250702 015800;22694.75;22694.75;22688.5;22690.25;163
20250702 015900;22689.5;22691.75;22689;22690.5;65
20250702 020000;22690.75;22692;22689.75;22690;40
20250702 020100;22689.5;22692.5;22687.75;22691;70
20250702 020200;22691;22691.25;22685;22688;74
20250702 020300;22688;22691.5;22688;22690.5;36
20250702 020400;22691;22692.5;22691;22692.5;31
20250702 020500;22692;22692;22684.5;22685.75;74
20250702 020600;22685.75;22687.5;22685;22686;42
20250702 020700;22687;22689.75;22686;22686.75;37
20250702 020800;22687;22689.75;22685;22685.25;40
20250702 020900;22684.5;22686.5;22682;22683;145
20250702 021000;22683.25;22684.75;22683;22684.25;39
20250702 021100;22684.25;22685.25;22678.5;22679;116
20250702 021200;22678.75;22681.75;22677.25;22679.25;102
20250702 021300;22678.5;22679.25;22676.25;22676.5;83
20250702 021400;22676.5;22678.75;22675.5;22678.75;72
20250702 021500;22679;22683.5;22678.75;22682.5;126
20250702 021600;22683.25;22688.75;22682.25;22687;135
20250702 021700;22686.75;22692.25;22685.5;22691.25;156
20250702 021800;22691.5;22696.75;22691.5;22692.25;182
20250702 021900;22693.5;22695.25;22692.75;22694.25;35
20250702 022000;22695.75;22698;22694.75;22698;60
20250702 022100;22698.25;22698.5;22695.5;22696;80
20250702 022200;22695.25;22695.25;22690.5;22694.25;104
20250702 022300;22695;22695.5;22694;22695;19
20250702 022400;22694.25;22695.5;22692.75;22693.5;20
20250702 022500;22694.25;22698.75;22694.25;22697.75;51
20250702 022600;22696.5;22699.25;22696.25;22698.25;55
20250702 022700;22699;22699.25;22695.25;22696.75;56
20250702 022800;22697.75;22701;22697.75;22700;68
20250702 022900;22699;22704.75;22699;22703.5;84
20250702 023000;22703.5;22708.25;22702.75;22708;178
20250702 023100;22707;22709.5;22705;22709.5;83
20250702 023200;22709.75;22714;22709.75;22711.5;160
20250702 023300;22711.5;22712;22711.5;22712;20
20250702 023400;22711;22711;22707.5;22709;105
20250702 023500;22709.25;22714.5;22709.25;22713.5;55
20250702 023600;22714.5;22715.25;22713;22715;77
20250702 023700;22715.25;22717.75;22714;22717;85
20250702 023800;22717;22717.25;22714.5;22716.5;44
20250702 023900;22716.5;22721.5;22716.5;22718.25;128
20250702 024000;22718;22720;22717.75;22719.25;52
20250702 024100;22718.75;22719;22715;22716.5;101
20250702 024200;22716.25;22719;22716.25;22719;47
20250702 024300;22718.25;22725;22718;22722.75;171
20250702 024400;22723.25;22732.25;22723;22727.5;261
20250702 024500;22728.25;22728.5;22721;22722.5;209
20250702 024600;22723.5;22727.75;22723.5;22727.75;55
20250702 024700;22728;22729;22726.75;22726.75;44
20250702 024800;22727;22727.25;22725;22725.75;30
20250702 024900;22725.75;22729.75;22725.75;22727.75;79
20250702 025000;22728.5;22728.75;22727.5;22728.5;41
20250702 025100;22728.25;22732.25;22727.75;22731.75;83
20250702 025200;22731.75;22732.75;22727.5;22729.75;102
20250702 025300;22729.5;22730;22725.25;22726.25;91
20250702 025400;22726;22727.5;22725;22726.5;26
20250702 025500;22726.75;22730.5;22726.75;22729.75;30
20250702 025600;22729.5;22731.25;22728.75;22731;51
20250702 025700;22730;22732.5;22729.75;22731.75;47
20250702 025800;22732.75;22737.25;22732.75;22736.5;276
20250702 025900;22737;22739.75;22736.5;22738.5;124
20250702 030000;22737.75;22739.75;22737.75;22739.75;65
