20250902 030100;23426.25;23429.5;23426.25;23427.75;42
20250902 030200;23427.5;23427.5;23426;23427.5;18
20250902 030300;23427;23428.25;23426;23428;39
20250902 030400;23428;23430.75;23423.75;23426.5;90
20250902 030500;23426.75;23426.75;23422.75;23424.25;35
20250902 030600;23423.25;23423.25;23418;23420.75;174
20250902 030700;23420.25;23421.25;23417.75;23421.25;79
20250902 030800;23420.75;23423.25;23419.75;23422;39
20250902 030900;23422;23422;23420;23421;17
20250902 031000;23421.25;23422.25;23418;23419.75;24
20250902 031100;23420;23421.75;23418.25;23418.25;61
20250902 031200;23418.5;23421.75;23416;23420;72
20250902 031300;23420.75;23421.5;23418.5;23420.5;22
20250902 031400;23420.75;23421;23418.5;23419.25;45
20250902 031500;23420.25;23424.5;23420.25;23423.75;46
20250902 031600;23423;23427.5;23422.75;23427.25;91
20250902 031700;23428;23437;23428;23437;183
20250902 031800;23436;23436;23432.25;23433.75;55
20250902 031900;23434.25;23436;23432;23433.25;41
20250902 032000;23432.25;23434.25;23430.75;23431.25;34
20250902 032100;23432;23432.5;23430.75;23432;47
20250902 032200;23430.75;23431.75;23429.25;23429.5;56
20250902 032300;23429.5;23431.75;23429.25;23429.75;29
20250902 032400;23430.25;23433;23430.25;23433;27
20250902 032500;23432.75;23433.5;23431.75;23433.5;26
20250902 032600;23433.5;23436.5;23433;23434.75;79
20250902 032700;23434.5;23435.25;23433.25;23434.25;29
20250902 032800;23434.25;23434.75;23432;23434.75;31
20250902 032900;23434.5;23434.75;23433;23433;10
20250902 033000;23432;23433.25;23431.5;23433.25;13
20250902 033100;23433;23434.25;23430;23430.75;75
20250902 033200;23432;23433.75;23432;23433;36
20250902 033300;23431.5;23433.25;23431.25;23431.75;15
20250902 033400;23431.75;23431.75;23428.5;23429.5;53
20250902 033500;23430.5;23430.5;23428.75;23430;30
20250902 033600;23429.75;23432.25;23429.75;23431.75;20
20250902 033700;23432;23433.25;23431.5;23433.25;26
20250902 033800;23433;23434.25;23431.75;23434.25;38
20250902 033900;23433.75;23434.25;23433;23433.75;18
20250902 034000;23433.5;23434.25;23432.75;23433.75;16
20250902 034100;23434;23436.75;23434;23435.75;52
20250902 034200;23436;23437.25;23435.5;23435.75;35
20250902 034300;23436.75;23439;23436.25;23438.5;62
20250902 034400;23438.25;23438.25;23435.75;23436.75;48
20250902 034500;23437.25;23437.5;23436;23437;15
20250902 034600;23436.75;23439;23436.75;23439;30
20250902 034700;23439;23441.25;23438.25;23440.25;78
20250902 034800;23439.25;23441.5;23437.5;23441.25;29
20250902 034900;23442;23442.25;23439;23439;36
20250902 035000;23439;23441.25;23438.25;23440.5;48
20250902 035100;23440.5;23441.25;23439.25;23439.25;40
20250902 035200;23439.25;23439.25;23436.5;23437.5;30
20250902 035300;23437.5;23439.25;23437.25;23437.25;18
20250902 035400;23438.5;23438.75;23438;23438;6
20250902 035500;23438.5;23440.5;23438.25;23440.5;13
20250902 035600;23441;23442;23439.75;23440.75;19
20250902 035700;23439.5;23440;23438.5;23439.5;22
20250902 035800;23439.75;23440.5;23438;23438.25;23
20250902 035900;23438.25;23440;23437.75;23439.25;19
20250902 040000;23438.75;23439.25;23437.5;23438.25;20
20250902 040100;23437.75;23438.75;23433.75;23434.5;67
20250902 040200;23435;23436.75;23434.75;23436.75;20
20250902 040300;23437.25;23441;23437.25;23440.75;43
20250902 040400;23440.75;23440.75;23439;23439.25;15
20250902 040500;23438.75;23440.25;23438.75;23440;23
20250902 040600;23440.5;23441.75;23439.75;23441.25;23
20250902 040700;23441.75;23442.25;23440.25;23441.5;38
20250902 040800;23442.25;23442.25;23439.75;23439.75;26
20250902 040900;23440;23442.5;23440;23441.5;27
20250902 041000;23441.25;23441.25;23440;23440;15
20250902 041100;23440.5;23443.25;23440.5;23442;29
20250902 041200;23442;23442.75;23441.25;23441.25;13
20250902 041300;23442;23442.25;23440.75;23441.5;18
20250902 041400;23441.75;23443;23441.75;23443;50
20250902 041500;23443.25;23444;23441.25;23441.75;38
20250902 041600;23442;23443.5;23441.75;23442.5;18
20250902 041700;23442.75;23443.75;23442.5;23442.5;10
20250902 041800;23442.75;23443.5;23442.75;23443.5;6
20250902 041900;23443.25;23443.25;23442.5;23442.5;8
20250902 042000;23443;23443.75;23442.75;23442.75;17
20250902 042100;23442.5;23443.75;23442.5;23443;19
20250902 042200;23443.25;23444.5;23443.25;23444.5;11
20250902 042300;23444.25;23444.25;23442.5;23444.25;20
20250902 042400;23444.5;23444.5;23443.75;23444.5;10
20250902 042500;23444.5;23446.25;23444.25;23446.25;50
20250902 042600;23446.25;23446.75;23444.5;23446.25;43
20250902 042700;23446.75;23450;23446.75;23449;80
20250902 042800;23449;23450;23448.5;23448.5;51
20250902 042900;23448;23449.25;23448;23449.25;13
20250902 043000;23448.75;23451;23448.75;23450;58
20250902 043100;23449.25;23450;23448;23449.25;25
20250902 043200;23449.5;23449.5;23448.25;23449;24
20250902 043300;23449;23449.75;23447.25;23447.25;18
20250902 043400;23447.75;23449.75;23447.75;23448.25;10
20250902 043500;23448;23448;23440.75;23441.25;99
20250902 043600;23441.75;23442.25;23430.5;23431;146
20250902 043700;23431;23433;23430.5;23432;76
20250902 043800;23431.25;23432;23429.75;23430.75;41
20250902 043900;23431;23432.5;23428.25;23431;87
20250902 044000;23431.25;23432;23429;23429.25;46
20250902 044100;23430;23430.25;23427.75;23428.5;33
20250902 044200;23429;23430.25;23428.75;23429.75;17
20250902 044300;23429.75;23432.75;23429.5;23432;26
20250902 044400;23432.75;23435.5;23432.75;23435;27
20250902 044500;23434.75;23435.25;23433.75;23435.25;10
20250902 044600;23435;23440.5;23435;23439;75
20250902 044700;23439;23441.5;23438.5;23439.75;25
20250902 044800;23439.75;23439.75;23438.5;23438.75;17
20250902 044900;23438;23438.25;23436.75;23438;27
20250902 045000;23437.75;23440.25;23437.5;23439.5;41
20250902 045100;23439;23439;23438.5;23439;4
20250902 045200;23438.75;23439.75;23436.25;23437.25;26
20250902 045300;23436.75;23439.75;23436.75;23439.75;30
20250902 045400;23440.25;23443;23440.25;23441.75;70
20250902 045500;23442.25;23443.5;23442.25;23442.75;14
20250902 045600;23443;23444.5;23442;23443.5;42
20250902 045700;23443;23443;23441.25;23441.75;22
20250902 045800;23442;23442;23439.25;23439.75;29
20250902 045900;23439.5;23439.5;23439.25;23439.25;2
20250902 050000;23439.5;23440.5;23437.5;23437.5;27
20250902 050100;23438.25;23439;23435;23438.25;55
20250902 050200;23437;23439;23430;23430;85
20250902 050300;23430.75;23432;23428.5;23431;86
20250902 050400;23431.5;23434;23431;23432.5;59
20250902 050500;23432;23432;23428.75;23428.75;26
20250902 050600;23428.75;23429.25;23428;23428.25;32
20250902 050700;23428.5;23430;23421;23423.25;166
20250902 050800;23423.25;23426.25;23420;23421.25;127
20250902 050900;23421.75;23422.75;23417.75;23419;62
20250902 051000;23418.75;23418.75;23408.75;23411.5;318
20250902 051100;23411.25;23411.25;23405;23405.5;188
20250902 051200;23406.25;23408.75;23404.75;23407.25;87
20250902 051300;23406.75;23415.5;23406.25;23415.5;142
20250902 051400;23414.75;23421.5;23413.5;23419.5;127
20250902 051500;23419;23419.75;23413.75;23415.25;71
20250902 051600;23415;23415.25;23412.25;23414.25;69
20250902 051700;23414.75;23414.75;23410;23411.25;103
20250902 051800;23412;23417.25;23412;23416.5;60
20250902 051900;23417.5;23417.5;23413.25;23416;36
20250902 052000;23416;23416;23413.25;23413.75;20
20250902 052100;23413;23413;23411.5;23412.75;30
20250902 052200;23413.5;23420.25;23413.5;23417.25;79
20250902 052300;23417.75;23417.75;23413.5;23415.75;41
20250902 052400;23416.75;23417.25;23415;23417;24
20250902 052500;23416;23416;23414.75;23414.75;9
20250902 052600;23414.25;23419.5;23414;23418;38
20250902 052700;23418.5;23420.25;23416.5;23420;55
20250902 052800;23420.5;23420.5;23416.5;23418.25;35
20250902 052900;23418;23418.75;23416.75;23418.5;29
20250902 053000;23418.75;23420;23417;23419.75;19
20250902 053100;23420.25;23423.5;23419.75;23422;77
20250902 053200;23422.25;23422.25;23414.25;23418.75;104
20250902 053300;23419.25;23422.25;23419.25;23420.75;28
20250902 053400;23421.75;23425.5;23421.75;23424.5;31
20250902 053500;23424.5;23424.75;23422.25;23424.25;22
20250902 053600;23424;23424.25;23417.25;23417.25;56
20250902 053700;23417.25;23419.25;23415.5;23415.5;75
20250902 053800;23415.5;23416;23409.75;23411.75;86
20250902 053900;23412;23412.5;23407.5;23408;91
20250902 054000;23407.25;23415.75;23407;23413;85
20250902 054100;23411.75;23414.5;23411.25;23414;18
20250902 054200;23414.25;23417.25;23414.25;23416;52
20250902 054300;23416.25;23417.75;23414.75;23415.5;53
20250902 054400;23415;23416.75;23411;23412.75;69
20250902 054500;23411.5;23414;23408.75;23414;66
20250902 054600;23412.5;23424.25;23412.5;23423.5;97
20250902 054700;23423.5;23424;23421.75;23423;54
20250902 054800;23423.75;23426.75;23423.75;23426.75;86
20250902 054900;23425.5;23428.25;23425.5;23428.25;27
20250902 055000;23428.5;23431.75;23426.75;23431.25;72
20250902 055100;23432;23434.25;23430.25;23432.25;90
20250902 055200;23433;23435.75;23433;23434.75;61
20250902 055300;23435;23435;23428;23429.5;93
20250902 055400;23429.25;23429.25;23425;23425.75;33
20250902 055500;23425.5;23425.5;23418.75;23420.25;57
20250902 055600;23419.5;23421;23417.5;23420;64
20250902 055700;23420.25;23422.25;23420.25;23421.25;29
20250902 055800;23420.75;23421;23418;23419;33
20250902 055900;23418.75;23419.75;23416.75;23416.75;30
20250902 060000;23417;23417;23412.5;23413;74
20250902 060100;23412.75;23417.25;23407.25;23415.25;174
20250902 060200;23416;23419.5;23413;23419.25;100
20250902 060300;23420;23423;23418.25;23423;84
20250902 060400;23422.25;23424.5;23418.25;23424.5;118
20250902 060500;23423;23426.5;23423;23426.25;43
20250902 060600;23427;23427;23421.25;23424.75;90
20250902 060700;23425.5;23428;23425;23427;80
20250902 060800;23427.25;23433.25;23427;23433;75
20250902 060900;23433.25;23435.75;23431.5;23435;69
20250902 061000;23435.5;23437.25;23432.5;23433.25;72
20250902 061100;23434;23434.5;23430.75;23431.25;57
20250902 061200;23431;23431.75;23423.5;23425.25;116
20250902 061300;23426.25;23426.25;23423.5;23425.25;47
20250902 061400;23425;23426.5;23423.5;23423.5;33
20250902 061500;23423;23429.75;23421.25;23428.75;81
20250902 061600;23428.75;23429;23427;23428;59
20250902 061700;23427.5;23428.25;23425.5;23425.5;14
20250902 061800;23425.25;23427.5;23422.5;23424.5;38
20250902 061900;23425.5;23428.75;23423;23425;61
20250902 062000;23425.75;23426;23424;23425.75;23
20250902 062100;23424.75;23426.25;23423.5;23424.5;25
20250902 062200;23424.5;23424.5;23422;23423.5;56
20250902 062300;23423.5;23424.25;23418.25;23421.75;106
20250902 062400;23421.25;23427.5;23419.5;23425.5;76
20250902 062500;23426.75;23428.5;23425.75;23427.75;51
20250902 062600;23428;23429;23428;23429;30
20250902 062700;23429.5;23438;23429.5;23437.25;111
20250902 062800;23438.5;23439.75;23435.25;23435.25;77
20250902 062900;23435;23435;23428;23428.75;63
20250902 063000;23428;23428.25;23422.75;23423;54
20250902 063100;23424.25;23432.25;23423.75;23429.5;64
20250902 063200;23428.75;23429.25;23422.5;23424;53
20250902 063300;23424.5;23430.5;23424.5;23430;33
20250902 063400;23430;23436.5;23430;23435.5;80
20250902 063500;23435.5;23438;23434.75;23437;53
20250902 063600;23436.75;23436.75;23434.75;23435.5;24
20250902 063700;23435.25;23438;23435.25;23436.5;26
20250902 063800;23436.25;23437;23433.5;23434;46
20250902 063900;23433.75;23436.25;23432.75;23434.75;67
20250902 064000;23434.5;23435.25;23432.75;23435.25;58
20250902 064100;23435.5;23436.5;23433.5;23434.25;64
20250902 064200;23434.5;23439.25;23431.75;23434.25;109
20250902 064300;23434.75;23436.75;23434.75;23436.25;24
20250902 064400;23437;23437;23435.75;23435.75;12
20250902 064500;23436.25;23437.5;23436;23436.25;15
20250902 064600;23436.5;23437.25;23435;23436.75;23
20250902 064700;23436.5;23437.5;23434;23435.75;22
20250902 064800;23437.5;23443;23437.5;23443;85
20250902 064900;23442.5;23443;23440.5;23440.5;37
20250902 065000;23441.25;23442.75;23439.5;23440;50
20250902 065100;23439.5;23440.5;23438.5;23439.5;35
20250902 065200;23440;23442.25;23439.75;23440;37
20250902 065300;23440.5;23440.5;23438.25;23439.5;13
20250902 065400;23439.5;23439.5;23434.75;23434.75;57
20250902 065500;23434.75;23440;23434.75;23437.75;51
20250902 065600;23438;23442.75;23438;23442.25;73
20250902 065700;23442.75;23447.5;23442.75;23447;138
20250902 065800;23446.75;23448;23445.5;23447;35
20250902 065900;23447.5;23447.5;23441;23443;68
20250902 070000;23443.25;23447.75;23443.25;23447.75;61
20250902 070100;23448;23450.75;23440.5;23442.75;269
20250902 070200;23442.5;23450.75;23440.75;23449;109
20250902 070300;23448.5;23448.75;23441.5;23447;97
20250902 070400;23447.5;23452;23444.25;23450.25;67
20250902 070500;23450;23450.25;23443;23447.5;89
20250902 070600;23447.25;23448.25;23441.5;23442;89
20250902 070700;23442.25;23443.5;23439.5;23441.75;155
20250902 070800;23441.75;23444.25;23437.25;23438.5;142
20250902 070900;23438.75;23440;23433;23435;162
20250902 071000;23435.75;23435.75;23426;23426.75;175
20250902 071100;23425.75;23426.5;23415.5;23415.75;192
20250902 071200;23415.5;23417;23408;23409;255
20250902 071300;23409.25;23413.25;23405.5;23410;269
20250902 071400;23409.5;23409.5;23400.5;23402.25;248
20250902 071500;23401.75;23403.5;23390.25;23391.75;385
20250902 071600;23391.5;23402.5;23387.75;23396.75;461
20250902 071700;23396.75;23398.5;23386.75;23387.25;210
20250902 071800;23388;23391;23384.5;23391;169
20250902 071900;23390.75;23397.5;23390.5;23397.25;159
20250902 072000;23396.75;23406.25;23394.75;23402.25;148
20250902 072100;23402.25;23403.25;23392.25;23399.25;164
20250902 072200;23400.75;23404.75;23392.75;23395.25;163
20250902 072300;23395;23397.75;23388.5;23390;144
20250902 072400;23389.25;23391.25;23379.25;23380.5;254
20250902 072500;23380.25;23384.5;23375.5;23378.5;205
20250902 072600;23378.5;23385;23372;23383.25;447
20250902 072700;23383.75;23391.25;23382.75;23390;189
20250902 072800;23388.25;23398.25;23388;23396.5;136
20250902 072900;23397.25;23409.25;23397;23408;260
20250902 073000;23407.5;23413.5;23404.75;23412.5;291
20250902 073100;23412.5;23415.5;23407.25;23414;227
20250902 073200;23413;23422.5;23410.5;23419.75;207
20250902 073300;23418;23420;23405.25;23406;200
20250902 073400;23406.25;23408;23396.75;23397.5;264
20250902 073500;23397.5;23398.5;23387.75;23388;210
20250902 073600;23387.5;23391.25;23384;23386.5;180
20250902 073700;23385.75;23388.25;23378.5;23385.75;220
20250902 073800;23385;23385;23377;23382.25;178
20250902 073900;23381.5;23384.25;23377;23381.5;193
20250902 074000;23380.5;23385.75;23372;23376.75;314
20250902 074100;23377;23379;23367.75;23371.25;544
20250902 074200;23371.25;23372.75;23365.5;23367.25;292
20250902 074300;23366.75;23366.75;23354.75;23358;368
20250902 074400;23356.25;23359.5;23355;23356.25;114
20250902 074500;23356.5;23358.5;23353;23353.5;166
20250902 074600;23353.25;23362.5;23348.75;23362;282
20250902 074700;23361.25;23363.5;23351.5;23354.25;151
20250902 074800;23353.75;23354.25;23329.5;23330;537
20250902 074900;23329.75;23338.75;23327;23333.75;327
20250902 075000;23332;23333.75;23312.25;23312.25;454
20250902 075100;23312.5;23316;23303.5;23310;799
20250902 075200;23309.25;23309.75;23282.75;23295.5;896
20250902 075300;23295.75;23299.25;23282;23291;457
20250902 075400;23290;23292.5;23275.25;23279.5;516
20250902 075500;23279.5;23287.5;23270;23282.5;564
20250902 075600;23283;23291;23278.75;23283.25;409
20250902 075700;23283.5;23292;23281;23291;303
20250902 075800;23291.5;23293;23275;23282.75;415
20250902 075900;23282.25;23287.75;23270.5;23272.5;317
20250902 080000;23272.75;23284.75;23270.25;23278.25;500
20250902 080100;23278.5;23290.75;23267.75;23287.5;685
20250902 080200;23288.5;23298;23286;23294.25;378
20250902 080300;23293.5;23307.5;23292;23305.75;424
20250902 080400;23304.75;23319;23302.75;23319;522
20250902 080500;23318.5;23320;23309.25;23312.5;415
20250902 080600;23312.25;23315;23296.75;23306.25;476
20250902 080700;23307.75;23316.5;23301.5;23313.5;276
20250902 080800;23314;23315.75;23302.25;23302.75;256
20250902 080900;23302;23306.25;23298.5;23303.75;214
20250902 081000;23302;23311.25;23297.75;23311.25;139
20250902 081100;23310.25;23312.5;23304.25;23309;153
20250902 081200;23306.25;23315.75;23306.25;23312;167
20250902 081300;23312.5;23314;23294.25;23298;385
20250902 081400;23297.75;23300;23281.75;23290;334
20250902 081500;23290.25;23294.75;23284;23287;195
20250902 081600;23287.5;23310.25;23287;23309;294
20250902 081700;23309.25;23319.75;23307.5;23319.5;199
20250902 081800;23319.25;23320.5;23304;23304;132
20250902 081900;23304.75;23313.75;23303.25;23310.5;168
20250902 082000;23310.5;23316.25;23307.75;23315;130
20250902 082100;23313.5;23321.5;23313;23321;169
20250902 082200;23319.25;23324.5;23316.25;23320.25;300
20250902 082300;23320.25;23324.25;23319;23324;155
20250902 082400;23324;23325.75;23319.75;23323;124
20250902 082500;23322.25;23324.25;23312.25;23313.5;179
20250902 082600;23313.25;23315;23310;23312;176
20250902 082700;23312.5;23314.75;23306.5;23311.75;190
20250902 082800;23312.25;23314.5;23309.5;23311.5;59
20250902 082900;23310.75;23311.5;23307.75;23310.25;63
20250902 083000;23310.75;23311.5;23308.75;23308.75;49
20250902 083100;23308.75;23313.75;23307.5;23312;158
20250902 083200;23311.75;23311.75;23302.25;23304.25;160
20250902 083300;23304.75;23309.25;23302;23303.5;157
20250902 083400;23303.75;23306.5;23302;23302.5;128
20250902 083500;23302.75;23302.75;23299.25;23301.75;123
20250902 083600;23302;23317;23301.25;23316.25;181
20250902 083700;23316.25;23318.5;23313.25;23315.75;171
20250902 083800;23315;23317.75;23313.75;23315.75;67
20250902 083900;23315;23318.5;23312;23317.75;94
20250902 084000;23318.25;23318.25;23314.25;23316.25;54
20250902 084100;23316;23323;23315.5;23322;121
20250902 084200;23322;23327.5;23321.75;23327.5;207
20250902 084300;23327.75;23329.75;23326.75;23328.5;138
20250902 084400;23328.75;23333.5;23327;23330.5;178
20250902 084500;23330;23331;23327.5;23329.75;104
20250902 084600;23328.5;23332.75;23328;23331;119
20250902 084700;23331;23331;23325.5;23330.5;159
20250902 084800;23329.75;23330.75;23326;23326.25;99
20250902 084900;23326.25;23327.5;23318;23320;195
20250902 085000;23320.75;23324.75;23320.5;23321.5;93
20250902 085100;23321;23322;23318.5;23319;73
20250902 085200;23319;23322.25;23311.25;23312.75;310
20250902 085300;23313.75;23314.25;23308.5;23310;148
20250902 085400;23310.75;23311.75;23309.25;23311.25;67
20250902 085500;23312;23315.5;23311.75;23315.5;94
20250902 085600;23315.5;23316.5;23313.5;23316.25;60
20250902 085700;23316.25;23317;23309.5;23314;124
20250902 085800;23315.25;23320;23308.5;23308.5;195
20250902 085900;23309.25;23310.25;23305;23308.5;149
20250902 090000;23309;23311.5;23308.75;23310.75;87
20250902 090100;23310.75;23314.75;23300;23300.5;177
20250902 090200;23300;23305.5;23299.5;23303.5;99
20250902 090300;23304.5;23313;23304.25;23312;111
20250902 090400;23312;23313.5;23310.5;23312.75;60
20250902 090500;23313.5;23321;23313.5;23318;182
20250902 090600;23317.25;23320.25;23317;23317.75;66
20250902 090700;23318.25;23320.25;23315.75;23319;154
20250902 090800;23319;23319.5;23313.5;23315.25;69
20250902 090900;23316;23317;23310.25;23312.25;58
20250902 091000;23312;23312;23309.5;23309.75;76
20250902 091100;23310.5;23311.5;23305.75;23308.75;71
20250902 091200;23309;23311;23306.75;23311;61
20250902 091300;23310.5;23315;23308.25;23312.5;89
20250902 091400;23311.75;23314;23311;23312.25;43
20250902 091500;23311.75;23312.25;23309.75;23312;47
20250902 091600;23311;23318;23309.75;23317.75;185
20250902 091700;23317.25;23319.5;23316.75;23317.5;78
20250902 091800;23317.5;23320.25;23317.5;23318.75;66
20250902 091900;23318.25;23325;23317.5;23324.75;77
20250902 092000;23324.5;23328;23324.25;23326.25;93
20250902 092100;23325.75;23331.5;23325.75;23330.75;92
20250902 092200;23330.75;23330.75;23323.5;23323.5;69
20250902 092300;23324;23325;23321.5;23323.5;63
20250902 092400;23323.5;23323.5;23318;23321;70
20250902 092500;23320;23320.25;23316.75;23318.25;46
20250902 092600;23317.75;23325.25;23317.75;23323.25;88
20250902 092700;23323.75;23326.5;23323.5;23323.75;51
20250902 092800;23322.75;23323;23319.75;23321.25;38
20250902 092900;23320.75;23323.25;23320;23322.75;51
20250902 093000;23322.5;23326.5;23322.5;23325.75;75
20250902 093100;23325.5;23327.5;23325.25;23326.25;59
20250902 093200;23326.25;23329;23324.5;23327.75;62
20250902 093300;23327;23327;23320.75;23321.25;44
20250902 093400;23321.25;23322.75;23315.75;23318;86
20250902 093500;23317.75;23320.5;23317;23320.5;72
20250902 093600;23321.25;23328;23321.25;23327.25;90
20250902 093700;23327.25;23330.25;23326;23327.25;74
20250902 093800;23327.5;23327.5;23322.5;23326;50
20250902 093900;23326.25;23329;23326;23326;50
20250902 094000;23326.5;23326.75;23323.5;23324;85
20250902 094100;23322.75;23324.75;23322.5;23323.75;41
20250902 094200;23324.25;23325;23319;23320.75;122
20250902 094300;23320.5;23322.25;23318;23321.5;59
20250902 094400;23322;23322.25;23318;23320;38
20250902 094500;23319.25;23319.5;23316.75;23317.25;28
20250902 094600;23316;23318;23310.5;23310.5;94
20250902 094700;23310.5;23314.5;23307.5;23309.25;130
20250902 094800;23309;23310.75;23305.5;23306;89
20250902 094900;23305.25;23308.75;23305;23306.5;57
20250902 095000;23306.75;23306.75;23297;23298.25;171
20250902 095100;23298.25;23306.5;23298;23305.25;86
20250902 095200;23306;23310.5;23300.75;23302.25;153
20250902 095300;23302.5;23304.25;23298.25;23299.5;67
20250902 095400;23299;23299;23292.75;23293.25;108
20250902 095500;23292.75;23294.25;23291.75;23293.25;99
20250902 095600;23292.25;23297.5;23292.25;23294.75;117
20250902 095700;23294.25;23298;23293.75;23293.75;57
20250902 095800;23293.75;23294.5;23291.25;23294;107
20250902 095900;23294.25;23295.75;23292.75;23294;57
20250902 100000;23293.75;23294.5;23291.5;23292;51
20250902 100100;23292;23293.75;23289;23292.25;146
20250902 100200;23292.25;23294.25;23290;23294;90
20250902 100300;23294.5;23297;23291.5;23294.5;91
20250902 100400;23294.5;23296.25;23293;23294.5;74
20250902 100500;23294.25;23296.25;23294.25;23295.25;20
20250902 100600;23295.25;23295.25;23289.5;23291.75;82
20250902 100700;23291.25;23297.5;23291;23297.25;64
20250902 100800;23296.5;23298;23295;23295.25;75
20250902 100900;23296.5;23301;23296;23300.25;86
20250902 101000;23299.5;23306;23299;23305.5;89
20250902 101100;23305.25;23305.75;23302.5;23302.5;63
20250902 101200;23302.25;23310.75;23302.25;23310.25;128
20250902 101300;23310;23311;23304.75;23304.75;57
20250902 101400;23304.25;23304.75;23299;23299;80
20250902 101500;23298.75;23301;23298;23300;59
20250902 101600;23300;23300;23296.5;23299.75;65
20250902 101700;23299.5;23301.75;23298.75;23300.5;37
20250902 101800;23299.75;23299.75;23295.25;23297.5;80
20250902 101900;23296.75;23296.75;23289.25;23289.25;143
20250902 102000;23289.75;23289.75;23279.5;23279.5;261
20250902 102100;23281;23286.25;23280;23282.75;205
20250902 102200;23282.75;23286.5;23282.5;23283.75;73
20250902 102300;23283.75;23284.5;23280.25;23280.75;144
20250902 102400;23281.25;23282;23271;23272.75;358
20250902 102500;23273.5;23274.75;23265.75;23267;460
20250902 102600;23268.5;23272.5;23266.25;23269.5;182
20250902 102700;23269.25;23275;23266.5;23273.5;149
20250902 102800;23274.25;23274.25;23262.75;23264.5;336
20250902 102900;23266;23266.75;23249.25;23250.25;400
20250902 103000;23249.75;23256.25;23248.25;23254.75;307
20250902 103100;23254.5;23256.75;23243;23254;512
20250902 103200;23254.75;23255;23242;23250;269
20250902 103300;23251.25;23261.5;23251.25;23259.5;266
20250902 103400;23258.75;23263.25;23254.25;23254.75;214
20250902 103500;23254.75;23258.75;23252.75;23254;160
20250902 103600;23255;23260;23253;23258.5;130
20250902 103700;23259.25;23264.25;23256;23264;207
20250902 103800;23264.25;23264.25;23258.25;23260;114
20250902 103900;23259;23264;23254.5;23261.25;215
20250902 104000;23260.75;23263.25;23259.5;23261.5;96
20250902 104100;23261.5;23262.5;23257;23257.75;127
20250902 104200;23256.75;23262.25;23256.25;23256.5;80
20250902 104300;23256.75;23257.5;23237.5;23240.25;506
20250902 104400;23238.5;23244.25;23231.75;23241;663
20250902 104500;23240.75;23257.75;23240.25;23257.25;248
20250902 104600;23256.75;23260.25;23256.25;23258;184
20250902 104700;23257.75;23260.75;23252.5;23255;124
20250902 104800;23254.75;23257.5;23252.25;23256.25;130
20250902 104900;23256.5;23257.5;23253;23254.75;116
20250902 105000;23254;23254.5;23249;23249.25;143
20250902 105100;23248.75;23254.75;23244.5;23245.75;233
20250902 105200;23245.5;23248.5;23242.75;23246.75;131
20250902 105300;23247.25;23252;23245.25;23249.5;122
20250902 105400;23249.25;23251.5;23244.75;23248.5;104
20250902 105500;23247.25;23248.5;23245.25;23248.5;106
20250902 105600;23249.25;23251;23242.75;23244;176
20250902 105700;23243.25;23253.5;23242.75;23252.25;203
20250902 105800;23251.75;23253.25;23249.25;23252.75;65
20250902 105900;23252;23253.25;23251;23252.5;66
20250902 110000;23250.5;23256.25;23250.5;23252.75;122
20250902 110100;23254.5;23260.25;23241;23242;381
20250902 110200;23243;23243.5;23237.75;23243.5;248
20250902 110300;23243.5;23244.5;23238.25;23241.75;185
20250902 110400;23241;23249;23238;23245;152
20250902 110500;23245.25;23247;23235;23235.5;228
20250902 110600;23235.25;23237.75;23233;23237.25;181
20250902 110700;23236.5;23239.25;23235.5;23236.75;134
20250902 110800;23236.5;23237.5;23234.75;23235;49
20250902 110900;23235.25;23239.75;23234.25;23235.75;112
20250902 111000;23236;23237;23230.75;23233;198
20250902 111100;23233.5;23234.5;23228;23233.5;271
20250902 111200;23234.25;23235.5;23223.25;23230.25;391
20250902 111300;23230.5;23237.5;23229.5;23236.5;160
20250902 111400;23236.75;23240;23236;23238;125
20250902 111500;23238;23247.25;23238;23245.25;192
20250902 111600;23245.75;23251.25;23241.25;23248.75;205
20250902 111700;23248.5;23250.25;23245.5;23250.25;148
20250902 111800;23250.5;23252.75;23248;23250.5;131
20250902 111900;23250.5;23250.75;23244.75;23246.25;121
20250902 112000;23246.75;23247.5;23235.75;23237.25;185
20250902 112100;23237;23239;23230.25;23233.5;259
20250902 112200;23233.25;23236.25;23228.25;23231;168
20250902 112300;23230.25;23242.5;23228.5;23238.5;325
20250902 112400;23237.5;23240.75;23234.25;23240.5;110
20250902 112500;23241;23245.25;23239.5;23242.75;219
20250902 112600;23242.75;23243.75;23239.75;23242.75;80
20250902 112700;23242.5;23248;23238.75;23246;233
20250902 112800;23245.5;23251.5;23245;23245.75;180
20250902 112900;23244.5;23245;23239.5;23241.25;139
20250902 113000;23241;23241;23233.75;23234.75;117
20250902 113100;23234.25;23234.5;23227.25;23230.5;228
20250902 113200;23230.25;23235.25;23228.75;23234.75;136
20250902 113300;23235.5;23237;23231.5;23233.75;129
20250902 113400;23234.25;23241.5;23233.25;23235.75;163
20250902 113500;23236.25;23236.25;23231;23233.25;114
20250902 113600;23233.5;23236.25;23230.75;23233.25;112
20250902 113700;23233.5;23238.5;23232;23236.5;116
20250902 113800;23235;23241.25;23233.5;23237;139
20250902 113900;23236;23240.25;23230.25;23230.75;136
20250902 114000;23230.25;23233.5;23229.5;23232.25;147
20250902 114100;23232.75;23246.25;23232.25;23246.25;261
20250902 114200;23246.5;23247;23238.25;23238.25;178
20250902 114300;23238;23238.5;23232.25;23234;111
20250902 114400;23235;23240;23232.75;23237.5;143
20250902 114500;23237.75;23238.75;23233.25;23236;135
20250902 114600;23236.75;23242.25;23236.5;23240.25;146
20250902 114700;23240;23246;23233.75;23237.5;249
20250902 114800;23238.5;23240.25;23236.25;23239.5;100
20250902 114900;23240.25;23240.25;23234.5;23236.75;118
20250902 115000;23235.5;23235.75;23233.25;23235.25;99
20250902 115100;23234.75;23236;23232.75;23234;58
20250902 115200;23234.75;23238;23231.5;23236.5;174
20250902 115300;23235.5;23236;23218.75;23222.75;659
20250902 115400;23223.25;23230;23223.25;23229;188
20250902 115500;23228.75;23237.25;23226.75;23234.75;165
20250902 115600;23236;23237;23231;23235.5;235
20250902 115700;23235.5;23236.75;23229;23231.75;114
20250902 115800;23232;23235;23227.5;23228.5;117
20250902 115900;23228.25;23230.25;23225.75;23228.25;125
20250902 120000;23227.25;23227.25;23223;23224.75;164
20250902 120100;23224.25;23224.25;23211.5;23218.25;739
20250902 120200;23218;23220;23206.25;23208.25;585
20250902 120300;23207.75;23208.25;23188.75;23194.75;1190
20250902 120400;23194.25;23203.5;23193.25;23202.75;588
20250902 120500;23202;23202;23192;23193;288
20250902 120600;23192.75;23199.5;23192.25;23196.75;282
20250902 120700;23196.5;23198;23187.25;23190;483
20250902 120800;23189.75;23191.5;23181.75;23186.25;498
20250902 120900;23185.5;23188.75;23180.5;23181.5;330
20250902 121000;23181;23181.75;23176.5;23177.25;570
20250902 121100;23177.5;23183.25;23171.5;23174.75;601
20250902 121200;23175;23177.25;23168;23171.75;537
20250902 121300;23172.25;23177.75;23165.25;23166.75;523
20250902 121400;23166.75;23177.25;23165.75;23176.25;418
20250902 121500;23176;23181.25;23173.75;23178.25;590
20250902 121600;23178;23181.25;23174.75;23175.75;371
20250902 121700;23175;23182.25;23174.25;23179.5;316
20250902 121800;23178.5;23186.25;23178;23182.5;359
20250902 121900;23181.25;23182.75;23171.25;23174;370
20250902 122000;23174;23177.25;23170.25;23170.25;330
20250902 122100;23170.75;23175;23169;23172;437
20250902 122200;23171.5;23175;23167.25;23173;444
20250902 122300;23172.5;23172.5;23159.5;23162.75;470
20250902 122400;23163.5;23171.5;23163;23166.5;368
20250902 122500;23166.25;23169.75;23159.25;23160.25;315
20250902 122600;23159.25;23162.75;23157;23162.5;485
20250902 122700;23162.25;23172.75;23161;23170.75;530
20250902 122800;23170.5;23172.75;23168.5;23170;319
20250902 122900;23170.25;23173.25;23168.5;23169.5;262
20250902 123000;23170;23170;23164.25;23165.25;304
20250902 123100;23164.25;23172.5;23158.75;23160;475
20250902 123200;23161;23164;23152.25;23154.25;465
20250902 123300;23154.75;23158.25;23149;23157.25;497
20250902 123400;23158.25;23160.5;23156.25;23159.25;275
20250902 123500;23159;23163.25;23157.5;23159.75;312
20250902 123600;23159.5;23168.5;23154.5;23168.25;502
20250902 123700;23167.5;23168.25;23158.25;23160.5;709
20250902 123800;23160.75;23163.25;23152;23158.25;531
20250902 123900;23158;23162.5;23145.75;23146.5;627
20250902 124000;23146.5;23147.25;23141.25;23143;779
20250902 124100;23143;23144.5;23136.5;23142.25;661
20250902 124200;23142.75;23143.5;23128.5;23134.75;1381
20250902 124300;23135;23136;23125;23128.5;831
20250902 124400;23129.25;23137.25;23120.75;23135.25;679
20250902 124500;23135;23135.75;23126;23134;423
20250902 124600;23134.5;23136;23130;23134.25;231
20250902 124700;23133.25;23135.5;23128.75;23130;269
20250902 124800;23129.75;23133.75;23122;23126.25;514
20250902 124900;23126.25;23127.25;23115.75;23121.25;805
20250902 125000;23121.75;23126.5;23121.5;23122.25;376
20250902 125100;23123;23125.5;23114.5;23125.25;559
20250902 125200;23124.75;23140.5;23123.5;23140.5;613
20250902 125300;23140.75;23140.75;23132.75;23135.75;348
20250902 125400;23136.25;23142.75;23136.25;23139.75;397
20250902 125500;23139.75;23140.25;23060.25;23095.5;3155
20250902 125600;23094.75;23121.75;23077;23092.75;2829
20250902 125700;23091.75;23104.75;23085.5;23098.25;821
20250902 125800;23097.25;23106.5;23095;23105.25;629
20250902 125900;23105.5;23110.75;23095.75;23107.25;811
20250902 130000;23107;23107.5;23095;23095.5;685
20250902 130100;23096.25;23100.5;23080.25;23085;1341
20250902 130200;23085.5;23099.5;23078.5;23086.75;922
20250902 130300;23086.5;23098.5;23083.5;23094;447
20250902 130400;23094;23100;23087;23089.5;607
20250902 130500;23089.25;23103.5;23087.75;23102;434
20250902 130600;23102.5;23111.25;23093.25;23103.75;1105
20250902 130700;23103.5;23112.5;23099.5;23109.75;586
20250902 130800;23109.5;23114.75;23103.25;23107;742
20250902 130900;23107.25;23109.25;23099.5;23103;383
20250902 131000;23103.5;23104.25;23097.25;23099.25;366
20250902 131100;23100.25;23100.25;23095;23099;323
20250902 131200;23100;23117.25;23100;23113.75;580
20250902 131300;23113.75;23120;23113.25;23114.5;507
20250902 131400;23114.25;23117.5;23112.5;23116.75;200
20250902 131500;23117.25;23124.5;23116.5;23122.25;462
20250902 131600;23122;23124.75;23117;23122;436
20250902 131700;23122;23123.75;23113.25;23117;327
20250902 131800;23116.5;23119.75;23111.5;23113.5;348
20250902 131900;23113.75;23120.5;23113.25;23117.5;346
20250902 132000;23117;23118;23111;23112.5;254
20250902 132100;23113;23116.75;23109.5;23113;402
20250902 132200;23113.5;23119;23107.5;23109;400
20250902 132300;23109.25;23120.5;23109.25;23119.25;338
20250902 132400;23119;23119;23114.25;23116.5;202
20250902 132500;23116.5;23124;23112.75;23121.25;446
20250902 132600;23121.5;23129;23116;23124.5;895
20250902 132700;23124.5;23129.75;23121.5;23129;472
20250902 132800;23129;23129.25;23113.5;23115.25;910
20250902 132900;23115.5;23115.5;23090.25;23094;1546
20250902 133000;23093.75;23102.25;23089;23100.25;1432
20250902 133100;23100.25;23102.5;23048.5;23055.5;8362
20250902 133200;23056.75;23057.25;23025.25;23041.25;5474
20250902 133300;23040.5;23081.25;23033.25;23068.5;4494
20250902 133400;23068;23090;23049.25;23087.75;3491
20250902 133500;23088.5;23100.25;23078.25;23081.75;3402
20250902 133600;23081.5;23131.75;23078.75;23116.25;3991
20250902 133700;23115.75;23145;23115.75;23138.75;3556
20250902 133800;23138.25;23153.5;23127.75;23152.75;2968
20250902 133900;23152.25;23162.75;23138.25;23155.25;2915
20250902 134000;23154.75;23160;23130.25;23133.25;2599
20250902 134100;23133.75;23152.5;23127;23149.75;2632
20250902 134200;23149.75;23177.75;23144.25;23171.75;3270
20250902 134300;23173;23175.5;23143.75;23156;2222
20250902 134400;23155.5;23156.75;23142.75;23153.75;1893
20250902 134500;23154;23157.5;23141;23150.25;1585
20250902 134600;23150.25;23170;23137.25;23162.25;2034
20250902 134700;23162.25;23187;23160;23181.75;2992
20250902 134800;23181;23184;23142.25;23147.75;2715
20250902 134900;23147.5;23198;23146.5;23194.75;2745
20250902 135000;23194.75;23200;23175.5;23198.5;2278
20250902 135100;23198.75;23226.5;23190.5;23222.75;3396
20250902 135200;23222.5;23243.25;23220.25;23235.75;3383
20250902 135300;23235.75;23237.5;23216.75;23232.75;2186
20250902 135400;23233;23250.5;23224.5;23225.25;2657
20250902 135500;23225.75;23251.25;23225.75;23250.25;2057
20250902 135600;23250.5;23260.75;23238.75;23239.5;3244
20250902 135700;23240;23252;23239.25;23247;1326
20250902 135800;23246.75;23247.5;23228;23233.75;1667
20250902 135900;23233.75;23243.5;23227;23234.75;1451
20250902 140000;23234.75;23238.25;23224;23233.75;1414
20250902 140100;23230;23280;23230;23254.25;3514
20250902 140200;23254.25;23267.5;23244.5;23245.25;1901
20250902 140300;23246;23250;23222.25;23224.25;2491
20250902 140400;23224.25;23247.5;23222.25;23243.5;1840
20250902 140500;23242;23246.5;23219;23228.25;1923
20250902 140600;23228.5;23234.75;23208;23217.75;2592
20250902 140700;23217;23234.25;23207.5;23212.25;2061
20250902 140800;23212;23230;23205;23227.25;1565
20250902 140900;23225.75;23228.75;23210.25;23213;1042
20250902 141000;23213.75;23221.5;23204.5;23212.5;1260
20250902 141100;23212.5;23218.25;23196.5;23208;2054
20250902 141200;23209.25;23227.25;23207;23212;1493
20250902 141300;23212.75;23238;23209;23232.5;1766
20250902 141400;23232.25;23240.25;23201.25;23201.75;1924
20250902 141500;23201.75;23215;23198.75;23208.5;1790
20250902 141600;23208.75;23213;23190.25;23190.75;1947
20250902 141700;23190.75;23209.25;23187;23203;1650
20250902 141800;23203.5;23236.5;23203.5;23231;1988
20250902 141900;23231.25;23236.5;23218;23230.25;1180
20250902 142000;23229.25;23239.5;23220;23223.75;1108
20250902 142100;23223.75;23250;23222.75;23229.25;1871
20250902 142200;23229;23251.5;23228.5;23245.75;1390
20250902 142300;23245.75;23256;23239;23247;1169
20250902 142400;23247;23250.75;23225.25;23227.75;1484
20250902 142500;23227.75;23234.5;23201.5;23205.5;2242
20250902 142600;23206;23215.5;23198.25;23204;1646
20250902 142700;23204;23216.75;23195;23209;1424
20250902 142800;23209.75;23219.25;23204.25;23206.25;947
20250902 142900;23206;23242.75;23205;23237.25;1958
20250902 143000;23237.25;23262.5;23234.75;23262.25;2201
20250902 143100;23261.25;23261.25;23232.75;23239.25;1686
20250902 143200;23238.25;23251.25;23229.5;23234.75;1351
20250902 143300;23234.75;23245.5;23225.75;23237.5;1513
20250902 143400;23237.5;23251.75;23236.75;23250.5;904
20250902 143500;23251;23258.25;23247.25;23250.75;1191
20250902 143600;23250.25;23259;23242.25;23244.25;1237
20250902 143700;23244.25;23261.25;23241.25;23257.25;1046
20250902 143800;23257.25;23260;23238.75;23241.5;1325
20250902 143900;23242.25;23242.25;23220.5;23222.25;1151
20250902 144000;23222.25;23230.75;23217.25;23224.75;1218
20250902 144100;23225.25;23225.75;23213.5;23215;1344
20250902 144200;23215;23225.75;23204.25;23205.5;1346
20250902 144300;23205;23211.25;23182.5;23187;1969
20250902 144400;23187.5;23190.5;23178.25;23181.75;1608
20250902 144500;23181.75;23190.75;23178.5;23181.75;1125
20250902 144600;23182.5;23188;23171.5;23175.25;1561
20250902 144700;23175.5;23187.5;23167;23168;1375
20250902 144800;23168;23173.75;23152.75;23161.25;2580
20250902 144900;23160.75;23165.25;23145.25;23147.5;1953
20250902 145000;23147.5;23153.75;23142.25;23146;1763
20250902 145100;23145.5;23152;23140.25;23141;1595
20250902 145200;23141.25;23145.75;23135.5;23142.25;1589
20250902 145300;23142.25;23162.25;23141.25;23149.75;1820
20250902 145400;23149.5;23157;23142;23156;1098
20250902 145500;23155.75;23163.25;23150;23152.5;1417
20250902 145600;23151.25;23151.75;23136.5;23145.75;1903
20250902 145700;23145.75;23166;23145.75;23153.25;1559
20250902 145800;23153.5;23161.25;23149;23158;1120
20250902 145900;23158.5;23161.5;23145;23147.5;1223
20250902 150000;23147.75;23167;23146.75;23161.5;1167
20250902 150100;23162.25;23178.75;23160.75;23178.75;1397
20250902 150200;23178.75;23179.5;23163.5;23164.75;1229
20250902 150300;23164.25;23166.75;23154.5;23157.25;1163
20250902 150400;23157.5;23165.5;23154.5;23157.5;746
20250902 150500;23157.25;23160;23142;23143;1158
20250902 150600;23143.75;23146.25;23137.75;23138.75;1124
20250902 150700;23138.75;23140.5;23127;23129;1844
20250902 150800;23129.25;23139;23125;23138.75;1270
20250902 150900;23139;23144.5;23134.5;23140.25;881
20250902 151000;23140;23144.5;23136.5;23139.75;745
20250902 151100;23139.5;23143.5;23131.25;23133.5;984
20250902 151200;23133.5;23151.5;23127.75;23147.5;1306
20250902 151300;23146.75;23147;23131.5;23134;1083
20250902 151400;23133.5;23135;23126;23131.5;972
20250902 151500;23132.25;23132.5;23123;23129.5;1033
20250902 151600;23129.5;23135.5;23117;23119.25;1449
20250902 151700;23119.75;23128;23114.75;23125.25;1338
20250902 151800;23125.5;23129;23108.25;23109.75;1386
20250902 151900;23110;23111.25;23097.25;23104.75;1780
20250902 152000;23104.5;23112.25;23101.25;23106.75;850
20250902 152100;23107;23109.5;23099;23105;1151
20250902 152200;23104.25;23115.5;23101.25;23104.25;896
20250902 152300;23104.5;23106.25;23095.75;23101;1252
20250902 152400;23101;23111.25;23100.25;23108;1054
20250902 152500;23108.5;23116.75;23103.75;23111.75;986
20250902 152600;23111.25;23119;23107;23110.75;1187
20250902 152700;23111;23119;23108.5;23111.75;1061
20250902 152800;23111.75;23120.5;23107.75;23118;966
20250902 152900;23117.75;23126;23114.25;23115.5;2149
20250902 153000;23115;23116.25;23107.5;23110;1124
20250902 153100;23109.25;23109.25;23097.75;23099.5;1129
20250902 153200;23099.75;23103.75;23094.5;23101.75;1010
20250902 153300;23101.75;23103.75;23091;23096;1474
20250902 153400;23095.5;23097.75;23090;23096.75;988
20250902 153500;23096.25;23097.5;23087.25;23088.25;744
20250902 153600;23088.25;23089.5;23063;23065;2114
20250902 153700;23065;23068.5;23058.25;23061.5;2168
20250902 153800;23061.25;23077.75;23061;23069.75;1507
20250902 153900;23069.75;23075.5;23063.25;23065.5;1004
20250902 154000;23064.75;23069.5;23054.75;23056.5;1132
20250902 154100;23056;23063.5;23051;23060.5;1170
20250902 154200;23060.75;23066.5;23054.25;23060.25;927
20250902 154300;23060.25;23064.5;23056.75;23063;576
20250902 154400;23062.75;23067.75;23057.75;23061.5;741
20250902 154500;23060.75;23061.25;23051.25;23055;873
20250902 154600;23055.5;23065;23051.5;23062;906
20250902 154700;23061.5;23067;23057.75;23059.75;1087
20250902 154800;23059.75;23061.75;23052.5;23054.25;778
20250902 154900;23053.75;23057.5;23052;23053;547
20250902 155000;23053.5;23055;23047.75;23052.5;1087
20250902 155100;23052.5;23053.25;23034.25;23034.5;2126
20250902 155200;23035;23042;23032.5;23036.5;1237
20250902 155300;23036.5;23037.25;23027.75;23032;1215
20250902 155400;23032;23036.5;23027;23027.25;998
20250902 155500;23028;23038.75;23027.5;23037.25;1139
20250902 155600;23036.25;23051.75;23035;23049.75;1571
20250902 155700;23049.25;23057.75;23039.75;23041.25;1427
20250902 155800;23041.25;23042.25;23029.5;23031;1294
20250902 155900;23031.75;23043.5;23030;23043.25;923
20250902 160000;23042.5;23048.75;23040.5;23047.5;1004
20250902 160100;23047.5;23062.75;23046;23058.75;1636
20250902 160200;23058.5;23065;23052.5;23053.25;1334
20250902 160300;23053;23063.25;23050.25;23055.25;834
20250902 160400;23054.5;23056.75;23050.5;23052;629
20250902 160500;23052.25;23056.75;23041;23045;1191
20250902 160600;23044.75;23050.5;23044.5;23049.75;551
20250902 160700;23050;23061.25;23044.5;23055.5;1029
20250902 160800;23055.25;23059;23050;23058.25;702
20250902 160900;23058.25;23059.5;23043.25;23044.5;854
20250902 161000;23044.5;23049;23037.75;23039.25;982
20250902 161100;23039;23058;23038.5;23057.5;1213
20250902 161200;23056.75;23059;23050.25;23050.75;894
20250902 161300;23050.25;23060;23049.75;23059.75;539
20250902 161400;23059.25;23068.75;23058.25;23065.5;975
20250902 161500;23065.25;23065.75;23060;23061.25;616
20250902 161600;23061;23076.75;23061;23074.5;1206
20250902 161700;23074.5;23076.25;23064;23075;1013
20250902 161800;23074.75;23077.75;23071.25;23073;741
20250902 161900;23073.25;23078.5;23068.5;23069.5;676
20250902 162000;23069.5;23081.75;23068.75;23081;866
20250902 162100;23081.25;23081.75;23071.25;23079.75;912
20250902 162200;23079.5;23085;23078;23082.25;950
20250902 162300;23082.25;23082.25;23073.5;23074.5;595
20250902 162400;23074.5;23079.25;23073.75;23074.75;410
20250902 162500;23075.5;23078.75;23070.75;23073.25;693
20250902 162600;23073;23074;23061.75;23062.75;1116
20250902 162700;23062.25;23077.75;23061.25;23075.25;941
20250902 162800;23074.5;23077;23069.5;23074.25;538
20250902 162900;23074.5;23078.25;23066.5;23067;503
20250902 163000;23066.75;23069.25;23065;23067.5;569
20250902 163100;23067;23077;23066.75;23076.75;676
20250902 163200;23076.5;23077.75;23068.25;23075;692
20250902 163300;23075.75;23075.75;23067.25;23068.25;485
20250902 163400;23068.75;23076;23067.25;23070;464
20250902 163500;23070;23074;23067;23069.25;536
20250902 163600;23069.75;23078.75;23067.25;23077.25;621
20250902 163700;23077;23083;23075;23080.75;728
20250902 163800;23080.75;23090;23080.25;23080.5;1109
20250902 163900;23080.5;23081.5;23068;23070.25;801
20250902 164000;23070.5;23074.75;23068.5;23072.75;429
20250902 164100;23073.25;23089.5;23072.75;23087.5;807
20250902 164200;23087.5;23091.25;23083;23089.75;548
20250902 164300;23089.5;23095.75;23089;23094;780
20250902 164400;23094;23104.25;23089;23090;1219
20250902 164500;23089;23091.75;23086.25;23090.25;562
20250902 164600;23090.25;23094.75;23087.5;23089;607
20250902 164700;23089;23097.25;23088.75;23096.25;497
20250902 164800;23096.25;23101.75;23089.25;23089.5;812
20250902 164900;23089.5;23090.5;23072;23072.25;1191
20250902 165000;23072.75;23085.5;23072;23084.75;963
20250902 165100;23084.5;23097.75;23081.5;23097.75;975
20250902 165200;23097.25;23110.25;23094.75;23106.5;1245
20250902 165300;23105.75;23109.75;23105.25;23106.75;541
20250902 165400;23106.5;23109.75;23100.75;23107.75;749
20250902 165500;23107.75;23108;23102;23106.25;497
20250902 165600;23106.5;23124.5;23106;23124;1223
20250902 165700;23123.75;23131;23121.75;23126.5;1200
20250902 165800;23126.25;23128.5;23120;23123.5;1170
20250902 165900;23123.25;23125.25;23118.25;23124.75;661
20250902 170000;23125;23126.75;23119.75;23126.25;415
20250902 170100;23126.5;23131.5;23124;23129.25;958
20250902 170200;23129.25;23135.75;23127.75;23135;1086
20250902 170300;23135;23140.25;23133.75;23136;1065
20250902 170400;23135.75;23138;23130.75;23131.75;747
20250902 170500;23131.75;23137.75;23131.75;23134.75;519
20250902 170600;23135.25;23138.5;23128.75;23137;606
20250902 170700;23137;23140.5;23131.75;23135.25;707
20250902 170800;23135.75;23143.5;23135.5;23141.25;596
20250902 170900;23141.75;23143.5;23134.5;23136.25;633
20250902 171000;23136.25;23137.5;23127.5;23130;873
20250902 171100;23130.75;23132.5;23125.75;23126.75;779
20250902 171200;23126;23128;23112.25;23114.25;1375
20250902 171300;23114.75;23116.5;23104.5;23109.75;1160
20250902 171400;23110;23115.25;23108.75;23109.25;673
20250902 171500;23109.5;23119;23109.5;23116.25;508
20250902 171600;23116;23121.5;23112.5;23120.5;642
20250902 171700;23120.75;23124.5;23118;23118.25;545
20250902 171800;23118;23120.25;23114;23115.5;468
20250902 171900;23114.75;23126.25;23114;23126;614
20250902 172000;23126;23128.75;23122.25;23126.25;604
20250902 172100;23126.25;23131.75;23125.25;23128.25;598
20250902 172200;23128.25;23136.25;23126.25;23135;512
20250902 172300;23134.75;23136.5;23129;23134.25;617
20250902 172400;23134.25;23141;23129.25;23140.25;669
20250902 172500;23140;23149;23138.5;23145.25;825
20250902 172600;23145;23156;23144.25;23154.75;1087
20250902 172700;23154.25;23163.5;23153.5;23162.75;1090
20250902 172800;23162.5;23163.25;23150.5;23151.25;958
20250902 172900;23151.5;23168.5;23150.75;23166;857
20250902 173000;23165.5;23167.75;23158;23161.25;655
20250902 173100;23161;23172;23160.5;23171;1004
20250902 173200;23170.75;23173;23164.25;23164.25;711
20250902 173300;23164.25;23184.75;23164;23182;1706
20250902 173400;23182;23184.75;23176;23183.75;1084
20250902 173500;23183.25;23194.5;23178.5;23191.5;1537
20250902 173600;23191.5;23193.25;23187;23190.75;1048
20250902 173700;23190.5;23196;23189;23192.25;847
20250902 173800;23192.75;23200.5;23191;23192.75;1196
20250902 173900;23193.25;23200.75;23193.25;23199.5;905
20250902 174000;23199.5;23212;23198.75;23209.75;2108
20250902 174100;23209.5;23212;23203;23209.75;1187
20250902 174200;23210.25;23220.75;23210;23217.5;1525
20250902 174300;23217.75;23219.75;23211;23214.5;1035
20250902 174400;23215;23219.25;23208.75;23215;944
20250902 174500;23215.5;23223.5;23214;23218.75;809
20250902 174600;23219;23219.5;23209.25;23212.75;1081
20250902 174700;23213;23221;23212.75;23213;1025
20250902 174800;23214;23220;23209.75;23220;839
20250902 174900;23219.25;23223.5;23214.25;23217.25;1050
20250902 175000;23217.5;23219.75;23210.5;23219;782
20250902 175100;23219.25;23222;23214.75;23218.5;633
20250902 175200;23218.25;23225.5;23213;23213.25;1033
20250902 175300;23213.75;23213.75;23204.5;23212.25;1160
20250902 175400;23212;23214.75;23205.5;23206.25;646
20250902 175500;23207;23208.75;23195;23196;1257
20250902 175600;23195.5;23204.5;23193.5;23204;1213
20250902 175700;23204.25;23204.25;23195;23197.75;736
20250902 175800;23198;23200;23194.5;23195.75;816
20250902 175900;23195;23196;23187.5;23191;876
20250902 180000;23190.5;23198.25;23188;23189.25;641
20250902 180100;23189;23207.25;23186.5;23207;1170
20250902 180200;23206.75;23207.5;23198.75;23200.75;677
20250902 180300;23200.25;23205;23196.25;23203.5;580
20250902 180400;23203.5;23207;23198.75;23203;465
20250902 180500;23203;23203.25;23196.25;23198;448
20250902 180600;23198;23200;23187.75;23189;606
20250902 180700;23188;23190.5;23182.75;23189.25;989
20250902 180800;23189.25;23195;23187.25;23189.5;532
20250902 180900;23189.25;23189.5;23176.75;23185;951
20250902 181000;23185.25;23185.25;23177.25;23179.25;547
20250902 181100;23179.5;23186;23176;23184;844
20250902 181200;23184.5;23190.25;23178.5;23183.25;669
20250902 181300;23183;23188.25;23177.75;23178.75;706
20250902 181400;23178.25;23186.75;23177.5;23184.75;379
20250902 181500;23184.75;23185.75;23179;23180.25;429
20250902 181600;23180.5;23184.5;23175;23183.25;810
20250902 181700;23183;23185;23177;23177.5;553
20250902 181800;23178;23180.5;23174;23178.75;546
20250902 181900;23179;23179.25;23168.75;23172.75;679
20250902 182000;23172.75;23173.75;23166.5;23167.5;569
20250902 182100;23167.5;23176.75;23163.5;23176.25;1061
20250902 182200;23176.25;23183;23173;23178;750
20250902 182300;23178.5;23184;23177.5;23182.25;404
20250902 182400;23182;23188;23174.75;23176.5;628
20250902 182500;23176.5;23183.25;23176;23178.25;385
20250902 182600;23178;23182.5;23177;23178.75;411
20250902 182700;23178.75;23179;23170.25;23170.75;507
20250902 182800;23171.25;23174.25;23167.75;23171;498
20250902 182900;23170;23171.75;23162.5;23166.5;596
20250902 183000;23167;23167.75;23162.75;23164;453
20250902 183100;23164.25;23177.25;23162.75;23177;837
20250902 183200;23177;23184;23176.5;23179;898
20250902 183300;23178.5;23179;23169.25;23170;676
20250902 183400;23169.5;23178;23167;23177.5;564
20250902 183500;23177;23178.25;23172;23172;335
20250902 183600;23171.75;23172.5;23162.5;23167;812
20250902 183700;23166.5;23169;23163;23165.25;511
20250902 183800;23164.75;23169.25;23161;23166.25;479
20250902 183900;23166;23173.75;23165;23172.75;430
20250902 184000;23172.25;23173;23168.25;23170.5;365
20250902 184100;23171;23172;23164.25;23169.5;516
20250902 184200;23169.5;23170.75;23157.5;23162.5;819
20250902 184300;23162;23164.25;23159;23161.25;375
20250902 184400;23161.75;23163.5;23158;23161;515
20250902 184500;23160.5;23168.75;23159.5;23168.25;389
20250902 184600;23168;23168.75;23163.75;23165;421
20250902 184700;23165.25;23177;23163;23174.75;769
20250902 184800;23175.25;23175.25;23168.75;23169.75;415
20250902 184900;23170.25;23200.25;23170.25;23197.75;1848
20250902 185000;23197.5;23198.75;23183;23187.75;1363
20250902 185100;23187.25;23213;23186.25;23212.5;1753
20250902 185200;23212.5;23232.75;23208.75;23229.75;2991
20250902 185300;23229.75;23229.75;23207.5;23208.25;1418
20250902 185400;23208.5;23215.75;23206.25;23213.5;797
20250902 185500;23213.5;23214.5;23208.75;23213;652
20250902 185600;23213;23214.75;23190.5;23191;1236
20250902 185700;23191;23204.5;23190.25;23203.25;798
20250902 185800;23203.25;23204;23196.25;23197;583
20250902 185900;23197.75;23199.75;23186.5;23186.75;829
20250902 190000;23187.5;23192;23184.75;23189;674
20250902 190100;23189;23213.25;23188.5;23210;1584
20250902 190200;23209.75;23213.5;23205;23206.75;553
20250902 190300;23206.25;23213.5;23204.25;23209.75;709
20250902 190400;23208.5;23208.5;23188.75;23195.5;1500
20250902 190500;23195.25;23211.5;23195.25;23209.75;853
20250902 190600;23209.5;23210;23200.75;23201.75;478
20250902 190700;23201;23213.25;23200.75;23207.75;651
20250902 190800;23208.25;23210.25;23204;23204.5;345
20250902 190900;23204;23216.5;23204;23213;585
20250902 191000;23213;23213.75;23209;23210;433
20250902 191100;23210.25;23212.5;23205.5;23210.25;459
20250902 191200;23210;23213.75;23202.5;23205.25;662
20250902 191300;23205.25;23223.25;23205.25;23221.5;1157
20250902 191400;23221.75;23222.5;23215.25;23217.25;584
20250902 191500;23217.5;23224.25;23217.5;23222;498
20250902 191600;23221.5;23222.25;23215;23220;658
20250902 191700;23220.5;23225;23218.5;23221.25;492
20250902 191800;23221.75;23227.75;23221.75;23226;555
20250902 191900;23226.25;23236.75;23225.5;23231.25;1093
20250902 192000;23230.25;23235;23228.5;23230.75;581
20250902 192100;23230.5;23240;23228.75;23234.5;906
20250902 192200;23234;23236.5;23225.5;23231;746
20250902 192300;23230.25;23233;23227;23232.5;512
20250902 192400;23232.25;23234;23227.5;23228.5;513
20250902 192500;23228.25;23230;23222.25;23225.25;961
20250902 192600;23225.5;23234.5;23219.75;23233.75;1177
20250902 192700;23233.5;23234.5;23227;23233.75;667
20250902 192800;23233.5;23233.5;23228;23228.75;401
20250902 192900;23228.25;23237.75;23228.25;23236.75;758
20250902 193000;23236.25;23236.75;23232;23233.75;417
20250902 193100;23233.75;23238.75;23229.75;23238.25;1021
20250902 193200;23238.5;23243;23237.25;23238.25;1189
20250902 193300;23238.75;23241.5;23235.25;23240.75;668
20250902 193400;23240;23246.25;23239;23243.5;823
20250902 193500;23243.5;23244;23234;23234.5;738
20250902 193600;23234.5;23243.75;23230.75;23241.25;806
20250902 193700;23241;23251.75;23240.5;23250.5;903
20250902 193800;23250;23250.25;23242.75;23244.25;724
20250902 193900;23243.75;23249.75;23239.75;23249.5;748
20250902 194000;23248.75;23250.5;23243.75;23249.75;649
20250902 194100;23249.75;23255.25;23248.75;23253;988
20250902 194200;23252.75;23254.5;23248;23254.25;656
20250902 194300;23254;23261;23253;23259.75;1214
20250902 194400;23259.75;23261;23248.25;23249;1018
20250902 194500;23248.75;23250.25;23243.25;23248;766
20250902 194600;23247.5;23250;23243.75;23249.25;570
20250902 194700;23249.25;23249.75;23235.25;23236;984
20250902 194800;23236.5;23242.5;23235.5;23239.5;903
20250902 194900;23239.5;23246.5;23237.25;23244;604
20250902 195000;23243.75;23254;23243.5;23252.25;781
20250902 195100;23252.5;23271.25;23242.5;23268;2914
20250902 195200;23267.75;23272.75;23265.25;23267;1245
20250902 195300;23267;23270;23262;23269.5;951
20250902 195400;23269;23270.75;23264.25;23267.5;757
20250902 195500;23267;23285.75;23266.25;23279.75;2439
20250902 195600;23279.5;23287.25;23273;23286.5;2291
20250902 195700;23286.25;23287.75;23281;23285.25;1252
20250902 195800;23285.5;23290.25;23275.75;23284.5;1719
20250902 195900;23284.5;23286.5;23278;23281.75;1633
20250902 200000;23282.25;23283.25;23261.5;23276.5;10146
20250902 200100;23276.25;23287.75;23271.5;23275.25;3508
20250902 200200;23275.5;23279.5;23273.5;23274.5;912
20250902 200300;23274.25;23276.25;23269.75;23272;778
20250902 200400;23272.25;23276;23270.75;23272;345
20250902 200500;23271.75;23274;23270.25;23271.5;416
20250902 200600;23271.25;23283.5;23271.25;23282.75;943
20250902 200700;23282.5;23283.25;23277.25;23281.75;549
20250902 200800;23281.75;23319.25;23279.5;23306.5;4031
20250902 200900;23307;23333;23304;23332;2379
20250902 201000;23332;23367.25;23330.5;23364;3347
20250902 201100;23363.25;23374.5;23353.25;23355.25;1902
20250902 201200;23354.25;23361.5;23337.25;23338.5;1107
20250902 201300;23338.75;23356;23338.75;23354.75;850
20250902 201400;23354.75;23356.5;23340.75;23341.25;671
20250902 201500;23342;23352.5;23337.75;23352.5;762
20250902 201600;23352;23354.5;23341;23347.75;695
20250902 201700;23347.75;23355.5;23345;23355.5;476
20250902 201800;23355.75;23371.5;23354;23366.5;1560
20250902 201900;23366.5;23374;23363.5;23367.5;1199
20250902 202000;23367.75;23370.75;23355.75;23369.25;971
20250902 202100;23369;23372;23360;23369.25;780
20250902 202200;23369.25;23383.25;23364;23379.75;670
20250902 202300;23380;23380.75;23362;23367.75;593
20250902 202400;23367;23378;23363.25;23372.5;458
20250902 202500;23372;23379.25;23369.5;23375.25;575
20250902 202600;23375;23386;23374.25;23385;812
20250902 202700;23384.25;23384.25;23371.25;23377.5;436
20250902 202800;23377;23380.25;23373.5;23379;396
20250902 202900;23378.5;23379;23365.25;23367;522
20250902 203000;23366.75;23378.5;23366.75;23373.5;475
20250902 203100;23373.5;23373.5;23366.25;23367;290
20250902 203200;23367.25;23368.5;23362;23362.25;300
20250902 203300;23363.25;23366.5;23360.5;23363.75;221
20250902 203400;23363.25;23369.5;23361.25;23368;146
20250902 203500;23367.5;23369;23364;23364.25;123
20250902 203600;23364;23367.25;23362;23366.25;192
20250902 203700;23365.5;23372;23365.5;23370.75;251
20250902 203800;23371.5;23373;23368;23368;192
20250902 203900;23368.5;23369;23363;23366.5;180
20250902 204000;23366.5;23366.75;23364.25;23366;185
20250902 204100;23366;23368.25;23364.75;23367;186
20250902 204200;23366.5;23368;23358;23361.25;279
20250902 204300;23361.5;23363.75;23359;23362.75;222
20250902 204400;23363;23366;23362;23364.75;127
20250902 204500;23365;23368;23364.5;23366.75;195
20250902 204600;23366.5;23372;23366;23370.75;311
20250902 204700;23370.75;23372.5;23365.5;23366.25;240
20250902 204800;23366.5;23369;23366.5;23369;108
20250902 204900;23369.25;23372;23368.5;23370.75;238
20250902 205000;23371.5;23373.5;23370.25;23372.25;240
20250902 205100;23372;23373;23370.75;23372.25;157
20250902 205200;23372;23377;23370.75;23375.25;277
20250902 205300;23375.5;23377;23369.75;23371.75;192
20250902 205400;23371.5;23376;23370.5;23375;162
20250902 205500;23374.75;23381.75;23374;23381.75;237
20250902 205600;23381.75;23382.75;23378.75;23380;227
20250902 205700;23379.5;23381.75;23375.75;23381.25;208
20250902 205800;23381;23381.5;23377.75;23380;150
20250902 205900;23380;23380;23376;23378.25;160
20250902 210000;23377.5;23380;23377;23379.5;193
20250902 220100;23382;23387.75;23370.75;23374.75;387
20250902 220200;23376.25;23386.5;23374.5;23375.25;238
20250902 220300;23374.25;23376;23371.5;23372;131
20250902 220400;23372;23373.25;23367.5;23368.5;166
20250902 220500;23368.75;23369.5;23366;23367;140
20250902 220600;23366.5;23368.75;23366.25;23366.5;140
20250902 220700;23366.75;23368.5;23360;23360.5;194
20250902 220800;23360.75;23363.75;23358.5;23362;147
20250902 220900;23361.5;23362;23358.5;23359;99
20250902 221000;23360;23360.75;23355.75;23358.25;136
20250902 221100;23358.25;23359.5;23353.5;23358.25;118
20250902 221200;23358.5;23361.25;23358;23360;63
20250902 221300;23360.75;23362.5;23358.5;23359.75;56
20250902 221400;23360.25;23362.25;23358.5;23360.5;63
20250902 221500;23361.25;23365;23360.5;23362.25;70
20250902 221600;23362.5;23366;23362.5;23365.75;110
20250902 221700;23366;23373.75;23366;23373;270
20250902 221800;23373.5;23375.75;23370;23371.25;136
20250902 221900;23372;23373;23363;23364.25;146
20250902 222000;23364.25;23369.25;23362;23362.5;173
20250902 222100;23362.75;23368;23359;23359.75;166
20250902 222200;23360.5;23360.75;23357.5;23360.25;59
20250902 222300;23360.75;23365.25;23360;23361.25;60
20250902 222400;23361.75;23363;23359.75;23361.25;37
20250902 222500;23362;23363;23358.5;23359.5;36
20250902 222600;23359.75;23362.25;23357;23358.75;63
20250902 222700;23359.25;23359.25;23355.5;23356.25;62
20250902 222800;23356;23358;23354.5;23355.25;57
20250902 222900;23355.75;23358.25;23352.25;23357.25;115
20250902 223000;23357.25;23358.25;23355.25;23358;74
20250902 223100;23358.25;23360.5;23356.75;23359.5;93
20250902 223200;23360;23364.25;23358.75;23362.25;76
20250902 223300;23362.5;23364.5;23357.25;23357.25;75
20250902 223400;23357.75;23358.5;23348.5;23349.25;173
20250902 223500;23350;23354.5;23350;23351.75;97
20250902 223600;23352.75;23355.75;23349.25;23353.25;106
20250902 223700;23353.25;23362.75;23353.25;23360.75;162
20250902 223800;23361;23367.25;23359.5;23365.5;119
20250902 223900;23366;23366;23362.25;23364;42
20250902 224000;23364;23367;23362.75;23366;64
20250902 224100;23366.25;23366.25;23358;23359;86
20250902 224200;23359.25;23359.5;23356.75;23357;48
20250902 224300;23357.25;23357.5;23353.5;23355;33
20250902 224400;23355.25;23356;23351;23351.25;106
20250902 224500;23352.25;23355.25;23351;23352.75;63
20250902 224600;23352.75;23356.75;23352.5;23355.5;42
20250902 224700;23356.5;23358.5;23355;23355;32
20250902 224800;23354;23355.25;23353.25;23354.5;31
20250902 224900;23354.75;23355.25;23353.25;23354;26
20250902 225000;23355.25;23356.5;23354;23355.25;66
20250902 225100;23355.25;23359.5;23354.5;23357.5;58
20250902 225200;23357.75;23357.75;23350.25;23352.5;108
20250902 225300;23353;23354.75;23347.25;23348.25;180
20250902 225400;23348.25;23350.25;23346.75;23348.25;94
20250902 225500;23348.25;23349.75;23344;23345;164
20250902 225600;23345.25;23345.5;23343;23343;64
20250902 225700;23343.25;23344.75;23341;23341.5;89
20250902 225800;23342.25;23342.75;23337.75;23338.5;262
20250902 225900;23339;23339.75;23335.25;23338.75;195
20250902 230000;23339;23341.5;23338.25;23341.5;110
20250902 230100;23341.5;23344;23340.25;23343.25;111
20250902 230200;23343.75;23344.5;23342;23343.5;77
20250902 230300;23343.75;23345.5;23342.75;23344.75;57
20250902 230400;23344;23344.75;23343.25;23343.5;17
20250902 230500;23344;23345.25;23342.5;23342.5;38
20250902 230600;23342.75;23345.5;23342;23342.75;70
20250902 230700;23343;23344.5;23342.25;23343.75;63
20250902 230800;23343.75;23345.25;23342;23342.25;70
20250902 230900;23342.75;23342.75;23336;23339.5;122
20250902 231000;23339.75;23341;23338.75;23340.75;55
20250902 231100;23341.25;23343.5;23340.75;23342.75;114
20250902 231200;23343.25;23343.75;23340.5;23340.5;42
20250902 231300;23340.75;23345;23340.75;23344.25;42
20250902 231400;23344;23344.5;23342.5;23343.75;29
20250902 231500;23343.25;23343.25;23339.5;23340.25;47
20250902 231600;23340.25;23344.5;23340.25;23343;49
20250902 231700;23343.25;23344.75;23342.25;23342.25;24
20250902 231800;23343;23344.25;23341.5;23341.5;30
20250902 231900;23342;23342;23340.25;23340.25;16
20250902 232000;23340.5;23341.75;23330.75;23331;203
20250902 232100;23332.25;23333.75;23332;23332;59
20250902 232200;23332.25;23332.25;23326.75;23329;175
20250902 232300;23329;23330;23327.25;23328.5;54
20250902 232400;23329;23332.75;23328.75;23332.75;57
20250902 232500;23333;23333;23331.25;23331.25;24
20250902 232600;23331.5;23334;23331;23333.5;55
20250902 232700;23333.75;23334.5;23332.5;23334.5;34
20250902 232800;23333.75;23335.5;23333.75;23333.75;25
20250902 232900;23334.25;23336.75;23333.5;23335;32
20250902 233000;23335.75;23338.25;23335.5;23337;76
20250902 233100;23337.5;23343.75;23337.5;23339.25;182
20250902 233200;23338;23338.5;23335;23335;58
20250902 233300;23335;23337.75;23335;23335.25;45
20250902 233400;23336.25;23340.5;23336.25;23336.25;68
20250902 233500;23336.25;23338;23334.75;23337.75;42
20250902 233600;23337.75;23339;23337.5;23338.75;37
20250902 233700;23338;23338;23335.5;23335.5;24
20250902 233800;23335.5;23336.25;23333.75;23336.25;42
20250902 233900;23337;23338.75;23336.5;23337.75;46
20250902 234000;23338.5;23338.5;23334.75;23336;52
20250902 234100;23336.5;23337.25;23331.5;23335;94
20250902 234200;23335.5;23336;23335;23335;19
20250902 234300;23335.5;23337.75;23331.75;23334;131
20250902 234400;23334.25;23334.5;23333.25;23334.25;18
20250902 234500;23334.75;23334.75;23332.5;23332.5;18
20250902 234600;23332.25;23333.75;23330.25;23330.75;58
20250902 234700;23330;23335.25;23329.5;23335;108
20250902 234800;23335.25;23335.25;23333;23333;8
20250902 234900;23332.75;23332.75;23330;23330.75;26
20250902 235000;23330.75;23330.75;23327.25;23329.75;58
20250902 235100;23329.5;23331.75;23329.5;23330.5;40
20250902 235200;23330;23330.75;23327.25;23328;19
20250902 235300;23329.25;23331;23328.75;23330.5;28
20250902 235400;23329.75;23335.25;23329;23335;75
20250902 235500;23334.75;23336;23332.5;23334.25;64
20250902 235600;23333.75;23333.75;23330.5;23332.5;58
20250902 235700;23332.25;23334;23330.25;23333.5;46
20250902 235800;23333.75;23334;23331;23333.5;27
20250902 235900;23333;23335.75;23332.5;23334;80
20250903 000000;23334;23335;23332.5;23334;39
20250903 000100;23333.75;23334.75;23325.25;23327.5;213
20250903 000200;23328.25;23333.25;23326.25;23332.5;157
20250903 000300;23332.75;23336;23332;23333;77
20250903 000400;23333.25;23335;23328.5;23334;85
20250903 000500;23333;23335.5;23331.75;23333.5;79
20250903 000600;23333.5;23335.5;23329.5;23329.5;48
20250903 000700;23330;23333.75;23329.25;23330.25;63
20250903 000800;23329.75;23331.75;23328;23330.5;50
20250903 000900;23330.75;23332;23330;23330.25;20
20250903 001000;23329.75;23329.75;23323;23324.75;141
20250903 001100;23325.5;23329;23325.5;23327;69
20250903 001200;23326.25;23328.5;23326.25;23327.25;38
20250903 001300;23327.5;23332.5;23326.5;23326.5;121
20250903 001400;23326.25;23331.25;23325.75;23331.25;44
20250903 001500;23332.25;23334.25;23330.75;23334;76
20250903 001600;23333.75;23334.75;23331.25;23331.25;96
20250903 001700;23332.25;23336;23332.25;23334.25;53
20250903 001800;23335.25;23337.5;23332.25;23333.5;111
20250903 001900;23334.25;23337;23332.5;23332.5;115
20250903 002000;23333.25;23338.25;23333.25;23337.25;132
20250903 002100;23337;23338.5;23334.25;23335;111
20250903 002200;23335.25;23335.25;23329.5;23332;126
20250903 002300;23332.5;23334.75;23330.75;23331;26
20250903 002400;23330.75;23333.75;23330.75;23332.25;45
20250903 002500;23331.75;23332.5;23327;23328.75;145
20250903 002600;23329.25;23336.25;23328;23332.75;162
20250903 002700;23333.75;23335.25;23331.5;23333.25;145
20250903 002800;23333.25;23335.25;23332.75;23333.5;39
20250903 002900;23334.75;23336.25;23332.75;23336.25;132
20250903 003000;23336.25;23336.25;23334.75;23336.25;37
20250903 003100;23335.5;23340;23335.25;23337.25;179
20250903 003200;23338.25;23339.5;23336.5;23337.25;97
20250903 003300;23336.75;23337.5;23335;23337.5;76
20250903 003400;23337.75;23338.25;23334;23335;56
20250903 003500;23335.5;23336.75;23325.5;23330.75;148
20250903 003600;23330.5;23333.5;23330;23332;97
20250903 003700;23332.25;23334.25;23329.25;23331.75;98
20250903 003800;23332.75;23334.75;23331.25;23334.5;80
20250903 003900;23334;23334.5;23331.25;23332.75;60
20250903 004000;23334;23335.5;23332.75;23334.75;92
20250903 004100;23334.75;23340.25;23334.75;23338.25;179
20250903 004200;23339;23340.75;23337.25;23337.25;80
20250903 004300;23337;23337;23333.5;23336.5;95
20250903 004400;23336;23339.75;23336;23337.25;67
20250903 004500;23337.25;23337.5;23332;23334;164
20250903 004600;23333.75;23333.75;23326.25;23330.75;320
20250903 004700;23330.75;23331;23326;23326.25;181
20250903 004800;23326.5;23328.5;23323.25;23326.25;261
20250903 004900;23326.5;23326.5;23323.75;23325;72
20250903 005000;23325;23326;23323;23325.25;72
20250903 005100;23326;23326.75;23325.25;23325.75;77
20250903 005200;23326.5;23327.75;23322;23327.75;118
20250903 005300;23327;23328.5;23320.25;23325.75;173
20250903 005400;23325;23325;23320.75;23321.75;205
20250903 005500;23322;23322;23316.75;23320.25;260
20250903 005600;23320.75;23322;23320.25;23321;69
20250903 005700;23321.25;23322.5;23318.25;23321.5;107
20250903 005800;23321.25;23326.25;23321.25;23325.75;87
20250903 005900;23326;23330.5;23326;23329;120
20250903 010000;23329;23332.75;23328.5;23331.5;130
20250903 010100;23331;23332.25;23329;23330.5;63
20250903 010200;23330;23331;23327;23329.75;216
20250903 010300;23329.75;23333;23329;23332.25;164
20250903 010400;23332.25;23332.5;23330.25;23331.75;34
20250903 010500;23331.5;23334.5;23331.5;23333.25;115
20250903 010600;23333.25;23333.75;23327.75;23327.75;43
20250903 010700;23328;23330.5;23325;23325;54
20250903 010800;23325.5;23328;23324.5;23328;71
20250903 010900;23326.75;23329;23325.75;23328.5;38
20250903 011000;23328.75;23332.25;23328.5;23331.5;40
20250903 011100;23332.5;23333.25;23331;23332.25;25
20250903 011200;23331.25;23332.75;23330.5;23331.5;35
20250903 011300;23331;23331.5;23328.5;23328.5;27
20250903 011400;23329.75;23331.25;23327;23327;106
20250903 011500;23326.75;23328;23324.5;23324.5;44
20250903 011600;23324.75;23327.75;23320.25;23321.75;124
20250903 011700;23321.75;23323;23320.5;23321.25;45
20250903 011800;23322;23322.25;23319;23322;97
20250903 011900;23323.5;23325.25;23323.5;23324.5;29
20250903 012000;23324;23324;23319.5;23321.75;52
20250903 012100;23320.5;23321.25;23317.5;23321;82
20250903 012200;23321;23321.25;23317.5;23319.5;72
20250903 012300;23320.25;23322.25;23318.75;23319.25;72
20250903 012400;23319;23319.75;23318;23318.5;32
20250903 012500;23318.5;23319;23316.75;23317.25;59
20250903 012600;23317.75;23319.75;23317;23318.5;56
20250903 012700;23319.5;23321;23315.25;23315.5;66
20250903 012800;23316.25;23321;23316.25;23320.25;23
20250903 012900;23320.25;23320.5;23318;23318;22
20250903 013000;23319;23319;23318;23318.5;9
20250903 013100;23319;23322.25;23318.25;23318.75;60
20250903 013200;23318.75;23318.75;23313.75;23314.75;75
20250903 013300;23315;23317.25;23311.25;23317.25;101
20250903 013400;23316.5;23318.5;23315.25;23317.5;74
20250903 013500;23317.25;23321.25;23317.25;23320;72
20250903 013600;23320.5;23321.5;23317.5;23321.25;55
20250903 013700;23320;23321;23316.75;23317.25;46
20250903 013800;23317;23318.25;23315;23317.25;44
20250903 013900;23317.5;23320;23317.5;23319.5;24
20250903 014000;23319.75;23320;23318.5;23318.5;10
20250903 014100;23317.5;23321;23317.5;23320.75;31
20250903 014200;23321.5;23324.5;23320.25;23320.75;66
20250903 014300;23321.25;23324.75;23321.25;23324.75;47
20250903 014400;23325;23327.5;23323.75;23327;70
20250903 014500;23327.75;23327.75;23326;23326.5;32
20250903 014600;23326.75;23330.75;23326.75;23330;102
20250903 014700;23329.75;23333;23329.5;23332.75;88
20250903 014800;23332.75;23333.25;23328;23328.5;58
20250903 014900;23329.5;23331;23326;23331;89
20250903 015000;23331.25;23331.75;23330.25;23331;16
20250903 015100;23330;23331.5;23328.5;23329.75;50
20250903 015200;23329.75;23332.75;23328.75;23332.75;50
20250903 015300;23333;23338.5;23332.75;23338.25;282
20250903 015400;23338.5;23340.25;23337.25;23338.25;141
20250903 015500;23337.5;23338.75;23334.25;23335.25;75
20250903 015600;23334.75;23334.75;23330.75;23333.5;60
20250903 015700;23332.5;23334.25;23332.5;23333.75;25
20250903 015800;23334.25;23334.75;23332.25;23332.75;43
20250903 015900;23332.5;23335;23332.5;23334.75;30
20250903 020000;23334.5;23337;23334.25;23337;20
20250903 020100;23336;23339;23335.75;23337;88
20250903 020200;23335.25;23336;23333.75;23333.75;37
20250903 020300;23334.5;23335;23333.25;23333.75;25
20250903 020400;23333.5;23336;23332.75;23332.75;25
20250903 020500;23332.75;23334.75;23330.25;23332;139
20250903 020600;23333;23333;23329.75;23330;77
20250903 020700;23329.25;23330.25;23327.5;23328.75;77
20250903 020800;23328.5;23329.5;23326.5;23328.25;51
20250903 020900;23328.25;23330;23327;23328.75;46
20250903 021000;23328.75;23329.25;23327.5;23329;17
20250903 021100;23328.75;23333.75;23328.75;23331.5;70
20250903 021200;23331.5;23332.5;23330;23330.5;34
20250903 021300;23330.75;23331.5;23330;23330;14
20250903 021400;23329.25;23331.5;23328.25;23331.5;34
20250903 021500;23330.5;23331.5;23329;23329.5;39
20250903 021600;23329.25;23329.25;23326.75;23329.25;36
20250903 021700;23329.5;23331.75;23329;23331.25;30
20250903 021800;23331.5;23334.25;23331;23333;36
20250903 021900;23333.5;23333.5;23331.75;23332.25;17
20250903 022000;23331.75;23334.5;23331.75;23333;22
20250903 022100;23332.5;23332.5;23331;23331.25;27
20250903 022200;23330.5;23332;23330.25;23331.5;15
20250903 022300;23331;23331.5;23329.5;23330.75;35
20250903 022400;23331;23333.75;23331;23331.5;35
20250903 022500;23331.25;23332;23331.25;23331.25;4
20250903 022600;23331.5;23332;23330;23331.5;15
20250903 022700;23332;23332;23328.75;23328.75;18
20250903 022800;23329;23329.25;23327.5;23328.25;19
20250903 022900;23328.75;23330.25;23328.75;23330.25;22
20250903 023000;23330.5;23330.75;23325.25;23330;171
20250903 023100;23329.5;23329.5;23324;23324;57
20250903 023200;23323.75;23325.5;23321;23322.75;101
20250903 023300;23321.5;23323.75;23320.75;23322;27
20250903 023400;23321.5;23322;23316.75;23317.75;76
20250903 023500;23317.5;23318.25;23314.5;23317.5;76
20250903 023600;23317;23319;23316.5;23318;50
20250903 023700;23317.25;23318.25;23315.75;23318.25;31
20250903 023800;23318.5;23318.5;23315.75;23316;32
20250903 023900;23316.75;23317;23314.75;23314.75;35
20250903 024000;23314.25;23316;23312.5;23315.75;71
20250903 024100;23315.5;23315.5;23313.5;23313.5;43
20250903 024200;23313.75;23318.5;23313.5;23317.75;47
20250903 024300;23318.5;23320.75;23318;23320.5;33
20250903 024400;23321.5;23322.5;23319.25;23321.75;50
20250903 024500;23321.75;23325;23321.5;23323;58
20250903 024600;23324.25;23326.75;23322.75;23325;43
20250903 024700;23326;23328.5;23325.25;23325.75;49
20250903 024800;23325.5;23326;23322.75;23323.5;35
20250903 024900;23322.75;23324.75;23322.75;23324;21
20250903 025000;23323.75;23327;23323.25;23325.5;29
20250903 025100;23325.75;23326;23323;23323.75;34
20250903 025200;23324;23325.25;23321;23322.75;55
20250903 025300;23323.25;23325;23323;23324.25;13
20250903 025400;23324;23325;23324;23324.75;16
20250903 025500;23323.75;23324.5;23322.75;23324.5;29
20250903 025600;23324.5;23325;23321.75;23324.75;44
20250903 025700;23323.5;23324.25;23322;23324.25;31
20250903 025800;23323.5;23324.5;23322;23322.5;25
20250903 025900;23322.5;23323.75;23322.25;23323.25;25
20250903 030000;23323;23323;23321.75;23321.75;14
20250903 030100;23321.75;23322.5;23320;23322.25;26
20250903 030200;23324;23326.25;23323;23326.25;38
20250903 030300;23326;23328.25;23326;23327.75;47
20250903 030400;23327.5;23327.75;23325.25;23325.75;24
20250903 030500;23326;23327.75;23326;23327;13
20250903 030600;23326.75;23330.5;23326;23329.25;72
20250903 030700;23329;23331.5;23328.25;23331.5;39
20250903 030800;23331;23331.5;23329;23329.75;60
20250903 030900;23329.5;23332;23329.25;23331.75;24
20250903 031000;23331.75;23332.75;23331;23331;33
20250903 031100;23330.5;23331.25;23328.5;23329.75;73
20250903 031200;23329;23329.25;23325;23325.25;57
20250903 031300;23325.5;23326.25;23321.5;23322;111
20250903 031400;23322.25;23327.25;23322.25;23326.25;235
20250903 031500;23325.5;23328.75;23325;23328.75;168
20250903 031600;23329.75;23330;23325.75;23326.5;224
20250903 031700;23325.75;23327.5;23323.5;23327.25;93
20250903 031800;23327;23329.5;23324.75;23329.5;138
20250903 031900;23329.25;23329.25;23326.5;23327.5;64
20250903 032000;23327.5;23330;23327;23328.5;172
20250903 032100;23328.25;23330.75;23326.25;23327.75;201
20250903 032200;23327.5;23331.25;23326.75;23331;170
20250903 032300;23331;23331.5;23328.5;23328.5;320
20250903 032400;23329.5;23330.25;23326.25;23330;200
20250903 032500;23330;23333;23329.75;23332.25;325
20250903 032600;23331.5;23332;23326.5;23326.75;69
20250903 032700;23326.75;23327.75;23324.75;23325;40
20250903 032800;23324.75;23324.75;23321.75;23323.75;51
20250903 032900;23322.5;23323;23321.5;23321.75;51
20250903 033000;23322;23326.5;23318.75;23325;121
20250903 033100;23324.75;23328.25;23324;23327;45
20250903 033200;23327;23328.75;23324.75;23328;47
20250903 033300;23328.5;23330.25;23327.75;23328;46
20250903 033400;23329;23329.25;23327;23327.5;16
20250903 033500;23327;23327.5;23325;23325;21
20250903 033600;23324.5;23324.75;23321.75;23324;67
20250903 033700;23323.25;23326;23322.75;23324.75;40
20250903 033800;23324.75;23325.25;23322.75;23322.75;27
20250903 033900;23323;23323;23310.5;23312.25;374
20250903 034000;23312;23313.5;23310.75;23311.5;55
20250903 034100;23311;23311;23298.25;23308;317
20250903 034200;23308;23312.75;23307.25;23312.75;67
20250903 034300;23313;23316.5;23312.75;23316.5;76
20250903 034400;23316.5;23321.5;23316;23321.5;70
20250903 034500;23321;23322.5;23320.25;23321;75
20250903 034600;23320;23320;23316;23317.75;80
20250903 034700;23317.75;23319.5;23316.5;23318;40
20250903 034800;23317.5;23319;23315;23319;33
20250903 034900;23318;23321;23318;23319;59
20250903 035000;23318;23321.5;23317.25;23321.25;22
20250903 035100;23320;23322;23319.5;23322;35
20250903 035200;23321.25;23330.75;23321;23328;233
20250903 035300;23328.25;23329;23327;23327;41
20250903 035400;23327;23327.5;23326.5;23327.5;17
20250903 035500;23327.25;23328.25;23323.75;23324.75;100
20250903 035600;23324.25;23325.25;23320.5;23324.5;35
20250903 035700;23324;23325.25;23323.25;23323.75;26
20250903 035800;23323.5;23325.5;23323.25;23323.75;45
20250903 035900;23324.75;23325.5;23323.75;23325;30
20250903 040000;23325.75;23325.75;23324;23324;22
20250903 040100;23324.25;23326.75;23321.75;23326;80
20250903 040200;23326.25;23327;23324;23324;19
20250903 040300;23324.75;23325;23323.25;23325;44
20250903 040400;23324.5;23327.5;23324.5;23327;29
20250903 040500;23326.25;23326.25;23323;23324.25;16
20250903 040600;23325;23326.5;23324.25;23326.5;41
20250903 040700;23325.75;23327;23323.5;23327;34
20250903 040800;23326.5;23327.5;23325.75;23326;25
20250903 040900;23326.5;23328.75;23326.25;23327.25;35
20250903 041000;23327;23327;23325.5;23325.75;22
20250903 041100;23326;23326.5;23322.75;23322.75;52
20250903 041200;23322.75;23324.25;23322.25;23323.5;41
20250903 041300;23323.75;23325;23319;23319;62
20250903 041400;23319.5;23322.75;23319;23321.5;70
20250903 041500;23321.25;23324.5;23321.25;23324.5;35
20250903 041600;23325;23325;23323;23324.5;30
20250903 041700;23324;23328.5;23323.5;23328.5;62
20250903 041800;23328.5;23329.5;23327.5;23329.5;57
20250903 041900;23328.75;23331;23328.75;23330;58
20250903 042000;23329.5;23332;23329.5;23332;40
20250903 042100;23331.25;23332.25;23330.75;23331.75;23
20250903 042200;23331;23331;23329.25;23330.75;20
20250903 042300;23330;23330.25;23329.5;23330;13
20250903 042400;23330.75;23333.25;23329.5;23332.5;41
20250903 042500;23333.5;23334;23331.5;23331.5;47
20250903 042600;23332.25;23332.5;23328.5;23332.5;47
20250903 042700;23333;23333.75;23332.5;23333;25
20250903 042800;23333;23334;23331.75;23332.75;25
20250903 042900;23333.5;23335;23333.25;23333.25;20
20250903 043000;23333.5;23334.25;23331.75;23334.25;32
20250903 043100;23334.25;23334.5;23333;23334.5;27
20250903 043200;23334.5;23334.75;23330.5;23330.5;34
20250903 043300;23331;23334;23331;23332.5;26
20250903 043400;23333.25;23333.5;23332;23333.25;13
20250903 043500;23332.75;23334;23332.75;23334;34
20250903 043600;23333.75;23336;23333.5;23335;42
20250903 043700;23335.25;23335.5;23333.5;23334.5;11
20250903 043800;23335.5;23335.75;23333.75;23334.25;32
20250903 043900;23334.25;23334.5;23332.5;23332.5;22
20250903 044000;23331.75;23332.5;23330.25;23330.25;24
20250903 044100;23330.25;23330.75;23328.5;23330.75;40
20250903 044200;23330.25;23332;23329.75;23331.75;26
20250903 044300;23330.75;23331.75;23330.75;23330.75;36
20250903 044400;23331.25;23331.25;23328.75;23329.25;25
20250903 044500;23328.75;23331.25;23328.25;23330.75;27
20250903 044600;23330.25;23330.5;23327;23328.25;62
20250903 044700;23329.25;23330.25;23327.25;23327.75;36
20250903 044800;23328;23329.75;23328;23328;26
20250903 044900;23327.25;23327.5;23324.5;23325.5;55
20250903 045000;23326.5;23327.75;23325.75;23327.75;22
20250903 045100;23327.75;23328;23327;23327.75;18
20250903 045200;23328.25;23328.25;23326.75;23327.25;15
20250903 045300;23327.75;23329.5;23327.75;23329.5;13
20250903 045400;23328.75;23328.75;23328;23328.25;18
20250903 045500;23327.75;23327.75;23325;23325.5;22
20250903 045600;23325.5;23326;23324.75;23325.5;15
20250903 045700;23326.5;23326.5;23326.25;23326.25;3
20250903 045800;23327;23327.75;23326.5;23327.75;10
20250903 045900;23327.75;23331;23327.75;23331;27
20250903 050000;23331.25;23333;23330.25;23331;44
20250903 050100;23330.75;23331.75;23327;23327.5;57
20250903 050200;23328;23329.25;23325.25;23325.25;58
20250903 050300;23326.25;23327.5;23326;23327.25;19
20250903 050400;23327.5;23327.5;23324.5;23324.5;16
20250903 050500;23324.25;23325.75;23324;23324.75;25
20250903 050600;23324.5;23324.5;23315.25;23316.25;119
20250903 050700;23316.25;23319.75;23315.25;23319.25;86
20250903 050800;23319.75;23319.75;23317.25;23319.25;40
20250903 050900;23320.75;23322.25;23319;23319.5;120
20250903 051000;23319.5;23320.75;23318;23320.75;56
20250903 051100;23320;23325;23320;23325;73
20250903 051200;23324.25;23328.5;23324.25;23327.5;55
20250903 051300;23327;23328.25;23324.25;23325;37
20250903 051400;23325.75;23328;23325.25;23328;61
20250903 051500;23327.5;23333;23327.5;23331.75;123
20250903 051600;23332.25;23332.25;23329.75;23329.75;70
20250903 051700;23329.5;23333.25;23329.5;23331;44
20250903 051800;23331;23333;23330.75;23332.25;25
20250903 051900;23332.5;23334.75;23332;23333.25;70
20250903 052000;23333.5;23334.75;23332;23333;45
20250903 052100;23333.75;23336.75;23331.5;23333.75;120
20250903 052200;23334.25;23335;23331.5;23332.5;39
20250903 052300;23332.5;23332.5;23328.75;23328.75;66
20250903 052400;23329.25;23329.5;23322.25;23324;110
20250903 052500;23324.25;23326.5;23321.75;23325.5;99
20250903 052600;23324.5;23325;23318.5;23321;81
20250903 052700;23320;23320;23311.5;23313;126
20250903 052800;23312.5;23316.75;23312;23316.75;59
20250903 052900;23317;23323.25;23316.25;23322.75;70
20250903 053000;23323.5;23324.75;23316.5;23318.25;127
20250903 053100;23319;23329.75;23319;23328.75;120
20250903 053200;23329;23331.25;23327;23328.25;69
20250903 053300;23328.25;23329.75;23327;23328.75;41
20250903 053400;23329.5;23329.5;23328.25;23328.25;11
20250903 053500;23328.5;23329.25;23327.5;23327.75;20
20250903 053600;23329.25;23330;23325.25;23327.5;78
20250903 053700;23328.25;23331;23328.25;23330.75;71
20250903 053800;23330;23330.5;23325.75;23326.25;68
20250903 053900;23326.75;23328.5;23326.75;23327.5;20
20250903 054000;23327.75;23329.75;23326.25;23329.75;28
20250903 054100;23329.5;23330;23323;23323;81
20250903 054200;23322.75;23323.75;23321.75;23323;32
20250903 054300;23322.5;23325;23321.75;23323;30
20250903 054400;23323.75;23324.5;23323;23323;28
20250903 054500;23322.25;23324;23322.25;23323.25;40
20250903 054600;23323;23324.75;23320.25;23324.75;75
20250903 054700;23324;23324;23321.25;23322.25;20
20250903 054800;23321.5;23321.5;23318;23318.5;50
20250903 054900;23318.75;23318.75;23308;23311;221
20250903 055000;23310.25;23312;23308.75;23308.75;84
20250903 055100;23308.75;23316.75;23308.5;23315.75;129
20250903 055200;23314.25;23317.5;23309.75;23313.75;192
20250903 055300;23313.5;23321.75;23312.75;23319.75;168
20250903 055400;23319.25;23320.5;23318.25;23318.5;29
20250903 055500;23318.75;23319.25;23317.75;23318.75;23
20250903 055600;23318;23318.75;23316.25;23316.5;47
20250903 055700;23317.25;23317.5;23311.75;23313.5;137
20250903 055800;23313.75;23319.25;23313.25;23319;51
20250903 055900;23319.75;23320.5;23318;23319;131
20250903 060000;23319.5;23319.5;23315.5;23317;29
20250903 060100;23316;23316.5;23311.5;23312;110
20250903 060200;23312;23315.75;23311.75;23315.75;65
20250903 060300;23315;23317.25;23312.25;23313.5;83
20250903 060400;23313.75;23314.5;23309.5;23311;90
20250903 060500;23310.25;23312.75;23309.5;23311;69
20250903 060600;23311.25;23314;23310.25;23313.25;54
20250903 060700;23314;23317.75;23313.25;23316.5;104
20250903 060800;23316.5;23324.75;23316.5;23323;223
20250903 060900;23323.25;23328;23323;23327.25;121
20250903 061000;23327.25;23331;23325.75;23329;153
20250903 061100;23329.25;23331.25;23328.5;23329.5;116
20250903 061200;23330;23332.5;23329.5;23331;89
20250903 061300;23331.25;23338.5;23328.5;23334.25;192
20250903 061400;23334.25;23335;23328.5;23331.25;108
20250903 061500;23331.75;23333.75;23331.75;23333.5;53
20250903 061600;23332.75;23332.75;23329.25;23329.25;53
20250903 061700;23329.75;23331.25;23327.75;23330.25;62
20250903 061800;23330.25;23332.75;23329;23331.25;54
20250903 061900;23330.5;23332;23330;23331.25;43
20250903 062000;23331.5;23335.5;23329;23334;105
20250903 062100;23333.75;23334.75;23332.25;23334.5;41
20250903 062200;23334.25;23337.75;23332.75;23336.25;75
20250903 062300;23336.75;23338.75;23335;23337.5;118
20250903 062400;23337.75;23341.25;23337.25;23341.25;136
20250903 062500;23341.5;23343.5;23338.75;23341.25;133
20250903 062600;23341.5;23347.75;23340.75;23345;194
20250903 062700;23346.75;23348.75;23346.25;23346.5;87
20250903 062800;23347;23347.25;23344.5;23347;45
20250903 062900;23347.5;23355.5;23345.75;23354.25;284
20250903 063000;23355.25;23356.75;23351;23354.75;138
20250903 063100;23354.5;23365.5;23353.75;23362;293
20250903 063200;23360.5;23360.5;23355.75;23360.25;128
20250903 063300;23360.5;23361.25;23358.5;23359.75;93
20250903 063400;23359.75;23360;23357;23358.75;67
20250903 063500;23358.75;23361.75;23358.75;23360.5;79
20250903 063600;23361;23361;23355.75;23355.75;51
20250903 063700;23355.75;23355.75;23349.25;23353;91
20250903 063800;23354.25;23356.75;23352;23356.75;102
20250903 063900;23356.5;23358;23354.5;23358;103
20250903 064000;23359.25;23359.5;23356.5;23356.5;29
20250903 064100;23356.5;23358.5;23355.75;23357;43
20250903 064200;23357;23358.5;23355.5;23357.75;27
20250903 064300;23357.75;23359.5;23356;23356;39
20250903 064400;23355.5;23355.5;23353;23355.5;68
20250903 064500;23356;23358.5;23356;23358.25;31
20250903 064600;23359;23359;23356.5;23359;27
20250903 064700;23359.5;23360.75;23359;23360;32
20250903 064800;23359.25;23359.25;23353;23353;62
20250903 064900;23353.75;23355.5;23352.5;23352.5;56
20250903 065000;23353;23354;23350;23351;132
20250903 065100;23351.75;23355;23347.25;23348.5;224
20250903 065200;23350.25;23355.25;23350.25;23353.75;68
20250903 065300;23353.75;23354.5;23350.5;23353.75;127
20250903 065400;23353.25;23355;23349.25;23350;158
20250903 065500;23349.5;23350.25;23341.25;23341.5;165
20250903 065600;23341;23343;23339.75;23341.5;76
20250903 065700;23342;23344;23342;23342.75;42
20250903 065800;23342.75;23342.75;23336.75;23338.5;129
20250903 065900;23338.5;23342.75;23337.75;23341;66
20250903 070000;23341;23348.25;23340.25;23345.5;198
20250903 070100;23345.75;23351.75;23340.75;23346.75;233
20250903 070200;23346.25;23350.5;23342.75;23346;114
20250903 070300;23346;23354.25;23345.75;23352.75;161
20250903 070400;23353;23359.25;23352.75;23357.5;148
20250903 070500;23357.25;23362;23357;23361;113
20250903 070600;23360.25;23361;23353.5;23354;112
20250903 070700;23354;23358.25;23350;23351.5;149
20250903 070800;23351;23351.25;23344;23350.25;127
20250903 070900;23349.5;23352;23347.5;23349.75;43
20250903 071000;23348.75;23352;23348;23348.75;51
20250903 071100;23349;23351;23346.25;23347.75;73
20250903 071200;23347.5;23348.5;23343.25;23343.75;47
20250903 071300;23345.5;23347.5;23340.75;23344.75;123
20250903 071400;23346.75;23346.75;23342.75;23343.25;58
20250903 071500;23344.25;23347.75;23342.25;23347;47
20250903 071600;23346;23349.5;23344.75;23346.25;92
20250903 071700;23346.75;23351;23343.75;23344;72
20250903 071800;23343;23343.75;23337;23338.5;179
20250903 071900;23339.5;23339.5;23330;23332.5;405
20250903 072000;23333;23333.5;23324;23325.5;231
20250903 072100;23325.25;23333;23323.25;23327.5;131
20250903 072200;23327.25;23328.75;23320.5;23320.5;178
20250903 072300;23320.5;23327.75;23320.5;23327;94
20250903 072400;23327.25;23336.25;23325.75;23335;127
20250903 072500;23335;23349.25;23335;23346.75;286
20250903 072600;23347;23350.25;23344;23344;153
20250903 072700;23344;23346;23340.75;23343.25;85
20250903 072800;23342.5;23350.75;23342.5;23348.5;122
20250903 072900;23348;23359.75;23348;23359.25;277
20250903 073000;23358.75;23359.75;23354.75;23356;156
20250903 073100;23355.25;23361.25;23354.75;23359;154
20250903 073200;23359.5;23364;23355.25;23355.25;203
20250903 073300;23354.75;23355.5;23347.25;23348;174
20250903 073400;23347.5;23351.25;23345.5;23345.5;54
20250903 073500;23346.25;23348.25;23344.75;23347.25;56
20250903 073600;23346.75;23349;23346.5;23348.5;32
20250903 073700;23348.5;23353.75;23347.5;23353.75;61
20250903 073800;23353;23365;23352.5;23361.75;216
20250903 073900;23362.25;23364;23361;23361;104
20250903 074000;23360.75;23361.75;23358.25;23359.75;135
20250903 074100;23359.5;23360;23355.25;23355.25;60
20250903 074200;23354.5;23361.25;23353;23361.25;117
20250903 074300;23360.25;23362.25;23359;23359.5;57
20250903 074400;23359.5;23362.75;23359.5;23361.5;24
20250903 074500;23362.25;23364;23356.5;23357.75;119
20250903 074600;23358;23360.75;23357.75;23360.75;43
20250903 074700;23360.25;23366.5;23360.25;23364;127
20250903 074800;23364.75;23368.25;23364.75;23366.25;109
20250903 074900;23367.25;23370.25;23365.25;23368.75;107
20250903 075000;23369.25;23371.5;23368;23370;123
20250903 075100;23369;23370;23365;23370;74
20250903 075200;23370.25;23377.75;23369.5;23376.5;210
20250903 075300;23376.25;23376.25;23371;23373.25;116
20250903 075400;23372.25;23375.75;23371;23375.25;80
20250903 075500;23375.5;23379.75;23375.5;23377.25;128
20250903 075600;23377.25;23377.75;23373.75;23376;92
20250903 075700;23376.5;23380.5;23375;23377.75;155
20250903 075800;23377.75;23378.75;23376.75;23376.75;48
20250903 075900;23377.25;23382.75;23375.75;23378.25;155
20250903 080000;23378;23379.25;23375.5;23375.75;83
20250903 080100;23376;23376.75;23370.25;23372;234
20250903 080200;23372.25;23378.5;23370.25;23377.75;186
20250903 080300;23378.5;23381.75;23374.25;23378.75;204
20250903 080400;23378.5;23382.75;23376.25;23382.5;138
20250903 080500;23383;23393.25;23383;23389.5;602
20250903 080600;23388.75;23390.75;23384.5;23388.5;164
20250903 080700;23388.75;23390;23387.25;23388.75;72
20250903 080800;23388.75;23396;23388.75;23395;282
20250903 080900;23394.75;23399.75;23394.25;23399.5;277
20250903 081000;23399.25;23403;23398;23403;358
20250903 081100;23403.25;23405.75;23399.25;23399.75;190
20250903 081200;23400;23403;23396.5;23401.75;134
20250903 081300;23402.25;23406;23400.5;23403.75;216
20250903 081400;23403.75;23408.25;23403.25;23408;158
20250903 081500;23407.75;23414.5;23407.5;23412.5;243
20250903 081600;23412;23417.5;23410.25;23417.5;234
20250903 081700;23417.25;23421.75;23415.25;23419;276
20250903 081800;23418.75;23424.75;23416.75;23424.75;118
20250903 081900;23423.75;23423.75;23419;23422.75;139
20250903 082000;23422.25;23427.25;23421.25;23424.5;230
20250903 082100;23425.5;23426.25;23421.5;23423;133
20250903 082200;23423;23424.25;23419.25;23420;152
20250903 082300;23419.75;23428.75;23417;23427;324
20250903 082400;23427;23431.25;23426.5;23429.25;240
20250903 082500;23429.75;23429.75;23421;23421;153
20250903 082600;23419.25;23422;23413.5;23413.5;244
20250903 082700;23414.25;23418.5;23413.5;23418.5;120
20250903 082800;23418.5;23419.5;23416.5;23417.75;81
20250903 082900;23418.25;23418.5;23415.25;23416.5;92
20250903 083000;23416.75;23421.5;23416.75;23419.5;94
20250903 083100;23419;23419;23411.75;23415.5;162
20250903 083200;23415.5;23416.75;23411.25;23411.5;139
20250903 083300;23412;23414;23408.25;23409.5;156
20250903 083400;23410.5;23420.25;23407;23416;807
20250903 083500;23415.75;23417.25;23409.25;23410;174
20250903 083600;23410.25;23411;23403.75;23406.25;217
20250903 083700;23406.75;23409;23403.5;23403.75;103
20250903 083800;23404;23404.25;23398.5;23398.5;117
20250903 083900;23399;23404;23399;23403.25;115
20250903 084000;23403.75;23407;23401.25;23405.75;110
20250903 084100;23405;23407;23403;23407;93
20250903 084200;23406.5;23409.25;23402.5;23402.75;138
20250903 084300;23403;23406.75;23402;23406.25;70
20250903 084400;23406;23408;23404.75;23406.25;43
20250903 084500;23406;23407.5;23405.75;23406.5;13
20250903 084600;23406.25;23409.5;23406;23407;54
20250903 084700;23407.25;23407.25;23403.5;23405.75;42
20250903 084800;23406.25;23406.75;23404.75;23406.25;25
20250903 084900;23407.5;23409.5;23406.75;23408;36
20250903 085000;23408.25;23411;23408.25;23408.5;50
20250903 085100;23408.75;23408.75;23403.5;23405;58
20250903 085200;23405;23405.5;23403;23404.75;39
20250903 085300;23405;23407;23404.5;23407;16
20250903 085400;23405.75;23407.5;23404.25;23406.75;33
20250903 085500;23407.5;23410;23406.25;23408.75;83
20250903 085600;23408;23411.75;23407.5;23411.25;49
20250903 085700;23411;23413.75;23409.25;23413.75;108
20250903 085800;23413.5;23415;23412.75;23412.75;55
20250903 085900;23412.75;23414.5;23412.75;23413.75;47
20250903 090000;23414.25;23420;23414.25;23419;195
20250903 090100;23418.75;23425.5;23418.5;23422.75;214
20250903 090200;23422.5;23424.75;23414.25;23414.25;109
20250903 090300;23414;23416;23411.25;23411.75;95
20250903 090400;23412;23416.25;23411;23416.25;36
20250903 090500;23415.5;23416.25;23413.5;23414.75;69
20250903 090600;23415;23415;23403.75;23403.75;131
20250903 090700;23403;23405.75;23402.25;23402.25;102
20250903 090800;23403;23406.5;23403;23405;42
20250903 090900;23404.25;23406;23403.75;23406;37
20250903 091000;23406.25;23406.25;23402.5;23404;71
20250903 091100;23403.75;23404.75;23400.75;23403;47
20250903 091200;23403.5;23408;23402.75;23403.5;280
20250903 091300;23403.25;23404;23401;23404;39
20250903 091400;23403.75;23405.75;23402.25;23404.5;42
20250903 091500;23404.5;23404.5;23400.75;23401.5;33
20250903 091600;23401;23407;23398.5;23407;95
20250903 091700;23406.75;23410.75;23406.5;23410.5;63
20250903 091800;23410.25;23413.25;23410.25;23413.25;57
20250903 091900;23413.75;23415.75;23413.5;23415.75;88
20250903 092000;23415;23415;23412.25;23414;83
20250903 092100;23413.75;23416.25;23413.75;23416.25;57
20250903 092200;23416;23418.5;23415.75;23417.75;104
20250903 092300;23417;23418;23416.25;23418;11
20250903 092400;23418;23420.75;23418;23420.5;49
20250903 092500;23421;23426;23420.5;23424.25;141
20250903 092600;23424;23424;23421.75;23423;45
20250903 092700;23422.75;23426;23422.75;23423.75;66
20250903 092800;23423.75;23424.5;23423;23424;32
20250903 092900;23424.25;23428.5;23424.25;23427.75;69
20250903 093000;23428.25;23430;23425.75;23425.75;88
20250903 093100;23426.75;23428.25;23425;23426.5;97
20250903 093200;23426.75;23427.5;23421.75;23422.25;91
20250903 093300;23422.75;23423.25;23416.75;23417.75;122
20250903 093400;23417.75;23427.25;23417.75;23427.25;108
20250903 093500;23428;23428.5;23423.75;23424.5;61
20250903 093600;23424;23424.5;23422;23424.25;32
20250903 093700;23423.25;23428.25;23422;23428.25;42
20250903 093800;23428.5;23433.25;23427.75;23432.5;139
20250903 093900;23433.25;23435;23432.5;23433.25;99
20250903 094000;23433.5;23434.25;23432;23433.5;66
20250903 094100;23433.75;23438.25;23433.25;23437.75;130
20250903 094200;23437.5;23441.5;23437.5;23440.75;201
20250903 094300;23440.5;23441.75;23440;23441.25;74
20250903 094400;23441.25;23444.5;23441.25;23442.75;178
20250903 094500;23442.25;23442.25;23437.25;23440.25;156
20250903 094600;23440;23441.75;23438.25;23439.25;132
20250903 094700;23438.75;23438.75;23433.5;23433.75;161
20250903 094800;23433.75;23435.25;23432.5;23433.75;66
20250903 094900;23433.25;23434.75;23432.25;23434.5;63
20250903 095000;23434.75;23436.5;23434;23435.5;80
20250903 095100;23435.75;23437.5;23433.25;23434;53
20250903 095200;23433.75;23436.25;23432;23434;95
20250903 095300;23434.25;23441;23434.25;23438.75;98
20250903 095400;23438.5;23441;23438.25;23441;47
20250903 095500;23440.75;23441.5;23439.25;23441;84
20250903 095600;23439;23440.25;23435.75;23435.75;77
20250903 095700;23436;23437;23434.5;23434.75;59
20250903 095800;23435.25;23436.5;23434.25;23435.25;43
20250903 095900;23435;23435.25;23433;23434.25;34
20250903 100000;23434;23440.5;23434;23438;90
20250903 100100;23437.5;23440;23436;23436.75;88
20250903 100200;23437;23442.25;23436.75;23439.5;63
20250903 100300;23439.75;23440.5;23434.5;23435.25;66
20250903 100400;23435.5;23438.5;23433;23434.5;74
20250903 100500;23435;23437.75;23434;23437.5;91
20250903 100600;23437.75;23440.75;23437.75;23438.5;54
20250903 100700;23438.25;23439.25;23434;23435.5;64
20250903 100800;23435.25;23436;23433.5;23434.75;51
20250903 100900;23435.25;23437;23434.75;23436;32
20250903 101000;23435;23435.75;23429.75;23431.5;166
20250903 101100;23432;23434.75;23429;23430;77
20250903 101200;23429.75;23431.75;23429.25;23431.75;73
20250903 101300;23431.25;23432;23430;23430;130
20250903 101400;23430.75;23430.75;23428;23428.5;63
20250903 101500;23428;23431.25;23427;23430.75;147
20250903 101600;23431;23433.75;23428.25;23429.5;106
20250903 101700;23428.75;23429.25;23426.75;23427.25;67
20250903 101800;23427;23429;23424.5;23425.75;116
20250903 101900;23426;23426.25;23423.25;23424.5;117
20250903 102000;23425;23430.5;23425;23430.5;93
20250903 102100;23431;23433.25;23430.25;23432.5;112
20250903 102200;23432.5;23433.5;23428.5;23432;90
20250903 102300;23431.25;23433.25;23430.5;23431.25;41
20250903 102400;23432.25;23434;23429.75;23431.25;75
20250903 102500;23430.75;23433.5;23430.75;23433.5;39
20250903 102600;23433.5;23434.25;23431.5;23431.5;41
20250903 102700;23431.25;23432.75;23431.25;23432.75;22
20250903 102800;23433.25;23436.25;23433.25;23436.25;68
20250903 102900;23435.75;23438.75;23435.25;23438.25;43
20250903 103000;23439;23440.25;23438.25;23440.25;63
20250903 103100;23440.25;23445.25;23439.25;23441.5;196
20250903 103200;23441.75;23443;23438.75;23442.25;114
20250903 103300;23442;23446.75;23442;23445.5;159
20250903 103400;23445.5;23448;23443;23443.25;154
20250903 103500;23443;23443.25;23436.25;23436.25;118
20250903 103600;23436.25;23437.25;23428;23429.25;226
20250903 103700;23429.25;23431.75;23428.75;23429.75;81
20250903 103800;23429.75;23432.5;23429.75;23431.75;72
20250903 103900;23431.75;23434.25;23429.5;23433.75;37
20250903 104000;23433.5;23436.25;23433.5;23436;35
20250903 104100;23436.25;23438;23433.25;23433.75;59
20250903 104200;23433.25;23433.5;23430.75;23433.5;87
20250903 104300;23434;23434;23431.75;23433.25;22
20250903 104400;23434;23435.25;23434;23435.25;18
20250903 104500;23434.5;23436.25;23434;23435;40
20250903 104600;23435.25;23437;23432.25;23434;63
20250903 104700;23434.75;23436.75;23434.25;23436;49
20250903 104800;23435;23436.75;23434;23435.5;59
20250903 104900;23436;23438.25;23435.75;23438.25;43
20250903 105000;23437.75;23439.25;23436.75;23437.25;39
20250903 105100;23437.75;23440;23437.75;23439.5;47
20250903 105200;23440;23440.25;23433.25;23433.75;66
20250903 105300;23433.75;23440;23433.75;23438.25;70
20250903 105400;23438.75;23440.25;23437.75;23438.5;51
20250903 105500;23438.25;23442.25;23438.25;23441.5;62
20250903 105600;23441.25;23444;23440.5;23442.75;86
20250903 105700;23443.25;23443.75;23439.75;23442;160
20250903 105800;23441.75;23443.5;23438;23438.5;115
20250903 105900;23438.25;23441.75;23438.25;23439.75;124
20250903 110000;23440;23442.25;23438.75;23441.5;88
20250903 110100;23441;23443;23437.5;23442.5;146
20250903 110200;23443.5;23449.25;23443.25;23449;191
20250903 110300;23448;23451;23446.25;23447.75;205
20250903 110400;23447.75;23449.5;23446.25;23448.25;99
20250903 110500;23449;23452.75;23447.75;23451;186
20250903 110600;23451.25;23455.25;23450.5;23453.75;194
20250903 110700;23453.5;23455.5;23450.5;23451.5;136
20250903 110800;23451;23455;23450;23454;143
20250903 110900;23453.75;23454;23442.75;23443.25;165
20250903 111000;23443.75;23448.5;23442;23447.25;94
20250903 111100;23447.25;23452;23447;23452;98
20250903 111200;23451.75;23458.5;23451.75;23456.75;206
20250903 111300;23457.25;23457.5;23453;23455.25;94
20250903 111400;23454.25;23455;23450.25;23453.25;117
20250903 111500;23453.5;23453.5;23446;23447.25;133
20250903 111600;23447;23447.5;23438.5;23438.5;180
20250903 111700;23439.5;23441;23436.5;23439;262
20250903 111800;23439;23444.25;23439;23441;89
20250903 111900;23441;23443.75;23440;23442.25;53
20250903 112000;23441.75;23443;23440.75;23441.25;37
20250903 112100;23440.75;23445.25;23438.75;23445.25;88
20250903 112200;23445.25;23445.5;23442.25;23442.75;95
20250903 112300;23442.25;23443;23437.5;23438.75;85
20250903 112400;23438.75;23440.25;23436.75;23438;72
20250903 112500;23438.5;23441.25;23435.75;23440.75;96
20250903 112600;23441;23441;23434.75;23434.75;59
20250903 112700;23435.25;23435.25;23430.5;23433.75;151
20250903 112800;23434.25;23436.25;23432.25;23433;61
20250903 112900;23433;23433;23426.25;23426.75;139
20250903 113000;23426.75;23427;23423.5;23424;128
20250903 113100;23424.25;23427.25;23420;23420.75;204
20250903 113200;23420.5;23421.75;23411.75;23414.75;419
20250903 113300;23415.5;23415.5;23408.25;23411.25;235
20250903 113400;23412;23423.5;23408.75;23422.5;388
20250903 113500;23422.5;23431.25;23422.25;23430;291
20250903 113600;23430.5;23441.25;23430.5;23441.25;621
20250903 113700;23441;23441;23436;23437.5;292
20250903 113800;23437.25;23438.5;23433.5;23434.75;190
20250903 113900;23434;23435.75;23432;23434;139
20250903 114000;23433.75;23436.25;23432.75;23435;151
20250903 114100;23434.5;23436;23430;23431.5;169
20250903 114200;23432.25;23438.75;23431.5;23433.5;202
20250903 114300;23433.25;23447.5;23433;23445.75;554
20250903 114400;23445.5;23447.75;23443.75;23447.5;179
20250903 114500;23447.5;23450;23445.75;23447.75;160
20250903 114600;23446.75;23447.75;23444.5;23446;118
20250903 114700;23445.75;23449.25;23442.5;23447.75;245
20250903 114800;23447;23447.25;23444;23445.5;99
20250903 114900;23445.5;23445.5;23441;23442.5;81
20250903 115000;23442.75;23442.75;23433.5;23434.5;178
20250903 115100;23434.25;23438.75;23432.25;23432.5;97
20250903 115200;23433.5;23434.5;23431;23433;85
20250903 115300;23432.25;23434.25;23430;23433.5;80
20250903 115400;23433.5;23435;23431.75;23432;110
20250903 115500;23432;23433.75;23431.5;23433.25;87
20250903 115600;23432;23432;23428;23429.25;94
20250903 115700;23430.25;23431.75;23427.75;23428.75;99
20250903 115800;23429;23430;23428;23428.25;51
20250903 115900;23428.25;23428.5;23409.5;23413.75;660
20250903 120000;23413.75;23417;23410.5;23415.5;340
20250903 120100;23416.75;23426.25;23416.75;23424.25;363
20250903 120200;23424.25;23429;23422.75;23427.5;166
20250903 120300;23428.5;23429.25;23421.25;23427.5;139
20250903 120400;23428;23440.5;23426.5;23438.75;333
20250903 120500;23438.75;23439.25;23433.75;23435;173
20250903 120600;23435.75;23435.75;23430.5;23434.5;147
20250903 120700;23433.75;23436.75;23431.75;23433.25;115
20250903 120800;23433.75;23440.75;23433.75;23439.25;134
20250903 120900;23439.25;23440;23436;23438.75;128
20250903 121000;23438.75;23439.5;23434;23434;159
20250903 121100;23434;23440;23431.75;23439.75;197
20250903 121200;23439.75;23442.5;23439.25;23440;186
20250903 121300;23440.5;23441.5;23438;23439;83
20250903 121400;23438.75;23440.5;23435.25;23438.75;86
20250903 121500;23438.75;23445.5;23438.75;23444.5;137
20250903 121600;23444.5;23447.5;23443.5;23444.75;155
20250903 121700;23445;23447.5;23445;23445.75;73
20250903 121800;23447;23447.25;23441.75;23442.25;137
20250903 121900;23442.75;23447;23441.75;23442.25;144
20250903 122000;23442.75;23445.5;23441.75;23444.5;73
20250903 122100;23444.75;23448;23442.5;23443.25;165
20250903 122200;23443.5;23445;23440;23444.5;111
20250903 122300;23444.5;23447.5;23442.5;23442.5;67
20250903 122400;23442.75;23442.75;23433.75;23436;200
20250903 122500;23436.25;23438.5;23432.25;23433.5;122
20250903 122600;23433.75;23434.5;23430;23433;119
20250903 122700;23432.75;23434.25;23432;23433.25;72
20250903 122800;23433.5;23440.5;23430.75;23436.75;218
20250903 122900;23437.75;23441;23435.75;23437;106
20250903 123000;23437;23439;23436;23436.25;119
20250903 123100;23436;23437.25;23421.75;23421.75;391
20250903 123200;23421.75;23426.25;23414.25;23415.5;371
20250903 123300;23415.25;23420.5;23410.25;23410.75;323
20250903 123400;23410.5;23414.5;23406;23408.5;388
20250903 123500;23408.25;23410.25;23399.75;23406.25;687
20250903 123600;23406.75;23420.25;23405.75;23417.25;706
20250903 123700;23417.25;23422.25;23416.25;23418.25;276
20250903 123800;23418.5;23423.75;23416.5;23421;291
20250903 123900;23422;23427.75;23420.25;23426.5;274
20250903 124000;23427;23430;23425.75;23429.25;185
20250903 124100;23428.5;23429.75;23424.75;23426.75;206
20250903 124200;23427;23434.25;23426.25;23429;261
20250903 124300;23429;23436.25;23421.25;23422.75;595
20250903 124400;23422.5;23436.25;23421.75;23434.5;286
20250903 124500;23434;23434;23424.75;23427.5;156
20250903 124600;23427.75;23430.5;23422;23428.75;224
20250903 124700;23427.75;23432.5;23425.25;23431.25;153
20250903 124800;23432;23432;23428.25;23431.75;83
20250903 124900;23431;23432.75;23425;23428;204
20250903 125000;23428.25;23429.75;23426;23429;105
20250903 125100;23429.75;23431.25;23426.25;23427.75;86
20250903 125200;23428.75;23429.75;23423.5;23424.25;102
20250903 125300;23424.75;23427;23424.25;23426.5;88
20250903 125400;23426.25;23428.5;23422.5;23425.75;182
20250903 125500;23425.5;23429;23422.75;23422.75;254
20250903 125600;23423.5;23426.25;23422;23423.75;198
20250903 125700;23423.25;23425.25;23420;23425.25;150
20250903 125800;23425.75;23428.75;23423;23427;193
20250903 125900;23427.25;23430.5;23425;23425.5;99
20250903 130000;23425.25;23425.5;23421;23423;165
20250903 130100;23422.25;23428.5;23418;23420.5;360
20250903 130200;23421.25;23422.25;23414.5;23420;312
20250903 130300;23420.75;23429.5;23418.5;23429;190
20250903 130400;23429.75;23433.75;23423.75;23433;212
20250903 130500;23434;23435;23430.5;23431.75;165
20250903 130600;23432;23440;23430.75;23439;296
20250903 130700;23438.5;23442.5;23437;23442.5;272
20250903 130800;23443;23445.5;23438.75;23440.75;293
20250903 130900;23441.25;23442;23431.75;23436.5;297
20250903 131000;23436.25;23441.75;23436;23439;170
20250903 131100;23438.5;23444.25;23438.5;23443.5;193
20250903 131200;23442.75;23444.5;23441;23443.5;87
20250903 131300;23443.5;23445.5;23440.75;23444.25;181
20250903 131400;23444.5;23448.25;23444;23446.25;255
20250903 131500;23445.75;23452;23445.75;23451;434
20250903 131600;23450.75;23451.5;23442;23442.75;458
20250903 131700;23444;23446.5;23440;23445.25;262
20250903 131800;23445.25;23450.5;23444.75;23447.5;169
20250903 131900;23448.25;23451;23446.5;23448.75;180
20250903 132000;23448.5;23453;23448.5;23450.25;209
20250903 132100;23450.25;23456.75;23450.25;23455.5;370
20250903 132200;23456.25;23457;23453;23453;168
20250903 132300;23452.75;23455.5;23449;23449.25;193
20250903 132400;23449.75;23450.25;23444.25;23444.25;206
20250903 132500;23443.75;23445;23435.75;23438.25;509
20250903 132600;23438.5;23444.5;23432.5;23443.5;689
20250903 132700;23443.25;23444;23436;23436.75;337
20250903 132800;23436.75;23439.5;23431.5;23435;493
20250903 132900;23435.5;23436;23427.5;23433.25;678
20250903 133000;23432.5;23432.5;23420.5;23423.5;952
20250903 133100;23423.5;23437.75;23410.25;23412.25;5154
20250903 133200;23411.25;23416;23379.25;23388;5491
20250903 133300;23388.25;23412.25;23380.25;23394;3337
20250903 133400;23393.75;23415;23392;23411.5;2653
20250903 133500;23411.5;23412.75;23392;23397.75;2040
20250903 133600;23398.5;23419.25;23385;23395.25;2896
20250903 133700;23396;23408.75;23388.5;23391.5;2007
20250903 133800;23391;23393.5;23376.75;23380.75;2835
20250903 133900;23380.75;23389.5;23371.75;23388.75;2290
20250903 134000;23388.75;23399;23386.25;23393.5;1853
20250903 134100;23393.5;23408;23392.25;23393.5;2349
20250903 134200;23392.75;23400;23375;23393.75;2251
20250903 134300;23392.75;23399.75;23376.25;23380.75;1439
20250903 134400;23381;23402.5;23380.25;23399;1795
20250903 134500;23399.5;23404;23392.75;23397.5;1144
20250903 134600;23397;23411.25;23390;23393;2325
20250903 134700;23393.75;23398.5;23378;23391.25;2009
20250903 134800;23391.75;23407.75;23390.25;23399;1503
20250903 134900;23399.25;23401.75;23370.5;23373;1998
20250903 135000;23373;23406;23370;23404;2114
20250903 135100;23404.5;23414.25;23399;23410.75;1758
20250903 135200;23411;23431;23409.25;23423.75;2382
20250903 135300;23424.25;23430.25;23413.75;23414.5;1732
20250903 135400;23414.5;23421;23396.75;23401.5;1634
20250903 135500;23401.75;23412.25;23398.5;23406.75;1338
20250903 135600;23406.75;23412.5;23378.75;23384;2342
20250903 135700;23384.75;23393.5;23382.25;23390.5;1211
20250903 135800;23389.75;23396;23376.75;23384.75;1152
20250903 135900;23383.5;23389.75;23374.5;23388;1140
20250903 140000;23388.5;23393.5;23377.5;23378.25;903
20250903 140100;23384;23418.5;23372.5;23414.25;2957
20250903 140200;23414.75;23424.25;23400.25;23413.5;2144
20250903 140300;23413.5;23428;23413.5;23419;1572
20250903 140400;23419.25;23439.25;23418.25;23433;2045
20250903 140500;23432.75;23450;23432;23437;3245
20250903 140600;23436.25;23445;23426.25;23428.5;1889
20250903 140700;23429;23445;23425;23427.75;1604
20250903 140800;23428.75;23460.75;23428.5;23458;2283
20250903 140900;23458.5;23459.5;23435.75;23439.25;1817
20250903 141000;23439.25;23450.75;23430.5;23433.5;1556
20250903 141100;23433;23451.5;23431.25;23448.5;1348
20250903 141200;23448;23450.25;23432.25;23433.25;1137
20250903 141300;23432.75;23434.5;23398.25;23400.5;3066
20250903 141400;23400.5;23400.75;23383;23396.75;2481
20250903 141500;23397.5;23404;23388;23392.25;1567
20250903 141600;23392.5;23412.5;23391.5;23411;1883
20250903 141700;23411;23414;23400.5;23408;1152
20250903 141800;23407;23418;23405;23413.5;1025
20250903 141900;23413.75;23445.5;23412;23444.75;1949
20250903 142000;23445;23446;23438.75;23443;1147
20250903 142100;23442.25;23453.5;23442.25;23451;1731
20250903 142200;23450.5;23452.75;23432;23444.75;1586
20250903 142300;23445.5;23450.5;23439.5;23449.25;802
20250903 142400;23450;23455.25;23445.75;23451.25;957
20250903 142500;23451;23456.75;23446;23451.25;923
20250903 142600;23451.25;23462.75;23449.75;23461.5;1959
20250903 142700;23461.25;23472.25;23460.25;23467.5;2127
20250903 142800;23467.5;23469.25;23441.75;23443;1603
20250903 142900;23443.5;23462.5;23442;23448.75;1316
20250903 143000;23449;23450;23430.75;23433.25;1671
20250903 143100;23433.5;23454;23432.25;23452.75;1832
20250903 143200;23453;23470;23452.5;23466;1506
20250903 143300;23465.5;23470.75;23458.75;23467.75;1158
20250903 143400;23468;23473.75;23463.75;23471.5;978
20250903 143500;23471.5;23476.75;23464.5;23475.25;1077
20250903 143600;23474.75;23479.75;23471.25;23477.25;1479
20250903 143700;23477.25;23481.75;23473.5;23479.25;1048
20250903 143800;23479.25;23485.5;23476.75;23476.75;1026
20250903 143900;23476.75;23482.75;23470.25;23476;1195
20250903 144000;23476;23483;23475;23480.75;817
20250903 144100;23480.75;23490.75;23480;23489.75;1250
20250903 144200;23490.25;23497;23489;23493;1261
20250903 144300;23492.75;23498;23486.75;23494.25;1214
20250903 144400;23494.5;23515.75;23494.5;23514.5;2920
20250903 144500;23515.25;23515.25;23504.25;23507;1451
20250903 144600;23507;23516.75;23503.75;23504.5;1647
20250903 144700;23504.5;23508.25;23496.25;23504.25;1496
20250903 144800;23504;23516.75;23502.5;23515.25;1447
20250903 144900;23515;23521.5;23512.75;23519.5;1407
20250903 145000;23519.25;23523.5;23512.5;23516.5;1023
20250903 145100;23516.5;23525.25;23516.25;23522.25;1295
20250903 145200;23522.25;23525.25;23519.5;23523.25;1088
20250903 145300;23523.5;23524.5;23514.5;23522;773
20250903 145400;23522.25;23523.25;23500.5;23501;1362
20250903 145500;23501;23511.5;23498.25;23510.75;1410
20250903 145600;23510.5;23512;23501.25;23506.5;929
20250903 145700;23506.25;23511.5;23503.25;23504.75;549
20250903 145800;23504.75;23515.5;23504.25;23511.25;737
20250903 145900;23511.25;23515.25;23509;23514.25;527
20250903 150000;23515;23515;23507.5;23508.25;657
20250903 150100;23508.75;23516.5;23504;23508;1343
20250903 150200;23507.75;23509.75;23501;23502;1122
20250903 150300;23502;23512.25;23498.25;23508.75;1154
20250903 150400;23508.5;23511.25;23504.25;23510;535
20250903 150500;23509.25;23510.25;23504.5;23508.5;621
20250903 150600;23508.75;23513.75;23501;23507;785
20250903 150700;23507.25;23515;23507.25;23513.5;456
20250903 150800;23513;23513.5;23499;23500;774
20250903 150900;23500;23508.75;23490.75;23495.25;1403
20250903 151000;23496.25;23509.5;23495.25;23506.75;948
20250903 151100;23507.25;23512.75;23504;23507.5;728
20250903 151200;23508.5;23509.75;23503.25;23505.75;514
20250903 151300;23505.5;23511.25;23504.25;23505.5;679
20250903 151400;23505.75;23506.75;23489.25;23490.25;1047
20250903 151500;23490.75;23500.5;23490.25;23492;947
20250903 151600;23491.75;23496;23486.75;23492.5;1152
20250903 151700;23492.5;23493;23480.5;23480.75;1039
20250903 151800;23480.75;23488;23475.5;23478;1278
20250903 151900;23477;23484.25;23476.5;23482.5;776
20250903 152000;23482.75;23486.25;23480.75;23484;636
20250903 152100;23484;23488.5;23477.75;23478;636
20250903 152200;23478;23479.5;23468.5;23470.5;1214
20250903 152300;23471.25;23474;23461.5;23465.75;1550
20250903 152400;23465.25;23468.5;23456.25;23462.25;1712
20250903 152500;23461.5;23471.75;23458.75;23470.25;1040
20250903 152600;23470.25;23471;23449;23449;1497
20250903 152700;23449.25;23451.5;23442;23444.75;1735
20250903 152800;23444.75;23450.75;23435.25;23437.5;1850
20250903 152900;23437.25;23442.5;23426.25;23431.5;2037
20250903 153000;23431.25;23432;23420.75;23424.5;2308
20250903 153100;23424.75;23431.75;23420.5;23422;2740
20250903 153200;23422.5;23422.75;23408.25;23410;2899
20250903 153300;23410;23418;23406.25;23415.5;1565
20250903 153400;23414.75;23421.25;23409;23417;1263
20250903 153500;23416.5;23416.75;23406.5;23415.5;1338
20250903 153600;23415.5;23430.25;23414.75;23424;2210
20250903 153700;23424.25;23435.25;23422.25;23432.5;1299
20250903 153800;23432.25;23432.5;23415.5;23416;1152
20250903 153900;23415.75;23432;23415.75;23430.25;1056
20250903 154000;23430.25;23439;23429.5;23438.25;1230
20250903 154100;23438.5;23446.75;23427;23428;1708
20250903 154200;23428.25;23440;23427.75;23438;885
20250903 154300;23437.5;23440;23434.75;23437.5;582
20250903 154400;23437.5;23440.75;23432.5;23434.25;667
20250903 154500;23434.75;23440;23429.75;23429.75;620
20250903 154600;23430;23433.5;23422.25;23430.5;1401
20250903 154700;23430.75;23433;23416.75;23416.75;1053
20250903 154800;23417.25;23426.25;23414;23423.5;1018
20250903 154900;23423.5;23424.75;23409.25;23413.25;1043
20250903 155000;23413.25;23427.25;23412;23425.75;803
20250903 155100;23425;23430.25;23418.5;23429.5;879
20250903 155200;23429;23437.75;23428.5;23436.25;946
20250903 155300;23436.75;23439;23428.75;23431;828
20250903 155400;23430.5;23432;23413.25;23414.25;1286
20250903 155500;23414.75;23431;23414.75;23429.5;834
20250903 155600;23428.75;23428.75;23414;23414.5;707
20250903 155700;23415;23422;23414.75;23418.75;629
20250903 155800;23418.25;23418.5;23400.25;23407.25;1058
20250903 155900;23407;23418;23407;23413;817
20250903 160000;23412.25;23417.5;23409;23415.5;562
20250903 160100;23415;23421;23408.5;23414.5;1220
20250903 160200;23414.25;23423.25;23412.75;23415;978
20250903 160300;23414.5;23415.25;23407.25;23411;642
20250903 160400;23412.75;23412.75;23403.5;23405;763
20250903 160500;23405.25;23414.75;23401.75;23412.75;1098
20250903 160600;23412.75;23417.25;23408.5;23411.5;564
20250903 160700;23411.75;23414.25;23408.5;23412;521
20250903 160800;23412.25;23432.25;23412;23431;1145
20250903 160900;23431.25;23436.75;23428.5;23435.25;932
20250903 161000;23435.5;23435.75;23429.25;23433;594
20250903 161100;23433.25;23437.75;23419.75;23421.75;1226
20250903 161200;23421.75;23427.75;23419.5;23423.75;680
20250903 161300;23423.5;23427.75;23422.5;23426;401
20250903 161400;23426.5;23429;23422.5;23425.25;428
20250903 161500;23425.25;23428.75;23422.5;23426;384
20250903 161600;23425.25;23429.75;23419.75;23427;552
20250903 161700;23426.75;23432;23423;23425;668
20250903 161800;23424.25;23430;23424;23427;299
20250903 161900;23427.5;23435;23424.5;23433.25;483
20250903 162000;23433.75;23442.5;23432.25;23441.75;985
20250903 162100;23441.75;23454;23439;23453;1312
20250903 162200;23453;23464;23451.5;23461;1419
20250903 162300;23460.5;23463.25;23455.75;23461.25;832
20250903 162400;23461.5;23462.25;23442.75;23443.25;1069
20250903 162500;23443.75;23447.5;23434;23434.25;1068
20250903 162600;23434.75;23439;23420.75;23427.5;1795
20250903 162700;23427.5;23443.25;23426;23442.5;1176
20250903 162800;23442.25;23447.5;23433.75;23436;722
20250903 162900;23436.5;23442;23433.25;23435.25;358
20250903 163000;23434.5;23436.5;23431.5;23433.75;482
20250903 163100;23433.75;23437.25;23428.75;23429.75;547
20250903 163200;23430;23435.75;23424.75;23435.25;771
20250903 163300;23435;23438.5;23432.5;23437.5;547
20250903 163400;23437.25;23437.5;23430.25;23432.25;408
20250903 163500;23432;23434;23427.75;23432.75;445
20250903 163600;23432.5;23433.75;23427;23430.25;296
20250903 163700;23430.75;23438.75;23426;23434;605
20250903 163800;23434;23434.5;23430.5;23431.75;328
20250903 163900;23431.75;23434;23421.5;23421.75;501
20250903 164000;23421.75;23425.5;23421.25;23422;371
20250903 164100;23422;23422;23396.25;23397.5;4736
20250903 164200;23398;23416;23397.75;23413.25;1251
20250903 164300;23413.5;23420.25;23412;23417;857
20250903 164400;23417;23422.75;23407.75;23417.25;948
20250903 164500;23417.5;23420.75;23411.5;23412;530
20250903 164600;23412;23412.5;23404;23411.25;941
20250903 164700;23411;23418.75;23411;23417.5;536
20250903 164800;23418;23420;23412.5;23413.25;494
20250903 164900;23413;23418;23405.75;23406;436
20250903 165000;23406;23407;23398.25;23404.5;821
20250903 165100;23404.75;23411.25;23391.75;23393.25;1193
20250903 165200;23393.25;23403.75;23392.5;23396.25;844
20250903 165300;23396.5;23402.25;23393.5;23396.25;653
20250903 165400;23396.5;23400.25;23393.5;23397.25;673
20250903 165500;23397.25;23399.75;23391.5;23399.75;974
20250903 165600;23400;23410;23400;23408.25;1030
20250903 165700;23407.75;23412.75;23405.75;23410.25;760
20250903 165800;23410;23417.75;23409.5;23416.25;648
20250903 165900;23416.25;23419.25;23413;23414;665
20250903 170000;23414;23416.75;23409.75;23410.75;702
20250903 170100;23411;23420.5;23409.75;23418.75;754
20250903 170200;23418.75;23424.5;23417.25;23422;863
20250903 170300;23422;23428.5;23419.75;23426.75;988
20250903 170400;23426.5;23435;23424.25;23430;917
20250903 170500;23429.75;23430.75;23422.75;23426.25;773
20250903 170600;23426.5;23433.75;23424;23432.25;902
20250903 170700;23432;23436.75;23425.75;23430;683
20250903 170800;23430;23433;23426.5;23430.5;589
20250903 170900;23430.25;23431;23426.75;23428.5;448
20250903 171000;23428.75;23429.5;23423.75;23428.5;372
20250903 171100;23428.75;23440.75;23428.75;23440.25;1135
20250903 171200;23440;23452.5;23439;23451.75;1690
20250903 171300;23452;23458.25;23450.5;23457;1252
20250903 171400;23457.25;23458.5;23453;23454.5;695
20250903 171500;23454;23454;23444.5;23445.25;745
20250903 171600;23445.5;23451.5;23445.25;23448.25;552
20250903 171700;23447.75;23456.75;23447;23455.25;770
20250903 171800;23455;23462;23453.5;23457.5;661
20250903 171900;23457.25;23460.25;23453.5;23454.75;545
20250903 172000;23454.25;23455.25;23448.5;23450.5;470
20250903 172100;23450.25;23456;23450.25;23451.25;444
20250903 172200;23450.75;23451.25;23442.5;23443.75;800
20250903 172300;23443.75;23448.25;23443.75;23446.25;288
20250903 172400;23446.25;23446.25;23438.25;23440.75;797
20250903 172500;23441;23444.25;23434.75;23435.25;405
20250903 172600;23435;23436;23418.5;23422.5;2526
20250903 172700;23422.5;23428;23414.25;23418.5;1698
20250903 172800;23418.75;23429.5;23418.75;23426.75;846
20250903 172900;23426.25;23426.25;23419.5;23423;354
20250903 173000;23422.75;23428.75;23421.75;23426;604
20250903 173100;23426;23434.5;23424.25;23431.25;887
20250903 173200;23431.25;23432.75;23421.5;23424.25;804
20250903 173300;23423.75;23433.5;23423.5;23429;650
20250903 173400;23428.25;23432.5;23420;23420;606
20250903 173500;23420.75;23424.5;23408;23410;1272
20250903 173600;23410.25;23415;23407.5;23412.5;547
20250903 173700;23412.25;23416.5;23408;23413.25;610
20250903 173800;23412.25;23412.75;23403.75;23405;795
20250903 173900;23405;23412;23404.5;23411.25;699
20250903 174000;23411.25;23412.75;23403.5;23404.5;487
20250903 174100;23403.75;23410.75;23403;23403.25;473
20250903 174200;23403.25;23404.5;23393.5;23393.5;1185
20250903 174300;23394.25;23401.5;23394;23400;766
20250903 174400;23398.75;23398.75;23377;23381;1714
20250903 174500;23380.5;23384;23374.75;23378.25;1163
20250903 174600;23378.75;23379.25;23346.75;23358.75;5784
20250903 174700;23358.5;23368;23352;23363.5;1680
20250903 174800;23363.5;23384.75;23363;23381.5;1479
20250903 174900;23382;23390.75;23376.75;23390.25;1309
20250903 175000;23390.25;23390.5;23382.5;23386.5;707
20250903 175100;23388;23388;23376.25;23380.75;1230
20250903 175200;23381;23401.25;23380.75;23396.25;1292
20250903 175300;23395.5;23397.25;23386.5;23388.25;784
20250903 175400;23388.5;23391.5;23381.5;23383.25;718
20250903 175500;23383;23387;23379.5;23379.75;576
20250903 175600;23380.25;23385.25;23376.75;23381.5;573
20250903 175700;23381.5;23381.5;23354;23361.25;2911
20250903 175800;23361.25;23372.25;23361.25;23367.75;807
20250903 175900;23367.25;23367.25;23361.25;23362.5;810
20250903 180000;23362.5;23369.75;23362.5;23364.75;497
20250903 180100;23365.25;23366;23338.25;23339.25;2367
20250903 180200;23339.5;23361.25;23339.25;23358.75;1482
20250903 180300;23358.25;23363.5;23351.25;23352.5;901
20250903 180400;23353;23353.75;23340.5;23344.25;1065
20250903 180500;23343.75;23353;23340;23346.75;729
20250903 180600;23346;23350.75;23335.5;23336.25;799
20250903 180700;23337;23354;23332;23351.75;1260
20250903 180800;23351.75;23355.75;23344;23349.5;1026
20250903 180900;23349.25;23352.5;23336;23338.5;727
20250903 181000;23339;23353.5;23338.5;23349.5;793
20250903 181100;23349.25;23354.75;23343;23345.5;743
20250903 181200;23346;23353;23344.5;23347.75;454
20250903 181300;23347.25;23354.75;23342;23345.75;777
20250903 181400;23346;23355.75;23346;23352.25;681
20250903 181500;23352.5;23365;23351.75;23358.5;1150
20250903 181600;23358.25;23358.75;23342.5;23343.5;1103
20250903 181700;23344;23352.75;23337.25;23349;1077
20250903 181800;23348.25;23355;23346.75;23351.75;504
20250903 181900;23351.75;23354;23340.5;23340.75;515
20250903 182000;23340.75;23347.75;23339.75;23341.5;482
20250903 182100;23343;23347.75;23337.25;23338;734
20250903 182200;23338;23347.75;23337.25;23343.75;476
20250903 182300;23343.5;23343.75;23333.75;23341;798
20250903 182400;23341.25;23351;23338;23347.25;896
20250903 182500;23346.5;23349.75;23330.25;23337.5;1342
20250903 182600;23338.25;23353;23333.25;23352;949
20250903 182700;23351.25;23353.75;23343.5;23350.75;720
20250903 182800;23350.75;23356.5;23346;23354.25;600
20250903 182900;23354.75;23354.75;23342.25;23343.5;503
20250903 183000;23344;23352.25;23343.75;23349.25;543
20250903 183100;23348.5;23348.5;23332.75;23340.5;906
20250903 183200;23340.25;23342;23326.25;23328;1091
20250903 183300;23328.25;23332.5;23324.75;23331;850
20250903 183400;23331;23339.75;23329;23336.75;630
20250903 183500;23336.75;23343;23333;23338.25;539
20250903 183600;23339;23341;23333;23333.5;431
20250903 183700;23334;23334.5;23320;23321.5;1039
20250903 183800;23321.75;23330;23321.75;23328;606
20250903 183900;23328.75;23330;23321.75;23325;631
20250903 184000;23324.5;23328;23318.25;23321.5;717
20250903 184100;23321.75;23327.75;23319.75;23326.25;770
20250903 184200;23326.25;23334;23321;23330.75;774
20250903 184300;23331;23340.25;23330;23337.25;908
20250903 184400;23337.5;23348.5;23331;23348;1110
20250903 184500;23347.5;23352;23345;23349.75;751
20250903 184600;23349.5;23354;23346;23352.25;698
20250903 184700;23352.5;23358.5;23347.75;23347.75;1038
20250903 184800;23348;23350.75;23343.25;23346.75;690
20250903 184900;23346.25;23348.25;23337.25;23340;749
20250903 185000;23339.5;23343.25;23337.25;23338.75;461
20250903 185100;23338;23343.5;23329.25;23331.5;971
20250903 185200;23331.75;23336.25;23329.5;23333.25;679
20250903 185300;23333.25;23347.5;23330.5;23346.25;1700
20250903 185400;23345.5;23345.75;23336.5;23343.75;611
20250903 185500;23344;23345;23339.25;23342.25;562
20250903 185600;23342.25;23346.5;23339.75;23344.5;336
20250903 185700;23344;23350;23339.75;23345;516
20250903 185800;23345.5;23346.5;23335.25;23336;572
20250903 185900;23335.5;23342;23335.25;23339.5;469
20250903 190000;23339.5;23343.25;23336.5;23342.5;350
20250903 190100;23342.5;23344.5;23330;23331.5;951
20250903 190200;23331.75;23339.5;23331;23337.75;596
20250903 190300;23338.25;23347.5;23338.25;23347.25;467
20250903 190400;23347.25;23348;23337.5;23339.25;462
20250903 190500;23339;23343.5;23338.5;23340;378
20250903 190600;23340.75;23350.5;23340.25;23348.5;700
20250903 190700;23348.5;23359.5;23347.75;23357;911
20250903 190800;23357;23358.25;23349.75;23350;746
20250903 190900;23349.25;23351.25;23345.75;23346;481
20250903 191000;23346;23352.25;23344.75;23345.25;467
20250903 191100;23345.25;23346;23337.75;23342.5;482
20250903 191200;23342.25;23343;23335;23337.75;479
20250903 191300;23338;23340.5;23334.25;23337;524
20250903 191400;23337.75;23342.75;23337.25;23340.25;356
20250903 191500;23339.75;23340.25;23333;23335.75;496
20250903 191600;23335.75;23341.5;23333.75;23340;472
20250903 191700;23338.75;23341;23334.5;23339;461
20250903 191800;23339;23342.5;23332.25;23336.5;572
20250903 191900;23336.5;23340.75;23333.75;23340;391
20250903 192000;23340;23350.25;23339.25;23348.5;908
20250903 192100;23348;23348;23340.5;23341.75;418
20250903 192200;23341.75;23353.5;23341.5;23350.75;537
20250903 192300;23350.75;23353.75;23344.75;23352.5;479
20250903 192400;23352.25;23353.25;23348.25;23349;362
20250903 192500;23348;23354.25;23348;23351.75;272
20250903 192600;23351.25;23358.25;23350.25;23355.75;523
20250903 192700;23355.5;23357.75;23352;23353.75;415
20250903 192800;23353.75;23360.5;23353.75;23356.75;520
20250903 192900;23356.75;23358.5;23350.5;23350.75;541
20250903 193000;23350.75;23355.75;23349;23353.5;426
20250903 193100;23353.75;23364.25;23352.5;23362.25;1077
20250903 193200;23361.75;23364.75;23359;23364.5;664
20250903 193300;23364;23369.5;23362.5;23364.5;1172
20250903 193400;23364.5;23370.75;23360.25;23369.25;673
20250903 193500;23369.5;23375.5;23367.75;23374;890
20250903 193600;23373.75;23385;23373.5;23376.25;1686
20250903 193700;23376.25;23380.5;23370;23374.75;825
20250903 193800;23374.5;23381;23372.25;23381;577
20250903 193900;23380.5;23383.5;23378.5;23380;667
20250903 194000;23380;23383.25;23376.5;23380.75;656
20250903 194100;23381;23386.25;23378.5;23383.25;747
20250903 194200;23383;23387.5;23380.75;23385;545
20250903 194300;23385.5;23390;23383.75;23389.25;724
20250903 194400;23389.25;23394.25;23388.25;23390;951
20250903 194500;23389.5;23399.75;23389.25;23396.75;1374
20250903 194600;23396.5;23405.5;23391;23404;2209
20250903 194700;23403.75;23404.25;23398;23400.75;925
20250903 194800;23401.5;23406.5;23401.5;23405.25;1048
20250903 194900;23405.25;23409.5;23401.25;23407;1173
20250903 195000;23407.5;23411.25;23401.75;23407.25;1126
20250903 195100;23407.5;23422.75;23406.75;23420;3155
20250903 195200;23420;23429.5;23419;23424.75;1475
20250903 195300;23425.25;23433.25;23424;23431.75;1465
20250903 195400;23432;23432.25;23420.25;23427.25;1247
20250903 195500;23427;23434;23424.25;23427.5;1667
20250903 195600;23427.25;23438.25;23424.75;23434.5;2517
20250903 195700;23434.5;23436.5;23417.25;23433.25;2714
20250903 195800;23433.5;23442.25;23432.75;23438.75;1526
20250903 195900;23439;23439.25;23431.25;23437.25;1473
20250903 200000;23437.25;23455;23437;23451.75;7637
20250903 200100;23452.25;23469.25;23451.75;23466.5;4860
20250903 200200;23466;23468;23457.5;23463.75;1817
20250903 200300;23463.75;23464.75;23457.5;23460.25;961
20250903 200400;23460;23460.5;23453;23455.25;669
20250903 200500;23456;23460.5;23455.25;23458.75;662
20250903 200600;23458.75;23461.25;23451.25;23459.5;706
20250903 200700;23459.25;23463;23456.75;23462.5;509
20250903 200800;23462.5;23464;23458.25;23459;414
20250903 200900;23459.25;23462;23459.25;23460.25;211
20250903 201000;23460.25;23462.75;23457.75;23457.75;241
20250903 201100;23458.25;23459.25;23454.25;23454.25;343
20250903 201200;23455;23455.5;23452.25;23453.75;245
20250903 201300;23453.75;23457.25;23453;23454.75;270
20250903 201400;23455.25;23456.25;23451.5;23452.75;347
20250903 201500;23453;23456.25;23452.25;23454.75;352
20250903 201600;23454.25;23454.75;23451.75;23452.75;237
20250903 201700;23453.25;23453.75;23447.5;23450;353
20250903 201800;23450.25;23452.5;23449.5;23450.5;167
20250903 201900;23450.75;23452.75;23449.5;23451;227
20250903 202000;23451.5;23454;23451;23453.5;144
20250903 202100;23453.75;23454.5;23452.25;23453.75;105
20250903 202200;23453.75;23456.75;23453;23454.75;151
20250903 202300;23455;23460.25;23454.75;23459.25;250
20250903 202400;23460;23460.5;23458;23459;122
20250903 202500;23458.75;23460.5;23458.75;23460;72
20250903 202600;23460.5;23464;23460.5;23464;232
20250903 202700;23464;23464;23461.5;23462.75;127
20250903 202800;23462.75;23464.75;23462.5;23463.25;126
20250903 202900;23463.5;23467;23463.5;23466;238
20250903 203000;23465.5;23466.25;23464;23465.25;172
20250903 203100;23465;23467.25;23464.25;23467.25;133
20250903 203200;23467;23469.5;23466.25;23468.5;189
20250903 203300;23468.5;23471.75;23468.5;23470.25;194
20250903 203400;23470;23470.75;23467.25;23468.25;91
20250903 203500;23467.75;23468.5;23466;23466.75;87
20250903 203600;23467;23467.5;23463.5;23464.25;169
20250903 203700;23464.5;23464.75;23462.5;23463.75;51
20250903 203800;23464;23466.5;23463.25;23464;98
20250903 203900;23464;23464;23460.5;23461.25;81
20250903 204000;23461.25;23462.25;23460;23460.75;72
20250903 204100;23460.5;23462;23458;23458.75;88
20250903 204200;23459;23462.5;23458.5;23460.5;236
20250903 204300;23460.5;23461.25;23460;23461;43
20250903 204400;23461;23461.5;23458.5;23458.5;134
20250903 204500;23459;23460.5;23459;23460.5;109
20250903 204600;23460;23461.75;23458.75;23459.5;113
20250903 204700;23459.25;23461;23458.75;23460.75;134
20250903 204800;23460.5;23461.25;23459.5;23459.5;37
20250903 204900;23459.25;23461.25;23459.25;23460.75;52
20250903 205000;23460.25;23460.25;23457.25;23457.75;90
20250903 205100;23457.5;23460;23456.75;23459.25;146
20250903 205200;23458.5;23458.5;23455;23456.25;65
20250903 205300;23456.5;23457;23455.25;23455.5;78
20250903 205400;23455.25;23455.5;23451.5;23453.25;151
20250903 205500;23453.5;23454;23452.25;23452.5;67
20250903 205600;23452.5;23454;23451.25;23453;161
20250903 205700;23453.25;23454;23452.75;23452.75;40
20250903 205800;23452.75;23454.5;23452.5;23454.25;104
20250903 205900;23454.25;23455.75;23454;23454.5;109
20250903 210000;23454.75;23456.75;23453.5;23455.75;163
20250903 220100;23456.75;23458.25;23442;23444.5;309
20250903 220200;23442.25;23450;23440.5;23442.5;175
20250903 220300;23442.5;23444.5;23439.75;23441.25;84
20250903 220400;23442;23444.5;23439;23444.5;105
20250903 220500;23444.5;23448.25;23444.5;23444.5;80
20250903 220600;23444;23446.5;23444;23445;51
20250903 220700;23445.75;23445.75;23440.5;23444.25;66
20250903 220800;23444;23446.5;23442.75;23446;53
20250903 220900;23446;23450;23445.25;23449.5;88
20250903 221000;23448.5;23450.5;23447.25;23449;46
20250903 221100;23449.5;23453.5;23448.25;23450.5;95
20250903 221200;23450.25;23451.25;23450;23450.75;34
20250903 221300;23451.25;23454.75;23451.25;23453;61
20250903 221400;23453.5;23454.5;23448.75;23449;46
20250903 221500;23449;23450.25;23447.25;23449.75;41
20250903 221600;23450;23450.75;23447.25;23448;40
20250903 221700;23448.75;23452.75;23448.75;23449.25;79
20250903 221800;23449.5;23451.25;23445.25;23449.5;71
20250903 221900;23449.25;23454.5;23449;23453;107
20250903 222000;23452.75;23453;23448.5;23448.5;38
20250903 222100;23449;23449.25;23446.5;23448;33
20250903 222200;23448;23452.75;23448;23448;39
20250903 222300;23447.25;23447.5;23444.75;23445;41
20250903 222400;23445;23445;23442.25;23443.5;47
20250903 222500;23443.5;23444.25;23439.75;23440.25;63
20250903 222600;23440.5;23441.75;23438.5;23439.5;104
20250903 222700;23440.5;23442.25;23438.5;23441.25;77
20250903 222800;23440.25;23441.5;23439.5;23440.75;17
20250903 222900;23440.25;23440.25;23438.5;23439.5;32
20250903 223000;23440;23440.75;23439.25;23439.25;17
20250903 223100;23439.5;23441.25;23438.75;23440.5;38
20250903 223200;23440.5;23442.25;23439.75;23442.25;61
20250903 223300;23442.5;23444;23441;23441;48
20250903 223400;23442.75;23443;23441.25;23443;29
20250903 223500;23443;23443;23439.25;23440.25;26
20250903 223600;23439.75;23440.25;23438;23439;24
20250903 223700;23438.75;23440;23438;23440;23
20250903 223800;23439.5;23442;23438.75;23441.5;27
20250903 223900;23441.25;23442;23441;23441.25;26
20250903 224000;23441.25;23441.25;23438.75;23439.25;30
20250903 224100;23439;23439.75;23438;23438;22
20250903 224200;23439;23439.75;23438;23438.75;26
20250903 224300;23439;23440;23437.75;23440;25
20250903 224400;23439.25;23439.25;23436.75;23437;45
20250903 224500;23437.75;23438;23436.25;23436.25;37
20250903 224600;23436.5;23437;23435.25;23436.5;61
20250903 224700;23436.75;23437.5;23435.25;23435.5;24
20250903 224800;23435.5;23436.5;23434.75;23436;24
20250903 224900;23435.75;23436;23434.25;23435.25;47
20250903 225000;23436;23436.75;23435.5;23436.75;5
20250903 225100;23436.75;23437.75;23436.25;23437.5;58
20250903 225200;23437.25;23437.25;23436.5;23437.25;14
20250903 225300;23436.75;23438;23436.5;23437.25;44
20250903 225400;23437.75;23438;23437.75;23438;3
20250903 225500;23438;23439;23437.5;23439;27
20250903 225600;23438.25;23441.25;23438.25;23441;60
20250903 225700;23440.5;23440.75;23436.5;23437;31
20250903 225800;23437;23437;23435.5;23436;20
20250903 225900;23435.5;23436;23435;23435.75;25
20250903 230000;23435.25;23435.75;23434.5;23434.75;22
20250903 230100;23435;23440.75;23434.5;23438.5;88
20250903 230200;23438;23439.75;23437.25;23438.25;27
20250903 230300;23438;23439.25;23438;23439;9
20250903 230400;23438.75;23440.5;23438;23440.5;24
20250903 230500;23440.5;23445.5;23440;23442;136
20250903 230600;23442.75;23447.5;23441.75;23447;49
20250903 230700;23446.25;23447.75;23446;23447.5;58
20250903 230800;23447.25;23447.25;23444.5;23445;27
20250903 230900;23445.5;23445.5;23443.5;23443.5;8
20250903 231000;23443.5;23444.25;23442.5;23444.25;11
20250903 231100;23445;23448;23445;23447.25;42
20250903 231200;23447.5;23449;23445.5;23448.25;60
20250903 231300;23448.25;23448.25;23446.75;23447.75;10
20250903 231400;23448.25;23452;23448;23450.75;85
20250903 231500;23450.75;23453.5;23450.75;23452.5;57
20250903 231600;23453;23457.25;23452.5;23453.5;112
20250903 231700;23453.5;23453.5;23451;23452.25;39
20250903 231800;23452;23452;23449.5;23449.5;18
20250903 231900;23449.5;23451;23447.5;23451;49
20250903 232000;23449.75;23450.75;23448.25;23449.25;17
20250903 232100;23449;23450.25;23447.5;23447.5;29
20250903 232200;23447;23449;23445.25;23448;17
20250903 232300;23448;23449.5;23448;23448.25;10
20250903 232400;23449.25;23451.25;23448.75;23449;35
20250903 232500;23450;23453;23448.25;23449.25;62
20250903 232600;23449.25;23451.5;23448.75;23448.75;25
20250903 232700;23449.25;23450;23449.25;23449.25;12
20250903 232800;23448.75;23449.5;23448.5;23448.5;8
20250903 232900;23448.5;23449;23447.5;23447.5;26
20250903 233000;23447.5;23447.75;23446.5;23446.5;10
20250903 233100;23446.5;23448.75;23446.5;23447.75;21
20250903 233200;23447.5;23447.75;23445.5;23446.25;63
20250903 233300;23445.75;23445.75;23441;23442.75;95
20250903 233400;23442.25;23443.25;23440;23441.75;83
20250903 233500;23441.5;23441.5;23438.75;23438.75;77
20250903 233600;23438.75;23438.75;23436.25;23437.25;86
20250903 233700;23437.5;23439.5;23436.5;23439.5;29
20250903 233800;23439.75;23440.75;23439;23440;24
20250903 233900;23439.75;23439.75;23438.5;23439;9
20250903 234000;23438.5;23441.25;23438.25;23441.25;11
20250903 234100;23441;23442.5;23440.75;23442;26
20250903 234200;23442;23442.5;23439.75;23441;25
20250903 234300;23441.25;23441.25;23439.75;23440.25;13
20250903 234400;23439.5;23439.5;23437.25;23437.5;16
20250903 234500;23436.75;23436.75;23434.75;23435;57
20250903 234600;23435;23436.25;23433;23436;65
20250903 234700;23435.5;23436.5;23434.5;23436.5;24
20250903 234800;23436;23436;23434;23434;12
20250903 234900;23434.25;23434.25;23431.75;23433.75;41
20250903 235000;23434;23434.75;23432.75;23434.75;29
20250903 235100;23434.5;23437.75;23434.25;23437;55
20250903 235200;23437.25;23439.25;23437.25;23439;42
20250903 235300;23438.5;23442;23438.5;23440;50
20250903 235400;23440.75;23442;23439.25;23440.25;30
20250903 235500;23439;23439;23436.5;23437.25;29
20250903 235600;23436.75;23438.5;23436;23438.25;31
20250903 235700;23437.75;23437.75;23436.25;23437.25;15
20250903 235800;23438.75;23439;23436.75;23436.75;12
20250903 235900;23437;23437;23436;23437;9
20250904 000000;23437.25;23439;23437;23438.5;20
20250904 000100;23437.5;23439.25;23431.25;23437;153
20250904 000200;23438.75;23445.75;23438.75;23444.25;148
20250904 000300;23444.75;23452.75;23443;23451.75;205
20250904 000400;23451.5;23464;23451.5;23461;276
20250904 000500;23461;23468.25;23461;23468;194
20250904 000600;23467.75;23479.5;23466.5;23474.5;381
20250904 000700;23475;23476.75;23472.25;23472.25;110
20250904 000800;23472.25;23473.75;23464.25;23465.25;164
20250904 000900;23466.75;23472.25;23466.5;23471.75;101
20250904 001000;23471;23471;23464.75;23465.5;69
20250904 001100;23466.75;23467.75;23461.25;23464.25;106
20250904 001200;23465.5;23469.25;23464;23468;68
20250904 001300;23468;23474;23468;23473;117
20250904 001400;23472.75;23476.5;23472.75;23474.5;74
20250904 001500;23474.75;23475.25;23472.75;23475.25;57
20250904 001600;23473.75;23476.5;23471.75;23476;90
20250904 001700;23475.5;23476;23471.75;23472.25;78
20250904 001800;23472.75;23473.75;23469.75;23471.75;80
20250904 001900;23472;23477.75;23470.75;23477.75;79
20250904 002000;23477;23499.75;23476.75;23498.25;506
20250904 002100;23498.25;23504.5;23495.25;23502.25;293
20250904 002200;23502.5;23509;23500.75;23506.5;270
20250904 002300;23505.75;23515;23504.5;23507.75;312
20250904 002400;23507.75;23510;23499;23501;209
20250904 002500;23500.75;23501.75;23495.25;23496.25;175
20250904 002600;23496.25;23496.75;23489.25;23491.25;184
20250904 002700;23491.25;23504.25;23491;23503.5;226
20250904 002800;23504;23505.25;23498.75;23503.5;165
20250904 002900;23503.25;23504.5;23496.75;23497;63
20250904 003000;23496.75;23500.75;23496.25;23497.5;67
20250904 003100;23496.75;23499.25;23494.75;23498.75;100
20250904 003200;23498.5;23501.25;23498;23499.25;70
20250904 003300;23500;23500.25;23496.25;23497.25;57
20250904 003400;23497.5;23502.25;23496.5;23502;58
20250904 003500;23502;23506.5;23500.75;23506.5;86
20250904 003600;23506.75;23508;23504.5;23508;118
20250904 003700;23507.25;23510.5;23506.5;23506.5;144
20250904 003800;23507.5;23512.5;23507.25;23509;143
20250904 003900;23508.5;23511;23506.5;23507.5;38
20250904 004000;23506.5;23507;23504;23506.5;96
20250904 004100;23507.5;23512.5;23507.5;23510;134
20250904 004200;23509.75;23511.75;23507;23509.75;74
20250904 004300;23508.5;23508.5;23504.25;23505;81
20250904 004400;23504.25;23508.5;23502;23504.75;84
20250904 004500;23505;23506.25;23503.5;23504.75;35
20250904 004600;23504.75;23505.25;23500.5;23500.5;120
20250904 004700;23500.75;23502;23498.25;23499;110
20250904 004800;23498.25;23501.25;23494.5;23498.5;164
20250904 004900;23498.5;23503.5;23498.25;23498.5;66
20250904 005000;23499.25;23501;23498;23500.25;42
20250904 005100;23500.5;23506;23500;23505.25;63
20250904 005200;23504.75;23507.25;23502.75;23507.25;106
20250904 005300;23506.5;23507.25;23504.5;23507;55
20250904 005400;23506;23507.5;23504.25;23506;99
20250904 005500;23505.25;23507.25;23502.25;23506.75;71
20250904 005600;23506.5;23506.75;23503;23503;63
20250904 005700;23502.75;23506.25;23501.75;23504.25;59
20250904 005800;23502.75;23502.75;23500.75;23501.25;25
20250904 005900;23501;23507.5;23497.75;23507.5;174
20250904 010000;23507;23507;23502.5;23502.5;44
20250904 010100;23503.75;23506;23496.75;23498.75;156
20250904 010200;23498.75;23509.75;23498.75;23507;152
20250904 010300;23508;23509;23506.25;23508.5;51
20250904 010400;23509;23509.25;23501.5;23502.5;68
20250904 010500;23504.5;23506.75;23504;23506.25;32
20250904 010600;23506.75;23507.75;23497;23498.25;96
20250904 010700;23499;23505.75;23498.5;23502.25;80
20250904 010800;23502;23502.5;23499.75;23502.5;40
20250904 010900;23502.5;23506.75;23502.5;23505.75;41
20250904 011000;23507;23508.5;23505.75;23506.25;37
20250904 011100;23505.5;23509.25;23505;23507;60
20250904 011200;23507;23507.5;23502.75;23502.75;52
20250904 011300;23502.25;23502.25;23498;23500.25;81
20250904 011400;23500.75;23503;23498.25;23498.5;35
20250904 011500;23499.75;23499.75;23497.75;23498;56
20250904 011600;23497.25;23499.25;23494.75;23498.25;78
20250904 011700;23499;23500.5;23495.5;23497.25;60
20250904 011800;23497.25;23502.5;23497.25;23501.5;31
20250904 011900;23501.25;23503;23499.75;23502.25;26
20250904 012000;23502.75;23504.75;23502;23503.75;34
20250904 012100;23503;23505.5;23501.75;23505.5;25
20250904 012200;23505.25;23505.25;23499.75;23500.75;38
20250904 012300;23500.5;23501.75;23497.75;23498.5;49
20250904 012400;23498;23498.75;23494;23494.25;45
20250904 012500;23495.5;23497.25;23492;23493.75;69
20250904 012600;23493;23493;23490;23492.25;89
20250904 012700;23492.75;23498.25;23492.25;23496;78
20250904 012800;23496.25;23498;23495.5;23495.5;35
20250904 012900;23495;23496.75;23491.75;23493.25;71
20250904 013000;23493;23495.75;23492.25;23493.5;73
20250904 013100;23493;23500;23492;23500;56
20250904 013200;23499.75;23499.75;23494.25;23496.5;28
20250904 013300;23496.75;23497;23494.5;23496.75;28
20250904 013400;23497.25;23497.75;23494.75;23495.25;21
20250904 013500;23494.75;23499;23493.5;23493.5;51
20250904 013600;23493.75;23497.5;23493.75;23494.75;48
20250904 013700;23494.75;23495.75;23492.25;23494.75;48
20250904 013800;23495;23498.75;23493.5;23494.25;81
20250904 013900;23494.25;23494.5;23487.25;23489;86
20250904 014000;23488.75;23490;23485.5;23489.25;92
20250904 014100;23489.5;23494.75;23488.75;23494.75;77
20250904 014200;23493.75;23498.5;23493.75;23495.75;85
20250904 014300;23495;23499;23494.75;23496.75;55
20250904 014400;23496.75;23498.75;23495.25;23497.5;62
20250904 014500;23497.25;23498.75;23495.5;23498.25;61
20250904 014600;23498.75;23501.25;23497.25;23497.5;66
20250904 014700;23497.25;23497.25;23491.5;23493.75;53
20250904 014800;23493.25;23493.25;23491.75;23492.75;41
20250904 014900;23493;23493.25;23488;23489;43
20250904 015000;23488.75;23491;23487.5;23489.5;62
20250904 015100;23490;23492.5;23488.75;23490;44
20250904 015200;23489.25;23492.75;23488.5;23491.75;27
20250904 015300;23491;23493.75;23490.5;23493.75;39
20250904 015400;23494.25;23494.25;23490.5;23491.75;77
20250904 015500;23491.25;23491.5;23489.25;23490;21
20250904 015600;23488.75;23489.5;23484.75;23487.25;119
20250904 015700;23487.5;23490.5;23486.5;23490.5;35
20250904 015800;23490.75;23496.75;23490.25;23495.75;91
20250904 015900;23496;23498.5;23496;23498.5;45
20250904 020000;23498;23499.25;23495.75;23498.25;56
20250904 020100;23497.75;23508.5;23497.75;23507;223
20250904 020200;23506.75;23508;23505.25;23507.25;80
20250904 020300;23507.5;23516.25;23507.5;23516.25;260
20250904 020400;23515.5;23516.25;23513.5;23514.75;104
20250904 020500;23515;23516.25;23513.25;23514;54
20250904 020600;23513.75;23513.75;23510.5;23511.5;66
20250904 020700;23510.5;23514.25;23509.75;23514.25;53
20250904 020800;23514.25;23519;23513.75;23517.5;175
20250904 020900;23517.25;23532;23515.75;23528.75;686
20250904 021000;23528;23528;23523;23525;173
20250904 021100;23524;23525;23521;23521;88
20250904 021200;23520.5;23520.5;23516.25;23517.75;109
20250904 021300;23517.25;23523.25;23516.5;23522.75;128
20250904 021400;23522;23523.5;23521.25;23522;42
20250904 021500;23521.5;23524;23521.25;23523.5;62
20250904 021600;23522.5;23523.5;23519.5;23520.5;50
20250904 021700;23521.25;23521.25;23517;23520;70
20250904 021800;23519;23519.75;23517;23518.75;77
20250904 021900;23517.75;23519.5;23517.25;23517.25;14
20250904 022000;23518.5;23520.5;23516.5;23519.25;37
20250904 022100;23519;23519;23514.25;23515;92
20250904 022200;23516;23516.75;23513;23515.25;86
20250904 022300;23514.75;23516.75;23514.75;23515.75;24
20250904 022400;23515;23516.25;23513.5;23514.5;30
20250904 022500;23513.5;23515.5;23513.5;23513.5;17
20250904 022600;23514;23514;23510;23511.25;46
20250904 022700;23510.5;23511;23507;23507;107
20250904 022800;23506.75;23508.25;23503.25;23503.5;103
20250904 022900;23503.25;23503.5;23499.75;23501.75;120
20250904 023000;23501.5;23503.75;23498.25;23498.25;175
20250904 023100;23498;23498;23490.25;23493.75;295
20250904 023200;23493;23496.5;23492.25;23493.5;70
20250904 023300;23493.25;23497.75;23492.75;23496.5;53
20250904 023400;23495.75;23499.5;23495.25;23497.75;54
20250904 023500;23497;23501.5;23496;23501.5;61
20250904 023600;23501.25;23504.5;23499;23502.5;102
20250904 023700;23502;23502;23497.5;23498.25;29
20250904 023800;23499;23507.75;23498.75;23504.25;91
20250904 023900;23503.25;23503.25;23500;23501.25;45
20250904 024000;23502.25;23503;23500;23503;20
20250904 024100;23502.5;23502.5;23497.75;23500.5;60
20250904 024200;23500;23503;23500;23500.75;29
20250904 024300;23499.5;23500.75;23498;23500.75;31
20250904 024400;23500.25;23501;23499.5;23499.5;12
20250904 024500;23498.5;23499.75;23497.5;23499.75;24
20250904 024600;23500.25;23503.5;23499.75;23501.5;27
20250904 024700;23501.75;23502.5;23500;23500.25;36
20250904 024800;23500.25;23501;23498;23498.25;34
20250904 024900;23498.75;23500;23496.75;23500;29
20250904 025000;23500;23502;23499.25;23502;31
20250904 025100;23501.25;23501.25;23495;23497;53
20250904 025200;23498;23498.5;23492.25;23493.5;65
20250904 025300;23493.25;23493.25;23488;23489.25;113
20250904 025400;23489.5;23491.5;23489;23490;38
20250904 025500;23490;23491;23489;23489.75;36
20250904 025600;23490.25;23494.5;23490.25;23491;46
20250904 025700;23490.25;23491.25;23488.75;23489.5;34
20250904 025800;23488.5;23488.5;23482.75;23486.5;104
20250904 025900;23486.5;23487.5;23482.5;23482.5;37
20250904 030000;23482.5;23482.5;23475.5;23480.25;207
20250904 030100;23480.25;23482.25;23477.25;23477.25;97
20250904 030200;23477.75;23480;23476.25;23478;47
20250904 030300;23477.5;23478.5;23476;23476.5;41
20250904 030400;23476.25;23477.25;23474;23474.75;76
20250904 030500;23475.5;23478.75;23475;23475;59
20250904 030600;23474.75;23475.75;23473.75;23474.5;68
20250904 030700;23474;23475.75;23471.75;23473.5;89
20250904 030800;23473.75;23474;23470.75;23472.25;63
20250904 030900;23471.5;23472;23470;23471.25;62
20250904 031000;23471.5;23474;23469.25;23473.5;101
20250904 031100;23474.25;23478;23474.25;23477.75;101
20250904 031200;23476.75;23477;23474.75;23475;44
20250904 031300;23475;23478;23474;23477;28
20250904 031400;23476.5;23479.25;23476.25;23477.75;46
20250904 031500;23478.25;23479.25;23476;23478;58
20250904 031600;23478.5;23479.75;23476.5;23478;71
20250904 031700;23477.25;23478;23476;23477.5;33
20250904 031800;23478.5;23478.5;23476.5;23478;18
20250904 031900;23477.75;23479.25;23477;23478.5;15
20250904 032000;23478.75;23480.5;23478;23479;32
20250904 032100;23479;23484;23479;23481.75;88
20250904 032200;23482;23482.5;23481;23482.25;27
20250904 032300;23481;23482.5;23480.25;23480.25;30
20250904 032400;23480;23480;23476;23478.25;61
20250904 032500;23478.25;23478.25;23474.75;23475.75;40
20250904 032600;23476.25;23478.75;23476.25;23478.25;30
20250904 032700;23478.25;23478.25;23475.75;23476.5;18
20250904 032800;23476;23476;23472;23474.75;73
20250904 032900;23474.75;23475;23470.25;23472;86
20250904 033000;23471;23471.5;23467.25;23470.75;138
20250904 033100;23469.25;23472;23469;23471;63
20250904 033200;23470.75;23470.75;23467.75;23469.75;63
20250904 033300;23468.75;23469.25;23465.25;23465.5;74
20250904 033400;23466.5;23468.25;23462.5;23464.25;136
20250904 033500;23464.5;23465;23460.5;23460.75;93
20250904 033600;23460.25;23462;23459;23460;103
20250904 033700;23460.5;23462;23459;23462;110
20250904 033800;23461.75;23464.25;23461;23462;54
20250904 033900;23462;23464;23461.75;23462.25;29
20250904 034000;23462.75;23463.25;23462;23462.75;20
20250904 034100;23462.75;23463.5;23460.25;23461;28
20250904 034200;23461.25;23461.25;23459;23460.5;19
20250904 034300;23461.5;23465.25;23461.25;23462;38
20250904 034400;23463;23466.5;23463;23466;45
20250904 034500;23465.75;23466.25;23465.5;23466.25;10
20250904 034600;23466.5;23469.25;23466.25;23469.25;47
20250904 034700;23468.5;23468.75;23467;23467.5;22
20250904 034800;23468;23468.5;23465;23465.25;38
20250904 034900;23465.25;23468.5;23465;23467.5;34
20250904 035000;23467.25;23469.75;23466;23468.75;27
20250904 035100;23469.5;23471;23468.25;23468.25;38
20250904 035200;23468.25;23468.75;23467;23467;37
20250904 035300;23467.75;23469.25;23467;23469.25;28
20250904 035400;23468.5;23468.5;23464;23464.5;42
20250904 035500;23464.5;23467.5;23464;23465.75;48
20250904 035600;23465.75;23465.75;23463.5;23464.5;57
20250904 035700;23463.5;23465.75;23463;23464.25;17
20250904 035800;23465;23465;23463.75;23465;9
20250904 035900;23465.25;23468.25;23465.25;23467.75;39
20250904 040000;23468.5;23470.5;23468;23469;47
20250904 040100;23469.25;23474;23469.25;23472;163
20250904 040200;23472.25;23476.25;23472.25;23476.25;68
20250904 040300;23475.75;23478.25;23474.75;23477.75;78
20250904 040400;23477.25;23480;23477.25;23478.75;57
20250904 040500;23479.25;23479.75;23477.75;23478.75;44
20250904 040600;23478.5;23480.5;23475.5;23479.25;96
20250904 040700;23479.25;23479.25;23475.25;23476.75;85
20250904 040800;23477.25;23480;23476.5;23479;39
20250904 040900;23479.75;23479.75;23477.25;23477.75;40
20250904 041000;23479;23482;23478.5;23478.75;209
20250904 041100;23479;23488.75;23479;23487.75;154
20250904 041200;23488.25;23492.5;23487.5;23491.25;108
20250904 041300;23491.75;23492;23487.25;23488.5;66
20250904 041400;23487.75;23490;23487.75;23490;24
20250904 041500;23489.5;23490.25;23487.5;23487.5;48
20250904 041600;23487.5;23489.75;23487.25;23487.25;14
20250904 041700;23487.25;23489.5;23486.75;23489.5;16
20250904 041800;23488.75;23493;23488.75;23490.75;67
20250904 041900;23490.5;23492;23489;23491.75;29
20250904 042000;23491.5;23491.5;23489.25;23491.25;30
20250904 042100;23490.75;23494.5;23490.25;23493.5;63
20250904 042200;23493.25;23493.25;23490.25;23490.25;25
20250904 042300;23490;23491.5;23489.25;23489.75;22
20250904 042400;23490;23491;23487.25;23490.5;35
20250904 042500;23489.75;23490.75;23489.75;23490.25;8
20250904 042600;23491.25;23492.5;23491;23491.5;39
20250904 042700;23491.75;23493.75;23491.75;23492.75;62
20250904 042800;23492;23495;23491.5;23491.75;110
20250904 042900;23491.75;23492.75;23490.25;23491.5;22
20250904 043000;23490.75;23493;23490.75;23492;40
20250904 043100;23492.25;23493;23488.75;23488.75;39
20250904 043200;23489.75;23491.5;23489.75;23490.75;13
20250904 043300;23490.5;23491.5;23490.5;23490.5;17
20250904 043400;23492;23492.25;23491.25;23492.25;14
20250904 043500;23492.5;23493;23490.75;23490.75;33
20250904 043600;23491;23491.25;23489.25;23489.75;25
20250904 043700;23490.5;23491;23490;23491;11
20250904 043800;23490.25;23492;23489.75;23490.25;33
20250904 043900;23490.25;23490.25;23487;23489.75;49
20250904 044000;23490.25;23491;23490;23490.25;9
20250904 044100;23491.25;23491.25;23488.5;23490.25;19
20250904 044200;23490;23490.75;23488.25;23488.25;21
20250904 044300;23488;23489.5;23487;23487;40
20250904 044400;23487.75;23488.5;23485.75;23487.25;64
20250904 044500;23487;23487;23483.75;23484;44
20250904 044600;23484;23487.5;23483.75;23487.5;37
20250904 044700;23486.75;23490;23486.5;23490;41
20250904 044800;23489.75;23492.5;23489.75;23491.5;74
20250904 044900;23492.25;23492.25;23489.75;23491.25;21
20250904 045000;23490.75;23491.75;23488.25;23488.25;32
20250904 045100;23489;23492;23489;23492;14
20250904 045200;23490.75;23491;23490;23490.25;19
20250904 045300;23489;23489.25;23489;23489.25;2
20250904 045400;23488.75;23490.75;23488.5;23490;15
20250904 045500;23490.25;23490.75;23489.75;23490.75;13
20250904 045600;23490.25;23492.5;23490;23490.5;40
20250904 045700;23490.25;23491.75;23490;23491.75;9
20250904 045800;23492;23492.5;23490.5;23491.25;19
20250904 045900;23491;23491.25;23489.5;23489.5;36
20250904 050000;23489.5;23491.25;23488.5;23491;31
20250904 050100;23491;23491.5;23488.25;23490.5;66
20250904 050200;23491;23491.75;23489.5;23491.75;18
20250904 050300;23491.25;23492.5;23491;23491.75;37
20250904 050400;23491;23492.75;23487.25;23489;36
20250904 050500;23489.5;23490.5;23487.25;23487.25;16
20250904 050600;23487;23487;23484;23486.5;45
20250904 050700;23485.5;23487.5;23484.75;23486.75;32
20250904 050800;23486.5;23487.5;23484.75;23486.75;32
20250904 050900;23486.25;23490.75;23486.25;23490.75;24
20250904 051000;23490.75;23492.25;23490.75;23491.25;25
20250904 051100;23490.75;23492.75;23490.75;23492.5;27
20250904 051200;23492;23492;23489.25;23490;13
20250904 051300;23490.5;23493.5;23490.5;23491.5;26
20250904 051400;23491.25;23493;23491;23491;25
20250904 051500;23489.75;23491.25;23489.75;23490.75;13
20250904 051600;23490.75;23491.25;23488.75;23489;26
20250904 051700;23491;23494.5;23491;23493.75;26
20250904 051800;23493.75;23501.5;23493.75;23501.25;169
20250904 051900;23501.5;23501.5;23499;23500;52
20250904 052000;23499.75;23500;23498.75;23499.25;23
20250904 052100;23499.25;23502.75;23499.25;23500.75;27
20250904 052200;23499.75;23499.75;23493.75;23495.5;50
20250904 052300;23495.5;23495.5;23488;23488.5;77
20250904 052400;23488.25;23489;23471;23473.5;315
20250904 052500;23473.25;23473.5;23467;23467.25;132
20250904 052600;23467;23470.5;23465;23470.5;99
20250904 052700;23469.75;23474.5;23469.25;23472.5;75
20250904 052800;23472.25;23472.75;23467.25;23467.75;44
20250904 052900;23468.5;23473;23468;23472.25;31
20250904 053000;23472;23472.25;23469.25;23470.75;40
20250904 053100;23472;23479.25;23472;23478.25;105
20250904 053200;23478.75;23479.5;23474.5;23475.75;46
20250904 053300;23475.75;23475.75;23474.5;23475.75;20
20250904 053400;23475.75;23477.25;23472;23473.75;43
20250904 053500;23473.5;23474.25;23470.5;23474;48
20250904 053600;23474.25;23474.75;23470.5;23470.5;43
20250904 053700;23470.25;23474.25;23469.75;23474;35
20250904 053800;23475.25;23478.75;23474;23478.75;188
20250904 053900;23479.25;23480.5;23471;23471.5;85
20250904 054000;23471;23473;23469.5;23471.75;44
20250904 054100;23471.25;23475.25;23470.75;23475.25;26
20250904 054200;23475.5;23475.5;23472.5;23475;32
20250904 054300;23474.75;23475.75;23473;23473;11
20250904 054400;23471.5;23471.5;23469.25;23470.25;23
20250904 054500;23469.75;23469.75;23468.25;23468.5;39
20250904 054600;23469.25;23469.25;23465.25;23466.25;72
20250904 054700;23466;23468.5;23465.75;23467.25;42
20250904 054800;23467.75;23470;23467.75;23469.25;41
20250904 054900;23469.25;23469.25;23467;23467;16
20250904 055000;23467.75;23469.5;23467.25;23468;24
20250904 055100;23467.75;23467.75;23462.25;23464.75;104
20250904 055200;23465.25;23467.25;23464.25;23464.75;48
20250904 055300;23465;23465.25;23459.75;23460.75;73
20250904 055400;23461;23466.5;23461;23466.25;77
20250904 055500;23466.25;23471;23466.25;23471;55
20250904 055600;23470.5;23471.75;23463.75;23467;70
20250904 055700;23466.25;23466.25;23463.5;23465.25;43
20250904 055800;23466;23467.25;23465.5;23466;16
20250904 055900;23466;23469.75;23466;23468;35
20250904 060000;23468.25;23469.25;23468.25;23469;5
20250904 060100;23467.75;23471.75;23467;23469;84
20250904 060200;23469.75;23475.75;23469.75;23473.5;82
20250904 060300;23473.75;23476.75;23472.25;23476.75;23
20250904 060400;23476.25;23476.75;23471.75;23474.25;58
20250904 060500;23474.25;23474.25;23469.5;23471.25;44
20250904 060600;23470.75;23473.25;23469.75;23472.5;42
20250904 060700;23472.5;23474.5;23470;23472.25;40
20250904 060800;23472.5;23478.75;23472.5;23478;120
20250904 060900;23476.5;23480.75;23476.5;23480;73
20250904 061000;23479.5;23481.25;23476.5;23481.25;85
20250904 061100;23481.25;23481.75;23478;23479.25;66
20250904 061200;23478.75;23478.75;23476.5;23476.75;37
20250904 061300;23477;23477;23473.25;23474.25;56
20250904 061400;23474.25;23474.5;23470.25;23470.25;57
20250904 061500;23470.25;23472.75;23470.25;23471;73
20250904 061600;23470.5;23470.5;23460.5;23461.5;147
20250904 061700;23462;23468.75;23460.75;23464.5;123
20250904 061800;23464;23465.75;23463.5;23465.25;47
20250904 061900;23465.25;23470;23465.25;23470;39
20250904 062000;23469.75;23470.75;23468.25;23470.5;52
20250904 062100;23470.5;23473.75;23469.5;23470.25;73
20250904 062200;23471;23471.5;23465;23468;57
20250904 062300;23468;23468.5;23463.5;23463.5;57
20250904 062400;23464.25;23471.75;23463.25;23469.25;95
20250904 062500;23468.5;23471.5;23465.75;23468.5;79
20250904 062600;23467.75;23468.25;23463;23465;33
20250904 062700;23464.5;23466.25;23463.75;23465.25;51
20250904 062800;23466.25;23467;23461.5;23464;122
20250904 062900;23464;23469.25;23463;23468.75;50
20250904 063000;23468.25;23470;23465.75;23465.75;60
20250904 063100;23466.25;23467.75;23464;23467.75;43
20250904 063200;23467.75;23467.75;23461.75;23462;35
20250904 063300;23462;23467;23462;23467;56
20250904 063400;23466.5;23470.5;23465.75;23467.5;79
20250904 063500;23466;23472.75;23465.75;23471.75;60
20250904 063600;23471.25;23476;23471.25;23476;102
20250904 063700;23475.5;23480.25;23475.5;23480;97
20250904 063800;23479.75;23482.25;23478;23478;79
20250904 063900;23478;23478;23471.25;23475.5;142
20250904 064000;23474.75;23475;23469;23469.5;61
20250904 064100;23468.75;23470.75;23467.25;23468.25;63
20250904 064200;23467.5;23470.5;23467;23468.5;60
20250904 064300;23468.75;23470.75;23467.5;23467.75;35
20250904 064400;23468;23471.75;23468;23470.25;41
20250904 064500;23469.5;23473.75;23468;23473;64
20250904 064600;23473;23474.75;23470.75;23474.75;45
20250904 064700;23474.75;23477;23474.25;23477;35
20250904 064800;23476.75;23479;23476.25;23478.5;37
20250904 064900;23478;23478;23476.25;23476.75;34
20250904 065000;23477.25;23479;23476.75;23478.75;39
20250904 065100;23479;23479.5;23475.5;23477.5;42
20250904 065200;23477.25;23477.25;23475;23477;25
20250904 065300;23477.75;23477.75;23474;23474;30
20250904 065400;23473.5;23474;23468.75;23469.75;94
20250904 065500;23470.25;23471.25;23467;23469;71
20250904 065600;23468.75;23468.75;23463.75;23463.75;79
20250904 065700;23463.5;23463.75;23457.75;23458.75;119
20250904 065800;23458.25;23459.25;23452.75;23455;135
20250904 065900;23454.5;23456.75;23454.25;23456;44
20250904 070000;23455.25;23458.25;23453;23454.75;90
20250904 070100;23454.5;23463.25;23451;23461.75;377
20250904 070200;23462;23483.25;23461.5;23481.75;550
20250904 070300;23480;23480;23472;23475.75;263
20250904 070400;23476.5;23482;23476.25;23480.25;161
20250904 070500;23480.5;23481.5;23476.75;23476.75;150
20250904 070600;23476;23477.75;23472.75;23474.25;195
20250904 070700;23474;23477.25;23471.25;23477.25;90
20250904 070800;23477.5;23480.25;23475.25;23477.5;75
20250904 070900;23477.25;23481;23476.75;23479.75;73
20250904 071000;23480.25;23486.5;23480;23484.25;180
20250904 071100;23483.5;23486.25;23482;23485.75;125
20250904 071200;23485;23487;23483.25;23484.5;58
20250904 071300;23485;23486;23481.5;23484.75;46
20250904 071400;23485;23488.25;23483.25;23484;97
20250904 071500;23483.25;23488;23482.75;23486.75;91
20250904 071600;23486.25;23488.5;23482.25;23487.25;85
20250904 071700;23487.5;23495.25;23487;23492.75;195
20250904 071800;23492;23497.5;23491.25;23492.5;169
20250904 071900;23493.25;23497.25;23492.5;23496.5;76
20250904 072000;23496.25;23497.5;23494.25;23495.5;102
20250904 072100;23495;23495;23486;23488.75;106
20250904 072200;23489.5;23489.5;23480.75;23480.75;133
20250904 072300;23480.5;23483.25;23478.75;23482;66
20250904 072400;23482;23484.25;23480.75;23483.5;48
20250904 072500;23484.5;23484.5;23478.75;23480;50
20250904 072600;23480.75;23483.25;23477;23477.25;76
20250904 072700;23478;23481.75;23477.25;23478.25;34
20250904 072800;23478.5;23480.75;23478.25;23480;36
20250904 072900;23480.5;23481.75;23479.25;23480;17
20250904 073000;23480;23480.75;23478.5;23479.25;34
20250904 073100;23479.5;23479.5;23474;23476.5;81
20250904 073200;23477.25;23480.5;23477.25;23479.25;38
20250904 073300;23478.75;23480.5;23477.25;23479.25;40
20250904 073400;23479.75;23485.5;23479.75;23485;86
20250904 073500;23484.25;23489.75;23483.5;23489;85
20250904 073600;23489.25;23498;23489.25;23497.5;140
20250904 073700;23497.75;23505.25;23495.75;23505;831
20250904 073800;23505;23505.5;23497.75;23499.75;159
20250904 073900;23499.75;23500.5;23491.5;23491.5;208
20250904 074000;23491.25;23491.75;23486;23486.75;125
20250904 074100;23486.5;23489.25;23486.25;23487;60
20250904 074200;23487.25;23489;23483.25;23488.75;91
20250904 074300;23488.25;23489.5;23487.75;23488;22
20250904 074400;23487.5;23487.5;23485.25;23485.25;38
20250904 074500;23486;23489;23485.25;23488.75;47
20250904 074600;23487.75;23488.5;23483;23485;70
20250904 074700;23483.75;23484.5;23482.75;23483.5;53
20250904 074800;23483.25;23485.25;23482.5;23483.25;31
20250904 074900;23483.5;23485;23482.5;23482.5;33
20250904 075000;23482.75;23483;23481.5;23482.5;31
20250904 075100;23482;23485.5;23479.75;23483.75;110
20250904 075200;23483.5;23487.5;23479.5;23481.75;149
20250904 075300;23482.25;23486.5;23482.25;23485.75;30
20250904 075400;23486.5;23488.25;23484.25;23484.25;72
20250904 075500;23483.75;23484.75;23483;23483.75;24
20250904 075600;23483.75;23487;23483.75;23486.25;32
20250904 075700;23486.5;23487;23485;23486.5;30
20250904 075800;23487;23488.25;23486;23487.75;29
20250904 075900;23488;23488.25;23486.75;23486.75;30
20250904 080000;23487.5;23488.75;23486.5;23488.75;34
20250904 080100;23488.25;23492.5;23482.25;23486.75;210
20250904 080200;23486.75;23489.5;23482;23483.25;117
20250904 080300;23483.25;23492;23483.25;23491.75;132
20250904 080400;23492;23492;23486.5;23491.25;172
20250904 080500;23492.25;23492.25;23488.25;23490;46
20250904 080600;23490.25;23491.25;23480;23481.75;132
20250904 080700;23480.25;23483.75;23476.75;23483.5;145
20250904 080800;23483;23488;23482.25;23486.25;102
20250904 080900;23486;23490.5;23484;23490;145
20250904 081000;23490;23500.75;23490;23499.5;809
20250904 081100;23499.75;23500;23492;23493.5;233
20250904 081200;23493.5;23494.25;23488.5;23489.25;183
20250904 081300;23490;23490.75;23483.25;23484.75;85
20250904 081400;23483.75;23488;23482.75;23487.75;125
20250904 081500;23487.75;23490.75;23486.75;23489.75;60
20250904 081600;23490.75;23496.25;23489.25;23495.25;105
20250904 081700;23494.5;23494.5;23489.5;23490;68
20250904 081800;23490.75;23493.5;23489.75;23493.25;44
20250904 081900;23493.75;23496.25;23493;23494.75;111
20250904 082000;23493.75;23497;23493.5;23494.5;104
20250904 082100;23494.75;23497.25;23491.25;23495.5;86
20250904 082200;23494.75;23496.25;23492.75;23496.25;36
20250904 082300;23496.25;23497.75;23493.5;23497.25;36
20250904 082400;23497.25;23503.25;23496.75;23502.25;308
20250904 082500;23502;23503.75;23497.25;23499.75;158
20250904 082600;23499;23501.75;23498.25;23500;45
20250904 082700;23500.75;23502.25;23500.25;23502;22
20250904 082800;23501.75;23506.5;23501.75;23504.75;133
20250904 082900;23504.75;23505.75;23503;23504.5;59
20250904 083000;23505.25;23507;23505.25;23507;48
20250904 083100;23507;23509.75;23505.25;23506.25;114
20250904 083200;23506.5;23507;23504;23504.5;66
20250904 083300;23504;23504;23494.5;23495.25;190
20250904 083400;23496.25;23499.25;23493.25;23495.75;95
20250904 083500;23495;23496.75;23494;23495.25;74
20250904 083600;23495.75;23499.75;23495.25;23498.5;94
20250904 083700;23498.5;23500;23498.25;23499.5;66
20250904 083800;23498.75;23503.5;23497.75;23503;92
20250904 083900;23503;23503.5;23500;23503.5;32
20250904 084000;23502.5;23503;23500.5;23502.75;29
20250904 084100;23502.25;23504.25;23501.25;23503;49
20250904 084200;23502.5;23502.5;23500.25;23501.25;38
20250904 084300;23502.5;23503.25;23499.75;23500.5;46
20250904 084400;23500;23501.25;23498;23501;56
20250904 084500;23501;23503.25;23500.75;23502.75;28
20250904 084600;23503.75;23503.75;23499.75;23501;19
20250904 084700;23500.75;23501;23496.5;23497.25;35
20250904 084800;23497.5;23497.75;23494;23494.25;36
20250904 084900;23494.75;23495.75;23494.75;23494.75;25
20250904 085000;23495;23498.25;23494.25;23497.25;79
20250904 085100;23497;23500;23496.75;23498.75;61
20250904 085200;23498;23500.25;23497;23500.25;18
20250904 085300;23500.25;23502;23500.25;23502;23
20250904 085400;23502.25;23502.25;23497.25;23498;45
20250904 085500;23497.5;23500;23497.25;23499.5;10
20250904 085600;23500.25;23501;23500;23500;11
20250904 085700;23500.25;23500.25;23493.5;23494.25;73
20250904 085800;23493.75;23496.25;23493.75;23495.25;18
20250904 085900;23494.5;23496;23494.5;23496;7
20250904 090000;23496.5;23498.25;23495.75;23496.75;40
20250904 090100;23497.75;23502;23497.75;23502;37
20250904 090200;23502.25;23502.25;23496.5;23496.5;55
20250904 090300;23497.5;23503.25;23497.5;23502.25;23
20250904 090400;23502.25;23503;23500.75;23502.75;47
20250904 090500;23502.25;23503.25;23500.5;23500.5;22
20250904 090600;23500;23500.5;23498.75;23499.5;45
20250904 090700;23500;23503;23499.75;23502.75;38
20250904 090800;23502.25;23503;23500;23501;31
20250904 090900;23500.5;23501.5;23499.25;23501.5;22
20250904 091000;23501.75;23503;23500.75;23503;27
20250904 091100;23502.75;23505;23502.25;23504.25;66
20250904 091200;23504;23507;23503.75;23504.75;52
20250904 091300;23505;23506.5;23502.5;23502.75;59
20250904 091400;23503;23503;23500;23500.25;27
20250904 091500;23500.25;23501.75;23499;23500;32
20250904 091600;23500.5;23501.25;23499.75;23499.75;22
20250904 091700;23500.25;23501;23496.75;23496.75;29
20250904 091800;23497.25;23499;23495;23496.75;65
20250904 091900;23496.75;23496.75;23492.75;23494.5;97
20250904 092000;23494.25;23494.5;23493;23493.25;21
20250904 092100;23492.5;23495.5;23491.5;23495.25;55
20250904 092200;23494.5;23496;23494.25;23494.25;19
20250904 092300;23494.25;23495.75;23493;23494;41
20250904 092400;23493.75;23494.25;23492.25;23493.75;22
20250904 092500;23493.75;23497;23493.75;23496;27
20250904 092600;23496.75;23498;23496.5;23498;58
20250904 092700;23497.5;23499;23496.75;23499;17
20250904 092800;23499;23499;23497.5;23498.75;23
20250904 092900;23498;23498.25;23496;23496;29
20250904 093000;23496.25;23499.75;23495;23499;36
20250904 093100;23499.25;23501.75;23498.5;23500.75;29
20250904 093200;23501.25;23504.5;23501.25;23503.25;85
20250904 093300;23504;23506.25;23504;23505.75;46
20250904 093400;23505.5;23506.25;23503.5;23506.25;37
20250904 093500;23506;23507.5;23505.25;23505.25;37
20250904 093600;23506;23506.75;23503.25;23503.25;39
20250904 093700;23503.5;23504.75;23503.5;23504.75;10
20250904 093800;23504.75;23506.75;23504.25;23506.25;20
20250904 093900;23506.5;23508.75;23505;23507.25;70
20250904 094000;23507.75;23510.25;23507;23507.25;150
20250904 094100;23507.5;23509.75;23507.5;23507.5;44
20250904 094200;23508.5;23510;23507.5;23508;40
20250904 094300;23508.25;23509.25;23507.25;23507.25;18
20250904 094400;23507.75;23507.75;23505.5;23506.5;30
20250904 094500;23507.25;23507.25;23505;23506;20
20250904 094600;23505.25;23508;23505.25;23508;26
20250904 094700;23507.75;23508.5;23507;23508.5;26
20250904 094800;23507.25;23507.5;23504.5;23505;26
20250904 094900;23505.25;23508.25;23505.25;23508.25;28
20250904 095000;23508.75;23510.5;23508.75;23509.75;40
20250904 095100;23509;23509;23506.75;23508;58
20250904 095200;23508.75;23508.75;23503.25;23503.5;59
20250904 095300;23503.5;23506.5;23499.75;23505.75;142
20250904 095400;23506.25;23506.25;23504.5;23504.5;14
20250904 095500;23504;23505.5;23502.75;23505.25;62
20250904 095600;23503.75;23508;23503.75;23507.75;54
20250904 095700;23508.5;23511.25;23508.25;23509.75;67
20250904 095800;23510.5;23511.75;23510.5;23511;17
20250904 095900;23510.5;23512;23509.75;23511.75;54
20250904 100000;23511.5;23518;23511.25;23515.5;221
20250904 100100;23516.25;23518.25;23514.75;23518.25;103
20250904 100200;23518.5;23520;23518.25;23519.5;86
20250904 100300;23520;23524.75;23520;23523.75;238
20250904 100400;23524;23526.5;23523.25;23525;283
20250904 100500;23525.25;23525.75;23523;23523.5;48
20250904 100600;23523.5;23527;23520.25;23522.75;168
20250904 100700;23523;23523;23521.5;23522.25;41
20250904 100800;23523.25;23527.75;23523.25;23527.5;67
20250904 100900;23527.25;23528.75;23524.75;23526.25;87
20250904 101000;23526.25;23527.75;23525.25;23525.5;74
20250904 101100;23525;23526.25;23522;23522.75;133
20250904 101200;23521.75;23523;23518;23522.5;121
20250904 101300;23523.25;23526;23522.75;23525.25;58
20250904 101400;23525.25;23526.25;23524.25;23524.25;47
20250904 101500;23524.75;23535;23524.5;23531.5;499
20250904 101600;23532;23534;23527;23530.75;220
20250904 101700;23531;23532;23527.25;23527.5;112
20250904 101800;23527.25;23527.25;23522.75;23524.5;122
20250904 101900;23524.5;23525.25;23521.5;23521.5;77
20250904 102000;23521.75;23522.75;23520;23521.25;86
20250904 102100;23521.75;23522.75;23519;23519.25;77
20250904 102200;23519.75;23520.5;23516.75;23519;84
20250904 102300;23518.5;23520.25;23516;23516;82
20250904 102400;23515.5;23517;23514.25;23515;78
20250904 102500;23514.5;23515.5;23512.25;23512.25;60
20250904 102600;23512.25;23513;23509.5;23511;109
20250904 102700;23511.25;23511.75;23509.75;23510;30
20250904 102800;23510.5;23512.25;23505;23506;187
20250904 102900;23506.25;23506.5;23503;23504.25;84
20250904 103000;23503.5;23505.5;23503.25;23504.75;53
20250904 103100;23504.25;23510.5;23503.25;23509;190
20250904 103200;23509.25;23515.5;23507.75;23509.75;180
20250904 103300;23510.5;23512.5;23509.25;23511.75;105
20250904 103400;23512.5;23513.5;23506.75;23510;85
20250904 103500;23510.25;23513;23509;23509.75;93
20250904 103600;23511;23515;23510.75;23513;96
20250904 103700;23513;23516;23512.25;23514.75;90
20250904 103800;23515;23515.25;23512.5;23513;36
20250904 103900;23513.25;23514.5;23512.25;23514.25;53
20250904 104000;23513.5;23515;23513.5;23514;32
20250904 104100;23514;23516.5;23514;23516.5;47
20250904 104200;23516.5;23520;23515;23519.75;158
20250904 104300;23520.25;23520.5;23518;23518.5;61
20250904 104400;23518.25;23518.75;23516.75;23517.75;46
20250904 104500;23517.75;23517.75;23512.75;23514.25;49
20250904 104600;23514;23516;23513.5;23515.25;26
20250904 104700;23515;23516.5;23513.5;23513.5;39
20250904 104800;23513.5;23514;23510.5;23510.75;63
20250904 104900;23511.25;23513.25;23511.25;23512.25;22
20250904 105000;23512.75;23512.75;23511.25;23511.5;38
20250904 105100;23512.75;23514.75;23511.25;23512;53
20250904 105200;23512.5;23514.25;23511.75;23514.25;65
20250904 105300;23514.25;23515;23513.25;23513.25;44
20250904 105400;23512.5;23513;23510.75;23513;29
20250904 105500;23513.25;23513.25;23511;23511.75;43
20250904 105600;23512.25;23514;23511.75;23512.75;36
20250904 105700;23513.25;23513.5;23511.75;23511.75;15
20250904 105800;23512;23512;23510;23511;59
20250904 105900;23511.25;23513;23509.75;23512.5;69
20250904 110000;23512.75;23512.75;23508.25;23509;74
20250904 110100;23509;23509;23504.25;23506.5;139
20250904 110200;23505.75;23513.75;23505;23512.5;157
20250904 110300;23512.5;23517.75;23511.25;23515.25;186
20250904 110400;23515.5;23520.5;23514.75;23520;116
20250904 110500;23519.5;23520.25;23518;23518.5;63
20250904 110600;23518;23520.5;23517.75;23518.25;40
20250904 110700;23518.25;23520.75;23516.75;23516.75;70
20250904 110800;23515.5;23516;23513.25;23515.25;70
20250904 110900;23516;23519.5;23515.25;23519.5;48
20250904 111000;23519.25;23519.25;23515.25;23515.25;45
20250904 111100;23514.75;23516;23509.5;23510.25;90
20250904 111200;23510.5;23512.5;23509;23509.75;70
20250904 111300;23510.75;23516;23510.75;23515.75;54
20250904 111400;23515.25;23516;23514.75;23516;28
20250904 111500;23516;23518.75;23515.25;23518.75;80
20250904 111600;23519.25;23519.25;23517;23517.5;42
20250904 111700;23517.75;23519.75;23517;23517.75;53
20250904 111800;23517.75;23517.75;23514.75;23514.75;24
20250904 111900;23514;23514.25;23510.5;23510.75;55
20250904 112000;23510.25;23512.5;23509.5;23510.75;62
20250904 112100;23511.5;23511.75;23508.75;23509.5;60
20250904 112200;23510;23511;23508.75;23510.25;50
20250904 112300;23509.5;23510.75;23505.75;23505.75;98
20250904 112400;23506;23506.75;23497.25;23499.75;197
20250904 112500;23500.25;23502.5;23498;23502.5;140
20250904 112600;23502.5;23507.5;23502.5;23505.75;151
20250904 112700;23506;23506.25;23502.75;23503.25;86
20250904 112800;23502.75;23502.75;23493.75;23495;143
20250904 112900;23495.25;23501.5;23494;23499.75;145
20250904 113000;23500;23500.25;23496.75;23499;71
20250904 113100;23499;23505.25;23497;23499;166
20250904 113200;23498.25;23502;23496.75;23497.75;77
20250904 113300;23497.75;23501.5;23497.75;23499;49
20250904 113400;23498;23502.75;23498;23502.25;76
20250904 113500;23502.25;23505.5;23502.25;23505.25;51
20250904 113600;23504.5;23505;23501.25;23503.5;43
20250904 113700;23502.75;23503;23498;23498.75;82
20250904 113800;23498.25;23502;23498;23499;95
20250904 113900;23500.25;23501.25;23499.25;23499.75;33
20250904 114000;23500;23502.5;23499.25;23500.25;77
20250904 114100;23500.25;23502.25;23499.75;23499.75;29
20250904 114200;23499.75;23502;23498.75;23501.75;60
20250904 114300;23501.25;23505;23501.25;23503.25;55
20250904 114400;23504;23507.25;23502.25;23507.25;61
20250904 114500;23507;23509.25;23506.75;23507.5;60
20250904 114600;23507.75;23507.75;23504.5;23504.5;34
20250904 114700;23505;23507.75;23504.25;23507.5;44
20250904 114800;23508;23508;23495.75;23498.5;156
20250904 114900;23498.5;23498.5;23491;23494.75;277
20250904 115000;23494.5;23495.25;23491;23495;91
20250904 115100;23494.75;23495.5;23490;23494;92
20250904 115200;23493.75;23496.5;23493.5;23495.25;44
20250904 115300;23495.25;23495.25;23486.5;23487;250
20250904 115400;23487;23488.5;23480;23484;488
20250904 115500;23484.5;23492.25;23484.25;23487.75;159
20250904 115600;23487.75;23494;23486.75;23490.5;117
20250904 115700;23490;23493.5;23489.25;23492.25;63
20250904 115800;23493;23494.75;23491;23493.75;67
20250904 115900;23493.25;23496.75;23493;23495.5;97
20250904 120000;23495.25;23498.75;23494.75;23497.5;96
20250904 120100;23496.5;23502.25;23496;23500.25;146
20250904 120200;23500.75;23502.75;23499.25;23501.5;93
20250904 120300;23501.25;23505;23500.25;23501;108
20250904 120400;23501.25;23502.25;23498.75;23501.25;93
20250904 120500;23501.25;23508.75;23500.5;23506.75;180
20250904 120600;23506.5;23508;23504;23504.5;73
20250904 120700;23505;23507.75;23502;23507.75;94
20250904 120800;23508;23509.5;23505.5;23507.75;89
20250904 120900;23508.25;23514;23507.25;23509.75;235
20250904 121000;23509.25;23511;23505.75;23511;134
20250904 121100;23511.25;23512.25;23510;23511.25;107
20250904 121200;23511.75;23520;23510.75;23520;341
20250904 121300;23519.75;23520.25;23513.25;23513.5;189
20250904 121400;23513.75;23515.5;23509.25;23511;158
20250904 121500;23511.25;23514.5;23510.75;23513.75;106
20250904 121600;23513.5;23522.75;23509.25;23513.25;402
20250904 121700;23512.75;23514.75;23510.5;23510.5;94
20250904 121800;23511.25;23511.25;23504.75;23505.75;273
20250904 121900;23506;23508;23498.75;23498.75;316
20250904 122000;23499;23501.75;23489.25;23489.5;543
20250904 122100;23489;23491.75;23482;23489;483
20250904 122200;23489.5;23491;23486.75;23488.5;174
20250904 122300;23488.25;23491.25;23485;23487;153
20250904 122400;23486;23488.25;23484.25;23487.5;123
20250904 122500;23487;23492.25;23486;23489.5;198
20250904 122600;23489.5;23492.5;23484.5;23487.75;178
20250904 122700;23488;23490.5;23486;23489;91
20250904 122800;23489.75;23490;23484;23484.75;147
20250904 122900;23484.75;23490;23483.25;23490;130
20250904 123000;23490.25;23495.5;23488.25;23495;261
20250904 123100;23494.75;23507;23494.25;23499;538
20250904 123200;23499.25;23502.5;23490.75;23492.75;347
20250904 123300;23492.75;23495.75;23478.25;23480.75;316
20250904 123400;23481.75;23486.5;23480.75;23483.25;222
20250904 123500;23483.75;23484.5;23477.5;23478.25;278
20250904 123600;23478.5;23481.75;23474;23477.25;432
20250904 123700;23477.5;23485.25;23476.5;23482.5;275
20250904 123800;23482.75;23487;23479.75;23485.25;250
20250904 123900;23484.75;23485;23480;23481.75;125
20250904 124000;23482;23485.5;23478.5;23484.25;159
20250904 124100;23484;23488;23479.25;23481;393
20250904 124200;23481;23482;23473.75;23476;422
20250904 124300;23475.5;23477.75;23472.75;23475.75;268
20250904 124400;23475.75;23479.5;23472;23479.25;223
20250904 124500;23478.75;23481;23474.5;23477.5;216
20250904 124600;23477.25;23478.75;23470;23472.5;279
20250904 124700;23472.25;23474.25;23469.5;23474;191
20250904 124800;23474;23479.75;23473.5;23477.25;284
20250904 124900;23478;23485.25;23477.25;23484;318
20250904 125000;23483.75;23486.5;23481.5;23483.5;197
20250904 125100;23484;23486.25;23482.75;23484;134
20250904 125200;23484.5;23488.75;23483.5;23484.75;208
20250904 125300;23484.75;23484.75;23478.5;23481;215
20250904 125400;23481;23481.75;23478.25;23479.25;74
20250904 125500;23479;23480.5;23477.75;23480.5;85
20250904 125600;23480;23485.75;23478.5;23484.25;147
20250904 125700;23484.25;23485;23482.5;23484.5;130
20250904 125800;23485;23489.25;23485;23487.25;171
20250904 125900;23487.75;23489.5;23486;23486;72
20250904 130000;23485.75;23487.5;23483.5;23485;193
20250904 130100;23484.75;23485.75;23481;23483.25;248
20250904 130200;23484;23486;23477;23480;233
20250904 130300;23480.25;23480.75;23473.75;23474.75;240
20250904 130400;23475;23480;23471.75;23478.25;353
20250904 130500;23477.75;23477.75;23474;23475;183
20250904 130600;23474.75;23476.25;23471;23473;281
20250904 130700;23472.75;23473.75;23463.5;23468.5;559
20250904 130800;23468.25;23473.75;23466;23468.75;241
20250904 130900;23468.5;23472.25;23466.75;23471.25;215
20250904 131000;23471.75;23473.5;23468.5;23472;199
20250904 131100;23472.25;23474.5;23470.25;23473.25;119
20250904 131200;23474;23474.25;23465;23466.75;315
20250904 131300;23466.75;23470.75;23464.75;23466.5;157
20250904 131400;23466.75;23468.75;23462.5;23467.5;421
20250904 131500;23467;23470;23466.25;23466.75;125
20250904 131600;23466.75;23467.75;23462.5;23465.5;244
20250904 131700;23465.5;23468;23464.5;23466.75;105
20250904 131800;23467.5;23470.5;23465.25;23467.75;119
20250904 131900;23467;23471.75;23465.75;23471.5;146
20250904 132000;23471;23473;23470.75;23472.5;155
20250904 132100;23472;23473.75;23466.75;23467.75;257
20250904 132200;23467.5;23473;23467.5;23471;95
20250904 132300;23470.75;23471.5;23469.25;23470.75;140
20250904 132400;23470.75;23473.25;23469.5;23469.75;145
20250904 132500;23469.75;23470;23465.25;23465.25;250
20250904 132600;23465.25;23473.75;23460.25;23473;699
20250904 132700;23472.25;23472.25;23468.5;23470.25;248
20250904 132800;23470.25;23478;23467.5;23473.5;633
20250904 132900;23474;23481.5;23473.75;23480.5;1022
20250904 133000;23480.5;23486.5;23479.75;23479.75;752
20250904 133100;23480.5;23487.25;23457.25;23470;4392
20250904 133200;23470.25;23498;23467.5;23489.25;3902
20250904 133300;23488.75;23507.5;23480.75;23505.75;3130
20250904 133400;23505.75;23523;23501.75;23521.5;3019
20250904 133500;23522.75;23538;23508.5;23535;2960
20250904 133600;23535.25;23548.25;23530;23530.5;3804
20250904 133700;23531;23543;23514;23516.25;2855
20250904 133800;23517;23523;23498;23501.25;2690
20250904 133900;23501.5;23504;23481;23482;3177
20250904 134000;23482;23496;23482;23491.75;1967
20250904 134100;23491.25;23504;23486.25;23495;2290
20250904 134200;23494.5;23498.25;23463;23470.25;2787
20250904 134300;23470.5;23480.75;23462;23468.5;1934
20250904 134400;23469;23488;23465.25;23476.75;1659
20250904 134500;23476.75;23490;23473.25;23486;959
20250904 134600;23487.25;23508.5;23486.75;23499;2195
20250904 134700;23498.5;23500;23486.5;23491.25;1505
20250904 134800;23490.25;23512.5;23489.75;23508.75;1720
20250904 134900;23509;23512.5;23461;23461.25;2694
20250904 135000;23461.5;23485.25;23460;23484.75;1913
20250904 135100;23484.75;23498.75;23477.75;23490.5;1911
20250904 135200;23488.5;23500.75;23487.5;23490.5;1078
20250904 135300;23489.5;23503;23475.75;23479;1518
20250904 135400;23478;23485.75;23469;23479.75;1192
20250904 135500;23479.5;23481.25;23465.5;23474.25;961
20250904 135600;23475;23484.5;23459;23461.5;1451
20250904 135700;23461.75;23491.25;23460.25;23488;1590
20250904 135800;23488;23491.75;23482.5;23489.75;929
20250904 135900;23489.75;23490.75;23478.5;23484.5;693
20250904 140000;23484.25;23489;23470.5;23474;912
20250904 140100;23477.5;23490.75;23458.25;23470;1875
20250904 140200;23470.5;23476.75;23462.75;23467.25;1143
20250904 140300;23467;23472.75;23446.25;23455.75;2567
20250904 140400;23456.25;23462.5;23437;23439.25;2410
20250904 140500;23439.5;23443.5;23426.25;23431.5;2727
20250904 140600;23432;23439.5;23421;23437.25;2574
20250904 140700;23437;23449;23429.25;23436.75;1846
20250904 140800;23436.25;23451.75;23434.25;23446.5;1235
20250904 140900;23445;23454.25;23441.25;23445.5;1449
20250904 141000;23445.25;23447.75;23437;23440.5;1280
20250904 141100;23441;23448.75;23432.25;23441.25;1699
20250904 141200;23441.25;23451.25;23440.5;23451.25;1031
20250904 141300;23451.25;23470.75;23448;23466.25;2550
20250904 141400;23466;23470.25;23445.25;23446.5;1564
20250904 141500;23447;23453.25;23435.25;23437.25;1839
20250904 141600;23437;23438.5;23411.75;23419.5;3275
20250904 141700;23420;23434.5;23411.25;23411.75;1735
20250904 141800;23411.75;23426.75;23410;23425.25;1270
20250904 141900;23425.25;23429.25;23415.5;23428;1060
20250904 142000;23427.25;23448;23426.75;23443.75;1856
20250904 142100;23443.5;23451.75;23440.25;23449.25;1216
20250904 142200;23448.75;23454.75;23445;23447.5;1039
20250904 142300;23447.75;23452;23443.25;23446.5;756
20250904 142400;23446.5;23469.25;23446;23468.75;2183
20250904 142500;23469.5;23479.5;23465.25;23477.5;2026
20250904 142600;23477;23494.5;23476.75;23493.25;2361
20250904 142700;23493.75;23494;23468.25;23471;1861
20250904 142800;23470.75;23474.25;23462.5;23469.75;1165
20250904 142900;23470.25;23484.25;23466.75;23480;1063
20250904 143000;23479.25;23482.5;23476.75;23481.25;655
20250904 143100;23481;23498.75;23479.5;23495;2076
20250904 143200;23495.5;23509;23492.5;23496.5;2040
20250904 143300;23496.75;23504.75;23494.5;23504.5;1132
20250904 143400;23505;23505.75;23490.5;23492.5;1401
20250904 143500;23493;23500;23491.5;23498.5;594
20250904 143600;23498.5;23512;23497.5;23510;1346
20250904 143700;23510;23519.5;23503.25;23518.5;2320
20250904 143800;23518.75;23524.25;23518;23520.75;1878
20250904 143900;23520.75;23530.25;23520.5;23525.25;1479
20250904 144000;23525.75;23528;23514.75;23519.25;1923
20250904 144100;23519.5;23520.75;23511.25;23514.5;1331
20250904 144200;23515.25;23524.5;23514;23518.75;1101
20250904 144300;23518.25;23518.5;23498;23501.5;1673
20250904 144400;23502;23507;23496.5;23499;1273
20250904 144500;23498.75;23503.75;23494.5;23500.75;1413
20250904 144600;23500.25;23504.75;23493;23500.5;1081
20250904 144700;23500;23510;23496.25;23508.5;1241
20250904 144800;23507.75;23513.5;23507;23510.75;967
20250904 144900;23510.75;23516;23507.5;23510.5;734
20250904 145000;23510;23521;23508.5;23519.5;754
20250904 145100;23519.25;23525.5;23514.25;23525.5;1088
20250904 145200;23525;23525.75;23500.75;23509;1780
20250904 145300;23509.5;23517;23506;23510.5;929
20250904 145400;23510.75;23520;23509.25;23515.25;878
20250904 145500;23515.25;23521.25;23514.25;23516.75;650
20250904 145600;23516.75;23517.75;23499.25;23500.25;1393
20250904 145700;23501;23511.5;23500;23509.5;761
20250904 145800;23509.25;23512.5;23504.25;23506.25;700
20250904 145900;23505.5;23515.5;23505.5;23513.75;673
20250904 150000;23513.75;23522.5;23513.25;23521.75;857
20250904 150100;23522;23532;23520;23529.75;2198
20250904 150200;23529.75;23532.25;23523.75;23527.75;781
20250904 150300;23528.25;23534;23527.25;23530.75;886
20250904 150400;23530.5;23533;23525.75;23526.25;535
20250904 150500;23526.75;23528.75;23523.25;23525.25;591
20250904 150600;23525.25;23534.25;23524;23533.75;917
20250904 150700;23534;23540.5;23528;23529.25;2282
20250904 150800;23528.5;23530.5;23517.5;23525.5;1027
20250904 150900;23525.5;23531.75;23525;23531;702
20250904 151000;23531;23535.25;23528.25;23530.25;933
20250904 151100;23529.5;23533.25;23523;23526.5;888
20250904 151200;23526.5;23528.25;23498;23499;2584
20250904 151300;23499.25;23511.25;23498.5;23506;1192
20250904 151400;23506;23509.5;23493.5;23497;1035
20250904 151500;23496.25;23506.5;23492.25;23505.75;1335
20250904 151600;23505.75;23519;23504.75;23517.75;1123
20250904 151700;23517.5;23526;23515.25;23524;1369
20250904 151800;23524;23535.75;23521.75;23534;1146
20250904 151900;23533.5;23535.25;23527;23531.25;1056
20250904 152000;23531.5;23537.75;23529.75;23537;782
20250904 152100;23536.25;23537.25;23531;23535.25;736
20250904 152200;23535.25;23539.5;23535.25;23537.5;603
20250904 152300;23537.5;23548.75;23536.75;23545.5;1632
20250904 152400;23545.5;23546.25;23535.5;23536.25;923
20250904 152500;23536.25;23542.25;23535.25;23536.25;686
20250904 152600;23536.75;23544.25;23534.5;23544;749
20250904 152700;23543.5;23544.5;23535.75;23544.25;725
20250904 152800;23544;23554.25;23542.75;23551.75;2168
20250904 152900;23551.75;23556;23546.5;23549.5;1330
20250904 153000;23549.5;23552.75;23545.25;23546;726
20250904 153100;23547;23549;23538.25;23539.5;1293
20250904 153200;23539.75;23544.25;23534.5;23542.75;1026
20250904 153300;23542.25;23543;23527.5;23531.25;846
20250904 153400;23531;23536.25;23527;23535;1103
20250904 153500;23535;23540.5;23534.75;23535.5;765
20250904 153600;23535.5;23536.5;23528.5;23529;785
20250904 153700;23529.25;23536.25;23527;23535;550
20250904 153800;23534.75;23534.75;23522.25;23523.75;705
20250904 153900;23524;23529.5;23517.25;23519.25;1171
20250904 154000;23519.75;23529.5;23519.5;23528.75;626
20250904 154100;23529;23532.75;23527.25;23529.5;455
20250904 154200;23529.75;23533.25;23519.5;23520.75;709
20250904 154300;23520.75;23543;23519.25;23540.75;1481
20250904 154400;23540.5;23541.5;23536.75;23539.25;488
20250904 154500;23539.25;23540.75;23530.75;23531.5;550
20250904 154600;23531.75;23536.25;23531;23532.25;418
20250904 154700;23532.25;23537.25;23529;23533.75;474
20250904 154800;23534;23535;23523.75;23529.75;672
20250904 154900;23529.5;23534;23525.75;23526.25;475
20250904 155000;23526.75;23543.75;23526.25;23541;1122
20250904 155100;23541.25;23542.25;23531.25;23535.5;711
20250904 155200;23535.5;23543.5;23535.5;23542;646
20250904 155300;23541.75;23545;23537;23543.75;663
20250904 155400;23543.5;23551.75;23543.25;23549.5;1126
20250904 155500;23549.75;23552.25;23546.75;23551.5;780
20250904 155600;23551;23553.75;23546.25;23547.25;1081
20250904 155700;23547.25;23548.5;23541;23548;726
20250904 155800;23548.5;23554.5;23546.5;23547.75;861
20250904 155900;23547.5;23547.5;23538.5;23540.75;831
20250904 160000;23540.5;23541.5;23537.75;23538.5;592
20250904 160100;23538.25;23541;23533.5;23534;752
20250904 160200;23534.75;23536.5;23526.75;23529.25;864
20250904 160300;23529.25;23538;23529;23534;707
20250904 160400;23534;23536.5;23530;23531;274
20250904 160500;23531;23537.5;23530.75;23537.5;335
20250904 160600;23538;23542.75;23534.25;23541.75;990
20250904 160700;23542;23542.25;23533.25;23534.75;517
20250904 160800;23534.5;23544;23532;23542;571
20250904 160900;23542.5;23547;23540;23544.25;489
20250904 161000;23544.5;23552.5;23543.5;23551.5;650
20250904 161100;23551.5;23553;23548;23548.5;612
20250904 161200;23548.5;23550.75;23544;23547.5;478
20250904 161300;23547.5;23550.25;23544.5;23548;380
20250904 161400;23547.75;23552.5;23546.25;23550;447
20250904 161500;23550.25;23551;23546.5;23547.75;478
20250904 161600;23548.25;23549.5;23539;23542;958
20250904 161700;23542.75;23544.25;23537.25;23537.25;479
20250904 161800;23537.5;23545.5;23536.5;23544;466
20250904 161900;23543.25;23545.5;23537;23542;442
20250904 162000;23542;23545.25;23541.25;23542.75;332
20250904 162100;23542.75;23549;23542;23548;381
20250904 162200;23548;23548;23528.75;23534.5;881
20250904 162300;23535;23539.25;23532.5;23535;641
20250904 162400;23535.75;23536.5;23530.25;23531.75;353
20250904 162500;23531.25;23534.25;23529.75;23529.75;361
20250904 162600;23530.5;23534;23529;23532.5;489
20250904 162700;23532;23533.5;23527;23527.25;437
20250904 162800;23527.25;23528;23512.5;23513;1512
20250904 162900;23513.25;23522;23512.75;23519.25;888
20250904 163000;23519.75;23523.25;23518.75;23519.75;444
20250904 163100;23519.75;23532.5;23515.25;23530.25;1479
20250904 163200;23530.5;23532.25;23525.5;23530;606
20250904 163300;23529;23533.5;23525.75;23528;581
20250904 163400;23528;23532;23524.5;23529.75;546
20250904 163500;23529.5;23532.75;23528.25;23530;438
20250904 163600;23529.75;23535.25;23528.25;23534.5;335
20250904 163700;23534.25;23539.25;23530.75;23538.75;657
20250904 163800;23539;23542;23535.5;23541;639
20250904 163900;23540.5;23542.75;23537.5;23540.5;501
20250904 164000;23540.75;23541.25;23535.25;23536.5;363
20250904 164100;23536.5;23536.75;23527;23534.5;1054
20250904 164200;23534.25;23535.25;23528.75;23531.5;512
20250904 164300;23532;23534.25;23527.5;23530;372
20250904 164400;23529.75;23534.25;23527.25;23534.25;454
20250904 164500;23534;23536;23531.5;23532.75;287
20250904 164600;23533;23540.75;23532.5;23538.5;638
20250904 164700;23539;23539.75;23533.5;23538.25;473
20250904 164800;23538.25;23548.5;23535.5;23546.5;684
20250904 164900;23546.75;23564;23545.75;23557.25;1866
20250904 165000;23557.25;23561.25;23555;23558.5;907
20250904 165100;23558.25;23565.25;23556.25;23564.25;1111
20250904 165200;23564;23564.25;23552.75;23555;1020
20250904 165300;23555;23562.75;23552.25;23561;582
20250904 165400;23561;23562.5;23556.25;23560.5;393
20250904 165500;23560.25;23564;23559;23560.75;302
20250904 165600;23561;23564.5;23555.75;23558;696
20250904 165700;23558.5;23560;23554.25;23558.25;515
20250904 165800;23557.75;23558.25;23551;23551.75;572
20250904 165900;23551.5;23551.75;23540.75;23542.25;1216
20250904 170000;23541.75;23544.5;23536.75;23538.25;765
20250904 170100;23538.5;23552;23536.5;23548.75;1068
20250904 170200;23548.75;23558.25;23548;23556.75;945
20250904 170300;23556.75;23560.75;23556;23559.5;700
20250904 170400;23559.5;23560.25;23554.75;23557.5;442
20250904 170500;23557.25;23568.75;23556.25;23567.75;917
20250904 170600;23567.75;23572.75;23566;23569.5;1377
20250904 170700;23569.25;23570.25;23566;23568;499
20250904 170800;23568.25;23577.5;23567;23573.5;1438
20250904 170900;23573;23576.25;23571;23574;553
20250904 171000;23574.25;23575.25;23566.75;23569;670
20250904 171100;23568.75;23571;23557.25;23558.75;1321
20250904 171200;23558.75;23560.75;23553.75;23557;671
20250904 171300;23557.75;23562;23557.25;23561;455
20250904 171400;23560.25;23561.5;23554.25;23554.5;448
20250904 171500;23554.25;23556.25;23550;23552;525
20250904 171600;23551.75;23558;23551.25;23555;628
20250904 171700;23555;23560.5;23554.5;23559.5;447
20250904 171800;23559;23560;23555.25;23559.25;336
20250904 171900;23559.5;23563.25;23559.5;23561.25;439
20250904 172000;23560.75;23566.25;23560;23565.75;590
20250904 172100;23565.25;23568;23564.25;23566.75;506
20250904 172200;23566.25;23578;23564;23576.25;860
20250904 172300;23576;23577.5;23571.25;23574.25;568
20250904 172400;23574.25;23575.75;23572.75;23573.75;273
20250904 172500;23574;23576.75;23572.75;23573.75;327
20250904 172600;23574.25;23577.25;23572;23574;366
20250904 172700;23573.75;23575.75;23570.5;23574.75;373
20250904 172800;23575.5;23580;23574.5;23578.75;560
20250904 172900;23578.75;23579.75;23574;23574.25;582
20250904 173000;23574.75;23576.25;23571.25;23575.25;583
20250904 173100;23575.25;23578.25;23567;23571.25;1023
20250904 173200;23571.5;23576.5;23571.25;23573.75;401
20250904 173300;23573.5;23573.5;23569.25;23571.25;367
20250904 173400;23571;23573.75;23566.5;23572.75;545
20250904 173500;23572.75;23572.75;23567;23568.75;381
20250904 173600;23568.75;23574;23568.5;23572.5;418
20250904 173700;23572.25;23578.25;23572;23577.25;646
20250904 173800;23576.75;23577.25;23567;23568.5;549
20250904 173900;23568.25;23571.25;23566;23567.75;412
20250904 174000;23568;23571.25;23567;23568.25;339
20250904 174100;23568;23575;23566.25;23574;695
20250904 174200;23573.75;23579.5;23572.75;23578.75;606
20250904 174300;23578.75;23578.75;23574.25;23576.75;574
20250904 174400;23577;23578;23575.25;23575.25;262
20250904 174500;23575.75;23576.25;23572.25;23573.5;325
20250904 174600;23573.75;23577;23569;23570.5;519
20250904 174700;23571;23576.5;23571;23576;261
20250904 174800;23575.5;23582.5;23574.75;23579.5;696
20250904 174900;23579.75;23583;23577.5;23582.5;606
20250904 175000;23582.25;23582.75;23579.25;23580.25;336
20250904 175100;23580.75;23585.75;23579.75;23583.5;541
20250904 175200;23583.25;23592.25;23582.75;23591;1224
20250904 175300;23591.25;23595.75;23590.75;23592.5;1198
20250904 175400;23593;23608.25;23591.75;23602.25;1569
20250904 175500;23602.5;23604;23596.25;23599.25;1443
20250904 175600;23598.75;23599.25;23589;23590.75;1112
20250904 175700;23590.75;23594.25;23586.5;23586.5;792
20250904 175800;23586.75;23589.5;23585.5;23586.75;566
20250904 175900;23586.75;23587;23579;23582.75;819
20250904 180000;23583;23584.75;23581.75;23583.75;320
20250904 180100;23583.25;23590.25;23582.5;23589.5;905
20250904 180200;23589.5;23595.75;23588.5;23592.75;947
20250904 180300;23594;23596.25;23591.75;23592;499
20250904 180400;23592.25;23596.25;23591;23595.5;426
20250904 180500;23595.25;23597.25;23593;23594.25;325
20250904 180600;23594.25;23595;23589.25;23591.5;765
20250904 180700;23592;23594.5;23588;23592;464
20250904 180800;23592.5;23594;23588.75;23589;267
20250904 180900;23589.25;23590.25;23586.5;23589.75;343
20250904 181000;23589.5;23593.5;23588.75;23591.5;322
20250904 181100;23591.25;23595.25;23591;23593.75;351
20250904 181200;23593.75;23597.5;23592.5;23594.5;434
20250904 181300;23594;23597.5;23593.5;23594.25;346
20250904 181400;23594;23596.5;23593;23594;233
20250904 181500;23594;23597;23593.5;23596.5;282
20250904 181600;23596.75;23601;23595.75;23600.75;576
20250904 181700;23601;23607;23600;23602.5;905
20250904 181800;23602.75;23603.75;23599;23601;665
20250904 181900;23601;23603;23600.25;23601.75;329
20250904 182000;23602.25;23602.25;23599.25;23600.25;215
20250904 182100;23600.5;23602.25;23597.75;23599.5;376
20250904 182200;23599.75;23600.25;23594.25;23595.75;599
20250904 182300;23595.75;23603;23595.5;23602;431
20250904 182400;23602;23602;23597;23599.5;229
20250904 182500;23599.5;23603.5;23599.5;23603;309
20250904 182600;23602.75;23604.5;23600.5;23602;296
20250904 182700;23602.25;23603;23594.75;23595.5;480
20250904 182800;23595.75;23600.5;23595.5;23598.5;610
20250904 182900;23597.75;23602.25;23597.5;23601.75;315
20250904 183000;23601.75;23601.75;23596;23597.25;476
20250904 183100;23597.75;23602.25;23594;23599.25;797
20250904 183200;23599.5;23603;23599.5;23601.25;432
20250904 183300;23601.5;23609.5;23600.75;23608.75;804
20250904 183400;23609.25;23613.75;23608.25;23611.25;898
20250904 183500;23611.25;23613.75;23610.25;23613.75;442
20250904 183600;23613.75;23616;23612.25;23613.5;687
20250904 183700;23614;23614;23610.5;23613.25;472
20250904 183800;23613;23614;23610.5;23613.25;401
20250904 183900;23613.5;23619.25;23613;23617;833
20250904 184000;23616.75;23617.5;23613;23613.25;466
20250904 184100;23613.25;23618.25;23612.5;23614.75;600
20250904 184200;23615;23619.75;23614.25;23618.5;625
20250904 184300;23618.25;23619.75;23615.5;23619;342
20250904 184400;23619;23619;23610.75;23612;445
20250904 184500;23611.75;23612.75;23605.75;23606.25;823
20250904 184600;23606.5;23609.25;23606.25;23608.75;437
20250904 184700;23608.5;23609;23605;23607;340
20250904 184800;23607;23613.25;23606.25;23612.5;483
20250904 184900;23612;23613.25;23610;23611.75;324
20250904 185000;23612.25;23619;23611.5;23618.75;663
20250904 185100;23618.75;23624;23617.75;23621.75;984
20250904 185200;23621.25;23624;23619.75;23622.25;570
20250904 185300;23622.25;23622.75;23617;23617;453
20250904 185400;23617.75;23621.5;23616.75;23620.5;351
20250904 185500;23621;23621;23615.75;23617;373
20250904 185600;23617.5;23625;23616;23623.75;543
20250904 185700;23624;23624.25;23621;23621.5;335
20250904 185800;23621;23624.5;23620.5;23623.25;255
20250904 185900;23623.25;23624;23618.5;23619.75;636
20250904 190000;23620;23620.5;23617.25;23620.25;383
20250904 190100;23620;23622.5;23617.5;23620.5;498
20250904 190200;23620.25;23626;23620.25;23624;684
20250904 190300;23624.5;23624.5;23620.5;23621.5;384
20250904 190400;23621.75;23621.75;23616.75;23620.25;454
20250904 190500;23620.25;23623.5;23619.5;23621.75;322
20250904 190600;23622;23624.5;23619.25;23622;487
20250904 190700;23621.75;23622.5;23616.5;23619.25;528
20250904 190800;23619;23622.25;23617.25;23619.25;467
20250904 190900;23619.25;23622;23617.5;23621.25;362
20250904 191000;23621.75;23623;23616.75;23619;363
20250904 191100;23619;23621.25;23616.5;23621;402
20250904 191200;23621.25;23629.75;23620.5;23626.25;1088
20250904 191300;23626.25;23632.25;23625.25;23628.5;1059
20250904 191400;23628.25;23630.75;23625.25;23629.75;539
20250904 191500;23629.25;23637.5;23628.75;23636;1000
20250904 191600;23636;23639;23631.25;23635;927
20250904 191700;23635.5;23637.25;23632.75;23634.25;459
20250904 191800;23634.25;23635.5;23630.75;23634;517
20250904 191900;23634;23635;23631.25;23632.75;346
20250904 192000;23632.5;23636.5;23631.75;23635.5;406
20250904 192100;23635.5;23641;23635;23640.75;807
20250904 192200;23640.75;23640.75;23635.75;23635.75;694
20250904 192300;23635.5;23643.25;23635.5;23643;710
20250904 192400;23642.75;23643.25;23638.25;23638.25;524
20250904 192500;23639;23640.5;23635.75;23636.5;460
20250904 192600;23636.25;23638.25;23633.25;23636;505
20250904 192700;23636.25;23637.75;23633.25;23634.25;360
20250904 192800;23634.5;23636.5;23632.5;23633;400
20250904 192900;23633;23633.25;23627.75;23628;760
20250904 193000;23628;23631;23628;23629.25;427
20250904 193100;23628.75;23631.25;23627;23629;852
20250904 193200;23629.5;23632.75;23626.25;23628.25;625
20250904 193300;23628.75;23630;23626.5;23627.75;401
20250904 193400;23628.75;23628.75;23625.75;23627;400
20250904 193500;23626.75;23628.5;23625;23626.25;565
20250904 193600;23626.25;23627.25;23623.5;23624;559
20250904 193700;23624;23628.75;23623;23624.75;557
20250904 193800;23624.25;23626;23621.75;23624.75;611
20250904 193900;23624.5;23630;23622.5;23627.25;596
20250904 194000;23627;23636.25;23624.5;23635.5;890
20250904 194100;23635.75;23642.5;23631.75;23640.5;1318
20250904 194200;23640.5;23641.25;23636.5;23636.75;559
20250904 194300;23636.5;23639.25;23634.25;23635;437
20250904 194400;23635;23638;23632.25;23635.25;617
20250904 194500;23635.25;23643;23635;23639;594
20250904 194600;23639;23639;23633.25;23634.5;587
20250904 194700;23634.5;23636;23632.25;23635.75;349
20250904 194800;23635.5;23635.5;23630.5;23632.25;596
20250904 194900;23632.75;23632.75;23627.25;23628.5;686
20250904 195000;23628.75;23629.5;23626;23627.25;526
20250904 195100;23627.25;23638.25;23624;23636;1759
20250904 195200;23635.75;23644.75;23634.75;23641.25;1056
20250904 195300;23641.5;23645.25;23637;23641.5;1087
20250904 195400;23641.75;23648.75;23641;23648.5;1053
20250904 195500;23648.5;23659.75;23646.5;23655.75;2277
20250904 195600;23655.25;23662.5;23652.25;23660.5;2266
20250904 195700;23660.5;23670;23660.5;23669;1832
20250904 195800;23668.75;23679.5;23664.5;23675.5;1793
20250904 195900;23675.5;23680.25;23670.5;23671.5;2369
20250904 200000;23671.25;23680;23661;23665.75;9039
20250904 200100;23666;23673;23658.5;23665;4267
20250904 200200;23665;23668;23660.75;23663.25;1036
20250904 200300;23663.25;23665.75;23661.25;23664.25;533
20250904 200400;23664.75;23666;23663;23664.25;617
20250904 200500;23664.75;23665.5;23662;23663.5;452
20250904 200600;23663.5;23664.5;23661.25;23663;495
20250904 200700;23662.5;23671;23661.75;23669.25;486
20250904 200800;23669.25;23676.25;23668;23673.25;589
20250904 200900;23673.25;23675.25;23672;23674;219
20250904 201000;23674.25;23674.75;23669.25;23669.5;190
20250904 201100;23669.5;23672.25;23667.75;23671.5;370
20250904 201200;23671.5;23690.25;23671.5;23689.5;966
20250904 201300;23689.5;23691.75;23686.5;23688.75;498
20250904 201400;23689;23690.75;23686;23690.75;346
20250904 201500;23691;23698.25;23690.5;23692.5;617
20250904 201600;23692.75;23708.75;23661.5;23708.75;2689
20250904 201700;23707.25;23707.5;23693.5;23701.25;618
20250904 201800;23701.5;23705.25;23670.5;23675;1085
20250904 201900;23675.75;23690;23675.75;23685.25;336
20250904 202000;23685.75;23691.25;23680.25;23680.75;273
20250904 202100;23681;23684;23679.75;23681;151
20250904 202200;23681.25;23685.5;23675.5;23679.25;357
20250904 202300;23679.5;23682;23673.25;23681;241
20250904 202400;23681.75;23683.75;23679;23682;135
20250904 202500;23681.75;23686.25;23681.5;23685.5;236
20250904 202600;23684.75;23688.25;23683;23683.25;118
20250904 202700;23683.75;23685;23681.5;23685;84
20250904 202800;23685;23687.75;23684.25;23685;115
20250904 202900;23684.25;23690.5;23684;23689.75;172
20250904 203000;23690;23695.5;23689.75;23691;228
20250904 203100;23691.25;23691.25;23685.75;23687.5;164
20250904 203200;23688.25;23688.5;23683;23685.25;151
20250904 203300;23685.5;23687.5;23684.25;23687.5;122
20250904 203400;23687;23687.5;23684.25;23685.25;61
20250904 203500;23685.5;23688.75;23685.5;23688.75;82
20250904 203600;23688;23692.25;23687;23691.25;121
20250904 203700;23691.5;23695.25;23691.25;23694.5;230
20250904 203800;23694.75;23694.75;23689;23691.25;136
20250904 203900;23690.75;23693.5;23690.5;23692;83
20250904 204000;23691.75;23692;23688.75;23689;87
20250904 204100;23689;23691.75;23687.5;23690.75;148
20250904 204200;23691;23691;23687.75;23688;67
20250904 204300;23687.75;23688.75;23687.25;23688.25;64
20250904 204400;23687.75;23690;23687.75;23689.25;51
20250904 204500;23689;23691.25;23687.25;23688.75;143
20250904 204600;23688.5;23688.5;23685.75;23687.5;141
20250904 204700;23687;23687;23684.5;23686.75;130
20250904 204800;23686.25;23687.25;23685.5;23686.75;57
20250904 204900;23687;23687.25;23685.25;23686.75;74
20250904 205000;23686.5;23688.25;23686;23686.75;77
20250904 205100;23686.75;23686.75;23685.25;23686;76
20250904 205200;23685.75;23687.5;23685;23687.5;88
20250904 205300;23687.75;23694.75;23687.5;23694.75;111
20250904 205400;23694.75;23695.25;23693;23693.75;94
20250904 205500;23693.75;23694.25;23689.25;23689.25;112
20250904 205600;23689;23690;23685.75;23687.25;139
20250904 205700;23687.25;23690.25;23687;23689;54
20250904 205800;23689;23689.75;23687.75;23687.75;44
20250904 205900;23687.75;23687.75;23683.25;23686;142
20250904 210000;23686;23686.75;23683;23684;180
20250904 220100;23700;23710.75;23695.5;23700.25;519
20250904 220200;23699.5;23713.25;23699.5;23707;230
20250904 220300;23708;23708.5;23700;23703.75;119
20250904 220400;23703.5;23710.25;23702.75;23708.75;131
20250904 220500;23708.25;23711.5;23707;23707.75;100
20250904 220600;23707.5;23712;23707;23710.75;73
20250904 220700;23709.5;23711.5;23708.25;23709.75;66
20250904 220800;23710;23711.25;23707.25;23709.5;59
20250904 220900;23710.25;23713.75;23704.75;23704.75;153
20250904 221000;23704.5;23706.25;23702.75;23705.5;72
20250904 221100;23706.25;23707.25;23703.5;23705.25;83
20250904 221200;23704.5;23706.5;23702.5;23704;53
20250904 221300;23703.5;23706.25;23702;23703;48
20250904 221400;23703;23706.5;23702.25;23704.5;53
20250904 221500;23704;23704.25;23702.25;23703.25;32
20250904 221600;23702.5;23705.25;23701.5;23705.25;38
20250904 221700;23704.5;23709;23704.5;23708.75;63
20250904 221800;23708.75;23712.75;23708;23711.25;116
20250904 221900;23711.25;23711.25;23708;23708;30
20250904 222000;23708;23709.75;23707;23708.75;35
20250904 222100;23708.25;23708.25;23703;23705.5;55
20250904 222200;23704.5;23706.25;23703.75;23705.25;27
20250904 222300;23705.5;23705.5;23703.75;23704.25;9
20250904 222400;23703.75;23706;23703.75;23705.75;20
20250904 222500;23706;23706;23702;23703.5;66
20250904 222600;23703.25;23704.75;23701.75;23703.25;63
20250904 222700;23703.75;23705.5;23703;23704.75;44
20250904 222800;23704.5;23705.25;23702.75;23702.75;56
20250904 222900;23702.5;23704.25;23701;23702;67
20250904 223000;23702.5;23703;23699.5;23699.75;82
20250904 223100;23699.75;23700.25;23693.75;23697.25;170
20250904 223200;23697.25;23699.5;23696.25;23696.75;66
20250904 223300;23697.25;23698.25;23695.25;23696.75;81
20250904 223400;23696.25;23698.5;23696.25;23698.5;24
20250904 223500;23698;23698;23695;23696.5;43
20250904 223600;23695.75;23696.75;23691.75;23692.25;68
20250904 223700;23692.25;23693.75;23691.75;23693.5;36
20250904 223800;23693.75;23695;23692.5;23692.75;45
20250904 223900;23693.75;23698.25;23693.5;23697.5;61
20250904 224000;23697.25;23697.25;23694.75;23697;28
20250904 224100;23696.75;23697.25;23694.5;23696.5;28
20250904 224200;23696.75;23696.75;23693.25;23694.75;53
20250904 224300;23694.25;23694.25;23693.25;23694;25
20250904 224400;23694.25;23694.5;23691.75;23694.5;43
20250904 224500;23694;23695;23693.5;23695;13
20250904 224600;23695;23697;23694;23696.75;23
20250904 224700;23697;23697.25;23696;23696.25;16
20250904 224800;23697;23699.5;23696.5;23698;95
20250904 224900;23698.25;23703.25;23697.5;23702;83
20250904 225000;23701.75;23702.25;23701;23701.25;42
20250904 225100;23701.75;23702;23700.5;23700.5;30
20250904 225200;23700.75;23701.75;23699;23699;52
20250904 225300;23698.5;23700.75;23698.5;23700.5;15
20250904 225400;23701;23702.25;23699.25;23701;49
20250904 225500;23701.25;23701.75;23700.75;23701.75;8
20250904 225600;23702;23704.75;23701.75;23703.5;66
20250904 225700;23704.25;23706.75;23704;23705.75;48
20250904 225800;23706.25;23710.25;23705.75;23709.25;160
20250904 225900;23709;23709;23706;23706;39
20250904 230000;23706.5;23708.75;23706;23706.75;33
20250904 230100;23707;23712.75;23706.25;23711.25;118
20250904 230200;23711.5;23712;23709.75;23710.5;42
20250904 230300;23710.75;23712.25;23710.25;23710.5;29
20250904 230400;23711.25;23711.25;23707.5;23707.5;65
20250904 230500;23708.5;23708.75;23706;23707.5;39
20250904 230600;23707.5;23709.25;23707.5;23709.25;27
20250904 230700;23709.25;23714.5;23708.75;23711.75;127
20250904 230800;23711;23711;23709.75;23710.75;36
20250904 230900;23710;23713.75;23710;23713.75;26
20250904 231000;23712.75;23713;23711.25;23711.75;38
20250904 231100;23712.25;23714;23711.25;23712.5;72
20250904 231200;23712.5;23713;23711.25;23712.25;40
20250904 231300;23712.5;23712.5;23709.75;23710;45
20250904 231400;23709.75;23711;23708.75;23710.5;49
20250904 231500;23709.75;23714.25;23709.75;23712.5;49
20250904 231600;23712.75;23713.75;23712.5;23713.5;32
20250904 231700;23712.75;23712.75;23711.5;23712;14
20250904 231800;23712;23712;23710.5;23711.75;13
20250904 231900;23710.25;23710.75;23708.75;23709.5;42
20250904 232000;23709;23710.75;23708.25;23710.25;39
20250904 232100;23710.25;23710.75;23709;23709;25
20250904 232200;23708.75;23710;23708.75;23710;7
20250904 232300;23710;23711.25;23709.5;23711;13
20250904 232400;23710.25;23710.5;23710;23710.5;9
20250904 232500;23710.5;23711.25;23709.75;23710.5;12
20250904 232600;23710;23711.25;23710;23710.75;17
20250904 232700;23711.25;23716;23711.25;23714;124
20250904 232800;23713.5;23716;23712.75;23715.5;211
20250904 232900;23715.25;23716.25;23715;23715.75;150
20250904 233000;23716;23716;23711.75;23712.5;74
20250904 233100;23712.75;23715;23712.75;23715;36
20250904 233200;23715;23715;23709.75;23709.75;37
20250904 233300;23710;23712.25;23710;23711.25;18
20250904 233400;23711.25;23712.5;23710.75;23712;16
20250904 233500;23712;23712;23709.75;23709.75;55
20250904 233600;23710;23711;23708.75;23709.25;62
20250904 233700;23709.25;23710;23706.5;23708.25;66
20250904 233800;23709;23710.75;23708;23710.5;26
20250904 233900;23710.75;23711.75;23707.5;23710.5;80
20250904 234000;23710.25;23710.75;23708.5;23709.5;13
20250904 234100;23709.25;23710;23707.25;23707.25;18
20250904 234200;23707.75;23708.5;23707.25;23707.25;17
20250904 234300;23708.75;23709.5;23706.5;23706.5;49
20250904 234400;23707;23707.75;23706.25;23706.5;11
20250904 234500;23706.25;23707.25;23705.5;23706.25;37
20250904 234600;23706.5;23709.5;23705.5;23707.5;47
20250904 234700;23708;23708;23705.25;23705.25;34
20250904 234800;23705.5;23706.75;23704.5;23705.5;35
20250904 234900;23705.5;23709.75;23705.25;23709.75;42
20250904 235000;23709.25;23709.75;23708.25;23709;24
20250904 235100;23709.25;23710.25;23708.25;23709.25;27
20250904 235200;23708.75;23715;23707.75;23712.75;137
20250904 235300;23712.25;23712.25;23709;23710.25;51
20250904 235400;23711;23711.75;23710.25;23711.5;38
20250904 235500;23712;23714.25;23711.5;23713.75;42
20250904 235600;23712.5;23712.5;23708.5;23709;68
20250904 235700;23708.75;23709.5;23707.5;23708.5;19
20250904 235800;23708.5;23708.5;23707;23707.75;25
20250904 235900;23707.75;23709.5;23706.5;23706.5;58
20250905 000000;23707.5;23708.25;23706.75;23706.75;23
20250905 000100;23706;23707.25;23701.25;23702.75;198
20250905 000200;23703;23709.75;23702.25;23709.5;108
20250905 000300;23709.75;23714.75;23709.75;23711.5;159
20250905 000400;23710.5;23711.25;23708.5;23710.5;48
20250905 000500;23710.25;23710.5;23706;23707;57
20250905 000600;23705.5;23707.75;23703.75;23704.75;79
20250905 000700;23704.5;23710;23704.25;23709.25;34
20250905 000800;23708.75;23709.5;23708;23709;31
20250905 000900;23709.25;23711;23707.5;23710.75;94
20250905 001000;23712;23723.25;23712;23721.25;543
20250905 001100;23721.25;23724;23717.5;23720.75;156
20250905 001200;23719.25;23720.75;23716.25;23717.75;56
20250905 001300;23719.5;23724.5;23719.5;23720.75;64
20250905 001400;23721;23722.25;23716.5;23720.75;83
20250905 001500;23720.5;23722.25;23718.75;23720.5;59
20250905 001600;23720.5;23724.5;23720;23721.25;95
20250905 001700;23721.25;23721.5;23717;23720.5;73
20250905 001800;23721;23721;23718.75;23719;30
20250905 001900;23718;23723.75;23718;23723;39
20250905 002000;23723.25;23727.5;23722;23723.75;189
20250905 002100;23723.75;23724.5;23719.25;23720;67
20250905 002200;23720.5;23721;23717;23717.75;71
20250905 002300;23717.75;23720;23717.25;23718.75;44
20250905 002400;23718.5;23719;23717.25;23719;17
20250905 002500;23719.25;23722;23719;23721.25;35
20250905 002600;23721.5;23724.75;23721;23724.25;67
20250905 002700;23724.25;23725.25;23723;23723.75;39
20250905 002800;23724;23727.25;23724;23726;61
20250905 002900;23725.5;23728.5;23724.75;23726.75;99
20250905 003000;23726.25;23727;23725.5;23726.5;55
20250905 003100;23726.25;23726.25;23720.5;23720.75;91
20250905 003200;23721.25;23723.5;23721;23723;38
20250905 003300;23722.5;23724.5;23722.25;23724.5;18
20250905 003400;23725;23726.75;23723.5;23724;48
20250905 003500;23724.25;23725.5;23724.25;23724.5;26
20250905 003600;23725;23725.75;23724.25;23724.75;31
20250905 003700;23724.75;23724.75;23721;23721;33
20250905 003800;23720.75;23723;23720;23722.5;35
20250905 003900;23722;23722.75;23720.75;23722;20
20250905 004000;23722;23723.25;23721.75;23721.75;27
20250905 004100;23720.75;23725.5;23720.5;23724.25;38
20250905 004200;23724;23725.75;23721.5;23722.25;50
20250905 004300;23722;23724.5;23722;23723.5;28
20250905 004400;23723.75;23726.25;23723.75;23726.25;24
20250905 004500;23725.75;23726.25;23722.25;23723.75;35
20250905 004600;23723.5;23723.5;23721.25;23722.25;31
20250905 004700;23723;23724.75;23722.25;23724.25;41
20250905 004800;23723;23723;23720.75;23721.75;28
20250905 004900;23721.25;23722.25;23721;23722.25;22
20250905 005000;23721.5;23723.75;23721.5;23722.5;19
20250905 005100;23723.25;23723.5;23720.25;23721.75;42
20250905 005200;23722;23723.25;23721;23722.75;17
20250905 005300;23722.75;23723;23721.75;23722.25;27
20250905 005400;23723;23724.25;23723;23723.25;29
20250905 005500;23724;23725.5;23723.5;23725.5;45
20250905 005600;23726;23727;23723.25;23724.25;51
20250905 005700;23723.75;23725.25;23723.25;23724.75;21
20250905 005800;23724.75;23730;23724.75;23730;142
20250905 005900;23730;23731.75;23728.5;23730.75;88
20250905 010000;23730.75;23731.25;23728.75;23729.75;55
20250905 010100;23729;23732.25;23729;23730.75;74
20250905 010200;23731.25;23732.5;23729.75;23729.75;44
20250905 010300;23730;23730.5;23728.75;23729.25;44
20250905 010400;23729;23729.5;23727.5;23727.75;33
20250905 010500;23727.25;23731;23727;23730.5;27
20250905 010600;23731.25;23732.75;23729.5;23730.25;56
20250905 010700;23730;23731;23728.75;23729;50
20250905 010800;23729;23733.25;23727.75;23731.5;72
20250905 010900;23731.5;23732;23730.5;23731.5;16
20250905 011000;23732.25;23733;23731.5;23732;37
20250905 011100;23732;23732.5;23730;23732.5;27
20250905 011200;23732.25;23732.25;23730.5;23731.25;18
20250905 011300;23731.5;23732.75;23730.75;23731.25;40
20250905 011400;23731;23733;23731;23731.75;31
20250905 011500;23732;23732.5;23730.75;23731.75;25
20250905 011600;23732;23733.5;23731.5;23732.5;42
20250905 011700;23732;23739.75;23732;23738.75;307
20250905 011800;23738.75;23738.75;23735.5;23735.75;87
20250905 011900;23735.5;23737;23733.25;23734.5;85
20250905 012000;23734;23734.5;23733;23733.25;28
20250905 012100;23733.75;23734.5;23732.75;23733.5;23
20250905 012200;23734.75;23737.75;23734.5;23737.75;50
20250905 012300;23737.75;23737.75;23736.25;23736.5;28
20250905 012400;23736;23736.25;23734.75;23736;11
20250905 012500;23736;23738.25;23736;23738;26
20250905 012600;23737.75;23739.25;23737.5;23737.75;38
20250905 012700;23738;23738.25;23737;23737;29
20250905 012800;23736.5;23736.5;23734;23734;34
20250905 012900;23734;23735;23733.5;23733.75;26
20250905 013000;23733.5;23734.25;23733.5;23733.5;6
20250905 013100;23733.5;23733.75;23730;23731;70
20250905 013200;23730.5;23731.5;23729.25;23731.25;44
20250905 013300;23732;23732.5;23730.5;23730.5;19
20250905 013400;23730.25;23731.75;23729.5;23729.75;27
20250905 013500;23729.75;23731.5;23729.75;23731.5;17
20250905 013600;23731.5;23731.5;23729.75;23730.25;30
20250905 013700;23730.75;23732;23729.25;23730.5;17
20250905 013800;23730.25;23731.5;23729.5;23730.5;15
20250905 013900;23730.25;23731.75;23730.25;23731.5;13
20250905 014000;23731;23731.5;23730.25;23730.75;28
20250905 014100;23731.25;23731.25;23728.5;23728.5;22
20250905 014200;23729.25;23730.5;23727.75;23729.5;60
20250905 014300;23729;23729.5;23727.5;23728.25;39
20250905 014400;23729;23731.25;23728.75;23731.25;40
20250905 014500;23730.5;23731.75;23729;23729.5;28
20250905 014600;23729.25;23731;23728.5;23730.25;14
20250905 014700;23730.5;23730.5;23727.25;23727.5;27
20250905 014800;23727;23728.25;23722.25;23726;131
20250905 014900;23726;23728;23726;23727.5;29
20250905 015000;23727;23727;23725.5;23725.75;45
20250905 015100;23725;23727.75;23724.75;23726.75;27
20250905 015200;23727.75;23731.25;23727.5;23731.25;85
20250905 015300;23730.5;23731.25;23729;23729;30
20250905 015400;23729.25;23730.25;23729.25;23729.25;11
20250905 015500;23730;23732.5;23729.75;23732.5;37
20250905 015600;23732;23732.5;23731.25;23732.5;24
20250905 015700;23732;23734.25;23732;23734.25;49
20250905 015800;23733.75;23736;23733.75;23735.5;58
20250905 015900;23735;23735.75;23733.25;23735;40
20250905 020000;23734.75;23736.25;23734.75;23734.75;24
20250905 020100;23735;23735;23730.25;23732.25;65
20250905 020200;23732.5;23733.25;23731.75;23733;28
20250905 020300;23733;23734;23732.25;23732.75;38
20250905 020400;23732.75;23733.25;23731.75;23732.75;34
20250905 020500;23734;23734.25;23733;23733;12
20250905 020600;23734;23734.5;23733;23733;8
20250905 020700;23733.25;23734.25;23732;23733.5;33
20250905 020800;23733;23733.25;23731.5;23731.75;25
20250905 020900;23732.5;23732.75;23730;23730.75;31
20250905 021000;23730.5;23730.75;23729.25;23729.5;31
20250905 021100;23730.5;23730.75;23729.5;23730;12
20250905 021200;23730.75;23731.25;23729.75;23730;21
20250905 021300;23729.75;23730.75;23728.75;23729.75;82
20250905 021400;23730;23730.25;23728.25;23728.75;28
20250905 021500;23728;23728.75;23727;23727.5;24
20250905 021600;23727.5;23728.25;23727.5;23728;39
20250905 021700;23727.5;23729.5;23726.75;23727.75;84
20250905 021800;23727.25;23727.75;23726.25;23726.5;16
20250905 021900;23726.5;23726.75;23724.25;23725;54
20250905 022000;23724.25;23728.75;23724.25;23728.75;36
20250905 022100;23728.25;23730.75;23728.25;23730.25;44
20250905 022200;23729.75;23731.25;23729.75;23731;47
20250905 022300;23730.5;23732;23730.5;23730.75;22
20250905 022400;23730.5;23730.75;23728.5;23728.5;17
20250905 022500;23729;23730;23728;23728;33
20250905 022600;23728;23728;23723.75;23724.5;61
20250905 022700;23724.5;23724.75;23723;23723;68
20250905 022800;23723.25;23724.25;23721.25;23723.5;60
20250905 022900;23723.75;23723.75;23721;23721.75;43
20250905 023000;23721.5;23722;23720.5;23721;51
20250905 023100;23721;23722.75;23720.75;23720.75;33
20250905 023200;23720.5;23721.75;23716.25;23720;185
20250905 023300;23720;23722.75;23719.75;23722.25;36
20250905 023400;23722.25;23726;23720.5;23726;60
20250905 023500;23725.75;23728.75;23725.25;23728.5;88
20250905 023600;23728;23728.25;23728;23728.25;14
20250905 023700;23727.75;23731.25;23727.75;23730.5;50
20250905 023800;23730;23730.5;23730;23730;11
20250905 023900;23730.75;23733;23730.75;23732.25;68
20250905 024000;23732.75;23733.25;23731.25;23733.25;24
20250905 024100;23732.75;23735;23732.75;23734.5;45
20250905 024200;23733.5;23735.5;23733.5;23735.25;22
20250905 024300;23734.5;23735.75;23734.5;23735.25;24
20250905 024400;23735;23735;23733.75;23734;14
20250905 024500;23733.75;23735.5;23733.75;23734.5;19
20250905 024600;23734.25;23735.75;23733.5;23735.5;38
20250905 024700;23735.75;23736;23734.75;23736;28
20250905 024800;23735.5;23737.25;23735.5;23737;54
20250905 024900;23736.75;23742.25;23736.5;23740.75;164
20250905 025000;23741;23741.25;23739;23740.75;36
20250905 025100;23740.25;23740.5;23737.25;23737.25;54
20250905 025200;23736.75;23739.25;23736.75;23738.25;34
20250905 025300;23738.5;23739.5;23737.75;23738.75;31
20250905 025400;23739;23741;23738.75;23740.25;58
20250905 025500;23740.75;23741.5;23739.75;23740.5;41
20250905 025600;23740.5;23740.5;23738.75;23738.75;30
20250905 025700;23738.5;23739;23737.75;23738.25;16
20250905 025800;23737.5;23738.25;23735.75;23738;35
20250905 025900;23738.25;23738.25;23735.25;23737;26
20250905 030000;23737;23737.25;23735;23737;16
20250905 030100;23736;23736.25;23733.75;23735;40
20250905 030200;23735.5;23735.75;23731.75;23731.75;60
20250905 030300;23732.25;23733;23728;23731;118
20250905 030400;23731.25;23731.5;23730;23731.5;16
20250905 030500;23731.5;23735.75;23731.5;23734.75;83
20250905 030600;23735;23735.25;23734;23735.25;17
20250905 030700;23735;23738.25;23735;23737.25;58
20250905 030800;23737.5;23737.75;23735.5;23736.75;15
20250905 030900;23736.5;23737;23736;23736.75;18
20250905 031000;23736.5;23736.5;23735.25;23735.5;8
20250905 031100;23734.25;23734.5;23733.75;23734;9
20250905 031200;23733.75;23734.25;23733;23733;12
20250905 031300;23733;23733;23726;23730.75;145
20250905 031400;23731.75;23736;23731.25;23735.75;93
20250905 031500;23735.25;23735.5;23734;23735;39
20250905 031600;23735;23738.5;23735;23738.25;52
20250905 031700;23738;23738.25;23737;23737;20
20250905 031800;23737.25;23737.5;23734;23735;31
20250905 031900;23734;23734;23731.5;23733;29
20250905 032000;23732.75;23734.25;23732.25;23733.75;14
20250905 032100;23733.5;23733.75;23732.75;23733.25;7
20250905 032200;23734;23735;23733.25;23733.75;17
20250905 032300;23733.75;23733.75;23732.5;23733.75;9
20250905 032400;23734.75;23735.25;23734.75;23734.75;7
20250905 032500;23735.25;23735.75;23734.5;23734.75;16
20250905 032600;23735.5;23735.5;23735.25;23735.5;11
20250905 032700;23735.25;23736;23734.5;23735.25;16
20250905 032800;23734.75;23734.75;23733.25;23734;12
20250905 032900;23733.75;23734.75;23733.25;23733.75;24
20250905 033000;23734.5;23735.75;23734;23735;21
20250905 033100;23735.75;23737.25;23735.75;23737.25;33
20250905 033200;23737.25;23738.5;23730.25;23731;108
20250905 033300;23730.75;23732.5;23730.75;23732;10
20250905 033400;23732;23733.25;23731.25;23733.25;11
20250905 033500;23733;23733.75;23732.75;23732.75;7
20250905 033600;23733.75;23735;23733.75;23735;16
20250905 033700;23735;23735.75;23734.5;23735.75;9
20250905 033800;23735;23736.25;23735;23736.25;10
20250905 033900;23735.75;23736.75;23735.75;23736.75;9
20250905 034000;23736.75;23737.25;23736.75;23737.25;8
20250905 034100;23736.75;23737.25;23735.5;23736.5;31
20250905 034200;23737;23740;23737;23738.75;97
20250905 034300;23739;23739.75;23738.75;23739.75;26
20250905 034400;23739;23740.75;23738.5;23740.25;24
20250905 034500;23740;23740;23738.75;23739.5;20
20250905 034600;23739.5;23739.5;23737.75;23739.25;24
20250905 034700;23739;23739;23738;23738.25;15
20250905 034800;23738;23739;23738;23738.25;12
20250905 034900;23738.5;23738.5;23737;23737;12
20250905 035000;23737.5;23738.75;23737;23737.5;29
20250905 035100;23738;23738.75;23737.75;23738.75;11
20250905 035200;23738.75;23739.5;23738.75;23739.5;8
20250905 035300;23739.5;23740.25;23738;23738;26
20250905 035400;23738.5;23739.75;23738.5;23739.25;20
20250905 035500;23739.5;23740.25;23739.5;23740.25;14
20250905 035600;23740.25;23740.75;23740.25;23740.5;9
20250905 035700;23740.75;23741.25;23740;23740.75;42
20250905 035800;23741;23741.25;23740.25;23740.25;13
20250905 035900;23741;23742.75;23741;23742.5;51
20250905 040000;23742;23742.5;23741;23741;24
20250905 040100;23742.25;23742.75;23741.5;23742.5;24
20250905 040200;23742.25;23743.5;23742;23743.25;38
20250905 040300;23742.75;23743;23742;23742.5;17
20250905 040400;23742;23742.5;23741.25;23741.25;16
20250905 040500;23741.25;23742.25;23741.25;23741.5;13
20250905 040600;23742.25;23743.25;23741.5;23741.75;27
20250905 040700;23741.5;23741.5;23740.75;23740.75;8
20250905 040800;23740.75;23743.5;23740;23743.25;53
20250905 040900;23743;23744.75;23742.75;23744;55
20250905 041000;23743.25;23744.25;23742.75;23744.25;13
20250905 041100;23744.25;23746.5;23744;23744.75;103
20250905 041200;23745.25;23749.75;23745;23749.75;87
20250905 041300;23749.5;23749.75;23747.5;23748;88
20250905 041400;23748.25;23748.75;23746.25;23747.25;47
20250905 041500;23747.25;23747.25;23745;23745.5;28
20250905 041600;23745.5;23746.25;23745.5;23746.25;6
20250905 041700;23745.75;23745.75;23744.25;23745.25;14
20250905 041800;23745.25;23747;23745.25;23746.5;39
20250905 041900;23747;23747.5;23745.5;23746.5;21
20250905 042000;23746;23746.25;23745;23745;28
20250905 042100;23745;23746.25;23744;23744;18
20250905 042200;23744.5;23745.25;23744.5;23745;12
20250905 042300;23745.25;23745.75;23745;23745.75;17
20250905 042400;23746.25;23747;23746;23746;18
20250905 042500;23746.5;23747.75;23746.5;23747.75;23
20250905 042600;23747.75;23750.25;23747;23749.5;195
20250905 042700;23749.5;23749.5;23747.5;23747.5;16
20250905 042800;23747.5;23747.75;23745.75;23745.75;22
20250905 042900;23746.25;23746.75;23744.75;23745.5;21
20250905 043000;23745.25;23746;23744.75;23745.25;7
20250905 043100;23745;23747.5;23744.75;23745.75;43
20250905 043200;23746.25;23747;23746.25;23746.5;8
20250905 043300;23746.5;23747.25;23746;23746.75;24
20250905 043400;23747;23747.25;23745.5;23746;19
20250905 043500;23746.5;23747;23746.25;23747;6
20250905 043600;23747.25;23748.75;23746.5;23747.25;38
20250905 043700;23747.75;23749;23747;23749;23
20250905 043800;23748.5;23749.5;23748.25;23749;26
20250905 043900;23748.75;23750.75;23748.75;23749;50
20250905 044000;23749.5;23751.75;23749;23749.75;78
20250905 044100;23749.5;23749.5;23747.5;23747.5;17
20250905 044200;23747.25;23747.25;23745.75;23746;23
20250905 044300;23746.5;23749.25;23746.5;23747.75;45
20250905 044400;23747.5;23749;23747.5;23749;27
20250905 044500;23748.75;23749.5;23748;23748.5;18
20250905 044600;23748.75;23748.75;23746.5;23747.25;25
20250905 044700;23747.25;23747.5;23747;23747;7
20250905 044800;23747.5;23747.5;23746.75;23747;3
20250905 044900;23746.75;23747.5;23746.5;23746.75;9
20250905 045000;23747.5;23747.5;23746;23746.25;28
20250905 045100;23746;23747;23745.75;23746.25;15
20250905 045200;23746.75;23746.75;23744.5;23744.5;44
20250905 045300;23744.5;23745;23743.75;23745;27
20250905 045400;23744.75;23745.25;23744;23745.25;18
20250905 045500;23744.25;23745.25;23743.75;23745.25;14
20250905 045600;23744.75;23745.5;23744.5;23745.25;13
20250905 045700;23745.25;23746.25;23744.75;23745.75;18
20250905 045800;23745.75;23746.5;23745.5;23746.25;6
20250905 045900;23746.5;23747;23746;23746;22
20250905 050000;23745.75;23745.75;23743.75;23744.25;37
20250905 050100;23745;23745.5;23740.75;23741.5;50
20250905 050200;23741.5;23742;23740.75;23741.75;35
20250905 050300;23742.5;23743;23742.5;23742.5;12
20250905 050400;23742.25;23744;23742;23744;17
20250905 050500;23743.75;23744.5;23743.75;23744.5;17
20250905 050600;23745.25;23746;23745.25;23745.25;24
20250905 050700;23745.75;23748;23745.75;23747;43
20250905 050800;23746.75;23747.75;23745.25;23745.75;30
20250905 050900;23746.5;23747.75;23746;23747.75;16
20250905 051000;23747.5;23748;23747.25;23747.75;18
20250905 051100;23747.75;23748;23747;23747;12
20250905 051200;23746.75;23748;23746;23747.5;20
20250905 051300;23747.25;23747.5;23746.5;23747.5;11
20250905 051400;23747.25;23748;23746.5;23748;21
20250905 051500;23748.25;23748.5;23747.75;23748.25;14
20250905 051600;23748.5;23749.75;23748.5;23749.75;34
20250905 051700;23749.5;23752.75;23749.5;23751.5;67
20250905 051800;23751.75;23754;23751.75;23753.75;58
20250905 051900;23754;23754.25;23752.5;23753.25;30
20250905 052000;23753.5;23754.25;23752.5;23754;27
20250905 052100;23754.75;23755.75;23753.25;23754.25;87
20250905 052200;23754.75;23755;23752.75;23754.25;53
20250905 052300;23755;23755;23754.25;23754.25;7
20250905 052400;23754.25;23756;23753.75;23754.5;70
20250905 052500;23754;23754;23752.25;23752.25;26
20250905 052600;23752.5;23752.5;23750;23750.25;38
20250905 052700;23750.25;23752.5;23750.25;23751.75;22
20250905 052800;23751;23751.25;23750.5;23750.75;18
20250905 052900;23749.5;23751.5;23749.25;23751.5;33
20250905 053000;23751.25;23753;23750.75;23753;44
20250905 053100;23753.5;23754.75;23753.25;23754;35
20250905 053200;23754.25;23755;23753.75;23755;15
20250905 053300;23754.75;23759.25;23754.75;23755.25;130
20250905 053400;23756;23757;23755;23756.5;32
20250905 053500;23756.25;23757.75;23755.5;23757.75;52
20250905 053600;23758;23763.5;23758;23761.75;174
20250905 053700;23762;23765;23762;23763.5;83
20250905 053800;23764.25;23769;23763.5;23767.75;271
20250905 053900;23767.75;23768.25;23764.5;23766;70
20250905 054000;23766;23766.75;23762;23762;78
20250905 054100;23762.5;23764.75;23761;23764.75;108
20250905 054200;23764.5;23768;23764.25;23768;93
20250905 054300;23768.25;23771;23766.5;23767.75;108
20250905 054400;23768;23770.25;23767.75;23769.5;34
20250905 054500;23769.5;23770.25;23768.25;23769;24
20250905 054600;23768;23768;23765.25;23765.25;54
20250905 054700;23765.75;23765.75;23763.5;23763.75;26
20250905 054800;23764;23764.75;23761.5;23763.75;32
20250905 054900;23763.25;23767.5;23763.25;23767.5;51
20250905 055000;23767;23767.75;23765.75;23766.25;31
20250905 055100;23766.5;23767.25;23766.5;23766.75;21
20250905 055200;23767.25;23768.75;23767;23767.75;26
20250905 055300;23768;23768.75;23767.25;23768;15
20250905 055400;23767.25;23769;23766.75;23768;30
20250905 055500;23767.25;23768.75;23767;23767.25;29
20250905 055600;23767.5;23767.5;23766.75;23767;13
20250905 055700;23766.5;23766.5;23765;23765;39
20250905 055800;23765;23766;23765;23766;12
20250905 055900;23765.75;23766.75;23765;23765.75;42
20250905 060000;23765.25;23765.25;23759.5;23760.75;82
20250905 060100;23761.5;23765.75;23759.25;23761;124
20250905 060200;23761.75;23767.25;23761.5;23767;145
20250905 060300;23766.75;23768;23764;23765.5;91
20250905 060400;23765.75;23769.5;23765.25;23769.5;70
20250905 060500;23769;23770;23767;23770;92
20250905 060600;23769.75;23769.75;23765;23769;71
20250905 060700;23769.5;23769.5;23766.5;23769;49
20250905 060800;23769;23775.5;23769;23773;146
20250905 060900;23773;23773.75;23772.25;23773.5;47
20250905 061000;23773;23780;23772.5;23778.25;245
20250905 061100;23777;23777.75;23772.75;23773.25;133
20250905 061200;23774.75;23775.25;23771;23772.25;69
20250905 061300;23772.25;23774.5;23770.75;23770.75;67
20250905 061400;23770.5;23771;23769.25;23769.75;46
20250905 061500;23770;23771.5;23770;23771.5;27
20250905 061600;23771.75;23775.25;23770.5;23773.25;31
20250905 061700;23773.25;23773.75;23772;23773.75;10
20250905 061800;23773.75;23777.25;23771;23776.25;55
20250905 061900;23776.75;23778;23773.5;23778;108
20250905 062000;23777.75;23780;23777.5;23777.5;47
20250905 062100;23778;23780;23777;23777.75;28
20250905 062200;23778;23782.25;23777.5;23781.25;81
20250905 062300;23781.25;23782.5;23779.75;23781.5;64
20250905 062400;23782;23782.75;23781.25;23782.5;50
20250905 062500;23782.75;23783;23781.25;23781.75;27
20250905 062600;23781.5;23783;23780.75;23782;43
20250905 062700;23782.25;23787;23782.25;23786.5;64
20250905 062800;23787.25;23787.5;23785;23786.25;63
20250905 062900;23786;23787.75;23784;23786.5;43
20250905 063000;23787.25;23787.25;23785;23785.5;44
20250905 063100;23785.75;23788;23784.75;23786.25;70
20250905 063200;23786.5;23787;23782.75;23783.75;62
20250905 063300;23784.5;23788;23784;23787.75;35
20250905 063400;23787.25;23787.25;23780.75;23780.75;58
20250905 063500;23780.5;23782.75;23780.25;23780.25;29
20250905 063600;23780;23781.75;23778.75;23781.25;57
20250905 063700;23779.75;23780.25;23778;23780;86
20250905 063800;23779.75;23782;23779.5;23782;30
20250905 063900;23782.25;23785;23782;23785;37
20250905 064000;23785.25;23785.25;23780.25;23780.25;54
20250905 064100;23780.25;23780.25;23775.75;23776.5;93
20250905 064200;23776;23778.25;23775.5;23776.5;51
20250905 064300;23776.5;23778.75;23776.25;23778;29
20250905 064400;23778;23778.5;23777.5;23778;12
20250905 064500;23777;23777;23774.75;23775.5;66
20250905 064600;23775.25;23776.75;23773.25;23776.25;48
20250905 064700;23775;23775.25;23773.75;23774.25;13
20250905 064800;23774.5;23775;23773.75;23774.75;23
20250905 064900;23775;23776.75;23775;23775.5;16
20250905 065000;23776;23776.75;23774;23774.25;34
20250905 065100;23774;23774.75;23772.75;23773.75;39
20250905 065200;23773;23778.25;23773;23777;45
20250905 065300;23776.5;23776.5;23774.75;23774.75;17
20250905 065400;23775.75;23777;23775.25;23775.25;22
20250905 065500;23775;23777.25;23773.5;23773.5;32
20250905 065600;23773.75;23775.5;23772.75;23774.5;49
20250905 065700;23775.25;23778;23774.75;23776.25;29
20250905 065800;23776.5;23777;23772.5;23772.5;35
20250905 065900;23772.25;23775.25;23772.25;23774.5;18
20250905 070000;23774.25;23774.25;23772;23772;43
20250905 070100;23771.75;23776.25;23769.75;23770.5;190
20250905 070200;23770;23773.25;23769.75;23770;91
20250905 070300;23770;23770;23761.5;23762;245
20250905 070400;23762;23762;23756;23757;259
20250905 070500;23756.25;23758.5;23751.5;23752;194
20250905 070600;23752.25;23760.5;23751;23760.5;296
20250905 070700;23759.75;23761.25;23757.5;23758.75;118
20250905 070800;23759.5;23760.25;23757;23757.75;60
20250905 070900;23758.5;23758.5;23743.5;23750;394
20250905 071000;23750;23758.75;23748.5;23755;310
20250905 071100;23755.75;23759.75;23754.5;23757;100
20250905 071200;23758;23761.25;23757.25;23759.75;84
20250905 071300;23760.25;23761.75;23756.5;23758.75;187
20250905 071400;23758;23759.5;23755;23758.5;189
20250905 071500;23758.75;23760.5;23757.75;23758.5;60
20250905 071600;23759.75;23760.25;23758.25;23758.25;40
20250905 071700;23756;23758.25;23753.5;23756.75;76
20250905 071800;23756.75;23760;23756.25;23757;106
20250905 071900;23758;23758.5;23754;23754.75;60
20250905 072000;23754.75;23755.75;23749.5;23752;143
20250905 072100;23752;23754;23750.75;23752.5;63
20250905 072200;23753;23755;23749.75;23753.75;72
20250905 072300;23753.75;23755.75;23751.75;23754;93
20250905 072400;23754.5;23760.75;23754.25;23758;124
20250905 072500;23757.5;23758.5;23754;23754;59
20250905 072600;23754.5;23757;23754;23755;42
20250905 072700;23755.75;23756.75;23754;23755.25;37
20250905 072800;23755.25;23756.5;23752.5;23754.25;60
20250905 072900;23755;23757.5;23753;23753;106
20250905 073000;23753.5;23754.75;23753;23753;23
20250905 073100;23754.25;23757.75;23753.75;23754.5;84
20250905 073200;23755;23756.25;23749.5;23751.5;116
20250905 073300;23752;23755;23749.75;23750.25;65
20250905 073400;23750.75;23753;23749;23750.5;62
20250905 073500;23750.25;23756;23750.25;23755.75;72
20250905 073600;23756;23756;23753.25;23754.25;47
20250905 073700;23754.25;23760;23754;23754;126
20250905 073800;23753.75;23755.75;23752.5;23755.25;36
20250905 073900;23755.75;23757;23753.25;23753.5;58
20250905 074000;23753.5;23757;23753.5;23756.25;51
20250905 074100;23755.25;23759.25;23754;23758.75;49
20250905 074200;23759;23759;23757.25;23757.5;24
20250905 074300;23757.75;23759.5;23757.5;23759.5;48
20250905 074400;23759.75;23763.75;23759.75;23760.5;144
20250905 074500;23760.75;23760.75;23758.25;23759.25;54
20250905 074600;23759.5;23759.75;23753.75;23754.25;64
20250905 074700;23754.25;23755.25;23751.25;23752.5;49
20250905 074800;23752;23752.75;23749;23749.75;108
20250905 074900;23749.75;23750.75;23748;23749.5;61
20250905 075000;23749.5;23753.25;23749.5;23752;43
20250905 075100;23753;23756.25;23752.5;23754.25;62
20250905 075200;23754;23755.75;23752.5;23752.75;33
20250905 075300;23753;23754.5;23751;23754.25;39
20250905 075400;23754.75;23758.25;23754.5;23758;98
20250905 075500;23757.5;23761.25;23757.5;23760.25;89
20250905 075600;23759.5;23761.75;23759.5;23760.25;36
20250905 075700;23760;23762.5;23760;23761.5;29
20250905 075800;23761;23761;23757.25;23758;37
20250905 075900;23757.75;23757.75;23757.25;23757.25;12
20250905 080000;23757.5;23759.5;23756.5;23756.5;61
20250905 080100;23756;23759.75;23751;23751.25;239
20250905 080200;23750.75;23752.25;23748.5;23751.75;151
20250905 080300;23751.75;23758.5;23751;23758.5;140
20250905 080400;23758.5;23759.25;23756.25;23758;72
20250905 080500;23758.5;23758.75;23754.25;23755;56
20250905 080600;23755;23759.25;23755;23759;55
20250905 080700;23759.5;23762.75;23759.5;23760.5;84
20250905 080800;23760.5;23761;23758.75;23758.75;37
20250905 080900;23759.25;23761.25;23758.25;23759.25;34
20250905 081000;23760.5;23762;23759.5;23761;56
20250905 081100;23760.75;23762.5;23758.25;23762.25;76
20250905 081200;23762.75;23767.75;23761.75;23767.25;189
20250905 081300;23766;23769.75;23765.75;23767.75;128
20250905 081400;23767.75;23769;23766.5;23767;72
20250905 081500;23766.75;23772;23766.75;23771.75;98
20250905 081600;23771.5;23774.5;23771.25;23772.75;111
20250905 081700;23772.25;23774.5;23768;23770.25;89
20250905 081800;23769.75;23772.5;23769;23771.25;82
20250905 081900;23771.25;23772.25;23767.5;23771.75;98
20250905 082000;23771.5;23772.25;23767.75;23770;129
20250905 082100;23769.75;23770.25;23767.75;23768.75;63
20250905 082200;23767.75;23770.25;23766.75;23769.75;34
20250905 082300;23769;23770.5;23768.5;23768.5;43
20250905 082400;23768.5;23769.75;23768.25;23769.75;23
20250905 082500;23769.75;23773.5;23769.25;23773.5;55
20250905 082600;23773.5;23774;23770.5;23771.5;50
20250905 082700;23771.5;23775;23769.5;23774.75;130
20250905 082800;23774.25;23776.5;23771.75;23776.5;94
20250905 082900;23775.75;23778;23775;23775.25;95
20250905 083000;23775.75;23777.75;23775.75;23777;48
20250905 083100;23776.5;23778.25;23775;23777.75;73
20250905 083200;23777.5;23778.5;23774.5;23775;70
20250905 083300;23774.75;23777;23774.75;23776.25;50
20250905 083400;23776.25;23777.75;23775.75;23776.25;61
20250905 083500;23776.5;23777.75;23776.25;23777.5;42
20250905 083600;23777;23780;23776.5;23779.75;82
20250905 083700;23779;23780;23777.75;23779.75;39
20250905 083800;23779.75;23783.5;23779.5;23781.25;174
20250905 083900;23781;23782;23778;23779.75;104
20250905 084000;23779;23779.25;23776.5;23776.5;22
20250905 084100;23775.75;23776.75;23773;23773.5;91
20250905 084200;23773.5;23777.25;23772.5;23774.25;122
20250905 084300;23774.25;23776.25;23773.75;23776.25;33
20250905 084400;23776.25;23779.75;23775.75;23779.75;65
20250905 084500;23779.25;23779.75;23778;23779;49
20250905 084600;23779;23779.5;23774;23774.5;54
20250905 084700;23774.75;23775.5;23773.75;23773.75;34
20250905 084800;23773.75;23774.25;23772.75;23774.25;46
20250905 084900;23773;23774;23771.75;23772;92
20250905 085000;23772;23773;23771.25;23771.25;44
20250905 085100;23770.5;23772;23770.5;23771.75;29
20250905 085200;23772;23772.25;23770;23771.25;87
20250905 085300;23770.75;23773.25;23770.25;23771.75;50
20250905 085400;23771.75;23774.25;23771.75;23773.25;26
20250905 085500;23773;23774.5;23772.25;23774.25;50
20250905 085600;23774.75;23778.25;23774.75;23778.25;68
20250905 085700;23777.5;23782.5;23777.5;23782.25;69
20250905 085800;23782.75;23784;23780.5;23783.75;107
20250905 085900;23784;23785;23783.25;23784;98
20250905 090000;23784.25;23787.25;23784;23787;114
20250905 090100;23787.25;23791.75;23786;23786.75;301
20250905 090200;23787;23787.75;23781;23781.5;103
20250905 090300;23780.75;23781;23779.5;23780;40
20250905 090400;23780.5;23781.75;23778.5;23780.75;55
20250905 090500;23780;23786;23780;23785;83
20250905 090600;23784.75;23786;23783;23783.5;167
20250905 090700;23783.25;23784.5;23781.5;23782.75;32
20250905 090800;23782.5;23783;23780.75;23780.75;47
20250905 090900;23780.5;23785;23778;23779.75;96
20250905 091000;23780;23781.5;23779.75;23781;60
20250905 091100;23781;23781.25;23777.5;23779.25;76
20250905 091200;23779.5;23780.25;23777.5;23780;44
20250905 091300;23779.75;23781.5;23778.75;23781;60
20250905 091400;23781.25;23781.5;23778;23778.75;65
20250905 091500;23779.25;23783.75;23778.75;23780.25;87
20250905 091600;23780.5;23781.5;23780.25;23780.75;29
20250905 091700;23780.75;23783;23780.75;23782.5;38
20250905 091800;23782.5;23782.5;23780.75;23782;21
20250905 091900;23782;23782;23781.5;23781.75;21
20250905 092000;23782.25;23782.25;23779.75;23780;29
20250905 092100;23780.25;23780.25;23777.5;23778.25;43
20250905 092200;23778;23782.5;23778;23781.25;45
20250905 092300;23781.5;23782.5;23781.25;23781.75;51
20250905 092400;23781;23784.75;23780.75;23783.25;57
20250905 092500;23782.75;23783.5;23781.25;23782.5;52
20250905 092600;23782.5;23784.75;23782;23782.5;67
20250905 092700;23782.75;23784.25;23780.5;23784.25;56
20250905 092800;23784;23785.75;23783.75;23783.75;62
20250905 092900;23784;23786.25;23784;23786.25;78
20250905 093000;23786;23786.5;23780;23783.75;189
20250905 093100;23784;23786.25;23782.5;23786.25;89
20250905 093200;23786;23788.75;23785.75;23787.5;154
20250905 093300;23787.25;23789.25;23787.25;23788;58
20250905 093400;23788;23789.5;23786;23787.25;260
20250905 093500;23787.25;23789.5;23785.75;23788.25;202
20250905 093600;23788.5;23789.5;23785.25;23786.75;87
20250905 093700;23787.25;23789.5;23786.25;23786.25;126
20250905 093800;23786.75;23787.25;23784.5;23784.5;34
20250905 093900;23784.5;23784.5;23782;23782.5;39
20250905 094000;23783;23784.5;23782.25;23784.5;51
20250905 094100;23784.25;23785;23779.75;23780.75;79
20250905 094200;23781.25;23783;23781;23781;43
20250905 094300;23781;23782.75;23780.75;23781.5;30
20250905 094400;23782;23783;23781;23782.25;30
20250905 094500;23782.5;23786;23781.75;23785;49
20250905 094600;23785.5;23786.25;23784;23784;38
20250905 094700;23784;23784.5;23782;23784.5;37
20250905 094800;23784.5;23785;23783;23785;39
20250905 094900;23784.75;23787.5;23784.75;23787.25;41
20250905 095000;23787.75;23788.5;23787.25;23787.25;73
20250905 095100;23787.5;23788.5;23786;23786.75;43
20250905 095200;23787.25;23788.25;23785.75;23786.75;49
20250905 095300;23786.75;23788.25;23786.25;23787.5;42
20250905 095400;23787.25;23787.5;23786.5;23787.25;22
20250905 095500;23787;23789;23787;23788.5;63
20250905 095600;23788;23788.25;23784.5;23785.5;64
20250905 095700;23785.5;23786.5;23783;23783;110
20250905 095800;23783;23785.25;23782;23782;37
20250905 095900;23782;23783.25;23781;23781;51
20250905 100000;23781.5;23784.5;23781.5;23783.75;37
20250905 100100;23783.75;23786.5;23781.25;23781.25;62
20250905 100200;23782.25;23782.75;23780.75;23782.25;37
20250905 100300;23782;23782.25;23780.5;23782;52
20250905 100400;23783.25;23784.75;23779.5;23780;69
20250905 100500;23779.5;23781;23779;23780;64
20250905 100600;23779.75;23779.75;23777.5;23778;53
20250905 100700;23778;23778.25;23774;23774;125
20250905 100800;23774.75;23777.25;23774;23776.75;75
20250905 100900;23776.5;23777.25;23774.75;23774.75;52
20250905 101000;23775.25;23777.75;23775.25;23777.25;32
20250905 101100;23778;23779.5;23778;23779.25;67
20250905 101200;23778.75;23779.25;23777.25;23778;20
20250905 101300;23777.75;23779.75;23777.5;23779.5;28
20250905 101400;23780;23784;23780;23783.25;48
20250905 101500;23783.5;23783.75;23781;23781;56
20250905 101600;23780.75;23781.5;23779.5;23779.5;37
20250905 101700;23779.75;23782.5;23779.75;23782;33
20250905 101800;23782.5;23785.5;23782;23785;75
20250905 101900;23784;23785;23782.75;23784.25;37
20250905 102000;23783.75;23786.5;23783.75;23784.5;75
20250905 102100;23783.75;23784;23782;23782.25;36
20250905 102200;23782;23785.25;23782;23784.5;45
20250905 102300;23785;23786.25;23784.25;23785.75;44
20250905 102400;23786;23786.75;23784.25;23784.5;41
20250905 102500;23784.25;23785.5;23781;23782.5;150
20250905 102600;23783.25;23785.5;23782.75;23785;25
20250905 102700;23784.5;23786.5;23784.5;23786.5;36
20250905 102800;23786.5;23787.75;23783.5;23786;93
20250905 102900;23786.5;23787.25;23785.75;23786.5;26
20250905 103000;23786.25;23786.25;23783.75;23784.5;44
20250905 103100;23784.25;23785.5;23784;23784.5;37
20250905 103200;23784;23786;23783.75;23785;32
20250905 103300;23785;23785.75;23783.75;23784;33
20250905 103400;23783.75;23785;23783;23784.75;40
20250905 103500;23785.75;23786.75;23784.75;23785.5;49
20250905 103600;23785.25;23785.5;23783.25;23785;25
20250905 103700;23784.75;23786.5;23784.5;23786;37
20250905 103800;23786.25;23787;23785.5;23785.5;32
20250905 103900;23786.25;23787;23784.75;23785.5;26
20250905 104000;23785.5;23788.5;23784.75;23787;87
20250905 104100;23787.75;23787.75;23786.25;23787.75;38
20250905 104200;23787.25;23788.5;23786.25;23788;52
20250905 104300;23788;23788.75;23787;23788;44
20250905 104400;23788.25;23789.25;23787.25;23787.75;75
20250905 104500;23787.75;23789.5;23787.5;23787.75;117
20250905 104600;23788;23788;23784.5;23786;119
20250905 104700;23786.5;23787.5;23785.5;23785.75;35
20250905 104800;23785.25;23787.75;23785.25;23785.75;28
20250905 104900;23785.5;23787.25;23785.25;23786.5;12
20250905 105000;23787;23789;23787;23787.75;21
20250905 105100;23787.5;23788.25;23786.75;23787.75;79
20250905 105200;23787.75;23787.75;23785;23785.5;52
20250905 105300;23785.75;23787.75;23785.75;23787.25;19
20250905 105400;23787.75;23788;23784.75;23785.25;100
20250905 105500;23785.5;23786;23784;23784;52
20250905 105600;23784.25;23784.5;23782;23782.5;65
20250905 105700;23782.25;23783.25;23780.5;23781.25;80
20250905 105800;23781.5;23782.75;23779.5;23781.75;77
20250905 105900;23781;23782;23780.5;23780.75;43
20250905 110000;23781;23781;23776.5;23776.75;86
20250905 110100;23776.25;23780.25;23774.5;23780;147
20250905 110200;23779.75;23785.75;23778.75;23784.5;166
20250905 110300;23785;23786.25;23784;23786.25;47
20250905 110400;23786.25;23787.25;23784;23784.25;37
20250905 110500;23784.25;23786.75;23783;23786.75;59
20250905 110600;23787;23789.25;23785.25;23785.25;149
20250905 110700;23785.25;23788;23785.25;23787.75;51
20250905 110800;23787.75;23789.5;23787.75;23789.25;142
20250905 110900;23789.25;23789.25;23787.75;23789.25;38
20250905 111000;23789.5;23789.5;23787;23788;211
20250905 111100;23788.5;23789.5;23788.5;23789.25;106
20250905 111200;23788.75;23793.5;23786.25;23791.75;459
20250905 111300;23792.25;23793.25;23789.5;23789.5;117
20250905 111400;23789.75;23792.25;23789.25;23791.75;40
20250905 111500;23792;23794.5;23791.5;23794;130
20250905 111600;23794;23796.5;23792;23793.5;146
20250905 111700;23793;23795.5;23791.75;23795;79
20250905 111800;23794.5;23796.75;23794;23795.75;64
20250905 111900;23796.25;23796.25;23792.75;23793.5;105
20250905 112000;23793.5;23793.75;23790.75;23791.5;73
20250905 112100;23791.5;23793.5;23791;23793.5;41
20250905 112200;23793.5;23798;23793.5;23796.75;92
20250905 112300;23797;23800;23795.5;23799;158
20250905 112400;23798.75;23799.25;23797.75;23799;51
20250905 112500;23799.25;23799.75;23796;23796.25;101
20250905 112600;23796.75;23798.75;23796;23797.25;102
20250905 112700;23797.5;23799.5;23797;23799;78
20250905 112800;23799.5;23799.5;23796;23796.5;103
20250905 112900;23796.75;23797.25;23794.75;23797;49
20250905 113000;23797.25;23798;23796.25;23796.25;43
20250905 113100;23796.25;23796.25;23790;23791;216
20250905 113200;23790.75;23791.25;23788.75;23790;161
20250905 113300;23789.75;23789.75;23784.5;23787;203
20250905 113400;23787;23788.75;23786;23787.25;63
20250905 113500;23787.5;23789.75;23787.5;23789;67
20250905 113600;23789.5;23792.5;23788.75;23791.5;61
20250905 113700;23791.25;23792;23788.25;23789.25;88
20250905 113800;23790;23790.75;23788.5;23789.75;36
20250905 113900;23789.5;23793.5;23789.5;23791.75;69
20250905 114000;23791.75;23791.75;23787;23787.25;96
20250905 114100;23787.25;23787.25;23780;23783;228
20250905 114200;23783;23785.75;23782.75;23784.5;76
20250905 114300;23784.5;23785.5;23781.25;23781.5;74
20250905 114400;23781.25;23784.5;23780;23783.25;109
20250905 114500;23782.75;23785;23782.75;23784.25;51
20250905 114600;23784.5;23787.75;23783;23786.75;85
20250905 114700;23786.75;23789.25;23785.75;23787.25;92
20250905 114800;23786.75;23786.75;23785;23785.75;59
20250905 114900;23785.25;23785.5;23782;23783;56
20250905 115000;23783;23785;23782.5;23784.25;68
20250905 115100;23783.75;23789.25;23782;23787.75;195
20250905 115200;23787;23790.25;23786.75;23787.25;129
20250905 115300;23786.75;23786.75;23782.75;23782.75;61
20250905 115400;23783.25;23786.5;23783.25;23786.25;59
20250905 115500;23786.25;23788;23783.5;23784;133
20250905 115600;23784;23784;23780.75;23781;60
20250905 115700;23781;23781.75;23779;23779.25;87
20250905 115800;23779;23780.75;23776;23776.5;138
20250905 115900;23776.5;23777.5;23770.25;23773.75;350
20250905 120000;23774;23775.5;23768.25;23769.25;221
20250905 120100;23769.75;23778.5;23769;23775.5;473
20250905 120200;23775.25;23779;23770.5;23772.75;213
20250905 120300;23773;23780;23773;23779.5;161
20250905 120400;23779.25;23785.75;23778;23784.75;210
20250905 120500;23785.25;23786.25;23783.25;23784.5;156
20250905 120600;23784.25;23788.25;23783.25;23787.25;170
20250905 120700;23787.25;23792.5;23787.25;23792.25;251
20250905 120800;23792.25;23794;23778;23778;373
20250905 120900;23778;23785.25;23774.25;23784;277
20250905 121000;23783.75;23789.75;23783;23787.5;264
20250905 121100;23787.25;23787.25;23780.25;23781.25;120
20250905 121200;23781.25;23781.75;23777;23779.5;115
20250905 121300;23779;23781.75;23777.75;23779.25;94
20250905 121400;23779.5;23784.5;23778;23784;150
20250905 121500;23784.25;23785.75;23782.5;23785.5;73
20250905 121600;23784.5;23791.5;23784.25;23790.25;285
20250905 121700;23790;23791.5;23788.5;23790.75;115
20250905 121800;23791.25;23794.25;23790.75;23792.75;151
20250905 121900;23792;23792.5;23785.75;23786.75;141
20250905 122000;23787.25;23787.25;23781.75;23783.25;200
20250905 122100;23784;23784.5;23774.75;23774.75;277
20250905 122200;23775;23777.5;23773.25;23774.75;273
20250905 122300;23775.25;23775.75;23772.5;23773.75;202
20250905 122400;23774;23780.5;23772.25;23779.5;229
20250905 122500;23780;23781;23775;23776.25;355
20250905 122600;23776.75;23786;23775;23784.75;276
20250905 122700;23785.25;23787.25;23780.5;23784.75;230
20250905 122800;23784.75;23785;23775.5;23780.75;376
20250905 122900;23780.5;23782.25;23774;23775.5;388
20250905 123000;23776;23782.25;23774;23782.25;253
20250905 123100;23782.25;23802;23725.5;23746.75;2596
20250905 123200;23747;23819.5;23746.75;23800.25;2865
20250905 123300;23800.25;23828.25;23790;23807.25;1789
20250905 123400;23808.5;23825;23804.75;23815;1035
20250905 123500;23816.25;23830.75;23812.5;23829.25;958
20250905 123600;23829;23843;23826.25;23841.75;1382
20250905 123700;23841;23844;23831;23841.25;1023
20250905 123800;23841;23844.25;23823.25;23830.5;1105
20250905 123900;23830.75;23833.75;23823.25;23825.75;703
20250905 124000;23825.5;23826;23807.25;23816.5;1063
20250905 124100;23816.25;23818;23806.25;23807.25;594
20250905 124200;23807.75;23808.5;23793.5;23796.75;873
20250905 124300;23797.5;23806.5;23794.5;23806.5;949
20250905 124400;23804.75;23826;23804;23823;879
20250905 124500;23823.25;23831;23819.25;23830;626
20250905 124600;23829.5;23835;23821.5;23825;759
20250905 124700;23826;23832.5;23821.5;23828;457
20250905 124800;23829;23831.5;23823.25;23829.25;358
20250905 124900;23829;23838.75;23827.25;23831.75;725
20250905 125000;23832;23842.75;23831.25;23840.25;536
20250905 125100;23840.25;23847;23838;23844;692
20250905 125200;23843.5;23857.75;23842.5;23854;1253
20250905 125300;23854.25;23855.75;23848.5;23855.5;478
20250905 125400;23855.75;23860;23853.5;23859.25;628
20250905 125500;23859;23868.75;23858.25;23865.75;780
20250905 125600;23866.25;23867;23852.5;23863.25;930
20250905 125700;23863;23870;23856.25;23860.25;920
20250905 125800;23860;23868;23855.25;23867.5;557
20250905 125900;23867.25;23871;23864.5;23869.25;452
20250905 130000;23869;23875;23868;23873.75;733
20250905 130100;23873.75;23881.75;23870.25;23878.5;1079
20250905 130200;23878.5;23880.5;23876.25;23877.75;408
20250905 130300;23877.75;23881.25;23877;23880.25;369
20250905 130400;23880.25;23889.75;23879.75;23883.75;1038
20250905 130500;23883.5;23887.25;23880.25;23884;524
20250905 130600;23884.25;23893.75;23884.25;23890.25;690
20250905 130700;23890.25;23896.75;23884.25;23895;919
20250905 130800;23895;23897.75;23891;23896.75;921
20250905 130900;23897;23897.25;23886;23890.75;688
20250905 131000;23891;23891.5;23881.25;23883.5;858
20250905 131100;23883.75;23886.75;23878.75;23881.25;625
20250905 131200;23881.5;23888.25;23881.5;23886.75;467
20250905 131300;23886.75;23887.5;23876.5;23880.5;582
20250905 131400;23880.5;23883.5;23876;23882.75;369
20250905 131500;23882.75;23886;23880.25;23883.5;327
20250905 131600;23884;23889.75;23881.25;23888.5;413
20250905 131700;23888.75;23890.5;23878.75;23879.25;480
20250905 131800;23880;23885.5;23874.25;23882.5;714
20250905 131900;23882.75;23890;23877.5;23889.25;448
20250905 132000;23889.5;23894;23888.75;23891.5;488
20250905 132100;23891.25;23892;23881.25;23887;523
20250905 132200;23887.5;23889.75;23877.25;23879;558
20250905 132300;23879.5;23883.75;23877.5;23882;348
20250905 132400;23881.75;23883.75;23875.5;23876;457
20250905 132500;23876.25;23884.25;23876.25;23882.25;600
20250905 132600;23882.75;23882.75;23871;23878.25;1078
20250905 132700;23879.25;23894;23879;23893.75;937
20250905 132800;23893.25;23896.5;23881.75;23884.25;1140
20250905 132900;23884.5;23889.5;23879.5;23882.5;1121
20250905 133000;23882.5;23883.25;23872.75;23874.5;1601
20250905 133100;23875;23902;23852.5;23853;7795
20250905 133200;23852.75;23887.5;23851;23872.25;4837
20250905 133300;23872.5;23874;23845;23853.75;3349
20250905 133400;23855.25;23877.25;23845.75;23846.5;2744
20250905 133500;23847.75;23866.25;23846.5;23847.5;2082
20250905 133600;23847;23855.75;23833.25;23846.25;3853
20250905 133700;23846.5;23852.75;23833.5;23841.75;2583
20250905 133800;23842.25;23853.75;23823.5;23827.75;2903
20250905 133900;23828;23834.25;23821.75;23826.25;2354
20250905 134000;23827.5;23846.5;23821.75;23836;2848
20250905 134100;23836.5;23854.75;23835.25;23836.5;3485
20250905 134200;23836.25;23870.75;23834;23859;2926
20250905 134300;23858.5;23880;23858.25;23871;2707
20250905 134400;23870.5;23881.75;23856;23864.75;2239
20250905 134500;23864;23878.75;23864;23874.5;1832
20250905 134600;23874.25;23875.75;23835.5;23842.25;3527
20250905 134700;23842;23865;23838.75;23844.5;2293
20250905 134800;23844.5;23867.25;23840.25;23845.25;2189
20250905 134900;23846.5;23860.25;23836.25;23859.25;2029
20250905 135000;23859.75;23887.25;23858.5;23879.75;2484
20250905 135100;23879.5;23880.5;23859.25;23879.75;2619
20250905 135200;23880.75;23892.75;23877.5;23891.75;2500
20250905 135300;23892.25;23893.25;23839;23846.5;4048
20250905 135400;23847;23866.5;23832;23865.5;3026
20250905 135500;23864.5;23870.25;23851;23863.5;1681
20250905 135600;23863;23864;23829.25;23836.25;2385
20250905 135700;23836;23848.5;23832.25;23842;1282
20250905 135800;23840.25;23852.5;23826;23827.25;1929
20250905 135900;23827.75;23847.75;23827.75;23845.25;1684
20250905 140000;23844.5;23855;23839.75;23852.5;1657
20250905 140100;23853;23853.5;23811;23826;3132
20250905 140200;23827.25;23827.5;23804.5;23815.5;2881
20250905 140300;23816;23834.5;23805.5;23827.25;2279
20250905 140400;23826.5;23828.25;23811.75;23816.75;1366
20250905 140500;23817;23838.5;23815.75;23836.75;1662
20250905 140600;23836.75;23837.25;23805.25;23812;1870
20250905 140700;23812.25;23816.25;23792.25;23804.25;2845
20250905 140800;23805.25;23812.5;23786;23787.75;2289
20250905 140900;23787.5;23806.5;23787;23791.25;2037
20250905 141000;23791.75;23801.25;23786;23796;2034
20250905 141100;23797;23802.75;23777;23790.75;3022
20250905 141200;23791.25;23797.5;23773.75;23782;2284
20250905 141300;23781.5;23788.5;23767.5;23770.5;1932
20250905 141400;23771;23792.25;23767;23779.75;1752
20250905 141500;23780;23780.5;23754.75;23756.25;2633
20250905 141600;23756.5;23763.5;23744;23744.25;3012
20250905 141700;23744.25;23753.75;23729.5;23730;2930
20250905 141800;23730;23743.75;23727;23740.75;2447
20250905 141900;23740.75;23743.5;23698.75;23703;4232
20250905 142000;23703;23710.5;23690.25;23695.5;3651
20250905 142100;23695;23733.75;23694.25;23727.5;4490
20250905 142200;23727.5;23728;23707.5;23714.5;2101
20250905 142300;23714;23724.25;23687.25;23687.25;2519
20250905 142400;23687.75;23692.75;23660.25;23679;4213
20250905 142500;23679.25;23683;23653.25;23663;3215
20250905 142600;23663.5;23686.75;23663.5;23672.75;2702
20250905 142700;23673.5;23674.75;23646.25;23656.5;3199
20250905 142800;23656.5;23685;23654.25;23672.25;2793
20250905 142900;23672;23675.75;23628.5;23633.5;3304
20250905 143000;23633.75;23660.75;23633.25;23654;2773
20250905 143100;23653.75;23660;23632;23654;3662
20250905 143200;23654;23666;23640.5;23652.5;2480
20250905 143300;23651;23655.25;23638.75;23639.5;2096
20250905 143400;23640.25;23662.75;23631;23653.75;3511
20250905 143500;23654;23654.25;23635.5;23646.25;2075
20250905 143600;23646.5;23658.75;23620.75;23624.25;3320
20250905 143700;23623.75;23656.25;23622.25;23634.5;3180
20250905 143800;23634.25;23652.5;23623.5;23651.75;1991
20250905 143900;23652;23652;23630.5;23634;1741
20250905 144000;23634.25;23639.75;23607.25;23617.25;3197
20250905 144100;23617.25;23640;23612.25;23639.25;3224
20250905 144200;23639.5;23639.5;23593.25;23598.5;3737
20250905 144300;23598.25;23611;23589.75;23596.25;2757
20250905 144400;23596.75;23616.75;23592.5;23608;2025
20250905 144500;23607.75;23621.5;23598.5;23608.25;1953
20250905 144600;23608.75;23608.75;23578.25;23579.5;3022
20250905 144700;23579.75;23591.25;23573;23590;2651
20250905 144800;23590;23592.5;23570;23586.75;2392
20250905 144900;23585;23586.25;23568;23569.75;1814
20250905 145000;23570.25;23591.5;23567;23588.75;2086
20250905 145100;23588.75;23590.5;23562.75;23566;2115
20250905 145200;23566.5;23603.25;23566.5;23601.25;2457
20250905 145300;23601;23605.25;23588.25;23603;2473
20250905 145400;23602.75;23625;23600;23622.5;2815
20250905 145500;23622;23634.75;23615.5;23633.5;2703
20250905 145600;23632.75;23637.5;23618.75;23622.25;2435
20250905 145700;23622.5;23624.25;23590.5;23599.5;2613
20250905 145800;23598.25;23610.5;23587.5;23587.75;1936
20250905 145900;23588.5;23593;23550.75;23554;3083
20250905 150000;23554.25;23563.75;23544.75;23548;2881
20250905 150100;23547.75;23560.75;23533;23550.75;3883
20250905 150200;23550;23550.25;23526.25;23530.25;2799
20250905 150300;23530.5;23546.25;23515.25;23517.5;2459
20250905 150400;23517;23542.75;23516.75;23530.75;2122
20250905 150500;23531.25;23541.25;23522.75;23535.25;1750
20250905 150600;23535.75;23549.5;23526.75;23539;2378
20250905 150700;23539.75;23559;23533.5;23546.25;2101
20250905 150800;23546.75;23560.75;23525;23526.75;2302
20250905 150900;23528;23555;23526.75;23542;1515
20250905 151000;23543;23544;23529;23537.75;1886
20250905 151100;23537.5;23540.75;23505;23512.25;3152
20250905 151200;23512;23547.75;23511.5;23546;2070
20250905 151300;23545.25;23545.25;23520.5;23540.75;1929
20250905 151400;23541.75;23566;23537.5;23563.5;2236
20250905 151500;23563.5;23574.25;23558.5;23573.25;1695
20250905 151600;23573;23594.75;23571.5;23589.5;2595
20250905 151700;23589.5;23593.75;23582;23589;1419
20250905 151800;23589.75;23590.75;23577;23585.25;1258
20250905 151900;23586.25;23589.75;23563.75;23565.5;1542
20250905 152000;23566;23584;23561.25;23578;1138
20250905 152100;23578;23599;23572.25;23597.25;1737
20250905 152200;23597.25;23597.25;23582.25;23586.5;1300
20250905 152300;23587.25;23610.5;23584;23605;1804
20250905 152400;23605;23611.75;23600;23608.75;1295
20250905 152500;23609;23616.5;23605.5;23611.75;1349
20250905 152600;23610.5;23619.75;23600;23607.5;1479
20250905 152700;23607.75;23608.75;23595;23607;1340
20250905 152800;23607;23620.5;23601.25;23617;1409
20250905 152900;23616.75;23633;23616.25;23631.75;1678
20250905 153000;23631.75;23638.25;23631;23632.5;1481
20250905 153100;23633;23640;23619.25;23624;1818
20250905 153200;23624.25;23631.25;23622.25;23626.75;1137
20250905 153300;23626.5;23626.75;23606.5;23613.75;1987
20250905 153400;23613.5;23639.5;23611.75;23629.5;1360
20250905 153500;23629.25;23629.25;23614.5;23620.5;1272
20250905 153600;23621.5;23646.5;23621.5;23644.5;1812
20250905 153700;23644.5;23648.5;23639.5;23647.75;1228
20250905 153800;23647.5;23655;23644.25;23653.25;1812
20250905 153900;23653.25;23659;23648.25;23649.75;1121
20250905 154000;23649.75;23652.5;23641.5;23644.25;995
20250905 154100;23644.25;23654.75;23640.25;23654.25;933
20250905 154200;23654;23660.25;23651.5;23655.25;917
20250905 154300;23656;23665.25;23654.5;23663.25;978
20250905 154400;23662.75;23668.5;23661.75;23665;1315
20250905 154500;23665;23669;23661.25;23661.75;832
20250905 154600;23662.25;23662.5;23634.25;23635;2051
20250905 154700;23634.5;23641;23622;23622.5;1760
20250905 154800;23622.75;23645.75;23622.75;23643;1263
20250905 154900;23643;23643.25;23631.5;23640.75;754
20250905 155000;23641;23652.25;23640.25;23649.75;986
20250905 155100;23650.25;23653.75;23619;23622.25;1569
20250905 155200;23621.5;23637;23621.5;23628.5;970
20250905 155300;23628;23637.25;23623;23626.25;975
20250905 155400;23626.75;23638;23621;23624.5;973
20250905 155500;23624.25;23629.25;23615.5;23629.25;1113
20250905 155600;23628.5;23644;23626.5;23635.25;1136
20250905 155700;23636.75;23643.5;23633;23641.25;729
20250905 155800;23640.75;23642.25;23613.25;23613.5;1393
20250905 155900;23613.75;23622.25;23603.75;23610.25;1651
20250905 160000;23611;23627.75;23611;23619;1281
20250905 160100;23618.5;23630.75;23616.25;23629;1451
20250905 160200;23627.5;23632;23609.75;23612.5;1090
20250905 160300;23613;23622.5;23603.75;23610.25;976
20250905 160400;23611;23613.75;23595;23595.25;1038
20250905 160500;23595.75;23612.75;23595.75;23610.75;1065
20250905 160600;23612;23614.25;23605;23611.5;752
20250905 160700;23612.5;23620.5;23601.5;23601.5;858
20250905 160800;23601.5;23611;23596;23601.75;781
20250905 160900;23601.75;23628.5;23598.25;23628.5;1161
20250905 161000;23628.25;23630.25;23622.25;23627.5;809
20250905 161100;23628.25;23641.5;23625;23638.5;1479
20250905 161200;23638;23640.5;23631.5;23639.5;657
20250905 161300;23639.75;23650;23638.75;23643.25;986
20250905 161400;23643.75;23657.5;23637.25;23654.25;1318
20250905 161500;23654.5;23655.5;23644.25;23652.75;877
20250905 161600;23652.75;23658.25;23648.5;23657.25;703
20250905 161700;23656.5;23658.75;23646.25;23654.5;707
20250905 161800;23654.5;23655;23630.75;23631.25;1127
20250905 161900;23631.5;23642.25;23626.75;23637.75;1076
20250905 162000;23637.25;23647.25;23635.75;23640.75;865
20250905 162100;23641;23647.5;23639.5;23643.75;528
20250905 162200;23643.25;23650.5;23620.5;23622;1044
20250905 162300;23622.5;23625.75;23611.25;23615;1339
20250905 162400;23614.25;23633.25;23611.75;23630.75;1113
20250905 162500;23631;23648.25;23629.5;23647.25;1097
20250905 162600;23647.25;23648.25;23620;23628.5;1152
20250905 162700;23628;23638.75;23628;23635.5;626
20250905 162800;23635.75;23638.5;23631.5;23633.25;473
20250905 162900;23634.25;23635;23621.5;23622.75;696
20250905 163000;23622.75;23624.25;23616.75;23620.75;587
20250905 163100;23621;23632.5;23613.25;23623;1105
20250905 163200;23623.5;23631.25;23614.5;23630.5;661
20250905 163300;23630.25;23630.75;23618.5;23622.75;436
20250905 163400;23621.75;23621.75;23606.25;23610.25;991
20250905 163500;23610.5;23614.75;23604;23607.5;644
20250905 163600;23607.25;23610.5;23600;23603.75;732
20250905 163700;23604;23611.25;23600;23601;595
20250905 163800;23601.25;23610;23596.25;23608;994
20250905 163900;23608.75;23622.5;23607;23620.25;936
20250905 164000;23620;23620;23610;23613.75;740
20250905 164100;23613.25;23626.25;23610;23625.5;965
20250905 164200;23625.5;23648;23625;23647.25;1316
20250905 164300;23647;23648;23640.25;23644.5;752
20250905 164400;23645;23645;23627.5;23627.5;694
20250905 164500;23628.25;23641.5;23628.25;23639.75;571
20250905 164600;23639.5;23649.25;23636;23647.75;775
20250905 164700;23648;23651.25;23644;23645.75;722
20250905 164800;23646;23646.75;23612.25;23613;1333
20250905 164900;23613;23635;23612.25;23625;812
20250905 165000;23625.25;23627.5;23612.5;23613;800
20250905 165100;23612.75;23623.25;23608.25;23612.5;848
20250905 165200;23611.25;23624.25;23611;23620.5;550
20250905 165300;23620.5;23626;23617.75;23621.25;523
20250905 165400;23621;23623;23606.75;23614.5;807
20250905 165500;23615;23628.5;23615;23617.5;715
20250905 165600;23617;23627;23611.25;23613;785
20250905 165700;23613.5;23634;23613.5;23633.75;712
20250905 165800;23633;23641.25;23629.75;23640.5;668
20250905 165900;23641;23650.5;23639.75;23650;1121
20250905 170000;23650;23654.75;23648.75;23654.5;760
20250905 170100;23654;23654;23640.5;23648.5;990
20250905 170200;23649;23649.25;23632.25;23633.75;835
20250905 170300;23634;23639.25;23619.75;23622.75;1021
20250905 170400;23623.25;23632.25;23623;23629.75;595
20250905 170500;23629;23630;23613;23614;1026
20250905 170600;23613.25;23617.5;23604.25;23608;1244
20250905 170700;23607.75;23621.25;23603;23620.75;965
20250905 170800;23620.75;23620.75;23605.5;23612;771
20250905 170900;23611.5;23629;23611.25;23623;892
20250905 171000;23622.25;23641.5;23621.75;23641.25;944
20250905 171100;23641.25;23644;23631.5;23635;828
20250905 171200;23634.75;23646.75;23634;23643.5;857
20250905 171300;23644;23651;23642.25;23647.5;852
20250905 171400;23647;23651;23635.5;23649.25;842
20250905 171500;23649.25;23652.5;23641.5;23646.75;698
20250905 171600;23646.5;23655.75;23641.75;23652;953
20250905 171700;23651.75;23657.75;23650.25;23652.25;659
20250905 171800;23652;23655.25;23641.25;23647.75;823
20250905 171900;23647.75;23653.5;23634.75;23638;730
20250905 172000;23637.5;23647.25;23634.25;23645.75;623
20250905 172100;23645.75;23652.5;23643.75;23645.5;582
20250905 172200;23645.25;23656.5;23641.5;23647;858
20250905 172300;23647.75;23655;23647.75;23650;442
20250905 172400;23649.75;23658.75;23649.5;23655.75;677
20250905 172500;23655.25;23663.75;23649;23655.25;1293
20250905 172600;23656.5;23659.25;23645.25;23646.5;890
20250905 172700;23647;23648.25;23638.75;23640;725
20250905 172800;23640;23649.5;23638;23639.75;519
20250905 172900;23640.5;23643;23634.5;23637.25;610
20250905 173000;23637.5;23637.5;23629.25;23634;660
20250905 173100;23634.5;23640;23624.75;23634.5;1243
20250905 173200;23634.75;23638;23624.25;23635;883
20250905 173300;23635.5;23639;23631.75;23632.75;620
20250905 173400;23632.5;23642.25;23625.25;23635.75;774
20250905 173500;23635.75;23641.5;23631;23638.5;613
20250905 173600;23638.25;23643.75;23634.5;23639.5;529
20250905 173700;23639.5;23641.25;23622.5;23629.75;922
20250905 173800;23629.25;23630.25;23615.75;23617.75;969
20250905 173900;23616.75;23629;23616.5;23627.75;590
20250905 174000;23627.25;23631.25;23624.5;23625.25;603
20250905 174100;23625.5;23629.5;23623.5;23627.5;408
20250905 174200;23627;23627.25;23610;23612.75;802
20250905 174300;23612.5;23612.75;23598.25;23599;1487
20250905 174400;23598.5;23599.5;23585.75;23589;1679
20250905 174500;23589.25;23615.25;23588.5;23612.25;1485
20250905 174600;23612;23620;23601.75;23615.5;1049
20250905 174700;23615.25;23616.25;23600.25;23600.25;695
20250905 174800;23601.25;23613.75;23601.25;23609.75;526
20250905 174900;23609.75;23613;23598.5;23599.5;543
20250905 175000;23599.5;23606;23599;23602.75;477
20250905 175100;23602.25;23611.75;23597;23609.25;604
20250905 175200;23608.75;23613.5;23597.75;23607;645
20250905 175300;23606.5;23615.25;23604.25;23612.5;500
20250905 175400;23613;23619.25;23609.75;23615.5;544
20250905 175500;23614.5;23614.5;23604;23604.5;332
20250905 175600;23604.75;23607.75;23597.5;23598;602
20250905 175700;23598;23604.25;23595.75;23600;604
20250905 175800;23599.5;23604;23597;23601.25;354
20250905 175900;23601.5;23620.25;23601.5;23617.75;768
20250905 180000;23617.5;23618;23610.25;23613.5;435
20250905 180100;23614.25;23625.25;23612.5;23618.75;1050
20250905 180200;23618.25;23618.75;23612.5;23617.25;430
20250905 180300;23617;23621;23607.25;23609.5;662
20250905 180400;23609.5;23612.75;23603.25;23612.75;540
20250905 180500;23612;23615.75;23609.5;23610.75;437
20250905 180600;23611.5;23627.5;23611.5;23627.5;706
20250905 180700;23627.25;23627.25;23613.25;23623.5;690
20250905 180800;23623.75;23630;23617.5;23618.25;731
20250905 180900;23618;23623;23612.75;23620.5;408
20250905 181000;23620.5;23625.75;23616.5;23618.25;393
20250905 181100;23617.5;23628;23616.5;23622.25;521
20250905 181200;23622.75;23631.5;23621.25;23628.5;596
20250905 181300;23628;23628.75;23614.25;23620.5;667
20250905 181400;23620.5;23626.5;23619.75;23623.75;396
20250905 181500;23624.5;23634.25;23624;23633.5;482
20250905 181600;23633.25;23639;23630.75;23637.25;986
20250905 181700;23638;23643.25;23634.5;23642.25;802
20250905 181800;23642;23643.5;23638.25;23641.5;557
20250905 181900;23641.5;23652.5;23641.5;23649;1113
20250905 182000;23648.5;23654.75;23648;23651.75;744
20250905 182100;23652.25;23654.75;23649.25;23650;535
20250905 182200;23650;23656.5;23649.25;23654;566
20250905 182300;23654.75;23655;23641.25;23641.75;822
20250905 182400;23642.5;23650.75;23642.25;23649.25;509
20250905 182500;23649.75;23650.25;23635.25;23637.25;687
20250905 182600;23636.75;23640.75;23633.25;23633.75;563
20250905 182700;23633.75;23636.75;23628;23629.5;576
20250905 182800;23629.5;23645;23629;23644.5;644
20250905 182900;23644.5;23648;23640.5;23643.5;516
20250905 183000;23643.5;23645.5;23641.25;23642.5;440
20250905 183100;23642.5;23652.75;23641.75;23651.5;743
20250905 183200;23651;23656.75;23650;23656;598
20250905 183300;23655.75;23664;23653;23660.25;899
20250905 183400;23661;23661;23650.5;23654.5;760
20250905 183500;23654.5;23657.75;23644.25;23646.25;662
20250905 183600;23646.5;23651.25;23639;23639.75;620
20250905 183700;23640.5;23648.25;23637.75;23645.75;843
20250905 183800;23645.75;23655.25;23645.75;23653.5;516
20250905 183900;23653.5;23656;23645.75;23649.5;574
20250905 184000;23649;23651.5;23642.25;23644.75;431
20250905 184100;23644.5;23651.25;23644.25;23644.25;475
20250905 184200;23643.5;23646.25;23639.5;23641.75;425
20250905 184300;23641.5;23642.5;23638.25;23640.75;431
20250905 184400;23641;23649.25;23639.5;23646.5;391
20250905 184500;23646.5;23649.75;23646;23649.75;296
20250905 184600;23649.25;23652.75;23647.25;23649.75;416
20250905 184700;23650;23650.5;23642;23643.75;426
20250905 184800;23643.75;23653;23643.75;23652.5;479
20250905 184900;23652.75;23656.5;23649.25;23650.75;564
20250905 185000;23651;23653.25;23647;23649;284
20250905 185100;23649;23659;23647.25;23648.5;669
20250905 185200;23648.25;23650;23642.25;23643.5;581
20250905 185300;23642.5;23647;23638.75;23640.5;673
20250905 185400;23640.5;23643.75;23635.75;23642.75;563
20250905 185500;23643.25;23644;23638.75;23639;266
20250905 185600;23639.75;23640.5;23631.5;23631.75;725
20250905 185700;23632.25;23643;23632.25;23641.25;686
20250905 185800;23640.75;23651.5;23638.75;23650.5;670
20250905 185900;23651.25;23652.75;23648;23651.5;422
20250905 190000;23651.5;23657.5;23648.75;23657.25;523
20250905 190100;23657;23657.5;23646.5;23651.5;757
20250905 190200;23651.5;23656.75;23641.25;23648.75;1912
20250905 190300;23648.75;23650.5;23643;23649.75;545
20250905 190400;23649;23657.75;23649;23653.75;742
20250905 190500;23654;23656.5;23651.75;23655.75;469
20250905 190600;23656.25;23668;23655.75;23664.5;1441
20250905 190700;23664.25;23680.75;23662.75;23669;3192
20250905 190800;23669;23672;23665.25;23668;656
20250905 190900;23668;23671.5;23662;23663.75;657
20250905 191000;23664.25;23670;23663;23669.25;518
20250905 191100;23669.75;23670.5;23664.25;23664.5;496
20250905 191200;23665;23672.75;23665;23669.25;532
20250905 191300;23669;23672.5;23667.25;23667.75;462
20250905 191400;23667.75;23671.25;23664.25;23670.75;418
20250905 191500;23670.75;23672.75;23667.5;23671;433
20250905 191600;23670.5;23674.75;23665.25;23667;731
20250905 191700;23667.5;23690;23666.75;23686.75;1475
20250905 191800;23686.5;23687.25;23675;23677;1168
20250905 191900;23677.5;23680;23671;23676.5;841
20250905 192000;23676.25;23681.25;23670;23671.75;612
20250905 192100;23672;23675.5;23669.75;23671.5;722
20250905 192200;23671.5;23675;23666;23674.5;621
20250905 192300;23674.5;23678;23671.75;23674.25;534
20250905 192400;23674.25;23682.75;23673.5;23682.5;670
20250905 192500;23682;23691.75;23681.5;23687.25;1634
20250905 192600;23687.25;23692.25;23686.5;23690;960
20250905 192700;23690.25;23690.25;23685.25;23688;546
20250905 192800;23688;23688.75;23685;23687.25;380
20250905 192900;23687;23690.75;23685;23690.75;372
20250905 193000;23690.5;23691;23680.5;23683;720
20250905 193100;23683.25;23685.75;23679.5;23680.75;841
20250905 193200;23680.5;23680.5;23664.25;23665;1292
20250905 193300;23665.25;23669.75;23655;23657.75;1344
20250905 193400;23658;23666;23654;23655.25;1251
20250905 193500;23655.5;23668;23655.5;23664;892
20250905 193600;23664;23676.75;23664;23673.75;1034
20250905 193700;23674.25;23684.25;23674;23683.75;1330
20250905 193800;23683.5;23684;23665.5;23668.75;1090
20250905 193900;23668.75;23672.25;23662.75;23666.75;655
20250905 194000;23666.75;23668.5;23661.5;23665.5;719
20250905 194100;23665.5;23675;23660.5;23671;1198
20250905 194200;23671.25;23676.75;23667.75;23670.25;615
20250905 194300;23671.75;23674.5;23667;23667;550
20250905 194400;23667.25;23668.5;23657.75;23658.75;1049
20250905 194500;23658.5;23666.75;23658.5;23664.75;586
20250905 194600;23664.5;23669;23661.5;23662;842
20250905 194700;23662.75;23672.75;23661.25;23670;917
20250905 194800;23669.75;23674;23660;23660.75;1152
20250905 194900;23661;23669.75;23659.5;23666.25;629
20250905 195000;23666.75;23669;23663.25;23666.5;770
20250905 195100;23665.75;23675.5;23655.25;23672.75;2436
20250905 195200;23672.5;23672.5;23658.25;23658.75;1324
20250905 195300;23658.5;23661.75;23652.5;23655.75;1088
20250905 195400;23655.5;23657.75;23649;23650;1082
20250905 195500;23650.5;23662.5;23643.75;23660.5;2262
20250905 195600;23660.5;23673.75;23655.75;23670.25;2747
20250905 195700;23670.25;23671.5;23656.5;23659;1045
20250905 195800;23658.5;23661.25;23652;23660.25;1872
20250905 195900;23659.75;23670;23656.25;23669;2103
20250905 200000;23668.75;23694.25;23660.25;23690.75;8958
20250905 200100;23690.75;23696.25;23680;23682.5;3652
20250905 200200;23682.75;23687;23679.25;23685;937
20250905 200300;23685;23686.5;23682;23683.75;755
20250905 200400;23684;23685;23677.5;23681.75;730
20250905 200500;23682.5;23685.75;23681.5;23682.25;464
20250905 200600;23682.5;23684.25;23680.25;23682.5;430
20250905 200700;23682.25;23682.25;23676;23678.25;331
20250905 200800;23678.5;23679.75;23675;23676.5;408
20250905 200900;23676.75;23679.5;23676;23676.75;226
20250905 201000;23676.75;23677.5;23675;23675.5;160
20250905 201100;23675.25;23676.5;23673;23673.25;232
20250905 201200;23673;23677.25;23673;23677.25;241
20250905 201300;23677.5;23679;23676.25;23678;257
20250905 201400;23678;23679;23676.5;23677.75;315
20250905 201500;23677.75;23677.75;23674.75;23675.5;149
20250905 201600;23675.5;23677.25;23674.5;23676.25;236
20250905 201700;23676;23676;23673.25;23673.75;92
20250905 201800;23673.75;23674;23667.5;23668.25;195
20250905 201900;23668.25;23671.25;23666.75;23671;203
20250905 202000;23670.75;23674.5;23670.5;23672;157
20250905 202100;23672.25;23676.25;23671;23675.75;246
20250905 202200;23675.25;23676.5;23672.75;23675.5;80
20250905 202300;23675.75;23676;23674.25;23674.75;86
20250905 202400;23675;23675.25;23673.5;23674;32
20250905 202500;23673.25;23675.75;23673;23674.75;102
20250905 202600;23674.25;23676;23673.75;23675;97
20250905 202700;23675.25;23675.25;23672.25;23672.75;82
20250905 202800;23672.5;23673.5;23671;23673;89
20250905 202900;23672.75;23675;23672.25;23674;109
20250905 203000;23673.5;23675;23673;23674.75;112
20250905 203100;23675;23675;23672.5;23673;82
20250905 203200;23673;23674.75;23672;23672.5;80
20250905 203300;23673;23673.25;23671.5;23672.25;60
20250905 203400;23672;23672.5;23671.25;23671.5;28
20250905 203500;23671.75;23673.5;23671.75;23672.75;49
20250905 203600;23672.75;23674.5;23672.5;23674.25;37
20250905 203700;23674;23675;23672.5;23674.5;70
20250905 203800;23675;23677.5;23675;23677;105
20250905 203900;23677.5;23680.5;23676.75;23680.25;65
20250905 204000;23680.25;23681.5;23680;23680.5;53
20250905 204100;23680.75;23681;23678.75;23678.75;75
20250905 204200;23679.25;23679.25;23673.5;23674;316
20250905 204300;23673.5;23674;23669.5;23670;106
20250905 204400;23670;23670.5;23667.5;23667.5;130
20250905 204500;23667.75;23671.5;23667.5;23670.5;120
20250905 204600;23670.5;23672;23670;23670.75;74
20250905 204700;23670.75;23671;23669;23670;59
20250905 204800;23670.25;23672.5;23670;23670.25;127
20250905 204900;23670;23673.25;23670;23671.75;76
20250905 205000;23671.75;23671.75;23670;23670.75;56
20250905 205100;23671;23674.5;23670.75;23674.5;90
20250905 205200;23674.5;23676.75;23674;23676.5;50
20250905 205300;23676.75;23677;23673.75;23675;72
20250905 205400;23674.75;23675;23674;23674.5;38
20250905 205500;23675.25;23675.5;23673;23673.5;46
20250905 205600;23673.5;23676;23672.75;23674.25;132
20250905 205700;23675;23675;23673.75;23675;94
20250905 205800;23675;23675;23672.25;23673.25;80
20250905 205900;23673;23674.75;23672.25;23673.75;103
20250905 210000;23673.75;23675;23672.5;23673.25;158
20250907 162800;23673.25;23673.25;23673.25;23673.25;1
20250907 220100;23673.5;23689.25;23663;23668;393
20250907 220200;23670.25;23676.25;23661.25;23661.25;253
20250907 220300;23661.25;23668.25;23656;23661;193
20250907 220400;23661;23665.5;23656.25;23656.25;110
20250907 220500;23658.5;23661.5;23655;23658.25;100
20250907 220600;23657.5;23659;23650.25;23656.25;167
20250907 220700;23655.25;23662.25;23652.5;23658.25;119
20250907 220800;23658;23664.5;23656.75;23661.5;113
20250907 220900;23663;23664.25;23661;23662.5;38
20250907 221000;23661;23661.75;23654.25;23655;59
20250907 221100;23655;23661.25;23655;23659.5;73
20250907 221200;23659.5;23664.5;23658;23663;55
20250907 221300;23661.75;23669;23661.75;23668.5;97
20250907 221400;23666.75;23667.75;23664;23664;48
20250907 221500;23664.75;23669.25;23664.75;23669;80
20250907 221600;23667.75;23677.25;23667.25;23675;160
20250907 221700;23675.25;23678.5;23672.75;23675.75;85
20250907 221800;23676.25;23679.25;23671.5;23676;95
20250907 221900;23675.5;23676.5;23673;23674;61
20250907 222000;23674;23677.5;23673;23677.25;29
20250907 222100;23677.75;23678;23674.75;23676.5;32
20250907 222200;23677.75;23678.75;23674.25;23675.5;26
20250907 222300;23676;23679.5;23676;23679.5;21
20250907 222400;23678;23679;23676;23678.25;47
20250907 222500;23679.5;23681;23677.25;23680.75;78
20250907 222600;23681.5;23695.5;23680;23690.25;327
20250907 222700;23690.25;23695.5;23690.25;23693.25;148
20250907 222800;23694.75;23698;23689.25;23693.75;269
20250907 222900;23693.75;23698.75;23692.75;23698.75;163
20250907 223000;23698.25;23700.25;23696;23697.25;96
20250907 223100;23697.75;23708;23697.75;23702.5;252
20250907 223200;23703.75;23707.75;23702.75;23704;130
20250907 223300;23705;23712;23704.25;23710.5;155
20250907 223400;23709.25;23712.5;23707.75;23712;177
20250907 223500;23712.75;23717;23711.5;23717;187
20250907 223600;23715.75;23716.5;23713.75;23714.5;76
20250907 223700;23715;23716.5;23712.5;23712.5;55
20250907 223800;23712.5;23713.5;23706;23709.5;189
20250907 223900;23709.5;23709.75;23706;23709.75;68
20250907 224000;23709.5;23717;23709.5;23716;128
20250907 224100;23716;23718.25;23714.25;23718.25;72
20250907 224200;23717;23732;23716.25;23721.25;414
20250907 224300;23721.75;23726.75;23720.25;23726.75;113
20250907 224400;23726;23729.25;23723.5;23723.5;112
20250907 224500;23723.25;23728.25;23723;23728.25;77
20250907 224600;23728.5;23745;23728.5;23739;773
20250907 224700;23739;23746.5;23738.5;23745;175
20250907 224800;23745.5;23748;23736;23742;289
20250907 224900;23742.25;23743.25;23737;23738.25;104
20250907 225000;23738;23738;23733;23733.25;137
20250907 225100;23734.5;23738.5;23734;23736.5;84
20250907 225200;23736;23737;23735.25;23735.75;39
20250907 225300;23735.25;23737.75;23732.5;23733.75;126
20250907 225400;23733.25;23735.75;23730.25;23732.5;148
20250907 225500;23732.75;23734.25;23729;23733;187
20250907 225600;23733.75;23737.5;23732.75;23736.25;73
20250907 225700;23736.75;23741;23733.75;23740.25;102
20250907 225800;23739.5;23741;23738.75;23740.25;43
20250907 225900;23741;23742.25;23738.5;23740.75;51
20250907 230000;23741;23741.75;23738.75;23740.75;36
20250907 230100;23740.75;23744.5;23740.75;23742.5;86
20250907 230200;23742.75;23746.25;23742.5;23745.5;95
20250907 230300;23745.5;23747;23743.5;23745.5;60
20250907 230400;23744;23745.25;23743;23745.25;39
20250907 230500;23745.25;23745.75;23742;23745;59
20250907 230600;23745;23749;23744.75;23745.75;113
20250907 230700;23746;23752.5;23745;23750;168
20250907 230800;23751;23752.5;23747.5;23748.25;94
20250907 230900;23748.25;23750;23746.5;23748.5;70
20250907 231000;23748.5;23751.75;23746.25;23751;171
20250907 231100;23750.75;23754;23746.5;23753.75;155
20250907 231200;23753.75;23754.5;23750.75;23751.75;68
20250907 231300;23751.25;23753.75;23749.5;23753.5;75
20250907 231400;23752.75;23754.25;23749.25;23752.75;51
20250907 231500;23753.25;23754.5;23751;23751.75;51
20250907 231600;23751.75;23752.75;23748.75;23751.5;97
20250907 231700;23749.25;23750.25;23744.25;23744.5;104
20250907 231800;23745.5;23752;23745.5;23752;87
20250907 231900;23752;23752;23748.75;23748.75;34
20250907 232000;23748.5;23748.5;23745;23746;41
20250907 232100;23746;23747.5;23744.75;23746.25;22
20250907 232200;23745.75;23746.5;23745.25;23745.25;14
20250907 232300;23746;23747.75;23745;23747.5;28
20250907 232400;23748;23750.75;23747.75;23750.25;43
20250907 232500;23750.25;23758.25;23750.25;23757.25;130
20250907 232600;23756.5;23777.5;23756.25;23771;728
20250907 232700;23770.25;23780;23770;23778.5;594
20250907 232800;23779;23782;23772.75;23777.25;249
20250907 232900;23777.5;23780.25;23773.5;23774.25;159
20250907 233000;23775;23775;23768;23768.25;195
20250907 233100;23769.25;23781.75;23769;23780.5;186
20250907 233200;23780.75;23784.25;23777.75;23781.25;149
20250907 233300;23781;23781.75;23775;23776.75;75
20250907 233400;23777;23777.75;23772.5;23775.25;107
20250907 233500;23774.75;23777;23771.25;23776.25;116
20250907 233600;23776.25;23782.5;23776.25;23778.25;101
20250907 233700;23779.5;23783.25;23778;23778;90
20250907 233800;23778;23780.5;23775.25;23780.5;92
20250907 233900;23780;23780;23775;23775;48
20250907 234000;23774.75;23777;23773.75;23777;65
20250907 234100;23777.25;23777.25;23772;23774;85
20250907 234200;23773.75;23773.75;23770.25;23771.25;68
20250907 234300;23771.75;23779.25;23771.75;23779.25;96
20250907 234400;23778.75;23781.25;23776.25;23776.75;97
20250907 234500;23776.25;23777.25;23772.25;23774;67
20250907 234600;23773.5;23778.75;23769;23771.75;239
20250907 234700;23771.5;23777.75;23771.5;23777.75;105
20250907 234800;23777;23778.25;23771.75;23771.75;71
20250907 234900;23772.25;23773.75;23768.75;23771.5;78
20250907 235000;23771.75;23774.75;23770;23774.75;77
20250907 235100;23774;23777;23774;23776;61
20250907 235200;23776.75;23777;23771;23771.25;72
20250907 235300;23771.5;23776.5;23769.25;23776.5;48
20250907 235400;23776.25;23776.75;23774;23776.25;43
20250907 235500;23776.5;23779.5;23775;23778.5;146
20250907 235600;23778.25;23781;23778;23778;116
20250907 235700;23778.5;23779.75;23775.25;23776.75;69
20250907 235800;23776.75;23780.5;23776.75;23777.25;53
20250907 235900;23777.75;23780.25;23777.5;23779.5;32
20250908 000000;23779.25;23780.5;23776.75;23778;70
20250908 000100;23778.25;23783.5;23772.25;23776.25;297
20250908 000200;23777;23779.25;23766.75;23769.5;241
20250908 000300;23769.5;23774;23768;23772.5;173
20250908 000400;23770.75;23771;23765.5;23765.5;136
20250908 000500;23766.25;23774.5;23765.75;23769;120
20250908 000600;23770.75;23782.5;23770;23781.75;290
20250908 000700;23781.25;23789.5;23780;23786.5;402
20250908 000800;23787.25;23788.25;23782;23785;235
20250908 000900;23785.75;23791.25;23785.75;23788.75;255
20250908 001000;23788.25;23788.5;23785;23785.75;80
20250908 001100;23786;23787.75;23780.5;23783.75;114
20250908 001200;23784.5;23787;23782.25;23783.25;80
20250908 001300;23782.75;23786.75;23780.5;23786.25;99
20250908 001400;23786.75;23787;23781;23782.25;53
20250908 001500;23782;23784;23776.75;23783;168
20250908 001600;23783.75;23783.75;23776.25;23778.5;93
20250908 001700;23778.75;23780;23775.75;23779.5;143
20250908 001800;23778.75;23780;23778;23779;40
20250908 001900;23779.25;23782.5;23779.25;23780.75;102
20250908 002000;23780.25;23782.5;23779.75;23781.5;38
20250908 002100;23781.25;23783.75;23779.25;23781.75;82
20250908 002200;23781.25;23783;23780.75;23781.5;39
20250908 002300;23781.5;23785;23781.25;23783.75;88
20250908 002400;23783;23785.75;23781.5;23785.25;61
20250908 002500;23785.75;23787.5;23782;23782;90
20250908 002600;23782.25;23784.75;23782.25;23782.5;42
20250908 002700;23782.75;23786;23782.75;23784.5;24
20250908 002800;23783.75;23783.75;23780.5;23782;51
20250908 002900;23782;23784.25;23781.5;23784.25;36
20250908 003000;23784.5;23785.5;23783.5;23784.25;33
20250908 003100;23785;23787.75;23782.5;23784;154
20250908 003200;23784;23785.25;23782.5;23782.5;38
20250908 003300;23782;23783.25;23780.75;23782.5;42
20250908 003400;23782.25;23783.25;23781.25;23782;37
20250908 003500;23782;23782;23778.5;23780.25;80
20250908 003600;23779.75;23781.25;23777;23778.25;60
20250908 003700;23778.5;23779.25;23776.5;23778.75;72
20250908 003800;23778.5;23784.75;23778.5;23782.75;99
20250908 003900;23783.25;23783.5;23779;23781.5;39
20250908 004000;23780.75;23780.75;23779;23779;23
20250908 004100;23778.5;23779.25;23777;23778.25;33
20250908 004200;23778.25;23781.25;23778.25;23780;35
20250908 004300;23780.25;23781.5;23777;23778.75;49
20250908 004400;23778.25;23779;23776.75;23777.25;66
20250908 004500;23776.75;23777.75;23773.75;23775;155
20250908 004600;23774.5;23776.25;23770.25;23771.25;172
20250908 004700;23771.25;23774.5;23768;23773;160
20250908 004800;23773.5;23773.75;23770.25;23770.25;25
20250908 004900;23770.5;23770.5;23768.25;23769;43
20250908 005000;23769.75;23771.25;23769;23771.25;31
20250908 005100;23771.25;23774.5;23771;23772.25;64
20250908 005200;23771.75;23771.75;23768;23769.25;96
20250908 005300;23769.75;23771.25;23769;23770;43
20250908 005400;23769;23769.25;23766.25;23768.25;43
20250908 005500;23769.25;23770.25;23766.25;23767;39
20250908 005600;23767.25;23767.75;23765.5;23765.75;63
20250908 005700;23766.75;23769.25;23766.5;23767;28
20250908 005800;23767.5;23768.75;23767;23768.5;19
20250908 005900;23768.75;23770.5;23768;23768;40
20250908 010000;23767.75;23769;23764;23764.75;104
20250908 010100;23764.75;23772;23764.25;23769;145
20250908 010200;23769.5;23769.5;23766.25;23767;85
20250908 010300;23767;23767;23762;23765;126
20250908 010400;23766.75;23769;23761.5;23761.75;141
20250908 010500;23762.25;23764.25;23761.25;23761.75;94
20250908 010600;23762.5;23765.5;23761.75;23764.5;99
20250908 010700;23765.25;23769.25;23764;23768.25;84
20250908 010800;23768.25;23769.25;23765.5;23765.5;50
20250908 010900;23765.75;23768;23761.5;23762.75;93
20250908 011000;23762.5;23764.5;23761.75;23762.75;36
20250908 011100;23763.5;23766.25;23761.5;23761.5;75
20250908 011200;23762.5;23762.5;23759;23760.25;83
20250908 011300;23760;23761.75;23757;23759.5;72
20250908 011400;23759.75;23763.5;23758.25;23763;58
20250908 011500;23763;23765.25;23763;23764.25;51
20250908 011600;23763.5;23764;23760.25;23761.75;38
20250908 011700;23761.75;23763.25;23760.5;23761.75;28
20250908 011800;23763;23764.75;23762.75;23764.75;32
20250908 011900;23763.75;23765.25;23763;23764.75;27
20250908 012000;23763.75;23763.75;23761.75;23763;17
20250908 012100;23764;23764;23761.75;23762;20
20250908 012200;23763.25;23767.5;23760.5;23760.5;85
20250908 012300;23761.75;23763;23759.25;23763;50
20250908 012400;23763.25;23765.5;23763.25;23764.75;32
20250908 012500;23765;23765;23761.5;23761.75;31
20250908 012600;23763;23763.75;23761;23761;47
20250908 012700;23761.25;23763.5;23761.25;23763;23
20250908 012800;23764;23764;23761.75;23763.5;10
20250908 012900;23764.25;23765.25;23763.5;23763.75;32
20250908 013000;23764;23764;23762;23762.25;13
20250908 013100;23762.5;23764;23761;23764;28
20250908 013200;23764.25;23765.75;23762.75;23765.75;43
20250908 013300;23765;23767.25;23765;23765;77
20250908 013400;23765.5;23766;23765;23765;11
20250908 013500;23764.75;23767;23764.5;23766.5;25
20250908 013600;23767.25;23775;23766.5;23772.5;291
20250908 013700;23771.25;23771.75;23768.75;23770;69
20250908 013800;23770;23774.75;23770;23773.5;122
20250908 013900;23773;23776;23773;23775.25;85
20250908 014000;23775.25;23776.5;23773.75;23776.25;48
20250908 014100;23775;23780;23774.25;23778.5;167
20250908 014200;23777.75;23778.75;23774;23774.25;102
20250908 014300;23775;23777.5;23772.25;23775.75;95
20250908 014400;23774.75;23777;23774.5;23776.75;25
20250908 014500;23776;23778.25;23775.5;23776;58
20250908 014600;23776.25;23777.25;23775.25;23776.25;22
20250908 014700;23776.25;23776.75;23774;23774.25;29
20250908 014800;23773.75;23776;23773.5;23774.75;41
20250908 014900;23774;23779.25;23774;23778.75;37
20250908 015000;23778.5;23779.25;23776.25;23778.75;97
20250908 015100;23779.25;23779.25;23777.25;23777.5;54
20250908 015200;23777;23777;23772;23774.5;87
20250908 015300;23775;23775.75;23773.75;23773.75;27
20250908 015400;23773.25;23773.5;23765;23767.25;243
20250908 015500;23767.5;23770.75;23767.5;23770;53
20250908 015600;23770;23770.5;23768.25;23768.25;32
20250908 015700;23768.5;23769.75;23767.5;23769.75;48
20250908 015800;23768.75;23769.75;23768.25;23768.25;15
20250908 015900;23768.5;23768.75;23767.75;23767.75;19
20250908 020000;23769;23769.5;23767.25;23767.25;19
20250908 020100;23768.25;23771;23768;23768.5;69
20250908 020200;23768.25;23768.25;23763;23763.75;82
20250908 020300;23763.75;23764.5;23762.25;23762.25;98
20250908 020400;23762.5;23763;23758;23760.5;117
20250908 020500;23759.75;23760.25;23754.25;23756.5;233
20250908 020600;23756.25;23759.75;23756.25;23758.75;58
20250908 020700;23759;23761.75;23758.25;23759.75;44
20250908 020800;23760;23760.25;23758;23758;34
20250908 020900;23758;23760.5;23757.5;23759.75;62
20250908 021000;23760.75;23762;23759.75;23761;39
20250908 021100;23761.25;23761.75;23758.75;23758.75;52
20250908 021200;23758.5;23759;23753.75;23755;80
20250908 021300;23754;23755;23752.5;23754;71
20250908 021400;23754.25;23755.25;23754;23754;13
20250908 021500;23754.75;23755.75;23754.25;23754.25;15
20250908 021600;23755;23759.25;23755;23758;60
20250908 021700;23758.25;23758.25;23752;23753;78
20250908 021800;23752.75;23752.75;23748;23748.75;136
20250908 021900;23748.75;23749;23743;23744.25;192
20250908 022000;23744.25;23746.25;23738.5;23740.25;198
20250908 022100;23739.5;23743;23738;23738.75;131
20250908 022200;23738.25;23741.25;23735.75;23739.75;130
20250908 022300;23740.5;23740.75;23738.25;23740.25;51
20250908 022400;23740.25;23745;23740.25;23741.25;184
20250908 022500;23741.5;23741.75;23736.25;23738.5;113
20250908 022600;23739;23740.75;23736.5;23740;78
20250908 022700;23740.25;23743.25;23739.75;23741.25;97
20250908 022800;23741;23743.25;23741;23742.25;38
20250908 022900;23742.5;23745.25;23739.25;23742;97
20250908 023000;23741.25;23741.5;23739;23739.25;41
20250908 023100;23740.25;23742;23739.75;23741.5;29
20250908 023200;23741.5;23745;23741.25;23743.25;70
20250908 023300;23743.75;23744.5;23742.25;23742.25;29
20250908 023400;23742.25;23743.75;23740;23743;27
20250908 023500;23744;23744.5;23742.25;23743.5;18
20250908 023600;23742.75;23743;23741.25;23742.25;16
20250908 023700;23740;23746.25;23740;23745.75;55
20250908 023800;23745;23745.25;23743.5;23744.5;30
20250908 023900;23744.5;23744.75;23741.75;23742.5;27
20250908 024000;23743;23743.75;23741.25;23741.25;29
20250908 024100;23740.75;23742.75;23740.75;23742;13
20250908 024200;23742.25;23742.25;23740;23741.75;31
20250908 024300;23742.25;23744;23742;23742.75;27
20250908 024400;23743.25;23744;23742.25;23742.25;19
20250908 024500;23741.75;23742.25;23740.25;23741.25;20
20250908 024600;23740.75;23741.75;23740.25;23741.75;20
20250908 024700;23741;23741.75;23741;23741.5;4
20250908 024800;23741.75;23743.25;23739;23739.5;41
20250908 024900;23740;23741.5;23739.25;23740.5;29
20250908 025000;23741.25;23741.75;23740.5;23741;15
20250908 025100;23740.75;23744.5;23740.75;23743;47
20250908 025200;23741.75;23743;23739;23739;22
20250908 025300;23739.5;23741;23739.25;23741;17
20250908 025400;23739.75;23741;23739.25;23740.75;22
20250908 025500;23741.75;23741.75;23739.5;23739.5;10
20250908 025600;23740;23742.5;23740;23741.25;19
20250908 025700;23741;23743;23741;23742;20
20250908 025800;23742.75;23743;23740;23740.5;18
20250908 025900;23740.5;23743.5;23740.5;23742.75;33
20250908 030000;23742;23742.25;23741.25;23741.25;7
20250908 030100;23741.25;23744;23741.25;23742.75;32
20250908 030200;23741.5;23744.75;23741.25;23743.5;40
20250908 030300;23744;23748;23744;23747.25;88
20250908 030400;23747.5;23747.5;23746.5;23747;25
20250908 030500;23747;23747;23746;23747;21
20250908 030600;23747;23749.25;23747;23748.5;40
20250908 030700;23748;23748.75;23746;23746;26
20250908 030800;23745.5;23751;23744.75;23750.5;60
20250908 030900;23749.75;23763.5;23749.75;23761.5;259
20250908 031000;23760.5;23761.25;23758;23759;64
20250908 031100;23759.75;23760;23757.25;23757.75;47
20250908 031200;23758;23758.75;23755.75;23758.5;44
20250908 031300;23758.5;23758.75;23755.5;23756.5;39
20250908 031400;23756;23757.5;23753.25;23754;73
20250908 031500;23754.25;23757.25;23754.25;23757;60
20250908 031600;23757;23757.5;23755.25;23757.5;43
20250908 031700;23758.25;23762;23758;23760.75;68
20250908 031800;23761;23761.25;23759.5;23760;33
20250908 031900;23760;23761;23759.5;23759.5;19
20250908 032000;23759.25;23760.25;23758;23758;37
20250908 032100;23758;23758.5;23754.5;23754.5;43
20250908 032200;23754.75;23758.25;23754.75;23758;23
20250908 032300;23758;23759.25;23757.25;23758.5;44
20250908 032400;23758.25;23760.25;23758.25;23759.75;17
20250908 032500;23759.75;23760.25;23759.5;23760;7
20250908 032600;23760;23761;23759.5;23760.25;23
20250908 032700;23761.25;23761.75;23759.75;23760.5;17
20250908 032800;23760;23760;23758.25;23758.5;13
20250908 032900;23758.25;23759.75;23757.75;23758.5;49
20250908 033000;23758.5;23758.5;23756;23756.75;24
20250908 033100;23757.25;23759.25;23755;23756;42
20250908 033200;23756.5;23759.25;23756.5;23757.75;9
20250908 033300;23758.25;23760.75;23757.5;23757.75;41
20250908 033400;23758;23759;23757.75;23758.75;19
20250908 033500;23758.75;23760;23758.25;23759.5;29
20250908 033600;23760.5;23761;23759.75;23760.5;23
20250908 033700;23761.5;23761.5;23759.25;23759.25;12
20250908 033800;23759.75;23760;23757.75;23757.75;9
20250908 033900;23758.5;23759;23757;23759;20
20250908 034000;23758;23758.25;23757;23757;18
20250908 034100;23757.75;23760;23756.5;23759.75;35
20250908 034200;23759.75;23761.75;23759.5;23759.5;29
20250908 034300;23758.75;23759.25;23756.5;23757;26
20250908 034400;23756.5;23758;23754.75;23755.5;56
20250908 034500;23755;23756.25;23753.25;23755.75;63
20250908 034600;23755.25;23756;23752.5;23752.5;48
20250908 034700;23753.25;23754;23751.25;23753.75;48
20250908 034800;23753.25;23753.25;23749.75;23751.5;76
20250908 034900;23751.5;23751.5;23747;23749.5;50
20250908 035000;23749.75;23749.75;23748;23748;20
20250908 035100;23748.5;23748.75;23747.25;23748.5;17
20250908 035200;23748.25;23749.75;23747.75;23748;16
20250908 035300;23748.25;23748.75;23747.25;23748.75;17
20250908 035400;23747.75;23752;23747.75;23751;38
20250908 035500;23750.25;23752.5;23750;23752.25;16
20250908 035600;23752;23754.75;23752;23754.5;67
20250908 035700;23755;23757.25;23753.25;23753.75;104
20250908 035800;23753.75;23754;23752;23754;23
20250908 035900;23754.75;23757.25;23754.75;23756.5;26
20250908 040000;23756.25;23757.25;23754.25;23754.25;39
20250908 040100;23754;23754.25;23751.75;23751.75;38
20250908 040200;23753.25;23753.5;23752.25;23753;11
20250908 040300;23753.25;23754.5;23749;23749.25;34
20250908 040400;23749.75;23751.5;23748.25;23751.5;44
20250908 040500;23752;23753.75;23750.75;23751.5;43
20250908 040600;23753;23755.5;23752.75;23753.75;20
20250908 040700;23753.25;23753.75;23751.5;23751.5;13
20250908 040800;23750.75;23750.75;23748.25;23748.5;26
20250908 040900;23748;23748.5;23746.5;23747.25;34
20250908 041000;23747.5;23747.75;23746;23747.75;35
20250908 041100;23747;23748.5;23745;23747;60
20250908 041200;23747.25;23747.25;23744.75;23745.25;30
20250908 041300;23744.75;23745.5;23743.75;23745;45
20250908 041400;23744.75;23744.75;23741.75;23743.25;44
20250908 041500;23744;23744.25;23741;23741.75;62
20250908 041600;23742;23742.25;23738;23739.75;74
20250908 041700;23739.25;23739.75;23734.5;23737.5;101
20250908 041800;23737.5;23739.5;23737;23739;41
20250908 041900;23739;23740.75;23738.75;23738.75;33
20250908 042000;23738.75;23740.75;23738.75;23740.75;16
20250908 042100;23740.75;23742;23739.25;23742;44
20250908 042200;23742;23742;23739.5;23740.25;14
20250908 042300;23739.75;23741.75;23739.75;23741.75;23
20250908 042400;23741.5;23741.5;23739;23739.75;23
20250908 042500;23740.5;23742.5;23740.5;23742.5;22
20250908 042600;23743.25;23745.5;23742.75;23745;62
20250908 042700;23744.75;23745.5;23743.25;23744;42
20250908 042800;23743.25;23743.25;23741.25;23741.75;29
20250908 042900;23742.25;23744;23742.25;23744;20
20250908 043000;23743.75;23745.5;23743.5;23744.75;17
20250908 043100;23746;23748;23745.5;23748;53
20250908 043200;23747.25;23750.5;23747;23748;81
20250908 043300;23748;23748;23744;23744.75;21
20250908 043400;23745.75;23745.75;23744.5;23745.5;10
20250908 043500;23744.25;23745.25;23743.75;23743.75;30
20250908 043600;23743.75;23743.75;23740.5;23741;32
20250908 043700;23741;23741.75;23740.5;23740.5;16
20250908 043800;23740.75;23743.5;23740.75;23742.5;20
20250908 043900;23741.5;23741.5;23738;23739.5;81
20250908 044000;23739.25;23739.25;23737;23737;25
20250908 044100;23737.25;23740.5;23736.75;23738.5;71
20250908 044200;23737.5;23738.25;23737;23737.5;23
20250908 044300;23737;23737;23730.75;23733.25;120
20250908 044400;23734;23736.25;23733.25;23735.5;63
20250908 044500;23735;23737.5;23735;23736.25;49
20250908 044600;23736.5;23739;23736.5;23738;52
20250908 044700;23738;23738;23735.5;23737;26
20250908 044800;23736.75;23741;23736.25;23739;73
20250908 044900;23739;23740.5;23738.75;23739.25;21
20250908 045000;23739.25;23739.25;23735.5;23735.5;36
20250908 045100;23735;23736.5;23734;23736.5;89
20250908 045200;23735.75;23735.75;23731.75;23733.25;43
20250908 045300;23733.75;23734;23732.75;23733.75;19
20250908 045400;23733.5;23734.75;23733;23733;20
20250908 045500;23732.75;23733;23732.25;23732.5;15
20250908 045600;23732.75;23732.75;23725.75;23730.25;241
20250908 045700;23730.25;23733.25;23724.5;23732.25;166
20250908 045800;23731.75;23734.75;23731.75;23734.75;59
20250908 045900;23734.75;23736;23733;23733.75;31
20250908 050000;23733;23734;23733;23734;14
20250908 050100;23734.75;23735;23733.25;23733.75;31
20250908 050200;23735;23738;23734.75;23738;43
20250908 050300;23738.5;23738.75;23735.25;23738;43
20250908 050400;23738;23738.25;23734.75;23734.75;22
20250908 050500;23734.75;23736.5;23734;23736;24
20250908 050600;23738;23740.5;23738;23739;18
20250908 050700;23740;23740;23737.5;23738.25;30
20250908 050800;23736.75;23737.75;23736.75;23737.75;6
20250908 050900;23738;23738.75;23735.25;23735.25;16
20250908 051000;23735.75;23735.75;23734;23734.25;15
20250908 051100;23734.25;23734.5;23733.25;23733.75;17
20250908 051200;23733;23735;23731.25;23733.75;39
20250908 051300;23734.5;23735.75;23733.75;23734;17
20250908 051400;23734.25;23734.5;23733.5;23733.5;16
20250908 051500;23734.25;23738;23734.25;23737;33
20250908 051600;23736.25;23741.25;23736.25;23741.25;51
20250908 051700;23741.5;23743.75;23740.25;23743.5;100
20250908 051800;23743.75;23748;23742.75;23747;122
20250908 051900;23747.25;23750.5;23747.25;23749.75;74
20250908 052000;23750;23751.25;23747.5;23748;39
20250908 052100;23748;23748.75;23744.5;23745.5;32
20250908 052200;23744.5;23745.5;23742.75;23743.25;38
20250908 052300;23743.5;23743.5;23737;23739.25;106
20250908 052400;23739.5;23743;23739.5;23740.25;29
20250908 052500;23740.75;23742.5;23739.75;23740.25;29
20250908 052600;23740.25;23741.5;23739.25;23741.25;19
20250908 052700;23741.5;23742.25;23740.5;23740.5;24
20250908 052800;23741.75;23741.75;23738;23738;24
20250908 052900;23739.5;23740.75;23739.25;23740.75;12
20250908 053000;23741.25;23743.5;23741.25;23741.75;28
20250908 053100;23743;23743;23737;23738.25;65
20250908 053200;23737;23737.75;23735.5;23735.5;27
20250908 053300;23735.5;23738;23735.5;23736.25;30
20250908 053400;23736.5;23737.5;23735;23736;30
20250908 053500;23737.5;23738.5;23737;23737.75;20
20250908 053600;23738.5;23738.5;23733;23735.75;43
20250908 053700;23736.25;23738.25;23736.25;23738;17
20250908 053800;23736.5;23739.25;23736.5;23738.5;29
20250908 053900;23738.5;23741.5;23738.5;23740.75;45
20250908 054000;23741.25;23745;23741;23741;87
20250908 054100;23740.5;23741.25;23737;23738.5;60
20250908 054200;23737.75;23738.25;23736.5;23736.5;10
20250908 054300;23736;23736;23732.75;23735.5;27
20250908 054400;23733.25;23733.75;23730.25;23731.25;51
20250908 054500;23730.75;23733;23730.25;23732.5;41
20250908 054600;23731.75;23732.5;23729.5;23730.75;64
20250908 054700;23729.25;23735;23729.25;23733.5;81
20250908 054800;23734;23734;23731;23733;51
20250908 054900;23732.25;23735;23732;23734.25;42
20250908 055000;23734;23736.25;23731.5;23732.25;49
20250908 055100;23732.75;23734.5;23732.5;23733.5;18
20250908 055200;23733.75;23736;23732.75;23736;24
20250908 055300;23736.25;23736.5;23733;23733.25;30
20250908 055400;23733.5;23733.5;23732;23732.25;20
20250908 055500;23732.25;23733.25;23730.75;23732.75;49
20250908 055600;23732.25;23734.5;23731.75;23734.5;12
20250908 055700;23733.75;23736;23733.5;23736;17
20250908 055800;23734.5;23738;23734;23735.5;76
20250908 055900;23735;23736.25;23732.25;23732.75;34
20250908 060000;23733;23733;23731;23731.5;23
20250908 060100;23730.75;23735.5;23730.25;23734.25;66
20250908 060200;23734.5;23735.25;23732;23734;63
20250908 060300;23734.5;23737.5;23730.75;23731.25;77
20250908 060400;23732.5;23750.75;23732;23750.75;367
20250908 060500;23749.75;23755.5;23748;23748;237
20250908 060600;23748;23753;23746.25;23747.75;145
20250908 060700;23748.75;23750;23745;23745;108
20250908 060800;23744.5;23754.25;23744;23754.25;145
20250908 060900;23753.5;23753.75;23751;23752.5;42
20250908 061000;23753.25;23755;23751.5;23752.75;84
20250908 061100;23752.5;23753.75;23750.75;23750.75;32
20250908 061200;23751.75;23757.25;23751.75;23757.25;90
20250908 061300;23757.5;23759.75;23755.25;23755.25;87
20250908 061400;23755;23757.5;23754.25;23756.75;39
20250908 061500;23757.5;23757.75;23755.5;23755.75;30
20250908 061600;23755.5;23756.75;23753.75;23754.5;37
20250908 061700;23754.75;23754.75;23748;23749.5;88
20250908 061800;23750.5;23752.25;23749.5;23749.75;50
20250908 061900;23750.75;23753.5;23750.5;23752;24
20250908 062000;23752.75;23756.5;23752.5;23753.75;49
20250908 062100;23754.5;23757;23754.25;23755.25;29
20250908 062200;23756;23757.5;23754.5;23755.25;48
20250908 062300;23755.5;23757.75;23755.5;23756;71
20250908 062400;23755.5;23756.25;23752.25;23753.25;55
20250908 062500;23753.75;23753.75;23751.25;23752.5;25
20250908 062600;23752.75;23756.5;23752.5;23755.75;26
20250908 062700;23757;23759;23755;23755.75;51
20250908 062800;23756.5;23761;23754.25;23759.5;109
20250908 062900;23760.25;23763;23759.75;23762;89
20250908 063000;23762.25;23762.25;23756.5;23756.75;64
20250908 063100;23756;23758.25;23749;23749;138
20250908 063200;23750.25;23755.25;23750.25;23752;52
20250908 063300;23752.25;23754;23750.25;23751.25;69
20250908 063400;23751.25;23753;23747.75;23749;53
20250908 063500;23750;23753;23749.5;23753;51
20250908 063600;23753;23754.75;23750;23750.5;57
20250908 063700;23751.5;23753.75;23751.5;23752;18
20250908 063800;23751.75;23752;23750.25;23751;15
20250908 063900;23751.5;23751.5;23750.25;23750.25;2
20250908 064000;23750;23750.5;23748.25;23749.25;20
20250908 064100;23749.5;23752;23749.5;23752;22
20250908 064200;23752.75;23754.25;23751.75;23752.75;23
20250908 064300;23753.5;23757.25;23753.5;23756;42
20250908 064400;23755.5;23756.25;23753.75;23756;18
20250908 064500;23756;23756;23753.75;23754.5;21
20250908 064600;23753.25;23753.25;23751.5;23752.25;15
20250908 064700;23754;23754;23753;23753;8
20250908 064800;23753;23754;23749.75;23750;20
20250908 064900;23751;23755.5;23751;23753.75;57
20250908 065000;23754;23757.5;23754;23757.25;44
20250908 065100;23757.75;23759;23755.5;23757.25;32
20250908 065200;23757.25;23757.75;23755.25;23756;22
20250908 065300;23756;23757;23754.75;23754.75;19
20250908 065400;23755.75;23755.75;23752;23752.25;13
20250908 065500;23753.25;23755.25;23753.25;23754;20
20250908 065600;23753.75;23754.5;23752.5;23754.25;27
20250908 065700;23754.75;23755.5;23754.25;23754.25;6
20250908 065800;23754.75;23754.75;23749.25;23749.25;49
20250908 065900;23749.25;23752.75;23748.25;23751.25;35
20250908 070000;23751;23753;23748.75;23753;56
20250908 070100;23753;23757;23750.75;23755.25;132
20250908 070200;23755.25;23758.75;23753.5;23755.25;87
20250908 070300;23756;23757.75;23754;23754.5;33
20250908 070400;23755.25;23755.5;23752.5;23753.5;39
20250908 070500;23754;23763.75;23753.25;23763.75;104
20250908 070600;23763.25;23765.5;23759;23764.5;169
20250908 070700;23765.75;23766;23759.25;23760;77
20250908 070800;23759.75;23767.25;23759.75;23765.25;78
20250908 070900;23766.5;23766.75;23761.5;23764.75;51
20250908 071000;23764.75;23767.75;23764.25;23767.75;60
20250908 071100;23767;23773.5;23765.25;23772;172
20250908 071200;23772.5;23777.75;23772.5;23776.75;200
20250908 071300;23777;23778;23774.5;23777;146
20250908 071400;23776.75;23777.5;23773.75;23774.25;67
20250908 071500;23775;23775.25;23766.5;23768;131
20250908 071600;23768;23774.5;23768;23770.75;107
20250908 071700;23771.25;23772.75;23769.5;23772.5;50
20250908 071800;23772.75;23780;23772.75;23779;141
20250908 071900;23779;23781;23778;23779.25;162
20250908 072000;23778.25;23779.25;23773.5;23774;117
20250908 072100;23774.75;23777.25;23773.25;23776;109
20250908 072200;23775.75;23779.25;23774.75;23775;76
20250908 072300;23776;23777;23773;23773.25;56
20250908 072400;23773.75;23773.75;23766.25;23768;83
20250908 072500;23766.5;23767.75;23764.75;23767.5;72
20250908 072600;23767.5;23768.25;23765.5;23767.5;33
20250908 072700;23766.75;23772;23766.25;23771.25;69
20250908 072800;23771;23773.5;23769.5;23770.75;73
20250908 072900;23770.75;23771.25;23768.75;23769.25;27
20250908 073000;23768.5;23768.5;23762.25;23763;109
20250908 073100;23763;23766;23763;23764.5;40
20250908 073200;23764.25;23767.5;23763;23767.5;36
20250908 073300;23766.25;23768.5;23765.25;23767.25;63
20250908 073400;23767;23767.5;23764;23764.25;59
20250908 073500;23764;23764;23759.75;23759.75;56
20250908 073600;23760.25;23764.75;23759;23764.75;74
20250908 073700;23765;23766.5;23762.75;23764;56
20250908 073800;23763.5;23764.5;23760.5;23763;62
20250908 073900;23763.5;23765.25;23763;23765.25;26
20250908 074000;23765.5;23767;23764.75;23767;37
20250908 074100;23766;23770;23766;23768.25;63
20250908 074200;23769;23769.25;23767;23767.5;67
20250908 074300;23767.5;23773.75;23767.5;23772.25;95
20250908 074400;23773.25;23774.5;23772;23773.5;43
20250908 074500;23773.5;23781.5;23773.5;23779.75;139
20250908 074600;23779.5;23780.75;23778.75;23779;66
20250908 074700;23778.75;23779;23772.75;23773.5;66
20250908 074800;23772.75;23772.75;23769.25;23769.75;75
20250908 074900;23770.25;23772;23770;23771;55
20250908 075000;23771;23771.75;23767.5;23767.5;48
20250908 075100;23767.25;23768.75;23763.75;23764.5;59
20250908 075200;23764.25;23765;23762.75;23763.25;44
20250908 075300;23763.25;23763.75;23757;23759.5;108
20250908 075400;23758.25;23759.5;23753.25;23754.75;130
20250908 075500;23755;23758;23754.75;23757;38
20250908 075600;23755.25;23756.25;23752.75;23755.75;68
20250908 075700;23756;23757.5;23755.5;23756;32
20250908 075800;23755.75;23755.75;23753.5;23755.25;39
20250908 075900;23755.25;23755.75;23753.5;23753.75;24
20250908 080000;23754;23754.25;23752;23753.5;59
20250908 080100;23753.25;23758;23750.5;23755;160
20250908 080200;23755.75;23755.75;23752.75;23753.5;71
20250908 080300;23753.75;23753.75;23746;23747;131
20250908 080400;23747;23749.25;23741.5;23748;162
20250908 080500;23749.25;23757;23749;23754.75;140
20250908 080600;23754.75;23758.5;23754.75;23756.5;112
20250908 080700;23758;23760;23754.75;23757;157
20250908 080800;23758.25;23758.5;23753.75;23757.75;78
20250908 080900;23758.25;23760.5;23758;23759;68
20250908 081000;23758.75;23759.25;23756;23757.5;64
20250908 081100;23757;23757.5;23753.75;23754.5;86
20250908 081200;23754.75;23763.25;23754.75;23762.25;113
20250908 081300;23762.25;23765;23761.25;23761.5;76
20250908 081400;23761;23762;23757;23762;75
20250908 081500;23762.75;23764;23761.5;23763.5;49
20250908 081600;23763.75;23764;23760.5;23761.75;59
20250908 081700;23762.5;23762.75;23758.75;23762.25;54
20250908 081800;23762.75;23766.25;23762;23765.25;90
20250908 081900;23764.75;23766;23761;23764.5;102
20250908 082000;23765;23765;23762;23763.25;26
20250908 082100;23763.75;23763.75;23759.25;23760.25;57
20250908 082200;23760.25;23760.5;23755.25;23756;119
20250908 082300;23756.25;23761.75;23756.25;23759.25;49
20250908 082400;23760.5;23762.75;23760.25;23761.25;49
20250908 082500;23760.5;23761.5;23758.25;23761.25;36
20250908 082600;23761.25;23761.25;23756.75;23758;42
20250908 082700;23757.75;23759.25;23756.5;23756.5;34
20250908 082800;23756.5;23760;23755.75;23760;24
20250908 082900;23760.25;23760.75;23758.5;23760;25
20250908 083000;23759.75;23759.75;23757.5;23759.5;30
20250908 083100;23758.25;23759.75;23756.25;23758;34
20250908 083200;23758.25;23758.25;23755.25;23755.25;27
20250908 083300;23755.75;23757.5;23754.25;23757.25;34
20250908 083400;23757.5;23760.25;23757.25;23760.25;31
20250908 083500;23759.75;23761.25;23759.5;23761.25;20
20250908 083600;23761.5;23762;23760.25;23760.75;22
20250908 083700;23760.75;23764;23759.25;23762.25;31
20250908 083800;23762.5;23764.75;23762;23763.5;22
20250908 083900;23764.5;23766;23764.25;23764.25;61
20250908 084000;23765;23766;23765;23766;15
20250908 084100;23766.25;23767.75;23765;23766.5;58
20250908 084200;23765.75;23767.5;23764.5;23767;19
20250908 084300;23766.75;23766.75;23763.5;23766.25;33
20250908 084400;23765.5;23767.75;23761.25;23765.75;65
20250908 084500;23766;23767;23766;23766.75;23
20250908 084600;23766;23767.75;23764.25;23766;20
20250908 084700;23765.25;23765.5;23763.25;23763.75;13
20250908 084800;23763;23764;23761.75;23762.75;36
20250908 084900;23763.25;23767.25;23763.25;23767;25
20250908 085000;23766.5;23768.5;23766;23767.5;36
20250908 085100;23767;23767.75;23765.5;23767.5;30
20250908 085200;23767.75;23767.75;23763;23763;67
20250908 085300;23763;23763;23760.5;23761.75;38
20250908 085400;23762.25;23763.5;23761.5;23762.5;17
20250908 085500;23762.5;23762.5;23759.5;23760.5;20
20250908 085600;23760.25;23760.5;23758.5;23760;37
20250908 085700;23760;23761.75;23759.5;23761.75;15
20250908 085800;23761;23761.5;23760.75;23761;13
20250908 085900;23760.75;23765.5;23760.25;23764.5;50
20250908 090000;23764.75;23765;23762.25;23764.75;31
20250908 090100;23765;23766.75;23761;23761.75;48
20250908 090200;23761.75;23764;23758.75;23759.25;55
20250908 090300;23759;23761;23759;23760.25;48
20250908 090400;23759.5;23761.25;23758.25;23760.75;55
20250908 090500;23762.25;23764.25;23761.75;23762;19
20250908 090600;23761.25;23761.75;23759.25;23759.25;33
20250908 090700;23759;23760;23758.75;23759;15
20250908 090800;23758;23760;23756.25;23759.25;61
20250908 090900;23758.5;23759.5;23758;23758.75;26
20250908 091000;23758.25;23760.25;23758;23758.75;23
20250908 091100;23758.5;23758.75;23756.25;23756.75;36
20250908 091200;23756.75;23760;23756.25;23758.5;33
20250908 091300;23758;23760;23754.75;23760;118
20250908 091400;23760;23763.25;23759;23762.25;98
20250908 091500;23762.75;23765.5;23761.75;23762.5;79
20250908 091600;23762;23763.5;23761;23763;25
20250908 091700;23762.75;23764.5;23762.5;23763.75;28
20250908 091800;23764;23764;23762;23762;9
20250908 091900;23762.25;23763.5;23761.75;23763.25;44
20250908 092000;23763.25;23766.25;23762.75;23765.25;21
20250908 092100;23765.75;23767;23764.5;23765.25;33
20250908 092200;23764.75;23765.5;23763.75;23763.75;15
20250908 092300;23764.5;23767.5;23764.25;23767.5;23
20250908 092400;23767.25;23769.25;23767.25;23769.25;27
20250908 092500;23769.5;23769.5;23768.25;23768.25;11
20250908 092600;23768;23770.25;23767.5;23768.25;44
20250908 092700;23768.75;23769.5;23767;23767;29
20250908 092800;23767;23767;23765.25;23765.75;28
20250908 092900;23765.75;23767.25;23765;23766.75;10
20250908 093000;23766.25;23766.25;23762;23764;34
20250908 093100;23763.25;23764;23762.5;23763;14
20250908 093200;23763.5;23767.5;23761.75;23766;85
20250908 093300;23766.5;23767.5;23766;23767.25;23
20250908 093400;23767.5;23767.5;23762.75;23762.75;25
20250908 093500;23762.75;23769;23762;23768.25;44
20250908 093600;23768.25;23768.25;23767.25;23768.25;18
20250908 093700;23768;23768.25;23766.5;23767.25;30
20250908 093800;23766.5;23766.5;23763.5;23765.25;43
20250908 093900;23765.75;23766.25;23764.75;23766.25;16
20250908 094000;23766;23766.5;23763.75;23765.25;26
20250908 094100;23764.75;23765.75;23764.75;23764.75;21
20250908 094200;23763.5;23769.5;23760.5;23767;124
20250908 094300;23766.5;23767.75;23765.75;23766.25;59
20250908 094400;23765.75;23767.5;23765.75;23767.5;12
20250908 094500;23767.5;23768.5;23764.75;23765;32
20250908 094600;23766;23767.25;23765.75;23766;35
20250908 094700;23766.5;23767;23765;23767;14
20250908 094800;23767.5;23769;23767.5;23768.75;21
20250908 094900;23769;23769.75;23768.5;23769.75;22
20250908 095000;23770;23772.5;23770;23772;68
20250908 095100;23772.5;23774.75;23772;23774.75;216
20250908 095200;23774.75;23777.75;23773.5;23775.5;97
20250908 095300;23776;23780.5;23775.5;23777.25;156
20250908 095400;23778;23783.5;23777.5;23783.5;132
20250908 095500;23783.75;23786;23783.5;23784.75;120
20250908 095600;23783.75;23785;23783.5;23784.75;43
20250908 095700;23784.5;23784.5;23780.5;23781;69
20250908 095800;23780.75;23780.75;23777.5;23779.75;71
20250908 095900;23779.5;23780.75;23779.5;23779.5;33
20250908 100000;23779.5;23782;23778.25;23780.25;65
20250908 100100;23781.25;23782.5;23777.25;23777.75;73
20250908 100200;23778;23781;23778;23780;42
20250908 100300;23779.5;23779.5;23776;23777.25;39
20250908 100400;23777.75;23779.5;23777.25;23779.25;25
20250908 100500;23779.25;23780.75;23777.5;23777.5;30
20250908 100600;23776.75;23776.75;23774.25;23774.5;43
20250908 100700;23775;23776.75;23774.5;23776.25;42
20250908 100800;23777.25;23779.5;23776.5;23778.5;31
20250908 100900;23779;23782.75;23778.75;23781.25;63
20250908 101000;23781.75;23782.75;23779.75;23782.75;30
20250908 101100;23782;23782.5;23781.25;23782.5;18
20250908 101200;23782.25;23782.5;23781.5;23782.5;21
20250908 101300;23782.5;23783.5;23780.25;23781.75;60
20250908 101400;23782;23789.25;23782;23783.75;242
20250908 101500;23783.5;23786.75;23782.25;23786.75;77
20250908 101600;23785.25;23785.5;23781.5;23782.5;55
20250908 101700;23783;23784.5;23782.25;23784;28
20250908 101800;23784;23786;23783.75;23785;98
20250908 101900;23786;23786;23780.75;23781.5;62
20250908 102000;23781.25;23781.25;23777.25;23780;89
20250908 102100;23781.25;23782;23780.75;23781.75;32
20250908 102200;23781;23783.25;23780.25;23781.5;29
20250908 102300;23781.5;23782.25;23779.25;23779.5;62
20250908 102400;23779.25;23784.25;23779.25;23784.25;46
20250908 102500;23783.75;23785.75;23782.25;23783;55
20250908 102600;23782.75;23783;23779.5;23779.5;36
20250908 102700;23780;23781.75;23779;23781.25;34
20250908 102800;23781.5;23781.5;23780.5;23781.5;13
20250908 102900;23781;23781.25;23780;23781.25;21
20250908 103000;23780.75;23781.25;23779;23780.5;21
20250908 103100;23780.25;23781.5;23778;23779.25;65
20250908 103200;23779.5;23782.5;23779.5;23781.75;42
20250908 103300;23781.75;23783.25;23781.75;23783.25;33
20250908 103400;23783.5;23786.75;23783.5;23785;74
20250908 103500;23785.5;23786.75;23785;23786;49
20250908 103600;23785.75;23790;23785.75;23786.25;102
20250908 103700;23787.5;23790;23787.5;23789.25;71
20250908 103800;23788.75;23790;23783.5;23784.25;109
20250908 103900;23784.25;23784.5;23779.5;23783.25;151
20250908 104000;23783;23783;23780;23781.25;43
20250908 104100;23781.25;23781.75;23779;23781.75;50
20250908 104200;23781.25;23783.5;23781;23782;53
20250908 104300;23782.25;23782.25;23779.25;23782;37
20250908 104400;23782.25;23783.25;23780.25;23781;50
20250908 104500;23782;23783.25;23780.5;23783.25;26
20250908 104600;23782.75;23784;23781;23781.25;29
20250908 104700;23782;23782.75;23779;23779;35
20250908 104800;23779;23780;23778.75;23778.75;24
20250908 104900;23778;23781;23775.75;23781;103
20250908 105000;23781.25;23781.25;23779;23779.5;54
20250908 105100;23779.75;23780.25;23778.25;23778.75;71
20250908 105200;23778.75;23780.5;23778;23780.5;21
20250908 105300;23780.25;23780.5;23778.25;23779.75;17
20250908 105400;23780.75;23780.75;23775;23776;60
20250908 105500;23775.75;23777;23774.5;23775.5;36
20250908 105600;23775.5;23776;23772.25;23773;112
20250908 105700;23773.75;23774.5;23769.25;23769.25;64
20250908 105800;23769.75;23772.5;23769.25;23772;39
20250908 105900;23772.25;23773;23771.75;23772.25;43
20250908 110000;23772.25;23772.25;23770.75;23771.5;21
20250908 110100;23771.5;23771.5;23765.5;23769;223
20250908 110200;23768.75;23773.25;23766.5;23773;200
20250908 110300;23773.25;23773.25;23769;23769.25;101
20250908 110400;23770;23770.25;23768.25;23770;54
20250908 110500;23771;23772.5;23770.25;23771.25;103
20250908 110600;23771.75;23773.5;23771.25;23773.5;48
20250908 110700;23773.5;23776.5;23770;23775.75;145
20250908 110800;23776;23777.25;23774.25;23774.5;86
20250908 110900;23774.25;23775.5;23773;23775.5;24
20250908 111000;23776.5;23776.75;23772.75;23773.25;34
20250908 111100;23774;23776.5;23772.75;23775.75;47
20250908 111200;23776;23776.75;23774;23776.5;37
20250908 111300;23776.25;23776.5;23774.5;23774.75;20
20250908 111400;23775;23776.5;23773.75;23776;36
20250908 111500;23776.25;23781.5;23776.25;23781.5;113
20250908 111600;23781.5;23781.5;23777.75;23777.75;104
20250908 111700;23779;23781.75;23779;23779.25;45
20250908 111800;23778.25;23778.25;23772.5;23773.25;85
20250908 111900;23772.75;23775.5;23771.75;23773.5;83
20250908 112000;23774;23777.75;23773.75;23777.75;70
20250908 112100;23777;23777;23774.75;23775.25;23
20250908 112200;23774.75;23774.75;23773.5;23774;19
20250908 112300;23773.75;23775.25;23771.75;23772.5;102
20250908 112400;23773.25;23774;23770;23770;61
20250908 112500;23769.75;23770.25;23768.5;23769;38
20250908 112600;23769.25;23770.5;23768;23769.25;66
20250908 112700;23769.5;23772.5;23768.5;23772.5;46
20250908 112800;23772.75;23776.25;23772.75;23776.25;57
20250908 112900;23776.5;23778;23775.75;23778;50
20250908 113000;23778;23779;23776.25;23777;62
20250908 113100;23777.75;23781;23777.75;23781;63
20250908 113200;23780.5;23782.25;23778;23782.25;107
20250908 113300;23781.75;23781.75;23777.75;23779.5;70
20250908 113400;23779.25;23780.75;23775;23775.75;81
20250908 113500;23775.75;23775.75;23772.25;23772.25;55
20250908 113600;23772.5;23777;23772;23774.75;75
20250908 113700;23774.5;23775.25;23773;23773.75;34
20250908 113800;23773.75;23775.25;23771.25;23772.5;107
20250908 113900;23772;23773.5;23771;23772.75;73
20250908 114000;23772.5;23773;23771.25;23773;31
20250908 114100;23773.5;23775.5;23773.5;23775;31
20250908 114200;23775.25;23775.75;23774.5;23775.25;25
20250908 114300;23775.75;23776.75;23774.25;23776.25;31
20250908 114400;23775.75;23775.75;23773;23774.25;46
20250908 114500;23774.5;23777;23774.5;23776;32
20250908 114600;23776.5;23777.5;23775.5;23776.5;35
20250908 114700;23776;23776.5;23768.5;23770.25;124
20250908 114800;23771;23771.25;23767.75;23770.5;106
20250908 114900;23770.5;23770.75;23768.25;23769.25;91
20250908 115000;23769.75;23771.5;23768.75;23771.25;55
20250908 115100;23770.5;23772.25;23769.25;23770.25;51
20250908 115200;23771.5;23773.25;23771.25;23772.75;30
20250908 115300;23772;23774.5;23772;23772.75;35
20250908 115400;23772.5;23777;23772.5;23777;39
20250908 115500;23776.5;23777.25;23773.25;23775.25;57
20250908 115600;23775.5;23779.25;23775.5;23778;85
20250908 115700;23778.25;23778.25;23775.25;23775.25;73
20250908 115800;23775.75;23776;23769.75;23770.5;95
20250908 115900;23771.25;23772.5;23769;23769.25;49
20250908 120000;23769.5;23769.5;23760.5;23762.75;215
20250908 120100;23762.5;23766.5;23759;23765.25;172
20250908 120200;23765;23768.25;23764;23767.5;113
20250908 120300;23767.75;23768.25;23764.75;23765.5;75
20250908 120400;23766.25;23766.25;23760.5;23762.75;111
20250908 120500;23762.75;23765;23761;23764.75;60
20250908 120600;23765;23765;23755.75;23756.5;151
20250908 120700;23756.75;23757.25;23752.75;23752.75;129
20250908 120800;23752;23754.75;23749;23753.5;272
20250908 120900;23753.75;23755;23751;23755;92
20250908 121000;23755;23758.5;23753.25;23757;140
20250908 121100;23756.75;23757.25;23749.75;23750.5;136
20250908 121200;23751.25;23753.5;23748;23751.25;151
20250908 121300;23750.75;23752.25;23744.5;23745;196
20250908 121400;23744.75;23750;23744.5;23748.25;150
20250908 121500;23749.25;23750;23745.5;23746.5;97
20250908 121600;23747;23747.5;23744.25;23745.25;50
20250908 121700;23745.5;23751.25;23744.5;23751;156
20250908 121800;23750.75;23756;23750.25;23751;197
20250908 121900;23751.75;23753;23746.75;23748.75;126
20250908 122000;23748;23753.5;23747.75;23750;62
20250908 122100;23750.25;23751.5;23747.75;23750;49
20250908 122200;23750.25;23754.75;23749.25;23753.75;123
20250908 122300;23754.25;23754.5;23748.5;23749.25;77
20250908 122400;23749;23751;23744.25;23744.5;150
20250908 122500;23744.75;23750;23743.5;23749.25;102
20250908 122600;23749.25;23754.75;23749.25;23752.25;165
20250908 122700;23752.25;23752.5;23750;23751.25;59
20250908 122800;23751.75;23755;23751.25;23751.75;208
20250908 122900;23752.5;23755;23751.25;23753.5;58
20250908 123000;23752.75;23754;23752.25;23754;57
20250908 123100;23753.75;23761.5;23753.25;23761.5;234
20250908 123200;23761;23767;23758;23765.75;287
20250908 123300;23766;23768.5;23765;23766.5;174
20250908 123400;23766.5;23767.25;23764.5;23765.75;112
20250908 123500;23766;23767;23763.25;23764;96
20250908 123600;23764;23766;23761;23764;146
20250908 123700;23764.5;23764.75;23760.75;23760.75;60
20250908 123800;23761;23764;23759.5;23761.75;146
20250908 123900;23762;23762.25;23757.25;23759.25;113
20250908 124000;23759.5;23762;23758;23761.25;89
20250908 124100;23761;23762;23755.5;23755.5;100
20250908 124200;23756.25;23761;23755.75;23758.5;104
20250908 124300;23758.5;23760.75;23757;23757.5;110
20250908 124400;23757.5;23759.25;23756.25;23757.5;104
20250908 124500;23757;23760;23756.5;23759;53
20250908 124600;23760.25;23762;23757;23759;135
20250908 124700;23759;23760.25;23756.25;23756.25;83
20250908 124800;23756.25;23761.75;23754.25;23761.75;128
20250908 124900;23761.5;23769;23761.5;23765;393
20250908 125000;23765.25;23768.5;23764.5;23767.75;102
20250908 125100;23768;23772;23767.25;23771.5;159
20250908 125200;23772;23772;23767.5;23768.25;131
20250908 125300;23767.75;23770;23764.5;23769.5;185
20250908 125400;23770;23771;23768.5;23769.25;79
20250908 125500;23769.25;23772;23769;23770.5;127
20250908 125600;23770.75;23777.75;23769;23777.25;428
20250908 125700;23776.75;23779.5;23774.75;23775;354
20250908 125800;23775.25;23778;23774;23776;145
20250908 125900;23776.5;23776.75;23773.25;23774.25;133
20250908 130000;23774.25;23779;23772;23779;221
20250908 130100;23778.25;23780.5;23773.5;23773.75;251
20250908 130200;23773.25;23781;23773.25;23780.75;225
20250908 130300;23781.5;23782.5;23776.25;23779;273
20250908 130400;23779.75;23782;23778.75;23780.25;92
20250908 130500;23780.5;23781.25;23779.25;23780.5;101
20250908 130600;23780.75;23781.25;23776.5;23778;185
20250908 130700;23778;23782;23777.75;23779.75;179
20250908 130800;23780;23780;23776.75;23778;81
20250908 130900;23778.25;23779;23776.25;23776.5;92
20250908 131000;23776.25;23777.25;23771.5;23772.5;185
20250908 131100;23772.25;23773.25;23767;23772.75;338
20250908 131200;23773;23780.5;23773;23779;264
20250908 131300;23779.25;23781.5;23778.5;23781.5;166
20250908 131400;23781.5;23781.75;23778.25;23780.5;134
20250908 131500;23781;23782.5;23780.5;23781.5;112
20250908 131600;23780.75;23784.75;23779.75;23782.5;230
20250908 131700;23782;23784.5;23780.25;23780.5;190
20250908 131800;23781;23785;23780;23782.75;206
20250908 131900;23782;23787;23781.75;23784.25;275
20250908 132000;23784;23786.75;23781.75;23785.5;253
20250908 132100;23786.25;23789.25;23785.5;23786.5;337
20250908 132200;23786.5;23793.5;23783.5;23791.25;797
20250908 132300;23791;23793.5;23790.25;23793.25;397
20250908 132400;23792.5;23793;23786.75;23787.25;261
20250908 132500;23787.75;23787.75;23784.25;23784.25;327
20250908 132600;23784.5;23784.75;23777;23781;664
20250908 132700;23780.75;23787.25;23780.75;23785.5;259
20250908 132800;23786.25;23793;23783;23791.25;607
20250908 132900;23791.25;23795;23785;23785.5;881
20250908 133000;23786.25;23787;23777.25;23784;815
20250908 133100;23784.25;23812;23783;23787.75;5894
20250908 133200;23788.25;23802;23786;23796.5;3217
20250908 133300;23796.5;23804;23771.75;23791.5;3566
20250908 133400;23792;23807;23785;23801.25;2667
20250908 133500;23800.75;23821;23798;23820;2988
20250908 133600;23820;23827;23813.75;23822.75;2902
20250908 133700;23823;23837.5;23820.75;23834.75;2793
20250908 133800;23834.75;23849;23834;23838.5;2727
20250908 133900;23839.25;23840.5;23806.25;23807.5;2948
20250908 134000;23808;23814.25;23796.5;23803;2730
20250908 134100;23802.75;23832.75;23802.5;23827.75;2887
20250908 134200;23828.25;23841.25;23816;23840.75;2002
20250908 134300;23840.5;23841.5;23822;23828;1669
20250908 134400;23828.25;23846;23827.25;23838.25;1779
20250908 134500;23838;23842.25;23821;23831;1520
20250908 134600;23830.75;23844.25;23830.75;23840.25;2137
20250908 134700;23841;23844.5;23826;23833.75;1641
20250908 134800;23834;23835.5;23814.25;23817;1767
20250908 134900;23818;23836.5;23813.75;23832.75;1827
20250908 135000;23832.25;23852.25;23831.25;23849;2286
20250908 135100;23849.25;23850;23830;23832.5;1694
20250908 135200;23833;23862.75;23831.25;23857.25;3136
20250908 135300;23857.5;23859;23846.75;23858;1624
20250908 135400;23858.25;23859.75;23844;23849.75;1534
20250908 135500;23850;23865.75;23849.25;23865;1672
20250908 135600;23865;23874.25;23855.75;23874.25;2486
20250908 135700;23874;23876.25;23864;23875.25;1785
20250908 135800;23875.75;23876;23864.75;23871.75;1408
20250908 135900;23871.75;23872.25;23850.5;23853.25;1622
20250908 140000;23853.25;23854.75;23845;23846.25;1684
20250908 140100;23846.25;23851.25;23838;23847.25;2097
20250908 140200;23847;23848;23826.5;23831;1864
20250908 140300;23831.25;23847.25;23831.25;23844.5;1365
20250908 140400;23844.5;23851.25;23837.5;23850;1209
20250908 140500;23850.5;23858;23844.25;23856.75;1614
20250908 140600;23856.5;23859.25;23846.25;23854.75;1215
20250908 140700;23855;23864.5;23855;23861;1425
20250908 140800;23861.25;23868.25;23857;23861.5;1215
20250908 140900;23860.75;23870;23859.25;23863.5;1158
20250908 141000;23863;23864.25;23850;23854;1262
20250908 141100;23854.5;23860.5;23850.5;23852.25;891
20250908 141200;23852.25;23861;23848.75;23856;848
20250908 141300;23855.5;23856;23838.75;23849.5;1425
20250908 141400;23850;23850.5;23841;23844.75;901
20250908 141500;23845.25;23850;23840;23841.5;1291
20250908 141600;23841.5;23845.25;23835.25;23839.75;1307
20250908 141700;23839.75;23841.75;23831.5;23837;1225
20250908 141800;23837;23840.25;23827.25;23828.5;1075
20250908 141900;23828.5;23835.75;23818.75;23819.75;1864
20250908 142000;23820.25;23824.5;23810.75;23817.25;2039
20250908 142100;23816.75;23820.5;23811.25;23814.75;1107
20250908 142200;23814.5;23821;23806.25;23808.75;1328
20250908 142300;23808.75;23823.75;23808;23820.75;1345
20250908 142400;23820.5;23830.75;23818;23828.5;1222
20250908 142500;23828.25;23829;23820.5;23823.75;719
20250908 142600;23824.25;23835;23822.5;23823.5;1305
20250908 142700;23823;23841.25;23823;23840.5;1348
20250908 142800;23840.25;23859.5;23838.25;23851.5;2315
20250908 142900;23851;23861.75;23849;23859;1449
20250908 143000;23859.25;23869.75;23859;23862.75;1801
20250908 143100;23862.5;23873;23862.25;23872;1835
20250908 143200;23871.5;23874.75;23868;23870.5;1403
20250908 143300;23870.5;23880;23864.5;23865.5;2270
20250908 143400;23865.5;23866.25;23852;23859.5;1736
20250908 143500;23859.25;23863.25;23855.25;23857.75;718
20250908 143600;23857.75;23860.25;23852.75;23858.5;779
20250908 143700;23859.25;23871;23859.25;23868.5;1406
20250908 143800;23869;23870;23862.5;23865;615
20250908 143900;23865;23877.5;23863.5;23874.5;1233
20250908 144000;23874.5;23879.75;23870;23872.75;1471
20250908 144100;23872.75;23876;23869.75;23873.25;757
20250908 144200;23873;23878.5;23870;23878.25;709
20250908 144300;23878.5;23886.5;23876.75;23885.5;2002
20250908 144400;23885.25;23886;23880.5;23882.75;799
20250908 144500;23883;23885.25;23877.75;23881;892
20250908 144600;23881.25;23886.25;23874.75;23876;1396
20250908 144700;23876.25;23888;23876;23882.75;1279
20250908 144800;23882.25;23886.75;23876.75;23879.5;896
20250908 144900;23879.5;23880.25;23873.75;23880;725
20250908 145000;23879;23883.5;23876.5;23876.75;689
20250908 145100;23876.5;23876.5;23863.25;23869;1817
20250908 145200;23869;23875.25;23866;23867.5;1088
20250908 145300;23867.75;23873.75;23867;23871.25;603
20250908 145400;23870.75;23872.75;23866.5;23872.75;650
20250908 145500;23872.5;23873.5;23868.75;23872.25;526
20250908 145600;23872.25;23874.5;23868.25;23873.25;762
20250908 145700;23873;23878.75;23869.25;23876;837
20250908 145800;23876;23880.5;23873.75;23877;807
20250908 145900;23877.25;23879.75;23860.75;23863;1189
20250908 150000;23863;23866.75;23858.25;23859.5;1044
20250908 150100;23859.5;23865.5;23855.75;23864.5;1146
20250908 150200;23864.5;23868.5;23856.5;23860;903
20250908 150300;23860;23863;23856;23858.5;611
20250908 150400;23858.5;23866.25;23856.75;23862.25;804
20250908 150500;23862;23862.75;23854.75;23861.5;682
20250908 150600;23862;23865;23859.5;23860.75;539
20250908 150700;23861;23867.75;23860.25;23865.5;644
20250908 150800;23865.75;23867.75;23858.75;23865.5;801
20250908 150900;23865.5;23869;23861;23868;459
20250908 151000;23867.75;23867.75;23862.75;23865.75;345
20250908 151100;23866;23876.25;23865.75;23875.75;1066
20250908 151200;23875.75;23881;23873;23875;1067
20250908 151300;23875.25;23878.25;23870.75;23874.75;671
20250908 151400;23874.25;23876.5;23872.25;23873.75;400
20250908 151500;23873.25;23878.25;23872.5;23873.5;510
20250908 151600;23873.25;23874;23861.75;23863.25;1101
20250908 151700;23863.75;23868;23860.5;23867.25;785
20250908 151800;23867;23869;23860;23860.25;471
20250908 151900;23860.75;23862.5;23850;23850.75;1308
20250908 152000;23851.25;23855.5;23845.25;23849;1265
20250908 152100;23849.75;23851.25;23844;23847.75;1112
20250908 152200;23848.25;23851.75;23844.5;23847;674
20250908 152300;23847.5;23854.25;23847.25;23852.25;546
20250908 152400;23852;23853.75;23846.5;23853;632
20250908 152500;23853.5;23855.25;23849.75;23850.5;496
20250908 152600;23850.75;23857.5;23848.5;23857.5;711
20250908 152700;23857.25;23865.5;23855.25;23862;1022
20250908 152800;23862.25;23866.75;23857.75;23866.25;607
20250908 152900;23865.75;23871;23863;23869;671
20250908 153000;23868.5;23877.5;23868.25;23876.25;1226
20250908 153100;23876;23877.75;23871.25;23875.75;906
20250908 153200;23875.75;23879.5;23874.5;23877.5;639
20250908 153300;23877.25;23879.25;23875;23877.75;443
20250908 153400;23878;23884.75;23874;23876;971
20250908 153500;23875.5;23876.75;23866.75;23870.75;706
20250908 153600;23870.75;23875;23868.5;23869.5;542
20250908 153700;23869.5;23874.25;23864.75;23866.75;676
20250908 153800;23867;23871.25;23864.75;23864.75;557
20250908 153900;23865.25;23872.75;23865.25;23871.75;467
20250908 154000;23871.5;23873;23868.75;23870.75;435
20250908 154100;23871;23871;23862.5;23866.5;791
20250908 154200;23866;23869.75;23864.25;23864.25;408
20250908 154300;23864.75;23866;23858.25;23859.75;686
20250908 154400;23860.25;23865;23858.75;23861.5;499
20250908 154500;23862;23864.25;23860.25;23860.75;453
20250908 154600;23861.25;23863.75;23852;23853.5;908
20250908 154700;23853.5;23856;23838;23839.75;2031
20250908 154800;23839.75;23848.25;23834.25;23834.75;1646
20250908 154900;23835.25;23844.75;23829.75;23842;1370
20250908 155000;23841.5;23846.75;23838.25;23844.25;825
20250908 155100;23843.75;23851.75;23838.75;23851.25;1141
20250908 155200;23850.75;23859;23847.25;23856.25;1056
20250908 155300;23857;23857.5;23851.25;23852.25;570
20250908 155400;23852.75;23861;23852.25;23858.5;554
20250908 155500;23858.25;23865.25;23858;23862.25;842
20250908 155600;23862;23871;23861.25;23864.75;891
20250908 155700;23865.25;23870.5;23862.5;23870;537
20250908 155800;23870;23874.25;23868.75;23873.5;780
20250908 155900;23873.75;23874;23868;23873.25;647
20250908 160000;23873.25;23876;23870;23872.5;704
20250908 160100;23873;23873.75;23860.5;23861.5;1113
20250908 160200;23861.5;23864.75;23852;23854.75;1083
20250908 160300;23854;23861.5;23854;23859;561
20250908 160400;23859;23862.5;23857;23858.5;362
20250908 160500;23859;23861;23854;23855.75;508
20250908 160600;23856;23858.25;23848;23848.75;942
20250908 160700;23849;23851.25;23843;23844.25;899
20250908 160800;23844.75;23854;23844.75;23848.75;630
20250908 160900;23849.25;23851.5;23845.5;23845.5;374
20250908 161000;23845.75;23848.75;23842.5;23845.25;393
20250908 161100;23845.75;23851.75;23843.25;23846;532
20250908 161200;23846.25;23849.5;23843.5;23848.75;398
20250908 161300;23848.75;23852.75;23843;23846;567
20250908 161400;23846.25;23849.75;23845.5;23848.25;331
20250908 161500;23848;23849;23841.5;23843.5;495
20250908 161600;23843;23843.25;23837;23838.5;827
20250908 161700;23838.75;23841.25;23833.5;23835;843
20250908 161800;23834.5;23838.75;23826;23838;1209
20250908 161900;23837.75;23838.5;23832.25;23833.75;407
20250908 162000;23834;23836.5;23830.25;23834.25;499
20250908 162100;23834.25;23839.5;23829.5;23838.5;810
20250908 162200;23838;23841;23832.5;23833.5;582
20250908 162300;23833.25;23835.75;23828.5;23830.5;672
20250908 162400;23830.25;23833.5;23826.5;23831;440
20250908 162500;23830.75;23832;23825.25;23829.5;615
20250908 162600;23829.75;23834;23826;23830.25;756
20250908 162700;23830.25;23831.25;23823.5;23824.75;760
20250908 162800;23825;23825.5;23820.75;23822.75;704
20250908 162900;23823;23833.75;23823;23831.25;1029
20250908 163000;23831.25;23833.75;23830;23831.25;514
20250908 163100;23831.25;23837.75;23827.75;23832.25;1317
20250908 163200;23831.5;23831.75;23819.75;23821.25;1099
20250908 163300;23821.25;23822.5;23808.75;23810;1573
20250908 163400;23810.75;23812;23803.5;23807;1184
20250908 163500;23807.25;23817.5;23806.75;23811.25;967
20250908 163600;23811.75;23816.75;23808.75;23809.75;596
20250908 163700;23810.5;23811;23801;23801.75;986
20250908 163800;23801.5;23803.75;23790;23797;2096
20250908 163900;23797;23809;23796.5;23808;1005
20250908 164000;23807.75;23809.75;23804;23807.5;779
20250908 164100;23808;23808;23801;23804.25;665
20250908 164200;23804.25;23814.75;23800;23811.75;1240
20250908 164300;23811.75;23817;23808.5;23815;760
20250908 164400;23814.5;23823.25;23813;23818.5;983
20250908 164500;23818;23820.5;23813.25;23813.5;571
20250908 164600;23814;23814;23800.75;23801;1438
20250908 164700;23801.25;23805.25;23793.25;23796;982
20250908 164800;23795.25;23797.25;23793;23793.75;821
20250908 164900;23794.25;23800.5;23792;23797.25;780
20250908 165000;23797.25;23798.5;23793.5;23797;616
20250908 165100;23797.5;23809;23797.25;23808.5;874
20250908 165200;23808.75;23811.75;23806.5;23807.5;495
20250908 165300;23808;23808.75;23802;23802.25;615
20250908 165400;23802.5;23811.75;23802.5;23811;591
20250908 165500;23810.75;23817.5;23807.75;23816.75;725
20250908 165600;23816.5;23822;23816;23818;939
20250908 165700;23817.5;23819.75;23812.5;23813;658
20250908 165800;23813;23815.75;23810.75;23811;413
20250908 165900;23811;23812.5;23802;23802.5;1039
20250908 170000;23802;23812.5;23800.25;23811.75;688
20250908 170100;23811.5;23814.75;23804.75;23813.5;828
20250908 170200;23813.25;23815.75;23803.75;23806.75;661
20250908 170300;23806;23808.5;23798;23798;625
20250908 170400;23798.75;23801.25;23792.25;23796;852
20250908 170500;23796.5;23799;23790.75;23793.5;628
20250908 170600;23794;23796.75;23785.25;23786.25;1224
20250908 170700;23786.75;23802.25;23786.75;23802.25;984
20250908 170800;23802.25;23802.5;23787;23787.5;792
20250908 170900;23788.25;23793.5;23787.75;23789.25;460
20250908 171000;23788.75;23793.75;23785.5;23792.5;584
20250908 171100;23793.25;23800.5;23791.25;23798.75;598
20250908 171200;23798.5;23805.75;23794.25;23795.25;886
20250908 171300;23795.5;23802.25;23794.5;23795.5;478
20250908 171400;23795.25;23796.5;23791.5;23794.25;434
20250908 171500;23795;23796;23787.5;23788.25;396
20250908 171600;23788.5;23793.25;23787;23792;461
20250908 171700;23791.75;23795.5;23789.25;23793.5;332
20250908 171800;23793.5;23800;23788;23795.75;599
20250908 171900;23796.25;23802;23794.25;23800.25;351
20250908 172000;23800.25;23804.5;23800.25;23802;671
20250908 172100;23802;23804.75;23799.25;23801.75;663
20250908 172200;23801.5;23803.25;23798.75;23802.25;344
20250908 172300;23802;23805;23797.5;23804.75;415
20250908 172400;23804;23812.75;23804;23812;850
20250908 172500;23811.75;23815.5;23810;23813.5;552
20250908 172600;23813.25;23817;23809.5;23809.5;768
20250908 172700;23810;23810;23800.25;23801.5;948
20250908 172800;23801.5;23806.5;23800.5;23804.75;393
20250908 172900;23805.75;23812.75;23805.5;23809.25;637
20250908 173000;23809;23810.75;23803.5;23805.25;397
20250908 173100;23805.5;23812.5;23805.5;23806.5;464
20250908 173200;23806.5;23807.75;23800.5;23804.25;587
20250908 173300;23804.5;23810.75;23803.5;23809;475
20250908 173400;23809;23811;23803.5;23805.5;309
20250908 173500;23806;23807.5;23802.5;23804.5;243
20250908 173600;23804.75;23808;23801.75;23805;354
20250908 173700;23806;23808.5;23803;23805.25;272
20250908 173800;23804.75;23807.25;23801;23803.5;324
20250908 173900;23803.25;23807.5;23799;23799.5;449
20250908 174000;23800;23801.5;23798.75;23799;332
20250908 174100;23799.5;23799.75;23793.25;23797.75;739
20250908 174200;23797.75;23798.5;23792.5;23793.75;379
20250908 174300;23794;23801;23794;23799.75;458
20250908 174400;23799.25;23802.25;23797.5;23801;532
20250908 174500;23802;23804.25;23799;23803.25;327
20250908 174600;23803.5;23805;23799.5;23801;409
20250908 174700;23800.75;23801.75;23792.75;23794.75;692
20250908 174800;23794.5;23800.75;23794.5;23797.25;427
20250908 174900;23797.25;23798.75;23792;23793.25;496
20250908 175000;23793.5;23793.5;23787.5;23788.75;763
20250908 175100;23789.25;23793;23789;23790.25;390
20250908 175200;23790.5;23790.5;23778.5;23778.75;1367
20250908 175300;23778.75;23781;23762.75;23765.25;2373
20250908 175400;23766;23777.5;23765.75;23776;1048
20250908 175500;23775.5;23786.5;23772.75;23786;997
20250908 175600;23785.5;23790.75;23780.75;23786;1106
20250908 175700;23786;23787.25;23777.5;23781;590
20250908 175800;23781.25;23782.75;23777;23779;418
20250908 175900;23779.25;23782;23774.5;23775.75;525
20250908 180000;23776.75;23783.5;23776;23782.25;525
20250908 180100;23782.75;23784.5;23778.5;23778.75;606
20250908 180200;23778.25;23782;23777.5;23782;437
20250908 180300;23782.25;23783;23777.25;23779.5;478
20250908 180400;23779.75;23782.5;23777.75;23780.75;290
20250908 180500;23780.5;23782.25;23773.25;23776.5;715
20250908 180600;23776.25;23782.75;23772.25;23781.75;559
20250908 180700;23782;23786;23781.5;23784.75;488
20250908 180800;23784.75;23788.5;23783.5;23785;327
20250908 180900;23785.25;23786.25;23775.75;23778.75;533
20250908 181000;23778.75;23783.75;23778.5;23782;326
20250908 181100;23782.5;23797.75;23781.25;23797.75;1170
20250908 181200;23797.25;23800;23795.25;23798.25;821
20250908 181300;23798.5;23801;23796.5;23797;465
20250908 181400;23797;23804.5;23795.75;23804.25;727
20250908 181500;23803.75;23803.75;23799.25;23799.25;508
20250908 181600;23799.25;23805.5;23797.25;23804.75;709
20250908 181700;23804.25;23812;23802.5;23807.75;1114
20250908 181800;23808.25;23810.75;23804;23810.5;547
20250908 181900;23810.75;23812;23807.25;23811;564
20250908 182000;23811.25;23814;23810;23811.75;481
20250908 182100;23811.5;23813.5;23809.75;23812.75;508
20250908 182200;23812.75;23816.75;23812;23816.25;644
20250908 182300;23815.75;23819.75;23812.75;23819;722
20250908 182400;23818.75;23819.25;23807.25;23809.5;971
20250908 182500;23809.5;23812.75;23808;23809.25;691
20250908 182600;23809.25;23809.75;23802.25;23807.25;678
20250908 182700;23807.5;23808.75;23802.25;23804.75;439
20250908 182800;23805.25;23810.25;23805;23808.25;439
20250908 182900;23808.5;23811;23807;23808.5;315
20250908 183000;23808.5;23814.25;23808.5;23812.5;433
20250908 183100;23812;23816.75;23808.25;23809;755
20250908 183200;23809.25;23810.5;23804;23808;649
20250908 183300;23807.75;23808.5;23805.25;23807;281
20250908 183400;23806.75;23811;23806.25;23809.5;390
20250908 183500;23809.75;23812.25;23808.25;23810.25;346
20250908 183600;23810;23813.5;23809;23812;362
20250908 183700;23812;23813;23808;23808.75;287
20250908 183800;23808.75;23811;23807.25;23808.5;198
20250908 183900;23807.75;23808;23799.5;23800.75;753
20250908 184000;23801;23801.75;23797.5;23797.75;554
20250908 184100;23798;23799.75;23791;23793;879
20250908 184200;23793.5;23795.5;23788.5;23789.75;570
20250908 184300;23789.5;23797.25;23787.5;23796.75;488
20250908 184400;23796.5;23797.5;23792.75;23793.75;391
20250908 184500;23794;23803;23794;23801.5;594
20250908 184600;23801;23803.75;23799.25;23800.25;410
20250908 184700;23800.75;23807.5;23800.25;23804.5;795
20250908 184800;23804.5;23811;23804;23809;650
20250908 184900;23808.75;23811.25;23808;23810.25;377
20250908 185000;23810;23810.25;23805;23805;462
20250908 185100;23805.5;23808.75;23798.25;23799;508
20250908 185200;23799.25;23806.5;23798.75;23803.25;383
20250908 185300;23803.5;23804.75;23800.25;23801.75;269
20250908 185400;23801.25;23801.25;23792.25;23794.25;685
20250908 185500;23794.25;23799;23794;23795;329
20250908 185600;23795;23801.5;23793.25;23800.5;642
20250908 185700;23800.5;23800.75;23796.5;23797.75;370
20250908 185800;23798;23799.5;23794.75;23795.25;254
20250908 185900;23795.5;23795.75;23789.75;23793;586
20250908 190000;23793.75;23794.75;23791.25;23793.75;205
20250908 190100;23793.75;23794.25;23783.5;23785.5;842
20250908 190200;23786;23793.5;23786;23788.25;512
20250908 190300;23788;23791.5;23787.5;23789.25;310
20250908 190400;23789.25;23791.75;23786.75;23787;488
20250908 190500;23786.75;23792.25;23786;23791.75;429
20250908 190600;23791.5;23796.5;23790.25;23794.5;777
20250908 190700;23794.5;23795.5;23788.75;23789;400
20250908 190800;23789;23790.25;23786.75;23788.5;390
20250908 190900;23788.5;23794.75;23788.25;23791.5;349
20250908 191000;23791.75;23794;23786.5;23787.25;455
20250908 191100;23787;23789.75;23783.5;23785.75;635
20250908 191200;23785.25;23786;23778;23779.75;1620
20250908 191300;23780.25;23780.5;23764;23769.25;1723
20250908 191400;23769;23772.75;23765;23767.75;845
20250908 191500;23767.75;23771.5;23767;23770.25;492
20250908 191600;23770.5;23770.75;23763;23765.25;1298
20250908 191700;23765.25;23774.5;23764.25;23770.25;1163
20250908 191800;23770.75;23775.75;23770.5;23771.75;562
20250908 191900;23771.75;23774.25;23764.25;23766.75;871
20250908 192000;23766.5;23770.25;23764.75;23768.5;636
20250908 192100;23768.5;23773;23767.25;23770;518
20250908 192200;23769.75;23772.75;23769;23769.5;382
20250908 192300;23769.75;23769.75;23765.75;23766.25;571
20250908 192400;23766.25;23768.25;23760;23763.25;1150
20250908 192500;23764;23770.5;23764;23769.25;740
20250908 192600;23768.5;23770;23765;23768.25;584
20250908 192700;23768.5;23768.75;23763.5;23764.25;433
20250908 192800;23764;23772.5;23763.75;23771;512
20250908 192900;23771;23771.25;23765.75;23767;399
20250908 193000;23766.75;23772;23765.5;23770.25;405
20250908 193100;23770.75;23781;23770.75;23779;1390
20250908 193200;23779;23781.5;23777;23780.25;576
20250908 193300;23780.75;23790.25;23780.25;23788;1261
20250908 193400;23787.75;23788.75;23775;23775;952
20250908 193500;23775.25;23778.25;23770.75;23771;654
20250908 193600;23771.25;23781;23771.25;23780.25;795
20250908 193700;23780.5;23786.75;23779.25;23786.5;640
20250908 193800;23786.5;23788.25;23781.75;23784.75;597
20250908 193900;23784.75;23789;23784.75;23788.5;401
20250908 194000;23788.5;23793.5;23788;23791;623
20250908 194100;23791;23797.75;23790.25;23796.25;1089
20250908 194200;23796.5;23801.25;23792.25;23793.25;1119
20250908 194300;23793.5;23797.75;23793.5;23796.75;444
20250908 194400;23797;23802.75;23796.25;23802.5;801
20250908 194500;23802;23803.25;23797.5;23799.25;663
20250908 194600;23799.5;23807.75;23799.25;23806.75;849
20250908 194700;23807;23808.25;23801.5;23807.75;870
20250908 194800;23807.5;23811.5;23805;23809;877
20250908 194900;23809.25;23809.25;23804;23808;661
20250908 195000;23808.25;23811.5;23807;23811;841
20250908 195100;23810.5;23812.5;23785.25;23791;2795
20250908 195200;23790.75;23796.25;23789;23793.5;928
20250908 195300;23793.25;23801.25;23790.5;23796;977
20250908 195400;23795.75;23801.5;23794;23800.25;700
20250908 195500;23800.75;23802.25;23788.75;23795.5;1170
20250908 195600;23796;23798.75;23788;23793.25;1970
20250908 195700;23793;23796.75;23787.25;23789.25;950
20250908 195800;23789.25;23795;23785;23793.25;1133
20250908 195900;23793.75;23793.75;23785;23789.5;1334
20250908 200000;23789.75;23805;23789.75;23802.75;7528
20250908 200100;23803.25;23806.75;23796.25;23801.75;2691
20250908 200200;23801.75;23805;23799;23801;1084
20250908 200300;23801;23802;23797.5;23800.5;486
20250908 200400;23800.75;23801;23795.25;23797.25;319
20250908 200500;23797.25;23799.75;23797;23798.5;346
20250908 200600;23798.75;23801.25;23796.75;23800.75;331
20250908 200700;23801;23804.5;23800.75;23803.5;382
20250908 200800;23803.25;23806.25;23802.75;23806;383
20250908 200900;23806;23809.75;23804.75;23808.75;408
20250908 201000;23808.5;23810.25;23807.25;23809.25;277
20250908 201100;23809.25;23809.25;23801;23802.25;460
20250908 201200;23802;23806;23800.75;23804.75;174
20250908 201300;23805;23806.5;23803.25;23803.75;259
20250908 201400;23804.25;23805;23800.5;23801;475
20250908 201500;23801.25;23805.5;23800.75;23804.75;216
20250908 201600;23804.25;23804.5;23801.25;23801.5;179
20250908 201700;23801.75;23802.25;23798.25;23800.25;300
20250908 201800;23799.5;23800.5;23798.5;23799.75;76
20250908 201900;23799.5;23799.75;23798.25;23798.75;142
20250908 202000;23798.75;23799.75;23798.5;23799.5;43
20250908 202100;23799.25;23800.75;23798.75;23800.75;64
20250908 202200;23800.75;23802;23799.25;23801.25;89
20250908 202300;23801.5;23801.75;23800;23800;75
20250908 202400;23799.75;23800;23796;23797.75;228
20250908 202500;23798.25;23799.25;23796.75;23799.25;67
20250908 202600;23798.75;23800.25;23798.5;23800;83
20250908 202700;23800.5;23802;23799.75;23801.25;48
20250908 202800;23801;23802.75;23800;23802.75;120
20250908 202900;23802.5;23803;23801.75;23802;64
20250908 203000;23801.75;23803;23801;23801.25;78
20250908 203100;23801.5;23802;23801;23801.75;51
20250908 203200;23801;23802.25;23800.5;23801.75;51
20250908 203300;23802.25;23803;23802;23802;72
20250908 203400;23802;23802.5;23800;23801;75
20250908 203500;23801;23801.25;23800.5;23801.25;21
20250908 203600;23801.25;23801.25;23800.25;23800.5;17
20250908 203700;23800;23800.75;23799.25;23800.5;56
20250908 203800;23800;23800;23797;23797.75;82
20250908 203900;23797.5;23799.25;23797.5;23798.25;102
20250908 204000;23798.5;23798.75;23798;23798;25
20250908 204100;23798.25;23799.25;23798;23798.25;38
20250908 204200;23798;23798.5;23797.25;23798.25;31
20250908 204300;23798.5;23798.5;23795.75;23797;155
20250908 204400;23797;23797.25;23792.75;23795;138
20250908 204500;23794.75;23796.75;23793.75;23794.25;148
20250908 204600;23794.25;23798.25;23794.25;23797.5;95
20250908 204700;23797;23797.25;23795.25;23796.5;60
20250908 204800;23796.5;23797;23795.75;23796.5;39
20250908 204900;23797;23797.5;23796.25;23796.75;61
20250908 205000;23796.5;23796.5;23794.5;23794.75;44
20250908 205100;23794.5;23796;23793.75;23795;82
20250908 205200;23795.25;23795.25;23792.5;23793.75;172
20250908 205300;23794;23794.75;23794;23794;24
20250908 205400;23794.5;23795.5;23794;23794.25;66
20250908 205500;23794.25;23794.5;23793.25;23793.5;31
20250908 205600;23793;23795.25;23791.75;23794.75;131
20250908 205700;23795;23799.5;23794.5;23799;73
20250908 205800;23799;23799.5;23797.25;23797.75;36
20250908 205900;23797.25;23797.5;23795.75;23796.5;31
20250908 210000;23796;23798.5;23796;23798.5;88
20250908 220100;23799;23808.25;23798;23806.25;308
20250908 220200;23807.25;23816.25;23806;23812.75;317
20250908 220300;23813.75;23815;23810.25;23812.75;98
20250908 220400;23813.25;23818;23813.25;23817.75;115
20250908 220500;23817.75;23818.5;23812.5;23813.75;110
20250908 220600;23812.5;23817.75;23812.5;23814.75;75
20250908 220700;23813.75;23814.5;23811;23811.5;75
20250908 220800;23811.25;23815;23810;23815;85
20250908 220900;23816.25;23821.25;23813;23814.5;146
20250908 221000;23813.75;23815.75;23813;23813;57
20250908 221100;23814.5;23817;23811.5;23812.75;43
20250908 221200;23812;23816.25;23809.5;23816.25;43
20250908 221300;23814.75;23814.75;23812.5;23814.5;10
20250908 221400;23814.5;23816.75;23814.5;23815.75;19
20250908 221500;23817;23817;23814.75;23814.75;26
20250908 221600;23814.25;23816.25;23812;23812;36
20250908 221700;23813.25;23813.25;23810.5;23810.5;54
20250908 221800;23810.75;23812;23808.75;23810.75;58
20250908 221900;23811.5;23816.25;23809.75;23816.25;42
20250908 222000;23815;23817.75;23814.75;23815.75;27
20250908 222100;23817.75;23819.75;23816.25;23816.25;33
20250908 222200;23816.25;23820;23815.75;23818.75;32
20250908 222300;23818.75;23819.75;23816.25;23817;48
20250908 222400;23816.5;23820.5;23815.75;23819.75;58
20250908 222500;23819;23820.25;23818;23820;30
20250908 222600;23819.25;23820.75;23818;23818.25;31
20250908 222700;23817.75;23818;23816.25;23817.75;32
20250908 222800;23817.5;23820.25;23817.25;23820.25;34
20250908 222900;23820.25;23822;23818;23818.75;59
20250908 223000;23818;23818;23815.5;23815.5;31
20250908 223100;23815.75;23816.5;23815;23815.5;71
20250908 223200;23815.75;23818.5;23815;23818.5;24
20250908 223300;23819;23820.75;23818.5;23819.5;28
20250908 223400;23819.75;23819.75;23817.75;23818;22
20250908 223500;23819;23822.5;23819;23821.75;53
20250908 223600;23822.5;23824.5;23821.5;23822.5;90
20250908 223700;23822.5;23822.75;23819.75;23821.25;27
20250908 223800;23821;23821.5;23819.5;23820;28
20250908 223900;23820;23821.5;23819.25;23820.5;18
20250908 224000;23820.25;23820.75;23819.5;23819.5;10
20250908 224100;23820;23822.5;23820;23821.5;23
20250908 224200;23821.75;23824.25;23821;23824.25;48
20250908 224300;23823.75;23823.75;23821.75;23822.25;21
20250908 224400;23822.25;23822.25;23821.25;23821.5;10
20250908 224500;23821.5;23822.75;23821.5;23822.75;13
20250908 224600;23822;23823;23822;23822.25;11
20250908 224700;23823;23823;23822;23822.75;11
20250908 224800;23822.5;23823.25;23819.25;23822;92
20250908 224900;23822.25;23827.5;23822.25;23826.25;114
20250908 225000;23827;23829;23825.75;23828.25;95
20250908 225100;23827.25;23828.25;23825.75;23827.5;76
20250908 225200;23826.5;23828;23825.75;23825.75;24
20250908 225300;23825.5;23826;23823;23823;107
20250908 225400;23822.5;23822.5;23818;23819.5;129
20250908 225500;23820.25;23822;23819.75;23821;33
20250908 225600;23821;23821;23820.25;23821;15
20250908 225700;23821.5;23823.25;23821.5;23823;36
20250908 225800;23823;23825;23822;23825;50
20250908 225900;23824.5;23824.5;23824;23824;9
20250908 230000;23824;23825.75;23824;23825.25;36
20250908 230100;23825.75;23828;23825.75;23826.25;63
20250908 230200;23826.5;23829.25;23826.5;23829.25;59
20250908 230300;23829.5;23830.25;23828;23828.5;65
20250908 230400;23829;23829;23825.5;23825.5;48
20250908 230500;23825.75;23826.25;23824.75;23824.75;24
20250908 230600;23825.25;23826.25;23824.75;23826.25;28
20250908 230700;23826.5;23826.75;23826;23826.25;8
20250908 230800;23825.75;23826.5;23825;23825.25;22
20250908 230900;23826;23826;23822.25;23824;47
20250908 231000;23824;23825.25;23821;23821;48
20250908 231100;23821.5;23825.75;23821.5;23824.75;40
20250908 231200;23824;23824.75;23822.5;23823.75;32
20250908 231300;23824;23824;23823.5;23823.5;7
20250908 231400;23825;23826.25;23825;23826.25;30
20250908 231500;23826;23827.25;23824.5;23824.5;48
20250908 231600;23823.75;23823.75;23821.25;23822.5;68
20250908 231700;23822;23827;23821.5;23827;40
20250908 231800;23826.25;23827.25;23824;23824.75;64
20250908 231900;23824.75;23828.25;23824.25;23824.25;58
20250908 232000;23823.5;23824.25;23822.75;23823;9
20250908 232100;23822.5;23822.75;23820.75;23822.25;71
20250908 232200;23822.75;23823;23820.5;23821.5;47
20250908 232300;23821;23822.25;23820.25;23821;31
20250908 232400;23820.75;23821.5;23818.5;23818.5;81
20250908 232500;23818.75;23820;23818.25;23818.5;43
20250908 232600;23818.75;23818.75;23815.75;23817.5;114
20250908 232700;23817.25;23819;23817.25;23817.5;24
20250908 232800;23818.5;23818.5;23817.25;23818;6
20250908 232900;23818;23819;23817.25;23819;7
20250908 233000;23819;23819;23817.75;23818.75;12
20250908 233100;23818.75;23821;23818.5;23821;36
20250908 233200;23821;23821;23819.25;23820.5;24
20250908 233300;23820.25;23820.25;23819.75;23819.75;12
20250908 233400;23818.5;23818.75;23815.75;23816.5;34
20250908 233500;23816;23817.25;23814;23815.25;82
20250908 233600;23815.25;23816;23813.5;23814.25;37
20250908 233700;23814.25;23816.75;23812.5;23814.75;91
20250908 233800;23814.75;23817.75;23814.5;23817.75;29
20250908 233900;23818.5;23818.75;23816.75;23817;28
20250908 234000;23816.5;23817;23816.25;23816.25;8
20250908 234100;23816;23817;23810.75;23812;90
20250908 234200;23811.25;23811.25;23806;23809;136
20250908 234300;23808.75;23810.5;23808.25;23808.25;37
20250908 234400;23809;23809.25;23807.25;23808;32
20250908 234500;23807.5;23807.5;23804.25;23805.5;73
20250908 234600;23805;23808;23803.75;23807;62
20250908 234700;23807;23810.75;23807;23810.25;34
20250908 234800;23810.25;23811;23808;23808;41
20250908 234900;23808.5;23810;23808.25;23810;13
20250908 235000;23809.75;23810.75;23808.75;23809.25;21
20250908 235100;23809.5;23810.5;23808;23808;26
20250908 235200;23808.25;23811.25;23806.25;23810.75;39
20250908 235300;23810;23810.5;23808;23809.5;17
20250908 235400;23809;23810.25;23808;23810.25;20
20250908 235500;23809.5;23813.25;23809.5;23811.75;79
20250908 235600;23810.5;23811;23810.5;23810.75;8
20250908 235700;23810.5;23810.5;23809.5;23810;12
20250908 235800;23809.75;23813.25;23809.25;23812.75;49
20250908 235900;23813;23813.25;23810.5;23810.5;23
20250909 000000;23811;23811;23806.5;23808;43
20250909 000100;23807.5;23812.5;23802.5;23804.25;153
20250909 000200;23805;23809.75;23805;23808.5;80
20250909 000300;23810;23816.75;23810;23816.25;114
20250909 000400;23817;23818.25;23813.5;23815;80
20250909 000500;23814.75;23816.25;23814;23815;28
20250909 000600;23814.25;23816.5;23812.5;23815.25;40
20250909 000700;23815;23815;23810.75;23810.75;30
20250909 000800;23812.5;23815.75;23811.25;23815.25;38
20250909 000900;23814.5;23819.25;23814.25;23816.75;65
20250909 001000;23817;23819.75;23816.75;23819.5;48
20250909 001100;23819;23821.5;23817.75;23821.5;63
20250909 001200;23820.75;23822;23820.5;23821;71
20250909 001300;23820.75;23820.75;23818.25;23819;44
20250909 001400;23819.25;23820.25;23817.75;23820.25;34
20250909 001500;23821;23826.75;23821;23826.75;82
20250909 001600;23826.5;23826.5;23823.25;23825.75;63
20250909 001700;23824.75;23824.75;23822;23822.5;35
20250909 001800;23822.75;23822.75;23811.25;23812;225
20250909 001900;23812.25;23814.75;23812.25;23813.5;42
20250909 002000;23812.25;23817.75;23812;23816.75;70
20250909 002100;23817.5;23817.5;23814;23815.75;37
20250909 002200;23815.75;23816.75;23814.75;23815.75;16
20250909 002300;23815.5;23815.5;23812.75;23813.25;71
20250909 002400;23812.5;23813.75;23811.25;23811.75;21
20250909 002500;23811.5;23813.25;23811.5;23811.75;29
20250909 002600;23812.75;23812.75;23811;23811.25;19
20250909 002700;23811.25;23814;23811.25;23814;26
20250909 002800;23813;23813.25;23812;23813;14
20250909 002900;23812.75;23814.5;23812.25;23814.5;20
20250909 003000;23814.75;23815.5;23814.25;23814.5;12
20250909 003100;23813.25;23813.75;23811.25;23811.25;24
20250909 003200;23811.25;23815;23810.5;23813.5;30
20250909 003300;23813.75;23813.75;23811.5;23812.25;44
20250909 003400;23813;23815;23812.75;23813.25;21
20250909 003500;23812.75;23813.5;23812.25;23812.25;9
20250909 003600;23813;23815.25;23811.5;23814.5;38
20250909 003700;23814.5;23814.5;23811.75;23813;22
20250909 003800;23813;23813;23811.75;23812.5;8
20250909 003900;23813;23814.25;23812;23814;16
20250909 004000;23814.25;23815.75;23812.5;23812.75;44
20250909 004100;23811.75;23812;23807.75;23809.25;77
20250909 004200;23808.5;23811.5;23808.5;23810;27
20250909 004300;23809.75;23811.5;23808;23811.25;23
20250909 004400;23811.75;23813.25;23811.25;23813;21
20250909 004500;23813.5;23814.75;23811.5;23812.25;37
20250909 004600;23811;23812.5;23808.5;23808.5;51
20250909 004700;23808;23811.25;23808;23808;53
20250909 004800;23808;23810.5;23808;23810.5;17
20250909 004900;23810.25;23810.25;23807;23809.25;34
20250909 005000;23810;23812.5;23810;23812;22
20250909 005100;23813;23816;23812.75;23812.75;57
20250909 005200;23813.25;23813.75;23812.25;23812.25;16
20250909 005300;23812.25;23813.75;23812.25;23812.5;9
20250909 005400;23812.5;23814.5;23812.5;23814.5;10
20250909 005500;23814.5;23815.25;23810.25;23812.75;50
20250909 005600;23813.75;23813.75;23812.5;23812.75;11
20250909 005700;23812.5;23813;23812;23812;15
20250909 005800;23812;23812;23810.25;23810.25;14
20250909 005900;23810;23810;23805.25;23806.5;60
20250909 010000;23807;23808;23805.5;23807.25;23
20250909 010100;23806.75;23807;23804;23807;83
20250909 010200;23806.25;23808.25;23805.25;23808.25;19
20250909 010300;23807;23808;23806.75;23808;14
20250909 010400;23808;23808.25;23807;23807.5;11
20250909 010500;23807.25;23808;23805.75;23806.25;14
20250909 010600;23806.5;23807.75;23805.25;23807.5;51
20250909 010700;23808;23809.75;23807.5;23808.25;33
20250909 010800;23808.25;23811.25;23808.25;23811.25;34
20250909 010900;23811.5;23812.25;23810;23810.5;38
20250909 011000;23810;23810;23809;23809.75;15
20250909 011100;23808.25;23809.75;23807;23808.25;49
20250909 011200;23808;23808.5;23805.5;23806;21
20250909 011300;23806;23807.5;23806;23807.5;10
20250909 011400;23807.25;23808.75;23806.5;23808.75;12
20250909 011500;23809.25;23810.75;23808;23808;24
20250909 011600;23808.25;23808.5;23806.5;23806.75;27
20250909 011700;23806;23806.75;23805;23806.75;24
20250909 011800;23806.5;23806.75;23804.25;23804.75;17
20250909 011900;23804.5;23805;23803.5;23804.75;32
20250909 012000;23805;23806.25;23804;23806.25;18
20250909 012100;23805.25;23806.25;23805;23805;11
20250909 012200;23805.25;23806;23804.5;23805.25;16
20250909 012300;23804.75;23805.25;23802.75;23803.75;49
20250909 012400;23803.75;23805.5;23800.75;23801.75;64
20250909 012500;23801.25;23801.75;23795.25;23796;226
20250909 012600;23796;23796;23790.75;23792.5;220
20250909 012700;23793;23794.75;23790.75;23793.5;82
20250909 012800;23792.75;23796.25;23791.5;23796.25;44
20250909 012900;23795.5;23799.25;23795.25;23798.75;85
20250909 013000;23797.5;23798.75;23794.75;23797.25;45
20250909 013100;23796.25;23799.25;23795.5;23799;38
20250909 013200;23798.5;23799.75;23797.5;23798;35
20250909 013300;23798.5;23800;23797;23797.25;22
20250909 013400;23798;23798.25;23795.75;23796.5;25
20250909 013500;23795.75;23797.5;23794.25;23795.25;50
20250909 013600;23795.75;23798.25;23794.75;23797.25;46
20250909 013700;23797.5;23799;23797.25;23798.25;23
20250909 013800;23799;23800.75;23799;23799.75;41
20250909 013900;23799.25;23799.25;23797.75;23798;17
20250909 014000;23797.25;23797.75;23795;23796.5;23
20250909 014100;23795.75;23798.25;23795.75;23796.25;30
20250909 014200;23796;23797.75;23794.75;23797.5;13
20250909 014300;23797.75;23798;23795.75;23797.5;14
20250909 014400;23798.5;23804;23798.5;23801.75;92
20250909 014500;23801.5;23804.25;23801.5;23804;35
20250909 014600;23803;23807;23802.75;23806.5;82
20250909 014700;23807;23810;23805.75;23810;60
20250909 014800;23809.25;23810.75;23808;23808.75;42
20250909 014900;23808.5;23808.75;23806.25;23808.5;32
20250909 015000;23807.5;23808;23805.5;23808;45
20250909 015100;23808;23808.5;23806.5;23806.5;24
20250909 015200;23806.75;23807;23804.75;23807;39
20250909 015300;23806.75;23811.75;23806.75;23811.75;60
20250909 015400;23811.25;23813;23810.75;23812;42
20250909 015500;23813;23815;23812.25;23813;69
20250909 015600;23813.75;23816.75;23813.75;23816.5;73
20250909 015700;23816.25;23818.25;23816.25;23816.75;73
20250909 015800;23817;23817;23814.5;23816.25;51
20250909 015900;23816;23816;23814;23814;18
20250909 020000;23814.5;23817.25;23813.25;23813.75;62
20250909 020100;23814;23818;23814;23817.25;56
20250909 020200;23817;23819.75;23816.75;23819.75;39
20250909 020300;23820;23821.75;23818.75;23820;77
20250909 020400;23819.25;23819.25;23817.75;23818;36
20250909 020500;23817.75;23819.25;23817.75;23818.25;20
20250909 020600;23817.75;23821.25;23817;23820.25;41
20250909 020700;23820.75;23821.5;23820.5;23820.75;22
20250909 020800;23820.5;23821.5;23819;23821.5;35
20250909 020900;23820.5;23822.5;23820;23821.75;50
20250909 021000;23821.75;23824.75;23821.75;23823.75;81
20250909 021100;23824.25;23827;23823.5;23827;87
20250909 021200;23827;23829;23825.75;23827.75;114
20250909 021300;23828.25;23830.75;23827;23829.25;74
20250909 021400;23830;23830.5;23828.25;23829.25;57
20250909 021500;23829.25;23830.25;23827.5;23828.75;68
20250909 021600;23829.5;23830.75;23828;23830.25;59
20250909 021700;23830.75;23837;23829.5;23830.75;219
20250909 021800;23830.75;23832.5;23829.5;23832;40
20250909 021900;23832.25;23832.75;23831;23832;29
20250909 022000;23832.25;23834.75;23832;23834.5;64
20250909 022100;23834.25;23834.5;23831.75;23833.25;45
20250909 022200;23833;23833.25;23831.5;23831.5;25
20250909 022300;23831.5;23831.5;23828;23829.5;86
20250909 022400;23829.75;23831.75;23829;23829.75;107
20250909 022500;23829.5;23830.25;23828.75;23830.25;33
20250909 022600;23830.25;23830.5;23829;23829.75;19
20250909 022700;23829.25;23832.5;23828.75;23831.5;48
20250909 022800;23831.5;23832;23830;23832;22
20250909 022900;23832;23832;23830.75;23831;11
20250909 023000;23830.75;23833.25;23830.75;23832.25;29
20250909 023100;23832;23833.25;23831.5;23833;37
20250909 023200;23833.25;23840.75;23832.75;23839.75;265
20250909 023300;23840.75;23848.25;23839.25;23840.5;574
20250909 023400;23840;23840;23831.5;23831.5;198
20250909 023500;23832;23834.25;23832;23833.75;37
20250909 023600;23834;23834.75;23832.5;23834.75;35
20250909 023700;23834.5;23834.75;23829.25;23831;141
20250909 023800;23831;23831.75;23828.5;23831;47
20250909 023900;23832.25;23833.75;23831.25;23833.75;24
20250909 024000;23833.5;23833.5;23831.25;23831.75;21
20250909 024100;23832;23833.25;23830;23833.25;28
20250909 024200;23833.25;23835;23833.25;23834.75;35
20250909 024300;23834.25;23835.25;23833;23833.25;63
20250909 024400;23833.75;23835.75;23832.5;23834;73
20250909 024500;23834.25;23834.75;23833.5;23834.25;21
20250909 024600;23834.5;23834.5;23832.25;23834;49
20250909 024700;23834.75;23835;23833.5;23833.5;24
20250909 024800;23832.75;23833.25;23831.75;23833;34
20250909 024900;23832.75;23833.25;23830.75;23831.25;43
20250909 025000;23831.25;23832.5;23830.25;23832.25;53
20250909 025100;23832.5;23833.5;23831.5;23833;30
20250909 025200;23832;23832;23826.75;23827.25;103
20250909 025300;23828;23828.25;23825;23825.75;90
20250909 025400;23825.75;23828;23825;23827.5;53
20250909 025500;23827.25;23829;23826.75;23828;33
20250909 025600;23828.5;23829;23826.75;23827.75;36
20250909 025700;23828;23829;23826.75;23829;37
20250909 025800;23829;23829;23826.5;23828.5;44
20250909 025900;23829.5;23830;23827.25;23828;32
20250909 030000;23828;23828.5;23827.5;23827.75;35
20250909 030100;23828;23828.75;23826.25;23827.5;46
20250909 030200;23827.25;23828.75;23826.75;23828.5;30
20250909 030300;23828;23829;23827.25;23828;27
20250909 030400;23828.75;23829.25;23828;23828.25;15
20250909 030500;23827.75;23829.75;23827.75;23829;24
20250909 030600;23829;23829.75;23827.75;23827.75;22
20250909 030700;23828;23829;23827.5;23827.75;13
20250909 030800;23827;23829.5;23826.5;23829.5;45
20250909 030900;23828.75;23830.5;23827;23828;71
20250909 031000;23827.75;23829.5;23827.5;23829.5;17
20250909 031100;23829.75;23831.25;23828.75;23831;57
20250909 031200;23831;23836.25;23830.75;23834.75;118
20250909 031300;23834.5;23836;23833;23833.75;83
20250909 031400;23834;23834.75;23833.5;23833.75;18
20250909 031500;23834;23834.25;23831.5;23831.5;76
20250909 031600;23831.25;23834;23831.25;23832.75;41
20250909 031700;23832.25;23833.75;23831.75;23833.5;37
20250909 031800;23832.25;23833;23830.5;23831.75;45
20250909 031900;23831.75;23832.5;23831.25;23832.25;30
20250909 032000;23832.25;23835.5;23832.25;23833.75;55
20250909 032100;23833.5;23833.5;23832.25;23833;25
20250909 032200;23833.25;23837.5;23833.25;23835.75;88
20250909 032300;23835.5;23838.5;23835.5;23837.75;32
20250909 032400;23837.5;23837.5;23832.25;23832.25;88
20250909 032500;23832.75;23835.25;23832.75;23834.5;67
20250909 032600;23833;23835.25;23833;23835;17
20250909 032700;23835.25;23836.25;23835;23835.25;25
20250909 032800;23835.25;23836.25;23834.25;23836;26
20250909 032900;23835.5;23836.75;23835.25;23835.25;17
20250909 033000;23835.5;23837;23835.5;23836.5;19
20250909 033100;23837;23839.25;23836.75;23838;47
20250909 033200;23839;23840.25;23838.25;23840;51
20250909 033300;23840;23840.75;23836;23840.75;111
20250909 033400;23840.75;23842.25;23839.25;23841;83
20250909 033500;23841;23841.75;23840.5;23841.5;20
20250909 033600;23841;23841.5;23838.75;23839.25;41
20250909 033700;23839;23839.25;23837.5;23839.25;82
20250909 033800;23838.75;23842;23838.75;23841.25;35
20250909 033900;23841.75;23841.75;23839.5;23839.5;19
20250909 034000;23840;23840;23838.25;23838.75;25
20250909 034100;23838.5;23841;23838;23840.25;46
20250909 034200;23840.5;23840.75;23839.25;23840.5;27
20250909 034300;23840;23840.5;23837.75;23838.25;14
20250909 034400;23838.5;23839.25;23838.25;23839.25;6
20250909 034500;23839.5;23839.5;23837;23838.25;17
20250909 034600;23839.5;23840.75;23839;23839.5;29
20250909 034700;23840.25;23840.25;23839.5;23840;10
20250909 034800;23840.25;23841.5;23840.25;23841.5;13
20250909 034900;23841.5;23842;23840.75;23841.25;29
20250909 035000;23841.25;23841.25;23841.25;23841.25;1
20250909 035100;23840.5;23841;23839;23839.75;22
20250909 035200;23840;23840;23838.25;23839.25;25
20250909 035300;23839;23839;23837.5;23837.5;11
20250909 035400;23837.25;23838.25;23836.75;23837.75;28
20250909 035500;23837;23837.5;23836.25;23836.75;11
20250909 035600;23836.25;23838.25;23836.25;23838;16
20250909 035700;23838;23838.75;23837.25;23838.25;13
20250909 035800;23837.75;23838;23837.25;23837.25;9
20250909 035900;23838.5;23839;23837.75;23837.75;13
20250909 040000;23838;23839.5;23838;23839.5;12
20250909 040100;23839.5;23840;23838;23840;39
20250909 040200;23840.25;23840.75;23838.25;23838.25;14
20250909 040300;23838;23838;23836.5;23836.75;25
20250909 040400;23837.25;23837.25;23834.5;23835.25;73
20250909 040500;23834.5;23836.5;23832.75;23833.5;80
20250909 040600;23834;23835;23832.75;23835;22
20250909 040700;23835.5;23835.75;23834;23834;14
20250909 040800;23834;23835;23833.75;23835;9
20250909 040900;23835;23839.75;23835;23837;60
20250909 041000;23837.25;23837.25;23835;23835;9
20250909 041100;23835;23836.25;23834.75;23835.75;12
20250909 041200;23836.25;23836.5;23834.5;23834.5;21
20250909 041300;23835.5;23836.25;23835;23836.25;14
20250909 041400;23836;23836.25;23835.25;23835.5;6
20250909 041500;23836;23836.5;23836;23836.25;11
20250909 041600;23836.75;23838;23836.75;23837;10
20250909 041700;23837;23838.75;23836.75;23838;26
20250909 041800;23837.75;23837.75;23837;23837.25;4
20250909 041900;23837.25;23837.25;23836.5;23837;11
20250909 042000;23837.5;23837.5;23836.5;23836.5;3
20250909 042100;23837.25;23837.75;23836.5;23837.25;7
20250909 042200;23837.75;23837.75;23837;23837;4
20250909 042300;23837.5;23837.5;23836;23836;12
20250909 042400;23835.25;23836.25;23834.75;23836.25;7
20250909 042500;23837;23839.5;23836.75;23839.5;35
20250909 042600;23838.5;23839.75;23838.5;23839.75;14
20250909 042700;23839.25;23839.25;23839.25;23839.25;1
20250909 042800;23839.25;23840;23838.25;23839.25;15
20250909 042900;23838.5;23838.75;23836.75;23836.75;31
20250909 043000;23835.75;23836;23834.25;23834.75;35
20250909 043100;23834;23837.25;23833;23836.75;28
20250909 043200;23837;23837.75;23836.5;23836.5;14
20250909 043300;23837.25;23837.5;23835.75;23836;15
20250909 043400;23836.25;23836.25;23835.75;23836;3
20250909 043500;23835.5;23836.5;23835;23835.25;18
20250909 043600;23835;23835;23833.75;23834.25;11
20250909 043700;23835.25;23835.5;23834.75;23835.25;6
20250909 043800;23835;23835;23834;23834;6
20250909 043900;23834.75;23834.75;23834;23834;6
20250909 044000;23834;23834.75;23834;23834;7
20250909 044100;23834.25;23834.75;23833.75;23834;17
20250909 044200;23833.25;23833.75;23831;23831.75;90
20250909 044300;23831.75;23833;23831.75;23832.75;12
20250909 044400;23832.5;23832.75;23831.5;23832.75;9
20250909 044500;23831.75;23832.5;23831.5;23832.25;10
20250909 044600;23832.5;23832.5;23830.5;23831.25;34
20250909 044700;23831.75;23832.25;23831.5;23832;10
20250909 044800;23831.25;23833.5;23831.25;23833;49
20250909 044900;23833.25;23833.25;23832.5;23832.5;16
20250909 045000;23833.75;23835.75;23833.75;23834.75;26
20250909 045100;23835;23836;23834.5;23835.75;44
20250909 045200;23835;23835.75;23834.75;23835.75;5
20250909 045300;23836;23837.25;23836;23837;29
20250909 045400;23837;23839;23836.5;23837;257
20250909 045500;23837;23837.5;23835;23836;27
20250909 045600;23836.25;23836.25;23835.25;23835.25;5
20250909 045700;23836.25;23837.25;23836.25;23836.75;23
20250909 045800;23837.5;23837.75;23836;23836.5;22
20250909 045900;23837.25;23837.75;23836.5;23836.5;11
20250909 050000;23837.25;23840.5;23836.5;23838;291
20250909 050100;23836.5;23837;23834.75;23835.5;42
20250909 050200;23836;23836.75;23834.5;23835;48
20250909 050300;23835.25;23835.5;23833;23833;45
20250909 050400;23833.25;23835.5;23833;23834.75;15
20250909 050500;23835;23836.25;23835;23835.75;8
20250909 050600;23835.25;23835.75;23833.75;23834.5;133
20250909 050700;23835;23835;23833.75;23835;85
20250909 050800;23834.5;23835.75;23833.5;23834.25;134
20250909 050900;23834;23835.5;23832.5;23835;74
20250909 051000;23834;23835;23832.25;23833.75;110
20250909 051100;23834.5;23837.25;23833.5;23836.5;94
20250909 051200;23835.75;23836.75;23834;23834.25;110
20250909 051300;23833.5;23835.5;23833;23834.5;148
20250909 051400;23835;23835.5;23832.75;23833.5;107
20250909 051500;23833.5;23835;23832.75;23834;21
20250909 051600;23833.5;23833.5;23829.5;23830.75;74
20250909 051700;23830;23830;23826.75;23828;89
20250909 051800;23827.75;23829;23826.75;23826.75;30
20250909 051900;23826.5;23827.5;23824.75;23825;122
20250909 052000;23825;23828;23822.75;23828;110
20250909 052100;23828.5;23828.75;23826;23827;36
20250909 052200;23827;23828.75;23825.75;23825.75;68
20250909 052300;23825.75;23826.5;23815.25;23817.75;235
20250909 052400;23817.25;23819.75;23817;23818.25;52
20250909 052500;23818.5;23822.75;23818.5;23821.75;42
20250909 052600;23820.75;23821;23816.75;23816.75;33
20250909 052700;23816.25;23819.25;23814.75;23817;104
20250909 052800;23816;23817.5;23815;23817.25;43
20250909 052900;23817;23818.75;23816.25;23818.25;18
20250909 053000;23817.5;23818.5;23817.25;23818.5;22
20250909 053100;23819;23822.5;23818.5;23821.75;53
20250909 053200;23821.75;23823.75;23821.25;23823.5;62
20250909 053300;23822.75;23826;23822.75;23825.75;40
20250909 053400;23825.5;23827.5;23825;23826;40
20250909 053500;23825.75;23829.5;23823.75;23824.25;143
20250909 053600;23825;23826.25;23822.75;23825.25;68
20250909 053700;23824.25;23824.75;23824.25;23824.25;6
20250909 053800;23825.25;23825.25;23823.5;23824;8
20250909 053900;23824.25;23824.5;23823.5;23823.5;6
20250909 054000;23823.75;23825;23821.25;23825;60
20250909 054100;23825.5;23825.5;23820.25;23820.75;47
20250909 054200;23820.5;23822.25;23819.5;23820.25;54
20250909 054300;23820.25;23823.5;23820.25;23823.25;18
20250909 054400;23823;23823;23821.75;23823;18
20250909 054500;23824;23827;23824;23825.5;45
20250909 054600;23825.75;23828;23824;23828;70
20250909 054700;23827.75;23827.75;23825.5;23827.75;20
20250909 054800;23827;23828.25;23827;23827.5;15
20250909 054900;23827.5;23827.75;23826.5;23827.75;14
20250909 055000;23828.25;23828.5;23826;23826;14
20250909 055100;23825.5;23826.25;23825;23826;15
20250909 055200;23826.5;23828;23825.75;23827.75;16
20250909 055300;23829;23830.5;23828.5;23830.5;38
20250909 055400;23829.75;23834;23829.75;23833.75;134
20250909 055500;23833.75;23836.25;23833.75;23835.75;101
20250909 055600;23836.5;23842.25;23835;23841.5;210
20250909 055700;23841.75;23842.25;23837.25;23837.25;91
20250909 055800;23837.5;23839;23837;23837.75;22
20250909 055900;23837.25;23838;23835.25;23836.75;47
20250909 060000;23837.25;23837.25;23833;23834.5;59
20250909 060100;23835;23836;23830.5;23832.25;103
20250909 060200;23832;23833;23831.75;23833;51
20250909 060300;23835.25;23838.75;23835.25;23838.75;66
20250909 060400;23838;23842.25;23837;23840.25;111
20250909 060500;23840.75;23843.25;23840.25;23841;130
20250909 060600;23841.75;23843;23841.25;23842.75;28
20250909 060700;23843;23845.25;23842.5;23844.75;120
20250909 060800;23844;23844.75;23843;23844;36
20250909 060900;23844.25;23844.75;23839;23840.75;116
20250909 061000;23840.5;23844;23840;23843.75;52
20250909 061100;23844.5;23845.75;23842.75;23845;97
20250909 061200;23845.75;23847;23844;23845.75;79
20250909 061300;23846.25;23852;23844.75;23851.25;297
20250909 061400;23850.5;23853.5;23849;23850;126
20250909 061500;23850.25;23854.75;23846.75;23851;231
20250909 061600;23851.5;23855;23850.25;23850.5;335
20250909 061700;23851;23852.75;23849;23849.75;53
20250909 061800;23849.75;23853;23848.25;23853;83
20250909 061900;23851.25;23853.75;23840.5;23846;361
20250909 062000;23846;23847;23844.5;23846.5;69
20250909 062100;23846.5;23846.75;23843.75;23846;50
20250909 062200;23847.25;23851.5;23846.75;23848.25;137
20250909 062300;23849.5;23849.75;23846.75;23847;36
20250909 062400;23846.75;23848;23846.25;23847.75;27
20250909 062500;23848;23850.75;23847.75;23850.25;35
20250909 062600;23851;23853.75;23850;23851.5;62
20250909 062700;23851.25;23852;23848.75;23848.75;36
20250909 062800;23849.5;23851.5;23849;23851.5;27
20250909 062900;23850.75;23851.5;23848.25;23849.75;30
20250909 063000;23849;23851.25;23849;23849;38
20250909 063100;23848.75;23848.75;23844.25;23844.25;97
20250909 063200;23844.5;23847.75;23844.25;23845;90
20250909 063300;23846;23849;23845;23848.5;53
20250909 063400;23848.5;23851;23847.75;23847.75;80
20250909 063500;23849.25;23850;23848.25;23849.25;16
20250909 063600;23850;23850.25;23842.25;23843.5;70
20250909 063700;23843.75;23844.25;23841.25;23844;56
20250909 063800;23844;23845;23842.5;23844.25;41
20250909 063900;23843.5;23854.25;23843.5;23851.25;214
20250909 064000;23850.75;23854.5;23849.5;23852.5;87
20250909 064100;23852.5;23853.75;23849.5;23851.25;86
20250909 064200;23851;23851;23847.5;23847.5;28
20250909 064300;23847.5;23847.5;23844.75;23845;55
20250909 064400;23845;23847;23843.25;23843.25;43
20250909 064500;23844;23846.5;23844;23845.5;52
20250909 064600;23844.75;23848;23843.75;23846.5;58
20250909 064700;23846.5;23848;23846;23847;27
20250909 064800;23847;23849;23846.75;23849;28
20250909 064900;23848.5;23852.75;23848;23850.75;88
20250909 065000;23850;23850;23846.75;23847.25;65
20250909 065100;23847;23850;23847;23849.5;19
20250909 065200;23849;23853.25;23848.5;23853;81
20250909 065300;23853.5;23855.75;23849.5;23850.25;202
20250909 065400;23850;23855.75;23849;23855;105
20250909 065500;23854.5;23855.5;23852;23852;64
20250909 065600;23852.25;23853.5;23851;23851.5;36
20250909 065700;23851.75;23852;23849.75;23850.25;27
20250909 065800;23850.25;23851.5;23847.25;23849;68
20250909 065900;23848.75;23850.25;23848.25;23849.25;49
20250909 070000;23849.5;23851;23849;23849.25;35
20250909 070100;23850.5;23851.75;23846.5;23850.75;126
20250909 070200;23850.5;23853.25;23849.5;23851.25;63
20250909 070300;23851.25;23855;23850.75;23854.75;74
20250909 070400;23854.75;23854.75;23849.5;23849.5;58
20250909 070500;23849.5;23853.25;23848.5;23850.25;84
20250909 070600;23850.75;23851;23847.75;23850;123
20250909 070700;23850.75;23852;23850.5;23851.25;34
20250909 070800;23850;23850.5;23848.25;23850.25;32
20250909 070900;23849.5;23854.25;23849.5;23854.25;51
20250909 071000;23853.5;23856.25;23852.5;23855.25;71
20250909 071100;23855;23857.5;23854.25;23857.5;69
20250909 071200;23857.75;23860.25;23856.75;23858;142
20250909 071300;23858;23860;23856.75;23859.5;78
20250909 071400;23859.75;23863.25;23857.75;23862.5;155
20250909 071500;23862;23863.75;23861;23863.75;94
20250909 071600;23863.5;23864.5;23862.75;23863.75;78
20250909 071700;23863.75;23867.25;23863;23863.75;147
20250909 071800;23863.75;23865.5;23860.5;23862.25;90
20250909 071900;23862.5;23864.5;23862.25;23862.75;40
20250909 072000;23862.5;23863.75;23861.75;23862.75;47
20250909 072100;23862.25;23863;23860.5;23862;44
20250909 072200;23861.75;23862;23858.75;23860.25;43
20250909 072300;23861.5;23863.75;23860;23863.5;83
20250909 072400;23863.25;23863.75;23861.75;23862.75;34
20250909 072500;23863;23863.5;23862;23862.75;37
20250909 072600;23863;23866;23863;23865.5;101
20250909 072700;23865.5;23866.75;23863;23866.5;91
20250909 072800;23867;23870.25;23866.25;23869.75;343
20250909 072900;23870;23871;23867.25;23868;93
20250909 073000;23868.25;23870;23866.75;23866.75;75
20250909 073100;23866.75;23868.5;23862.5;23868.25;92
20250909 073200;23868.25;23868.25;23865;23866.5;45
20250909 073300;23866.75;23868.25;23865.75;23868.25;32
20250909 073400;23868.25;23871.75;23868.25;23870.75;103
20250909 073500;23871.25;23872.5;23870.5;23871.25;86
20250909 073600;23871.25;23878;23871.25;23876.25;210
20250909 073700;23876.5;23880.25;23876.25;23880.25;207
20250909 073800;23879.75;23883.25;23879;23883;146
20250909 073900;23883;23885.25;23877.75;23878;376
20250909 074000;23878.25;23878.5;23871.75;23872;126
20250909 074100;23872;23874.25;23872;23873.25;91
20250909 074200;23873.5;23874.5;23865.25;23866.25;162
20250909 074300;23865.75;23865.75;23860.5;23860.5;95
20250909 074400;23860.75;23862.25;23858.5;23859;135
20250909 074500;23859.25;23859.5;23854.75;23856;127
20250909 074600;23856.25;23857.75;23853.25;23855;100
20250909 074700;23854.5;23856.25;23852;23854.25;102
20250909 074800;23853.75;23857;23852.25;23853.75;166
20250909 074900;23853.75;23854.25;23850.75;23851;141
20250909 075000;23850.75;23854.25;23850;23853;106
20250909 075100;23852.5;23853.25;23850.75;23851.75;55
20250909 075200;23851.5;23855.25;23850.75;23855;111
20250909 075300;23854.5;23855.25;23853.25;23853.25;57
20250909 075400;23853;23854;23851;23852;72
20250909 075500;23851.5;23856;23851.5;23855.25;84
20250909 075600;23855;23856.5;23854.5;23855.5;71
20250909 075700;23855.25;23856.75;23854.5;23856.5;51
20250909 075800;23856;23857;23855;23856.5;83
20250909 075900;23856;23856.5;23855.75;23856;22
20250909 080000;23855.5;23855.5;23854.5;23855.5;26
20250909 080100;23855;23856.75;23853;23853.25;120
20250909 080200;23854;23856;23853;23855;63
20250909 080300;23854.5;23856.75;23853.5;23856.5;32
20250909 080400;23856;23857.25;23854.75;23856.5;45
20250909 080500;23856.75;23857;23853.5;23854;75
20250909 080600;23854;23854.25;23847.75;23848.75;160
20250909 080700;23848.75;23850.25;23847.5;23849;68
20250909 080800;23847.75;23848.25;23846.25;23847;49
20250909 080900;23847.75;23847.75;23844.5;23845.25;65
20250909 081000;23844.5;23844.5;23839;23839.5;207
20250909 081100;23839;23843.25;23839;23840.5;66
20250909 081200;23840.75;23850.25;23840.75;23850;128
20250909 081300;23849.5;23852;23849.5;23850;90
20250909 081400;23850;23850.25;23845.75;23846.25;48
20250909 081500;23846.75;23848.5;23845.5;23846;57
20250909 081600;23846;23850.5;23836.5;23847;582
20250909 081700;23847;23848.25;23844;23847.5;152
20250909 081800;23846.25;23849.25;23845;23845;65
20250909 081900;23845.25;23846.25;23840;23842.25;158
20250909 082000;23841.25;23844;23841;23844;56
20250909 082100;23844.25;23846.75;23841.5;23844.5;105
20250909 082200;23844.25;23847.25;23843.5;23847.25;46
20250909 082300;23847.25;23852.75;23846.5;23851.25;158
20250909 082400;23850.5;23853;23849.5;23850;104
20250909 082500;23850.5;23853.25;23849.25;23852.5;42
20250909 082600;23853.25;23853.75;23851.25;23852;31
20250909 082700;23852.5;23854.5;23851.5;23852;33
20250909 082800;23852;23854.25;23850;23851.75;44
20250909 082900;23851.5;23852;23845.75;23848;71
20250909 083000;23848.75;23849.25;23846.5;23848.75;43
20250909 083100;23849.5;23854.25;23848.5;23854.25;58
20250909 083200;23854.25;23855.75;23851;23851;83
20250909 083300;23851;23851.25;23848.25;23849;34
20250909 083400;23849.25;23850.25;23848.25;23848.75;29
20250909 083500;23848.25;23849.25;23845.25;23849.25;57
20250909 083600;23849.25;23852.5;23849.25;23850.25;28
20250909 083700;23850.25;23850.25;23838.75;23843.5;127
20250909 083800;23843.5;23843.5;23840;23841.75;72
20250909 083900;23842.25;23842.75;23840.75;23842;30
20250909 084000;23841.5;23842.5;23838.25;23840.25;45
20250909 084100;23840.25;23845.75;23838;23844.25;75
20250909 084200;23844;23847.75;23844;23846.5;55
20250909 084300;23846.75;23848.25;23846.25;23848;11
20250909 084400;23848.75;23849.75;23846.75;23847.5;29
20250909 084500;23848;23848;23844.75;23845.75;40
20250909 084600;23846.25;23846.25;23842.75;23842.75;33
20250909 084700;23843.25;23844;23839.75;23840.75;76
20250909 084800;23841.5;23843;23836;23837.25;75
20250909 084900;23837.25;23839.75;23835;23838.75;82
20250909 085000;23838.5;23838.5;23834.75;23835.75;60
20250909 085100;23835.5;23838.5;23834;23836;151
20250909 085200;23836.5;23840.25;23836.5;23836.5;77
20250909 085300;23837;23839;23836.5;23836.5;25
20250909 085400;23836.25;23836.75;23834.25;23834.25;60
20250909 085500;23834;23838;23834;23837.25;44
20250909 085600;23836.5;23841;23836.25;23840.75;55
20250909 085700;23840.25;23842.75;23838.25;23842.5;86
20250909 085800;23842.25;23843;23841;23841;25
20250909 085900;23841.25;23843;23839.75;23840.75;27
20250909 090000;23841.25;23843.75;23840.25;23843.25;58
20250909 090100;23843.5;23844.25;23839;23843;61
20250909 090200;23843;23847.5;23843;23846.5;81
20250909 090300;23845.25;23848.25;23844.25;23846.25;57
20250909 090400;23846.5;23846.5;23840;23842;69
20250909 090500;23842;23845.75;23841.5;23845;40
20250909 090600;23844;23846.5;23843.5;23845.5;35
20250909 090700;23846.75;23848.25;23845;23848;66
20250909 090800;23847.5;23847.5;23843.75;23844;51
20250909 090900;23843.75;23844.5;23843;23844;27
20250909 091000;23843.5;23843.5;23836;23836.75;83
20250909 091100;23836;23844.25;23835.75;23844;89
20250909 091200;23843;23846.5;23843;23846.5;57
20250909 091300;23846.75;23847.25;23845.5;23846.5;28
20250909 091400;23847;23847.75;23845.5;23846.5;19
20250909 091500;23847.75;23850.5;23846.75;23850.25;44
20250909 091600;23850.5;23852.5;23850;23852;70
20250909 091700;23851.5;23854;23851.5;23852.75;43
20250909 091800;23852.5;23854.75;23852.5;23853.5;32
20250909 091900;23852.5;23853;23847.75;23848.5;78
20250909 092000;23849.25;23852.5;23849.25;23851.5;26
20250909 092100;23851.5;23853.25;23850.75;23853.25;20
20250909 092200;23852.75;23853.25;23850;23851.5;32
20250909 092300;23850.75;23850.75;23848.75;23849;31
20250909 092400;23848.75;23849.5;23845.5;23845.75;51
20250909 092500;23845.75;23847.75;23844.5;23847.5;35
20250909 092600;23847.25;23850.75;23847.25;23849.25;32
20250909 092700;23849.5;23853.75;23847.5;23852.25;187
20250909 092800;23852;23852;23847;23847.75;84
20250909 092900;23849.5;23849.75;23846.5;23846.5;23
20250909 093000;23846.5;23847.75;23845.25;23847.75;20
20250909 093100;23847.5;23850;23847.25;23850;22
20250909 093200;23849.5;23851.25;23847.25;23848.75;34
20250909 093300;23848.75;23850;23847.5;23850;17
20250909 093400;23850;23850.25;23847.25;23847.25;20
20250909 093500;23847;23848.5;23846.5;23847.5;24
20250909 093600;23847.5;23852;23847.5;23851.5;26
20250909 093700;23851;23851.5;23850;23850.75;15
20250909 093800;23850.75;23851.5;23850.25;23850.25;16
20250909 093900;23850;23850.5;23849.25;23850;30
20250909 094000;23849.5;23851.75;23849;23851.25;21
20250909 094100;23852;23852.5;23851.25;23851.25;16
20250909 094200;23852.25;23852.75;23846.25;23848.5;42
20250909 094300;23848;23853.25;23847.25;23852.75;53
20250909 094400;23853.25;23856;23852.5;23855;144
20250909 094500;23854.5;23855.75;23847.75;23849.75;195
20250909 094600;23849.25;23852.5;23848.75;23852.25;90
20250909 094700;23851.75;23852.5;23847.5;23848.5;52
20250909 094800;23848.25;23850.25;23845.75;23849.5;84
20250909 094900;23848.75;23851.75;23848.75;23851.5;31
20250909 095000;23852;23852.5;23850.5;23852;21
20250909 095100;23852;23852;23848.75;23850.25;27
20250909 095200;23849.75;23850.25;23846.5;23847.5;32
20250909 095300;23847.75;23847.75;23844.75;23845.75;32
20250909 095400;23845.75;23848.75;23845.75;23847.5;31
20250909 095500;23847.5;23848;23845.25;23845.75;29
20250909 095600;23846;23848.75;23843.25;23848.5;61
20250909 095700;23848;23849;23845.5;23845.75;32
20250909 095800;23845.5;23845.5;23842.25;23843.25;31
20250909 095900;23843.5;23846;23842.25;23844.75;45
20250909 100000;23844.5;23845;23843.25;23844.25;18
20250909 100100;23844.5;23844.75;23842;23843;81
20250909 100200;23843.5;23846.25;23843.5;23845.25;46
20250909 100300;23845.25;23847.25;23843;23843.5;40
20250909 100400;23843;23844.5;23841.75;23843.25;26
20250909 100500;23843;23843.75;23842;23843.75;20
20250909 100600;23844;23847.5;23844;23846.25;37
20250909 100700;23846.25;23849;23846.25;23848.5;27
20250909 100800;23848.25;23848.5;23847;23847.5;32
20250909 100900;23847;23849;23847;23848.25;13
20250909 101000;23848.5;23852;23848.5;23852;22
20250909 101100;23851;23851.5;23849;23850.5;33
20250909 101200;23851.25;23851.25;23850.25;23851;9
20250909 101300;23850.5;23852.5;23850.5;23852.25;22
20250909 101400;23852;23856.75;23851.25;23855;210
20250909 101500;23855.25;23855.5;23851.75;23854;69
20250909 101600;23853;23856.75;23853;23855.5;71
20250909 101700;23855;23855;23853.25;23853.25;16
20250909 101800;23853.25;23855.5;23852.5;23853.75;29
20250909 101900;23854.5;23854.75;23852;23852;24
20250909 102000;23852.75;23853.25;23851.5;23851.75;29
20250909 102100;23853;23853.25;23852.5;23853.25;10
20250909 102200;23853.75;23855;23853.5;23854.25;26
20250909 102300;23854.25;23855;23854;23854;22
20250909 102400;23853;23853.5;23852.5;23852.5;12
20250909 102500;23852.25;23852.75;23851.25;23852.25;28
20250909 102600;23852.75;23853;23851.25;23853;18
20250909 102700;23853.25;23854.5;23853.25;23853.75;27
20250909 102800;23854.5;23855.5;23854.5;23855;21
20250909 102900;23854.75;23854.75;23850;23850;29
20250909 103000;23850;23850;23846.75;23847.25;45
20250909 103100;23847.25;23848.75;23840.75;23844;408
20250909 103200;23844.75;23848;23843.5;23844.75;113
20250909 103300;23845.5;23848;23844.5;23848;41
20250909 103400;23848;23848;23845.75;23847;29
20250909 103500;23846.25;23849;23845.5;23848;42
20250909 103600;23847.5;23848.25;23845.75;23846.5;36
20250909 103700;23846.5;23851.25;23846.5;23851.25;100
20250909 103800;23851.25;23852.25;23845.5;23849;348
20250909 103900;23850.5;23854.25;23850.5;23852.25;138
20250909 104000;23851.5;23854.5;23851.25;23854;57
20250909 104100;23854.5;23856.75;23853.25;23855.25;56
20250909 104200;23855.25;23860.25;23854.25;23854.5;178
20250909 104300;23854.25;23856.75;23854.25;23855.75;24
20250909 104400;23855.75;23856.5;23855;23855.75;17
20250909 104500;23856.5;23857;23855;23856.25;34
20250909 104600;23856;23857.25;23854.25;23854.25;19
20250909 104700;23854.25;23854.25;23850.75;23851.25;53
20250909 104800;23850.75;23851;23848.5;23849.25;63
20250909 104900;23848.75;23848.75;23843.5;23845.5;161
20250909 105000;23846;23846;23844;23844;46
20250909 105100;23843.25;23844.25;23842.25;23843.5;31
20250909 105200;23843.25;23843.75;23837.75;23838.5;104
20250909 105300;23838.25;23842.5;23838.25;23841.25;49
20250909 105400;23841.25;23847;23841;23845.25;106
20250909 105500;23845.25;23845.25;23838.75;23841.25;128
20250909 105600;23841.5;23842;23838.75;23840.5;51
20250909 105700;23840.75;23841.5;23839.5;23841.5;10
20250909 105800;23841;23842.5;23840.25;23842.5;34
20250909 105900;23842.75;23843.5;23842;23843.5;24
20250909 110000;23843.25;23845.5;23843.25;23845.5;29
20250909 110100;23845.25;23845.25;23840;23842.75;57
20250909 110200;23842.25;23842.25;23838.75;23839.75;35
20250909 110300;23840.5;23840.5;23837.75;23839;101
20250909 110400;23838.25;23839.75;23837;23837;43
20250909 110500;23837;23838.25;23836.5;23836.75;52
20250909 110600;23836.25;23842;23834.75;23835.25;114
20250909 110700;23835.25;23841.5;23834.5;23840.75;77
20250909 110800;23840.5;23842.75;23839.25;23842;61
20250909 110900;23842.25;23843.25;23838.25;23840.5;83
20250909 111000;23840.5;23843;23838.5;23839.75;80
20250909 111100;23841;23842.5;23837.5;23839.5;98
20250909 111200;23838.5;23838.5;23836.25;23836.5;57
20250909 111300;23836;23836.5;23829.25;23831;170
20250909 111400;23831.75;23831.75;23828.5;23830.5;78
20250909 111500;23831.25;23832.75;23830.5;23831.5;56
20250909 111600;23831;23831.5;23825;23826;248
20250909 111700;23825.25;23825.25;23818.25;23820.25;331
20250909 111800;23820.25;23823.5;23818.25;23819;154
20250909 111900;23818.75;23819.5;23812.25;23813.25;259
20250909 112000;23813.75;23816;23813.25;23814.5;83
20250909 112100;23814;23817.75;23811.75;23815;190
20250909 112200;23815;23815.25;23812;23812.25;157
20250909 112300;23812.75;23822;23812.5;23819.25;276
20250909 112400;23818.5;23823;23814;23823;253
20250909 112500;23822.5;23826;23821;23823;225
20250909 112600;23823;23825;23822.5;23822.75;71
20250909 112700;23822.75;23824.25;23821.5;23822.25;52
20250909 112800;23822.5;23824;23819.5;23820.25;91
20250909 112900;23820.5;23825.25;23820.5;23824;77
20250909 113000;23823;23824.5;23821;23821;95
20250909 113100;23820.75;23828;23820.75;23827.25;158
20250909 113200;23826.5;23830.25;23826.5;23828;135
20250909 113300;23827.75;23832.75;23827.5;23832.5;97
20250909 113400;23831.75;23832.5;23829;23830;65
20250909 113500;23830.25;23832.25;23830;23831.5;81
20250909 113600;23831;23831.5;23829.5;23830.5;30
20250909 113700;23830.25;23832.5;23825.75;23832.5;203
20250909 113800;23832.5;23833.5;23831;23831;71
20250909 113900;23831.25;23833.25;23831;23832.75;38
20250909 114000;23832.25;23833.75;23829;23833;102
20250909 114100;23833.5;23835;23833;23834.5;60
20250909 114200;23834.25;23835;23833.5;23835;36
20250909 114300;23834.5;23835;23829.75;23833.25;90
20250909 114400;23833.5;23834;23832.75;23833.75;22
20250909 114500;23834;23837;23833.25;23836.75;111
20250909 114600;23836.25;23842.25;23835.5;23841;335
20250909 114700;23841.25;23848;23840.5;23844.75;615
20250909 114800;23845;23848;23843.25;23845;184
20250909 114900;23845.5;23846;23842.5;23846;59
20250909 115000;23846;23849.75;23845.5;23848;107
20250909 115100;23847.75;23850.75;23846.25;23850;133
20250909 115200;23850.25;23850.5;23847;23849.25;110
20250909 115300;23849.25;23849.5;23846.75;23848.75;58
20250909 115400;23848.75;23849.25;23846.5;23848.25;69
20250909 115500;23848;23848.5;23845.25;23847.75;97
20250909 115600;23848;23850.25;23844;23846;146
20250909 115700;23845.5;23847;23844.75;23846.75;51
20250909 115800;23846.5;23851.25;23846.5;23850.75;179
20250909 115900;23851.25;23853.25;23851;23851.25;146
20250909 120000;23851.75;23852.25;23849;23849.75;95
20250909 120100;23849.5;23849.75;23842.75;23843.75;262
20250909 120200;23843.25;23843.5;23838.25;23840.5;197
20250909 120300;23840.5;23844.5;23840.25;23842.75;75
20250909 120400;23842;23846.75;23841.75;23846;96
20250909 120500;23846.5;23849.25;23846.5;23849.25;63
20250909 120600;23847.75;23849.25;23846.5;23848.5;42
20250909 120700;23849.25;23849.25;23847;23848;69
20250909 120800;23848.75;23848.75;23846.75;23847.25;39
20250909 120900;23847.5;23848.75;23845.25;23848;68
20250909 121000;23847.5;23848.5;23846.25;23847.25;34
20250909 121100;23846.25;23852;23846.25;23851.25;130
20250909 121200;23850.75;23851.5;23849.75;23850.25;47
20250909 121300;23851.25;23851.25;23847.25;23849.75;90
20250909 121400;23850;23856.75;23849;23854.5;264
20250909 121500;23854;23855.75;23853.25;23853.25;61
20250909 121600;23853.75;23857.25;23851.75;23855.25;132
20250909 121700;23855.25;23856.5;23852.75;23853;34
20250909 121800;23853;23854.75;23850.25;23851;68
20250909 121900;23850.5;23850.75;23848;23850;66
20250909 122000;23849.75;23850.75;23847.5;23849.75;73
20250909 122100;23850.25;23854.5;23850.25;23853;116
20250909 122200;23853.5;23854.75;23851.25;23852;44
20250909 122300;23852.5;23853.25;23849;23849;59
20250909 122400;23848.75;23850.75;23845.75;23849.5;129
20250909 122500;23849.75;23849.75;23845.5;23845.5;91
20250909 122600;23845.5;23846.5;23841.75;23844.5;204
20250909 122700;23844;23848.25;23842.75;23847.75;86
20250909 122800;23848.25;23852;23847;23851;118
20250909 122900;23851.5;23851.75;23849.25;23850.75;66
20250909 123000;23849.75;23852.25;23849.75;23852;131
20250909 123100;23852.25;23852.25;23842.5;23843;150
20250909 123200;23843;23843.25;23835;23836.25;343
20250909 123300;23836.5;23838.5;23834.75;23837.5;158
20250909 123400;23837.75;23843.75;23837.75;23842.5;169
20250909 123500;23842.5;23845;23838.5;23842.75;155
20250909 123600;23842.5;23850.75;23842.25;23849.25;223
20250909 123700;23849.75;23851.75;23846.75;23848;114
20250909 123800;23847.25;23847.5;23841.5;23842.75;127
20250909 123900;23843;23849.75;23841.25;23848.75;124
20250909 124000;23849.75;23851.5;23848;23849.5;143
20250909 124100;23850;23851.5;23848.75;23849;79
20250909 124200;23849.5;23849.75;23845.5;23845.75;148
20250909 124300;23845.25;23849.75;23839.5;23847.5;356
20250909 124400;23848.75;23849.75;23843.5;23844;104
20250909 124500;23844;23844;23841.25;23842.75;69
20250909 124600;23843;23843.25;23840.25;23842.25;109
20250909 124700;23842;23845.75;23841;23841.75;107
20250909 124800;23842.5;23842.5;23837;23839;143
20250909 124900;23838.75;23844.75;23838.75;23840;87
20250909 125000;23840;23842.25;23839.25;23839.75;58
20250909 125100;23839.5;23840;23835.75;23837.25;85
20250909 125200;23837;23838.75;23834.5;23836;141
20250909 125300;23835.25;23837.5;23833;23836.25;113
20250909 125400;23836.25;23841.5;23836;23840.25;122
20250909 125500;23840.5;23840.5;23838.5;23839;98
20250909 125600;23839;23842.5;23838.75;23840.75;115
20250909 125700;23840.25;23844;23839;23843.5;87
20250909 125800;23843.5;23843.75;23838;23838;107
20250909 125900;23838.5;23841.5;23837.75;23840.25;94
20250909 130000;23840;23841.25;23838.75;23839.75;71
20250909 130100;23839.25;23840.25;23835;23836.25;213
20250909 130200;23835.75;23838.5;23830.25;23834;283
20250909 130300;23833.5;23836.5;23830.75;23832.5;278
20250909 130400;23831.75;23834.5;23831;23833.25;97
20250909 130500;23833;23833;23800.25;23807.75;1916
20250909 130600;23807.5;23820;23807.5;23812.75;1240
20250909 130700;23812.25;23813.5;23800;23804.5;797
20250909 130800;23803.5;23818;23802.5;23816.25;663
20250909 130900;23816.5;23825;23815.25;23821;638
20250909 131000;23821.75;23828.75;23818.25;23828.75;333
20250909 131100;23827.5;23827.75;23822;23825.5;226
20250909 131200;23826.5;23828;23819.75;23821.75;381
20250909 131300;23822.5;23824;23818.25;23822;242
20250909 131400;23822.25;23822.25;23816;23818.25;247
20250909 131500;23818;23823.5;23816.5;23823;207
20250909 131600;23822.5;23825.5;23819.75;23821.25;293
20250909 131700;23821.25;23823.5;23817.75;23821.75;223
20250909 131800;23822.5;23824.5;23819.5;23821.25;228
20250909 131900;23821;23822.25;23818.25;23819.5;210
20250909 132000;23819.75;23819.75;23816.25;23819.75;275
20250909 132100;23819.25;23825.75;23816.5;23824.75;276
20250909 132200;23824;23824.75;23817.75;23820.25;285
20250909 132300;23820.5;23820.75;23814;23814;223
20250909 132400;23814.5;23817.5;23810;23814;361
20250909 132500;23813.75;23821.25;23813.5;23817.75;260
20250909 132600;23818;23828.25;23815.25;23828.25;858
20250909 132700;23828;23831.75;23824.5;23828.25;562
20250909 132800;23828;23836.75;23827.75;23832.75;526
20250909 132900;23833;23835.25;23830.5;23831.75;466
20250909 133000;23832;23838;23831.75;23835.25;590
20250909 133100;23835.5;23857.75;23826;23826.25;5301
20250909 133200;23826.25;23847.5;23823;23845.25;3331
20250909 133300;23845.25;23854.75;23834.25;23843.75;2756
20250909 133400;23844;23849.5;23837.25;23841.5;1527
20250909 133500;23840.5;23850.75;23837.5;23842.75;1639
20250909 133600;23842.5;23847;23824.5;23835.75;2530
20250909 133700;23835.5;23848;23831.5;23836.25;1857
20250909 133800;23836.5;23843.75;23830.5;23839.5;1410
20250909 133900;23839.5;23842;23833.5;23837.25;1155
20250909 134000;23837.25;23843.25;23831;23834.25;1173
20250909 134100;23834.5;23836;23822.25;23831.5;2259
20250909 134200;23831.5;23832.5;23815.75;23828.25;1947
20250909 134300;23828.25;23834.75;23820.5;23827.5;1231
20250909 134400;23827.5;23837.75;23820.25;23836.5;1484
20250909 134500;23836.75;23843.5;23835;23841.25;1486
20250909 134600;23841.25;23848;23835.75;23840.25;1805
20250909 134700;23840.25;23844;23832.5;23834.5;1099
20250909 134800;23834.5;23845.75;23828.75;23845;1347
20250909 134900;23844.75;23848.75;23824.5;23826.75;1817
20250909 135000;23827;23834;23825.75;23829;1284
20250909 135100;23829.5;23832;23817;23819.25;1692
20250909 135200;23818.75;23821.5;23807.75;23809.25;2385
20250909 135300;23810;23821;23808.5;23816.25;1137
20250909 135400;23816;23820.25;23811.25;23814.5;751
20250909 135500;23814.5;23816;23804.25;23807.25;1294
20250909 135600;23807.5;23812.5;23801.25;23807.75;1634
20250909 135700;23808.25;23826.5;23806.5;23823;1789
20250909 135800;23822.75;23836.75;23819;23827.25;1723
20250909 135900;23827.5;23830;23814.5;23815;1157
20250909 140000;23815.5;23821.25;23801.75;23815;1440
20250909 140100;23815.5;23833.25;23786.25;23787.25;3926
20250909 140200;23786.25;23808;23786;23792.75;2835
20250909 140300;23792.75;23803;23784.5;23796.75;2296
20250909 140400;23795.75;23796.75;23781.25;23783.5;2576
20250909 140500;23784.75;23800;23781.75;23795.5;2364
20250909 140600;23795.25;23809.75;23791.25;23805;2151
20250909 140700;23805.25;23805.75;23787.75;23800.5;1861
20250909 140800;23800.75;23822.25;23800;23820;2351
20250909 140900;23819.75;23824;23814;23818;1582
20250909 141000;23818.5;23834;23815.25;23832.25;2021
20250909 141100;23831.75;23850;23827;23843.25;2597
20250909 141200;23843.5;23849.25;23840.25;23847.75;1367
20250909 141300;23847.25;23850.75;23833.75;23845;1872
20250909 141400;23845.25;23848.5;23836.75;23839.75;941
20250909 141500;23840;23840.75;23832.75;23835.75;919
20250909 141600;23836;23841.75;23817.25;23827.75;2507
20250909 141700;23828.25;23830.25;23815;23817.5;1553
20250909 141800;23818.5;23826;23817;23822.5;952
20250909 141900;23822.25;23823.25;23810;23813.75;1479
20250909 142000;23814;23823.25;23812.75;23816.75;985
20250909 142100;23817.25;23825.75;23815;23824.75;1061
20250909 142200;23824;23828.25;23818.25;23823;1120
20250909 142300;23823.5;23827.25;23815.75;23817.5;894
20250909 142400;23818;23827.75;23816.25;23827.25;679
20250909 142500;23827;23827.5;23817.5;23818;545
20250909 142600;23818.75;23822.75;23812.25;23816.5;769
20250909 142700;23816.75;23819.5;23800.25;23802.25;1585
20250909 142800;23802.25;23812.75;23799.25;23810.5;1445
20250909 142900;23810.5;23816.25;23801.75;23810.5;1463
20250909 143000;23810.75;23817.75;23807.75;23810.5;962
20250909 143100;23810.25;23812.25;23801.25;23801.5;1101
20250909 143200;23802.25;23808.5;23791.5;23795;1541
20250909 143300;23795.25;23795.25;23771;23771.5;3191
20250909 143400;23771.75;23781.75;23771.25;23772.75;1645
20250909 143500;23772.25;23776.5;23752.25;23754;2648
20250909 143600;23754.25;23761.75;23742.5;23748.75;3471
20250909 143700;23748.25;23757.25;23735.25;23736.5;2942
20250909 143800;23736.25;23745.25;23733.25;23737.5;2044
20250909 143900;23737.25;23753.75;23734.5;23747.5;1927
20250909 144000;23747.5;23749.25;23737.75;23743;1293
20250909 144100;23743.5;23758.25;23739.5;23754.5;1744
20250909 144200;23754.75;23756.75;23746.25;23750;1127
20250909 144300;23749.75;23753.5;23738.25;23743.5;1246
20250909 144400;23744;23745.25;23726;23730.75;2253
20250909 144500;23731.5;23745.25;23731.25;23744.25;1695
20250909 144600;23744.25;23762.75;23736.75;23762.75;2762
20250909 144700;23762.25;23762.25;23744.25;23746.25;1473
20250909 144800;23746.5;23754.75;23746.5;23750.5;1024
20250909 144900;23750;23764;23750;23757.25;1219
20250909 145000;23757.25;23764.5;23752.25;23760.75;1281
20250909 145100;23761;23761;23740.75;23747.5;1591
20250909 145200;23747.5;23758;23746.25;23755.5;793
20250909 145300;23755.25;23778.25;23753.5;23775.75;2274
20250909 145400;23775.5;23784.25;23774.75;23781.5;1547
20250909 145500;23781.25;23789;23780.5;23787.5;1414
20250909 145600;23787.5;23799;23787.25;23793.75;2128
20250909 145700;23794;23803.75;23786.75;23791.25;2097
20250909 145800;23791;23795.5;23786;23789;925
20250909 145900;23789;23792.75;23787.5;23790.75;628
20250909 150000;23790.25;23790.5;23785.75;23785.75;632
20250909 150100;23785.75;23803.5;23782.5;23786;3028
20250909 150200;23786;23790.25;23770.5;23774.25;1861
20250909 150300;23774.25;23783.25;23768.75;23770;1229
20250909 150400;23770.5;23774.25;23765.25;23769;1242
20250909 150500;23769.25;23776.5;23769.25;23772;868
20250909 150600;23771.5;23773.5;23766;23768.75;733
20250909 150700;23768.75;23769.75;23754.5;23756.25;1747
20250909 150800;23756.5;23764;23752;23754.5;1169
20250909 150900;23754.5;23768.75;23754.25;23767.5;837
20250909 151000;23767.5;23778;23766.5;23773;1458
20250909 151100;23772.5;23774.75;23763.25;23771.25;1122
20250909 151200;23771.25;23774.75;23768.75;23770;529
20250909 151300;23770;23784.25;23768.25;23781.75;835
20250909 151400;23781.5;23782.25;23776;23778;804
20250909 151500;23778.25;23781.25;23775;23776;528
20250909 151600;23776.5;23790;23775.75;23788.5;941
20250909 151700;23788;23790.25;23783.5;23784.75;659
20250909 151800;23784.75;23786.25;23780.25;23782;647
20250909 151900;23782.25;23789.25;23780;23788;744
20250909 152000;23788.25;23788.25;23779.25;23782.5;652
20250909 152100;23782.75;23788.75;23781.75;23786.5;482
20250909 152200;23786.75;23790.5;23781;23789.25;725
20250909 152300;23788;23788.75;23781;23784.5;537
20250909 152400;23784.75;23787.75;23777.25;23779.5;621
20250909 152500;23780.5;23781.5;23773.75;23779.25;704
20250909 152600;23779.5;23783;23774;23781.25;716
20250909 152700;23780.75;23787.5;23780.25;23782.75;796
20250909 152800;23783.5;23786.75;23780;23784;503
20250909 152900;23784;23785.75;23779;23780;415
20250909 153000;23780;23786.75;23778.5;23784.25;437
20250909 153100;23783.75;23786.25;23778.25;23779.5;629
20250909 153200;23779.5;23782.25;23777.5;23778.25;487
20250909 153300;23778.75;23783;23770.25;23781.75;1238
20250909 153400;23781.5;23785;23775.25;23777.25;662
20250909 153500;23776.75;23778.75;23770.75;23773.25;733
20250909 153600;23774;23774.5;23766.75;23768;834
20250909 153700;23768;23777.5;23766;23777;715
20250909 153800;23777;23778.5;23764.25;23766.75;704
20250909 153900;23767;23772;23764.25;23769;579
20250909 154000;23768.25;23772.5;23767.5;23769.75;570
20250909 154100;23769.75;23771;23759.75;23760.75;912
20250909 154200;23760.75;23766.25;23755;23761;1017
20250909 154300;23760.75;23761.75;23753.75;23755;749
20250909 154400;23755.5;23763.5;23755.5;23759;664
20250909 154500;23760;23762.5;23757.25;23761.25;424
20250909 154600;23760.75;23772;23760.25;23769;964
20250909 154700;23768.5;23775.75;23765.5;23772.5;943
20250909 154800;23772;23775.25;23765.25;23766.25;568
20250909 154900;23766.5;23770.25;23759.5;23762;661
20250909 155000;23762.75;23764.25;23758;23759.25;605
20250909 155100;23759.75;23774.75;23759.75;23774.25;1186
20250909 155200;23774.25;23782;23773.75;23782;1094
20250909 155300;23781.5;23792.5;23779;23791.5;1162
20250909 155400;23791.75;23797;23788.75;23795;1333
20250909 155500;23795.25;23812.5;23794;23805.5;1971
20250909 155600;23805.75;23812.25;23802.5;23811;1425
20250909 155700;23811;23812.75;23806;23808.75;1020
20250909 155800;23808.25;23809.5;23788.75;23790.75;1678
20250909 155900;23790.75;23793;23785;23790.5;1061
20250909 160000;23790.25;23793;23783.75;23784.5;819
20250909 160100;23784.5;23788;23781.5;23784;754
20250909 160200;23784;23791;23783.5;23788.5;745
20250909 160300;23788.5;23792.75;23786;23787.5;607
20250909 160400;23788;23797.25;23788;23796.5;685
20250909 160500;23796.25;23801.5;23793.75;23798.25;606
20250909 160600;23797.75;23800.5;23795;23795.5;697
20250909 160700;23795.5;23804;23795.5;23800.5;653
20250909 160800;23800.25;23800.25;23795.25;23798.75;442
20250909 160900;23799;23803.25;23795.75;23802.75;589
20250909 161000;23802.25;23807.25;23800.75;23806;589
20250909 161100;23806;23817.5;23806;23816;1402
20250909 161200;23815.75;23817.25;23809.25;23813;827
20250909 161300;23813;23817;23810.25;23814;739
20250909 161400;23814.25;23821.5;23813.5;23819.75;972
20250909 161500;23820;23821.25;23816.75;23819.75;600
20250909 161600;23819.5;23828.25;23819.25;23827.25;1178
20250909 161700;23827.25;23831.25;23826;23829.25;1032
20250909 161800;23829.5;23832.25;23827.25;23829.25;797
20250909 161900;23829.25;23833.75;23827;23828.75;904
20250909 162000;23829;23830;23815.25;23816.75;1242
20250909 162100;23817.25;23818.25;23805.75;23806.5;1030
20250909 162200;23806.5;23810.75;23802.25;23803.5;921
20250909 162300;23803.75;23804.5;23796;23797.25;1022
20250909 162400;23797.75;23804.5;23795.25;23804.5;895
20250909 162500;23803.75;23814.75;23802.5;23812.25;837
20250909 162600;23811.75;23818.25;23809.25;23815.75;747
20250909 162700;23815.25;23821.5;23815;23818.25;818
20250909 162800;23818.75;23821;23815.5;23816.75;617
20250909 162900;23816.5;23819.25;23815.25;23818.5;283
20250909 163000;23819;23819.25;23814;23818;466
20250909 163100;23818.25;23818.75;23811.25;23814;647
20250909 163200;23814.5;23818.25;23812.75;23816.25;480
20250909 163300;23816.25;23819;23814;23818.5;372
20250909 163400;23818;23818.25;23811.25;23813.25;332
20250909 163500;23813.25;23820.5;23811.75;23820;495
20250909 163600;23819.5;23821;23816.75;23819;333
20250909 163700;23819.25;23819.75;23814;23818.75;337
20250909 163800;23819;23820.25;23816.25;23817.5;311
20250909 163900;23817;23818.25;23814.75;23815.75;270
20250909 164000;23815.75;23820.5;23813.75;23819.25;289
20250909 164100;23819.25;23821.25;23815.75;23818.5;476
20250909 164200;23819;23822.25;23816;23821.25;358
20250909 164300;23821.5;23822.25;23814.5;23815.75;496
20250909 164400;23816.25;23817.75;23813.5;23813.75;358
20250909 164500;23813.5;23814.75;23809.5;23812;632
20250909 164600;23812;23812.25;23807.25;23810.5;426
20250909 164700;23810.5;23814.25;23809.25;23813;262
20250909 164800;23813;23820.25;23812.5;23816.5;592
20250909 164900;23816.75;23822.5;23815.75;23821.25;467
20250909 165000;23821.5;23823.5;23815.25;23817.25;713
20250909 165100;23817;23819.5;23814.25;23814.75;545
20250909 165200;23814.75;23816.75;23810.25;23812.25;682
20250909 165300;23812.25;23812.75;23806.25;23810;574
20250909 165400;23810;23813.25;23808;23811.5;268
20250909 165500;23811.5;23812;23806.5;23811.25;368
20250909 165600;23811.75;23822.25;23811.5;23822;713
20250909 165700;23822.25;23823.75;23818.75;23822;531
20250909 165800;23823;23830;23821.75;23828;898
20250909 165900;23827;23829;23822;23822;564
20250909 170000;23821.75;23824.75;23820.25;23821.5;473
20250909 170100;23821.25;23828.5;23821;23828;738
20250909 170200;23828.25;23831.25;23825.75;23829.75;737
20250909 170300;23830.25;23835;23830.25;23832.5;1134
20250909 170400;23832.5;23834;23830.25;23831.5;428
20250909 170500;23831.5;23837.25;23831.5;23835.25;809
20250909 170600;23835.25;23840.25;23834.75;23838;1138
20250909 170700;23838.5;23846;23838.25;23843.25;1182
20250909 170800;23843;23843.25;23835;23837.5;755
20250909 170900;23838;23843;23836.25;23837.5;444
20250909 171000;23838;23843.25;23837.75;23843;317
20250909 171100;23843;23847.5;23842.5;23846.75;760
20250909 171200;23847;23854.25;23844;23847.75;1866
20250909 171300;23847.75;23855.5;23847.25;23852.75;1069
20250909 171400;23852.25;23853.25;23847.5;23850;675
20250909 171500;23849.75;23850;23839;23839;1043
20250909 171600;23839.25;23850;23839.25;23846.75;777
20250909 171700;23846.5;23849.75;23845.5;23848;502
20250909 171800;23848.25;23852.25;23845.25;23850;583
20250909 171900;23850;23850;23842.5;23843.25;583
20250909 172000;23843.25;23845.75;23839.25;23840.25;489
20250909 172100;23840.25;23846;23838.5;23845.5;552
20250909 172200;23845.5;23847.75;23840.25;23842.5;548
20250909 172300;23842;23845.75;23841.25;23842;390
20250909 172400;23842.5;23848.5;23838.5;23848;629
20250909 172500;23848.25;23849.75;23846;23849.5;541
20250909 172600;23849;23852;23847.75;23849;958
20250909 172700;23849.25;23854.25;23849;23853;596
20250909 172800;23852.75;23853.75;23850.25;23850.75;512
20250909 172900;23851;23851.75;23845.25;23846.75;562
20250909 173000;23847;23847.75;23841.25;23841.75;527
20250909 173100;23842.75;23847.5;23840.5;23843;593
20250909 173200;23842.5;23844.5;23836.5;23840.25;754
20250909 173300;23840.5;23841.25;23834.75;23835.75;630
20250909 173400;23836.5;23839.5;23832.75;23834.5;650
20250909 173500;23834;23836.75;23833;23834.5;347
20250909 173600;23834;23836.75;23829.25;23830.5;1058
20250909 173700;23830.5;23833.5;23827.75;23832.75;709
20250909 173800;23833.25;23839.25;23832;23836.5;567
20250909 173900;23836.25;23839.25;23835.5;23837.25;365
20250909 174000;23836.75;23839;23835.25;23837;451
20250909 174100;23837.25;23838.25;23826.25;23832.25;1035
20250909 174200;23832.25;23837.25;23830.25;23837;439
20250909 174300;23836.75;23838.25;23834;23834.25;336
20250909 174400;23834.25;23834.25;23830.5;23834;423
20250909 174500;23833.75;23838;23832.75;23833.25;399
20250909 174600;23833;23840.5;23831.5;23838.25;554
20250909 174700;23838.75;23842;23836.5;23838.25;668
20250909 174800;23838;23841.5;23832;23841.25;827
20250909 174900;23841.5;23844;23838;23840;735
20250909 175000;23840.25;23842.25;23836.25;23839;310
20250909 175100;23839;23841.5;23836.5;23839.25;288
20250909 175200;23839.25;23841;23837.5;23838.25;312
20250909 175300;23837.75;23845;23836.75;23844.75;463
20250909 175400;23844.5;23844.75;23839.75;23841;378
20250909 175500;23841.25;23844;23838.75;23843;366
20250909 175600;23843.5;23845.5;23841.25;23844;384
20250909 175700;23843.75;23846.25;23842.75;23843.75;350
20250909 175800;23843.5;23846;23840.75;23842;610
20250909 175900;23841.75;23842.25;23837.5;23840.75;503
20250909 180000;23841;23841.25;23838;23839.5;224
20250909 180100;23839.5;23841.5;23836;23839.5;492
20250909 180200;23840.25;23842.5;23838.75;23840.25;343
20250909 180300;23840.25;23845.25;23839.25;23839.25;360
20250909 180400;23839.25;23841.5;23838.25;23840;302
20250909 180500;23840.25;23844;23839.25;23841;333
20250909 180600;23841.75;23847;23840.75;23844.5;339
20250909 180700;23844.25;23846.5;23842.5;23845.25;259
20250909 180800;23845;23847.75;23845;23845.25;330
20250909 180900;23845;23847.5;23843;23845.75;286
20250909 181000;23846.25;23848.25;23845.5;23847;379
20250909 181100;23846.75;23848.75;23831.75;23835;1626
20250909 181200;23835;23837.75;23827.25;23831.75;1177
20250909 181300;23832;23833;23823.5;23824.75;1062
20250909 181400;23824.75;23835.25;23824;23835;892
20250909 181500;23834.75;23844;23833.25;23843;919
20250909 181600;23842.5;23846;23838.5;23844.25;871
20250909 181700;23844;23846.25;23841.5;23845.5;608
20250909 181800;23845.5;23846.75;23841.5;23842.25;412
20250909 181900;23842.25;23844.5;23840.25;23841.75;379
20250909 182000;23842.5;23842.75;23833.5;23841.25;774
20250909 182100;23841.25;23845.25;23839.25;23839.75;471
20250909 182200;23839.25;23846.5;23838.25;23843.5;334
20250909 182300;23843.5;23846;23839.5;23840.25;307
20250909 182400;23839.75;23844.25;23839.5;23841.75;243
20250909 182500;23842.25;23842.75;23837.25;23840.5;454
20250909 182600;23841;23841.5;23836;23836;348
20250909 182700;23836.5;23839.75;23831.5;23832.75;525
20250909 182800;23833.25;23836.25;23832;23835.25;395
20250909 182900;23835;23839.5;23835;23839;433
20250909 183000;23839;23840.25;23831.75;23833.5;508
20250909 183100;23834;23838.5;23832.75;23832.75;547
20250909 183200;23833.25;23835.25;23827.5;23828.5;769
20250909 183300;23828.25;23831;23827.5;23829.75;553
20250909 183400;23830;23830.5;23827.5;23828.5;316
20250909 183500;23829;23830;23827;23828.5;400
20250909 183600;23828.5;23831.75;23825;23826.25;553
20250909 183700;23826.75;23831.75;23826.5;23828.5;504
20250909 183800;23828.25;23832.25;23825.25;23828.25;558
20250909 183900;23828.75;23831.5;23827.75;23829;243
20250909 184000;23828.75;23829.75;23824.25;23824.5;429
20250909 184100;23824.75;23830.5;23824;23830;687
20250909 184200;23829.75;23835;23829.5;23832.25;695
20250909 184300;23832.25;23834;23829;23830.75;460
20250909 184400;23830.75;23832;23827.75;23829.5;296
20250909 184500;23829.75;23832;23827.75;23828.75;335
20250909 184600;23828.75;23836.5;23828.75;23836.5;708
20250909 184700;23836.5;23841;23834.5;23838.25;854
20250909 184800;23837.75;23840.25;23836.75;23839;582
20250909 184900;23838.5;23844.75;23838.25;23842.75;754
20250909 185000;23842.5;23845.25;23840.75;23844.5;493
20250909 185100;23844.75;23846;23840.75;23843;565
20250909 185200;23842.75;23845.75;23841.75;23843;480
20250909 185300;23843;23847.75;23842.75;23845.25;452
20250909 185400;23844.75;23847.75;23843.25;23847;358
20250909 185500;23846.75;23847.75;23844;23846;230
20250909 185600;23846.25;23849;23843.5;23848;527
20250909 185700;23848;23848.25;23846.25;23846.25;427
20250909 185800;23846.25;23848.25;23843.75;23844;360
20250909 185900;23843.75;23844.25;23840.5;23841.5;461
20250909 190000;23841.5;23846.5;23841.25;23843.75;330
20250909 190100;23843.5;23845;23839;23839.75;682
20250909 190200;23839.75;23845;23839.25;23842.25;393
20250909 190300;23842.25;23845.75;23837.75;23845.25;592
20250909 190400;23845.75;23847.25;23843;23847;389
20250909 190500;23847.25;23848;23844.5;23846.25;362
20250909 190600;23846;23847.25;23844;23845;337
20250909 190700;23845.5;23847;23843;23846.25;223
20250909 190800;23845.5;23846.75;23839;23839;384
20250909 190900;23839.5;23843.75;23838.5;23842.25;355
20250909 191000;23841.5;23843.5;23840.25;23840.5;263
20250909 191100;23840.5;23841;23837;23837.75;459
20250909 191200;23837.75;23839.25;23836;23838.25;451
20250909 191300;23838.5;23840.75;23836.5;23839;354
20250909 191400;23839;23843.5;23837;23838.5;521
20250909 191500;23838.75;23840;23837.75;23838.25;339
20250909 191600;23838.25;23842.25;23838.25;23841.25;294
20250909 191700;23841.25;23844.5;23840;23843.5;513
20250909 191800;23843;23849;23842.25;23846.5;821
20250909 191900;23846.75;23850;23845.25;23847.25;729
20250909 192000;23847.75;23849.5;23847;23848.25;329
20250909 192100;23848.25;23851;23847.25;23850.25;356
20250909 192200;23850.25;23853.25;23849.5;23852.25;496
20250909 192300;23852.25;23855;23851;23855;592
20250909 192400;23854.75;23859.5;23852.75;23853.25;1469
20250909 192500;23853;23856.25;23852.5;23854.5;432
20250909 192600;23854.5;23859.5;23854.25;23857.75;499
20250909 192700;23857.5;23858.75;23855.5;23856;381
20250909 192800;23856.25;23858.75;23855.75;23857.25;367
20250909 192900;23857.5;23861;23855.5;23859.25;782
20250909 193000;23859.25;23860.5;23855.5;23856.5;451
20250909 193100;23856.5;23859.75;23856.25;23857.5;377
20250909 193200;23857.25;23857.25;23849.25;23854.25;1089
20250909 193300;23854.5;23856.25;23853.5;23853.75;285
20250909 193400;23854.25;23860.25;23854;23859.75;430
20250909 193500;23859.75;23860.75;23857.25;23858.75;538
20250909 193600;23858.75;23861.25;23857.75;23859;619
20250909 193700;23859;23859.25;23853.25;23854;564
20250909 193800;23853.5;23854.25;23846.75;23848.75;796
20250909 193900;23848.25;23853;23848.25;23849;528
20250909 194000;23849.25;23850.25;23845.5;23849.25;654
20250909 194100;23849.75;23849.75;23842.5;23842.75;648
20250909 194200;23842.5;23844.75;23840.75;23841.25;602
20250909 194300;23841;23841.75;23835.25;23837;1028
20250909 194400;23836.5;23842;23834.75;23840.5;725
20250909 194500;23841;23847;23840.25;23845.75;694
20250909 194600;23845.5;23849.75;23844.25;23845.5;858
20250909 194700;23845.5;23851;23845.5;23849.75;479
20250909 194800;23850;23853.25;23847.25;23851.5;835
20250909 194900;23851.75;23854.75;23850.25;23852;598
20250909 195000;23852.5;23852.75;23847.5;23851.5;687
20250909 195100;23851;23868.25;23851;23864;2125
20250909 195200;23864.5;23868.75;23860.75;23868.75;845
20250909 195300;23868.5;23871.5;23865.75;23868;1135
20250909 195400;23868;23872.25;23863;23871;1290
20250909 195500;23871.25;23875.25;23866.25;23870.5;1865
20250909 195600;23870.75;23890;23867;23885.75;3142
20250909 195700;23885.75;23885.75;23874.25;23874.75;1352
20250909 195800;23875;23885.25;23872.5;23885;1137
20250909 195900;23884.75;23885.25;23877.75;23878.75;1446
20250909 200000;23878.25;23883;23865;23867.5;7669
20250909 200100;23867.25;23871.25;23859;23860.25;2623
20250909 200200;23860.25;23862;23856.75;23861.25;747
20250909 200300;23861.25;23863;23854;23855.5;923
20250909 200400;23855.25;23855.75;23853.25;23854.25;274
20250909 200500;23854.5;23859;23854.5;23858.25;407
20250909 200600;23857.75;23858.75;23847.75;23855.75;1599
20250909 200700;23856;23858.5;23853.5;23858.25;600
20250909 200800;23858.25;23865.5;23857.75;23864.5;885
20250909 200900;23864.5;23865;23858.75;23860.5;544
20250909 201000;23860.25;23863.75;23859.5;23862.25;368
20250909 201100;23861.75;23869.5;23860.5;23869;670
20250909 201200;23868.75;23872.25;23866.5;23872.25;444
20250909 201300;23871.75;23878.75;23870.25;23877.25;562
20250909 201400;23877.25;23879.5;23875.75;23878.75;318
20250909 201500;23878.25;23880.5;23874;23878;630
20250909 201600;23877.25;23883.5;23876.25;23881;618
20250909 201700;23881.5;23882.5;23870.75;23878.75;759
20250909 201800;23879;23885.75;23878.5;23881.25;561
20250909 201900;23881.5;23885.75;23880.25;23884.25;371
20250909 202000;23884.25;23888.25;23882.75;23887.25;676
20250909 202100;23886.75;23892.75;23883;23886.25;843
20250909 202200;23886.25;23894.75;23885;23889.75;749
20250909 202300;23889.75;23892.5;23887.25;23892.5;396
20250909 202400;23892.25;23893.25;23890;23891.25;285
20250909 202500;23891;23892.75;23887.5;23891;265
20250909 202600;23891.25;23893.5;23887.75;23887.75;241
20250909 202700;23888.25;23893.75;23887;23892.75;228
20250909 202800;23892.25;23898;23890.75;23895;435
20250909 202900;23894.5;23898;23893.25;23897.5;303
20250909 203000;23897;23904;23894.75;23897;953
20250909 203100;23897.25;23900;23894.75;23895.5;408
20250909 203200;23895.75;23896.75;23892;23895.5;322
20250909 203300;23895.5;23900.25;23895.5;23898;171
20250909 203400;23898;23898.5;23896;23897.75;166
20250909 203500;23897.5;23902.25;23897.5;23899.5;465
20250909 203600;23900;23903.75;23899;23902.25;358
20250909 203700;23902.25;23907.25;23899.75;23904.5;483
20250909 203800;23904.5;23906.5;23902.75;23906.5;248
20250909 203900;23906.5;23909.25;23905.5;23905.75;288
20250909 204000;23905.5;23905.5;23903;23904;293
20250909 204100;23904.5;23907.25;23903.75;23907;299
20250909 204200;23907.75;23909.25;23907;23908.75;281
20250909 204300;23908.5;23909.25;23907;23908.75;128
20250909 204400;23909;23921.25;23908.5;23914;830
20250909 204500;23914;23914;23906.5;23908;316
20250909 204600;23908.75;23910;23907.5;23908;223
20250909 204700;23908;23908.75;23906.25;23908.75;240
20250909 204800;23908.25;23912.5;23908.25;23909.25;203
20250909 204900;23909;23909;23899;23906;754
20250909 205000;23906.25;23909;23904.25;23904.5;141
20250909 205100;23905;23906;23895.5;23895.5;206
20250909 205200;23895.75;23896.25;23892.25;23893.25;240
20250909 205300;23893.5;23896.25;23890.75;23894;243
20250909 205400;23894.25;23895;23893.5;23893.75;93
20250909 205500;23894;23894.25;23888;23889.75;188
20250909 205600;23889.75;23891;23887.75;23888.5;130
20250909 205700;23888.5;23888.75;23886;23886.5;107
20250909 205800;23886.75;23888.75;23884.75;23888.5;193
20250909 205900;23888.5;23890.75;23887;23890.75;164
20250909 210000;23890.75;23891.5;23889.5;23889.75;151
20250909 220100;23898.5;23906.25;23894.75;23904.5;394
20250909 220200;23904.75;23907.25;23900.75;23902.25;150
20250909 220300;23901.25;23902.75;23895;23895;173
20250909 220400;23895.25;23897.75;23891;23891.25;166
20250909 220500;23892;23894.25;23891.5;23892.5;90
20250909 220600;23893;23894.25;23890;23894;119
20250909 220700;23894;23898;23892.75;23898;129
20250909 220800;23897.75;23902.25;23897;23901.25;172
20250909 220900;23900;23904;23899.5;23901.75;123
20250909 221000;23901.75;23905;23898.5;23905;85
20250909 221100;23904.75;23905.75;23903.5;23903.75;82
20250909 221200;23904.25;23909.5;23904.25;23906;147
20250909 221300;23906;23908;23905.5;23906.25;98
20250909 221400;23905.5;23907;23904.25;23907;40
20250909 221500;23907;23911.5;23906.75;23908;97
20250909 221600;23907.75;23910.25;23907.75;23907.75;42
20250909 221700;23907;23907.25;23903.75;23904.5;65
20250909 221800;23904.75;23905;23901.25;23901.25;44
20250909 221900;23901.75;23904.25;23901.5;23902.75;31
20250909 222000;23902.25;23902.25;23899;23900;77
20250909 222100;23900.25;23901;23898.5;23898.75;62
20250909 222200;23898.25;23898.75;23896;23898.25;92
20250909 222300;23898.25;23899.5;23898.25;23898.75;15
20250909 222400;23898.25;23899;23897.5;23898.25;55
20250909 222500;23898.5;23899;23893.5;23895.75;111
20250909 222600;23895.5;23896.25;23894.75;23895;39
20250909 222700;23895;23901;23895;23898.75;106
20250909 222800;23898.75;23898.75;23894.75;23894.75;45
20250909 222900;23894.5;23898.5;23891.75;23893.25;177
20250909 223000;23893.25;23899.25;23891;23897.25;270
20250909 223100;23896.5;23903.25;23896.5;23902.25;98
20250909 223200;23902.5;23902.75;23898.75;23900.25;65
20250909 223300;23901.25;23904.25;23901.25;23903.5;55
20250909 223400;23903.25;23905;23900.5;23904;67
20250909 223500;23904.75;23904.75;23901.25;23902.5;40
20250909 223600;23902.75;23902.75;23901.5;23901.75;22
20250909 223700;23901;23901;23898;23898.5;88
20250909 223800;23898;23899.75;23898;23898.75;65
20250909 223900;23898.75;23898.75;23893;23893.75;198
20250909 224000;23894;23899.25;23893.75;23899.25;48
20250909 224100;23898.5;23899;23897;23897.75;22
20250909 224200;23897.75;23899.25;23895;23899.25;65
20250909 224300;23898.75;23899.25;23896;23897.75;22
20250909 224400;23897.5;23898;23897;23897;11
20250909 224500;23896.25;23896.75;23895.75;23896.75;17
20250909 224600;23896.5;23896.75;23894.75;23895.5;28
20250909 224700;23896.5;23896.75;23894.5;23896;20
20250909 224800;23895;23897.75;23895;23896.75;25
20250909 224900;23896.25;23899.25;23896;23899.25;21
20250909 225000;23899;23900;23898.5;23900;37
20250909 225100;23900;23901.25;23899.25;23900;35
20250909 225200;23899.75;23902.75;23898;23902.5;63
20250909 225300;23902.25;23902.5;23898.75;23898.75;41
20250909 225400;23898.75;23899;23897.25;23897.75;17
20250909 225500;23897;23897.25;23893.5;23895.75;74
20250909 225600;23895.75;23899.5;23895.75;23898.5;54
20250909 225700;23898.75;23900.5;23898.5;23898.75;23
20250909 225800;23898.5;23899.25;23897;23899.25;25
20250909 225900;23898.25;23899.25;23897.5;23897.5;10
20250909 230000;23897.5;23897.5;23895.5;23895.75;19
20250909 230100;23896.25;23898;23888;23891;272
20250909 230200;23890.75;23893;23889.5;23889.5;51
20250909 230300;23890.25;23892.5;23888.5;23888.5;34
20250909 230400;23888.5;23890.5;23887.75;23888;63
20250909 230500;23888.5;23889.75;23887.25;23888.75;76
20250909 230600;23889;23889.5;23883.5;23886;134
20250909 230700;23885.75;23889.5;23885.75;23889.5;53
20250909 230800;23889;23889.5;23888;23888.75;29
20250909 230900;23888.75;23890.25;23888.75;23890;29
20250909 231000;23890.25;23894.5;23889.5;23893;58
20250909 231100;23893.75;23894;23891.5;23892.75;42
20250909 231200;23892.25;23893.75;23892.25;23893.5;9
20250909 231300;23893;23893.5;23891.25;23891.5;20
20250909 231400;23892;23894.75;23892;23892.25;42
20250909 231500;23892.25;23894.25;23891.25;23892.25;39
20250909 231600;23892;23894;23890;23894;44
20250909 231700;23893.25;23894;23892.5;23893.75;30
20250909 231800;23894;23894.25;23891;23891.75;24
20250909 231900;23891.5;23891.5;23889.5;23890;49
20250909 232000;23888.75;23889.25;23886.25;23888.75;56
20250909 232100;23889.25;23890.25;23883.75;23885.25;101
20250909 232200;23886;23886.75;23877.25;23878.25;277
20250909 232300;23879.5;23880.25;23877.25;23879.25;103
20250909 232400;23879.5;23881.75;23879.25;23881.75;68
20250909 232500;23881.5;23883.25;23881;23882;58
20250909 232600;23882;23882.75;23880.25;23881;23
20250909 232700;23881.25;23881.5;23875;23876.75;170
20250909 232800;23876.75;23877.5;23874;23876.75;98
20250909 232900;23876.75;23879;23876.75;23878;34
20250909 233000;23878.75;23879;23876.5;23876.5;27
20250909 233100;23877.5;23879;23876.25;23878;55
20250909 233200;23878;23879.75;23877.25;23879.75;44
20250909 233300;23879;23879;23875.25;23876;41
20250909 233400;23875.5;23875.75;23874.25;23875.75;38
20250909 233500;23876;23876.75;23875;23876;39
20250909 233600;23876.25;23877.25;23875.5;23877;35
20250909 233700;23877.25;23877.5;23875.75;23876.75;20
20250909 233800;23877.75;23881;23877.75;23878.5;72
20250909 233900;23878.75;23880.5;23877.75;23878.75;40
20250909 234000;23878.5;23880.5;23877.5;23879.75;30
20250909 234100;23880.25;23882.5;23880;23882.5;107
20250909 234200;23882;23882.5;23880;23880.25;31
20250909 234300;23879.5;23883.75;23879.25;23882.75;40
20250909 234400;23882.75;23886;23882.25;23885.75;92
20250909 234500;23886;23886;23884.25;23885;40
20250909 234600;23885.25;23889;23884.5;23886.75;97
20250909 234700;23887.75;23889;23886.25;23887.25;40
20250909 234800;23887.75;23888.75;23880;23881.5;136
20250909 234900;23881;23884.25;23880.75;23882.25;45
20250909 235000;23882;23883.75;23881.25;23883.75;39
20250909 235100;23883.25;23884.25;23882.25;23882.5;21
20250909 235200;23884.25;23884.75;23883;23883;23
20250909 235300;23883;23886.75;23882.75;23886.75;58
20250909 235400;23887.5;23890.25;23885.75;23889.75;145
20250909 235500;23889.75;23891;23889;23889;47
20250909 235600;23888.25;23888.25;23885.5;23886.25;77
20250909 235700;23885.75;23886;23883.75;23884.75;48
20250909 235800;23884.75;23885;23882.25;23882.25;61
20250909 235900;23882.25;23883.25;23879.25;23880;77
20250910 000000;23881;23886.5;23880.75;23885.75;68
20250910 000100;23884.75;23887.5;23882.75;23885.5;122
20250910 000200;23887;23887;23881.25;23882;46
20250910 000300;23883.75;23885.5;23883.25;23884.25;27
20250910 000400;23884;23885;23883.25;23884.5;33
20250910 000500;23884.5;23886;23883.25;23883.25;28
20250910 000600;23884;23887.5;23884;23887.5;25
20250910 000700;23887;23891.5;23887;23891;95
20250910 000800;23890.5;23890.5;23887.5;23887.5;57
20250910 000900;23888.25;23888.5;23886.25;23888.25;32
20250910 001000;23888;23888.75;23886;23888.25;33
20250910 001100;23888.5;23891.75;23887.25;23891.75;88
20250910 001200;23891;23891.5;23889.75;23891;40
20250910 001300;23890.25;23895.5;23890.25;23894;92
20250910 001400;23894.5;23896.75;23893.5;23896.25;74
20250910 001500;23895.75;23895.75;23891.75;23893.75;67
20250910 001600;23893.25;23894.5;23890.75;23891.75;120
20250910 001700;23890.25;23895.75;23889.5;23894.5;69
20250910 001800;23893.75;23895.25;23893.5;23893.75;19
20250910 001900;23894;23895.5;23893.25;23895.25;51
20250910 002000;23895.5;23896.25;23893.75;23894.25;43
20250910 002100;23893.75;23896.25;23893.5;23895.75;25
20250910 002200;23896;23897.5;23894.75;23895.5;66
20250910 002300;23895;23896.25;23894;23896;28
20250910 002400;23896;23897.25;23895.5;23896.5;17
20250910 002500;23896.75;23897;23894;23895.75;57
20250910 002600;23895.5;23897.25;23895.25;23896.5;40
20250910 002700;23896.75;23897.75;23895.75;23897.75;31
20250910 002800;23898;23899.5;23897;23897;72
20250910 002900;23897;23897.75;23896;23896.5;24
20250910 003000;23896.25;23896.25;23895.5;23896;15
20250910 003100;23895.75;23898;23895.5;23897.25;38
20250910 003200;23897.5;23898.5;23896.75;23897;39
20250910 003300;23897;23898.75;23897;23898;12
20250910 003400;23897;23897;23896.75;23896.75;10
20250910 003500;23897.25;23897.25;23895.5;23896.5;21
20250910 003600;23895.75;23896.75;23895.5;23896.75;10
20250910 003700;23895.75;23897;23894.5;23895.25;40
20250910 003800;23894.75;23895.75;23894;23895.75;29
20250910 003900;23894.75;23897.25;23894.5;23897.25;30
20250910 004000;23897.75;23898.75;23897.25;23897.25;30
20250910 004100;23897;23898.5;23895.75;23896.75;59
20250910 004200;23895.5;23895.5;23889.5;23889.5;118
20250910 004300;23889;23894.25;23889;23893.5;78
20250910 004400;23893.5;23896.5;23893.5;23896.5;31
20250910 004500;23896.75;23897;23895;23896;24
20250910 004600;23895.25;23895.75;23890.5;23892.75;66
20250910 004700;23893;23894;23892;23893;27
20250910 004800;23893.75;23894;23889.75;23890.25;74
20250910 004900;23889.75;23889.75;23885.5;23886.5;101
20250910 005000;23887;23889.5;23886.5;23887.75;55
20250910 005100;23888;23892;23887;23891.5;93
20250910 005200;23891.75;23891.75;23889.25;23889.75;50
20250910 005300;23889.5;23890;23889;23889;14
20250910 005400;23888.75;23889.5;23887.25;23888;30
20250910 005500;23887.75;23887.75;23883.75;23884.5;56
20250910 005600;23884.25;23884.5;23882.5;23882.75;59
20250910 005700;23882.5;23884;23881.75;23884;50
20250910 005800;23883.25;23885.75;23883.25;23885;38
20250910 005900;23884.25;23885.75;23883.75;23885.25;35
20250910 010000;23885;23886;23884.25;23886;43
20250910 010100;23886.25;23891.5;23886;23890.25;119
20250910 010200;23889.5;23890.25;23885.5;23886.25;59
20250910 010300;23886;23887.25;23881.5;23882.25;81
20250910 010400;23883;23883.5;23878.5;23879.75;82
20250910 010500;23880;23882.5;23879.5;23881.5;43
20250910 010600;23881.25;23883.25;23880.5;23882;25
20250910 010700;23882.25;23884;23881.5;23882;34
20250910 010800;23881.75;23881.75;23879.75;23880.75;17
20250910 010900;23880.5;23881.75;23878.5;23881.75;27
20250910 011000;23882;23882.75;23881;23881;17
20250910 011100;23880.75;23880.75;23878.5;23879.5;23
20250910 011200;23880.5;23880.75;23879;23879.25;52
20250910 011300;23879;23880;23878;23878.75;42
20250910 011400;23879.25;23880.25;23878.5;23879.25;29
20250910 011500;23879.75;23882;23879;23881.5;22
20250910 011600;23881.25;23881.5;23879.5;23879.5;32
20250910 011700;23879.5;23882.75;23879.25;23881;38
20250910 011800;23880.5;23884.75;23880.25;23883;46
20250910 011900;23882.75;23882.75;23880.75;23882.5;23
20250910 012000;23883.25;23885.25;23882.25;23883.75;34
20250910 012100;23882.75;23883.25;23879.5;23881.25;32
20250910 012200;23881.5;23886;23880.75;23885.25;52
20250910 012300;23884.25;23885.75;23884.25;23885.5;25
20250910 012400;23886;23886.5;23884.25;23884.25;32
20250910 012500;23884.75;23888;23884.5;23887.5;44
20250910 012600;23887.5;23888.75;23886.75;23888;39
20250910 012700;23888.25;23889;23887.5;23888;13
20250910 012800;23888.75;23893.5;23888.75;23891.75;102
20250910 012900;23892.5;23895.25;23891.25;23895.25;64
20250910 013000;23895.5;23898.75;23895.5;23897;96
20250910 013100;23897;23903;23895.75;23902.25;146
20250910 013200;23902.25;23904.25;23901;23903.25;98
20250910 013300;23903.25;23903.75;23901.5;23903.5;68
20250910 013400;23903.25;23904.5;23902;23902;49
20250910 013500;23902.5;23904.25;23902.25;23903;49
20250910 013600;23903.5;23904.75;23903;23903;42
20250910 013700;23902.75;23903.75;23899.75;23901.5;66
20250910 013800;23901.25;23902.75;23900;23901.25;45
20250910 013900;23901;23902.25;23900.5;23900.5;33
20250910 014000;23901;23901.5;23898;23899;49
20250910 014100;23898.75;23900;23893.75;23894.5;97
20250910 014200;23893.75;23896.25;23893.25;23895.75;43
20250910 014300;23896.25;23896.75;23894;23894;31
20250910 014400;23893.75;23898;23893.5;23896.5;46
20250910 014500;23897;23897;23895.5;23896;13
20250910 014600;23896.5;23898;23896.5;23897;15
20250910 014700;23897.25;23899.5;23897;23897.75;34
20250910 014800;23898.25;23901.5;23898;23900.75;51
20250910 014900;23899.75;23902.25;23899.25;23900.5;48
20250910 015000;23900.25;23900.25;23897.5;23899.25;29
20250910 015100;23898.75;23898.75;23896.5;23898;28
20250910 015200;23898;23900.5;23898;23900.5;32
20250910 015300;23900;23900.5;23898.75;23899.5;27
20250910 015400;23899.75;23900.25;23898.75;23899;31
20250910 015500;23899.5;23900.5;23897.75;23900.25;56
20250910 015600;23900.75;23903;23898.75;23901.5;92
20250910 015700;23901.75;23901.75;23900;23901.25;30
20250910 015800;23902;23906;23901.75;23905.5;97
20250910 015900;23905.5;23906.25;23903.25;23904.5;60
20250910 020000;23903.5;23904.75;23902.75;23903;48
20250910 020100;23903.25;23906;23903.25;23903.5;43
20250910 020200;23904;23906;23902;23902;53
20250910 020300;23901.75;23903.75;23901.5;23901.75;49
20250910 020400;23901.5;23902.25;23900.5;23901.25;83
20250910 020500;23902.25;23904.5;23902;23902.75;18
20250910 020600;23902.5;23903;23898.75;23900;64
20250910 020700;23900.5;23901.25;23900;23900;38
20250910 020800;23900.25;23901.75;23900.25;23901.75;16
20250910 020900;23902.5;23903.25;23897.5;23897.5;67
20250910 021000;23897.75;23900.5;23897.25;23899.25;28
20250910 021100;23899.75;23902;23899.75;23901.5;25
20250910 021200;23902;23902.75;23900.5;23902.75;20
20250910 021300;23902.5;23903;23902.25;23902.5;8
20250910 021400;23902.25;23903;23901.5;23902.5;13
20250910 021500;23902.25;23904.25;23901.5;23903.5;53
20250910 021600;23902.5;23902.75;23897.75;23898;102
20250910 021700;23897.75;23900.25;23897.5;23898;37
20250910 021800;23899.75;23901.75;23898.75;23901.5;44
20250910 021900;23902;23904;23902;23903.25;34
20250910 022000;23904.25;23905.5;23903.25;23905.25;68
20250910 022100;23904.5;23905.75;23903.75;23905.75;44
20250910 022200;23905.25;23906;23904.5;23904.75;25
20250910 022300;23904.25;23905;23902.25;23902.25;35
20250910 022400;23902.25;23903.5;23902;23903;21
20250910 022500;23903;23905;23902.75;23905;24
20250910 022600;23904.75;23907;23904;23905.25;35
20250910 022700;23905.25;23905.5;23902.25;23902.25;28
20250910 022800;23902;23903;23901.25;23902.75;37
20250910 022900;23902;23904.25;23902;23902.75;19
20250910 023000;23903;23905.25;23902.75;23905;24
20250910 023100;23905.5;23906;23903.75;23905.5;34
20250910 023200;23906;23910;23906;23909.5;99
20250910 023300;23909.5;23911;23907.75;23911;76
20250910 023400;23910.5;23917.75;23910;23913.5;185
20250910 023500;23914;23914.25;23912.75;23913;37
20250910 023600;23913.25;23914.25;23911.75;23913.5;65
20250910 023700;23914;23914.75;23913.75;23914.75;18
20250910 023800;23914.5;23915;23905.25;23905.75;113
20250910 023900;23905.75;23906.75;23905;23906.5;49
20250910 024000;23906.25;23907.75;23906.25;23906.75;12
20250910 024100;23906.75;23910;23906.75;23908.5;21
20250910 024200;23908.5;23909.25;23908;23908.5;12
20250910 024300;23909.5;23909.75;23906.75;23907.25;11
20250910 024400;23908;23908;23905.5;23905.5;14
20250910 024500;23905.75;23908;23905.5;23907;19
20250910 024600;23906.75;23908.5;23906.25;23908.5;15
20250910 024700;23908.5;23908.5;23907.5;23908.25;7
20250910 024800;23908.25;23910;23908.25;23908.75;14
20250910 024900;23908.75;23910.25;23907.75;23909;28
20250910 025000;23910;23910.5;23909.5;23909.5;11
20250910 025100;23909.25;23910.5;23909.25;23910.25;7
20250910 025200;23910.25;23911.75;23910.25;23910.75;24
20250910 025300;23910.5;23912;23909;23909.25;44
20250910 025400;23908.75;23908.75;23907.25;23908.25;25
20250910 025500;23909;23910.25;23908.25;23908.25;13
20250910 025600;23908.75;23908.75;23907.5;23908.25;16
20250910 025700;23909.25;23912;23909.25;23912;48
20250910 025800;23912;23913;23911.75;23912.5;29
20250910 025900;23913;23913.75;23912.25;23912.25;12
20250910 030000;23912.5;23912.75;23910.25;23911;31
20250910 030100;23911;23913.5;23910.75;23913.5;33
20250910 030200;23913.75;23915.5;23913.25;23915;21
20250910 030300;23915;23916.75;23914.5;23915.75;51
20250910 030400;23915.25;23915.75;23914.5;23915;15
20250910 030500;23915;23915.25;23913.75;23915;10
20250910 030600;23915;23915.5;23914;23914.25;27
20250910 030700;23914.5;23915.5;23914.5;23915;11
20250910 030800;23914;23914.25;23913.5;23914.25;11
20250910 030900;23914.5;23914.5;23913.5;23913.5;10
20250910 031000;23913.75;23913.75;23912;23912.75;50
20250910 031100;23913;23913;23912.5;23912.75;14
20250910 031200;23912.75;23914;23912.25;23913.25;12
20250910 031300;23913.25;23914;23912.5;23913.25;29
20250910 031400;23914;23915.25;23913.75;23913.75;30
20250910 031500;23914.25;23915.75;23914.25;23914.75;40
20250910 031600;23914.5;23915.75;23914.5;23915.25;24
20250910 031700;23915.25;23916;23913.5;23914;39
20250910 031800;23913.75;23914.75;23913.25;23913.25;11
20250910 031900;23913.75;23913.75;23911.5;23911.75;36
20250910 032000;23911.5;23913.75;23911.5;23912.5;29
20250910 032100;23912.75;23913.75;23912;23912.5;21
20250910 032200;23912.25;23914;23912.25;23913.5;10
20250910 032300;23914.25;23915.5;23914.25;23914.5;22
20250910 032400;23915;23915.25;23913.5;23914.25;15
20250910 032500;23913.5;23914;23913.5;23914;5
20250910 032600;23914.5;23914.5;23913.5;23914;7
20250910 032700;23914.25;23914.75;23914;23914;8
20250910 032800;23914.25;23914.5;23914;23914.25;7
20250910 032900;23913.75;23913.75;23913.5;23913.5;5
20250910 033000;23913;23913.75;23912.75;23912.75;4
20250910 033100;23913.75;23915.75;23913.5;23915.75;19
20250910 033200;23915.25;23915.75;23915.25;23915.5;8
20250910 033300;23915.25;23915.25;23914.5;23914.5;7
20250910 033400;23914.25;23914.5;23913;23914.25;17
20250910 033500;23914;23914.5;23913.75;23913.75;23
20250910 033600;23913.25;23913.25;23911.75;23912.75;28
20250910 033700;23912.25;23914.75;23912.25;23914.25;13
20250910 033800;23915;23915;23914;23914;5
20250910 033900;23914;23915.25;23913.75;23914.75;15
20250910 034000;23914.5;23916;23914.25;23915.75;37
20250910 034100;23915.25;23916;23914.25;23915.5;19
20250910 034200;23915.25;23915.5;23914;23914;12
20250910 034300;23914.25;23915.75;23914.25;23915.75;13
20250910 034400;23916;23918.75;23916;23917.5;94
20250910 034500;23916.75;23917.25;23914.75;23914.75;41
20250910 034600;23915;23915.25;23913.25;23913.75;50
20250910 034700;23913.5;23915;23913.25;23913.5;15
20250910 034800;23914;23915.5;23914;23914.25;18
20250910 034900;23913.5;23914.25;23913.5;23913.75;7
20250910 035000;23914;23914.75;23913.25;23914.75;10
20250910 035100;23915;23915;23914.25;23915;7
20250910 035200;23914.75;23914.75;23914.75;23914.75;2
20250910 035300;23915;23915.5;23914.75;23915.25;9
20250910 035400;23915.25;23918;23915.25;23918;21
20250910 035500;23917;23917.5;23916.25;23917;8
20250910 035600;23916.5;23916.75;23913.75;23913.75;26
20250910 035700;23914.5;23914.5;23912.75;23914.25;18
20250910 035800;23915.75;23917;23915.75;23916.25;14
20250910 035900;23916.5;23917.75;23916.25;23917;22
20250910 040000;23917.5;23918;23917;23917.75;24
20250910 040100;23917.75;23919;23916.75;23918.75;40
20250910 040200;23918.75;23918.75;23918;23918.5;13
20250910 040300;23918.5;23919;23918;23918.25;17
20250910 040400;23918;23920.75;23918;23920;105
20250910 040500;23919.75;23920.25;23919;23920;15
20250910 040600;23920;23921;23920;23920.25;22
20250910 040700;23920;23922.75;23920;23921.25;76
20250910 040800;23920.75;23922;23920.5;23920.75;26
20250910 040900;23921.5;23921.75;23918.25;23919.75;65
20250910 041000;23919.25;23919.5;23918.75;23919;13
20250910 041100;23918.25;23920.25;23918;23919.25;63
20250910 041200;23919;23919.5;23917.5;23917.5;27
20250910 041300;23918.25;23918.75;23917.5;23918.25;18
20250910 041400;23918.25;23918.75;23918.25;23918.5;3
20250910 041500;23918.5;23919.5;23918.5;23919;5
20250910 041600;23919.5;23920;23919.5;23919.75;7
20250910 041700;23920.25;23920.5;23919.5;23920.25;9
20250910 041800;23920.75;23921;23919.75;23920.5;12
20250910 041900;23921;23921.25;23920.25;23920.25;13
20250910 042000;23920;23920.5;23919.5;23920.5;17
20250910 042100;23920.75;23921.5;23920.5;23921.5;11
20250910 042200;23921;23921.25;23919.25;23919.25;19
20250910 042300;23919.25;23919.25;23918;23918;22
20250910 042400;23918;23918;23917.25;23917.75;8
20250910 042500;23917.25;23918;23917;23917;9
20250910 042600;23917.75;23918.75;23917.25;23917.75;19
20250910 042700;23917.75;23919;23917.25;23918.5;15
20250910 042800;23919.25;23919.25;23918.5;23919.25;10
20250910 042900;23919;23919.25;23918.25;23918.5;10
20250910 043000;23918.25;23919;23918;23918.75;12
20250910 043100;23918.5;23920.25;23918.5;23920.25;13
20250910 043200;23920.75;23924.25;23920.75;23923.75;135
20250910 043300;23924;23925;23918.75;23919.25;91
20250910 043400;23919.5;23921.25;23918.75;23919.75;32
20250910 043500;23920.25;23920.5;23919;23919;17
20250910 043600;23918.75;23919.75;23918.5;23919.25;17
20250910 043700;23918.75;23918.75;23917;23918;30
20250910 043800;23918.5;23920;23918.5;23919;9
20250910 043900;23920;23920.75;23919.5;23919.5;13
20250910 044000;23919.25;23920.75;23919;23920.75;11
20250910 044100;23919.5;23919.75;23919;23919.75;5
20250910 044200;23919;23919.5;23918.25;23919.5;16
20250910 044300;23918.5;23919.25;23918.5;23919.25;16
20250910 044400;23919.5;23919.5;23918.5;23919.5;12
20250910 044500;23920;23920;23919.5;23919.5;4
20250910 044600;23920.25;23920.25;23919;23919.75;22
20250910 044700;23919.5;23919.5;23917.75;23918;12
20250910 044800;23917.75;23918;23917.25;23918;18
20250910 044900;23918;23918.5;23918;23918.5;9
20250910 045000;23918.5;23920.25;23918.5;23920.25;14
20250910 045100;23920.5;23920.5;23919.25;23920;8
20250910 045200;23920.75;23920.75;23919.75;23920;5
20250910 045300;23921;23921;23919.5;23919.5;4
20250910 045400;23919.5;23921.5;23919.5;23920.25;14
20250910 045500;23919.75;23920;23919.5;23920;12
20250910 045600;23920.5;23920.5;23920.25;23920.5;4
20250910 045700;23921;23922.25;23920.75;23921.75;17
20250910 045800;23922;23923.25;23921;23921;17
20250910 045900;23920.5;23921.25;23920.5;23921.25;3
20250910 050000;23920.75;23923.5;23920.5;23922;50
20250910 050100;23922.25;23922.25;23920;23921.75;52
20250910 050200;23921.75;23922;23921;23921.5;22
20250910 050300;23921.5;23923;23921;23921;22
20250910 050400;23921.5;23922.5;23917.75;23918.5;50
20250910 050500;23918.25;23919.5;23917.75;23918.25;22
20250910 050600;23918.25;23919;23915.25;23917.5;137
20250910 050700;23917;23919.25;23917;23918.5;65
20250910 050800;23917.75;23918.75;23917.5;23918.25;33
20250910 050900;23918.75;23918.75;23916.25;23916.75;79
20250910 051000;23916.75;23918.75;23915.75;23916;100
20250910 051100;23915.75;23916.25;23912.75;23914.5;295
20250910 051200;23914.25;23915.5;23913;23914.75;157
20250910 051300;23914.25;23914.75;23912;23913;154
20250910 051400;23913.25;23916.25;23912.5;23915.75;67
20250910 051500;23915.75;23918.75;23914.75;23917.75;176
20250910 051600;23918;23918;23915.5;23915.75;35
20250910 051700;23915.25;23915.25;23913.5;23914.25;15
20250910 051800;23913.75;23914;23912.25;23914;48
20250910 051900;23913.75;23914.75;23913.25;23914;12
20250910 052000;23913.75;23918.25;23913.75;23917.25;69
20250910 052100;23917;23920.75;23916.5;23920.75;93
20250910 052200;23920.75;23920.75;23918.5;23918.75;21
20250910 052300;23919.25;23919.5;23918.25;23919;7
20250910 052400;23918.25;23918.5;23918;23918;4
20250910 052500;23918.25;23920.25;23918.25;23919.25;17
20250910 052600;23919;23920.75;23919;23919.75;22
20250910 052700;23920.75;23921.75;23920;23920.5;16
20250910 052800;23921.25;23922.25;23920.75;23920.75;23
20250910 052900;23921;23921;23918;23919;22
20250910 053000;23919.75;23920.25;23919.75;23920.25;7
20250910 053100;23920.25;23928.75;23920;23921;421
20250910 053200;23921.25;23922.25;23918.75;23919.25;95
20250910 053300;23918;23918.25;23913.25;23915;118
20250910 053400;23915.5;23920;23914;23915.5;173
20250910 053500;23915;23916;23914.25;23915.25;26
20250910 053600;23915;23915;23913.25;23914.25;18
20250910 053700;23913.5;23914.5;23913.25;23913.5;13
20250910 053800;23913.5;23915.75;23913;23914.5;45
20250910 053900;23915.25;23915.25;23914;23914.25;14
20250910 054000;23914.25;23918.5;23914.25;23918.5;40
20250910 054100;23918.25;23918.75;23917.75;23918.5;18
20250910 054200;23919;23919;23915;23916.25;30
20250910 054300;23915.75;23916.5;23913.75;23915.5;27
20250910 054400;23914.25;23915.5;23913.5;23915.5;18
20250910 054500;23916;23917.5;23916;23917;21
20250910 054600;23916.75;23917.5;23916;23917.5;7
20250910 054700;23918;23919.25;23917.25;23919;28
20250910 054800;23918.5;23919.75;23917;23917;36
20250910 054900;23917.25;23917.5;23917.25;23917.5;6
20250910 055000;23917.25;23919.25;23916.5;23919.25;29
20250910 055100;23919;23920;23917.5;23917.5;28
20250910 055200;23918.25;23918.25;23916;23917.25;40
20250910 055300;23916;23917;23914.75;23914.75;39
20250910 055400;23915;23916.25;23915;23915;18
20250910 055500;23915;23918.75;23914.75;23918.25;40
20250910 055600;23918.75;23918.75;23918;23918.5;10
20250910 055700;23919;23919.25;23918.75;23919;5
20250910 055800;23919;23921;23917.5;23917.5;37
20250910 055900;23917.5;23917.5;23915.25;23915.25;22
20250910 060000;23916.25;23919;23916;23919;24
20250910 060100;23919.5;23920;23916.75;23919.25;52
20250910 060200;23919;23920.25;23917;23917.5;26
20250910 060300;23916.5;23919;23916.5;23917;30
20250910 060400;23916.75;23918.25;23915.25;23915.75;45
20250910 060500;23915;23918.25;23915;23916.75;43
20250910 060600;23917.5;23917.75;23912.5;23913.75;111
20250910 060700;23913.75;23916;23912.5;23912.5;47
20250910 060800;23913.25;23918;23913.25;23918;51
20250910 060900;23917.5;23917.5;23916;23917;66
20250910 061000;23917.25;23922.75;23917.25;23920.75;198
20250910 061100;23920;23920.75;23918.25;23919.5;34
20250910 061200;23919.25;23919.25;23915.5;23917.25;40
20250910 061300;23918;23919;23917.75;23919;19
20250910 061400;23918.75;23920.25;23918.75;23920.25;9
20250910 061500;23919.25;23928.5;23919;23926.25;252
20250910 061600;23926.75;23927;23924.5;23925;52
20250910 061700;23925.25;23925.25;23922.5;23923;58
20250910 061800;23922.75;23926.75;23921.5;23926.75;41
20250910 061900;23927.5;23928;23925.5;23926.25;86
20250910 062000;23926.5;23928.75;23926.5;23928;65
20250910 062100;23928;23933;23928;23931;505
20250910 062200;23931.75;23933;23930.25;23932.75;45
20250910 062300;23933;23936;23931.75;23935.25;128
20250910 062400;23935.75;23935.75;23931.75;23932;67
20250910 062500;23931.5;23934.75;23931.5;23934.75;59
20250910 062600;23934.25;23935.5;23934;23934;39
20250910 062700;23934.25;23935.25;23933.75;23933.75;39
20250910 062800;23933.5;23938.25;23933;23936.5;229
20250910 062900;23935.5;23938.5;23934;23936.75;84
20250910 063000;23936.75;23937.75;23934.75;23936.5;84
20250910 063100;23936;23941;23936;23938.75;418
20250910 063200;23939;23940;23937;23937.75;78
20250910 063300;23937.5;23938.75;23936.75;23937.5;44
20250910 063400;23937.75;23939;23937.5;23938.25;25
20250910 063500;23938.25;23938.5;23936.25;23937.75;35
20250910 063600;23938;23944.5;23938;23943.25;181
20250910 063700;23943.25;23943.5;23939;23940.25;90
20250910 063800;23940.5;23944;23940.25;23943;83
20250910 063900;23942.5;23943.5;23941.5;23942.25;39
20250910 064000;23942.5;23944.5;23942.5;23943.25;49
20250910 064100;23943;23944;23941.25;23942;79
20250910 064200;23941.5;23944;23940;23943.25;43
20250910 064300;23943.75;23946.75;23941.5;23944.25;106
20250910 064400;23944.75;23948.5;23944.5;23946.25;147
20250910 064500;23945.75;23948.75;23945.5;23946.25;102
20250910 064600;23946;23946;23942.75;23943.75;83
20250910 064700;23942.75;23944;23942;23943.5;45
20250910 064800;23943.75;23944;23941.5;23941.5;45
20250910 064900;23941.5;23942.75;23940.25;23940.25;84
20250910 065000;23940.5;23941.75;23936.5;23938;148
20250910 065100;23937.5;23938.25;23935;23936.75;169
20250910 065200;23936;23936;23930.25;23933;177
20250910 065300;23933;23935;23932.25;23935;33
20250910 065400;23934.25;23941.25;23934;23940.5;140
20250910 065500;23940;23942.75;23939.75;23940.25;112
20250910 065600;23940.5;23942.5;23936;23940.75;162
20250910 065700;23940.5;23943.25;23940.5;23941.5;81
20250910 065800;23942.25;23944.75;23941.75;23944.75;189
20250910 065900;23944;23944.5;23940.25;23940.75;95
20250910 070000;23940.5;23944.5;23937.75;23944.25;151
20250910 070100;23943.25;23944.25;23938.5;23939.25;184
20250910 070200;23938.75;23941.5;23937;23938.75;137
20250910 070300;23939.5;23943.75;23939;23943.75;54
20250910 070400;23943.75;23945.5;23942.75;23944.5;58
20250910 070500;23945.5;23945.75;23941.5;23942.25;55
20250910 070600;23942.5;23945;23942.25;23944.5;56
20250910 070700;23945.5;23945.75;23942.75;23943;52
20250910 070800;23942.75;23944.75;23941;23944.25;87
20250910 070900;23944.25;23944.5;23940;23941;37
20250910 071000;23940.75;23945.25;23940.75;23944.75;56
20250910 071100;23945.5;23948;23945.25;23947.5;105
20250910 071200;23947.25;23951.25;23946.25;23948;529
20250910 071300;23947.75;23948.75;23946.25;23946.75;41
20250910 071400;23946.5;23951.5;23946.5;23949.75;96
20250910 071500;23949.75;23954;23949;23951;170
20250910 071600;23951.25;23951.5;23947.75;23949;67
20250910 071700;23948.5;23952.25;23948;23949;87
20250910 071800;23949.25;23950;23945;23946.5;137
20250910 071900;23946.25;23946.25;23941.75;23941.75;67
20250910 072000;23941.5;23943.25;23941;23942;50
20250910 072100;23942.25;23944.5;23941;23943.25;44
20250910 072200;23942.5;23945;23942.5;23945;27
20250910 072300;23945.25;23946.5;23943.75;23943.75;34
20250910 072400;23943.5;23945.5;23941.25;23944.75;51
20250910 072500;23944.5;23947;23943.5;23946.5;54
20250910 072600;23946.75;23948;23945.75;23945.75;37
20250910 072700;23946;23948.25;23945.75;23947.5;35
20250910 072800;23947.25;23947.5;23944;23945.25;47
20250910 072900;23945.5;23945.5;23942.75;23943.25;33
20250910 073000;23944;23945.25;23943.5;23943.75;25
20250910 073100;23943;23946.75;23942;23944.75;48
20250910 073200;23945.25;23946;23943.75;23943.75;21
20250910 073300;23944;23945.25;23942;23943;57
20250910 073400;23943.5;23943.5;23938;23938.75;92
20250910 073500;23938.75;23940.75;23938.75;23939.75;34
20250910 073600;23940;23940;23935.75;23936;112
20250910 073700;23937;23942;23937;23941.5;57
20250910 073800;23942;23942.75;23937.25;23937.75;58
20250910 073900;23937.75;23938.75;23936.25;23937;57
20250910 074000;23936.5;23939;23936.25;23938;42
20250910 074100;23938.25;23938.75;23936.75;23938;49
20250910 074200;23937.5;23941;23937.5;23940.75;65
20250910 074300;23941;23944.5;23935.25;23937.5;158
20250910 074400;23937.25;23939.25;23935.5;23937;47
20250910 074500;23937.25;23940.5;23936.75;23938.5;40
20250910 074600;23939.25;23939.5;23936.5;23939.25;63
20250910 074700;23938;23941.25;23938;23941.25;49
20250910 074800;23941;23944.5;23941;23943.5;43
20250910 074900;23944.25;23946.5;23942.25;23943.25;102
20250910 075000;23943.25;23943.25;23940;23940;78
20250910 075100;23940;23940.25;23937.5;23940.25;90
20250910 075200;23940;23942.25;23938.75;23940.75;55
20250910 075300;23940.25;23940.5;23938.5;23939.5;55
20250910 075400;23939;23940.25;23935.75;23939.75;74
20250910 075500;23940;23943.25;23939.75;23942;56
20250910 075600;23942.5;23946.5;23939;23944;188
20250910 075700;23944.25;23944.5;23941;23941;44
20250910 075800;23941;23941.5;23938.75;23938.75;39
20250910 075900;23938;23939.25;23937.25;23937.25;49
20250910 080000;23937.75;23939.5;23937;23938;51
20250910 080100;23938;23940;23934;23938;174
20250910 080200;23938;23938;23931.75;23933.5;153
20250910 080300;23933;23933.5;23927;23930.5;229
20250910 080400;23930.75;23934.25;23929.75;23932.75;91
20250910 080500;23933.25;23934.75;23929.25;23929.25;89
20250910 080600;23929.5;23929.75;23925.5;23928.25;137
20250910 080700;23927.75;23927.75;23924;23924.75;121
20250910 080800;23925.25;23925.75;23920.5;23921.25;139
20250910 080900;23921;23921.75;23918;23920.25;215
20250910 081000;23920.25;23920.75;23917.75;23918.75;73
20250910 081100;23918.5;23922.25;23918;23921.5;89
20250910 081200;23921.5;23925;23921;23925;69
20250910 081300;23925.25;23928.5;23924.5;23927.25;99
20250910 081400;23927.5;23929.5;23927.5;23928.75;63
20250910 081500;23929;23929.25;23927;23928.25;62
20250910 081600;23928.25;23930.5;23928.25;23929.75;69
20250910 081700;23929.5;23931.75;23929.5;23930.5;70
20250910 081800;23930.75;23930.75;23928;23928.75;52
20250910 081900;23928.5;23928.75;23922.5;23922.5;83
20250910 082000;23922.75;23925;23921.5;23921.5;42
20250910 082100;23921.25;23921.5;23913.75;23914.25;150
20250910 082200;23914;23914.25;23912;23912.75;116
20250910 082300;23913.25;23915.75;23910;23910;152
20250910 082400;23909.5;23917.75;23908.5;23917;153
20250910 082500;23917;23917.25;23914.75;23917.25;41
20250910 082600;23916.75;23920;23916.25;23918.5;54
20250910 082700;23918.25;23920;23916.25;23919.5;34
20250910 082800;23919.75;23919.75;23914.75;23915.5;53
20250910 082900;23914.75;23917.25;23910.25;23911.25;76
20250910 083000;23911.75;23912.75;23910;23910;57
20250910 083100;23910.5;23912.25;23909;23912.25;97
20250910 083200;23911.25;23911.5;23904;23904.75;190
20250910 083300;23904.25;23904.75;23900.75;23901.5;191
20250910 083400;23902.25;23903;23893;23894;220
20250910 083500;23894.75;23897.25;23893.5;23895.75;141
20250910 083600;23895;23895.5;23888.5;23889.25;177
20250910 083700;23889.25;23894;23889.25;23892.75;114
20250910 083800;23892;23893.75;23888.5;23893.75;139
20250910 083900;23894;23900.25;23893.5;23900.25;99
20250910 084000;23899.75;23900.25;23898.5;23898.5;41
20250910 084100;23899;23899;23896.25;23897.5;81
20250910 084200;23898;23898.25;23894;23894.5;55
20250910 084300;23894.75;23895.75;23893;23894.5;47
20250910 084400;23895.25;23897.25;23891.5;23892;88
20250910 084500;23892.5;23893.25;23890.75;23891.75;36
20250910 084600;23891.25;23892.75;23888;23892.5;162
20250910 084700;23892;23893.75;23890.25;23890.75;72
20250910 084800;23890.5;23890.75;23887.25;23888.5;77
20250910 084900;23888;23902.5;23888;23900.75;649
20250910 085000;23900.5;23904;23899.25;23902.5;685
20250910 085100;23902.75;23904.75;23897;23898.5;758
20250910 085200;23898.75;23900;23895;23895.5;104
20250910 085300;23895.5;23897;23894;23894.75;54
20250910 085400;23894.5;23898;23893.75;23894;126
20250910 085500;23894;23894;23891.75;23892;68
20250910 085600;23892.25;23897.75;23892.25;23897.25;127
20250910 085700;23897;23897.25;23893.5;23894;40
20250910 085800;23894;23896.25;23893;23894.25;41
20250910 085900;23894;23896;23892.5;23895.25;68
20250910 090000;23895.25;23898.75;23895.25;23895.75;56
20250910 090100;23896;23900.75;23894.5;23896.5;183
20250910 090200;23895.75;23895.75;23887.5;23893.5;284
20250910 090300;23893.75;23894.5;23889.25;23890.25;168
20250910 090400;23890.5;23891.75;23888.25;23890.25;65
20250910 090500;23889.75;23890.25;23887.5;23889.5;55
20250910 090600;23888.75;23895;23887.75;23895;86
20250910 090700;23895.5;23895.75;23889.75;23890.5;91
20250910 090800;23890.25;23891;23888.25;23888.75;68
20250910 090900;23889;23891.5;23889;23890.5;57
20250910 091000;23890.25;23892.5;23888.5;23889.25;65
20250910 091100;23889;23889.5;23885.25;23887.25;108
20250910 091200;23887.25;23893.5;23887.25;23890.25;106
20250910 091300;23890;23894.25;23889.75;23894;95
20250910 091400;23893;23893.5;23891.25;23893;25
20250910 091500;23893.75;23895.75;23892.5;23894.25;89
20250910 091600;23893.75;23893.75;23888.25;23888.5;87
20250910 091700;23889.25;23890.5;23888;23890.5;59
20250910 091800;23889.75;23889.75;23883.5;23884.75;111
20250910 091900;23885;23886.5;23883.75;23884.25;50
20250910 092000;23884;23885.5;23883;23884;60
20250910 092100;23883.25;23884.5;23882.25;23882.25;50
20250910 092200;23882.5;23887.5;23882.5;23885.75;49
20250910 092300;23887;23889;23886.75;23889;47
20250910 092400;23889;23889.75;23885.5;23887.25;38
20250910 092500;23886.25;23889;23886.25;23888.25;34
20250910 092600;23889;23892;23889;23892;96
20250910 092700;23892;23894;23891;23892.5;64
20250910 092800;23892.25;23894;23891.75;23893.5;53
20250910 092900;23893.75;23894.5;23890.5;23891.25;39
20250910 093000;23891;23891;23888.25;23888.5;50
20250910 093100;23889;23891.75;23888.75;23891.5;44
20250910 093200;23892.25;23894.25;23891.25;23893.75;29
20250910 093300;23894;23894;23886;23886.25;79
20250910 093400;23886.5;23889;23885.75;23887.75;38
20250910 093500;23888.25;23889.25;23888.25;23889.25;21
20250910 093600;23889.25;23892.25;23889.25;23891.5;55
20250910 093700;23891.5;23894.25;23891.25;23893.5;40
20250910 093800;23893.25;23897;23893;23896;74
20250910 093900;23895.5;23895.75;23893.5;23894.25;55
20250910 094000;23893.75;23894;23892;23894;49
20250910 094100;23893.75;23894.25;23891;23893;69
20250910 094200;23892.5;23896.5;23892.5;23896;46
20250910 094300;23897;23899.25;23896.75;23898.75;70
20250910 094400;23899;23899.5;23897.5;23898.75;35
20250910 094500;23898.5;23901.75;23898;23901.25;79
20250910 094600;23901.25;23905.25;23900.5;23905.25;117
20250910 094700;23904.75;23904.75;23900.5;23903.5;101
20250910 094800;23903.5;23904.75;23902;23903.75;68
20250910 094900;23904.25;23906.25;23904;23906.25;50
20250910 095000;23906.25;23907.5;23905.75;23907.25;53
20250910 095100;23907.25;23908;23906.75;23908;32
20250910 095200;23907.25;23908;23904.25;23906.75;91
20250910 095300;23906.5;23908.75;23906;23907.75;67
20250910 095400;23908.25;23910.25;23907.25;23909;106
20250910 095500;23908;23908.75;23907.5;23907.5;30
20250910 095600;23907.5;23907.5;23905.5;23905.75;46
20250910 095700;23905.5;23908.5;23905.5;23908.5;41
20250910 095800;23908.75;23909.5;23907.5;23908.25;36
20250910 095900;23908;23909.75;23907;23908;61
20250910 100000;23907.75;23909.25;23907.25;23909.25;57
20250910 100100;23908;23909;23906.5;23906.75;36
20250910 100200;23907;23907;23903.5;23904.75;57
20250910 100300;23905.75;23907.5;23905.75;23906.75;58
20250910 100400;23907;23908.5;23906.25;23908.5;47
20250910 100500;23908.25;23908.25;23906;23907.5;43
20250910 100600;23907.25;23909;23906.25;23909;24
20250910 100700;23909.25;23910;23908.25;23908.25;17
20250910 100800;23907.75;23908.25;23906.75;23908;28
20250910 100900;23908.5;23909.5;23905.5;23908.5;41
20250910 101000;23908.75;23910.5;23908.75;23910.5;44
20250910 101100;23910.5;23913;23910;23911.5;104
20250910 101200;23911.25;23914.25;23910.5;23914;89
20250910 101300;23913.25;23914.75;23912;23913.25;57
20250910 101400;23913.5;23915.5;23913;23915;100
20250910 101500;23915.25;23915.5;23912.5;23913.75;96
20250910 101600;23914;23914;23909.25;23911.75;97
20250910 101700;23911.25;23911.25;23908;23908.5;29
20250910 101800;23908.25;23908.25;23906.75;23907;47
20250910 101900;23907.25;23909;23906.75;23909;43
20250910 102000;23909.25;23912.75;23908.75;23912.25;97
20250910 102100;23911.25;23911.25;23907.5;23907.5;67
20250910 102200;23908;23914;23908;23912.75;68
20250910 102300;23912.75;23914.75;23912;23913.5;40
20250910 102400;23913.25;23914;23910.5;23913.25;112
20250910 102500;23913.5;23917;23913;23916.5;127
20250910 102600;23916.25;23918.25;23915.75;23917.75;118
20250910 102700;23917;23920.75;23917;23919.75;97
20250910 102800;23919.75;23921;23916.75;23919;124
20250910 102900;23919.25;23919.5;23917.25;23918.5;39
20250910 103000;23918.25;23919.75;23916;23919.75;96
20250910 103100;23919;23922.75;23919;23921;127
20250910 103200;23920.5;23924.75;23919.25;23923.75;154
20250910 103300;23923.25;23924.5;23922;23922.25;57
20250910 103400;23922.75;23923;23917;23918.75;82
20250910 103500;23918.75;23919;23916.75;23918.75;113
20250910 103600;23918.5;23920.25;23917.5;23920;52
20250910 103700;23920.25;23924.5;23918.5;23924.25;70
20250910 103800;23924;23926.25;23923.25;23923.75;118
20250910 103900;23923.25;23924.5;23921;23924.5;77
20250910 104000;23924.5;23924.5;23923;23923.5;26
20250910 104100;23923.25;23923.5;23919.75;23920.5;91
20250910 104200;23920.75;23922;23920.5;23922;43
20250910 104300;23922.25;23925.5;23922.25;23924.25;96
20250910 104400;23924;23925.75;23924;23925.5;33
20250910 104500;23925.75;23926.75;23925.5;23926;20
20250910 104600;23925.25;23926;23925.25;23925.25;24
20250910 104700;23925;23925;23921.5;23921.5;45
20250910 104800;23921;23925.25;23920.75;23925.25;52
20250910 104900;23925.75;23926.25;23921.25;23921.25;58
20250910 105000;23921.75;23923;23921;23921.75;24
20250910 105100;23922.25;23924;23921.75;23924;20
20250910 105200;23923.75;23925.5;23923.5;23925.5;29
20250910 105300;23925.5;23926.25;23921;23925.5;110
20250910 105400;23924.75;23926;23924.5;23925.25;25
20250910 105500;23925.5;23925.5;23924;23925.25;61
20250910 105600;23925.5;23925.75;23924.5;23925.25;72
20250910 105700;23925.5;23926.5;23924.25;23925.25;81
20250910 105800;23925.25;23925.25;23921.75;23922.25;63
20250910 105900;23921.75;23923.25;23921.75;23922.75;33
20250910 110000;23922.25;23925;23921.75;23924.75;54
20250910 110100;23925;23928;23924.5;23925.5;115
20250910 110200;23925;23925.25;23923.5;23924.5;38
20250910 110300;23925;23925;23923;23924.25;87
20250910 110400;23924.75;23926;23922.5;23922.75;66
20250910 110500;23923;23927;23922.75;23926.25;83
20250910 110600;23926.5;23927;23925.25;23927;39
20250910 110700;23926.5;23926.75;23925.25;23925.5;27
20250910 110800;23926;23928;23925.5;23926.75;105
20250910 110900;23927;23927.25;23925.75;23926.5;29
20250910 111000;23925.5;23927.25;23925.5;23927;24
20250910 111100;23926.75;23926.75;23924.25;23926;72
20250910 111200;23926;23926;23923.75;23926;43
20250910 111300;23926;23929.25;23925.5;23929.25;97
20250910 111400;23928.5;23929.5;23928;23928.5;54
20250910 111500;23928.75;23928.75;23926.75;23928;64
20250910 111600;23928;23930;23923.25;23923.75;176
20250910 111700;23924;23928.5;23922.5;23925.5;182
20250910 111800;23925.75;23929.75;23925.75;23928.75;58
20250910 111900;23929.25;23930.5;23928;23929.5;94
20250910 112000;23929;23931.25;23927.5;23930;49
20250910 112100;23929.75;23935.5;23929.5;23934.5;156
20250910 112200;23934.5;23935;23930.5;23933;127
20250910 112300;23932.5;23933.5;23930.25;23930.75;64
20250910 112400;23930.5;23933.25;23925.5;23926;212
20250910 112500;23926.5;23928;23926;23927;34
20250910 112600;23926.75;23927;23923.25;23923.75;123
20250910 112700;23923.5;23926.75;23923.5;23926;79
20250910 112800;23926.25;23928.5;23924;23927.5;109
20250910 112900;23927.75;23930;23927;23929.25;77
20250910 113000;23929.25;23929.5;23927;23927.5;85
20250910 113100;23928.25;23929.5;23927.75;23929.25;46
20250910 113200;23929.5;23931;23928.75;23930.5;58
20250910 113300;23930.75;23931.25;23928;23929.25;79
20250910 113400;23929.5;23933.25;23928.25;23932.5;145
20250910 113500;23933.25;23936;23932;23935.75;263
20250910 113600;23935.75;23939.5;23935;23939.25;217
20250910 113700;23939.25;23946;23937.5;23944.5;329
20250910 113800;23945;23946.5;23941.5;23942.25;184
20250910 113900;23941.75;23945.5;23941.25;23944.25;87
20250910 114000;23943.75;23947.75;23943.5;23945;172
20250910 114100;23945.25;23951;23944.5;23949;227
20250910 114200;23948.75;23950.25;23948;23949;71
20250910 114300;23949;23953.5;23948.75;23953.5;232
20250910 114400;23953.5;23954;23950;23952.25;239
20250910 114500;23952.5;23955;23952;23954.25;145
20250910 114600;23954;23957;23951.25;23956.25;231
20250910 114700;23956.5;23957.5;23954.75;23955.75;101
20250910 114800;23955.75;23957.5;23952.75;23954.5;107
20250910 114900;23954.5;23956;23952.5;23953.75;84
20250910 115000;23953.5;23954;23951.25;23952.5;95
20250910 115100;23952.25;23954;23951.75;23952.5;63
20250910 115200;23952.25;23954.25;23951.5;23952.25;129
20250910 115300;23952.75;23954.75;23951.75;23954;108
20250910 115400;23953.75;23954;23950.25;23951;67
20250910 115500;23950.5;23951;23948.5;23950.5;70
20250910 115600;23951;23953.75;23951;23952.5;75
20250910 115700;23952.25;23953.5;23949.25;23950;71
20250910 115800;23950.25;23950.25;23948.75;23949;48
20250910 115900;23949.75;23951.25;23947.75;23948.5;93
20250910 120000;23949;23949.75;23948;23948.25;55
20250910 120100;23948.5;23949.25;23942;23942.5;232
20250910 120200;23942.75;23949.75;23942.5;23949;144
20250910 120300;23949.5;23950.25;23947;23949.75;99
20250910 120400;23949.75;23959.5;23949.5;23958.75;433
20250910 120500;23958.25;23962.75;23957.5;23962.5;290
20250910 120600;23962.5;23964.5;23959.25;23960.75;295
20250910 120700;23960.25;23961.75;23952.5;23955.25;660
20250910 120800;23956;23959.5;23956;23958;75
20250910 120900;23957.5;23958.75;23956.75;23958;50
20250910 121000;23957.75;23959.75;23957.25;23958.75;61
20250910 121100;23959;23959.5;23956.5;23957.25;104
20250910 121200;23957.25;23957.75;23954.75;23954.75;75
20250910 121300;23954.5;23957.5;23954.5;23955.75;70
20250910 121400;23956.25;23957;23953.25;23956.25;106
20250910 121500;23956;23956;23947.5;23948.25;158
20250910 121600;23948;23948.25;23945.75;23946.25;119
20250910 121700;23947;23948;23942.75;23943;92
20250910 121800;23943.5;23946.25;23941.5;23943.75;165
20250910 121900;23943.75;23949;23943;23947.75;180
20250910 122000;23947.25;23950.25;23945;23949.5;123
20250910 122100;23948.75;23949.5;23945.75;23946.5;108
20250910 122200;23946.5;23948.75;23946.5;23947.5;64
20250910 122300;23948;23949;23944;23945.25;121
20250910 122400;23945.25;23946.75;23943.5;23945.25;60
20250910 122500;23945.75;23946.25;23938.25;23938.25;254
20250910 122600;23938.5;23943;23934.25;23939.5;271
20250910 122700;23939.5;23942;23937.5;23938.25;126
20250910 122800;23938;23940.5;23937.75;23940;88
20250910 122900;23940.25;23942.75;23939;23940;142
20250910 123000;23940.25;23943.75;23937.75;23939;249
20250910 123100;23938;24044.25;23926.5;23990.25;3186
20250910 123200;23989.75;23997;23974;23977.25;1459
20250910 123300;23977;23992;23974;23988.75;978
20250910 123400;23988;24002.75;23987.25;24000.75;850
20250910 123500;24000.75;24022;24000.75;24020.5;1362
20250910 123600;24020.25;24024;24007;24009.75;915
20250910 123700;24010.25;24018.5;24006;24008.25;791
20250910 123800;24008.5;24012;23992.25;23993.75;778
20250910 123900;23993.75;24006.5;23993.25;23999.75;724
20250910 124000;24000;24004.5;23995.25;24002.5;442
20250910 124100;24002.75;24006.5;23998.25;24003.5;390
20250910 124200;24004;24008.75;23997.75;24007.25;508
20250910 124300;24007.25;24008.5;24001.5;24004.25;439
20250910 124400;24003;24003;23996.25;23998.25;349
20250910 124500;23997.75;24010.75;23997.75;24010.75;346
20250910 124600;24010.75;24014.25;23998.75;24002;719
20250910 124700;24002.5;24006;23999;24000.5;305
20250910 124800;24001;24007.5;23996.5;24001.75;537
20250910 124900;24002.25;24005;23998;24001.25;420
20250910 125000;24001.5;24009.25;23998.75;24002;349
20250910 125100;24001.5;24003.75;23995.25;23997;360
20250910 125200;23997.5;24006;23996;24003.5;278
20250910 125300;24003.25;24007;23996.75;23997.75;380
20250910 125400;23998.25;24005.5;23996.5;24004.5;259
20250910 125500;24004.25;24007;23997.75;23999.25;332
20250910 125600;23999.25;24005.25;23997.5;24003.75;138
20250910 125700;24003.25;24003.75;24001;24001.5;94
20250910 125800;24000.5;24005.75;23998;23999.75;234
20250910 125900;24000;24005;24000;24004.75;141
20250910 130000;24004;24006.5;24002.25;24004.25;202
20250910 130100;24004.5;24005.75;23993.25;23994.5;425
20250910 130200;23994.75;23995.5;23984.25;23987.75;686
20250910 130300;23987;23991.5;23986.75;23989.5;274
20250910 130400;23988.75;23991.25;23978.75;23980;462
20250910 130500;23979.75;23989.5;23977.75;23985;442
20250910 130600;23984.75;23988.25;23980.75;23984.75;279
20250910 130700;23984.5;23985.5;23978.5;23985.5;285
20250910 130800;23985;23988.25;23981.5;23984.75;294
20250910 130900;23985.25;23988.5;23983.75;23988;190
20250910 131000;23987.25;23990;23985.75;23988.75;171
20250910 131100;23989.5;23993;23986;23991.75;296
20250910 131200;23992;23993.5;23990.25;23992.75;256
20250910 131300;23992.5;24002.25;23992.25;24001;573
20250910 131400;24000.25;24000.75;23996.5;23998;328
20250910 131500;23998.5;24001.25;23997.25;23998.5;203
20250910 131600;23998.25;24004.25;23997.75;24001;395
20250910 131700;24000.5;24008;24000.5;24006.5;468
20250910 131800;24006.5;24008.5;24003.75;24006;316
20250910 131900;24005.75;24007.5;24002.75;24006.5;251
20250910 132000;24007.25;24010;24005.75;24007.75;374
20250910 132100;24007.5;24012.5;24007.5;24009.75;384
20250910 132200;24009.75;24012;24007.75;24011;239
20250910 132300;24010.75;24011.5;24004.25;24005.25;236
20250910 132400;24005.5;24009.5;24005.5;24007.5;233
20250910 132500;24007;24009.25;24005.25;24006;205
20250910 132600;24006.75;24009;24002.25;24007.25;665
20250910 132700;24007.5;24014.5;24006.75;24011.25;410
20250910 132800;24010.75;24015;24007.5;24013.25;963
20250910 132900;24014;24014.5;24000;24003.75;1019
20250910 133000;24004;24004.5;23996;23998.25;975
20250910 133100;23998.5;24000.5;23941.25;23942.25;7450
20250910 133200;23943.25;23961;23939.75;23945.75;4639
20250910 133300;23945.75;23953;23931.75;23938.25;3375
20250910 133400;23938;23958.25;23937;23953.25;2811
20250910 133500;23953.5;23967.25;23949;23962.75;2770
20250910 133600;23962.25;23973;23954;23964.5;2985
20250910 133700;23964.25;23976;23952.25;23953.5;2868
20250910 133800;23954;23965.25;23939.75;23943.25;3231
20250910 133900;23943.5;23949.5;23935;23941.75;2409
20250910 134000;23941.5;23945.5;23925.25;23940.5;2845
20250910 134100;23940.5;23944.75;23922.75;23929.25;2604
20250910 134200;23928.5;23937;23923.5;23927.5;2330
20250910 134300;23927.75;23931.5;23917.75;23921.75;2867
20250910 134400;23922;23950.5;23922;23943.75;2651
20250910 134500;23943.75;23952;23929.75;23931.25;1949
20250910 134600;23931;23932.25;23910.25;23922;3512
20250910 134700;23921.5;23946.75;23920.75;23937.75;2199
20250910 134800;23938;23938.5;23915.5;23924;2549
20250910 134900;23924.5;23943.25;23922.5;23937.25;1979
20250910 135000;23936.75;23945.25;23932.5;23944.5;1387
20250910 135100;23944.5;23953;23932;23937;2299
20250910 135200;23937.5;23940.5;23900.25;23914;4380
20250910 135300;23915.25;23925.25;23912;23924.75;1853
20250910 135400;23924.25;23939.25;23915.75;23938.25;1877
20250910 135500;23938;23942.75;23913.5;23915.75;1977
20250910 135600;23916;23928.25;23905;23915.5;2156
20250910 135700;23915.75;23930.5;23915.75;23926.5;1126
20250910 135800;23927;23936;23926.25;23933.75;1216
20250910 135900;23933.25;23933.75;23921.25;23926.5;1001
20250910 140000;23926.5;23932;23923.5;23930.25;970
20250910 140100;23930.75;23947.75;23924.75;23947.25;1914
20250910 140200;23947.25;23953.75;23941.75;23951.75;2039
20250910 140300;23951.75;23963.25;23948;23956.25;1770
20250910 140400;23956.25;23970;23950.25;23966.75;1566
20250910 140500;23966.75;23969.25;23960.5;23963;1367
20250910 140600;23963.25;23970.75;23962.5;23969;1162
20250910 140700;23969.25;23975.5;23962.75;23970.25;1966
20250910 140800;23969.75;23976;23964.5;23968.25;1244
20250910 140900;23968.75;23977;23955.25;23959.25;2610
20250910 141000;23960.25;23960.5;23945;23954.25;1733
20250910 141100;23954;23962.75;23946.25;23954.25;2251
20250910 141200;23954.5;23961.75;23948.25;23953.5;1101
20250910 141300;23954;23968.25;23953.5;23966.25;1367
20250910 141400;23966;23972;23964.5;23966.25;1569
20250910 141500;23966.25;23967.25;23954;23958.5;1225
20250910 141600;23958.25;23969.25;23957.75;23968;1149
20250910 141700;23967.75;23975;23964.25;23969.75;1033
20250910 141800;23971;23976.5;23967.5;23969;1207
20250910 141900;23969;23970.5;23948.75;23949.5;1648
20250910 142000;23949.75;23970.25;23949.5;23969.75;1246
20250910 142100;23969.75;23975.5;23962.75;23965.25;1799
20250910 142200;23965.5;23973;23960.25;23966.75;812
20250910 142300;23967.25;23975.75;23964.75;23971.75;735
20250910 142400;23972;23979;23969;23970.75;1103
20250910 142500;23971.25;23984.25;23966.5;23982.25;1436
20250910 142600;23982;23983;23976.25;23982.75;1090
20250910 142700;23983.75;23985.75;23976.75;23981.25;1098
20250910 142800;23981.5;23984.5;23977.25;23977.25;1146
20250910 142900;23977.5;23983.25;23962.5;23964.75;1604
20250910 143000;23965.25;23966.75;23959.75;23964.75;1174
20250910 143100;23963.75;23975.5;23960.5;23970.5;1487
20250910 143200;23970.75;23977;23968.25;23975;856
20250910 143300;23975.25;23981.75;23974;23977.5;931
20250910 143400;23977.25;23979.5;23963.75;23966.25;1471
20250910 143500;23966;23974.25;23965.5;23969.25;902
20250910 143600;23969.5;23982.5;23968.75;23978.25;1015
20250910 143700;23977.75;23982;23964;23966.5;1429
20250910 143800;23967;23976;23965.5;23967.75;1012
20250910 143900;23968;23972;23957.5;23963.5;1107
20250910 144000;23963.5;23975.5;23962;23971.25;1065
20250910 144100;23970.75;23976.75;23967;23971.5;912
20250910 144200;23971.75;23976.25;23962.75;23975;1123
20250910 144300;23974.25;23980.75;23973.25;23976.25;1379
20250910 144400;23976.5;23981.25;23973.25;23978.5;757
20250910 144500;23978.75;23981.75;23975.25;23977;755
20250910 144600;23976.75;23979.5;23973.25;23977.75;859
20250910 144700;23977.5;23981.25;23972;23979.5;901
20250910 144800;23979.25;23991;23977.75;23984.5;1696
20250910 144900;23985;23986.75;23973.5;23982;992
20250910 145000;23982;23984.75;23975.5;23977.75;729
20250910 145100;23978;23987.25;23970.5;23973;1475
20250910 145200;23973;23983;23968.25;23970.75;1173
20250910 145300;23971;23974;23965.25;23966.25;1047
20250910 145400;23966.25;23969.25;23963.5;23965.75;795
20250910 145500;23966.25;23970.75;23959;23970;972
20250910 145600;23969.5;23983.5;23969;23980.75;1154
20250910 145700;23980.5;23981;23967.75;23968.5;907
20250910 145800;23969;23979.75;23968;23968;705
20250910 145900;23968.75;23970.25;23958.5;23960.25;1120
20250910 150000;23960.75;23970.5;23960.75;23966.75;732
20250910 150100;23966.75;23976.75;23966;23974.5;1080
20250910 150200;23975.5;23979;23974;23978.5;644
20250910 150300;23978;23978.75;23968;23971.75;681
20250910 150400;23972;23973.75;23966.25;23967;633
20250910 150500;23966.75;23972;23960;23970.75;1031
20250910 150600;23970.75;23971;23963.25;23964.75;698
20250910 150700;23964.5;23970.25;23964.5;23966.75;451
20250910 150800;23966.5;23974.5;23964.75;23972.25;597
20250910 150900;23972.5;23975.75;23964.75;23970;751
20250910 151000;23970;23973;23959;23967.5;1966
20250910 151100;23967.75;23976;23967;23969.75;1038
20250910 151200;23970;23973.25;23966;23971.5;577
20250910 151300;23971.5;23978.25;23971;23971.25;782
20250910 151400;23971.25;23975.75;23969.25;23971.75;500
20250910 151500;23972;23972.5;23966.5;23969;578
20250910 151600;23969;23969.5;23959.25;23961.75;925
20250910 151700;23961.75;23967;23946.25;23949.75;2183
20250910 151800;23949.75;23959;23949.75;23956.5;1289
20250910 151900;23956.25;23957.25;23938.75;23941.5;1640
20250910 152000;23942;23945.5;23936;23938.75;1446
20250910 152100;23938.25;23941.5;23927.75;23930;2162
20250910 152200;23930.75;23936.5;23928;23933.75;1323
20250910 152300;23933.25;23933.25;23926.25;23928.5;1051
20250910 152400;23929;23937.25;23928.5;23929.5;1152
20250910 152500;23929.5;23936.5;23926;23935;965
20250910 152600;23934.75;23935.25;23922.5;23927.75;1469
20250910 152700;23927.25;23939.75;23926.5;23939;1170
20250910 152800;23938.75;23942.25;23931.75;23932.25;1076
20250910 152900;23933.5;23947.25;23933.5;23946.25;993
20250910 153000;23945.75;23949.5;23940.75;23942.25;923
20250910 153100;23943.5;23947;23930.75;23932;1240
20250910 153200;23932;23940.5;23932;23933.5;992
20250910 153300;23934.25;23934.75;23923;23924.5;1149
20250910 153400;23925;23931.75;23924.75;23928;917
20250910 153500;23928;23936;23925.25;23933.5;775
20250910 153600;23933.25;23933.5;23927.75;23930;507
20250910 153700;23930.25;23937.25;23930;23932.25;729
20250910 153800;23932.25;23940.25;23929.5;23938.75;592
20250910 153900;23939;23949.25;23937.5;23948.5;847
20250910 154000;23948.75;23952.75;23946.5;23948.5;1174
20250910 154100;23948.25;23952.75;23944;23949;815
20250910 154200;23949.25;23954.75;23945;23954;666
20250910 154300;23954;23955.25;23949;23952.5;638
20250910 154400;23952.75;23953.25;23946.25;23949;475
20250910 154500;23948.75;23955.75;23948.5;23955.25;736
20250910 154600;23955;23961.75;23951.75;23959.75;876
20250910 154700;23960.25;23961;23949;23955.75;899
20250910 154800;23955.25;23955.25;23948.5;23950.75;592
20250910 154900;23950.25;23953.75;23948.25;23949.5;490
20250910 155000;23949.5;23960.5;23948.25;23960.25;1363
20250910 155100;23960.25;23965;23958;23963.75;848
20250910 155200;23963.5;23966;23960.5;23965.5;613
20250910 155300;23965.5;23969.5;23964.75;23966.5;887
20250910 155400;23967;23968;23960.75;23965;670
20250910 155500;23965.25;23968.75;23963.75;23968;626
20250910 155600;23967.75;23968.25;23965.25;23966.25;473
20250910 155700;23965.75;23966.25;23959.25;23963;711
20250910 155800;23963;23966;23962;23962.5;500
20250910 155900;23962;23963;23952.5;23953.25;862
20250910 160000;23953;23957.25;23949.5;23949.75;872
20250910 160100;23950.25;23950.75;23939.5;23944.5;1425
20250910 160200;23945.25;23946.25;23935;23938.5;810
20250910 160300;23938.5;23942;23928.75;23929.5;1037
20250910 160400;23929.5;23934.75;23928.25;23931;963
20250910 160500;23931;23937.5;23929;23932;709
20250910 160600;23932.25;23937.75;23928.5;23929.5;908
20250910 160700;23930;23935.75;23928.5;23932;515
20250910 160800;23931.5;23938;23925;23926;814
20250910 160900;23926.25;23930;23924.5;23925.25;507
20250910 161000;23925.25;23933.5;23923.5;23932;578
20250910 161100;23932.25;23939.5;23931.5;23936.75;748
20250910 161200;23937;23940.25;23931.25;23936;697
20250910 161300;23936.25;23939.75;23934.75;23936.75;374
20250910 161400;23936.75;23941.5;23931.25;23940;521
20250910 161500;23940;23940;23932.5;23933;351
20250910 161600;23932.5;23940.25;23928.75;23939;808
20250910 161700;23938.5;23941;23936;23939;487
20250910 161800;23938.5;23939.5;23928.5;23929.25;736
20250910 161900;23929.5;23933.25;23929;23931.75;507
20250910 162000;23932;23934.75;23919;23919.5;1312
20250910 162100;23919.75;23923;23913;23919;1108
20250910 162200;23918.5;23922;23915.75;23916.75;600
20250910 162300;23917;23918;23907.25;23909.5;1091
20250910 162400;23909.5;23915.75;23904.5;23915.75;940
20250910 162500;23915.75;23922.75;23915.75;23919.75;696
20250910 162600;23920.25;23925.5;23918;23918;854
20250910 162700;23918;23923.25;23914.75;23918.5;581
20250910 162800;23918.75;23921.25;23914.75;23917.25;451
20250910 162900;23917;23918.75;23914.75;23915.5;362
20250910 163000;23915.75;23921.25;23914.75;23917.25;509
20250910 163100;23917;23923.5;23917;23920.25;654
20250910 163200;23920;23925.25;23918.25;23920.5;636
20250910 163300;23920.25;23926.75;23919;23924.5;545
20250910 163400;23923.75;23924.75;23917.25;23920.25;386
20250910 163500;23921.25;23926.75;23921;23924.75;410
20250910 163600;23924.25;23924.5;23918.75;23922.5;380
20250910 163700;23922.75;23926.5;23918.25;23920;375
20250910 163800;23919.5;23922.5;23917.5;23918.75;271
20250910 163900;23919;23920.75;23917;23919.75;371
20250910 164000;23919.25;23919.5;23912;23913.75;762
20250910 164100;23914.25;23915;23904.25;23908;1043
20250910 164200;23908;23914.5;23906;23910.5;573
20250910 164300;23910.25;23918;23908.25;23908.5;526
20250910 164400;23908.75;23911.5;23906;23910.5;540
20250910 164500;23910.25;23910.25;23901;23902.25;851
20250910 164600;23902.75;23905.75;23899.25;23903.5;1176
20250910 164700;23904.25;23908.5;23903.25;23905.75;588
20250910 164800;23905.25;23909;23900.25;23907.5;675
20250910 164900;23906.75;23910.5;23903.5;23903.5;646
20250910 165000;23903.25;23906;23897.25;23900.75;644
20250910 165100;23901;23909.75;23898.5;23909;797
20250910 165200;23908.5;23914.75;23905;23913.5;803
20250910 165300;23913;23915;23909.75;23912.75;559
20250910 165400;23913;23914.5;23909;23912.5;536
20250910 165500;23913;23913.75;23910;23911;321
20250910 165600;23911.5;23923.25;23911.5;23921.25;826
20250910 165700;23921.25;23922.25;23913.75;23915.75;604
20250910 165800;23916;23926.5;23915.5;23924.5;811
20250910 165900;23924.5;23926.5;23922.75;23925;510
20250910 170000;23924.75;23925.5;23921.75;23924.5;413
20250910 170100;23924;23930.25;23920.75;23930.25;995
20250910 170200;23930.25;23930.25;23919.75;23923.5;644
20250910 170300;23923.25;23940.25;23922.75;23933;2845
20250910 170400;23932.75;23934.25;23927.5;23927.75;711
20250910 170500;23928;23933.25;23927.25;23928.75;381
20250910 170600;23929;23932.25;23927.25;23929.5;419
20250910 170700;23930;23932;23923.5;23925.5;900
20250910 170800;23925.75;23926;23920.75;23922;754
20250910 170900;23922;23929.5;23922;23929.25;437
20250910 171000;23929.25;23932;23926.5;23931.25;385
20250910 171100;23930.75;23931.25;23926.25;23930.25;257
20250910 171200;23930.5;23931.5;23923.75;23926;446
20250910 171300;23926.25;23932;23926.25;23930.75;501
20250910 171400;23931.5;23931.5;23924.75;23925.25;449
20250910 171500;23925.25;23927;23923;23924.25;361
20250910 171600;23925;23926.25;23922;23923.5;329
20250910 171700;23923.5;23925.5;23919.5;23920;414
20250910 171800;23920.25;23924.75;23918.25;23923.5;504
20250910 171900;23922.75;23924.5;23916.75;23917.25;445
20250910 172000;23917.5;23918;23910.5;23912;834
20250910 172100;23912;23916.75;23906.5;23907.5;720
20250910 172200;23907.75;23914.75;23903.5;23904;814
20250910 172300;23904;23906;23895.5;23897.25;1013
20250910 172400;23897.25;23898.75;23889.5;23891.25;1294
20250910 172500;23892;23899;23890.5;23897.5;562
20250910 172600;23897.25;23897.5;23887;23890.5;800
20250910 172700;23890.5;23895;23872.5;23882.25;1953
20250910 172800;23882.5;23885;23874.25;23877.75;1332
20250910 172900;23877.75;23882.5;23875.75;23881.5;729
20250910 173000;23882;23885;23878.75;23884.25;662
20250910 173100;23884.5;23886.25;23880.5;23882.75;1022
20250910 173200;23883;23885;23877.5;23881.25;583
20250910 173300;23881.25;23888.25;23880.5;23884.75;861
20250910 173400;23885.25;23891.25;23882.75;23891;715
20250910 173500;23890.75;23898;23888.25;23896.5;992
20250910 173600;23896.25;23903;23894.75;23896.5;833
20250910 173700;23897;23903.75;23894.5;23903.5;584
20250910 173800;23903.25;23906.5;23901.5;23901.5;702
20250910 173900;23902;23902.25;23888;23889.75;880
20250910 174000;23890;23896;23890;23891;536
20250910 174100;23890.75;23900;23887.5;23899.25;728
20250910 174200;23899;23906.75;23899;23903.75;877
20250910 174300;23904;23907;23901;23906.5;533
20250910 174400;23906.5;23907.5;23901.25;23903.25;330
20250910 174500;23903;23904.5;23897.25;23899.75;440
20250910 174600;23899;23899.75;23894.75;23896.25;342
20250910 174700;23896;23901.5;23895.25;23900.25;363
20250910 174800;23900;23900;23893.75;23894.25;462
20250910 174900;23894.5;23904.5;23894.5;23903.75;694
20250910 175000;23903.25;23905.5;23898;23902.5;596
20250910 175100;23903;23909.25;23902.75;23905.75;626
20250910 175200;23905;23907;23896;23898;633
20250910 175300;23898.25;23899.25;23891.25;23892.25;677
20250910 175400;23892.25;23895.75;23880.25;23882.25;1096
20250910 175500;23882.25;23893.5;23882.25;23891.5;607
20250910 175600;23891.25;23891.25;23881.25;23883.75;665
20250910 175700;23883.75;23887;23882.25;23884.25;701
20250910 175800;23884.5;23890.5;23884.5;23890.5;553
20250910 175900;23890;23899.25;23888;23895.25;985
20250910 180000;23895.25;23898.5;23893;23897.25;608
20250910 180100;23897.75;23899.75;23892.25;23893.5;639
20250910 180200;23893.5;23895;23890;23895;550
20250910 180300;23894.75;23898.5;23894.25;23896.5;547
20250910 180400;23896.25;23897.75;23893.5;23895.75;313
20250910 180500;23895.75;23898.5;23892;23893;356
20250910 180600;23892.5;23892.5;23884.75;23886.25;703
20250910 180700;23887;23888.25;23883.5;23886.5;433
20250910 180800;23887;23890.5;23884;23884.75;592
20250910 180900;23885;23887.5;23881.25;23885.25;603
20250910 181000;23885.75;23886;23881;23882;430
20250910 181100;23882.25;23888.75;23879.25;23887.75;599
20250910 181200;23887.75;23888.75;23883;23883.5;383
20250910 181300;23883.75;23886;23879.25;23880.25;525
20250910 181400;23879.75;23883;23876;23882;720
20250910 181500;23882;23890.5;23882;23888.25;637
20250910 181600;23887.75;23888;23881.25;23881.25;440
20250910 181700;23881.5;23882.25;23874.25;23876.25;896
20250910 181800;23876;23882.75;23875.25;23881;572
20250910 181900;23880.5;23880.5;23871;23873.75;829
20250910 182000;23874.25;23875;23857.25;23861;1812
20250910 182100;23861.25;23870;23858;23859.25;1242
20250910 182200;23858.5;23867.5;23857.5;23865.5;1038
20250910 182300;23865.75;23871.25;23862;23869.5;787
20250910 182400;23870;23870;23858;23861.75;826
20250910 182500;23862;23867.25;23856.75;23862.75;764
20250910 182600;23863;23863.75;23851.25;23854.75;1087
20250910 182700;23855;23856;23845.75;23853.75;1230
20250910 182800;23853.25;23855.75;23849;23854.75;794
20250910 182900;23855.5;23865.25;23855.5;23861.25;1255
20250910 183000;23861.5;23861.5;23852.5;23857.75;841
20250910 183100;23857.75;23861;23854.25;23857.75;930
20250910 183200;23857.5;23866;23857.25;23864;716
20250910 183300;23863.5;23865.5;23859.75;23861;572
20250910 183400;23861.5;23873.5;23861;23873;874
20250910 183500;23873;23879;23872.25;23878;813
20250910 183600;23877.75;23879.5;23872.5;23872.75;685
20250910 183700;23873;23873.75;23864.25;23865.25;747
20250910 183800;23865.5;23873;23865;23870.5;551
20250910 183900;23870;23872;23859;23861;820
20250910 184000;23861.25;23871;23858.75;23867;663
20250910 184100;23867.25;23876.75;23866.75;23874;752
20250910 184200;23874.25;23874.25;23867.5;23870.75;526
20250910 184300;23871;23871;23863;23867.25;459
20250910 184400;23867.5;23871.5;23863.75;23864.75;465
20250910 184500;23864.75;23870;23860.25;23861.25;482
20250910 184600;23861.5;23867.25;23860;23861;479
20250910 184700;23861.25;23863.5;23852;23855;829
20250910 184800;23855.25;23857.5;23846;23846;901
20250910 184900;23846.25;23852.75;23840;23842.75;1152
20250910 185000;23843;23849;23842;23848;583
20250910 185100;23848;23848.5;23840.25;23842.25;531
20250910 185200;23842.25;23846.75;23838;23840.25;637
20250910 185300;23840;23846;23838.25;23840.5;513
20250910 185400;23840;23844.5;23835.75;23842.5;804
20250910 185500;23842;23845;23839.75;23844.75;584
20250910 185600;23845;23854.25;23844;23851.5;895
20250910 185700;23850.75;23861.75;23848.75;23859.75;926
20250910 185800;23859.5;23865;23858;23863.25;640
20250910 185900;23863.25;23867.25;23862;23865.25;479
20250910 190000;23865.25;23866;23860;23862.25;615
20250910 190100;23862.5;23866.5;23859.75;23861.5;716
20250910 190200;23862.25;23865.5;23858.75;23860.5;496
20250910 190300;23860.75;23862.25;23848.25;23850.5;1059
20250910 190400;23850.5;23852.25;23838.5;23842.75;1116
20250910 190500;23842.75;23845;23840;23841.75;427
20250910 190600;23841.75;23850.25;23841;23847.5;914
20250910 190700;23847.5;23847.5;23832.5;23834.75;824
20250910 190800;23834.75;23842.5;23834.75;23837.25;635
20250910 190900;23836.75;23841.75;23830.5;23833;795
20250910 191000;23833.25;23834.5;23823.75;23829.25;1455
20250910 191100;23828.25;23834.25;23827;23830.5;864
20250910 191200;23830.25;23832.5;23826.25;23828.25;574
20250910 191300;23828.25;23829.25;23812.5;23812.75;1415
20250910 191400;23813.25;23815.75;23805;23810;1816
20250910 191500;23810.5;23813.5;23805;23806.5;940
20250910 191600;23806.75;23818.25;23804;23817;1831
20250910 191700;23816.75;23818.25;23808.5;23808.75;1079
20250910 191800;23809;23813.5;23801.5;23803.5;1244
20250910 191900;23803.75;23820.5;23803.5;23818.25;1414
20250910 192000;23818;23823.25;23815;23819.25;1036
20250910 192100;23819.25;23819.25;23801.25;23804.5;1412
20250910 192200;23804.5;23806.25;23785;23788.5;2350
20250910 192300;23789;23802.25;23789;23795.25;1151
20250910 192400;23794.75;23805;23794.75;23802;672
20250910 192500;23801.75;23806.25;23796.75;23805;765
20250910 192600;23805;23813.75;23803.75;23810;1112
20250910 192700;23809.5;23811.75;23803.25;23807.75;721
20250910 192800;23808.25;23809.75;23801.5;23803.75;731
20250910 192900;23804;23809;23801.25;23808;444
20250910 193000;23807;23815.5;23806.25;23809.5;789
20250910 193100;23810;23819.5;23809.25;23816.25;1108
20250910 193200;23816.25;23823.5;23815.25;23821.25;887
20250910 193300;23821.25;23835;23820.25;23834.5;1232
20250910 193400;23834.5;23840;23833.25;23835;1277
20250910 193500;23834.25;23839.75;23828.25;23829.5;997
20250910 193600;23830;23840.25;23829.75;23837.75;853
20250910 193700;23837.5;23838.5;23823.25;23823.75;761
20250910 193800;23824.5;23831.25;23821.75;23822.25;638
20250910 193900;23822.5;23825.5;23818.5;23821.25;633
20250910 194000;23821.5;23822.75;23812;23814.5;863
20250910 194100;23814.25;23821;23808.75;23818.75;1028
20250910 194200;23818.75;23838.5;23818.5;23835.25;1415
20250910 194300;23835.25;23837.75;23831.75;23837.25;595
20250910 194400;23837.5;23855.75;23837;23855.25;1733
20250910 194500;23855.25;23864.5;23852;23863;1444
20250910 194600;23863;23864.5;23850;23858.5;1729
20250910 194700;23858.75;23863.5;23852;23854.25;920
20250910 194800;23854.75;23862.75;23853.25;23861.5;1031
20250910 194900;23861.75;23867.75;23860.5;23863.75;1241
20250910 195000;23863.75;23865;23860.75;23863.75;905
20250910 195100;23863.75;23881.25;23863.25;23870;2900
20250910 195200;23870;23877.5;23867.25;23870;949
20250910 195300;23869;23874.25;23865.5;23872.25;777
20250910 195400;23873;23879.25;23872.25;23878;996
20250910 195500;23878.5;23883.25;23866.5;23869.5;1663
20250910 195600;23869.25;23882.25;23868.75;23880;1853
20250910 195700;23880;23886.75;23878.25;23886.25;885
20250910 195800;23886.5;23893;23885.5;23889;1406
20250910 195900;23889.25;23890.75;23885.25;23887.25;1069
20250910 200000;23887.5;23892.5;23873.75;23874;7146
20250910 200100;23874;23880.25;23866.25;23875.25;3177
20250910 200200;23875.5;23885.25;23871.25;23882;1205
20250910 200300;23882.25;23883.5;23875;23878.25;998
20250910 200400;23878;23880.75;23876.25;23880.25;539
20250910 200500;23879.75;23881;23877;23880.5;372
20250910 200600;23880.5;23881.5;23877.75;23879.75;416
20250910 200700;23879.25;23879.25;23875.5;23877.25;278
20250910 200800;23877.5;23877.75;23873;23875.5;368
20250910 200900;23874.75;23880;23873.5;23878.75;278
20250910 201000;23878.25;23881.25;23878.25;23878.75;235
20250910 201100;23878.75;23878.75;23873.5;23875.25;212
20250910 201200;23875.25;23875.5;23872;23874.75;258
20250910 201300;23874.75;23876.25;23871.75;23874.5;143
20250910 201400;23874.5;23874.5;23871.5;23872.5;114
20250910 201500;23872.25;23874.5;23870;23871;199
20250910 201600;23871.25;23872.75;23869;23869.25;216
20250910 201700;23869.75;23873.75;23868.5;23872.75;189
20250910 201800;23873;23875.75;23871.5;23872.25;238
20250910 201900;23872.5;23872.5;23867.25;23867.75;153
20250910 202000;23867.75;23871.5;23867.5;23870.25;122
20250910 202100;23869.75;23869.75;23867;23867;74
20250910 202200;23867.5;23869.5;23865.25;23866.25;182
20250910 202300;23866.5;23870;23866.25;23869.75;97
20250910 202400;23869.25;23870.5;23868;23868.25;79
20250910 202500;23869;23869.25;23867.5;23869.25;89
20250910 202600;23869.25;23872;23868.75;23870.25;146
20250910 202700;23870.5;23871.5;23869.5;23870.25;55
20250910 202800;23871.25;23873.5;23870.75;23873;87
20250910 202900;23873;23874.5;23871.25;23874;154
20250910 203000;23874;23875.5;23873.75;23874.5;164
20250910 203100;23874;23874.25;23871.75;23872.75;145
20250910 203200;23873.25;23874.5;23872;23872.25;67
20250910 203300;23872.5;23874;23871.75;23873.75;58
20250910 203400;23873.25;23873.25;23869.25;23869.75;90
20250910 203500;23870.25;23871.25;23869.75;23871.25;77
20250910 203600;23870.75;23873.5;23870.5;23873.25;87
20250910 203700;23873;23873.75;23872.5;23873.5;66
20250910 203800;23873;23874;23872;23872.25;48
20250910 203900;23872.25;23873.25;23869.5;23869.75;76
20250910 204000;23870.25;23871.25;23869.75;23871;29
20250910 204100;23870.75;23871.25;23869;23870.5;88
20250910 204200;23870.5;23870.5;23868.25;23869;68
20250910 204300;23869.25;23869.5;23867;23868.25;109
20250910 204400;23868;23869;23867;23868.5;50
20250910 204500;23869;23869.25;23867;23867.5;52
20250910 204600;23867.5;23867.75;23865.25;23865.25;116
20250910 204700;23865.25;23865.25;23861.75;23862.25;192
20250910 204800;23862.5;23862.75;23860;23860;114
20250910 204900;23860.5;23860.5;23858.5;23858.5;71
20250910 205000;23858.5;23859.5;23857.25;23857.75;85
20250910 205100;23857.75;23863.25;23857.75;23860.25;130
20250910 205200;23860.25;23860.25;23858;23858;54
20250910 205300;23858.25;23859.75;23857.5;23859.75;21
20250910 205400;23860;23860;23858;23858.5;36
20250910 205500;23859;23859.75;23858.75;23859.75;56
20250910 205600;23859.25;23861.25;23859;23860.25;61
20250910 205700;23860.5;23861.5;23859.5;23861.5;42
20250910 205800;23861.5;23861.5;23860.25;23861.5;19
20250910 205900;23861.75;23863;23860.75;23861.5;59
20250910 210000;23861.75;23861.75;23858;23858;107
20250910 210400;23858;23858;23858;23858;8
20250910 210600;23858;23858;23858;23858;4
20250910 220100;23853.75;23864.75;23852.75;23864.75;232
20250910 220200;23865;23872.25;23862.5;23865.25;212
20250910 220300;23865.25;23871;23863.75;23868.75;57
20250910 220400;23870.25;23873;23866.25;23871.25;70
20250910 220500;23872.5;23879.5;23867.75;23874.5;146
20250910 220600;23874.5;23878.75;23871.5;23872.75;77
20250910 220700;23874.5;23876.5;23870.25;23874;70
20250910 220800;23873.75;23877;23870.25;23871;76
20250910 220900;23872.25;23873;23870.5;23872.75;37
20250910 221000;23872.75;23873.25;23872;23872;4
20250910 221100;23871.75;23879.75;23870;23878.5;78
20250910 221200;23877.75;23879;23873.75;23873.75;62
20250910 221300;23873.75;23874.25;23871.75;23871.75;35
20250910 221400;23872.75;23872.75;23870.5;23872.5;35
20250910 221500;23872.75;23872.75;23869.25;23871.25;24
20250910 221600;23870.75;23872.5;23870.25;23871;13
20250910 221700;23871.25;23872.5;23867.25;23868.25;34
20250910 221800;23869.25;23870.25;23869.25;23870.25;9
20250910 221900;23869.5;23871.25;23868.75;23871;49
20250910 222000;23870.75;23874;23870.75;23873.75;25
20250910 222100;23874;23876.75;23873;23876.5;66
20250910 222200;23876;23879.5;23874.75;23874.75;50
20250910 222300;23874.5;23874.5;23871;23871.25;29
20250910 222400;23873.5;23873.75;23870.25;23871.5;24
20250910 222500;23871.25;23872;23869.75;23872;17
20250910 222600;23871;23871.25;23869.75;23870.75;17
20250910 222700;23872;23875;23872;23875;38
20250910 222800;23875;23876.25;23873.75;23874;27
20250910 222900;23875;23875;23870;23870.75;24
20250910 223000;23870.75;23874.25;23870.75;23874.25;14
20250910 223100;23874.5;23878.75;23874.5;23878.75;71
20250910 223200;23878;23878;23875.75;23876.25;17
20250910 223300;23876.25;23877;23874.75;23874.75;14
20250910 223400;23874.75;23877.25;23874.5;23876;16
20250910 223500;23877;23878;23876.25;23877.5;16
20250910 223600;23877;23878;23876.75;23877.75;9
20250910 223700;23878.5;23879.75;23877.25;23878.5;36
20250910 223800;23878;23880;23878;23879;23
20250910 223900;23878.75;23879.75;23878.5;23878.75;18
20250910 224000;23879.25;23880;23877;23878.75;39
20250910 224100;23879;23882.75;23879;23882.75;68
20250910 224200;23881.5;23883.5;23881;23882;85
20250910 224300;23882.75;23885;23882.75;23884;44
20250910 224400;23884.25;23886.75;23883.25;23885.5;69
20250910 224500;23885.25;23886.75;23883.75;23886.75;51
20250910 224600;23886.5;23889.75;23885.75;23886.5;113
20250910 224700;23887.25;23890;23886;23889.5;66
20250910 224800;23888.75;23892.5;23888.75;23891.75;126
20250910 224900;23892.25;23895;23891.75;23892.5;105
20250910 225000;23893.25;23898.75;23893.25;23898.75;167
20250910 225100;23898.5;23899.5;23893.75;23895;118
20250910 225200;23894.25;23895.25;23894;23895.25;68
20250910 225300;23895.5;23895.75;23892.5;23892.5;53
20250910 225400;23893;23893.25;23890;23891.5;55
20250910 225500;23890.75;23893;23890;23891.75;23
20250910 225600;23892.75;23897;23892.75;23896.5;128
20250910 225700;23897.25;23908.75;23897.25;23905.5;447
20250910 225800;23905.25;23907.75;23902.5;23903.5;137
20250910 225900;23903.25;23904.5;23897.75;23899.5;168
20250910 230000;23900;23900;23897;23897;33
20250910 230100;23897;23899;23895.25;23895.75;57
20250910 230200;23895.25;23896;23893.5;23895;37
20250910 230300;23895.75;23897.5;23892.5;23894.5;80
20250910 230400;23894;23895.75;23893.75;23894;23
20250910 230500;23894;23897.75;23892.75;23897;44
20250910 230600;23897.5;23906;23897.5;23904;123
20250910 230700;23904.5;23905.75;23901.5;23905.25;63
20250910 230800;23904.75;23906.75;23904;23905.25;51
20250910 230900;23905;23907.25;23902.5;23905.5;95
20250910 231000;23905.75;23909.75;23905.5;23908;83
20250910 231100;23908.25;23909.75;23901;23902.75;173
20250910 231200;23903;23903.75;23901;23901.75;31
20250910 231300;23901;23901.75;23900.25;23900.25;37
20250910 231400;23900.25;23902.25;23900.25;23901.25;13
20250910 231500;23901;23904.75;23900.75;23902.5;44
20250910 231600;23902.75;23903.25;23900.75;23903;70
20250910 231700;23903.25;23907.25;23903.25;23906;47
20250910 231800;23907;23915;23905;23912.5;241
20250910 231900;23913;23913.25;23909.5;23911;58
20250910 232000;23910.25;23911.25;23904;23905;118
20250910 232100;23906.25;23907.75;23906.25;23907.5;18
20250910 232200;23907.5;23908.25;23906.25;23907.5;33
20250910 232300;23907;23908.5;23905.25;23905.75;45
20250910 232400;23905.25;23906.25;23904.5;23906.25;16
20250910 232500;23905.5;23905.5;23903.75;23904.5;14
20250910 232600;23904.5;23906;23904.5;23904.5;10
20250910 232700;23904.5;23906;23904.5;23905;22
20250910 232800;23904.75;23905.5;23903.75;23903.75;20
20250910 232900;23903.75;23904;23901.25;23903;64
20250910 233000;23903;23903;23899.75;23900.75;112
20250910 233100;23901.25;23903.75;23900.25;23901;53
20250910 233200;23901.5;23901.5;23899.25;23900.75;21
20250910 233300;23900.5;23900.75;23898.25;23900.75;42
20250910 233400;23900.75;23903.25;23900.5;23900.5;43
20250910 233500;23900.25;23902;23899.5;23901;23
20250910 233600;23900.75;23903.25;23900.5;23903.25;21
20250910 233700;23903.5;23903.5;23901.5;23901.5;24
20250910 233800;23901.5;23901.5;23901;23901;3
20250910 233900;23901.25;23903.5;23900.75;23901.25;15
20250910 234000;23901;23902.25;23900.25;23900.25;21
20250910 234100;23901.5;23901.5;23897.25;23897.5;44
20250910 234200;23897.5;23900;23897;23897.75;54
20250910 234300;23898;23898;23893.5;23893.75;96
20250910 234400;23894.75;23899.75;23894.5;23899.5;49
20250910 234500;23899.25;23899.75;23896.5;23898.25;59
20250910 234600;23898.75;23899;23896.5;23898;33
20250910 234700;23896.75;23897.25;23894.25;23896.75;56
20250910 234800;23896.25;23899.75;23895.75;23899;23
20250910 234900;23898.75;23899.75;23896.25;23896.75;29
20250910 235000;23897.25;23897.25;23896;23896.75;12
20250910 235100;23896.5;23896.5;23895.5;23896;12
20250910 235200;23896.5;23896.5;23892.5;23893.75;35
20250910 235300;23894;23896.25;23894;23896.25;15
20250910 235400;23895.25;23898.5;23895.25;23897;28
20250910 235500;23896.5;23897.25;23896.5;23896.5;19
20250910 235600;23896.25;23896.5;23895.25;23896.5;18
20250910 235700;23895.5;23896;23895;23896;8
20250910 235900;23897.25;23897.75;23896.25;23897.75;13
20250911 000000;23897.5;23901;23897.25;23901;57
20250911 000100;23900.25;23905.5;23893.5;23895;156
20250911 000200;23895;23899;23894;23896;59
20250911 000300;23895.5;23896.5;23893;23895;32
20250911 000400;23895.25;23897.75;23895.25;23897.75;12
20250911 000500;23898;23898;23893.75;23895.25;45
20250911 000600;23895.5;23897;23894.5;23894.5;17
20250911 000700;23894.75;23894.75;23888.25;23890.5;138
20250911 000800;23890;23891.75;23889;23890.25;45
20250911 000900;23890.25;23891;23887.25;23890.5;62
20250911 001000;23890.25;23890.25;23887.25;23887.25;25
20250911 001100;23888;23888.75;23886.25;23886.25;36
20250911 001200;23886.75;23889.25;23886.25;23888.25;41
20250911 001300;23887.75;23891;23887.5;23889.75;46
20250911 001400;23889.25;23890;23883.5;23883.75;152
20250911 001500;23884;23886;23882.5;23883.75;64
20250911 001600;23883.75;23883.75;23881;23881;67
20250911 001700;23881.5;23881.75;23876;23879.5;166
20250911 001800;23879;23880.5;23879;23880.25;35
20250911 001900;23880;23880;23873.75;23873.75;105
20250911 002000;23874.5;23877.25;23871.5;23877.25;143
20250911 002100;23877.25;23889;23876.5;23887.25;189
20250911 002200;23886.5;23887.5;23885;23887.5;41
20250911 002300;23887.25;23888.5;23885;23888.5;39
20250911 002400;23888;23888;23886;23887;26
20250911 002500;23887.25;23888;23885;23885;30
20250911 002600;23885;23886.75;23884.25;23886.75;14
20250911 002700;23887;23887.25;23885.5;23886.25;11
20250911 002800;23886;23891;23886;23889.75;75
20250911 002900;23890.25;23892.25;23886;23886;112
20250911 003000;23885;23889.75;23884.5;23885;137
20250911 003100;23885;23885.75;23881.5;23885.75;57
20250911 003200;23886.5;23892.25;23886.5;23890.5;62
20250911 003300;23891.25;23893;23890.75;23892.25;30
20250911 003400;23893;23894.75;23892.25;23894.5;41
20250911 003500;23895;23897.75;23893.5;23894;80
20250911 003600;23892.75;23894.5;23891;23894;58
20250911 003700;23894.75;23899;23894.75;23897.75;56
20250911 003800;23897.25;23898.25;23895.75;23897.25;20
20250911 003900;23896.75;23898.5;23895;23898.5;25
20250911 004000;23898.5;23900;23897.75;23899.5;32
20250911 004100;23899.5;23900.75;23897;23898.5;51
20250911 004200;23898.5;23900.75;23898.5;23899.25;23
20250911 004300;23899.25;23899.25;23895.5;23896.25;21
20250911 004400;23896;23901.5;23896;23899.5;55
20250911 004500;23899.75;23901.75;23899.75;23901.25;37
20250911 004600;23900.75;23901.75;23899.5;23901.25;30
20250911 004700;23902;23904.5;23902;23903.5;68
20250911 004800;23904;23904;23900.5;23901.5;92
20250911 004900;23901.75;23906.75;23901.75;23905.75;68
20250911 005000;23906.5;23908.25;23906;23908.25;58
20250911 005100;23908.5;23912.25;23907.75;23909.75;110
20250911 005200;23909;23909.5;23907.5;23907.5;45
20250911 005300;23908;23908;23903;23904;71
20250911 005400;23903.5;23905.25;23900;23901;88
20250911 005500;23903;23904;23902;23902.5;18
20250911 005600;23902.5;23907.5;23902.5;23905.5;45
20250911 005700;23905.5;23906.25;23902.5;23902.5;23
20250911 005800;23902.5;23902.5;23901;23901.25;18
20250911 005900;23901.25;23903.25;23901;23903.25;33
20250911 010000;23903.5;23906;23903.25;23904.5;20
20250911 010100;23904.25;23904.5;23900.5;23902.5;42
20250911 010200;23901;23902.5;23899;23900.75;70
20250911 010300;23901;23905.5;23901;23905.25;44
20250911 010400;23904.5;23908.25;23904.25;23907.5;57
20250911 010500;23907.5;23908.25;23905.5;23906.25;40
20250911 010600;23906;23907;23905.25;23905.25;27
20250911 010700;23906;23907.5;23905;23905;20
20250911 010800;23905;23909.5;23905;23908.75;44
20250911 010900;23909.25;23909.5;23907;23907;23
20250911 011000;23907;23909.5;23905.5;23909.5;91
20250911 011100;23909.5;23911;23908.75;23909;66
20250911 011200;23908.75;23911.5;23908.75;23911.25;36
20250911 011300;23911.5;23911.5;23905.5;23907.5;69
20250911 011400;23908.25;23909.5;23905.75;23907.5;32
20250911 011500;23907.75;23908.5;23906.75;23906.75;19
20250911 011600;23906.25;23907;23904.5;23905.25;40
20250911 011700;23904.75;23908;23904.75;23907.25;22
20250911 011800;23907.25;23909;23906;23906;19
20250911 011900;23906.25;23907.75;23905;23907;29
20250911 012000;23907.25;23907.25;23906.5;23907;12
20250911 012100;23906.25;23908.5;23906;23908.5;23
20250911 012200;23908.75;23910;23907.25;23908;25
20250911 012300;23907.75;23908.25;23902.5;23903;52
20250911 012400;23902.75;23904.75;23902.75;23904.5;20
20250911 012500;23904;23904.5;23902.75;23904.5;14
20250911 012600;23904.5;23906;23903.75;23905.75;32
20250911 012700;23906.5;23909.75;23906.5;23909.5;43
20250911 012800;23909.5;23912.25;23909.25;23912.25;61
20250911 012900;23911.5;23912;23909;23910;28
20250911 013000;23910.25;23911.5;23909;23911.5;30
20250911 013100;23910.75;23915;23910.25;23913.25;121
20250911 013200;23914.25;23915.5;23912;23914;65
20250911 013300;23914.25;23915;23911.5;23912;62
20250911 013400;23911.5;23914.5;23909.25;23914.25;57
20250911 013500;23914.25;23914.75;23913.25;23913.75;28
20250911 013600;23913.5;23914.75;23913;23913;21
20250911 013700;23913.75;23915.25;23913.5;23915.25;25
20250911 013800;23915.5;23916.75;23911.5;23912;70
20250911 013900;23912.5;23913.25;23912;23912;40
20250911 014000;23912;23912;23906.5;23907.25;52
20250911 014100;23908.5;23911.25;23908.5;23910.75;18
20250911 014200;23910.5;23912;23909.5;23912;23
20250911 014300;23912.25;23913.75;23911.75;23913;22
20250911 014400;23913.75;23914.5;23913;23914;34
20250911 014500;23913;23913.75;23912.25;23912.75;17
20250911 014600;23911.25;23911.25;23908.5;23909.75;32
20250911 014700;23909.75;23910.25;23908;23909.5;26
20250911 014800;23908.25;23909.25;23907.25;23908.5;23
20250911 014900;23908.75;23910.25;23906.5;23907.5;55
20250911 015000;23907;23907;23904.25;23905.25;53
20250911 015100;23905;23907;23903.25;23905;48
20250911 015200;23905.75;23908.75;23903.75;23908.75;59
20250911 015300;23908.5;23908.5;23905.75;23905.75;13
20250911 015400;23905.75;23907.5;23902.75;23905;70
20250911 015500;23906.25;23910;23906.25;23908.75;36
20250911 015600;23909.5;23910.25;23905;23906;56
20250911 015700;23906.5;23906.75;23904.75;23906;48
20250911 015800;23906;23908;23905;23908;26
20250911 015900;23907;23907.25;23905.75;23905.75;32
20250911 020000;23906.5;23908;23906.5;23907.5;18
20250911 020100;23907;23909;23906;23909;33
20250911 020200;23909.25;23909.25;23906.5;23907.25;29
20250911 020300;23906;23906.25;23904.75;23906.25;21
20250911 020400;23905.75;23906.75;23905;23905;31
20250911 020500;23904.75;23904.75;23902.5;23902.5;27
20250911 020600;23902.5;23904;23902.25;23903.75;36
20250911 020700;23903;23904.5;23901.5;23904.25;53
20250911 020800;23902.75;23903.25;23902.5;23902.5;15
20250911 020900;23902.25;23903;23899.75;23901.75;56
20250911 021000;23901.25;23903.25;23900.75;23902;21
20250911 021100;23903.5;23907;23903.5;23906;53
20250911 021200;23906;23906;23903.5;23903.5;16
20250911 021300;23903.25;23905;23903.25;23903.75;27
20250911 021400;23904;23905.5;23902;23904;45
20250911 021500;23904.75;23906;23904.5;23904.75;12
20250911 021600;23905.25;23905.25;23902.75;23904;16
20250911 021700;23903.75;23904;23901.5;23901.5;13
20250911 021800;23901.75;23905.5;23900.5;23904.25;46
20250911 021900;23904;23904.5;23903.5;23904.25;17
20250911 022000;23903.25;23903.25;23901.25;23902.25;10
20250911 022100;23904.5;23904.5;23903;23903;5
20250911 022200;23903;23905.5;23903;23905.5;14
20250911 022300;23904.75;23905.75;23904.25;23904.5;12
20250911 022400;23904.25;23907;23904.25;23906.25;34
20250911 022500;23906.25;23907.25;23903.25;23904.25;26
20250911 022600;23905.75;23906.75;23905.75;23906.75;19
20250911 022700;23906.5;23909;23905.75;23909;31
20250911 022800;23909;23910.5;23908.25;23910.5;28
20250911 022900;23910.25;23910.5;23908.25;23908.75;16
20250911 023000;23909;23911.75;23909;23910;35
20250911 023100;23910.25;23911.75;23909.75;23911;31
20250911 023200;23911.25;23914.75;23911.25;23914.25;81
20250911 023300;23914.25;23916.25;23913.25;23915;86
20250911 023400;23915;23915.75;23914;23915;25
20250911 023500;23915.25;23915.25;23912.25;23915.25;53
20250911 023600;23915.5;23915.5;23914;23914.25;13
20250911 023700;23913;23913.5;23910.5;23910.5;31
20250911 023800;23910.5;23911.25;23908.75;23908.75;31
20250911 023900;23909.75;23909.75;23907;23909.5;34
20250911 024000;23909.75;23912.5;23909.5;23910.75;42
20250911 024100;23912;23912.75;23911;23911;13
20250911 024200;23910.5;23911;23908.75;23908.75;16
20250911 024300;23909.5;23911;23908.5;23909;31
20250911 024400;23909.5;23909.75;23908.5;23909.75;16
20250911 024500;23909;23909;23906;23907.5;47
20250911 024600;23907.25;23908.5;23906;23907.25;20
20250911 024700;23907.5;23907.5;23906.25;23906.5;10
20250911 024800;23905.75;23905.75;23901.5;23903.75;99
20250911 024900;23903;23903;23901;23902.25;65
20250911 025000;23901.5;23904.75;23901.25;23904.25;43
20250911 025100;23904.25;23905;23902;23902;25
20250911 025200;23902;23902.5;23901.75;23902;13
20250911 025300;23901.75;23903.5;23901;23903;29
20250911 025400;23901.75;23904;23901.25;23903.75;25
20250911 025500;23903.5;23903.75;23903.5;23903.75;4
20250911 025600;23903.5;23904.75;23903.5;23904.75;34
20250911 025700;23905.25;23906;23904.25;23904.25;24
20250911 025800;23905.5;23908.25;23905.25;23908.25;30
20250911 025900;23907.75;23909.75;23907.75;23908.5;69
20250911 030000;23908.75;23909.25;23907.5;23908;20
20250911 030100;23907.5;23908.5;23907.5;23907.5;12
20250911 030200;23907.25;23907.75;23906.25;23907.5;23
20250911 030300;23907.5;23908.5;23905;23908.25;37
20250911 030400;23909;23911.25;23908.5;23910;45
20250911 030500;23910.5;23911;23909;23909;10
20250911 030600;23909;23910.5;23907.25;23907.25;46
20250911 030700;23907;23908;23905.75;23906.75;28
20250911 030800;23907.5;23909;23907.5;23908.25;20
20250911 030900;23908.5;23909.25;23907.25;23907.5;25
20250911 031000;23908.5;23909.75;23908.5;23908.75;20
20250911 031100;23909;23909;23907.75;23907.75;11
20250911 031200;23907.5;23907.5;23906.5;23907;9
20250911 031300;23907.25;23907.25;23906.25;23907.25;13
20250911 031400;23908.25;23909.5;23908.25;23909.25;10
20250911 031500;23908;23909.5;23907.75;23908.5;21
20250911 031600;23909.25;23910.5;23908.5;23910.5;17
20250911 031700;23910.75;23911.25;23909.5;23910;30
20250911 031800;23909.5;23912;23909.5;23912;25
20250911 031900;23911.75;23911.75;23909.75;23911.25;19
20250911 032000;23911;23911;23910;23910.5;14
20250911 032100;23910.5;23911;23910;23911;13
20250911 032200;23910.75;23911.25;23910.25;23910.75;9
20250911 032300;23911;23911.5;23910.5;23910.5;11
20250911 032400;23911.25;23911.75;23911;23911.25;10
20250911 032500;23911.25;23912;23911.25;23912;9
20250911 032600;23911.5;23911.5;23910;23911;22
20250911 032700;23911;23912.5;23910.75;23912.5;16
20250911 032800;23912.75;23914.25;23912.5;23913.25;32
20250911 032900;23913.25;23914.75;23913.25;23913.75;26
20250911 033000;23914;23915;23913.75;23914;20
20250911 033100;23913.75;23914.25;23912;23912.75;26
20250911 033200;23913.25;23913.5;23910;23910;37
20250911 033300;23910;23910;23909;23909.75;17
20250911 033400;23909.25;23910;23908.75;23909.75;22
20250911 033500;23909.5;23910.5;23909.5;23910.25;9
20250911 033600;23910.75;23912.5;23910.75;23912.5;22
20250911 033700;23912.25;23913.5;23912;23913.5;23
20250911 033800;23913.5;23914.5;23912.25;23914.25;39
20250911 033900;23914.5;23916.5;23914.25;23915.5;47
20250911 034000;23914.75;23916.5;23914.25;23914.5;31
20250911 034100;23915;23916.25;23915;23916;32
20250911 034200;23916.75;23916.75;23913.5;23915;35
20250911 034300;23914.5;23914.5;23914.5;23914.5;4
20250911 034400;23915;23915;23913.75;23914;14
20250911 034500;23914.75;23915.75;23914;23915;27
20250911 034600;23914.5;23914.5;23911;23911.25;34
20250911 034700;23911.75;23914;23911.75;23913.75;20
20250911 034800;23913.75;23914;23913.5;23913.75;49
20250911 034900;23913.25;23914.5;23912.75;23914.5;55
20250911 035000;23915;23918;23915;23916.25;80
20250911 035100;23915.75;23916.75;23915.75;23916;16
20250911 035200;23916.25;23917;23916.25;23916.75;13
20250911 035300;23916.25;23918;23916.25;23917;22
20250911 035400;23916.75;23919;23916.75;23917.25;70
20250911 035500;23917.5;23918.25;23917.5;23917.5;36
20250911 035600;23917.5;23917.75;23917;23917.5;13
20250911 035700;23917;23917;23914.5;23914.75;58
20250911 035800;23914.75;23915.5;23911.5;23911.5;46
20250911 035900;23911.25;23913.5;23911;23913;43
20250911 040000;23913.25;23914.75;23913.25;23913.5;19
20250911 040100;23913;23915.5;23913;23913.25;26
20250911 040200;23913.75;23913.75;23910.5;23910.75;28
20250911 040300;23910.5;23911.5;23910.5;23911.25;19
20250911 040400;23910;23912.5;23909.5;23912.5;52
20250911 040500;23912.25;23913.75;23912;23912.5;23
20250911 040600;23912.5;23912.5;23910.25;23910.5;18
20250911 040700;23910.75;23912.5;23910.75;23912.25;26
20250911 040800;23911.5;23912;23910.5;23912;19
20250911 040900;23912.25;23915;23912.25;23914.5;24
20250911 041000;23914.5;23914.75;23912.75;23913;13
20250911 041100;23912.75;23913.25;23911;23911;20
20250911 041200;23910.25;23910.75;23909.5;23910.5;27
20250911 041300;23909.75;23910.25;23908;23908;42
20250911 041400;23908;23909.75;23908;23909.75;20
20250911 041500;23908.75;23908.75;23907.5;23908.25;18
20250911 041600;23908.25;23908.5;23907;23907.25;25
20250911 041700;23907;23908.5;23902;23903.25;143
20250911 041800;23903.75;23904.25;23897;23899.75;180
20250911 041900;23900.5;23900.5;23898.25;23899.25;35
20250911 042000;23899.25;23899.25;23898.25;23899.25;20
20250911 042100;23898.75;23900.25;23897.25;23897.5;43
20250911 042200;23896.75;23896.75;23890.25;23893.25;213
20250911 042300;23893;23893;23886.25;23889.5;99
20250911 042400;23889.75;23889.75;23885.25;23885.75;69
20250911 042500;23886.75;23889.75;23885.75;23888.5;56
20250911 042600;23887.25;23887.75;23884.25;23884.5;42
20250911 042700;23884;23889.75;23881.5;23889;146
20250911 042800;23889.5;23891.25;23887.25;23887.25;67
20250911 042900;23887.75;23888.25;23884.75;23887.5;45
20250911 043000;23887.5;23887.75;23886.25;23887.75;16
20250911 043100;23888.25;23889;23886.25;23888.25;45
20250911 043200;23887.5;23888.5;23886.75;23888.25;26
20250911 043300;23887.5;23888.75;23885.75;23887.75;44
20250911 043400;23888;23888.25;23884.75;23884.75;30
20250911 043500;23885.25;23885.25;23881.5;23883.25;80
20250911 043600;23882.5;23883.75;23881.5;23882;22
20250911 043700;23882.5;23886.5;23882.5;23885.75;60
20250911 043800;23885.5;23885.5;23882.25;23882.5;35
20250911 043900;23882.25;23883.5;23880.5;23882.5;41
20250911 044000;23882.5;23884.5;23882;23884;16
20250911 044100;23884.25;23884.5;23882;23882.5;24
20250911 044200;23882;23884.75;23882;23883.5;20
20250911 044300;23883.5;23884.5;23883;23883;20
20250911 044400;23882.5;23882.5;23881;23881.5;18
20250911 044500;23880.75;23883.75;23880;23882.75;48
20250911 044600;23882;23883.5;23881.25;23883.5;18
20250911 044700;23882.5;23883;23881.75;23882;22
20250911 044800;23881.75;23883.75;23881.75;23883.75;14
20250911 044900;23884;23884.25;23882.5;23882.5;12
20250911 045000;23882.5;23883;23879.5;23880.75;59
20250911 045100;23880.75;23880.75;23878.5;23879.75;31
20250911 045200;23879.75;23884.75;23879.75;23884.75;69
20250911 045300;23884.5;23885.25;23882.5;23884.25;61
20250911 045400;23884.25;23884.75;23878.5;23878.75;59
20250911 045500;23878.25;23880.75;23877.5;23880.25;62
20250911 045600;23880.75;23882.75;23879.25;23881.25;40
20250911 045700;23881.75;23881.75;23879.5;23880.25;18
20250911 045800;23880.5;23881.5;23880.25;23881.5;17
20250911 045900;23881.75;23881.75;23878.75;23879.5;18
20250911 050000;23880;23880.5;23878.75;23879.5;15
20250911 050100;23880;23885.25;23880;23882.75;79
20250911 050200;23883;23883.75;23880.5;23883;37
20250911 050300;23882.25;23882.25;23878.75;23879.75;61
20250911 050400;23878.5;23878.75;23877.75;23878.25;17
20250911 050500;23878;23880.75;23877.25;23878.5;50
20250911 050600;23878.5;23885;23878.25;23884.25;41
20250911 050700;23883.5;23886.5;23883.5;23886.25;65
20250911 050800;23885.75;23886.25;23883.25;23883.25;19
20250911 050900;23883.5;23885.75;23883.5;23885.25;16
20250911 051000;23886;23887.25;23883.75;23884.75;49
20250911 051100;23883.5;23883.75;23879.75;23881;51
20250911 051200;23880.25;23883;23880;23882;29
20250911 051300;23881.5;23882.25;23880.5;23880.5;19
20250911 051400;23880.75;23883;23877.75;23878.25;49
20250911 051500;23878;23880.75;23872.5;23873;234
20250911 051600;23874.25;23875.75;23871;23874.25;115
20250911 051700;23874.5;23881;23872;23879.5;79
20250911 051800;23879.5;23884;23879.5;23882.75;191
20250911 051900;23883.75;23884.25;23881;23882.25;28
20250911 052000;23882;23884.25;23881.5;23882;59
20250911 052100;23882.25;23886.5;23882;23883;52
20250911 052200;23883.5;23883.5;23878.75;23879.5;38
20250911 052300;23879;23879.25;23877.25;23878.25;25
20250911 052400;23879.5;23886.5;23879.25;23885.75;50
20250911 052500;23885.5;23888.75;23885.5;23888.25;61
20250911 052600;23887.5;23890.75;23887.25;23890.75;103
20250911 052700;23891;23893.75;23891;23891.25;71
20250911 052800;23891.5;23891.75;23888.5;23889.75;31
20250911 052900;23889;23889.75;23888.5;23889;21
20250911 053000;23889;23891.25;23888;23889.25;29
20250911 053100;23889.25;23889.25;23885.75;23888.75;48
20250911 053200;23888;23888.75;23885;23886;31
20250911 053300;23886;23887.25;23884.5;23887;61
20250911 053400;23888.25;23890.75;23888.25;23890;29
20250911 053500;23890.75;23892;23889.5;23892;33
20250911 053600;23892.25;23894.25;23892.25;23892.75;36
20250911 053700;23892;23892;23888.25;23888.75;40
20250911 053800;23887.75;23891.75;23886.25;23891.5;35
20250911 053900;23892;23893.5;23891.5;23892;27
20250911 054000;23893.5;23895;23893.25;23893.25;30
20250911 054100;23893.25;23895;23892.25;23893.75;48
20250911 054200;23894.75;23896.25;23894.25;23894.5;31
20250911 054300;23895;23895.75;23893.25;23893.25;20
20250911 054400;23894;23896;23894;23895.25;31
20250911 054500;23894.5;23896.25;23894.5;23894.5;53
20250911 054600;23894;23894.25;23887.75;23889.25;72
20250911 054700;23889.5;23892;23888.75;23889;71
20250911 054800;23889;23893.25;23887.75;23893.25;73
20250911 054900;23892.5;23893.5;23891.5;23893.5;17
20250911 055000;23892.5;23892.75;23891;23891;14
20250911 055100;23890.75;23892.5;23890;23891;15
20250911 055200;23890;23891.25;23885.75;23886.75;56
20250911 055300;23886.5;23888.5;23885.75;23886.75;71
20250911 055400;23885.5;23886;23884.75;23885.5;30
20250911 055500;23885.75;23888.25;23884;23888;37
20250911 055600;23887.5;23887.5;23885.75;23886;6
20250911 055700;23885.75;23885.75;23881.25;23883.25;64
20250911 055800;23884.25;23886.25;23884;23884.5;18
20250911 055900;23884.5;23887.25;23884.5;23885.5;22
20250911 060000;23885.75;23887;23885.25;23885.75;5
20250911 060100;23885;23885.5;23882;23883.5;42
20250911 060200;23882.5;23883.25;23878.5;23882.25;73
20250911 060300;23882.5;23884.25;23881;23884;39
20250911 060400;23882.5;23886;23882.25;23885.25;31
20250911 060500;23886.25;23887;23882.25;23884.75;84
20250911 060600;23884;23893.25;23884;23890.75;222
20250911 060700;23890.75;23890.75;23889;23889.25;25
20250911 060800;23890;23891.25;23884;23884;48
20250911 060900;23884;23890.75;23884;23889;68
20250911 061000;23889;23891.75;23887.75;23891.75;44
20250911 061100;23891.75;23893.75;23889.25;23893.75;49
20250911 061200;23892.75;23894.5;23892;23892;48
20250911 061300;23892.25;23895.75;23892;23894.25;57
20250911 061400;23893.75;23895.5;23892.75;23892.75;39
20250911 061500;23893.75;23895.25;23893.5;23894.75;39
20250911 061600;23894.25;23896;23891.5;23894.75;54
20250911 061700;23895.25;23897.5;23894;23896.75;89
20250911 061800;23896;23896.25;23893.75;23894;28
20250911 061900;23892.5;23896.5;23892.25;23896;33
20250911 062000;23896.5;23899;23895;23895;132
20250911 062100;23895.75;23895.75;23894;23894.5;23
20250911 062200;23895.75;23897.5;23895.75;23896.5;18
20250911 062300;23897.25;23898.75;23896;23898.75;31
20250911 062400;23898.25;23901.75;23898.25;23901.5;136
20250911 062500;23901.25;23903;23900.75;23902;87
20250911 062600;23901.75;23907.25;23901.75;23904.75;223
20250911 062700;23904.25;23907.25;23904.25;23906.25;62
20250911 062800;23906.25;23907;23904.5;23905;50
20250911 062900;23905;23907.5;23905;23906;55
20250911 063000;23906.5;23907.25;23904.5;23905.25;38
20250911 063100;23905.25;23908.75;23904.25;23907.75;136
20250911 063200;23907.75;23910.5;23906.75;23910.5;80
20250911 063300;23910.5;23922;23910;23920.5;330
20250911 063400;23920.75;23920.75;23916.5;23916.75;122
20250911 063500;23917.75;23917.75;23912.25;23912.25;89
20250911 063600;23912;23917.5;23911.75;23916.5;123
20250911 063700;23916.25;23919;23916;23918.5;57
20250911 063800;23917.5;23921.5;23917.25;23921.25;109
20250911 063900;23921.5;23923;23919.75;23921.25;76
20250911 064000;23920.75;23921.25;23917.75;23918;69
20250911 064100;23918.25;23920;23918;23919.5;41
20250911 064200;23919.75;23920;23916.75;23917.5;70
20250911 064300;23917;23917.5;23915;23915;66
20250911 064400;23914.25;23916;23914;23914.25;36
20250911 064500;23914.5;23915.5;23913;23915.25;45
20250911 064600;23914;23918.25;23914;23916.75;35
20250911 064700;23917.25;23919;23915.75;23917;54
20250911 064800;23917;23918.5;23915;23918.25;79
20250911 064900;23917.25;23918.5;23916.75;23918.5;26
20250911 065000;23918.25;23919.5;23915.5;23915.5;46
20250911 065100;23916.25;23918;23915;23916.75;21
20250911 065200;23916.25;23917.25;23915;23917.25;22
20250911 065300;23918;23918;23914;23914;45
20250911 065400;23915;23916.5;23914;23915.5;31
20250911 065500;23915.75;23915.75;23914.25;23915.5;23
20250911 065600;23915;23915.5;23912.75;23914.25;32
20250911 065700;23914.5;23914.75;23910.75;23912.5;50
20250911 065800;23912.25;23913.5;23911.75;23913;36
20250911 065900;23914.75;23919;23914.5;23919;60
20250911 070000;23918.75;23919.25;23916.25;23918.25;44
20250911 070100;23918.25;23919.5;23912.75;23915.75;160
20250911 070200;23914.5;23921.5;23914;23921.25;75
20250911 070300;23920.5;23920.5;23915.25;23915.5;72
20250911 070400;23915.5;23915.75;23913;23915.5;46
20250911 070500;23915;23915;23910;23912.5;89
20250911 070600;23912.25;23912.5;23909.25;23910;46
20250911 070700;23909.5;23918.75;23909.25;23917.5;87
20250911 070800;23917.5;23918.75;23916.75;23917.75;66
20250911 070900;23918;23919.75;23912.25;23913.25;72
20250911 071000;23912.75;23913;23906.5;23908.25;69
20250911 071100;23908.25;23913.5;23907.25;23911.75;98
20250911 071200;23911.25;23912.75;23909.75;23912.75;42
20250911 071300;23912.75;23914;23912.25;23913.75;25
20250911 071400;23913.25;23916.75;23913.25;23914.5;48
20250911 071500;23915;23917.25;23915;23917.25;25
20250911 071600;23916.25;23920;23914.25;23917.75;93
20250911 071700;23917;23917.25;23915.75;23916.5;40
20250911 071800;23916.5;23916.5;23912.5;23912.5;48
20250911 071900;23911.75;23913.75;23910.75;23912.75;36
20250911 072000;23912.25;23913.75;23909;23913.75;47
20250911 072100;23913.5;23915.25;23911.75;23914.75;31
20250911 072200;23913.75;23918.5;23913.75;23918;22
20250911 072300;23918.75;23920.5;23918.5;23919.5;43
20250911 072400;23919.25;23920.75;23918;23920.75;26
20250911 072500;23920.5;23923.75;23920.5;23922.75;81
20250911 072600;23923;23923;23917.5;23918.25;63
20250911 072700;23918.75;23920;23916.5;23918;51
20250911 072800;23918.25;23918.25;23913;23915;105
20250911 072900;23914.75;23915.75;23911;23911;55
20250911 073000;23911.25;23914;23911;23911.5;43
20250911 073100;23911.25;23914.5;23910.75;23910.75;37
20250911 073200;23911.5;23915.5;23908.75;23915;55
20250911 073300;23915;23915;23911.5;23911.5;49
20250911 073400;23911.75;23915.75;23911.75;23914.75;25
20250911 073500;23915.5;23916.5;23912.5;23914.5;48
20250911 073600;23914.25;23917.75;23914;23916.75;58
20250911 073700;23918;23924.25;23918;23923.75;66
20250911 073800;23924;23924;23919;23919.75;96
20250911 073900;23919.75;23920.25;23917.5;23919.75;67
20250911 074000;23920.5;23923.5;23919.75;23923.25;44
20250911 074100;23923.5;23928.25;23923.25;23925.25;119
20250911 074200;23925.5;23927.25;23924.25;23927;50
20250911 074300;23927;23929.5;23926.5;23927.5;80
20250911 074400;23927.75;23927.75;23922.25;23922.25;56
20250911 074500;23922;23923.75;23920.75;23921.5;34
20250911 074600;23921.25;23922.5;23919.5;23920;39
20250911 074700;23919.75;23924.75;23918.5;23924;57
20250911 074800;23923.75;23926.25;23923.5;23924.75;43
20250911 074900;23924.75;23929.5;23924.75;23928.5;55
20250911 075000;23928.75;23929.75;23928;23929.75;45
20250911 075100;23929.25;23930.75;23927.75;23928.25;102
20250911 075200;23928.75;23929.25;23928;23929;23
20250911 075300;23929.75;23931.25;23929;23931;45
20250911 075400;23931;23932.25;23930;23931;76
20250911 075500;23931;23933.5;23929.5;23933;121
20250911 075600;23933.25;23935.75;23932.5;23933.75;125
20250911 075700;23934;23934;23931.25;23932;43
20250911 075800;23931.75;23932.25;23928.75;23931;70
20250911 075900;23931;23931.5;23930.25;23931;67
20250911 080000;23930.75;23934.75;23930.75;23931.5;90
20250911 080100;23931.25;23932.75;23927;23929.25;193
20250911 080200;23930.5;23936.5;23930.5;23935;122
20250911 080300;23935.25;23937.5;23934;23934;141
20250911 080400;23934.5;23937.25;23934.5;23937.25;75
20250911 080500;23937;23938.25;23933;23933.75;113
20250911 080600;23933.75;23933.75;23930;23930.75;71
20250911 080700;23929.75;23933.75;23929;23932.5;86
20250911 080800;23933.25;23935;23932.75;23933.25;63
20250911 080900;23933.75;23934.75;23932.75;23933.25;61
20250911 081000;23933.25;23934;23931;23931.75;37
20250911 081100;23931.25;23934;23931;23932.75;50
20250911 081200;23933.5;23934.5;23933.25;23933.25;20
20250911 081300;23932.75;23936.25;23932.75;23936.25;34
20250911 081400;23936.5;23938.75;23934.25;23938.5;152
20250911 081500;23938.75;23939.75;23937.75;23939;52
20250911 081600;23938.75;23939.5;23937.5;23939.5;40
20250911 081700;23939.5;23942.25;23939.5;23941.25;137
20250911 081800;23941;23941.25;23939;23939;38
20250911 081900;23938.75;23939;23935;23935.75;90
20250911 082000;23935.75;23936.25;23931.25;23932.5;109
20250911 082100;23932;23933.5;23931;23931.5;41
20250911 082200;23931;23933.5;23930.5;23933.5;37
20250911 082300;23933.5;23937.75;23933.5;23936;60
20250911 082400;23935.5;23935.5;23930.25;23930.75;61
20250911 082500;23930.5;23930.5;23927.75;23929.25;96
20250911 082600;23930;23930.75;23928.75;23928.75;85
20250911 082700;23928.75;23929;23924.5;23924.75;73
20250911 082800;23925;23925;23922.75;23925;105
20250911 082900;23925.5;23928.25;23924.5;23926;55
20250911 083000;23925.5;23927;23924.75;23925.5;45
20250911 083100;23925.25;23929;23923.75;23927.75;78
20250911 083200;23927;23927.5;23922.25;23923.25;104
20250911 083300;23923;23924.75;23920.5;23924.25;112
20250911 083400;23923.5;23924.5;23922;23924;39
20250911 083500;23923.75;23923.75;23920.75;23922.25;40
20250911 083600;23922.5;23923.5;23920;23920.5;53
20250911 083700;23920.5;23920.5;23917.75;23918;72
20250911 083800;23918.75;23919;23917.25;23918.5;44
20250911 083900;23919.25;23921.5;23919;23921;35
20250911 084000;23921.25;23922;23920;23921;33
20250911 084100;23921;23921.25;23920;23921.25;29
20250911 084200;23920.75;23920.75;23917.5;23919.75;74
20250911 084300;23919.75;23922.5;23919.25;23922.5;47
20250911 084400;23921.75;23924.5;23921.75;23923.5;58
20250911 084500;23924;23925.75;23923.5;23924.75;40
20250911 084600;23925;23925.5;23922.5;23923.25;32
20250911 084700;23923.5;23925;23923.5;23925;16
20250911 084800;23925.5;23927;23924.75;23925.75;58
20250911 084900;23926;23926.75;23925.5;23926.25;21
20250911 085000;23925.75;23926.5;23923;23923.25;55
20250911 085100;23923;23923.75;23920.5;23921;39
20250911 085200;23921;23922.5;23920.75;23922;30
20250911 085300;23922.5;23923.75;23922.25;23923.25;28
20250911 085400;23923.25;23924.5;23923;23924.5;20
20250911 085500;23924.75;23925;23923.5;23924;14
20250911 085600;23924.75;23925;23922.75;23924;36
20250911 085700;23924;23924;23923.5;23923.5;13
20250911 085800;23924.25;23924.25;23922.75;23922.75;19
20250911 085900;23924;23924;23922.25;23922.25;9
20250911 090000;23922.25;23923;23921.25;23922;24
20250911 090100;23923;23925.25;23922.5;23924.25;25
20250911 090200;23924.5;23927.25;23924.5;23926.5;44
20250911 090300;23927;23927;23925.75;23926;48
20250911 090400;23926.75;23927.25;23925.5;23925.5;18
20250911 090500;23925;23925;23923.25;23923.5;19
20250911 090600;23924;23926.25;23921.75;23925.5;56
20250911 090700;23925.75;23926;23924.5;23925.25;15
20250911 090800;23926;23927.5;23925.75;23926.75;21
20250911 090900;23927;23927.5;23925.75;23926.25;18
20250911 091000;23926;23926;23924.25;23925.75;27
20250911 091100;23925.75;23925.75;23922.25;23922.5;54
20250911 091200;23922;23925.25;23920.25;23925.25;52
20250911 091300;23925;23926;23922.75;23926;28
20250911 091400;23926;23928.5;23925.5;23927;69
20250911 091500;23926.5;23926.5;23925;23925.75;19
20250911 091600;23925.5;23926.75;23925;23926.75;24
20250911 091700;23925.75;23928.5;23925.75;23927.25;30
20250911 091800;23927.5;23929.75;23925.75;23925.75;139
20250911 091900;23925.75;23928.5;23925.75;23927.5;55
20250911 092000;23927.25;23928.5;23926.25;23928.5;26
20250911 092100;23928.75;23929.5;23926.25;23926.75;38
20250911 092200;23925.75;23928.5;23925.5;23927.5;36
20250911 092300;23928.75;23929.75;23926.75;23926.75;40
20250911 092400;23926.25;23926.5;23923.5;23924.25;36
20250911 092500;23925;23926.75;23924;23926.75;16
20250911 092600;23926.5;23926.75;23924.25;23924.75;22
20250911 092700;23924.5;23925;23923;23923;41
20250911 092800;23923;23924.25;23922.75;23924.25;19
20250911 092900;23924;23925.25;23923.75;23924.25;16
20250911 093000;23924.75;23927;23924.5;23925.5;34
20250911 093100;23924.75;23925.25;23923;23924.5;31
20250911 093200;23924;23924;23922.25;23923.5;30
20250911 093300;23923.25;23924.5;23923;23923.5;13
20250911 093400;23923.75;23925.5;23923.5;23924.75;28
20250911 093500;23924.75;23924.75;23922;23922;38
20250911 093600;23922;23923.25;23919;23919.5;55
20250911 093700;23919.75;23920.75;23919.25;23919.25;31
20250911 093800;23920;23920;23918;23918.75;64
20250911 093900;23918.5;23918.5;23915.5;23916.5;101
20250911 094000;23916.75;23917;23914;23917;69
20250911 094100;23917.25;23917.75;23915;23916.25;35
20250911 094200;23916.5;23917.75;23915.75;23917.75;24
20250911 094300;23918;23918.75;23916.75;23916.75;47
20250911 094400;23916.75;23917.5;23914.75;23914.75;46
20250911 094500;23914.75;23915.25;23913;23914.25;72
20250911 094600;23914.25;23915.25;23910.75;23911.25;141
20250911 094700;23910.75;23910.75;23908;23910.5;122
20250911 094800;23911;23912.25;23910.5;23912.25;70
20250911 094900;23912.5;23913.75;23911.75;23912.5;43
20250911 095000;23912.5;23915.25;23912.25;23913.25;47
20250911 095100;23912.25;23915;23911.75;23914.25;27
20250911 095200;23915;23916.75;23913.75;23915.5;39
20250911 095300;23915.75;23917.75;23915.5;23917.75;34
20250911 095400;23918.25;23918.75;23917;23917.75;69
20250911 095500;23917.5;23920.25;23917;23918.75;65
20250911 095600;23919.25;23920;23919;23919.25;43
20250911 095700;23919;23921.5;23919;23920.5;36
20250911 095800;23919.75;23921.5;23919.75;23921.5;33
20250911 095900;23920.75;23921.75;23918;23918.75;48
20250911 100000;23918.75;23920.5;23918.75;23920;23
20250911 100100;23920;23923;23918.5;23919;98
20250911 100200;23919.75;23920.25;23918.25;23919;24
20250911 100300;23919.5;23921;23919;23921;28
20250911 100400;23921.25;23927;23920.75;23926.25;97
20250911 100500;23926.25;23927.75;23926;23926.75;41
20250911 100600;23927.5;23928.5;23926.75;23928.25;49
20250911 100700;23928.75;23933;23928.75;23932.5;138
20250911 100800;23932;23932.25;23924.25;23926.75;139
20250911 100900;23926.5;23930;23926.25;23930;41
20250911 101000;23930;23932;23929.75;23931.25;36
20250911 101100;23931.5;23933.25;23930;23933.25;38
20250911 101200;23933.25;23934;23932.75;23933.5;39
20250911 101300;23933.5;23934.25;23932.25;23934.25;37
20250911 101400;23934;23934;23932;23933.75;25
20250911 101500;23934.25;23935.5;23932.75;23935;75
20250911 101600;23934.75;23935;23931.5;23931.5;40
20250911 101700;23932.5;23934.25;23932.5;23934;22
20250911 101800;23934;23937.25;23933.75;23937.25;82
20250911 101900;23937.25;23939;23934;23935.25;159
20250911 102000;23934.75;23935.75;23934.25;23934.75;25
20250911 102100;23935.5;23936.5;23934.5;23935.5;31
20250911 102200;23936;23938.75;23936;23937;39
20250911 102300;23937.5;23938.75;23937;23937;28
20250911 102400;23938;23938.75;23936.5;23936.75;30
20250911 102500;23936.25;23937;23935.5;23936;9
20250911 102600;23935.25;23936;23933.75;23935;48
20250911 102700;23934.25;23935.5;23933.5;23934;46
20250911 102800;23934;23936.25;23933.5;23936.25;13
20250911 102900;23936;23936.25;23934.5;23934.75;37
20250911 103000;23934.5;23938.25;23934.25;23938.25;71
20250911 103100;23937.5;23938.25;23936.5;23937.75;27
20250911 103200;23938;23939.5;23937.25;23937.75;50
20250911 103300;23937.75;23941.75;23937.75;23939.75;76
20250911 103400;23939.75;23941.5;23938.5;23939.25;66
20250911 103500;23939.5;23939.5;23936.75;23938.25;52
20250911 103600;23938.25;23938.25;23935.5;23937;45
20250911 103700;23937.5;23939.5;23937.5;23939.5;20
20250911 103800;23938.75;23939.75;23938.5;23939.25;20
20250911 103900;23939.75;23941.5;23939.75;23941.5;29
20250911 104000;23941.25;23941.75;23940;23941.75;43
20250911 104100;23941.75;23945;23941.75;23945;175
20250911 104200;23944.75;23947;23939;23940;157
20250911 104300;23939.25;23942;23938;23940;66
20250911 104400;23940.5;23942;23940;23940.75;34
20250911 104500;23940.25;23942.25;23940.25;23941.25;29
20250911 104600;23941.75;23941.75;23938.75;23938.75;27
20250911 104700;23938.75;23942;23938.75;23941;99
20250911 104800;23941.5;23943.25;23940.5;23943.25;54
20250911 104900;23943.5;23943.75;23941.75;23942.5;74
20250911 105000;23943.75;23945;23943.5;23944.25;21
20250911 105100;23944;23945.25;23944;23945.25;16
20250911 105200;23945;23947.25;23945;23945.25;58
20250911 105300;23945;23947.25;23942.75;23945.25;133
20250911 105400;23946;23947.5;23945;23945;44
20250911 105500;23945.25;23948.5;23945.25;23947.5;62
20250911 105600;23948.25;23949.75;23948;23948.5;63
20250911 105700;23948.25;23949.5;23948;23949;37
20250911 105800;23949.25;23950;23948.75;23948.75;58
20250911 105900;23948.25;23949.5;23948;23948.75;33
20250911 110000;23948;23948;23945.25;23946;62
20250911 110100;23946.75;23948;23944.75;23946.5;82
20250911 110200;23947.5;23950;23946.75;23949.25;88
20250911 110300;23949;23949;23944;23944.75;52
20250911 110400;23945.25;23945.25;23944.25;23944.75;36
20250911 110500;23945.5;23947.75;23945;23947.25;38
20250911 110600;23947.75;23948;23946;23946.75;47
20250911 110700;23947;23948.25;23944;23944.25;45
20250911 110800;23944.5;23947;23944.25;23947;28
20250911 110900;23947.25;23948.25;23946.5;23947.5;39
20250911 111000;23947.5;23948;23946;23946;49
20250911 111100;23945.75;23945.75;23943.75;23944.25;31
20250911 111200;23944.75;23945.5;23944;23945.5;24
20250911 111300;23945.75;23945.75;23944.75;23944.75;9
20250911 111400;23944;23945.25;23943.25;23943.25;39
20250911 111500;23943;23944.5;23943;23944.25;20
20250911 111600;23944;23946;23942.75;23943.5;79
20250911 111700;23943.75;23945;23941.5;23942;83
20250911 111800;23941.75;23942;23939.5;23942;59
20250911 111900;23942;23942.25;23940.5;23941.25;32
20250911 112000;23941.25;23943.5;23941.25;23942.25;37
20250911 112100;23942.25;23942.5;23940.5;23942.25;27
20250911 112200;23942.5;23942.75;23940.75;23941.25;16
20250911 112300;23941.25;23943.5;23941.25;23943.25;24
20250911 112400;23943.75;23945.25;23942.5;23942.5;60
20250911 112500;23942.25;23943.25;23940;23940.5;46
20250911 112600;23941;23941.25;23939;23940.25;60
20250911 112700;23940.75;23942;23940.5;23941.5;23
20250911 112800;23940.5;23943.25;23940.5;23942.75;45
20250911 112900;23942.5;23945;23942.5;23944.5;31
20250911 113000;23944.5;23944.5;23942.5;23943.5;19
20250911 113100;23943;23944.75;23941.75;23943.75;26
20250911 113200;23943.75;23944;23940.5;23940.5;29
20250911 113300;23940.25;23942.25;23940;23942;34
20250911 113400;23941.25;23944.75;23940.5;23943.5;79
20250911 113500;23943.5;23944.75;23940.25;23944.75;94
20250911 113600;23944.75;23945.5;23943;23943.5;44
20250911 113700;23943.5;23945;23942.75;23945;36
20250911 113800;23945.25;23945.5;23943.5;23944.25;38
20250911 113900;23944;23950.25;23943;23945.75;273
20250911 114000;23945.75;23946.75;23941.5;23946.5;104
20250911 114100;23946.5;23948.75;23946;23948.25;59
20250911 114200;23947.75;23949.25;23946.25;23947.25;43
20250911 114300;23947.75;23949;23947;23948.75;33
20250911 114400;23948.75;23949.5;23947.75;23949.5;30
20250911 114500;23949.25;23952.75;23949.25;23949.25;139
20250911 114600;23948.75;23951.25;23947;23950.25;170
20250911 114700;23950.25;23952;23950.25;23950.5;53
20250911 114800;23950.75;23953.25;23950;23950.5;123
20250911 114900;23950.75;23952.75;23949.5;23951;47
20250911 115000;23951.25;23956;23950.75;23954;179
20250911 115100;23953.5;23955.25;23946;23947.25;130
20250911 115200;23946.75;23949.5;23946.5;23949.5;51
20250911 115300;23949;23949;23945.25;23946;53
20250911 115400;23945;23947.25;23944.25;23946.5;83
20250911 115500;23946.75;23947.5;23943.75;23947.5;84
20250911 115600;23947.25;23949.5;23947;23947.25;74
20250911 115700;23946.75;23950;23946.25;23947.5;44
20250911 115800;23948.5;23948.5;23946.75;23948.5;13
20250911 115900;23948.5;23950.25;23948;23949.25;53
20250911 120000;23949;23949;23946;23946.25;79
20250911 120100;23946;23947;23944.5;23945;66
20250911 120200;23945;23947.25;23943.25;23947;63
20250911 120300;23946.25;23949;23943.5;23948.75;72
20250911 120400;23949.25;23952;23948.25;23949;135
20250911 120500;23949.75;23951.25;23946.25;23946.75;112
20250911 120600;23947;23948.5;23944;23946.75;129
20250911 120700;23946.5;23951.25;23944.5;23950.5;125
20250911 120800;23950;23950;23947.25;23948.5;78
20250911 120900;23948.5;23948.5;23943.5;23944;117
20250911 121000;23944.25;23945.5;23942.75;23944.25;122
20250911 121100;23945;23945.5;23943.75;23944.25;59
20250911 121200;23944.5;23944.5;23939;23942.5;123
20250911 121300;23943;23946.75;23942.75;23946.25;73
20250911 121400;23947;23947.25;23944.5;23944.5;69
20250911 121500;23945.75;23947.25;23943;23944.75;100
20250911 121600;23945.5;23948;23944.5;23947;124
20250911 121700;23945.75;23949.5;23942;23949.5;126
20250911 121800;23949;23950.5;23939.75;23942.5;207
20250911 121900;23942.5;23945.25;23940.75;23944.75;142
20250911 122000;23945.5;23947;23942;23942.75;97
20250911 122100;23943.5;23944.5;23941.5;23944.25;128
20250911 122200;23944;23945;23941.5;23945;114
20250911 122300;23945.75;23946.5;23942;23944.75;132
20250911 122400;23945;23956.75;23945;23951.5;415
20250911 122500;23951.75;23952;23940;23943;280
20250911 122600;23943;23943.75;23935.5;23937.5;252
20250911 122700;23937.75;23938.25;23930;23933.5;380
20250911 122800;23934;23941.75;23932;23939;231
20250911 122900;23938.75;23945.5;23937.5;23939.75;311
20250911 123000;23940.25;23953.75;23940;23948;412
20250911 123100;23951;23974;23838;23967.75;2803
20250911 123200;23968.75;23976;23953.75;23956.75;1170
20250911 123300;23956.25;23963.5;23924.5;23925;1029
20250911 123400;23926;23928.75;23887.25;23888.5;1845
20250911 123500;23889.5;23903.5;23881;23882.5;1165
20250911 123600;23882.5;23910.25;23881.25;23909;972
20250911 123700;23909.25;23914.25;23892.75;23898;849
20250911 123800;23898.75;23908;23893.25;23898.75;446
20250911 123900;23899.5;23909.75;23898.75;23905;475
20250911 124000;23906;23906.25;23895;23898.25;443
20250911 124100;23898.5;23916;23897.5;23914.5;748
20250911 124200;23913.75;23920.25;23909.25;23917.25;671
20250911 124300;23917.25;23919.5;23910.5;23913;440
20250911 124400;23913.75;23914.5;23901.75;23908.25;521
20250911 124500;23908.5;23925;23904;23924.5;529
20250911 124600;23924.5;23929.25;23921.25;23926.75;592
20250911 124700;23926.25;23939.5;23923.75;23937.25;677
20250911 124800;23936.25;23948;23934.25;23943.75;873
20250911 124900;23943.5;23943.5;23918.75;23919.5;1084
20250911 125000;23919.5;23934;23915;23932.5;665
20250911 125100;23932;23946.5;23928.5;23944;806
20250911 125200;23944;23950.25;23941.75;23949.75;547
20250911 125300;23950.5;23961.75;23947;23956;889
20250911 125400;23956;23957.25;23948.5;23955.25;422
20250911 125500;23955.5;23959;23948.75;23949.5;346
20250911 125600;23949.25;23957.5;23947;23953.25;494
20250911 125700;23953;23953.5;23941.25;23945;424
20250911 125800;23945.5;23950.5;23939.75;23948.75;409
20250911 125900;23949.5;23955;23947.5;23949.75;308
20250911 130000;23950.75;23961.5;23948.5;23959.75;363
20250911 130100;23959.25;23963.25;23954.75;23959.5;713
20250911 130200;23959.25;23964.5;23955;23959.75;413
20250911 130300;23959.5;23962.75;23952;23955.5;370
20250911 130400;23956;23961.25;23953.5;23959.25;220
20250911 130500;23958.75;23959.5;23953;23954;189
20250911 130600;23952.75;23954.5;23946;23952.25;609
20250911 130700;23952.5;23955;23947.25;23947.5;201
20250911 130800;23947.25;23953.25;23943.5;23946.25;419
20250911 130900;23946;23948.5;23941.25;23944.75;293
20250911 131000;23945.5;23953.5;23943.75;23950.5;261
20250911 131100;23950.75;23953.5;23948;23949.75;210
20250911 131200;23949.75;23954;23949.75;23951.25;130
20250911 131300;23950.75;23954.5;23947;23951.75;175
20250911 131400;23951.75;23951.75;23940.25;23941.75;257
20250911 131500;23941.5;23951.25;23940.5;23949.25;282
20250911 131600;23949.25;23951;23943;23943.75;341
20250911 131700;23943.25;23948.75;23939.75;23945;244
20250911 131800;23945.25;23950.75;23943;23950;210
20250911 131900;23949.5;23953.5;23949;23951;291
20250911 132000;23950.5;23952.75;23949.25;23950.5;182
20250911 132100;23951.75;23959.5;23950.5;23957.25;279
20250911 132200;23956.5;23961;23955.5;23958;193
20250911 132300;23957.5;23958.75;23953.75;23956;177
20250911 132400;23955.75;23956.5;23953.25;23953.75;142
20250911 132500;23954.25;23956.25;23952.25;23954.25;166
20250911 132600;23954.25;23965.75;23952.5;23963.5;805
20250911 132700;23964;23964.5;23961;23963;205
20250911 132800;23963.25;23973.75;23962.25;23972;948
20250911 132900;23972.25;23973.5;23963;23971.5;785
20250911 133000;23971.75;23978;23971.25;23976.75;1191
20250911 133100;23977.25;23996.25;23973;23980;4810
20250911 133200;23980;23995;23967.75;23988;3713
20250911 133300;23988;23997.5;23980.75;23981.25;2568
20250911 133400;23981.5;23994.25;23973.75;23994;2002
20250911 133500;23994.25;23996.75;23977.5;23985;2006
20250911 133600;23984.75;23987.25;23973.25;23976.75;1995
20250911 133700;23976.25;23981.75;23942.25;23951.25;4370
20250911 133800;23951.5;23966.25;23947.25;23949.75;2887
20250911 133900;23950;23953.75;23940.5;23948.75;2186
20250911 134000;23948.75;23950.75;23926.75;23935;2824
20250911 134100;23935;23946;23931.25;23943.25;2329
20250911 134200;23942.75;23944;23922.5;23923.25;2100
20250911 134300;23923.25;23925;23911;23914.75;2502
20250911 134400;23914.5;23933.25;23913;23921.5;2243
20250911 134500;23921.5;23927;23915;23924.75;1489
20250911 134600;23924.25;23932.5;23909.75;23918;2662
20250911 134700;23918.25;23947.75;23917.5;23947.25;2441
20250911 134800;23947.25;23957.25;23941.5;23949;2536
20250911 134900;23949.5;23965;23949.5;23962.75;2002
20250911 135000;23962.75;23965.5;23946.5;23950.25;1527
20250911 135100;23950;23955;23940;23952.25;1670
20250911 135200;23952.25;23965.5;23948.5;23962.75;1817
20250911 135300;23962.5;23963.25;23946.5;23959.25;1420
20250911 135400;23959.5;23977.5;23957.5;23974.5;2529
20250911 135500;23974.5;23978.75;23964;23971.25;1838
20250911 135600;23971.25;23976;23961.25;23970.25;1758
20250911 135700;23969.75;23976.25;23960.75;23972.75;1262
20250911 135800;23972.75;23983.75;23969.75;23983.25;1856
20250911 135900;23983;23987.75;23968.75;23970.25;2059
20250911 140000;23970.5;23981;23966;23979.75;1150
20250911 140100;23978.75;23983.25;23964.5;23966.5;2032
20250911 140200;23966.75;23975.5;23964;23967.75;1300
20250911 140300;23967.75;23977.75;23962;23964.5;1383
20250911 140400;23965.25;23978.75;23964;23978.5;1174
20250911 140500;23978;23983.25;23974.5;23980.5;1269
20250911 140600;23980;23986.5;23977.5;23980;1343
20250911 140700;23980.25;24004;23979.75;23995.5;3124
20250911 140800;23995.75;24000.25;23988.5;23998.5;1400
20250911 140900;23998.25;24002.75;23994.5;24001;1201
20250911 141000;24001;24003;23983.75;23986.5;1651
20250911 141100;23986.5;23991.75;23962.75;23968.5;2954
20250911 141200;23968.25;23982;23967;23971.5;1380
20250911 141300;23972;23977;23971.25;23972.25;815
20250911 141400;23972;23981.5;23963;23963.5;2138
20250911 141500;23964;23968.25;23955;23959.25;1905
20250911 141600;23959.5;23966.25;23957.5;23963.75;1285
20250911 141700;23963.5;23963.75;23950.5;23959.5;1504
20250911 141800;23960;23977.5;23959.75;23975.5;1891
20250911 141900;23975.25;23977.75;23957.75;23962.25;1288
20250911 142000;23962.75;23967;23947.5;23952.5;1508
20250911 142100;23951.75;23961.5;23947;23955.5;1415
20250911 142200;23956;23968;23954.5;23961.5;1264
20250911 142300;23962;23964.75;23951;23954.5;708
20250911 142400;23954.75;23963.25;23952.25;23957.75;738
20250911 142500;23958;23969;23957.75;23968.75;920
20250911 142600;23968.5;23970;23961.25;23965.5;870
20250911 142700;23965.25;23971.75;23964;23967.75;903
20250911 142800;23966;23968.5;23951;23961.5;1270
20250911 142900;23961;23970;23958.75;23962.25;1099
20250911 143000;23961.25;23967.25;23956.75;23965.5;775
20250911 143100;23965;23971.75;23961.25;23971.5;965
20250911 143200;23971;23977;23965.75;23974.5;1123
20250911 143300;23975;23985;23974;23982.75;1361
20250911 143400;23982.75;23990;23979;23988;1330
20250911 143500;23987.75;23999.5;23987.25;23998.25;1441
20250911 143600;23997.75;24007.5;23996.25;24005.5;2322
20250911 143700;24006;24008.75;23999.5;24005.5;1559
20250911 143800;24005.75;24008.25;24001.25;24002.25;1276
20250911 143900;24002.25;24007.75;24001.5;24003.5;838
20250911 144000;24003.5;24013;24003.25;24012;1380
20250911 144100;24012.25;24016.5;24010.5;24013.75;1401
20250911 144200;24013.5;24017.5;24006.25;24010.25;1319
20250911 144300;24010;24015.75;24010;24013.25;1041
20250911 144400;24013.25;24014.75;24007.75;24009;673
20250911 144500;24009;24015.25;24008.5;24014.25;741
20250911 144600;24014;24020;23999.5;24001.75;2486
20250911 144700;24002.25;24008.5;24002.25;24003.75;908
20250911 144800;24004;24006;23993.75;24003;1240
20250911 144900;24002.75;24005.5;23998.75;24003.25;898
20250911 145000;24003.5;24008.5;24003;24006;752
20250911 145100;24006.5;24009.75;23995;23996.5;1072
20250911 145200;23996.5;24000.25;23985.5;23987.5;1481
20250911 145300;23987.5;23990.25;23977.75;23978.75;2030
20250911 145400;23979.25;23987.5;23975.75;23986.5;1460
20250911 145500;23986.5;23997.75;23985.75;23991.5;1166
20250911 145600;23991.25;23995.5;23975;23979.5;1766
20250911 145700;23979.5;23988.25;23975.5;23984.25;1082
20250911 145800;23983.75;23993.5;23982.25;23991.75;748
20250911 145900;23991.5;23998.75;23991;23994;975
20250911 150000;23993.5;24004;23992.75;24003.5;1013
20250911 150100;24003.5;24008;24001.25;24003.25;1412
20250911 150200;24003.5;24008.5;24001.5;24005.25;712
20250911 150300;24005.5;24010;24003;24003.75;675
20250911 150400;24004.75;24010.75;24004.5;24009.25;745
20250911 150500;24010.25;24012;24005.5;24006.5;708
20250911 150600;24006.75;24009.75;24000.5;24009;1052
20250911 150700;24009;24015.75;24007.75;24013.75;797
20250911 150800;24014;24017.25;24010;24011.75;950
20250911 150900;24012;24016.75;24007.5;24010.5;612
20250911 151000;24010;24013;24004.75;24006.75;712
20250911 151100;24007;24012;24005.75;24009;593
20250911 151200;24008.5;24014;24005.75;24012.75;481
20250911 151300;24012.75;24018.5;24012;24014;1032
20250911 151400;24013.75;24018.75;24011;24014;878
20250911 151500;24014;24017.25;24012.25;24016.75;525
20250911 151600;24016.5;24017.5;24014;24015.5;557
20250911 151700;24015.75;24029.25;24014;24028.5;2868
20250911 151800;24028.5;24033.75;24025.25;24033.5;1638
20250911 151900;24033;24046;24032.5;24042.5;2981
20250911 152000;24042;24042.5;24037;24039.75;1357
20250911 152100;24040;24044;24036;24041;1292
20250911 152200;24041.25;24043.5;24030;24032.75;1578
20250911 152300;24032.75;24034.75;24027.25;24028;911
20250911 152400;24028;24035.5;24027;24033.5;732
20250911 152500;24033.5;24038;24025.5;24029;1275
20250911 152600;24028.75;24039.5;24027.75;24035.75;1124
20250911 152700;24036.25;24038.5;24028.25;24029.75;758
20250911 152800;24030;24034.5;24025.25;24025.75;711
20250911 152900;24025.5;24038;24025.25;24035.75;801
20250911 153000;24035.5;24038;24031.5;24037.75;610
20250911 153100;24037.75;24044;24037.5;24042.25;1059
20250911 153200;24042.75;24045;24038.5;24043.25;780
20250911 153300;24043.5;24044.5;24038;24039.25;646
20250911 153400;24039.25;24045.5;24038;24042.25;1113
20250911 153500;24041.75;24041.75;24036.25;24037;536
20250911 153600;24037.5;24038.75;24033;24034.5;787
20250911 153700;24034.5;24037.25;24027.5;24029.75;914
20250911 153800;24030;24039.25;24029.5;24037.5;763
20250911 153900;24037.25;24037.75;24023.75;24025.5;891
20250911 154000;24025.75;24029;24023.25;24025;643
20250911 154100;24024.25;24026.5;24019.25;24024.75;1288
20250911 154200;24024.5;24028.25;24022.25;24026.25;638
20250911 154300;24025.75;24028;24021.5;24024.25;444
20250911 154400;24024;24026.5;24020;24022.5;417
20250911 154500;24023.5;24023.75;24018.75;24018.75;492
20250911 154600;24019.25;24022.75;24015.75;24019.25;908
20250911 154700;24018.75;24019.25;24004;24006.5;1543
20250911 154800;24006.75;24014.5;24003;24014.25;1062
20250911 154900;24013.75;24016.25;24008.75;24012.75;821
20250911 155000;24012.5;24012.75;24006.5;24011.25;586
20250911 155100;24011.25;24017.5;24010.5;24016.5;792
20250911 155200;24016.25;24024.5;24014.75;24023.25;1195
20250911 155300;24023.25;24029.25;24022.75;24025.75;909
20250911 155400;24025.75;24027.25;24021.75;24022;526
20250911 155500;24021.5;24028.25;24021.5;24026.75;438
20250911 155600;24026;24029.5;24024.75;24025.5;411
20250911 155700;24025.5;24030;24023.25;24023.75;531
20250911 155800;24023.5;24028.5;24021.75;24026.5;374
20250911 155900;24026.25;24027.75;24024.25;24027;303
20250911 160000;24026.75;24028;24023.75;24024.75;304
20250911 160100;24024.5;24028.75;24021.5;24028.5;561
20250911 160200;24027.75;24036.25;24027.25;24036;1048
20250911 160300;24035.5;24037.25;24032.25;24032.5;515
20250911 160400;24032.5;24040;24032;24039.5;588
20250911 160500;24039.5;24043.5;24039.25;24041.5;989
20250911 160600;24041.75;24042.5;24034;24035;736
20250911 160700;24035;24036.5;24033.5;24035.75;335
20250911 160800;24036.25;24038.5;24035.25;24036.25;324
20250911 160900;24036.5;24039.75;24034;24037.5;329
20250911 161000;24038;24041;24035.75;24037;400
20250911 161100;24037;24040.5;24035.5;24038;358
20250911 161200;24038.25;24038.25;24034.5;24036;394
20250911 161300;24036.75;24039.75;24035.75;24038.5;304
20250911 161400;24038.5;24038.75;24033.5;24035.25;470
20250911 161500;24035.25;24036.75;24032.5;24033.5;378
20250911 161600;24033.75;24039;24031.25;24037.5;700
20250911 161700;24037.5;24038.75;24033.25;24034.25;434
20250911 161800;24034;24035.25;24029.75;24030;492
20250911 161900;24030;24032;24025;24029.5;759
20250911 162000;24029.25;24038;24028.75;24037.5;677
20250911 162100;24037.25;24039.75;24036;24036;555
20250911 162200;24036.25;24039.75;24035.75;24039.5;385
20250911 162300;24039.5;24041.75;24038.75;24041;596
20250911 162400;24041.25;24041.5;24036.75;24037.25;441
20250911 162500;24037;24037.25;24029.75;24032.25;554
20250911 162600;24032.5;24037.5;24032;24035.75;372
20250911 162700;24035.5;24037;24033.5;24034.5;351
20250911 162800;24034.25;24034.5;24028;24030.5;434
20250911 162900;24030.25;24032;24026.25;24028.25;328
20250911 163000;24028.25;24030.5;24023;24024.5;675
20250911 163100;24024.5;24033.5;24024.5;24026.25;614
20250911 163200;24026.5;24028;24024.25;24025.25;341
20250911 163300;24025;24031.75;24022.5;24028.5;482
20250911 163400;24029;24032.25;24028.5;24029.5;362
20250911 163500;24030;24030;24023.25;24025.5;348
20250911 163600;24025;24026.5;24019;24020;797
20250911 163700;24019.5;24022.5;24018.5;24020;298
20250911 163800;24020.25;24023.25;24017.5;24021.5;556
20250911 163900;24021.25;24021.5;24018.25;24020;297
20250911 164000;24020;24021.25;24016.75;24016.75;421
20250911 164100;24017;24017.25;24008.75;24009;867
20250911 164200;24009.5;24014.25;24008.5;24010.25;538
20250911 164300;24010.25;24015.5;24006;24015.5;890
20250911 164400;24015;24016.75;24011;24013.75;600
20250911 164500;24013.5;24019;24013.25;24014.75;490
20250911 164600;24014.5;24017.5;24010;24010.5;596
20250911 164700;24010.5;24012.75;24007.25;24008;391
20250911 164800;24008.5;24013;24008;24010.25;394
20250911 164900;24009.75;24016.5;24008.75;24012.25;577
20250911 165000;24011.75;24017.75;24011.75;24016.75;314
20250911 165100;24016.25;24016.25;24007.25;24009;519
20250911 165200;24009;24010.75;24003;24003.75;437
20250911 165300;24004;24004.25;23994;23995.5;1236
20250911 165400;23995.75;24003;23995.5;24001.25;653
20250911 165500;24001;24008.75;24000.75;24008.5;657
20250911 165600;24008;24009.75;24001.75;24009;716
20250911 165700;24008.5;24016.25;24008.5;24013;1046
20250911 165800;24012.75;24016.5;24009.25;24015.25;632
20250911 165900;24015.25;24017;24012.25;24015;482
20250911 170000;24014.75;24014.75;24006.5;24008.5;628
20250911 170100;24009;24010.75;24002.5;24006.5;594
20250911 170200;24006;24010.75;24000;24004.25;681
20250911 170300;24004.5;24007.5;23999.75;24001.5;520
20250911 170400;24001.25;24003.5;23998;24002;603
20250911 170500;24001.75;24004.75;23999.75;24002.25;292
20250911 170600;24001.25;24004;23997.25;23999.25;603
20250911 170700;23999.75;24004.75;23998.5;24002;364
20250911 170800;24002.5;24007.5;23998.5;24005.25;587
20250911 170900;24005;24009;24001.75;24005.25;400
20250911 171000;24005.25;24013.5;24003;24012.25;596
20250911 171100;24012.25;24016.75;24012;24013.25;658
20250911 171200;24013.25;24023.25;24013;24020.25;1073
20250911 171300;24019.75;24025.25;24018.75;24023.75;646
20250911 171400;24023.5;24026;24022.75;24025.5;730
20250911 171500;24025.75;24026.5;24022.5;24024.25;455
20250911 171600;24024.5;24027.25;24021.75;24023.5;544
20250911 171700;24024.25;24026.75;24023;24026.5;437
20250911 171800;24026.75;24027.25;24022.5;24025.5;342
20250911 171900;24024.5;24025.5;24013.25;24014;794
20250911 172000;24014.25;24016.75;24011.75;24016.25;564
20250911 172100;24016;24023.25;24014;24017.5;735
20250911 172200;24017.25;24018.75;24014.25;24017.25;249
20250911 172300;24017.25;24024;24017;24023.5;341
20250911 172400;24023;24025.75;24020;24020.75;418
20250911 172500;24021;24027;24020.25;24024.75;378
20250911 172600;24024.75;24030;24024.75;24029;599
20250911 172700;24029.25;24029.25;24025.5;24027.25;469
20250911 172800;24026.5;24027.25;24021.25;24023.75;419
20250911 172900;24023.75;24025;24015.75;24017;584
20250911 173000;24017.25;24017.5;24012.75;24014;487
20250911 173100;24014;24022.5;24013.5;24022;568
20250911 173200;24021.75;24022.5;24017.25;24021.75;372
20250911 173300;24021.75;24024.75;24019.75;24022.75;422
20250911 173400;24023.25;24029.75;24022.75;24027.75;675
20250911 173500;24027.75;24028.5;24024.5;24026.5;303
20250911 173600;24026.25;24030.5;24023.75;24028.5;505
20250911 173700;24028.75;24030;24024.5;24027;277
20250911 173800;24026.5;24029.5;24024.5;24026.75;262
20250911 173900;24026.5;24027.25;24023.5;24024.5;371
20250911 174000;24024.5;24024.75;24020.25;24023.5;367
20250911 174100;24024;24033.5;24024;24033;932
20250911 174200;24033;24033.75;24028;24029.75;428
20250911 174300;24029.5;24030.75;24021.75;24023.25;610
20250911 174400;24023.5;24028.75;24022.25;24027.5;373
20250911 174500;24028.25;24032.75;24028.25;24029.5;479
20250911 174600;24029.75;24031.75;24019;24019.25;613
20250911 174700;24019.25;24022.75;24017.75;24020.75;529
20250911 174800;24020.25;24020.75;24016;24017.75;473
20250911 174900;24018;24018.75;24008.75;24009.5;994
20250911 175000;24009.25;24013.75;24008;24009.5;550
20250911 175100;24009.75;24010.5;24004;24007;759
20250911 175200;24007.25;24010;24004.25;24009.75;670
20250911 175300;24009;24015.5;24009;24014.5;681
20250911 175400;24014;24021.75;24013.5;24021.75;756
20250911 175500;24021.5;24024.5;24017.25;24024.25;601
20250911 175600;24023.75;24023.75;24017.75;24020.25;427
20250911 175700;24020.25;24023.75;24018.5;24021;338
20250911 175800;24020.5;24028.5;24019.5;24025.75;490
20250911 175900;24025.25;24032.25;24022.75;24030;766
20250911 180000;24030.25;24033;24029.25;24032.25;420
20250911 180100;24032.75;24035.75;24029;24029.75;851
20250911 180200;24029.25;24031.25;24027.75;24029.5;351
20250911 180300;24029.5;24029.75;24026.75;24027;292
20250911 180400;24027.25;24027.75;24023.5;24026.5;588
20250911 180500;24026.25;24026.75;24023.25;24026.25;359
20250911 180600;24026.5;24032.75;24024.5;24027.75;719
20250911 180700;24028.5;24030;24026;24027;301
20250911 180800;24027.75;24031;24026.75;24028.5;297
20250911 180900;24028.75;24029;24024.5;24026;419
20250911 181000;24026.25;24030.5;24026.25;24029.25;247
20250911 181100;24029;24029.75;24024.5;24027;362
20250911 181200;24027.25;24032;24026;24030.75;452
20250911 181300;24030.5;24035;24028.25;24032.25;485
20250911 181400;24031.75;24032.5;24028.5;24031.5;318
20250911 181500;24032;24032.25;24022;24026.75;947
20250911 181600;24026.75;24028;24023.75;24025;347
20250911 181700;24025;24029.75;24022.25;24023;493
20250911 181800;24023.25;24027.25;24023;24024;650
20250911 181900;24024.75;24026.75;24021;24022.75;364
20250911 182000;24022.5;24026.5;24022.25;24022.5;362
20250911 182100;24022.75;24026.25;24016.25;24017.25;681
20250911 182200;24017;24021.25;24015.75;24019.5;359
20250911 182300;24019.75;24021.75;24017.75;24018.75;282
20250911 182400;24018.5;24023.25;24017.75;24021.25;250
20250911 182500;24020.75;24023.75;24020.25;24021.25;333
20250911 182600;24020.75;24028.75;24020.25;24027.25;592
20250911 182700;24026.75;24027;24018;24018;492
20250911 182800;24017.75;24018.5;24014.5;24014.5;598
20250911 182900;24014.5;24019.5;24014.25;24017.5;415
20250911 183000;24017.75;24022.75;24016.75;24021.5;697
20250911 183100;24021.25;24025.5;24020.75;24021.25;402
20250911 183200;24021.25;24025.5;24019;24020.25;452
20250911 183300;24019.75;24022.25;24018.25;24018.5;282
20250911 183400;24019;24022;24017.25;24020.5;274
20250911 183500;24020.25;24021.75;24018.5;24019.5;252
20250911 183600;24019.75;24021;24017.75;24019.25;244
20250911 183700;24018.75;24025.5;24017;24024;430
20250911 183800;24023.75;24025.5;24021.5;24023.25;491
20250911 183900;24023.5;24027.5;24022.75;24026.5;400
20250911 184000;24026.5;24029.5;24025.5;24029;420
20250911 184100;24028.75;24030;24026.25;24027.5;402
20250911 184200;24027;24029;24025.75;24029;232
20250911 184300;24029;24031.5;24027.5;24031;353
20250911 184400;24030.75;24033.75;24030.25;24033;464
20250911 184500;24033;24034.5;24031.75;24032.5;403
20250911 184600;24032.75;24035.25;24031;24032.75;451
20250911 184700;24033;24034.5;24031.5;24034;272
20250911 184800;24033.5;24034.25;24030;24031.25;263
20250911 184900;24032;24033.25;24031.25;24033.25;169
20250911 185000;24033.5;24038;24033.5;24035.75;570
20250911 185100;24036;24044.5;24036;24036.75;1180
20250911 185200;24037.25;24038.25;24034.25;24037;508
20250911 185300;24037.25;24038;24034.75;24036.25;271
20250911 185400;24036;24038;24033.5;24036.25;396
20250911 185500;24036;24036.25;24032.75;24035;412
20250911 185600;24034.75;24038.25;24032.75;24037.75;364
20250911 185700;24037.75;24037.75;24034.25;24037.5;265
20250911 185800;24038;24042;24038;24038.75;507
20250911 185900;24039.5;24039.75;24033.25;24034.5;524
20250911 190000;24034;24035.5;24031.75;24033.75;406
20250911 190100;24033.75;24034.5;24029;24030.25;607
20250911 190200;24030.5;24034.25;24029.25;24033.5;405
20250911 190300;24033;24035;24030.5;24031.25;296
20250911 190400;24031.5;24032;24028;24029.75;385
20250911 190500;24029.75;24032;24028.75;24031;300
20250911 190600;24030.5;24033.25;24029.5;24032.25;311
20250911 190700;24032.5;24036.25;24031.25;24035;469
20250911 190800;24034.75;24037.5;24033.25;24034.75;424
20250911 190900;24035;24035;24024.5;24026;653
20250911 191000;24026.5;24027;24024.25;24025;400
20250911 191100;24025.25;24029.25;24022.75;24027.75;774
20250911 191200;24028;24031.25;24026;24029;429
20250911 191300;24029.25;24030.5;24027;24029.75;311
20250911 191400;24029.25;24031;24026.25;24027.75;281
20250911 191500;24027.75;24028;24022;24023.75;545
20250911 191600;24023.25;24026.25;24021.25;24023.25;607
20250911 191700;24023.5;24027;24023;24023.5;323
20250911 191800;24023;24028.75;24023;24026.75;334
20250911 191900;24026.5;24031.75;24026.25;24030.75;409
20250911 192000;24030.75;24033.75;24029.25;24031;781
20250911 192100;24030.75;24032;24027.5;24029.5;484
20250911 192200;24029.25;24032;24028.5;24029.25;247
20250911 192300;24029.25;24033;24029;24031.5;271
20250911 192400;24031.5;24036.5;24030.75;24036.5;591
20250911 192500;24036.25;24036.5;24032.75;24033.25;304
20250911 192600;24033.5;24038.5;24032.5;24033.5;575
20250911 192700;24033.75;24034.25;24030.75;24032;312
20250911 192800;24032.5;24033;24029.75;24031.25;224
20250911 192900;24032;24034.75;24032;24033.75;387
20250911 193000;24033.75;24034.5;24032.25;24033;318
20250911 193100;24033;24038;24030.75;24037;704
20250911 193200;24037;24041.25;24036.25;24040.25;716
20250911 193300;24040.25;24040.75;24036.25;24036.25;367
20250911 193400;24036.5;24040.75;24036.25;24038.5;375
20250911 193500;24038.25;24039;24028.5;24036;961
20250911 193600;24036;24037.75;24030;24031.25;745
20250911 193700;24031;24035;24030;24033.75;503
20250911 193800;24033.5;24034.75;24030.75;24034.25;362
20250911 193900;24034.25;24037;24033.75;24035.5;275
20250911 194000;24035;24039;24034.75;24035.75;421
20250911 194100;24036;24037.5;24031.25;24031.75;360
20250911 194200;24031.5;24033;24028.75;24030.5;503
20250911 194300;24030.5;24031.5;24024.5;24025.75;590
20250911 194400;24025.5;24029;24025;24025.75;514
20250911 194500;24026.25;24028.5;24025.5;24026;312
20250911 194600;24026.25;24036;24024;24033.5;989
20250911 194700;24033.5;24035.5;24032;24033.5;335
20250911 194800;24034;24037.5;24033.25;24035.75;450
20250911 194900;24035.5;24035.75;24031.5;24035;393
20250911 195000;24035;24037.25;24034.25;24036;398
20250911 195100;24036.25;24044;24027.25;24042.75;1923
20250911 195200;24042.5;24043.75;24038.75;24041;819
20250911 195300;24041.25;24041.75;24032.75;24036;773
20250911 195400;24036.25;24037.25;24030.5;24031.25;492
20250911 195500;24031.5;24042.5;24030.25;24035.75;1053
20250911 195600;24035.75;24040.75;24026.5;24027;1623
20250911 195700;24027;24032.75;24025.75;24032;1034
20250911 195800;24032;24037;24029.25;24036.25;945
20250911 195900;24036;24036.5;24030.25;24033.25;1147
20250911 200000;24032.75;24039.25;24007.5;24011.75;8216
20250911 200100;24011.75;24015.5;24003.75;24006.25;3094
20250911 200200;24006.25;24011;24004.25;24010;1690
20250911 200300;24010;24011;24007.5;24008.25;665
20250911 200400;24008.25;24011.5;24007;24009;495
20250911 200500;24009.25;24012;24009;24010;445
20250911 200600;24010.25;24023.75;24009.25;24021.75;1322
20250911 200700;24021.5;24023.75;24019.25;24023.25;454
20250911 200800;24022.5;24023.25;24019;24019;340
20250911 200900;24019.5;24023;24019.25;24022.25;227
20250911 201000;24022.25;24022.5;24020;24020.5;155
20250911 201100;24020;24021.75;24019.5;24020;215
20250911 201200;24019.75;24020;24014.25;24014.75;298
20250911 201300;24015;24015.5;24009.75;24012.25;450
20250911 201400;24012.25;24012.75;24008.25;24008.25;207
20250911 201500;24009.25;24009.25;24004.75;24007.25;312
20250911 201600;24007.5;24009.75;24006;24009;203
20250911 201700;24009.25;24016;24009.25;24012.5;362
20250911 201800;24012.75;24013.75;24008.5;24008.75;315
20250911 201900;24008.75;24010.5;24007.5;24009.5;78
20250911 202000;24010;24011.25;24008.75;24011;61
20250911 202100;24011.25;24012;24009.75;24011.75;46
20250911 202200;24012;24013.25;24009.75;24009.75;98
20250911 202300;24010;24011;24009.75;24010;37
20250911 202400;24010.25;24011;24009.75;24010.25;37
20250911 202500;24010.5;24012;24009.75;24011.25;54
20250911 202600;24010.75;24011.25;24009.5;24011.25;64
20250911 202700;24011.25;24013.75;24010.5;24012.5;114
20250911 202800;24012.25;24013.5;24011;24012.5;79
20250911 202900;24012.5;24012.75;24010.5;24010.75;65
20250911 203000;24011;24012.25;24010.5;24012.25;87
20250911 203100;24011.75;24014.5;24010.75;24013.75;70
20250911 203200;24013.75;24014.5;24013;24013;69
20250911 203300;24013.25;24014;24013;24013.5;40
20250911 203400;24013.5;24014.5;24012;24014.25;95
20250911 203500;24014.5;24014.75;24012.5;24012.75;55
20250911 203600;24012.25;24013.25;24011.75;24013;46
20250911 203700;24012.5;24013;24008;24009;155
20250911 203800;24009.25;24011.5;24009;24010.75;50
20250911 203900;24010.75;24010.75;24009;24009.75;45
20250911 204000;24010;24010.25;24008;24008.25;74
20250911 204100;24008;24008.25;24005;24005.5;83
20250911 204200;24005.75;24007;24005.5;24006;52
20250911 204300;24005.75;24006.75;24005.5;24006;26
20250911 204400;24006.25;24008;24006;24007;33
20250911 204500;24007;24008.75;24005.5;24006.75;163
20250911 204600;24006.5;24008;24004.25;24008;211
20250911 204700;24007.25;24009.75;24006.75;24009;67
20250911 204800;24008.75;24012;24008;24011;123
20250911 204900;24011;24012;24009.75;24011.25;65
20250911 205000;24011.25;24011.5;24009.75;24011.25;76
20250911 205100;24011;24011.75;24009.25;24009.25;69
20250911 205200;24008.5;24008.5;24007.25;24008;55
20250911 205300;24008.25;24010.25;24008;24010.25;39
20250911 205400;24010.25;24010.75;24008.75;24008.75;20
20250911 205500;24009;24010.75;24009;24010.25;55
20250911 205600;24009.75;24010.75;24008.5;24010;68
20250911 205700;24010;24010.5;24008;24009.5;54
20250911 205800;24009.25;24009.75;24007.25;24009;107
20250911 205900;24008.75;24008.75;24006.5;24007.75;74
20250911 210000;24008;24009.75;24005.75;24006.75;115
20250911 210400;24006.75;24006.75;24006.75;24006.75;2
20250911 220100;24028.25;24029.25;24012.25;24014.5;443
20250911 220200;24014.75;24024;24013.75;24018.25;182
20250911 220300;24016.75;24022;24015.75;24019.25;104
20250911 220400;24018.25;24021.25;24017.25;24020.5;92
20250911 220500;24020.5;24021;24012;24019.25;268
20250911 220600;24017.5;24020;24014.25;24017.5;115
20250911 220700;24017.25;24024.25;24017;24019;204
20250911 220800;24018.25;24022;24017.25;24021.75;139
20250911 220900;24022;24025;24020.5;24023.5;125
20250911 221000;24023.75;24025;24020;24022.75;99
20250911 221100;24024;24024.5;24021.75;24023.5;125
20250911 221200;24022;24023;24017;24018;162
20250911 221300;24018.25;24020;24017.5;24018;43
20250911 221400;24017.5;24018.25;24016.25;24017.5;65
20250911 221500;24017.75;24018;24014.25;24015;74
20250911 221600;24014.5;24016.75;24013;24013;41
20250911 221700;24013;24014.25;24012.25;24012.25;34
20250911 221800;24012;24014.5;24010.75;24012.75;87
20250911 221900;24013.5;24014.75;24012;24012;32
20250911 222000;24012;24012.5;24009.75;24010.25;76
20250911 222100;24010.5;24010.5;24006.5;24008.25;179
20250911 222200;24009.25;24017.25;24008.5;24016.25;135
20250911 222300;24016.25;24016.5;24014;24015;33
20250911 222400;24016.5;24016.75;24012.75;24012.75;32
20250911 222500;24013.5;24015;24012.5;24014;18
20250911 222600;24014.25;24016.5;24014;24014.75;39
20250911 222700;24013.75;24013.75;24011.5;24012;33
20250911 222800;24012.25;24014.5;24011;24014;42
20250911 222900;24013;24013;24011.5;24013;33
20250911 223000;24013.75;24016.25;24013.5;24014;51
20250911 223100;24014.5;24016.5;24007.75;24011.25;105
20250911 223200;24009.5;24010;24007;24008;65
20250911 223300;24008.25;24010.5;24007.5;24010.5;59
20250911 223400;24010.25;24010.75;24008;24008;47
20250911 223500;24008;24009;24007.75;24007.75;32
20250911 223600;24008.25;24010.75;24007;24009.25;56
20250911 223700;24010;24010.75;24007.25;24007.75;49
20250911 223800;24008;24008.5;24006;24007.25;32
20250911 223900;24007;24007.5;24005;24006;65
20250911 224000;24006.25;24007.75;24006;24007;40
20250911 224100;24006.5;24006.75;24005;24006.5;41
20250911 224200;24006.5;24007.25;24001;24003.75;195
20250911 224300;24004;24007;24004;24005;100
20250911 224400;24005;24007.25;24002.75;24006;41
20250911 224500;24005.5;24006.25;24004.75;24005;17
20250911 224600;24004.75;24005.25;24003;24005.25;26
20250911 224700;24005.25;24007;24004.75;24007;35
20250911 224800;24007;24008.75;24006;24008.75;37
20250911 224900;24008.25;24010.25;24008;24010;41
20250911 225000;24009.5;24009.5;24008;24008.25;14
20250911 225100;24007.75;24009.75;24007.75;24009.75;8
20250911 225200;24008.5;24010;24007.25;24010;23
20250911 225300;24010;24011;24009;24011;30
20250911 225400;24010.75;24014.25;24009.75;24014.25;65
20250911 225500;24014.5;24014.75;24011.5;24012.75;48
20250911 225600;24013;24013.75;24012.5;24013.75;28
20250911 225700;24013.25;24014;24013.25;24014;17
20250911 225800;24013.75;24013.75;24012.25;24013.25;9
20250911 225900;24013.25;24013.25;24011.5;24012;14
20250911 230000;24012.25;24014;24012.25;24013.75;19
20250911 230100;24013.5;24013.5;24012.25;24013.25;26
20250911 230200;24012.5;24013.75;24012;24012;35
20250911 230300;24011.75;24012;24009.75;24011.5;49
20250911 230400;24012.25;24012.25;24009.75;24009.75;17
20250911 230500;24011.5;24012;24011.25;24011.5;10
20250911 230600;24011.25;24011.25;24008;24008.25;34
20250911 230700;24008.25;24008.5;24007;24007;34
20250911 230800;24007.25;24008;24007.25;24007.5;10
20250911 230900;24007.75;24007.75;24005.25;24006.25;31
20250911 231000;24005.5;24006.75;24005;24006.5;26
20250911 231100;24007.25;24007.75;24006.25;24007;32
20250911 231200;24007.25;24011.25;24006.75;24011.25;38
20250911 231300;24011.25;24012.75;24010.25;24010.25;54
20250911 231400;24010.5;24013.25;24010.25;24013.25;19
20250911 231500;24012.75;24018;24012.75;24016.25;97
20250911 231600;24015.75;24017.75;24015;24016.5;53
20250911 231700;24015.5;24016;24014.25;24014.5;22
20250911 231800;24015.25;24015.5;24014.5;24015.5;9
20250911 231900;24016.25;24017.5;24016.25;24017.25;22
20250911 232000;24017;24018.75;24016.75;24017.75;31
20250911 232100;24017.5;24019.5;24017;24019.25;50
20250911 232200;24019.25;24021.5;24019.25;24021.5;73
20250911 232300;24021.5;24022.75;24020.25;24021.5;36
20250911 232400;24020.5;24022.5;24020.25;24022.25;17
20250911 232500;24022.5;24023.75;24022;24022;52
20250911 232600;24022;24022.25;24019.5;24020;64
20250911 232700;24019.5;24020.75;24019.25;24020;19
20250911 232800;24019.75;24019.75;24016.25;24016.25;40
20250911 232900;24017;24019;24016.75;24018.5;45
20250911 233000;24018.25;24018.5;24017.25;24018.5;21
20250911 233100;24018.25;24020.5;24018;24020;28
20250911 233200;24020.5;24023;24020.25;24022.75;36
20250911 233300;24022.25;24023;24021;24021.5;22
20250911 233400;24021.25;24021.25;24019;24020;32
20250911 233500;24020.75;24023.25;24020.75;24021.5;45
20250911 233600;24022;24024;24021.25;24021.25;40
20250911 233700;24022.5;24025;24022;24023.5;43
20250911 233800;24023.75;24023.75;24022.5;24023;17
20250911 233900;24023;24023.5;24019.25;24019.25;47
20250911 234000;24018.5;24019.5;24017.5;24018.75;41
20250911 234100;24018.5;24020.25;24018.25;24019.25;19
20250911 234200;24019.25;24019.75;24018.5;24018.5;14
20250911 234300;24018;24019.5;24018;24019.25;11
20250911 234400;24019.75;24021.5;24019.75;24020;30
20250911 234500;24020.25;24021.25;24020;24020.25;21
20250911 234600;24020.25;24020.25;24017.75;24017.75;33
20250911 234700;24018;24020.25;24018;24019.75;25
20250911 234800;24019;24020.25;24018.75;24018.75;13
20250911 234900;24018.75;24019.75;24017.75;24018.75;22
20250911 235000;24019.25;24019.5;24017.75;24018;20
20250911 235100;24017.25;24019.25;24016.5;24018;46
20250911 235200;24018;24019;24017.25;24017.25;31
20250911 235300;24018.5;24019;24018.5;24018.75;5
20250911 235400;24018.75;24022.75;24018.75;24021.75;44
20250911 235500;24022.25;24022.25;24020.75;24020.75;25
20250911 235600;24020.5;24021.5;24019;24019;25
20250911 235700;24018.75;24023.75;24018.75;24023.75;55
20250911 235800;24023.25;24025.75;24021.5;24021.75;74
20250911 235900;24022.5;24023.25;24020.25;24020.5;53
20250912 000000;24021.25;24021.5;24019.75;24020.25;21
20250912 000100;24019.75;24020.5;24010.5;24012.5;287
20250912 000200;24012.5;24012.5;24009.5;24010.5;87
20250912 000300;24011.25;24012.5;24010.75;24011.25;33
20250912 000400;24010.25;24013;24010.25;24010.75;42
20250912 000500;24010.25;24011;24008.25;24010.5;38
20250912 000600;24010.25;24011.75;24008.75;24009;52
20250912 000700;24008.5;24010.5;24007;24010.5;107
20250912 000800;24008.5;24009;24006.25;24007.75;64
20250912 000900;24008.75;24010.25;24007.75;24009.75;29
20250912 001000;24009;24010.5;24008;24009.75;22
20250912 001100;24009.25;24013.5;24008.5;24011.75;105
20250912 001200;24011;24012;24009.75;24011;44
20250912 001300;24011.75;24014;24011.25;24011.5;24
20250912 001400;24012.5;24014.25;24012.25;24013;32
20250912 001500;24014;24016.75;24012.75;24013;64
20250912 001600;24013.25;24016;24013;24013.75;49
20250912 001700;24013.25;24016.25;24011.5;24011.5;39
20250912 001800;24012.5;24014.5;24011.25;24014;40
20250912 001900;24013.25;24013.25;24011.25;24011.75;16
20250912 002000;24012.75;24012.75;24012;24012.75;6
20250912 002100;24012.25;24015;24012;24014;29
20250912 002200;24014.25;24019;24013;24018.75;81
20250912 002300;24018.5;24019.25;24016.5;24019.25;54
20250912 002400;24019;24021.5;24017.75;24018.25;47
20250912 002500;24018.25;24018.25;24016.5;24017.5;26
20250912 002600;24018;24022;24017.75;24020.5;68
20250912 002700;24020.25;24022;24020.25;24022;23
20250912 002800;24021.5;24023;24021;24021;56
20250912 002900;24021.25;24022.25;24019.25;24019.25;52
20250912 003000;24019;24019.75;24016.25;24018;81
20250912 003100;24017.75;24019.25;24014.75;24015.25;117
20250912 003200;24015.25;24019;24012;24012.75;99
20250912 003300;24012.5;24015;24009.25;24013;134
20250912 003400;24013.5;24014;24009;24009;72
20250912 003500;24009.25;24011.75;24008.25;24010.25;111
20250912 003600;24010.25;24013;24009.75;24012.5;122
20250912 003700;24011.75;24014.75;24011.5;24014.75;48
20250912 003800;24013.75;24015;24013.75;24014.25;24
20250912 003900;24013.5;24013.5;24010.25;24011.25;37
20250912 004000;24011.5;24013.75;24011.5;24013.75;16
20250912 004100;24013.5;24013.5;24010;24012.5;34
20250912 004200;24012.25;24012.75;24011.75;24012;16
20250912 004300;24011.25;24011.25;24009.75;24009.75;20
20250912 004400;24011.75;24012.5;24011.5;24011.5;14
20250912 004500;24011.75;24012.75;24011.25;24012.75;26
20250912 004600;24012.5;24012.5;24011;24011;33
20250912 004700;24011;24012.5;24010.75;24011.5;35
20250912 004800;24013;24013;24012;24012.25;7
20250912 004900;24013;24014;24012.25;24013.75;32
20250912 005000;24014.25;24015;24013.5;24015;16
20250912 005100;24014.75;24016;24013.5;24013.5;63
20250912 005200;24014;24015.25;24012;24012;42
20250912 005300;24011.75;24011.75;24007.5;24008.5;82
20250912 005400;24009;24011.75;24008.25;24011.5;44
20250912 005500;24011;24011;24009.25;24009.5;39
20250912 005600;24009.75;24010.75;24008.75;24008.75;19
20250912 005700;24008.5;24010.5;24008;24008.75;29
20250912 005800;24009;24010;24008.25;24010;19
20250912 005900;24009;24010.5;24009;24009;27
20250912 010000;24008.75;24009.5;24008;24009.5;17
20250912 010100;24010.5;24010.5;24007.25;24007.75;38
20250912 010200;24007.25;24009.5;24005.5;24006.75;71
20250912 010300;24007.25;24008.5;24006.5;24006.5;16
20250912 010400;24006.75;24009.5;24006.25;24009.5;9
20250912 010500;24010;24011.25;24010;24011;18
20250912 010600;24010.75;24011.25;24008.5;24010.25;49
20250912 010700;24011;24011;24008;24009;35
20250912 010800;24009.25;24010.25;24009;24009;14
20250912 010900;24009.25;24010.5;24009.25;24010.5;18
20250912 011000;24010.75;24011.75;24010.5;24011;18
20250912 011100;24010.5;24013.75;24010.5;24012;55
20250912 011200;24012;24013;24012;24012.25;12
20250912 011300;24011.75;24012;24010.25;24011.75;24
20250912 011400;24012.25;24014.25;24012;24013.5;17
20250912 011500;24013.25;24015.5;24012.75;24014.5;50
20250912 011600;24015;24015.75;24013;24014;38
20250912 011700;24014.5;24017.75;24014.25;24015.25;84
20250912 011800;24014.5;24015;24012;24012;17
20250912 011900;24012;24013;24011.25;24012.25;17
20250912 012000;24013.5;24016;24013;24014.75;42
20250912 012100;24015.5;24015.75;24013;24013.5;31
20250912 012200;24014.25;24014.75;24010.75;24011.25;33
20250912 012300;24010.5;24011;24009.25;24010.75;42
20250912 012400;24011;24011.25;24009.5;24009.5;25
20250912 012500;24010.25;24011.75;24008.75;24009;26
20250912 012600;24008.75;24009;24005.75;24005.75;60
20250912 012700;24005.75;24006.5;24003.75;24005.5;116
20250912 012800;24005;24006.25;24004;24005.25;86
20250912 012900;24005.75;24007.25;24004;24006;53
20250912 013000;24006.75;24009;24006.75;24008;54
20250912 013100;24008.5;24009.25;24007.25;24009;39
20250912 013200;24008.75;24009;24006;24008;57
20250912 013300;24007.5;24009.75;24002.5;24004.75;82
20250912 013400;24004.25;24006.75;24004.25;24005.5;29
20250912 013500;24005.25;24006.75;24004.75;24006.75;30
20250912 013600;24006.25;24007;24005.25;24005.5;28
20250912 013700;24006.25;24007;24004;24004;27
20250912 013800;24003.25;24007.75;24002.75;24005.75;42
20250912 013900;24005.5;24005.5;24003.5;24004.75;25
20250912 014000;24005.25;24007;24005;24006;22
20250912 014100;24005.5;24006.25;24004.75;24004.75;14
20250912 014200;24005;24005.25;24003;24004;57
20250912 014300;24003.75;24004.75;24003.25;24003.5;21
20250912 014400;24003.5;24006;24003;24005;34
20250912 014500;24006.25;24006.25;24004.5;24006;44
20250912 014600;24006;24006;24001.25;24002;100
20250912 014700;24002.75;24004.75;24002.25;24003.5;51
20250912 014800;24003.25;24005;24002.75;24004.5;72
20250912 014900;24004.5;24006;24003.25;24003.75;37
20250912 015000;24004;24004;24002.75;24003;27
20250912 015100;24002.75;24004.75;24001.25;24003.5;60
20250912 015200;24003.75;24004.5;24003;24003.75;13
20250912 015300;24004.25;24005.5;24004;24005.5;48
20250912 015400;24004.5;24006;24004;24005.25;37
20250912 015500;24005;24005.75;24004.25;24004.5;36
20250912 015600;24004.75;24005.5;24003.75;24003.75;43
20250912 015700;24003.5;24005;24002;24005;70
20250912 015800;24004.75;24005.75;24004.75;24005;25
20250912 015900;24005.5;24008;24005;24006;73
20250912 020000;24005.75;24006.25;24004;24004.5;62
20250912 020100;24005;24006.25;24003.75;24004;37
20250912 020200;24003.75;24004.25;24002.75;24003.5;21
20250912 020300;24003.25;24004;24003;24004;20
20250912 020400;24004;24006;24004;24005;20
20250912 020500;24004.5;24006;24004.5;24005.75;10
20250912 020600;24005.25;24005.5;24002.25;24002.25;45
20250912 020700;24001.75;24002.5;24000;24000.25;110
20250912 020800;24000.5;24001.75;23999.75;24000.75;41
20250912 020900;24000.75;24001.25;24000.5;24001.25;14
20250912 021000;24000.75;24004;24000.75;24003;33
20250912 021100;24003.5;24004.25;24002;24004.25;22
20250912 021200;24003.25;24003.5;24001;24001.75;18
20250912 021300;24002.5;24003;24002.25;24002.25;7
20250912 021400;24002.5;24004;24001;24001;39
20250912 021500;24000.75;24002.25;23996.5;23998;162
20250912 021600;23997.5;23998.5;23994.75;23998;134
20250912 021700;23997.75;23998.25;23993.5;23996.75;112
20250912 021800;23997;23998.75;23992.5;23993.5;81
20250912 021900;23994;23995.75;23993.25;23993.75;64
20250912 022000;23993.25;23994.5;23993;23994;44
20250912 022100;23994.25;23995.75;23993.25;23993.75;58
20250912 022200;23993.75;23995.25;23993.5;23995;34
20250912 022300;23995;23995.5;23994;23995.25;22
20250912 022400;23995;23995;23994;23994.5;13
20250912 022500;23994;23995;23992.5;23993;70
20250912 022600;23993;23994.25;23992.25;23994;33
20250912 022700;23993.75;23995.75;23993.5;23995.5;41
20250912 022800;23994.75;23996.5;23994.5;23995.25;29
20250912 022900;23995;23996.5;23994.75;23995.5;22
20250912 023000;23995.5;23996;23993.75;23994.75;38
20250912 023100;23995.25;23995.25;23992.25;23993.75;77
20250912 023200;23993.75;23994;23992;23993.75;19
20250912 023300;23994.25;23994.5;23993;23993.75;38
20250912 023400;23994.25;23995.5;23994.25;23994.75;15
20250912 023500;23994.75;23996.25;23993;23995.5;63
20250912 023600;23995.75;23997.5;23995.25;23997;57
20250912 023700;23996.5;23997;23996.25;23996.75;32
20250912 023800;23996.5;24000.25;23996.5;24000;69
20250912 023900;24000.25;24001;23997.75;23997.75;64
20250912 024000;23998.5;24000.5;23998;24000;24
20250912 024100;24000.25;24003.75;23999.5;24003.5;138
20250912 024200;24003.5;24003.75;24002.25;24003;30
20250912 024300;24003.5;24004.5;24002.75;24003;33
20250912 024400;24002.75;24003.75;24002.5;24003.75;28
20250912 024500;24003;24004;24002.75;24003.75;16
20250912 024600;24003.25;24003.25;24001;24002.25;41
20250912 024700;24002.25;24002.5;24001.5;24002.5;21
20250912 024800;24002.75;24003.25;24002.25;24002.75;16
20250912 024900;24002.75;24003.5;24001;24002.75;40
20250912 025000;24003;24004.75;24002.5;24003.75;45
20250912 025100;24003;24004.25;24003;24004.25;9
20250912 025200;24004.5;24005.5;24003.25;24004.5;36
20250912 025300;24004.75;24005;24004;24004.25;12
20250912 025400;24004;24005.75;24004;24005.75;10
20250912 025500;24006;24007.25;24005.75;24006.25;44
20250912 025600;24006;24006.5;24004.5;24004.5;64
20250912 025700;24004.75;24005.5;24003.5;24003.5;27
20250912 025800;24003.25;24004.5;24002.75;24004.5;20
20250912 025900;24004.75;24004.75;24004;24004;10
20250912 030000;24004.75;24005.25;24003;24003;18
20250912 030100;24004;24004.5;24002.5;24003.25;35
20250912 030200;24003.75;24004.5;24003;24003.25;29
20250912 030300;24003.5;24004;24002.75;24004;22
20250912 030400;24004.5;24005.5;24004.25;24005;21
20250912 030500;24004.25;24005.25;24003;24004;23
20250912 030600;24003.75;24003.75;24001.25;24001.5;26
20250912 030700;24001.5;24004.25;24001.25;24003.25;39
20250912 030800;24002.5;24003;24002.25;24003;15
20250912 030900;24003;24003.25;24002;24002;16
20250912 031000;24002.75;24003.5;24002.25;24002.75;8
20250912 031100;24003;24003.75;24002.75;24003.5;19
20250912 031200;24003;24004.75;24003;24004;18
20250912 031300;24003.75;24005;24003.75;24004.75;16
20250912 031400;24004.75;24005.25;24003.75;24004.25;27
20250912 031500;24004.75;24004.75;24002.75;24003.25;23
20250912 031600;24003.25;24003.5;24002.5;24002.5;12
20250912 031700;24003;24004;24003;24003.5;3
20250912 031800;24004;24004.5;24003.5;24004.5;28
20250912 031900;24004.25;24004.25;24003.75;24003.75;9
20250912 032000;24003.25;24004.5;24002.75;24004.5;17
20250912 032100;24004.25;24004.25;24003.75;24004.25;9
20250912 032200;24004.75;24004.75;24003.25;24003.75;23
20250912 032300;24004.25;24005.5;24004.25;24005.25;27
20250912 032400;24005.25;24006.25;24005.25;24006.25;19
20250912 032500;24005.75;24006.75;24005.5;24005.75;33
20250912 032600;24005.5;24005.5;24004;24004.25;18
20250912 032700;24004;24004;24000.75;24001;46
20250912 032800;24000.5;24001.5;24000;24000.5;28
20250912 032900;24001;24001.75;24000.75;24000.75;10
20250912 033000;24000.75;24001.5;24000.75;24001.5;8
20250912 033100;24002.25;24003;24001.75;24002.5;29
20250912 033200;24002.5;24002.5;24000.5;24002.25;28
20250912 033300;24002.25;24003;24002;24002.5;8
20250912 033400;24002.25;24002.5;24002;24002.25;11
20250912 033500;24002.25;24003.25;24001.75;24003;11
20250912 033600;24002.5;24002.5;24001;24001;15
20250912 033700;24001;24002.5;24000.5;24001.5;36
20250912 033800;24001.25;24001.5;24000.5;24001.5;21
20250912 033900;24000.75;24003.25;24000.5;24003;31
20250912 034000;24003.5;24003.75;24002;24002.75;21
20250912 034100;24002.75;24003;24001.5;24001.5;20
20250912 034200;24001.5;24001.75;24000.75;24001.75;11
20250912 034300;24001.5;24003.25;24001.5;24002.75;14
20250912 034400;24002.75;24004;24002.5;24002.5;17
20250912 034500;24002.25;24003.75;24002.25;24003.75;9
20250912 034600;24002.5;24002.5;24001.75;24002;14
20250912 034700;24002.5;24002.5;24001;24001.75;16
20250912 034800;24002;24002;24000.5;24000.75;44
20250912 034900;24001;24002.25;24001;24001.75;30
20250912 035000;24002.5;24002.5;24001.25;24001.75;3
20250912 035100;24002;24002.5;24002;24002.5;5
20250912 035200;24003;24003.75;24002.75;24003.25;17
20250912 035300;24002.75;24002.75;24001.5;24001.75;10
20250912 035400;24002.25;24003.5;24002.25;24003.5;8
20250912 035500;24002.75;24003.75;24002.75;24003.5;14
20250912 035600;24003.5;24004;24003;24004;15
20250912 035700;24003.5;24005.25;24003.5;24004.5;26
20250912 035800;24004.75;24005.25;24004.75;24005.25;7
20250912 035900;24005.5;24009.25;24005.25;24007.75;115
20250912 040000;24008.25;24009.75;24008.25;24008.75;35
20250912 040100;24008.5;24011.25;24008.5;24010.5;56
20250912 040200;24010.75;24010.75;24008.75;24009;69
20250912 040300;24009.25;24009.25;24008.5;24008.75;9
20250912 040400;24008.5;24010.75;24007.5;24010;69
20250912 040500;24010.75;24010.75;24009.75;24010.5;16
20250912 040600;24010;24011.25;24010;24010.25;12
20250912 040700;24010.5;24013.25;24010;24012.5;52
20250912 040800;24012.25;24014.75;24011.75;24013.5;62
20250912 040900;24013.5;24013.75;24012.5;24012.5;31
20250912 041000;24012;24014.5;24012;24014;25
20250912 041100;24013.5;24014.5;24013.5;24013.75;18
20250912 041200;24013.5;24014.5;24013.5;24014.25;10
20250912 041300;24014.25;24015.5;24014.25;24015.5;31
20250912 041400;24015.5;24018;24015.5;24017.5;68
20250912 041500;24017.75;24018.5;24016;24016;53
20250912 041600;24015.5;24015.5;24013.25;24014.75;54
20250912 041700;24014.25;24014.75;24012.5;24012.75;26
20250912 041800;24013;24016.5;24012.25;24016;34
20250912 041900;24015.5;24015.75;24014.75;24015;9
20250912 042000;24015;24015.75;24013.5;24013.5;21
20250912 042100;24013.25;24015.25;24013;24013.75;24
20250912 042200;24013.75;24019;24013.5;24019;62
20250912 042300;24018.5;24019.5;24017.5;24019;47
20250912 042400;24019;24023;24018;24020.75;117
20250912 042500;24020.75;24021;24017.5;24017.75;40
20250912 042600;24017.5;24017.75;24016.25;24016.5;22
20250912 042700;24016;24017;24015.75;24015.75;32
20250912 042800;24016.75;24017.25;24016.75;24017.25;9
20250912 042900;24017;24017.5;24017;24017.5;7
20250912 043000;24017;24018.25;24017;24018;14
20250912 043100;24018.25;24019.5;24018;24018;23
20250912 043200;24018.25;24019.25;24017.25;24019.25;24
20250912 043300;24019;24020.25;24018.75;24019.5;14
20250912 043400;24019;24021;24018.75;24020.5;14
20250912 043500;24021.5;24021.75;24020.5;24020.5;25
20250912 043600;24020.5;24020.75;24019.25;24019.75;25
20250912 043700;24019.25;24019.5;24018.75;24019.5;15
20250912 043800;24020;24023.5;24020;24022.25;44
20250912 043900;24022.5;24023.5;24021.75;24022.5;56
20250912 044000;24022.75;24023;24022.5;24023;3
20250912 044100;24022.5;24023;24021.5;24022;20
20250912 044200;24021.75;24023;24021.5;24021.5;21
20250912 044300;24022;24023;24021.5;24023;21
20250912 044400;24023.25;24024.25;24022;24023.25;58
20250912 044500;24023.25;24024.25;24023.25;24023.75;14
20250912 044600;24023.75;24023.75;24020.75;24020.75;28
20250912 044700;24021.75;24022.75;24021.5;24021.75;18
20250912 044800;24021.5;24021.75;24021.25;24021.5;10
20250912 044900;24021.75;24024;24021.75;24023.5;17
20250912 045000;24023;24023.5;24022.75;24022.75;8
20250912 045100;24022.5;24025.25;24022.5;24024.25;60
20250912 045200;24024;24025;24023.75;24025;31
20250912 045300;24023.75;24023.75;24022.25;24022.25;14
20250912 045400;24023;24023.5;24023;24023.5;9
20250912 045500;24023.75;24023.75;24023;24023.5;21
20250912 045600;24023.25;24023.25;24021;24021.25;34
20250912 045700;24021;24022;24020.75;24022;22
20250912 045800;24021.75;24021.75;24019.75;24019.75;25
20250912 045900;24019.25;24019.5;24018.5;24018.5;25
20250912 050000;24019;24019.75;24018.75;24019.5;13
20250912 050100;24020.25;24020.5;24018.25;24018.5;64
20250912 050200;24019;24021.25;24019;24021.25;20
20250912 050300;24021.25;24022.5;24020.5;24022.5;35
20250912 050400;24022.75;24024;24022;24024;28
20250912 050500;24024.25;24025.75;24023.25;24023.5;66
20250912 050600;24024.5;24025.25;24023.75;24025.25;28
20250912 050700;24025;24027;24025;24025.5;42
20250912 050800;24025;24026.75;24025;24025.25;43
20250912 050900;24025;24025;24022.5;24022.5;37
20250912 051000;24022.5;24023;24022;24022.75;20
20250912 051100;24023.25;24023.75;24020.5;24022;46
20250912 051200;24022;24022;24021.25;24021.5;17
20250912 051300;24022;24024.5;24022;24023.5;41
20250912 051400;24023;24023.5;24022.75;24023;15
20250912 051500;24023;24027.5;24023;24024.75;70
20250912 051600;24024.5;24025.25;24024.25;24024.75;23
20250912 051700;24024.5;24025;24024;24025;21
20250912 051800;24024.75;24026.5;24024.75;24025.5;24
20250912 051900;24024.75;24024.75;24023.25;24024.75;26
20250912 052000;24024.75;24027.75;24024.75;24026.75;37
20250912 052100;24028;24028.25;24025.75;24026.25;36
20250912 052200;24025.75;24025.75;24023.5;24023.75;26
20250912 052300;24023.75;24023.75;24022.75;24023.5;18
20250912 052400;24023.25;24024.25;24023.25;24023.75;11
20250912 052500;24023.75;24026.5;24023.75;24024.75;48
20250912 052600;24024.75;24025.75;24024.5;24025.25;20
20250912 052700;24025;24025;24024;24024.5;11
20250912 052800;24024;24024;24023;24024;11
20250912 052900;24023.25;24026.5;24023;24026.5;34
20250912 053000;24026.25;24028.25;24025.75;24028.25;93
20250912 053100;24027.5;24030.25;24027;24029.5;134
20250912 053200;24029.5;24030.5;24028.25;24030;72
20250912 053300;24030;24034;24030;24033.25;156
20250912 053400;24032.75;24033.5;24029.5;24030.25;45
20250912 053500;24030.5;24030.5;24028.5;24028.5;22
20250912 053600;24028.5;24029.25;24027;24029;46
20250912 053700;24029.25;24031.5;24024.5;24031.5;131
20250912 053800;24031.75;24033.25;24031.75;24031.75;29
20250912 053900;24032.5;24033.25;24031.75;24031.75;24
20250912 054000;24032.25;24033.5;24031.75;24033.5;25
20250912 054100;24032.75;24034.5;24032.5;24034.5;32
20250912 054200;24034.75;24035.25;24032.75;24034.25;31
20250912 054300;24034.25;24035;24033.75;24034.25;23
20250912 054400;24034.25;24034.25;24032.75;24033;12
20250912 054500;24032.25;24034;24032;24034;37
20250912 054600;24033;24033.75;24032.25;24033.5;42
20250912 054700;24033.25;24036.25;24033.25;24035.25;46
20250912 054800;24035.5;24039.75;24035.5;24039.25;82
20250912 054900;24038.75;24038.75;24036.25;24036.75;46
20250912 055000;24036.5;24038.25;24036.5;24036.5;42
20250912 055100;24036.75;24037.25;24034.75;24036.25;58
20250912 055200;24036;24036.75;24035;24036.75;16
20250912 055300;24036.75;24036.75;24035.75;24035.75;20
20250912 055400;24036.25;24036.25;24035;24035.5;15
20250912 055500;24035;24035;24033.75;24034.5;20
20250912 055600;24034;24036.25;24034;24035.25;35
20250912 055700;24035.25;24036;24034.25;24034.75;16
20250912 055800;24034;24034.5;24032.75;24033;21
20250912 055900;24033;24035.5;24032.75;24033.5;24
20250912 060000;24034;24034.75;24034;24034.25;5
20250912 060100;24035;24035.75;24030.5;24031.25;68
20250912 060200;24030.75;24032.5;24029.25;24031;59
20250912 060300;24030.75;24031.75;24029.75;24031;40
20250912 060400;24030.75;24031;24027.5;24030;75
20250912 060500;24029.75;24029.75;24025.5;24028;68
20250912 060600;24027.75;24027.75;24025;24026.25;38
20250912 060700;24026.5;24026.75;24024.75;24025.5;49
20250912 060800;24025.75;24030;24025.5;24030;33
20250912 060900;24029.5;24031.5;24028.75;24031.5;28
20250912 061000;24030.25;24030.25;24028;24029.25;26
20250912 061100;24028.75;24028.75;24025.75;24026.25;45
20250912 061200;24026.25;24028.25;24026.25;24028.25;18
20250912 061300;24027.25;24028.25;24027.25;24028;12
20250912 061400;24027.75;24028;24026.75;24026.75;12
20250912 061500;24026.75;24029.25;24026.75;24029.25;26
20250912 061600;24028.75;24029.25;24028;24028.75;11
20250912 061700;24028.75;24029.75;24028.75;24029.5;15
20250912 061800;24030;24030.25;24029;24029.25;29
20250912 061900;24028.5;24030.5;24028.25;24029.25;33
20250912 062000;24029.5;24030;24028;24028.75;28
20250912 062100;24028;24030.25;24028;24030;31
20250912 062200;24030;24032;24029;24030.25;48
20250912 062300;24030.25;24031.25;24028.5;24029;39
20250912 062400;24029.25;24029.5;24026.25;24026.5;33
20250912 062500;24025.75;24026;24025;24025.5;39
20250912 062600;24025.25;24025.25;24020.25;24021.75;144
20250912 062700;24021;24021.5;24016.5;24016.5;107
20250912 062800;24016.5;24018.75;24015.5;24016;97
20250912 062900;24015.75;24016.75;24013.25;24016.25;85
20250912 063000;24015.5;24019.5;24015.5;24018.25;57
20250912 063100;24019.25;24024.25;24019.25;24024.25;113
20250912 063200;24024.5;24024.5;24021.5;24023.5;72
20250912 063300;24023.25;24023.5;24019.5;24022.5;79
20250912 063400;24022.25;24024;24017.5;24017.75;50
20250912 063500;24017.5;24017.5;24014.5;24015.25;85
20250912 063600;24014.75;24015.25;24012.5;24014.25;103
20250912 063700;24013.25;24013.75;24012;24012;41
20250912 063800;24012;24012.25;24009.25;24010.25;89
20250912 063900;24010.5;24011;24008.75;24009;55
20250912 064000;24009;24009.75;24008.25;24009;36
20250912 064100;24008.5;24013.5;24008;24012.75;97
20250912 064200;24012.75;24013.75;24012;24012.25;34
20250912 064300;24012;24013;24009.75;24010.75;53
20250912 064400;24010.25;24011.25;24008;24008.5;36
20250912 064500;24008.75;24010.5;24008.75;24009;64
20250912 064600;24008;24008.5;24006.25;24007.75;81
20250912 064700;24007.5;24010.75;24007;24010;81
20250912 064800;24009.75;24013.25;24007;24011.75;161
20250912 064900;24011.25;24012.5;24009.25;24012.25;49
20250912 065000;24011.5;24011.75;24008.75;24011;48
20250912 065100;24011;24016.25;24011;24015;122
20250912 065200;24013.75;24017.25;24013;24016.75;111
20250912 065300;24015.5;24016.25;24013.75;24015.75;59
20250912 065400;24016;24018.5;24016;24018;35
20250912 065500;24017.5;24018.75;24016.75;24018;42
20250912 065600;24017.75;24017.75;24016;24016.5;33
20250912 065700;24015.75;24016.25;24015;24016;43
20250912 065800;24017.25;24021;24016.25;24019.25;45
20250912 065900;24018.25;24021;24018.25;24020.75;31
20250912 070000;24020.5;24024.25;24020.25;24023.5;86
20250912 070100;24023;24023.25;24018;24018.25;152
20250912 070200;24018.75;24022.25;24018.5;24021.5;73
20250912 070300;24021.25;24025.75;24019.75;24025;106
20250912 070400;24024;24027.75;24024;24025.5;104
20250912 070500;24025.25;24027;24023.5;24027;72
20250912 070600;24027.75;24031.5;24027.75;24030;154
20250912 070700;24029;24029.75;24023;24024.25;162
20250912 070800;24023.75;24024.75;24021.5;24021.5;63
20250912 070900;24021.25;24022.25;24019.5;24020.5;97
20250912 071000;24021.25;24024;24020.25;24024;49
20250912 071100;24023.25;24023.25;24020.25;24022;70
20250912 071200;24022;24023.25;24021.5;24022.75;18
20250912 071300;24022;24026.5;24021.5;24024.75;74
20250912 071400;24024.25;24025.25;24022;24022;46
20250912 071500;24021.75;24023.25;24020.75;24021.75;58
20250912 071600;24022;24023.25;24021.75;24022;41
20250912 071700;24021.75;24022;24016;24016.75;151
20250912 071800;24017.25;24018.5;24016.25;24017.5;52
20250912 071900;24018.25;24023;24018;24022;77
20250912 072000;24021.25;24024.5;24020.25;24023;49
20250912 072100;24022.5;24024.25;24022;24024.25;22
20250912 072200;24024.5;24027.5;24024.5;24027.25;27
20250912 072300;24027.5;24027.5;24020;24024.5;76
20250912 072400;24024.25;24025;24022.5;24023.75;26
20250912 072500;24022.75;24025;24022.75;24023;32
20250912 072600;24023.25;24024.5;24020.75;24021.25;40
20250912 072700;24020.5;24021;24017.5;24019.75;53
20250912 072800;24019;24020.5;24018.25;24019;27
20250912 072900;24018.5;24020.75;24018.25;24020.25;14
20250912 073000;24020.5;24023.75;24020;24022.75;67
20250912 073100;24022;24022;24017.75;24019.75;96
20250912 073200;24019.25;24022.75;24016.75;24019.75;239
20250912 073300;24019.5;24021.75;24018.5;24020.75;50
20250912 073400;24020.25;24020.25;24015;24017;105
20250912 073500;24018;24019;24015.25;24016.75;59
20250912 073600;24018;24018.75;24016;24017;63
20250912 073700;24016.5;24019.5;24016.5;24019.5;51
20250912 073800;24020;24022;24019;24020.75;31
20250912 073900;24020.25;24021;24018.75;24020;47
20250912 074000;24019.5;24020;24017.25;24017.75;42
20250912 074100;24018;24018.5;24014.75;24015.5;81
20250912 074200;24015;24015;24009;24009.75;160
20250912 074300;24010;24011.5;24009;24009.5;108
20250912 074400;24010;24010.25;24007.25;24007.25;95
20250912 074500;24007;24009.25;24006.75;24008.5;61
20250912 074600;24008.75;24013.75;24007.75;24013;76
20250912 074700;24013;24015.5;24012.25;24015.25;57
20250912 074800;24015.25;24016;24012.75;24014;66
20250912 074900;24013;24015.5;24013;24015;48
20250912 075000;24014.5;24017;24013.75;24016;64
20250912 075100;24016;24018.5;24016;24017.5;48
20250912 075200;24017.25;24018;24017;24017.5;32
20250912 075300;24017;24018.75;24016;24016.75;33
20250912 075400;24016.75;24019.5;24015.5;24019.5;40
20250912 075500;24018.5;24018.75;24015.25;24017.25;37
20250912 075600;24017.25;24019;24015.75;24018;37
20250912 075700;24017.75;24017.75;24015.5;24015.75;37
20250912 075800;24015.5;24016;24012.25;24013;65
20250912 075900;24013;24013;24010;24010;54
20250912 080000;24010.25;24011;24008.5;24011;66
20250912 080100;24010.25;24016.5;24008.5;24016;206
20250912 080200;24016;24018.5;24012.75;24012.75;107
20250912 080300;24010.75;24010.75;24003.25;24005.5;196
20250912 080400;24004.25;24011.5;24002;24008;190
20250912 080500;24008;24008.25;24003.75;24003.75;124
20250912 080600;24003.75;24010.5;24003.25;24009;138
20250912 080700;24010;24013;24007.5;24010.75;81
20250912 080800;24010;24010.25;24002.5;24002.5;86
20250912 080900;24004.5;24006.25;24003;24004;60
20250912 081000;24003.75;24005;24002.25;24004.5;69
20250912 081100;24003.25;24004.75;24001.25;24003.25;131
20250912 081200;24002.75;24002.75;23997.75;23998.25;215
20250912 081300;23998;24000.75;23997;23997.25;106
20250912 081400;23997;23997;23990.25;23991.5;268
20250912 081500;23991.5;23992;23984;23984.5;215
20250912 081600;23985;23985.25;23981;23984;225
20250912 081700;23983.5;23984;23977.75;23977.75;157
20250912 081800;23977.75;23978.25;23971.75;23972.75;268
20250912 081900;23972.75;23973.75;23969;23972.25;332
20250912 082000;23972.25;23977.75;23971.25;23977.75;232
20250912 082100;23978.75;23983;23973;23978.75;256
20250912 082200;23978.75;23983.75;23976.75;23979.25;204
20250912 082300;23979.75;23981;23974.25;23975.25;153
20250912 082400;23975.25;23980;23975.25;23978.5;81
20250912 082500;23979;23986.75;23979;23986.25;136
20250912 082600;23986.5;23991;23986.5;23989.5;157
20250912 082700;23990;23990.5;23986.75;23988.25;104
20250912 082800;23988.25;23988.75;23985.75;23986.5;74
20250912 082900;23987;23992;23987;23991.5;95
20250912 083000;23990.75;23993;23989.5;23991;103
20250912 083100;23990.5;23992.5;23989.5;23990;56
20250912 083200;23990.75;23993;23990.25;23992.5;76
20250912 083300;23992;23992.5;23991;23991;42
20250912 083400;23991.5;23993.5;23990.5;23993.5;81
20250912 083500;23993.25;23993.25;23990.5;23991.25;53
20250912 083600;23991;23991.75;23987.25;23987.5;79
20250912 083700;23988.5;23990;23987.5;23989.25;74
20250912 083800;23990.25;23999.5;23990.25;23999.5;176
20250912 083900;24000;24000.5;23996;23997.25;95
20250912 084000;23997.25;23997.5;23995.5;23995.5;38
20250912 084100;23995.25;23995.75;23992.75;23995;55
20250912 084200;23995.25;23998.5;23995.25;23997.25;66
20250912 084300;23998;23998.25;23996.25;23998;61
20250912 084400;23997.75;23998.25;23994.25;23994.75;41
20250912 084500;23995;23998.75;23995;23998.5;52
20250912 084600;23998.75;24000;23998.5;23999.25;68
20250912 084700;23999.75;24000.75;23999.5;23999.75;55
20250912 084800;23999.75;23999.75;23996.75;23997.5;80
20250912 084900;23996.5;24000;23996.5;23999.25;52
20250912 085000;23999.5;23999.5;23996.75;23998.5;82
20250912 085100;23998.25;23998.25;23994.75;23995;69
20250912 085200;23995.75;23998.25;23994;23998.25;59
20250912 085300;23998;23999.75;23998;23999;46
20250912 085400;23998.5;24000;23996.25;23998;68
20250912 085500;23997.5;23998;23996.25;23997;16
20250912 085600;23997.75;23999.5;23997.75;23998;38
20250912 085700;23997.75;23998.25;23996.25;23996.5;32
20250912 085800;23997.25;24000.5;23996.75;24000.5;35
20250912 085900;24000.5;24002.25;23999.25;24001.5;95
20250912 090000;24001.25;24003;24000.5;24002.75;51
20250912 090100;24002.25;24003.75;24000.5;24001.5;65
20250912 090200;24001.5;24001.75;23998.75;23999.25;35
20250912 090300;23999.25;24003.25;23999.25;24001.25;50
20250912 090400;24003;24005.25;24002.75;24003.5;68
20250912 090500;24004;24004;24001.75;24002.5;18
20250912 090600;24002.75;24003.5;24000.25;24001.75;49
20250912 090700;24001.25;24005.5;24001.25;24004.5;39
20250912 090800;24005;24005;24001;24001.75;47
20250912 090900;24001.75;24002.5;24000.75;24000.75;22
20250912 091000;24001;24003;24001;24003;49
20250912 091100;24002.75;24003.25;24001.75;24003;20
20250912 091200;24002.25;24003;24001.25;24002.5;15
20250912 091300;24002.75;24004.5;24002.75;24003;38
20250912 091400;24003.25;24003.75;24001.75;24003.5;26
20250912 091500;24003.25;24004;24003;24004;13
20250912 091600;24004;24004;24003.25;24003.5;20
20250912 091700;24004;24004;24001.25;24003;47
20250912 091800;24002.5;24003.25;24000.75;24001.5;31
20250912 091900;24001;24003.5;24000;24003.25;63
20250912 092000;24003.25;24005.25;24002.5;24002.5;47
20250912 092100;24002.25;24002.25;24000.75;24001.25;37
20250912 092200;24000.75;24001.5;23998.25;23998.25;44
20250912 092300;23999;24001.5;23997.5;23997.5;53
20250912 092400;23997;24001;23996.75;24000.75;49
20250912 092500;24001.25;24001.5;24000.25;24000.75;34
20250912 092600;24001.5;24003.5;24001.25;24002;60
20250912 092700;24001.75;24003.5;24001.5;24002.5;35
20250912 092800;24002.75;24003.75;24001.75;24001.75;41
20250912 092900;24001.5;24001.75;24000.5;24001.75;19
20250912 093000;24001.75;24003;24001.25;24002;22
20250912 093100;24002.25;24003.75;24002.25;24003.5;62
20250912 093200;24004.25;24007;24004.25;24007;75
20250912 093300;24006.25;24006.25;24002;24002.5;37
20250912 093400;24003;24006.25;24003;24004.75;26
20250912 093500;24004.25;24004.25;24001.25;24002;22
20250912 093600;24001;24001.75;23996.25;23998.75;104
20250912 093700;23998.75;24002.5;23998.75;24001;72
20250912 093800;24001.25;24003.75;24000.75;24003.75;28
20250912 093900;24002.5;24002.75;24001.25;24001.25;19
20250912 094000;24002;24003.25;23999.75;24003;56
20250912 094100;24002;24008.25;24001;24006.25;205
20250912 094200;24006;24009.5;24003.5;24003.5;144
20250912 094300;24003.5;24005.75;24002.5;24004.25;56
20250912 094400;24004.5;24005;24003.75;24004.75;27
20250912 094500;24004.5;24008.5;24004.5;24007.5;42
20250912 094600;24008.25;24009.25;24006.75;24008;58
20250912 094700;24008;24010.75;24008;24010.75;49
20250912 094800;24010.5;24014.25;24010.5;24013;103
20250912 094900;24013.25;24014;24011.5;24014;62
20250912 095000;24014;24015.5;24013.25;24014.75;67
20250912 095100;24014.75;24015.5;24012.75;24013.75;45
20250912 095200;24013.75;24015.25;24013;24013;72
20250912 095300;24013;24015.5;24013;24014.25;40
20250912 095400;24014.5;24018.75;24014.5;24015.75;112
20250912 095500;24016;24016.75;24014.5;24015.5;52
20250912 095600;24016;24016.75;24013.75;24014;40
20250912 095700;24014;24014.75;24012.25;24012.5;61
20250912 095800;24012.25;24012.25;24010.25;24011.25;41
20250912 095900;24010.75;24011;24009;24009.5;42
20250912 100000;24008.75;24012;24008.5;24010.5;51
20250912 100100;24010.75;24011.75;24009.5;24010.5;59
20250912 100200;24010.25;24010.5;24007;24008.25;29
20250912 100300;24007.75;24010.5;24007.75;24010;40
20250912 100400;24010.25;24010.75;24005.5;24005.5;61
20250912 100500;24005.75;24009;24005.75;24007.25;45
20250912 100600;24007;24011.25;24006.25;24009.5;97
20250912 100700;24009.75;24013.75;24009.25;24012.5;74
20250912 100800;24012.75;24013.5;24009.5;24010.75;90
20250912 100900;24010.75;24011.75;24010;24010;19
20250912 101000;24010.5;24013.25;24010.25;24011.5;43
20250912 101100;24011.25;24012;24010.25;24012;19
20250912 101200;24012.25;24013.5;24012;24012.75;15
20250912 101300;24012.75;24012.75;24009;24009.75;98
20250912 101400;24010.25;24012.25;24010;24011.5;37
20250912 101500;24012;24014;24012;24012.25;48
20250912 101600;24012.25;24014;24012;24013;32
20250912 101700;24013;24014;24012.25;24012.25;21
20250912 101800;24011.75;24013.5;24011;24012.25;62
20250912 101900;24012;24012.25;24010.25;24010.75;20
20250912 102000;24011;24012.25;24010;24011.5;25
20250912 102100;24012.25;24012.25;24011.25;24011.25;30
20250912 102200;24012.25;24013.75;24012.25;24012.5;22
20250912 102300;24011.75;24014;24010.75;24013.5;32
20250912 102400;24014;24015.25;24010.75;24012.5;47
20250912 102500;24012.75;24013.75;24010.25;24010.75;60
20250912 102600;24010.75;24015.25;24010.5;24013;76
20250912 102700;24014;24015.5;24013.75;24014.75;40
20250912 102800;24015.25;24015.5;24012;24013;73
20250912 102900;24014;24014.25;24012.75;24014.25;33
20250912 103000;24014.5;24016.75;24014.5;24015.25;44
20250912 103100;24015.25;24022;24012;24019;200
20250912 103200;24018.75;24020.5;24017.5;24020.25;46
20250912 103300;24020.5;24021.5;24019.25;24020.5;55
20250912 103400;24020;24021.75;24019;24019.5;52
20250912 103500;24019.75;24020.25;24018;24018.75;26
20250912 103600;24018.5;24019.25;24017;24018;36
20250912 103700;24019;24019;24017.25;24018;24
20250912 103800;24018.5;24019.5;24017.5;24019.25;23
20250912 103900;24019.75;24020.25;24019;24019;33
20250912 104000;24018.75;24018.75;24016.75;24017;55
20250912 104100;24016.75;24020.25;24016.5;24019.75;31
20250912 104200;24019.75;24020.5;24018.5;24018.5;54
20250912 104300;24018.5;24018.75;24017;24018.5;27
20250912 104400;24017.75;24019.75;24017.5;24019.5;36
20250912 104500;24019.75;24021;24018.25;24019.25;37
20250912 104600;24019.5;24021;24018.5;24019.5;53
20250912 104700;24019.5;24021.5;24018.25;24021.25;56
20250912 104800;24020.75;24021.5;24017;24021.25;142
20250912 104900;24021.5;24022.25;24019.75;24021;75
20250912 105000;24021.25;24022.5;24020.5;24021.5;78
20250912 105100;24022;24022.25;24020.75;24020.75;48
20250912 105200;24021.5;24022.75;24021;24022.25;48
20250912 105300;24022.75;24023.25;24018.75;24019.75;61
20250912 105400;24019.25;24020;24017.5;24019;73
20250912 105500;24019.25;24020.25;24017.25;24017.75;40
20250912 105600;24017.75;24021.5;24017.75;24020.75;42
20250912 105700;24020.75;24023.5;24020.75;24023.25;50
20250912 105800;24023.25;24023.75;24022;24023.5;62
20250912 105900;24023.25;24023.25;24022.25;24023;30
20250912 110000;24022.75;24023.25;24021.75;24023.25;46
20250912 110100;24023;24023.25;24019;24020;135
20250912 110200;24019;24022.75;24016.25;24022.75;83
20250912 110300;24023;24023.5;24021.5;24021.75;55
20250912 110400;24022;24022.75;24021.25;24021.5;54
20250912 110500;24022;24023.5;24019;24019.5;67
20250912 110600;24019.25;24022.25;24015.5;24015.75;101
20250912 110700;24016;24019.25;24014.5;24016;112
20250912 110800;24015.75;24017.75;24015;24015.25;83
20250912 110900;24015.5;24017;24013.5;24014;73
20250912 111000;24014;24014;24009.5;24014;158
20250912 111100;24013.75;24015.25;24013;24014.25;34
20250912 111200;24014.5;24017;24014.25;24016.5;49
20250912 111300;24016.5;24017.5;24016.25;24016.5;24
20250912 111400;24016.75;24017.25;24016.25;24016.5;29
20250912 111500;24016.25;24016.5;24013;24014.25;46
20250912 111600;24013.5;24014.25;24012.5;24013.75;45
20250912 111700;24013.5;24014.75;24012.5;24014.75;59
20250912 111800;24015;24015.25;24012.75;24014;37
20250912 111900;24013.75;24014;24012.5;24013.5;51
20250912 112000;24013.25;24013.25;24011.25;24011.75;45
20250912 112100;24012.25;24013.25;24010;24013;69
20250912 112200;24013.25;24014.75;24013;24014.75;28
20250912 112300;24014.5;24017.75;24014.5;24016;54
20250912 112400;24015.75;24020;24015.25;24019.25;65
20250912 112500;24018.75;24021.5;24018.75;24020.5;70
20250912 112600;24020.5;24021.25;24020.25;24021;44
20250912 112700;24020.75;24022;24020;24020.75;51
20250912 112800;24021.25;24023.25;24020.5;24022;61
20250912 112900;24022;24024.25;24022;24024;56
20250912 113000;24024.25;24026;24023.75;24025.5;107
20250912 113100;24025;24027;24024.5;24027;148
20250912 113200;24027;24027;24024;24026;89
20250912 113300;24025.75;24027;24023.75;24023.75;84
20250912 113400;24024.5;24025.5;24024;24024.25;48
20250912 113500;24024;24025.25;24022.5;24023.25;105
20250912 113600;24023;24025;24022.75;24024.25;38
20250912 113700;24024;24025.25;24023.5;24023.5;36
20250912 113800;24024;24024.25;24021;24024.25;117
20250912 113900;24024.75;24026.25;24022.75;24025.75;129
20250912 114000;24025.75;24029;24024.25;24027.75;167
20250912 114100;24028;24028.5;24026.5;24026.75;56
20250912 114200;24026.5;24028;24025.25;24027.5;116
20250912 114300;24027.75;24028.25;24025;24025.5;88
20250912 114400;24025.75;24026.75;24024.5;24026.75;79
20250912 114500;24027.5;24028.75;24027.25;24028.25;59
20250912 114600;24028.25;24029.75;24027.25;24028.5;65
20250912 114700;24028.75;24031;24027.5;24029.25;154
20250912 114800;24029.5;24032.25;24029.5;24030.75;148
20250912 114900;24030.5;24035.5;24030.25;24034.25;151
20250912 115000;24034.75;24035.5;24031.75;24032;141
20250912 115100;24031.75;24032.5;24029.5;24031.5;84
20250912 115200;24031.5;24033.75;24030.5;24032;86
20250912 115300;24031.75;24035;24031;24033.75;64
20250912 115400;24034.25;24035.5;24034;24034.5;38
20250912 115500;24034.25;24034.75;24031.25;24034.75;141
20250912 115600;24035.25;24037.75;24035;24037.25;91
20250912 115700;24037.25;24039.5;24037;24038.5;116
20250912 115800;24039;24041.5;24038.25;24040.5;169
20250912 115900;24040.5;24042;24039.75;24041.75;75
20250912 120000;24041.75;24048.75;24041.25;24044.5;871
20250912 120100;24044.5;24047;24041;24043.75;220
20250912 120200;24043.75;24043.75;24037.5;24038.5;202
20250912 120300;24038.75;24040.5;24038.25;24039.25;152
20250912 120400;24039;24039.5;24032.5;24033.75;206
20250912 120500;24034;24034;24029;24029.75;178
20250912 120600;24030;24033.25;24028.5;24031.75;196
20250912 120700;24032.25;24035.75;24031.75;24032.5;112
20250912 120800;24033.5;24037.5;24030;24030.75;122
20250912 120900;24030.5;24031;24024.75;24026.25;238
20250912 121000;24027;24031.5;24027;24031.25;103
20250912 121100;24031.5;24034.5;24029.25;24033.5;128
20250912 121200;24033.75;24033.75;24029.75;24030.25;79
20250912 121300;24030.5;24032.75;24029.25;24032.5;63
20250912 121400;24032;24032;24030;24032;47
20250912 121500;24031.75;24032.75;24030.25;24031.75;28
20250912 121600;24033;24037.75;24033;24037.5;170
20250912 121700;24037;24040.75;24036.75;24040.75;108
20250912 121800;24040.75;24042.25;24038.75;24040.5;125
20250912 121900;24040.25;24042;24040;24041.25;72
20250912 122000;24041.25;24044;24040.75;24043;105
20250912 122100;24043.75;24044.25;24041.5;24041.75;108
20250912 122200;24041.75;24042.75;24039.25;24040.5;122
20250912 122300;24041.25;24043;24039;24039;37
20250912 122400;24039.25;24039.75;24036;24036;87
20250912 122500;24037.25;24039.25;24037.25;24038.75;51
20250912 122600;24038.75;24040.25;24037;24040.25;37
20250912 122700;24040.5;24041.5;24038.75;24040;34
20250912 122800;24040;24041.5;24038.75;24041.5;43
20250912 122900;24041.5;24042;24027;24035;670
20250912 123000;24034;24039;24031.75;24037.5;172
20250912 123100;24036.5;24038.75;24030.75;24032.25;159
20250912 123200;24032;24032;24015;24028.25;1003
20250912 123300;24028.25;24031.75;24026.25;24026.75;254
20250912 123400;24027;24029.5;24022.25;24024.75;201
20250912 123500;24024.25;24028.5;24022;24027;152
20250912 123600;24027.25;24029.5;24021;24023.5;275
20250912 123700;24024;24025.25;24020.25;24024;210
20250912 123800;24024.25;24029.75;24024;24029.25;202
20250912 123900;24029.25;24031.25;24024.5;24025;308
20250912 124000;24024.25;24032.5;24023.5;24029;223
20250912 124100;24028.75;24029.75;24025.25;24027;147
20250912 124200;24027;24028.5;24024.75;24027.25;115
20250912 124300;24027.5;24033;24027.5;24032;215
20250912 124400;24032;24035.75;24030.75;24035.25;180
20250912 124500;24035.75;24037;24030.75;24031.75;121
20250912 124600;24032.25;24034.75;24031.75;24033.75;103
20250912 124700;24033.5;24035.25;24033;24033.75;70
20250912 124800;24034.25;24039.25;24034.25;24037.25;137
20250912 124900;24037.5;24038.25;24035;24036.5;138
20250912 125000;24036.75;24040;24035.25;24038.75;98
20250912 125100;24038.75;24040.5;24037.25;24038;212
20250912 125200;24038.5;24041;24036.5;24041;110
20250912 125300;24040.5;24041.5;24039.5;24040;92
20250912 125400;24040.5;24043;24040.25;24043;161
20250912 125500;24043;24043.25;24039.5;24042.5;200
20250912 125600;24042.25;24043.75;24041.5;24043;128
20250912 125700;24043.25;24044.75;24041.75;24043;136
20250912 125800;24043.25;24043.5;24040.5;24042;108
20250912 125900;24042;24044.5;24041;24041;76
20250912 130000;24041.5;24043.25;24041.25;24042;97
20250912 130100;24041.75;24044;24040;24040.25;137
20250912 130200;24040.5;24043.75;24039;24043.75;133
20250912 130300;24043.75;24045.5;24041.5;24045.25;225
20250912 130400;24045.5;24049;24044.5;24045.25;359
20250912 130500;24045.5;24047.75;24042.5;24043.25;263
20250912 130600;24043.75;24049.5;24043;24045.75;278
20250912 130700;24045.5;24047.5;24043.5;24046;204
20250912 130800;24045.75;24046.25;24043;24045.75;139
20250912 130900;24046;24049.5;24046;24049.25;175
20250912 131000;24049.5;24051.5;24048.5;24051;339
20250912 131100;24050.75;24051.5;24050;24051;188
20250912 131200;24050.75;24051.25;24047.75;24048.75;135
20250912 131300;24048.5;24050;24047.25;24047.75;99
20250912 131400;24047.75;24050;24047.25;24047.5;117
20250912 131500;24047.5;24049.5;24046.25;24048.25;129
20250912 131600;24048;24048.75;24046;24048.75;111
20250912 131700;24049;24050;24046.75;24047.75;226
20250912 131800;24047.75;24048.75;24045.5;24048.75;125
20250912 131900;24048.5;24049.25;24046;24046;86
20250912 132000;24046;24048;24045.75;24048;154
20250912 132100;24048;24048;24045;24046.25;176
20250912 132200;24046.5;24049;24046.5;24046.75;100
20250912 132300;24047;24047.5;24045;24045;77
20250912 132400;24045.5;24047.5;24044.5;24046.25;115
20250912 132500;24046.25;24048.25;24045.75;24046.25;100
20250912 132600;24046.25;24049;24043.5;24046.5;537
20250912 132700;24046;24046.25;24043.5;24046;223
20250912 132800;24046;24047.5;24037.5;24040.25;591
20250912 132900;24041;24046.25;24039.75;24042;675
20250912 133000;24042.75;24043.25;24038;24040.5;405
20250912 133100;24040.25;24064.5;24039.5;24047;5169
20250912 133200;24047.75;24052.25;24026.25;24045.25;3780
20250912 133300;24044.5;24047;24030.5;24030.75;2264
20250912 133400;24031;24047.25;24031;24040.75;1798
20250912 133500;24041.25;24042.25;24031.5;24034.5;1274
20250912 133600;24034.25;24035;24016.75;24021.5;2498
20250912 133700;24021.25;24032.25;24008.25;24018;3730
20250912 133800;24018.75;24027.75;24010.25;24012.25;1869
20250912 133900;24012.75;24015.75;24001.5;24007;2601
20250912 134000;24007.25;24017.25;24004.5;24012.75;1638
20250912 134100;24013;24019;24007.25;24014;1875
20250912 134200;24013.75;24022.5;24010.5;24017.75;1607
20250912 134300;24017.75;24022.25;24013.5;24022;1196
20250912 134400;24022.5;24026;24016.5;24019.25;1282
20250912 134500;24020;24033.75;24019.5;24029.75;1451
20250912 134600;24029.75;24034.5;24027;24032.75;1535
20250912 134700;24032.5;24038.75;24030.25;24032.25;1357
20250912 134800;24032;24039.25;24027.25;24031.75;1392
20250912 134900;24032.25;24034;24020.5;24023;1348
20250912 135000;24023.25;24032;24023;24026.75;1101
20250912 135100;24026.5;24033.25;24016.5;24032.75;1647
20250912 135200;24032;24034.25;24022.25;24023.25;1062
20250912 135300;24023.75;24028.25;24016.75;24023.5;875
20250912 135400;24024;24031.25;24021.25;24028.75;642
20250912 135500;24028.75;24030.25;24024.5;24025.75;441
20250912 135600;24025.75;24045;24025.25;24043;1642
20250912 135700;24042.5;24049.75;24038.75;24043.25;1622
20250912 135800;24044;24049.75;24041;24041;907
20250912 135900;24041.25;24042.75;24036;24036.5;877
20250912 140000;24036.5;24049.75;24035;24042.5;1169
20250912 140100;24049;24049.75;24023.25;24043.75;2413
20250912 140200;24043.25;24048.5;24036.5;24043.75;1101
20250912 140300;24043.75;24047.5;24039.25;24046;679
20250912 140400;24045.5;24055;24045;24048.75;1599
20250912 140500;24048.5;24055;24047.75;24049.5;906
20250912 140600;24049.75;24053.5;24047.75;24052.5;754
20250912 140700;24051.75;24052.75;24046.5;24049.5;840
20250912 140800;24049;24056.75;24048.25;24051.75;976
20250912 140900;24051.5;24054.25;24047.25;24052.75;666
20250912 141000;24053.25;24058.75;24053;24057.5;1007
20250912 141100;24057.25;24060.75;24048.75;24055.75;1369
20250912 141200;24055.25;24058.25;24049;24049.75;739
20250912 141300;24050;24050.25;24039.25;24040.5;1502
20250912 141400;24040.75;24042;24029.5;24031.75;1832
20250912 141500;24032.5;24038.25;24028.5;24031.25;1369
20250912 141600;24031.75;24038.25;24026.5;24033;1380
20250912 141700;24032.5;24043.25;24032.25;24036.5;1261
20250912 141800;24036.25;24053.25;24034.25;24050.75;1419
20250912 141900;24050.25;24051;24044.5;24047.75;996
20250912 142000;24048;24056.25;24045;24053.75;1009
20250912 142100;24053.75;24058.25;24050.5;24053.75;1158
20250912 142200;24054.25;24071.25;24054.25;24069;2792
20250912 142300;24069.25;24073.5;24063;24068.5;1476
20250912 142400;24068.25;24069.75;24063.5;24069;841
20250912 142500;24068.5;24073.5;24067.25;24071.5;1119
20250912 142600;24071;24076.25;24069.75;24073.5;1095
20250912 142700;24073.25;24076.25;24072.5;24073.5;642
20250912 142800;24073.5;24074.25;24066;24068.25;1093
20250912 142900;24068.25;24072.75;24066;24067;696
20250912 143000;24067;24071.75;24066.25;24071.25;608
20250912 143100;24071.25;24075;24067;24068.25;1156
20250912 143200;24068.25;24070;24065;24067.5;881
20250912 143300;24067.75;24077;24064.5;24075.5;1289
20250912 143400;24075.25;24079;24071.5;24078.5;817
20250912 143500;24078.5;24084.5;24077.25;24080;1489
20250912 143600;24079.75;24085.75;24078.25;24084;1159
20250912 143700;24084.75;24088.25;24082.75;24083.25;1031
20250912 143800;24083;24086.5;24079.25;24082;928
20250912 143900;24082;24082.75;24077;24078.25;703
20250912 144000;24078;24084;24078;24081.75;577
20250912 144100;24082;24087.25;24076;24076.5;880
20250912 144200;24076.75;24082.5;24075.25;24078.75;656
20250912 144300;24078.5;24086;24077.25;24085;695
20250912 144400;24084.75;24086;24078.5;24080.25;579
20250912 144500;24080.25;24083.25;24080.25;24081.75;367
20250912 144600;24082;24089.5;24079.5;24086;1052
20250912 144700;24086.5;24092.75;24083.75;24091.75;915
20250912 144800;24091.5;24094.75;24088.5;24091.5;916
20250912 144900;24091;24093.5;24088.75;24090.75;587
20250912 145000;24091;24096.5;24089.75;24094.75;763
20250912 145100;24095.25;24097.75;24093;24096.5;727
20250912 145200;24096.75;24099;24091.25;24094.75;1011
20250912 145300;24095;24102;24095;24098.5;897
20250912 145400;24098.5;24102;24094.25;24101.5;713
20250912 145500;24101.25;24107;24101.25;24106.75;902
20250912 145600;24107;24115.5;24105;24107.5;2526
20250912 145700;24107.25;24109.25;24102;24103.75;1005
20250912 145800;24103.5;24107.5;24100.25;24104.25;875
20250912 145900;24104.25;24106.75;24101.75;24103.75;447
20250912 150000;24103.5;24109;24103.25;24106;503
20250912 150100;24106.25;24111.5;24105;24110;992
20250912 150200;24110;24110.25;24105;24106.25;501
20250912 150300;24106.5;24106.75;24093.25;24094.5;1318
20250912 150400;24094.5;24097;24090.25;24090.5;1058
20250912 150500;24091;24093.5;24085.25;24086.5;1217
20250912 150600;24086.75;24091.25;24082.75;24090.5;1140
20250912 150700;24091;24093;24086.25;24090.25;741
20250912 150800;24090.25;24094;24086.5;24092;600
20250912 150900;24091.75;24095.75;24089;24089.5;680
20250912 151000;24090;24094.25;24088.75;24092.75;388
20250912 151100;24092.5;24097.5;24092;24096.5;502
20250912 151200;24096;24099;24084;24085.75;1265
20250912 151300;24086;24093.5;24085.75;24092;570
20250912 151400;24092;24096.5;24092;24095.5;529
20250912 151500;24094.75;24096.5;24092.5;24095;375
20250912 151600;24095.5;24101.25;24092.5;24100.75;667
20250912 151700;24101;24105.25;24098.25;24102.75;701
20250912 151800;24102.5;24104;24099;24101;588
20250912 151900;24100.75;24100.75;24090.75;24092.75;1029
20250912 152000;24092.75;24095.5;24087.25;24088.75;629
20250912 152100;24088.75;24090.25;24084.25;24086.25;959
20250912 152200;24086.25;24088.75;24081;24082.25;800
20250912 152300;24082;24085.75;24079.25;24084;752
20250912 152400;24083.75;24087.25;24081.5;24081.75;397
20250912 152500;24082;24093;24082;24092;646
20250912 152600;24092.5;24096.75;24091;24096.25;649
20250912 152700;24096;24099;24092.75;24094.5;565
20250912 152800;24094.5;24094.75;24088.75;24090;441
20250912 152900;24090.25;24093.75;24088;24091;487
20250912 153000;24090.75;24093.25;24086.25;24087.5;432
20250912 153100;24086.75;24087.75;24077.5;24081.5;1058
20250912 153200;24082;24091.75;24082;24091;593
20250912 153300;24091;24097;24089.25;24095.25;798
20250912 153400;24095.25;24095.75;24090.75;24091.75;517
20250912 153500;24091.5;24096;24091.5;24093;335
20250912 153600;24092.75;24096.25;24090.75;24091.75;348
20250912 153700;24091.5;24091.5;24085.25;24087;672
20250912 153800;24087.5;24090.25;24085.75;24087;337
20250912 153900;24086.75;24087.5;24082;24084.25;500
20250912 154000;24084;24088.25;24083.75;24085.5;431
20250912 154100;24085.5;24091.25;24085;24086.75;529
20250912 154200;24086.5;24087.25;24082;24082;432
20250912 154300;24082.25;24083.25;24079.25;24081.5;651
20250912 154400;24080.75;24087.25;24080;24080;564
20250912 154500;24080;24081.75;24076.25;24080;627
20250912 154600;24080;24083.5;24079.5;24081.75;511
20250912 154700;24081.5;24081.75;24072.5;24073.25;994
20250912 154800;24073.75;24080;24072.25;24079.25;730
20250912 154900;24079.25;24080;24072.25;24074.25;635
20250912 155000;24074.5;24082.25;24073.75;24080.5;917
20250912 155100;24080.25;24084.75;24079.25;24082.75;777
20250912 155200;24083;24088;24082;24084.25;778
20250912 155300;24084.5;24085.25;24080.5;24085.25;551
20250912 155400;24085.25;24088;24083;24087.75;513
20250912 155500;24088;24090.25;24087;24088.5;635
20250912 155600;24088.75;24095;24088;24094;673
20250912 155700;24094.25;24095.75;24091.25;24094;628
20250912 155800;24094;24099.5;24092.75;24098.5;877
20250912 155900;24098.25;24098.25;24094.5;24095.25;466
20250912 160000;24095.25;24095.5;24089.75;24090.75;764
20250912 160100;24090.75;24092.25;24084.5;24084.5;633
20250912 160200;24084.75;24085.25;24080.25;24080.5;767
20250912 160300;24080.75;24082.25;24077;24079.25;699
20250912 160400;24078.5;24079.25;24074.5;24077.25;613
20250912 160500;24077.25;24082.5;24077.25;24080.25;475
20250912 160600;24080.25;24081.5;24071.75;24075.75;712
20250912 160700;24075.5;24080.25;24072;24078.25;483
20250912 160800;24077.75;24086.5;24075.75;24085.5;617
20250912 160900;24085.25;24088.25;24084;24088;515
20250912 161000;24087.75;24091.5;24087;24091.25;443
20250912 161100;24091.25;24098.25;24090;24095.75;941
20250912 161200;24095.75;24100.75;24095.25;24097.75;678
20250912 161300;24097.75;24098.75;24095.5;24097.25;507
20250912 161400;24097.25;24100.5;24096.25;24099;339
20250912 161500;24099;24099.25;24096.25;24097.5;312
20250912 161600;24098;24104;24098;24102.5;695
20250912 161700;24103;24106.25;24102.5;24106;648
20250912 161800;24106;24106.75;24102;24102.75;515
20250912 161900;24102.5;24103;24099.5;24102;585
20250912 162000;24101.5;24101.75;24099.25;24101;262
20250912 162100;24101;24103;24094.75;24096;748
20250912 162200;24096.75;24098.25;24091.75;24098.25;622
20250912 162300;24098.25;24104.75;24098.25;24102.75;684
20250912 162400;24103;24106.5;24100.75;24101;441
20250912 162500;24101;24105.75;24100.5;24104.5;325
20250912 162600;24104.5;24105.75;24102.5;24104.5;272
20250912 162700;24104;24106.5;24102.5;24104.75;238
20250912 162800;24104.25;24106;24103;24103.75;281
20250912 162900;24103.5;24105;24100.5;24103.75;260
20250912 163000;24104.25;24106.5;24104;24105;362
20250912 163100;24105.25;24108.25;24102.75;24104.25;685
20250912 163200;24104.25;24107.5;24102;24106;365
20250912 163300;24106;24109.25;24105.75;24109;402
20250912 163400;24108.5;24114;24108.5;24109.75;903
20250912 163500;24110;24111.25;24108;24110.25;260
20250912 163600;24110.5;24111;24106;24107.25;531
20250912 163700;24107.5;24108.75;24105.25;24106.5;446
20250912 163800;24106.25;24107;24102.75;24105;479
20250912 163900;24105;24105.25;24101;24101.25;387
20250912 164000;24101;24103.25;24097.75;24098.75;473
20250912 164100;24098.5;24100.5;24097;24098.5;398
20250912 164200;24098.5;24101;24096;24099.75;370
20250912 164300;24099.75;24101;24096.75;24100;413
20250912 164400;24100.5;24100.75;24096.5;24097.75;226
20250912 164500;24098;24101.75;24098;24101.25;294
20250912 164600;24101;24107.5;24100.5;24101.25;767
20250912 164700;24100.75;24100.75;24096.75;24098;460
20250912 164800;24098.25;24103.75;24098.25;24101.75;404
20250912 164900;24101.25;24108.75;24100.75;24108.5;1217
20250912 165000;24108.75;24110;24104.75;24104.75;662
20250912 165100;24105.25;24106.75;24102;24106.25;512
20250912 165200;24106.25;24111.25;24105;24110.5;511
20250912 165300;24110.75;24111;24108.5;24110;543
20250912 165400;24110;24114;24108.75;24111;631
20250912 165500;24110.75;24113;24110;24111.5;494
20250912 165600;24111.75;24111.75;24107.75;24110.5;484
20250912 165700;24110.75;24112.75;24109;24112.25;374
20250912 165800;24112.75;24122;24111;24120.5;2043
20250912 165900;24121.25;24122;24112.5;24113.75;1150
20250912 170000;24113.75;24113.75;24109.25;24110.75;1062
20250912 170100;24111;24111.75;24107;24109.25;596
20250912 170200;24109.75;24111;24108;24110.75;259
20250912 170300;24110.25;24112;24105.75;24107;574
20250912 170400;24107;24108;24104.25;24105;473
20250912 170500;24105;24105.5;24101.5;24101.75;523
20250912 170600;24102.25;24104.25;24100;24102.5;513
20250912 170700;24102.5;24103.75;24100.25;24100.75;280
20250912 170800;24100.75;24102.25;24098.75;24099.5;303
20250912 170900;24100.5;24103.75;24100;24101.25;343
20250912 171000;24101.5;24102.5;24098;24098.75;331
20250912 171100;24098.75;24104.75;24097.5;24103.25;435
20250912 171200;24103.25;24105.5;24102.75;24104.5;283
20250912 171300;24104.25;24105.5;24101.75;24104.5;250
20250912 171400;24104.75;24105.25;24100.5;24104.25;283
20250912 171500;24104.5;24105.75;24103;24104.75;203
20250912 171600;24105;24111.25;24104.75;24108.75;566
20250912 171700;24109.5;24110.5;24106.25;24107;317
20250912 171800;24106.5;24109;24105;24106;238
20250912 171900;24105.75;24106;24098.75;24100;440
20250912 172000;24100.25;24104.25;24099;24100.75;343
20250912 172100;24101;24106.75;24099;24104.25;384
20250912 172200;24104;24106.75;24103.5;24105;195
20250912 172300;24105.25;24106.5;24101.5;24104.25;175
20250912 172400;24104.75;24105.75;24102.25;24103.5;182
20250912 172500;24103.75;24106.5;24103.25;24105.5;214
20250912 172600;24105.5;24106;24102.25;24102.75;184
20250912 172700;24102.5;24102.75;24099.75;24100.25;245
20250912 172800;24100.25;24103;24100;24102;151
20250912 172900;24102;24104.25;24101.25;24102;210
20250912 173000;24101.25;24103;24100;24101;206
20250912 173100;24101;24103.75;24099.75;24102.75;265
20250912 173200;24102.5;24106.75;24102.5;24105;269
20250912 173300;24105;24105.25;24101.5;24104.75;190
20250912 173400;24104.5;24106.5;24101.5;24103.25;234
20250912 173500;24103;24103.75;24098.5;24100;355
20250912 173600;24100;24100.75;24093.5;24097.75;644
20250912 173700;24097.25;24103;24096.25;24101;429
20250912 173800;24101.25;24103.25;24099.75;24101.25;193
20250912 173900;24100.75;24101.5;24091.5;24096;604
20250912 174000;24095.75;24100.5;24092.5;24098;475
20250912 174100;24098;24101.75;24097.75;24100.5;268
20250912 174200;24100.5;24102.5;24098.25;24099.25;193
20250912 174300;24099.5;24103.75;24099.25;24103.5;223
20250912 174400;24103.25;24105;24103;24104.25;259
20250912 174500;24104.25;24104.75;24102.5;24103;123
20250912 174600;24103;24107.5;24102.75;24105.75;314
20250912 174700;24106.25;24109;24105.5;24107.25;390
20250912 174800;24107.5;24111;24107.5;24109.5;431
20250912 174900;24109.75;24113.5;24108.5;24110.25;916
20250912 175000;24110.5;24114.75;24110;24113.5;534
20250912 175100;24113.5;24116.75;24111.5;24112;857
20250912 175200;24112;24116.75;24111;24115.75;483
20250912 175300;24116;24119.5;24114.75;24117;614
20250912 175400;24117;24120.5;24116.25;24119.5;447
20250912 175500;24119;24120.75;24116.25;24118;604
20250912 175600;24118;24119.75;24116.75;24119;573
20250912 175700;24119;24124;24117.75;24121.25;1169
20250912 175800;24121;24125.75;24119.75;24123.5;691
20250912 175900;24123.75;24128.25;24122.5;24127;1058
20250912 180000;24127;24127.75;24122.75;24123.75;1181
20250912 180100;24123.75;24124.5;24117;24118.75;731
20250912 180200;24119.25;24121.25;24115.5;24120;590
20250912 180300;24119.5;24120;24114.5;24115.25;468
20250912 180400;24115.25;24116;24113.5;24115.25;320
20250912 180500;24115;24116.75;24113.25;24113.75;264
20250912 180600;24113.25;24116.75;24113;24114;289
20250912 180700;24114.5;24118.25;24114;24117;294
20250912 180800;24116.75;24117.25;24114.5;24116.75;218
20250912 180900;24116.5;24118.5;24115.75;24117.5;209
20250912 181000;24117.75;24121;24117;24120.75;367
20250912 181100;24120.5;24123.25;24118;24119.75;473
20250912 181200;24119.75;24120.25;24116;24116.5;299
20250912 181300;24117;24119.5;24117;24118.25;116
20250912 181400;24118.75;24122;24118.25;24122;253
20250912 181500;24122;24124.75;24122;24124;367
20250912 181600;24124;24124;24120.5;24121.25;277
20250912 181700;24121.25;24122.5;24119;24120;255
20250912 181800;24120.5;24121.75;24117;24121;306
20250912 181900;24121.25;24121.5;24118;24118.75;362
20250912 182000;24119;24121;24116.75;24120.75;230
20250912 182100;24120.5;24123.25;24120;24122.5;331
20250912 182200;24122.25;24122.75;24120.25;24121;177
20250912 182300;24121.25;24122.75;24120.5;24120.75;262
20250912 182400;24121;24122.25;24119.25;24120;218
20250912 182500;24120;24123.5;24118.75;24121.75;204
20250912 182600;24122.25;24125.75;24121.75;24124.25;560
20250912 182700;24124.25;24126.25;24123.75;24125;297
20250912 182800;24125.25;24125.75;24123.5;24124.5;300
20250912 182900;24124.5;24125.75;24123.25;24123.75;196
20250912 183000;24123.75;24123.75;24120.5;24122;287
20250912 183100;24122;24123.75;24119.5;24122;429
20250912 183200;24122;24122.75;24119.75;24122.75;249
20250912 183300;24122.75;24126.5;24121.75;24125.5;642
20250912 183400;24125.25;24137.5;24124.75;24131.75;1982
20250912 183500;24131.75;24134;24129.5;24131.75;722
20250912 183600;24132;24133.5;24128.75;24130.5;704
20250912 183700;24130.75;24134.25;24130.25;24133.5;513
20250912 183800;24133.5;24134.75;24131.5;24132.75;368
20250912 183900;24132.5;24136.5;24131.75;24136.25;415
20250912 184000;24135.75;24141;24135.75;24139.25;1499
20250912 184100;24138.5;24142.75;24138.25;24141;788
20250912 184200;24141.5;24141.75;24135.5;24135.5;490
20250912 184300;24136;24141.5;24136;24140;416
20250912 184400;24140;24142.75;24139.75;24141.25;315
20250912 184500;24141.5;24141.75;24137.75;24139.5;371
20250912 184600;24139.5;24139.75;24136.75;24139;312
20250912 184700;24139.25;24141.25;24139;24140.75;216
20250912 184800;24141;24141.25;24136.5;24137;271
20250912 184900;24137.5;24139;24134.5;24135.25;644
20250912 185000;24135.75;24136;24118;24129.5;2174
20250912 185100;24129.5;24136;24129.5;24135.25;933
20250912 185200;24135;24140.25;24134.75;24139.5;880
20250912 185300;24139.5;24157.5;24138.75;24147.5;2718
20250912 185400;24147.25;24151.75;24146.5;24150.75;1028
20250912 185500;24150.75;24154;24149.75;24154;712
20250912 185600;24153.5;24155;24150.5;24153;743
20250912 185700;24153.5;24156.5;24151.75;24156.25;676
20250912 185800;24156.5;24159;24154.5;24158.25;726
20250912 185900;24158.25;24158.75;24155;24156;890
20250912 190000;24156.25;24158.5;24151.5;24154;928
20250912 190100;24154;24157.75;24153.25;24155.75;719
20250912 190200;24156.25;24157.25;24153.25;24153.25;327
20250912 190300;24153.5;24155.5;24152.5;24152.75;255
20250912 190400;24152.25;24155.75;24151;24153.5;355
20250912 190500;24153.75;24155.75;24152;24153.5;314
20250912 190600;24153.5;24156.5;24150.25;24156.25;537
20250912 190700;24156.25;24156.75;24152;24152;351
20250912 190800;24152;24152.5;24147;24148;702
20250912 190900;24148.25;24150.75;24148;24149;295
20250912 191000;24149;24152;24147.75;24150.25;291
20250912 191100;24150.5;24150.5;24147.5;24147.5;219
20250912 191200;24148;24148.5;24143.75;24143.75;550
20250912 191300;24144.25;24146.25;24141.25;24142;470
20250912 191400;24142;24142.75;24139.75;24140.5;532
20250912 191500;24140.25;24141;24135.25;24139;1033
20250912 191600;24139.5;24141.25;24135;24136.5;578
20250912 191700;24136.5;24139.5;24135.5;24137.25;480
20250912 191800;24136.75;24140.5;24133.5;24133.75;616
20250912 191900;24134;24136.75;24133.75;24136;417
20250912 192000;24136.25;24139.5;24134.5;24137.25;575
20250912 192100;24137.5;24138.75;24135;24136;324
20250912 192200;24135.5;24139.25;24135.25;24137.75;338
20250912 192300;24137.75;24139;24132;24134;683
20250912 192400;24134.25;24134.25;24131.25;24133.75;377
20250912 192500;24133.75;24133.75;24127.75;24128;724
20250912 192600;24128;24133.5;24128;24130.5;660
20250912 192700;24130.75;24131.75;24125.5;24127;773
20250912 192800;24127;24127.75;24125.25;24125.75;440
20250912 192900;24125.75;24128.5;24119;24123.75;1223
20250912 193000;24123.75;24126.5;24122.25;24124.5;531
20250912 193100;24124.25;24126;24118.75;24120.5;1061
20250912 193200;24120.25;24120.75;24114.5;24116;1226
20250912 193300;24116.25;24116.25;24105;24105.75;2106
20250912 193400;24106.25;24110;24104.25;24107;1465
20250912 193500;24107;24116.25;24106.75;24111.25;1323
20250912 193600;24110.75;24115.5;24109;24110;828
20250912 193700;24109.75;24110;24104.75;24105.75;985
20250912 193800;24106;24106.75;24100.75;24102.25;1167
20250912 193900;24101.75;24105.25;24099.5;24102.25;938
20250912 194000;24102.25;24105;24097.5;24100.25;851
20250912 194100;24100.25;24104.75;24094.25;24094.5;1233
20250912 194200;24095;24097.25;24090;24091.75;1461
20250912 194300;24091.75;24100.75;24087.5;24099;1716
20250912 194400;24098.5;24109.25;24095;24106.25;1733
20250912 194500;24106.5;24114.5;24106;24113.25;1138
20250912 194600;24113.25;24119.25;24111.25;24118;1494
20250912 194700;24118;24122.75;24117.25;24122.25;1019
20250912 194800;24122.5;24123.5;24110.25;24110.25;1454
20250912 194900;24110.25;24116;24107.75;24114.25;888
20250912 195000;24114;24120;24112.25;24119.25;765
20250912 195100;24119.25;24130.25;24118;24124;1914
20250912 195200;24124;24125;24119.5;24124.5;815
20250912 195300;24124.5;24134;24122.75;24131;1554
20250912 195400;24131;24131.5;24126;24130.5;960
20250912 195500;24130.5;24132.75;24122.5;24132.75;1299
20250912 195600;24133;24133;24123.5;24126;1641
20250912 195700;24126.25;24128.75;24116.5;24119.25;1135
20250912 195800;24119.5;24121.5;24108.75;24120.5;1751
20250912 195900;24120.75;24127.25;24117.25;24124.75;1653
20250912 200000;24125;24129.75;24108.5;24109.75;7366
20250912 200100;24109.5;24111.75;24097;24099.5;4391
20250912 200200;24099.75;24104.25;24097.75;24099.5;1221
20250912 200300;24099.75;24106;24098.75;24106;859
20250912 200400;24106;24111;24102.75;24106;814
20250912 200500;24106.5;24107;24103.75;24105.75;388
20250912 200600;24105.5;24109.5;24105.25;24108.75;386
20250912 200700;24108.5;24112.75;24106.75;24110.25;449
20250912 200800;24109.75;24112.25;24105.75;24105.75;272
20250912 200900;24105.5;24108;24104.75;24107;195
20250912 201000;24106.75;24110.5;24106;24108.75;271
20250912 201100;24108.5;24111.75;24108;24109.25;224
20250912 201200;24109;24111.5;24108.75;24109.5;168
20250912 201300;24110;24111;24109.25;24110.25;108
20250912 201400;24110.75;24112.5;24109.75;24110.75;209
20250912 201500;24110.5;24112.5;24110.5;24111.5;162
20250912 201600;24111.75;24119.25;24111.25;24118.5;269
20250912 201700;24118.25;24118.25;24114;24115;209
20250912 201800;24114.5;24115.75;24114.25;24115.25;59
20250912 201900;24115.25;24115.25;24112.75;24114.25;81
20250912 202000;24113.25;24114.75;24113;24114.25;79
20250912 202100;24114.75;24115.25;24112.25;24114.5;143
20250912 202200;24114.5;24116.75;24114.25;24115.5;73
20250912 202300;24115.75;24116;24114.5;24115.75;49
20250912 202400;24115.75;24116.25;24112.75;24113.25;59
20250912 202500;24113.75;24114.5;24111.75;24112.5;72
20250912 202600;24112.75;24114;24112.25;24113.25;75
20250912 202700;24113.25;24114.75;24113.25;24114.5;62
20250912 202800;24114.5;24114.75;24113;24113;55
20250912 202900;24113;24114.25;24112;24113.75;85
20250912 203000;24113.5;24114.5;24112.5;24113.25;74
20250912 203100;24113.25;24113.5;24110.75;24113.25;67
20250912 203200;24113;24114.25;24112.25;24113;78
20250912 203300;24113.5;24114;24112.5;24113.5;37
20250912 203400;24113.75;24115;24112.75;24112.75;49
20250912 203500;24113;24114;24112.75;24113.75;41
20250912 203600;24113.5;24114.5;24112.25;24113.25;114
20250912 203700;24113.5;24113.75;24112.25;24113.25;25
20250912 203800;24113.5;24113.5;24111.5;24111.75;61
20250912 203900;24111.75;24112;24110.5;24110.5;99
20250912 204000;24110.75;24111.75;24110;24111.25;51
20250912 204100;24111.5;24113.75;24111.5;24113.75;58
20250912 204200;24113.25;24113.25;24110.75;24111.25;101
20250912 204300;24111.75;24114.25;24111.75;24114.25;48
20250912 204400;24114.5;24114.75;24113;24113.25;77
20250912 204500;24113;24114;24112.5;24113.5;69
20250912 204600;24113.75;24115;24113.25;24115;54
20250912 204700;24114.75;24116.75;24114.25;24115.75;101
20250912 204800;24115.75;24115.75;24113.5;24114.25;49
20250912 204900;24113.75;24117;24113.5;24116.25;74
20250912 205000;24116;24116;24113;24113;72
20250912 205100;24113;24113.25;24112.5;24112.75;27
20250912 205200;24113;24113.25;24112;24113;53
20250912 205300;24113.25;24114.25;24112.25;24113;56
20250912 205400;24113;24114.5;24113;24114.5;21
20250912 205500;24114.5;24114.75;24113.25;24113.25;78
20250912 205600;24113;24116.75;24111;24112.5;205
20250912 205700;24112.5;24114;24112.5;24113.5;35
20250912 205800;24113.75;24114.25;24112;24112.25;162
20250912 205900;24112;24112.25;24110.75;24111;59
20250912 210000;24111.25;24115.5;24110;24115.25;206
20250913 193600;24115.25;24115.25;24115.25;24115.25;2
20250914 022100;24115.25;24115.25;24115.25;24115.25;3
20250914 212900;24115.25;24115.25;24115.25;24115.25;1
20250914 220100;24115.25;24122.5;24107.75;24112.75;224
20250914 220200;24114;24114.25;24107.5;24109.5;114
20250914 220300;24108.5;24108.75;24102;24106.5;110
20250914 220400;24106.25;24106.75;24100;24102.25;79
20250914 220500;24102.25;24105.25;24099.75;24105.25;72
20250914 220600;24105;24106.5;24101.75;24102;53
20250914 220700;24101.75;24106;24101.75;24105;30
20250914 220800;24105.25;24113.25;24105;24111;112
20250914 220900;24110.75;24121.5;24109.75;24121;108
20250914 221000;24120.25;24120.25;24115.5;24118.5;53
20250914 221100;24118;24119;24114.5;24117.75;81
20250914 221200;24117.25;24120;24116.75;24120;92
20250914 221300;24119.5;24119.75;24114;24114.75;65
20250914 221400;24114;24116.5;24113.75;24116.25;44
20250914 221500;24115.5;24121.75;24115.5;24121.25;104
20250914 221600;24120.5;24129.5;24120.5;24129.5;165
20250914 221700;24129;24129.25;24120;24125.75;168
20250914 221800;24125;24126;24121.5;24122;37
20250914 221900;24121.5;24123.25;24121.25;24121.25;20
20250914 222000;24121.75;24125;24121.75;24123.5;36
20250914 222100;24123.25;24123.75;24122.25;24122.75;32
20250914 222200;24123.25;24123.5;24117.5;24120.5;72
20250914 222300;24120;24122;24118.75;24120.25;28
20250914 222400;24121;24121;24118.75;24120;26
20250914 222500;24120.25;24120.25;24116.5;24119.75;45
20250914 222600;24118;24121.75;24117.75;24120.75;27
20250914 222700;24119.75;24120.25;24118.25;24120.25;17
20250914 222800;24119.75;24124;24119;24122;43
20250914 222900;24123.25;24124.5;24120.5;24121.5;23
20250914 223000;24122.75;24123.25;24121.5;24122;24
20250914 223100;24123.5;24123.5;24122;24122;17
20250914 223200;24121.5;24121.5;24119;24119.25;22
20250914 223300;24119.25;24121.75;24119.25;24121.5;39
20250914 223400;24121.5;24121.5;24119.25;24119.75;14
20250914 223500;24119.75;24124;24119.25;24120.75;60
20250914 223600;24120.5;24121.5;24118.75;24120.75;34
20250914 223700;24121.25;24121.5;24121;24121;5
20250914 223800;24121.25;24122.5;24121;24122.5;16
20250914 223900;24122.5;24124;24122.5;24123;16
20250914 224000;24122;24123.25;24121.75;24122.75;26
20250914 224100;24123;24123.5;24122;24123.5;22
20250914 224200;24123.5;24123.75;24121.75;24122.5;15
20250914 224300;24123;24125.5;24123;24125;48
20250914 224400;24125.5;24126.25;24124.75;24125;31
20250914 224500;24125;24125.25;24124;24124;12
20250914 224600;24124.75;24126.5;24124.5;24126.5;22
20250914 224700;24126.5;24128.25;24126.5;24127.25;49
20250914 224800;24128;24128;24125.5;24125.5;14
20250914 224900;24125.5;24126.75;24125.25;24126.75;16
20250914 225000;24126.25;24126.75;24124.75;24125.5;36
20250914 225100;24125.25;24126.5;24125;24126;20
20250914 225200;24125;24126;24124.75;24126;16
20250914 225300;24126.5;24126.75;24120.75;24123.25;65
20250914 225400;24123.5;24123.75;24122.5;24123.5;14
20250914 225500;24124.25;24124.25;24124;24124;3
20250914 225600;24124.5;24125;24124.25;24125;5
20250914 225700;24125;24125;24122.5;24122.5;16
20250914 225800;24122.5;24123.75;24122.5;24123.25;6
20250914 225900;24123.75;24125.25;24123.25;24124.25;27
20250914 230000;24124.5;24125.5;24124.5;24124.5;18
20250914 230100;24124.5;24128.5;24124.5;24127.25;63
20250914 230200;24126.75;24127;24125.5;24125.5;11
20250914 230300;24125.25;24125.25;24124.75;24125.25;9
20250914 230400;24124.75;24125.75;24123.25;24125.75;21
20250914 230500;24125;24125.75;24125;24125.5;8
20250914 230600;24125.25;24125.25;24125;24125;7
20250914 230700;24125;24126;24121.25;24121.75;53
20250914 230800;24121.25;24122;24120.5;24121.25;30
20250914 230900;24121.75;24122.25;24119.25;24120.75;40
20250914 231000;24119.5;24121.5;24119;24119;47
20250914 231100;24119.5;24122.25;24119;24121.5;47
20250914 231200;24120.75;24121;24120;24121;13
20250914 231300;24120.75;24121.25;24117.5;24118.75;39
20250914 231400;24119.25;24120;24118.5;24118.75;14
20250914 231500;24118.5;24120.5;24118.5;24120.5;9
20250914 231600;24120.25;24123;24120.25;24122.5;40
20250914 231700;24122.5;24122.75;24121.5;24121.75;25
20250914 231800;24121.25;24121.75;24120.75;24120.75;11
20250914 231900;24120.5;24120.75;24119.5;24120.5;24
20250914 232000;24120.5;24120.5;24119;24119.75;17
20250914 232100;24119.5;24120.5;24119.5;24120.25;11
20250914 232200;24121;24121;24119;24119;10
20250914 232300;24119;24119;24116.75;24118;25
20250914 232400;24118.5;24120.75;24118.5;24119.75;18
20250914 232500;24119.25;24119.25;24118.5;24118.5;10
20250914 232600;24118;24118;24114;24114.5;61
20250914 232700;24116;24118;24114.75;24115.5;49
20250914 232800;24115.5;24115.5;24112.5;24114;63
20250914 232900;24113.25;24114;24112;24113.25;22
20250914 233000;24113.75;24114.5;24111;24111.5;35
20250914 233100;24111;24114.5;24109.5;24112;72
20250914 233200;24111.75;24112;24105.5;24106.5;76
20250914 233300;24106.75;24112.25;24105.75;24107.25;111
20250914 233400;24107;24107.25;24103.5;24104.25;49
20250914 233500;24104.25;24105.5;24102;24102.75;104
20250914 233600;24103;24103.25;24100;24101;68
20250914 233700;24102.5;24105;24102.25;24103.25;47
20250914 233800;24104;24105;24102.25;24105;25
20250914 233900;24104.25;24104.5;24102.5;24102.5;16
20250914 234000;24102.75;24109;24102.75;24108.5;61
20250914 234100;24108.25;24109.25;24105.25;24105.75;27
20250914 234200;24106;24106.25;24102.25;24102.25;21
20250914 234300;24102;24102.75;24100.5;24101.25;33
20250914 234400;24101.75;24105.75;24101.75;24104.5;32
20250914 234500;24103.75;24108.75;24103.75;24108.75;28
20250914 234600;24109;24109.25;24107;24107.5;37
20250914 234700;24107.75;24108;24102.5;24104.25;36
20250914 234800;24105.25;24106.75;24101.5;24106;93
20250914 234900;24107;24110;24107;24110;45
20250914 235000;24109.25;24110;24109;24109.5;16
20250914 235100;24108.25;24110;24107.25;24108.5;7
20250914 235200;24110.5;24111.25;24109.25;24109.75;28
20250914 235300;24109;24110.5;24108.5;24110.25;21
20250914 235400;24110.5;24110.5;24107.25;24107.75;29
20250914 235500;24107.75;24107.75;24106;24106;27
20250914 235600;24106;24106;24102.75;24105;34
20250914 235700;24104.25;24106;24104;24106;14
20250914 235800;24107;24109.5;24107;24109;16
20250914 235900;24109;24112.25;24109;24111.5;66
20250915 000000;24111.5;24112;24110.75;24110.75;20
20250915 000100;24111;24113.25;24110;24111.5;60
20250915 000200;24110.5;24111;24107.5;24108.75;46
20250915 000300;24110.5;24111.25;24109;24110;18
20250915 000400;24110.25;24112;24109.25;24109.25;26
20250915 000500;24109.25;24110;24104.75;24106.5;31
20250915 000600;24105.5;24108;24104.75;24107.5;33
20250915 000700;24107.25;24107.25;24101.25;24101.5;50
20250915 000800;24101;24104.25;24100.5;24102.5;62
20250915 000900;24102.75;24105.25;24100.25;24105;95
20250915 001000;24105;24110;24105;24110;48
20250915 001100;24110.25;24112;24108.25;24110.75;43
20250915 001200;24110.25;24111.5;24109;24111;52
20250915 001300;24110;24115;24109.5;24114;76
20250915 001400;24114.25;24115;24107.5;24110.25;68
20250915 001500;24110.75;24114.25;24110.75;24113.75;39
20250915 001600;24112.75;24113.25;24102.75;24103.5;83
20250915 001700;24103.5;24103.5;24095;24098.75;171
20250915 001800;24098.75;24106.25;24098.75;24105.5;146
20250915 001900;24104.5;24109.75;24103.75;24107;75
20250915 002000;24107.75;24108.25;24107.25;24107.75;16
20250915 002100;24108.5;24109;24102.5;24106;105
20250915 002200;24106.5;24106.5;24101.5;24102.25;31
20250915 002300;24103;24104.5;24102.25;24104.5;11
20250915 002400;24103.25;24105.25;24103.25;24105.25;16
20250915 002500;24105;24105;24101.5;24101.5;21
20250915 002600;24101;24103.75;24101;24103.5;16
20250915 002700;24103.5;24103.75;24101;24102.75;21
20250915 002800;24102.5;24102.5;24095.25;24096;208
20250915 002900;24096.25;24097.5;24092;24092.75;111
20250915 003000;24094;24096;24093;24095.5;21
20250915 003100;24096;24098;24095.25;24096.75;53
20250915 003200;24096.25;24100;24096;24100;29
20250915 003300;24099.25;24101;24098;24100;45
20250915 003400;24101;24101.75;24101;24101.75;14
20250915 003500;24101.75;24103.5;24101.5;24102.5;43
20250915 003600;24101;24101.75;24098.5;24101.5;52
20250915 003700;24099.5;24101.5;24099;24099.75;20
20250915 003800;24099.25;24100.75;24095.25;24098;53
20250915 003900;24098.75;24101.25;24098.75;24100.5;32
20250915 004000;24100;24100.75;24098.25;24099.75;32
20250915 004100;24098.75;24099.25;24096.75;24097.75;27
20250915 004200;24097;24097;24095;24095.5;30
20250915 004300;24096;24099;24095.5;24097.75;15
20250915 004400;24098.25;24098.25;24097.5;24097.75;6
20250915 004500;24098;24098.5;24098;24098.5;5
20250915 004600;24099;24100.5;24097.75;24097.75;16
20250915 004700;24099.25;24102.5;24099.25;24101.5;29
20250915 004800;24101.5;24103.75;24101.5;24103.5;31
20250915 004900;24103.75;24105;24102.5;24105;33
20250915 005000;24105;24106;24104;24104.5;27
20250915 005100;24104.5;24109.25;24104.5;24107;52
20250915 005200;24106;24106;24100.75;24102.5;43
20250915 005300;24103;24105.5;24102.25;24105.5;26
20250915 005400;24105.5;24108.75;24105.5;24107.5;38
20250915 005500;24107;24109.25;24106.5;24108;20
20250915 005600;24108.25;24110.75;24106.75;24110.5;48
20250915 005700;24111;24114.5;24110.5;24112.75;54
20250915 005800;24111.75;24112.75;24111.75;24112;13
20250915 005900;24112;24112;24109.25;24109.75;22
20250915 010000;24110.5;24111;24109;24109;7
20250915 010100;24109.5;24111.5;24107.75;24108.25;42
20250915 010200;24108;24108.5;24106.75;24106.75;17
20250915 010300;24106.5;24109.75;24106;24109.25;18
20250915 010400;24108.5;24110.5;24108.25;24110.25;22
20250915 010500;24111.25;24113.25;24107.25;24107.25;46
20250915 010600;24107;24109.5;24107;24108.75;17
20250915 010700;24110.5;24112.75;24110.5;24111;18
20250915 010800;24111.75;24113;24110.75;24110.75;9
20250915 010900;24110.25;24111.75;24110.25;24111.25;15
20250915 011000;24109;24111;24108.25;24111;14
20250915 011100;24110.5;24111.5;24107.75;24109;24
20250915 011200;24109.25;24109.5;24108.75;24109.5;5
20250915 011300;24110;24110;24108.25;24108.25;10
20250915 011400;24108.25;24108.25;24106.75;24106.75;16
20250915 011500;24106.25;24108;24105.75;24107.25;31
20250915 011600;24107;24109.25;24106.5;24109.25;27
20250915 011700;24109.25;24109.25;24106.75;24107.5;22
20250915 011800;24107.5;24107.5;24106.25;24107;16
20250915 011900;24107.25;24108;24107.25;24107.5;8
20250915 012000;24107.75;24108.75;24107.5;24108;7
20250915 012100;24108.25;24108.25;24106.75;24107.25;16
20250915 012200;24108;24108;24106;24106;5
20250915 012300;24106.25;24107.5;24105.25;24106.5;21
20250915 012400;24106.25;24110.25;24106.25;24108.75;51
20250915 012500;24109.25;24111.25;24109;24109.75;18
20250915 012600;24110.25;24111.5;24109.5;24110.5;21
20250915 012700;24109.5;24109.75;24108.75;24109.5;31
20250915 012800;24109.75;24110;24108.25;24110;17
20250915 012900;24110;24112.5;24109.75;24112.5;36
20250915 013000;24111.75;24113;24111.25;24113;28
20250915 013100;24113.5;24114.5;24111.5;24111.75;56
20250915 013200;24112;24112.25;24111;24111.5;14
20250915 013300;24110.75;24110.75;24108.5;24110.25;24
20250915 013400;24110.5;24111.75;24109.25;24111.25;12
20250915 013500;24111;24111.5;24110.5;24110.5;14
20250915 013600;24111;24114.5;24111;24113.25;52
20250915 013700;24112.5;24112.5;24111;24112;17
20250915 013800;24113.25;24114;24113.25;24114;6
20250915 013900;24114.25;24117.5;24114.25;24115.25;71
20250915 014000;24115.5;24116;24114.5;24114.5;21
20250915 014100;24114.25;24114.75;24112.5;24114.25;34
20250915 014200;24113.5;24114;24112.75;24114;11
20250915 014300;24114.5;24114.5;24110.5;24110.75;26
20250915 014400;24111.5;24112.25;24110;24111.5;28
20250915 014500;24111.25;24111.75;24109;24111.5;22
20250915 014600;24111.5;24115.5;24111.5;24115;24
20250915 014700;24114;24115;24114;24114.75;5
20250915 014800;24114.25;24115.25;24114.25;24115.25;10
20250915 015000;24115.25;24118.5;24114.75;24114.75;68
20250915 015100;24115;24116.25;24114.5;24114.5;16
20250915 015200;24115;24115;24115;24115;2
20250915 015300;24115.5;24115.5;24114.75;24115.25;9
20250915 015400;24115.5;24117.75;24115.25;24117.75;20
20250915 015500;24117.25;24117.75;24116;24116;12
20250915 015600;24116.5;24117.25;24116.25;24117.25;15
20250915 015700;24117;24117.25;24116;24117;13
20250915 015800;24116.25;24116.75;24115.5;24116;13
20250915 015900;24116;24116;24114.25;24115.25;7
20250915 020000;24115.25;24116;24114;24114;14
20250915 020100;24114;24114;24111;24111.25;39
20250915 020200;24112;24112;24108.25;24110.25;51
20250915 020300;24109.5;24115.25;24109.5;24115.25;58
20250915 020400;24114.25;24116.25;24113.5;24116;20
20250915 020500;24115;24115.5;24114.75;24115.5;10
20250915 020600;24115.25;24117.75;24114.75;24117.25;27
20250915 020700;24116.75;24120.5;24116.5;24119.25;43
20250915 020800;24118.75;24120.25;24118.75;24119.75;9
20250915 020900;24120.25;24122;24118.5;24119.75;32
20250915 021000;24119;24121;24118.5;24119.75;14
20250915 021100;24119.75;24122;24119.5;24122;17
20250915 021200;24121;24122.75;24121;24121.5;25
20250915 021300;24121.5;24122.75;24120;24121;30
20250915 021400;24121.25;24122;24121;24122;19
20250915 021500;24121.25;24121.25;24120;24120;22
20250915 021600;24119.25;24119.25;24117;24118.75;36
20250915 021700;24118.5;24120.5;24117.75;24118.25;20
20250915 021800;24118.5;24118.5;24117.75;24118.5;8
20250915 021900;24119;24121;24119;24121;11
20250915 022000;24120.75;24123.25;24120.75;24122.25;33
20250915 022100;24121.5;24121.5;24118.5;24118.5;17
20250915 022200;24117.75;24118.5;24117.25;24117.25;27
20250915 022300;24117;24118;24114.5;24116.25;47
20250915 022400;24115.75;24117.25;24114.5;24117.25;27
20250915 022500;24118;24119.5;24116.25;24119.5;16
20250915 022600;24119.75;24120;24119.5;24119.5;8
20250915 022700;24119.5;24120.25;24116.25;24116.25;33
20250915 022800;24116.75;24117.5;24116.75;24117.25;10
20250915 022900;24117.5;24119.75;24116.25;24116.75;23
20250915 023000;24116.75;24119.5;24116.5;24119.25;36
20250915 023100;24118.75;24118.75;24116.5;24117.75;29
20250915 023200;24117.5;24118.25;24117;24118.25;22
20250915 023300;24117.75;24118;24117.5;24118;7
20250915 023400;24117.75;24117.75;24117;24117;8
20250915 023500;24116.5;24117.25;24115.5;24116;19
20250915 023600;24116;24116.25;24113.25;24115.25;48
20250915 023700;24114;24115;24114;24115;15
20250915 023800;24114.5;24116.25;24114.5;24115.25;17
20250915 023900;24115;24115.5;24114.25;24114.25;15
20250915 024000;24114.5;24114.5;24112.25;24112.25;52
20250915 024100;24112.25;24114.5;24112.25;24113.5;24
20250915 024200;24113.25;24115;24113;24115;10
20250915 024300;24115;24115.25;24114.5;24115.25;6
20250915 024400;24115.5;24117.5;24115.5;24117;26
20250915 024500;24117.5;24118;24117.5;24118;14
20250915 024600;24118;24120;24116.25;24116.25;45
20250915 024700;24116.25;24117.75;24116.25;24117.75;14
20250915 024800;24117.25;24118.75;24117;24117.5;26
20250915 024900;24117.75;24119.25;24116.25;24117.25;58
20250915 025000;24116.25;24117;24116.25;24116.75;7
20250915 025100;24116.75;24118;24116.75;24118;8
20250915 025200;24117.25;24117.75;24116;24116.25;7
20250915 025300;24117.5;24118.75;24117.5;24118;19
20250915 025400;24118.25;24118.25;24117;24117;3
20250915 025500;24117;24118.5;24116.75;24117.75;15
20250915 025600;24118;24118;24116.75;24117.5;6
20250915 025700;24117.25;24117.25;24116.25;24116.25;12
20250915 025800;24116;24116;24114.75;24115.25;15
20250915 025900;24116;24119;24116;24118.5;38
20250915 030000;24118.25;24118.5;24117.75;24118.25;13
