20260602 030100;30373;30383.75;30372.75;30382.75;109
20260602 030200;30381.75;30382.75;30378;30378;56
20260602 030300;30378;30379.75;30371.25;30372.25;71
20260602 030400;30372;30373.5;30365;30368.5;193
20260602 030500;30367.75;30370.75;30366;30366.25;48
20260602 030600;30367.25;30372;30365;30370;82
20260602 030700;30369.75;30370.25;30365.25;30368.5;106
20260602 030800;30369.75;30371.25;30365;30366.25;67
20260602 030900;30366.5;30367.75;30360;30362.5;131
20260602 031000;30361.75;30362.75;30350;30353.5;364
20260602 031100;30353.75;30355.5;30346.75;30347.5;138
20260602 031200;30347;30347.25;30340.75;30345.75;170
20260602 031300;30345.75;30349.5;30341.5;30341.5;68
20260602 031400;30342.25;30346.5;30341.25;30345.75;48
20260602 031500;30348;30351.5;30343.75;30346.5;71
20260602 031600;30346;30349.25;30343.5;30345.25;58
20260602 031700;30344;30348;30341.75;30348;60
20260602 031800;30347.25;30355.75;30346;30353.75;105
20260602 031900;30353;30353.5;30335.5;30338.25;208
20260602 032000;30337.75;30338.5;30326.75;30329.5;297
20260602 032100;30329.25;30331;30317.75;30324.25;363
20260602 032200;30323.5;30334.25;30322;30331;205
20260602 032300;30332;30333;30329.5;30332.25;73
20260602 032400;30331;30333;30324.5;30330.75;116
20260602 032500;30330.75;30331.25;30325;30330.75;107
20260602 032600;30332.75;30340.5;30332.25;30336;167
20260602 032700;30335.75;30339.25;30332.25;30335;124
20260602 032800;30333.25;30333.25;30322.5;30325.5;216
20260602 032900;30325.25;30330;30322;30325.75;150
20260602 033000;30325.75;30331.25;30319.25;30323.75;177
20260602 033100;30324.5;30325;30318.5;30319.25;107
20260602 033200;30318.5;30329.75;30318.5;30329;123
20260602 033300;30329;30335.5;30329;30331.25;154
20260602 033400;30332.25;30337.75;30331.5;30336;123
20260602 033500;30335.75;30335.75;30320;30320.5;111
20260602 033600;30321;30337;30320.5;30336;131
20260602 033700;30335.5;30341;30333.25;30339;144
20260602 033800;30338.75;30353.75;30335.75;30337;345
20260602 033900;30337.75;30340.75;30333.25;30337.75;79
20260602 034000;30338.25;30341.25;30336;30340.75;91
20260602 034100;30341.25;30344.25;30335;30335.75;146
20260602 034200;30336.75;30340.25;30327.25;30329.25;140
20260602 034300;30329.5;30337.75;30327;30337;66
20260602 034400;30337.75;30344.25;30337.75;30342;93
20260602 034500;30342.25;30345;30341.75;30343.5;66
20260602 034600;30343;30354;30341.75;30352;178
20260602 034700;30351;30351;30345.75;30348.25;68
20260602 034800;30349;30356;30347.25;30355.25;107
20260602 034900;30354.75;30355.25;30346.5;30349.75;117
20260602 035000;30350;30359.75;30350;30359.5;153
20260602 035100;30359;30360.75;30356.25;30359.25;99
20260602 035200;30360;30361.5;30355.75;30358.5;59
20260602 035300;30359;30363;30359;30361.25;86
20260602 035400;30360.75;30363.25;30356.75;30358.5;78
20260602 035500;30357.75;30360.5;30355;30358.5;67
20260602 035600;30359;30361.5;30354.75;30355.25;44
20260602 035700;30355.25;30357;30354.5;30355.5;86
20260602 035800;30356.5;30358;30353.5;30357.25;111
20260602 035900;30357.25;30360.25;30354.5;30359.5;72
20260602 040000;30360.25;30365;30359.5;30363.5;100
20260602 040100;30363;30367;30361.25;30363.75;139
20260602 040200;30364;30369.75;30357.5;30369.75;214
20260602 040300;30368;30369.75;30365.75;30367;131
20260602 040400;30367.5;30371.25;30366.5;30369.25;74
20260602 040500;30369.5;30372.25;30368;30369.25;79
20260602 040600;30369.5;30375.5;30369.25;30373.25;138
20260602 040700;30373.5;30389;30373.5;30387.25;562
20260602 040800;30387.25;30387.25;30381.75;30386.25;274
20260602 040900;30386.75;30392;30383;30383;164
20260602 041000;30383.25;30387.75;30381;30386.5;110
20260602 041100;30387.5;30389.25;30381.5;30384.5;130
20260602 041200;30384.25;30387;30383.25;30384.5;86
20260602 041300;30385.25;30388.5;30384.5;30385.75;74
20260602 041400;30386.25;30386.25;30380.25;30381.5;44
20260602 041500;30382;30382;30375.25;30375.25;144
20260602 041600;30377.5;30381.5;30377;30379.25;71
20260602 041700;30377.75;30384.5;30377.75;30381;65
20260602 041800;30380.25;30380.5;30375;30375;35
20260602 041900;30375;30378;30374.25;30377;38
20260602 042000;30376;30376.5;30370.5;30373.5;66
20260602 042100;30373;30379.5;30373;30379.5;61
20260602 042200;30379.25;30386;30378.75;30384.75;92
20260602 042300;30385;30387.75;30383;30386.5;47
20260602 042400;30386;30392.75;30385.5;30388.5;73
20260602 042500;30388.25;30390;30385.5;30386.5;35
20260602 042600;30386.5;30388;30383.5;30388;49
20260602 042700;30387.25;30393.5;30387.25;30392.75;81
20260602 042800;30393;30396;30391;30395.75;115
20260602 042900;30395.75;30407.25;30395.25;30407;585
20260602 043000;30406.75;30412.5;30401.5;30405.25;225
20260602 043100;30404.25;30404.75;30399.5;30404.25;88
20260602 043200;30404.75;30406.5;30397;30400;91
20260602 043300;30400;30403.75;30396.5;30402.75;158
20260602 043400;30403;30404.5;30398.5;30401;128
20260602 043500;30401.25;30404.25;30400.25;30402;32
20260602 043600;30401.75;30403;30398.5;30399.5;55
20260602 043700;30397.25;30399.25;30396.25;30398.75;46
20260602 043800;30398.5;30398.75;30396.5;30398;23
20260602 043900;30397.25;30397.5;30393.75;30396;58
20260602 044000;30395.75;30406.75;30394;30406.75;96
20260602 044100;30405;30406.5;30402;30405.75;42
20260602 044200;30405.5;30407.75;30402.25;30407;69
20260602 044300;30407.25;30409.5;30404.5;30409.5;71
20260602 044400;30409;30409.5;30406.5;30407.75;41
20260602 044500;30407.25;30414.25;30407;30412.5;166
20260602 044600;30411.5;30417.75;30408.75;30415.5;119
20260602 044700;30416;30424;30415;30423;183
20260602 044800;30423;30430;30422.75;30427.25;150
20260602 044900;30428;30432.5;30426;30430.5;110
20260602 045000;30431.25;30431.5;30427.25;30427.75;86
20260602 045100;30427.75;30428.75;30425;30426;99
20260602 045200;30427.75;30432;30427.5;30431.25;73
20260602 045300;30431;30432.75;30430;30430;35
20260602 045400;30431;30438;30431;30435.25;110
20260602 045500;30433.25;30435;30431.5;30433.25;43
20260602 045600;30432;30437.25;30429.75;30435.25;93
20260602 045700;30435;30439;30434.25;30437.5;73
20260602 045800;30437.5;30439.25;30435.25;30435.5;75
20260602 045900;30435.75;30441.75;30432.5;30441.25;87
20260602 050000;30441;30445;30441;30442.75;136
20260602 050100;30444;30446.25;30440.25;30443.25;249
20260602 050200;30444.75;30450.25;30443;30444.75;199
20260602 050300;30442.5;30442.5;30434;30437.75;141
20260602 050400;30437;30438.5;30428.75;30432.75;161
20260602 050500;30433;30435;30432;30434;39
20260602 050600;30435;30435;30430.5;30432.25;86
20260602 050700;30432;30439.5;30431.5;30438;113
20260602 050800;30437.25;30446.5;30437.25;30445.75;112
20260602 050900;30445.25;30448;30443.75;30447.5;111
20260602 051000;30447.5;30454.5;30447.5;30452.5;201
20260602 051100;30452;30458.75;30448.75;30456.25;206
20260602 051200;30456.25;30465.25;30456;30462;354
20260602 051300;30461.5;30466;30461.5;30464;147
20260602 051400;30464;30466;30462.25;30463.75;103
20260602 051500;30464.25;30469.5;30464;30468.5;144
20260602 051600;30468;30469.25;30462;30462;107
20260602 051700;30461.75;30462.25;30457.5;30460;117
20260602 051800;30460.25;30460.75;30456.25;30457.75;52
20260602 051900;30458;30466.5;30458;30464.5;80
20260602 052000;30463.5;30464.25;30461;30463.25;41
20260602 052100;30464.25;30468.25;30462.75;30468.25;82
20260602 052200;30468.25;30470.25;30466.75;30468.25;86
20260602 052300;30468;30468;30466;30466;47
20260602 052400;30466.25;30468.5;30464;30468;57
20260602 052500;30469;30469.5;30466.75;30469.5;70
20260602 052600;30470;30471;30460.75;30465.5;148
20260602 052700;30466;30470.75;30464.5;30470.5;83
20260602 052800;30470.25;30474.75;30469.5;30472.75;193
20260602 052900;30473.25;30473.25;30469.25;30472.75;81
20260602 053000;30472.75;30475.5;30470.5;30470.5;125
20260602 053100;30471.75;30481.25;30471.75;30478.25;236
20260602 053200;30477.5;30481.75;30477.5;30479.25;110
20260602 053300;30479.75;30480.25;30475.75;30476.5;102
20260602 053400;30477.5;30481.5;30477.25;30478.5;103
20260602 053500;30478;30486.25;30475;30486;172
20260602 053600;30487;30488.5;30484.5;30486.25;152
20260602 053700;30487.25;30495;30487.25;30490.75;180
20260602 053800;30491.75;30491.75;30476;30477.25;139
20260602 053900;30477.25;30482.5;30472.25;30480.25;163
20260602 054000;30479.25;30479.25;30472.25;30475.25;70
20260602 054100;30475;30476.75;30473.25;30475.75;38
20260602 054200;30474;30482.25;30474;30482.25;50
20260602 054300;30482.5;30482.5;30478.25;30481.5;100
20260602 054400;30481.25;30483;30477.5;30477.75;48
20260602 054500;30477.75;30482;30476.75;30482;74
20260602 054600;30482;30484.75;30476.75;30479.5;111
20260602 054700;30478.25;30480.75;30478;30479;57
20260602 054800;30479;30479.25;30468;30469.75;156
20260602 054900;30468.75;30474.25;30468;30470;165
20260602 055000;30469.25;30471.25;30467;30470;96
20260602 055100;30471.75;30473.25;30467.75;30469;97
20260602 055200;30469.25;30469.5;30461;30464.75;152
20260602 055300;30465.5;30472.25;30465;30469;95
20260602 055400;30468;30469.75;30457.75;30460;106
20260602 055500;30460.75;30465.25;30459.75;30463.5;102
20260602 055600;30463.25;30463.75;30459;30462.75;75
20260602 055700;30463.25;30469;30463.25;30466.5;85
20260602 055800;30466;30468.75;30462.25;30468;75
20260602 055900;30467.75;30477;30467.5;30477;118
20260602 060000;30477.5;30479.75;30475.25;30476.25;87
20260602 060100;30476;30481;30472.25;30480.25;206
20260602 060200;30480;30487;30476.5;30477;206
20260602 060300;30476.25;30481.25;30475.5;30479.25;74
20260602 060400;30479.5;30483;30477;30481;68
20260602 060500;30479.75;30484;30478.75;30481.75;88
20260602 060600;30482.25;30492.75;30481.75;30489.25;258
20260602 060700;30490.75;30490.75;30482.25;30485.5;117
20260602 060800;30486.25;30488;30481;30484;128
20260602 060900;30483.75;30485.25;30479.25;30479.5;101
20260602 061000;30480;30483.5;30478.5;30479.5;65
20260602 061100;30478;30478.75;30469.25;30475;218
20260602 061200;30474.75;30480.5;30474.25;30479.75;119
20260602 061300;30479;30480.25;30471.25;30477.5;110
20260602 061400;30478;30483;30477.5;30481.25;99
20260602 061500;30481.25;30485;30480.25;30482;64
20260602 061600;30482.25;30486.5;30481.5;30484.75;95
20260602 061700;30484.25;30490.5;30483.75;30487.5;122
20260602 061800;30486.75;30493.25;30486.75;30491;141
20260602 061900;30491;30493.75;30487;30490;89
20260602 062000;30488;30492.75;30487.25;30489.75;89
20260602 062100;30490.75;30496;30490.5;30492;143
20260602 062200;30491.75;30500.25;30491.75;30499.25;199
20260602 062300;30499;30503.25;30498;30498.25;144
20260602 062400;30497;30500;30495.25;30500;88
20260602 062500;30500.5;30501.25;30494;30495.25;79
20260602 062600;30494.75;30496;30491.5;30492.75;62
20260602 062700;30492;30495.75;30490.5;30493.5;59
20260602 062800;30493.25;30497.25;30488;30488;86
20260602 062900;30488;30491.75;30486.5;30488;61
20260602 063000;30488.25;30488.25;30484;30487.5;84
20260602 063100;30486.75;30488.5;30483.25;30487.5;90
20260602 063200;30488.25;30488.75;30481.5;30485;84
20260602 063300;30483.75;30485.75;30469;30474.75;315
20260602 063400;30476.25;30480.5;30474.5;30478.5;130
20260602 063500;30479.25;30486.5;30476.75;30486.5;100
20260602 063600;30485.75;30506.25;30481.5;30505.5;480
20260602 063700;30504.75;30509;30497.25;30505.5;334
20260602 063800;30506.5;30508.75;30501.25;30505.75;152
20260602 063900;30506;30507.5;30501.5;30503.75;95
20260602 064000;30503;30504;30498.5;30501;97
20260602 064100;30500.5;30502.5;30498.75;30501;91
20260602 064200;30502.25;30507;30501.25;30502.5;194
20260602 064300;30503.25;30504.25;30496.5;30497.25;110
20260602 064400;30497.25;30500.25;30497;30497.5;31
20260602 064500;30497.25;30500;30495;30496.5;60
20260602 064600;30496.5;30513.75;30494;30513.5;280
20260602 064700;30512.75;30512.75;30506;30506;262
20260602 064800;30506.75;30510;30505.75;30506;40
20260602 064900;30505.25;30506.5;30502.25;30504;42
20260602 065000;30505;30510;30505;30510;34
20260602 065100;30509.25;30509.5;30504;30506.75;73
20260602 065200;30507.25;30508.5;30506;30508.5;27
20260602 065300;30508.5;30508.75;30506.25;30507.75;20
20260602 065400;30507;30507.25;30503.5;30504.25;90
20260602 065500;30504;30509.25;30504;30508.75;31
20260602 065600;30507.25;30511;30504;30508.75;55
20260602 065700;30509;30515.75;30509;30510.5;136
20260602 065800;30510.5;30515;30510;30515;48
20260602 065900;30515;30515;30506.75;30508.25;82
20260602 070000;30509.5;30515.75;30509.25;30514.5;61
20260602 070100;30514.25;30521.75;30509.75;30516.75;350
20260602 070200;30518;30520;30513.5;30516.25;99
20260602 070300;30516;30518;30513;30513;82
20260602 070400;30515.25;30521.25;30510;30519.75;168
20260602 070500;30519.5;30528.5;30519.25;30525.25;182
20260602 070600;30525.75;30534.75;30525.75;30532.75;210
20260602 070700;30532;30537.5;30527.75;30535.75;219
20260602 070800;30534.5;30541.5;30533.75;30541;184
20260602 070900;30540.25;30542.25;30535;30540.25;231
20260602 071000;30539.25;30542.5;30533;30539.5;286
20260602 071100;30539;30543;30534;30537.75;204
20260602 071200;30537.25;30538;30534;30535.25;43
20260602 071300;30535;30538.75;30533.5;30537.25;104
20260602 071400;30536.5;30537.5;30533.25;30535.75;79
20260602 071500;30537;30537.5;30532;30536;122
20260602 071600;30535.25;30535.75;30532.25;30535;51
20260602 071700;30535;30537;30529;30536;163
20260602 071800;30536;30537.25;30532.75;30532.75;103
20260602 071900;30532.75;30536.5;30530.25;30536.5;63
20260602 072000;30535.75;30535.75;30531.75;30532.75;65
20260602 072100;30532.25;30540.25;30532.25;30538;140
20260602 072200;30538.75;30541.25;30537.5;30538.75;86
20260602 072300;30538.75;30546;30538.75;30543.75;215
20260602 072400;30543;30547.25;30538.25;30541.5;195
20260602 072500;30541.75;30546.25;30541.75;30542.5;91
20260602 072600;30543;30543;30536;30536.75;105
20260602 072700;30536.75;30543.5;30536.75;30542.25;81
20260602 072800;30542.75;30543;30537.25;30540;98
20260602 072900;30539.5;30539.5;30527;30529;180
20260602 073000;30529;30533.25;30526.25;30531;252
20260602 073100;30532;30534.5;30524;30524;186
20260602 073200;30524.75;30531;30522.5;30528.25;138
20260602 073300;30528.25;30531.5;30527.5;30531.25;61
20260602 073400;30530.25;30533;30524.25;30524.75;76
20260602 073500;30524.75;30527.75;30520.25;30526.75;91
20260602 073600;30526;30526;30520.75;30523;69
20260602 073700;30523.25;30532.25;30523.25;30531.75;107
20260602 073800;30531.75;30539.25;30531.75;30536;166
20260602 073900;30534.5;30535;30529;30530;71
20260602 074000;30529.75;30529.75;30524;30525.75;63
20260602 074100;30524.5;30530.25;30522.75;30528.75;67
20260602 074200;30528.25;30534.5;30527.5;30529;66
20260602 074300;30528.5;30529.75;30526.25;30527.5;29
20260602 074400;30527.25;30529.5;30525.5;30529.5;32
20260602 074500;30530;30530.5;30528.5;30529.75;23
20260602 074600;30529.25;30530.5;30513.25;30515;311
20260602 074700;30514.75;30517.75;30511;30514.5;286
20260602 074800;30515;30520;30514;30518.25;70
20260602 074900;30518.75;30520;30513.75;30516.75;67
20260602 075000;30516.25;30521.25;30513.75;30514.5;106
20260602 075100;30516;30518.25;30512.5;30518;75
20260602 075200;30518.25;30518.75;30511.75;30513.75;92
20260602 075300;30514.5;30516.75;30513;30514.25;60
20260602 075400;30514.5;30526.75;30514.5;30526.5;107
20260602 075500;30527.25;30531;30521.5;30527.25;112
20260602 075600;30526.75;30530.25;30522.75;30529.75;80
20260602 075700;30528.75;30529;30524.5;30527.5;52
20260602 075800;30527.5;30530.5;30523;30528.25;97
20260602 075900;30527.25;30528.75;30524;30524;43
20260602 080000;30524;30530.5;30520.5;30529.5;127
20260602 080100;30529.75;30543.5;30529.75;30540;323
20260602 080200;30539.25;30552;30538.25;30549;355
20260602 080300;30550;30563.25;30548.25;30553;440
20260602 080400;30552.25;30567.75;30551.25;30567.25;283
20260602 080500;30566.25;30568;30562.5;30565.25;218
20260602 080600;30565.5;30565.75;30548.75;30561.5;270
20260602 080700;30562.75;30564.75;30551.5;30552;142
20260602 080800;30551.5;30556;30549.25;30553.75;80
20260602 080900;30553.25;30557.75;30552;30557.5;141
20260602 081000;30558.5;30560.5;30556;30560;84
20260602 081100;30557;30557;30548.25;30550;105
20260602 081200;30549.75;30549.75;30542.25;30546.5;141
20260602 081300;30546.5;30560;30546.5;30559;112
20260602 081400;30558.75;30566.5;30557.75;30566;114
20260602 081500;30565.75;30569;30556;30556;167
20260602 081600;30555.75;30562.75;30553.75;30562.75;90
20260602 081700;30562;30565.25;30554.25;30556.25;133
20260602 081800;30556;30567.75;30554;30559.25;147
20260602 081900;30558.75;30561.5;30556;30557.25;81
20260602 082000;30557;30560.5;30550.5;30552;107
20260602 082100;30551.25;30555.75;30548;30548.75;61
20260602 082200;30548.5;30555;30547;30552.75;244
20260602 082300;30552.75;30557.75;30547.25;30548.25;72
20260602 082400;30548.5;30551.5;30532.5;30550.25;572
20260602 082500;30550;30553;30542.25;30542.5;123
20260602 082600;30543.25;30545.25;30538.5;30540.25;109
20260602 082700;30541.75;30545.25;30537.5;30545.25;101
20260602 082800;30544.5;30552;30543;30547.25;89
20260602 082900;30547.75;30549.5;30544.5;30544.5;93
20260602 083000;30545;30550.25;30540.25;30546;119
20260602 083100;30547;30554.5;30543.75;30554.5;82
20260602 083200;30554.5;30560.25;30553.5;30557.75;98
20260602 083300;30558;30564.5;30557.75;30563.5;107
20260602 083400;30562.75;30565;30558.5;30562.5;59
20260602 083500;30561.5;30564;30554;30555.75;74
20260602 083600;30556.75;30558.75;30554;30558.75;44
20260602 083700;30558;30565.5;30558;30565.5;40
20260602 083800;30565.5;30565.5;30558.75;30562.25;73
20260602 083900;30561.5;30562.25;30553;30554.75;65
20260602 084000;30554.75;30559.5;30553.25;30559;93
20260602 084100;30558.25;30566;30553;30564.5;77
20260602 084200;30563.75;30564.75;30557.75;30560.25;75
20260602 084300;30560.25;30562.25;30555.75;30556.5;86
20260602 084400;30557.5;30558.5;30552.25;30552.25;76
20260602 084500;30553.25;30553.5;30547.5;30548.5;60
20260602 084600;30548.5;30558;30546.25;30557.75;162
20260602 084700;30558.75;30561.75;30557;30559.25;64
20260602 084800;30558.75;30558.75;30552;30553.5;63
20260602 084900;30552.5;30557;30552.5;30557;27
20260602 085000;30559.25;30562.5;30558;30559;70
20260602 085100;30559;30564.25;30557.25;30564.25;59
20260602 085200;30563.5;30563.5;30555;30555.75;40
20260602 085300;30555.25;30562.5;30554.25;30562.25;70
20260602 085400;30563.5;30563.5;30552.75;30553;56
20260602 085500;30552.25;30553;30544.25;30549.25;267
20260602 085600;30549.25;30551.5;30541.25;30544.25;84
20260602 085700;30544.75;30551.75;30544;30549;73
20260602 085800;30548;30548;30545.25;30545.5;35
20260602 085900;30547;30549;30540.5;30545;58
20260602 090000;30545;30550;30543.5;30547.75;62
20260602 090100;30548;30549.25;30538.75;30539.25;93
20260602 090200;30538.25;30539.75;30531.25;30531.5;125
20260602 090300;30531.25;30537.25;30530.5;30533.25;103
20260602 090400;30533.5;30533.5;30526;30531.25;115
20260602 090500;30531.75;30532.75;30525.75;30527.5;64
20260602 090600;30528.5;30533.5;30528.25;30531.5;57
20260602 090700;30532;30539.5;30532;30537.5;118
20260602 090800;30536.25;30542;30536.25;30541.75;46
20260602 090900;30542.75;30543.5;30536.25;30541.75;83
20260602 091000;30543.25;30547.5;30539.75;30547.5;98
20260602 091100;30546.25;30546.75;30542.25;30544.75;56
20260602 091200;30545.75;30549.5;30539.75;30542.5;84
20260602 091300;30542.25;30542.25;30536;30540.25;55
20260602 091400;30539.5;30541.25;30537.5;30537.75;31
20260602 091500;30535.75;30541.25;30535.75;30539.75;31
20260602 091600;30539.5;30547.75;30539.5;30547.75;71
20260602 091700;30548;30553;30546.5;30548.75;154
20260602 091800;30548.5;30548.5;30538;30538.25;104
20260602 091900;30539.25;30547;30539;30546;65
20260602 092000;30546;30550;30546;30547.5;54
20260602 092100;30549;30549.5;30539;30539;62
20260602 092200;30538.75;30540.5;30531;30531.25;94
20260602 092300;30532;30533;30527.75;30529.75;123
20260602 092400;30530.5;30539;30529;30539;66
20260602 092500;30539.25;30541.75;30537.75;30537.75;66
20260602 092600;30537.5;30539.5;30533;30538.5;79
20260602 092700;30538.75;30538.75;30533.25;30535.25;51
20260602 092800;30535.75;30536.75;30532;30536;44
20260602 092900;30535;30537;30527.5;30532.25;164
20260602 093000;30530.75;30535.75;30529;30535.75;69
20260602 093100;30536;30543.5;30536;30538.5;73
20260602 093200;30539;30542.25;30533.25;30535.5;147
20260602 093300;30535;30539.75;30534.5;30538.5;41
20260602 093400;30538.75;30546.25;30538.5;30545.75;48
20260602 093500;30545;30548.25;30541.75;30545;46
20260602 093600;30545.25;30547.75;30542.25;30543.25;26
20260602 093700;30544.5;30546.25;30542;30546.25;24
20260602 093800;30544;30546;30539.5;30540.5;29
20260602 093900;30541.5;30542.75;30537.75;30542.5;31
20260602 094000;30541.5;30549.5;30541.5;30549.5;64
20260602 094100;30549.25;30556;30537.25;30552.25;365
20260602 094200;30551.25;30571;30551.25;30570.75;244
20260602 094300;30570.75;30584.5;30568.25;30579.25;520
20260602 094400;30579.25;30579.5;30572.75;30578.5;192
20260602 094500;30578;30581;30573.75;30577.25;214
20260602 094600;30577.25;30579.75;30573;30576.5;136
20260602 094700;30575.75;30578;30571.5;30571.75;65
20260602 094800;30572;30575;30568.25;30570.25;120
20260602 094900;30571.25;30582.25;30570.5;30580.75;143
20260602 095000;30581.5;30584.75;30577.5;30579.25;166
20260602 095100;30580.25;30586;30579.5;30581.5;134
20260602 095200;30582;30582.5;30575.5;30580.5;101
20260602 095300;30581.5;30582.5;30577;30579.5;50
20260602 095400;30578.25;30578.75;30574.75;30576;60
20260602 095500;30574.25;30574.25;30563.25;30567.25;328
20260602 095600;30568;30575.5;30568;30574;71
20260602 095700;30574;30574.5;30568.25;30569.5;52
20260602 095800;30570.25;30576.25;30568.75;30572;87
20260602 095900;30570.25;30573.25;30566;30568.75;50
20260602 100000;30568.25;30568.25;30564;30565.5;55
20260602 100100;30565.75;30566.25;30555;30557.5;227
20260602 100200;30557.5;30560.25;30554.75;30558.25;73
20260602 100300;30558;30562;30556.5;30556.5;63
20260602 100400;30557;30558;30554;30556.75;66
20260602 100500;30558.25;30560;30554;30558;64
20260602 100600;30560;30564.5;30559;30559;47
20260602 100700;30559.75;30567;30558.25;30567;78
20260602 100800;30566.25;30567.25;30560;30562.75;63
20260602 100900;30562.75;30566.75;30561.5;30564.25;74
20260602 101000;30562.5;30565.25;30562;30563.25;32
20260602 101100;30562.25;30568.25;30561;30568.25;128
20260602 101200;30568.5;30571.25;30566.5;30571;72
20260602 101300;30570;30571.75;30565.5;30565.5;37
20260602 101400;30565;30566.75;30559.5;30561.5;48
20260602 101500;30561.5;30564;30559;30560;35
20260602 101600;30560.25;30562.5;30557;30561.5;122
20260602 101700;30561.25;30567.5;30558.5;30561;76
20260602 101800;30563;30566.75;30560.5;30565.5;77
20260602 101900;30563.5;30565.5;30560.75;30562.5;44
20260602 102000;30563;30564.5;30559.25;30563.75;50
20260602 102100;30563.75;30566.25;30560.5;30560.5;41
20260602 102200;30558.75;30561;30555;30556.75;69
20260602 102300;30557.25;30560.5;30552.5;30555;129
20260602 102400;30555.75;30564;30555.5;30561.75;92
20260602 102500;30562.5;30566.75;30560.75;30565.75;39
20260602 102600;30564;30565.75;30557.5;30559;65
20260602 102700;30561.25;30562.5;30548.75;30549;148
20260602 102800;30549.25;30553;30548.25;30551.75;53
20260602 102900;30550.5;30552.25;30548.25;30552.25;42
20260602 103000;30552;30556.75;30552;30554.75;44
20260602 103100;30556.25;30557.5;30552;30552.75;45
20260602 103200;30552.25;30552.75;30549;30550.5;49
20260602 103300;30551;30554.25;30547.75;30548.75;92
20260602 103400;30548.75;30549;30542.5;30543.5;100
20260602 103500;30543.25;30544.25;30539;30539.5;112
20260602 103600;30540.25;30541.75;30535.75;30537.75;101
20260602 103700;30537;30540.5;30537;30537.5;69
20260602 103800;30538;30539.5;30535.5;30536.25;66
20260602 103900;30536.75;30537.5;30532.25;30534.5;100
20260602 104000;30534.5;30545.75;30534.5;30544;88
20260602 104100;30543.5;30543.75;30540.75;30542.25;47
20260602 104200;30542.25;30542.75;30537.25;30542;67
20260602 104300;30541.75;30542;30536.75;30540.75;76
20260602 104400;30540.5;30540.5;30534.75;30537;54
20260602 104500;30536;30538;30534.25;30535.75;54
20260602 104600;30538;30539.75;30535.25;30535.5;27
20260602 104700;30536.75;30536.75;30529.75;30532.25;106
20260602 104800;30531.25;30536.75;30528.25;30535.5;124
20260602 104900;30535.25;30538;30527.75;30530.75;74
20260602 105000;30531.25;30532.75;30529.5;30532.75;54
20260602 105100;30532.75;30540.5;30532.5;30539.75;64
20260602 105200;30539.5;30540.75;30536.75;30540.5;38
20260602 105300;30539.75;30541.75;30536.5;30539.5;57
20260602 105400;30539.75;30544;30538.25;30540.5;52
20260602 105500;30540.25;30543.5;30538.5;30541;67
20260602 105600;30540.5;30541.5;30538.25;30539.75;50
20260602 105700;30539.75;30541.5;30537;30538.5;31
20260602 105800;30539;30541.75;30534.5;30534.5;45
20260602 105900;30534.25;30536;30530;30530.75;82
20260602 110000;30530;30532.5;30528.5;30529.25;88
20260602 110100;30529.75;30532.75;30521.5;30528.5;251
20260602 110200;30528;30530;30523.5;30523.75;64
20260602 110300;30523.75;30524.5;30516.25;30524;141
20260602 110400;30524.25;30524.5;30515.5;30520.75;80
20260602 110500;30519.5;30522;30502.5;30506.75;354
20260602 110600;30507;30514.5;30507;30514.25;124
20260602 110700;30514.5;30521;30514.25;30518.5;83
20260602 110800;30519;30526;30516.5;30525.5;97
20260602 110900;30524.25;30526.5;30518.5;30519.5;100
20260602 111000;30521;30536;30521;30535.25;175
20260602 111100;30535.25;30543.5;30530.5;30536.5;185
20260602 111200;30537.75;30538;30534.75;30536.5;75
20260602 111300;30535.75;30546;30534.75;30542.75;231
20260602 111400;30543.25;30543.25;30537.25;30539.5;69
20260602 111500;30539.5;30544.5;30536;30544.25;139
20260602 111600;30543.25;30545.75;30538.5;30539.5;75
20260602 111700;30541.5;30547.75;30541.5;30541.75;117
20260602 111800;30541;30548.75;30536.25;30540.25;170
20260602 111900;30539.75;30548;30539.25;30543.75;68
20260602 112000;30544.25;30546.75;30539.5;30540.5;42
20260602 112100;30540;30540;30535.25;30536;73
20260602 112200;30536.75;30539.5;30531.25;30533.25;57
20260602 112300;30533.25;30535.75;30529.25;30534.75;121
20260602 112400;30533;30534.25;30528.75;30529.75;79
20260602 112500;30530;30533.75;30525.5;30529.75;276
20260602 112600;30528;30533.5;30523.75;30533.25;164
20260602 112700;30533;30539.25;30530.5;30537.25;237
20260602 112800;30538;30542.5;30533.75;30541.75;98
20260602 112900;30541.5;30545.75;30540;30542;88
20260602 113000;30540.75;30549.5;30540.75;30548;109
20260602 113100;30548.25;30563.5;30547.25;30563;669
20260602 113200;30562.75;30565.5;30557.75;30561.75;231
20260602 113300;30561.5;30562.25;30557.25;30561.5;164
20260602 113400;30560.5;30572;30559;30569;627
20260602 113500;30569.5;30574.5;30563;30566.25;780
20260602 113600;30566.5;30566.5;30559.5;30562;135
20260602 113700;30562.25;30566.5;30560.75;30561.75;75
20260602 113800;30560.75;30568;30558.5;30568;115
20260602 113900;30568;30569.25;30564.25;30565.5;83
20260602 114000;30565;30568.75;30564.25;30565.25;46
20260602 114100;30566;30566.25;30560.5;30560.5;70
20260602 114200;30560.25;30561;30552.75;30554.25;123
20260602 114300;30554.25;30557.75;30551;30557;120
20260602 114400;30557.25;30561.25;30557;30558.5;78
20260602 114500;30558.25;30558.25;30549.25;30551.5;74
20260602 114600;30551.75;30554.5;30547.5;30548.5;74
20260602 114700;30548;30548.25;30543;30545.5;144
20260602 114800;30546.25;30548.75;30543;30543.25;80
20260602 114900;30543.5;30547.5;30541.25;30542.25;82
20260602 115000;30542.75;30548;30542.25;30547.75;83
20260602 115100;30546.5;30549.25;30542.5;30547.5;92
20260602 115200;30549.75;30550;30545.5;30547.25;49
20260602 115300;30548.25;30554.5;30548.25;30552.5;104
20260602 115400;30552;30552.5;30548.75;30549.5;55
20260602 115500;30548.25;30553;30548;30549;48
20260602 115600;30549.25;30551;30543.5;30544.75;90
20260602 115700;30544.75;30548;30535.25;30537.25;130
20260602 115800;30536.75;30537.75;30532.25;30533;220
20260602 115900;30534.25;30538.5;30532.5;30534.75;121
20260602 120000;30535.25;30535.25;30530.75;30531.25;118
20260602 120100;30531.5;30538.25;30530;30533;230
20260602 120200;30532.5;30534;30528.5;30532.75;136
20260602 120300;30533.5;30536.5;30531.75;30532.5;114
20260602 120400;30530.75;30538;30530.25;30538;91
20260602 120500;30537.5;30541.25;30536.75;30540.5;59
20260602 120600;30539.5;30543;30534.75;30534.75;103
20260602 120700;30533.75;30538;30527.75;30533.5;293
20260602 120800;30534.75;30535.5;30529;30533.5;70
20260602 120900;30533;30541;30532.5;30540.5;102
20260602 121000;30540.5;30542.75;30535.25;30539.75;143
20260602 121100;30541.25;30545;30538.75;30539.25;85
20260602 121200;30538.75;30540.5;30529.75;30533.5;96
20260602 121300;30533;30536.25;30531;30535.25;98
20260602 121400;30534;30538.75;30531.75;30536.75;64
20260602 121500;30536.5;30536.5;30528.5;30530.5;68
20260602 121600;30530.75;30534;30527;30534;156
20260602 121700;30533.5;30537.5;30533;30537.5;151
20260602 121800;30538.25;30538.75;30524.25;30528.25;206
20260602 121900;30527.75;30531.25;30525.5;30526;178
20260602 122000;30524.75;30530.25;30523;30527.75;234
20260602 122100;30526.5;30534.75;30524.75;30533.75;133
20260602 122200;30533;30551.25;30533;30546;669
20260602 122300;30545.5;30551.75;30544.5;30545.5;285
20260602 122400;30545.5;30554.5;30544.25;30547.75;167
20260602 122500;30547.75;30556.25;30547.25;30555.75;132
20260602 122600;30556.5;30559.75;30553;30553.25;169
20260602 122700;30553.75;30554.25;30548.75;30552.75;65
20260602 122800;30553.25;30554;30549;30550.5;92
20260602 122900;30548.75;30550;30544;30550;155
20260602 123000;30549;30555;30547.75;30548.25;116
20260602 123100;30548.5;30551;30526.75;30534.75;506
20260602 123200;30535.75;30537.5;30532.5;30537;147
20260602 123300;30537;30538.5;30531.5;30533;106
20260602 123400;30534.75;30535.75;30527.75;30529;119
20260602 123500;30529;30537.5;30528;30532.75;136
20260602 123600;30533.5;30539.5;30532;30539.5;72
20260602 123700;30539.75;30544.25;30533;30539.75;215
20260602 123800;30541;30543.5;30533;30535;150
20260602 123900;30535;30539.25;30533.5;30535.25;61
20260602 124000;30535;30543;30534.75;30541.75;60
20260602 124100;30543;30555.5;30543;30552.75;274
20260602 124200;30552.5;30559.75;30551;30555.75;200
20260602 124300;30555.25;30560;30549.25;30557.75;175
20260602 124400;30556.5;30558.25;30552.5;30553.5;130
20260602 124500;30554;30556;30551.25;30554.25;81
20260602 124600;30555.5;30555.75;30548.25;30549.5;106
20260602 124700;30550;30553.75;30550;30552;190
20260602 124800;30552;30552.5;30546.25;30548;135
20260602 124900;30547.25;30549.5;30542;30544.25;158
20260602 125000;30545;30551;30545;30547.5;74
20260602 125100;30547.75;30555;30545.75;30553;133
20260602 125200;30553.25;30553.25;30547.25;30547.5;106
20260602 125300;30546.75;30548.25;30537.25;30538.25;188
20260602 125400;30539.5;30543.25;30537;30542.5;159
20260602 125500;30541.75;30543;30531.75;30533.75;236
20260602 125600;30534.25;30536.5;30531.25;30536.5;100
20260602 125700;30536.75;30538;30530.75;30536.25;89
20260602 125800;30535.25;30537.75;30534;30537.75;33
20260602 125900;30537.5;30539.5;30528.75;30533;205
20260602 130000;30534.25;30535;30526.5;30529.75;112
20260602 130100;30529.75;30533.75;30521;30525.75;400
20260602 130200;30525.5;30530.25;30519.75;30527.75;335
20260602 130300;30527;30536.25;30525;30532;187
20260602 130400;30531;30531;30523;30524.25;125
20260602 130500;30523.5;30530.25;30521.25;30527;134
20260602 130600;30526.75;30532.5;30525.5;30532.5;131
20260602 130700;30531.25;30533;30522.5;30523;162
20260602 130800;30522.75;30522.75;30511.25;30515.25;433
20260602 130900;30515.5;30515.5;30481.25;30493.5;1353
20260602 131000;30492.25;30501.75;30486;30493.25;625
20260602 131100;30492.75;30500.25;30487;30497;401
20260602 131200;30497.25;30506;30493;30504;323
20260602 131300;30503.5;30508.25;30488;30493;374
20260602 131400;30493.75;30499.75;30488.25;30496;294
20260602 131500;30496;30500.75;30491;30493.75;166
20260602 131600;30493.25;30498.5;30488.5;30490.25;211
20260602 131700;30491.25;30504.25;30490.25;30504.25;224
20260602 131800;30503.5;30511.25;30503.25;30508;286
20260602 131900;30509;30511;30504.75;30509;170
20260602 132000;30509.75;30518.25;30508;30511.25;353
20260602 132100;30512;30521.25;30509.5;30519.75;282
20260602 132200;30520.5;30526;30519.25;30520.5;345
20260602 132300;30521;30537.5;30517.5;30536;610
20260602 132400;30536;30537.75;30529.75;30532.25;344
20260602 132500;30532.75;30545;30532.75;30544;436
20260602 132600;30544.75;30553;30541.25;30546.75;751
20260602 132700;30547;30548.75;30535.25;30539.5;513
20260602 132800;30540.25;30551;30539;30547;516
20260602 132900;30546.5;30558.75;30545.25;30545.75;629
20260602 133000;30546;30560;30540;30556;1199
20260602 133100;30556.75;30567.75;30497.5;30503.75;7014
20260602 133200;30503;30523.5;30488;30511.25;3492
20260602 133300;30511;30530.25;30483.75;30492.5;2803
20260602 133400;30492.5;30506.75;30480;30487;2104
20260602 133500;30487.5;30494.75;30467;30476.75;2102
20260602 133600;30476.75;30489.25;30453.75;30456;2869
20260602 133700;30457.25;30485.75;30454.25;30479.25;2243
20260602 133800;30478.75;30480.75;30454.75;30464.75;1726
20260602 133900;30464;30477.5;30452;30467.75;1699
20260602 134000;30466.5;30478.25;30460;30464.5;1316
20260602 134100;30464.5;30465;30435.25;30450;3494
20260602 134200;30449.75;30468;30423.75;30464.25;2724
20260602 134300;30465.5;30479.5;30452.25;30479.5;2165
20260602 134400;30479.5;30487.25;30471.25;30485;2063
20260602 134500;30485;30506.5;30472.75;30503.25;1932
20260602 134600;30502.5;30522;30497.75;30507.75;2623
20260602 134700;30508.75;30527.25;30497;30524.25;1863
20260602 134800;30525;30533.5;30515;30529.5;1806
20260602 134900;30529.25;30544.5;30529;30537;1765
20260602 135000;30536.25;30550.75;30528.75;30550.25;1425
20260602 135100;30549.75;30564.5;30540;30561.25;2059
20260602 135200;30561.5;30561.75;30545.75;30559.25;1523
20260602 135300;30558.25;30565.5;30551;30558.5;1518
20260602 135400;30558.5;30583.5;30558;30575.25;2038
20260602 135500;30575;30578.5;30553;30558.75;1634
20260602 135600;30559.75;30565.25;30537.25;30537.5;1975
20260602 135700;30538;30567.25;30535;30561.25;2021
20260602 135800;30561.5;30576.5;30548.5;30574.5;1438
20260602 135900;30575;30596.25;30561.75;30588.25;3782
20260602 140000;30589.25;30604.75;30582.75;30601.75;1916
20260602 140100;30603;30615.25;30578.5;30600.75;3015
20260602 140200;30600.25;30601;30583.5;30588.75;1666
20260602 140300;30590;30596.75;30573;30579;1616
20260602 140400;30578.25;30588.75;30570;30587.25;1517
20260602 140500;30586.75;30606;30581.5;30604;1463
20260602 140600;30605.75;30609.5;30593.5;30604;1359
20260602 140700;30603.5;30621.5;30598.5;30617;1989
20260602 140800;30617.5;30623.75;30603.25;30604;1222
20260602 140900;30604;30621.5;30603.25;30612.75;1284
20260602 141000;30613;30619.75;30607.75;30611.75;1087
20260602 141100;30612;30619.25;30605;30607.75;951
20260602 141200;30607.75;30623.5;30597.25;30622.75;1596
20260602 141300;30622.5;30641.75;30620.5;30641.5;2788
20260602 141400;30641.25;30647.25;30639.5;30645.25;1487
20260602 141500;30645;30645.5;30628.25;30633.75;1346
20260602 141600;30634;30636.25;30625.25;30627.25;971
20260602 141700;30626.5;30627;30610.25;30612.25;1672
20260602 141800;30612;30614.5;30600.75;30609.75;1186
20260602 141900;30610;30624.25;30607.5;30620.5;1154
20260602 142000;30620.25;30628.75;30618.25;30626.5;955
20260602 142100;30626.25;30638.5;30622;30627;1209
20260602 142200;30625.75;30629;30605.25;30608.25;1458
20260602 142300;30609.5;30616.75;30592.75;30594.5;1758
20260602 142400;30595;30599.25;30581.25;30584.75;1690
20260602 142500;30585;30589.75;30572;30579.25;1663
20260602 142600;30578.25;30586.5;30565.25;30567.75;1763
20260602 142700;30567.75;30568.5;30550;30553.5;1931
20260602 142800;30553;30555.5;30540.5;30545.75;2256
20260602 142900;30545.5;30556;30537.75;30553.25;2079
20260602 143000;30553.25;30569.5;30547.75;30559.5;2176
20260602 143100;30559.25;30573.75;30555.25;30560.5;1832
20260602 143200;30559.25;30596;30559.25;30587.5;1978
20260602 143300;30588.5;30594.5;30576.75;30593.5;1311
20260602 143400;30594.5;30604.25;30585.5;30603.25;1409
20260602 143500;30602.75;30607;30591.5;30595.5;1055
20260602 143600;30595;30600.75;30586.25;30597;1147
20260602 143700;30596.75;30609.25;30586;30607;1196
20260602 143800;30606.5;30613.5;30593.75;30606.75;1307
20260602 143900;30606;30611.25;30595.25;30609.5;885
20260602 144000;30609.5;30611.25;30597.75;30605.25;639
20260602 144100;30604.5;30605.75;30580.75;30583.75;1269
20260602 144200;30584.5;30594.75;30577.75;30591.25;879
20260602 144300;30591;30605.75;30588.25;30603;960
20260602 144400;30602;30619.25;30597.25;30615;1173
20260602 144500;30615.75;30625;30615;30623.75;961
20260602 144600;30623.5;30625;30616.75;30621.25;890
20260602 144700;30621;30621.5;30610.75;30611.25;1004
20260602 144800;30611;30622.75;30600.75;30608.5;1250
20260602 144900;30608.5;30619;30602.75;30609;817
20260602 145000;30608.5;30619.5;30602.25;30618.25;657
20260602 145100;30617.75;30620;30609.25;30615.5;609
20260602 145200;30614.5;30623.5;30611.5;30622.25;582
20260602 145300;30621.5;30626.5;30613.5;30622;626
20260602 145400;30622;30634.75;30618;30622.5;1134
20260602 145500;30623.25;30629.5;30616.5;30628.25;738
20260602 145600;30629.25;30630.5;30622.75;30627.25;530
20260602 145700;30627.25;30631.75;30621.25;30626.75;645
20260602 145800;30626.75;30636.25;30624.75;30634.25;749
20260602 145900;30635;30638;30626;30633.25;781
20260602 150000;30633;30643.5;30631;30642.25;872
20260602 150100;30642.5;30646.75;30628.75;30638;1619
20260602 150200;30637.5;30649;30637.25;30644;1093
20260602 150300;30644;30646.5;30635.25;30643.5;819
20260602 150400;30643.75;30643.75;30615;30622;1197
20260602 150500;30622;30629.5;30620.5;30627;805
20260602 150600;30627;30627.5;30613.5;30618.5;888
20260602 150700;30619.5;30629.5;30611.75;30629;854
20260602 150800;30629;30647.5;30626.25;30645.25;1270
20260602 150900;30645;30656;30641;30653.75;1453
20260602 151000;30654.75;30657.25;30651;30653.75;810
20260602 151100;30653.75;30657.75;30647.5;30652.5;937
20260602 151200;30652.5;30658.5;30649.25;30651.25;809
20260602 151300;30651.25;30652.5;30638.75;30641.5;865
20260602 151400;30641.25;30652;30640.5;30650;735
20260602 151500;30650.25;30666;30650.25;30666;1135
20260602 151600;30666;30669.75;30662.25;30666;1121
20260602 151700;30666;30674.75;30664.25;30665.5;1586
20260602 151800;30665.75;30670.25;30661.25;30668;731
20260602 151900;30667.5;30670.25;30661.25;30664.75;732
20260602 152000;30664.5;30671;30662.75;30670.25;613
20260602 152100;30670.75;30674.75;30661.5;30670.75;770
20260602 152200;30671.25;30676.5;30670.5;30672;935
20260602 152300;30672;30675.5;30670.5;30673.25;713
20260602 152400;30673.5;30675.5;30663.25;30666;745
20260602 152500;30665.5;30671.75;30661.75;30670;726
20260602 152600;30670;30676;30662.25;30663.5;1038
20260602 152700;30664.25;30667.25;30658.5;30661.5;907
20260602 152800;30661.75;30662.75;30655.25;30657.25;660
20260602 152900;30657.75;30668;30651.75;30667.25;987
20260602 153000;30666.5;30671.5;30660.5;30665.5;820
20260602 153100;30666;30666.5;30654;30656.25;927
20260602 153200;30655.25;30662;30650;30659.75;848
20260602 153300;30659.5;30662.75;30651.25;30662.5;715
20260602 153400;30663;30670.75;30659.75;30666.25;811
20260602 153500;30665;30674;30661.5;30672.25;649
20260602 153600;30672.5;30684.5;30668.75;30683.25;1405
20260602 153700;30683;30685.25;30676.75;30677.5;1178
20260602 153800;30678;30681.25;30673.75;30674.5;688
20260602 153900;30674.75;30684.75;30674.75;30683;643
20260602 154000;30683.5;30685.75;30673.75;30677.25;712
20260602 154100;30676.5;30679.75;30670;30679;826
20260602 154200;30679.25;30682.5;30674.5;30676.25;452
20260602 154300;30676.25;30681.5;30674.5;30679.5;484
20260602 154400;30680;30682.5;30671;30673.25;553
20260602 154500;30672.5;30676.5;30664;30668;756
20260602 154600;30668.25;30669;30657.25;30668;824
20260602 154700;30667.75;30681.5;30666;30674.5;771
20260602 154800;30675.25;30676.75;30670.25;30671.75;446
20260602 154900;30671.75;30676;30664.25;30669.75;755
20260602 155000;30670;30678;30664;30667;793
20260602 155100;30668.25;30673.5;30659;30666.75;677
20260602 155200;30666.25;30679.25;30666.25;30678;744
20260602 155300;30677.5;30683.5;30673.25;30682.25;745
20260602 155400;30682.25;30689.25;30682.25;30686.5;954
20260602 155500;30686.5;30690;30680.5;30685.5;764
20260602 155600;30685.75;30691.25;30682;30689;804
20260602 155700;30689.5;30697;30687.75;30688.75;1705
20260602 155800;30688.5;30689.25;30679.75;30688.25;1020
20260602 155900;30688.75;30697.75;30687.75;30696;723
20260602 160000;30695.75;30697.25;30689.5;30689.5;628
20260602 160100;30690;30694.5;30683;30693;720
20260602 160200;30693;30693;30681.25;30683.25;626
20260602 160300;30683.5;30686.25;30674;30674.75;817
20260602 160400;30674.75;30678.25;30671.5;30674.25;584
20260602 160500;30673.25;30677.5;30668.25;30676.25;826
20260602 160600;30676;30691.5;30676;30688.75;897
20260602 160700;30688.75;30704;30687.75;30693.75;1332
20260602 160800;30694;30713.25;30689;30707;1777
20260602 160900;30707;30712;30703.5;30704.75;968
20260602 161000;30704.5;30707.75;30698.25;30703;917
20260602 161100;30703.25;30705.75;30697;30697;798
20260602 161200;30697;30703.5;30696.75;30703.25;448
20260602 161300;30702.75;30704;30694.25;30697;557
20260602 161400;30696.75;30708;30696.5;30707.25;446
20260602 161500;30707.75;30707.75;30699;30700;521
20260602 161600;30700.25;30700.25;30689;30690.25;961
20260602 161700;30690.75;30698.25;30688;30697.5;434
20260602 161800;30698;30698.75;30687.5;30688;357
20260602 161900;30687.75;30688.5;30668.75;30670.75;1324
20260602 162000;30670;30677.5;30670;30675.25;749
20260602 162100;30674.25;30679.25;30666;30669;656
20260602 162200;30669;30669;30651;30660.5;1352
20260602 162300;30661;30664.25;30657.25;30658.75;546
20260602 162400;30658.5;30669.5;30654;30667;733
20260602 162500;30667;30678;30665.5;30672.5;742
20260602 162600;30671.75;30674.25;30658;30667;726
20260602 162700;30666.5;30670;30656.75;30659;437
20260602 162800;30659.25;30662;30655;30658.25;592
20260602 162900;30658.75;30664.25;30656.75;30663.75;419
20260602 163000;30664;30665;30658.25;30658.25;304
20260602 163100;30658.75;30667.75;30655;30665.25;592
20260602 163200;30665.5;30671.25;30661.5;30670.5;585
20260602 163300;30670.25;30671;30664.5;30665.25;373
20260602 163400;30666;30676;30662.25;30668;609
20260602 163500;30668.25;30669;30653.75;30657.5;685
20260602 163600;30657.5;30659.5;30645.75;30649.5;969
20260602 163700;30650.25;30652.25;30643;30645.25;812
20260602 163800;30645;30649.25;30640.5;30648;684
20260602 163900;30647.5;30657;30643.25;30654.5;620
20260602 164000;30655;30655.25;30641.75;30646.25;470
20260602 164100;30646.75;30654.25;30645.75;30651;520
20260602 164200;30651.5;30657.25;30648.5;30652.5;401
20260602 164300;30652;30657.25;30648.5;30654.75;442
20260602 164400;30654.5;30656.75;30651.25;30655.25;320
20260602 164500;30655.5;30656.75;30647;30647.5;483
20260602 164600;30647.25;30653.25;30642.25;30643.5;556
20260602 164700;30643.5;30650;30642;30647.75;360
20260602 164800;30648.25;30655.25;30646.25;30649.25;410
20260602 164900;30649.5;30667.75;30647.25;30667.5;1088
20260602 165000;30667.5;30674.75;30665.5;30672.5;656
20260602 165100;30672.5;30685.75;30672.5;30685.5;1109
20260602 165200;30685;30686;30680.25;30682.25;570
20260602 165300;30682.5;30687.75;30676.75;30679.75;704
20260602 165400;30680.5;30683.25;30672.5;30677.5;684
20260602 165500;30677;30680.5;30675.75;30677.75;342
20260602 165600;30678.25;30682.5;30673.5;30678;471
20260602 165700;30678;30685.25;30677.25;30684.25;412
20260602 165800;30683.75;30688.75;30681.75;30688.75;633
20260602 165900;30688.75;30693.5;30684.75;30690.5;872
20260602 170000;30690.5;30694;30688;30691.25;943
20260602 170100;30691;30694.25;30677.75;30690.25;1181
20260602 170200;30689.75;30696;30685.5;30692.5;642
20260602 170300;30692.25;30698.5;30692.25;30696.25;540
20260602 170400;30696.75;30703.25;30696.5;30697.75;806
20260602 170500;30698.5;30701.25;30692.75;30699;614
20260602 170600;30699;30702;30697.25;30699.5;416
20260602 170700;30699.5;30701;30692.25;30693;395
20260602 170800;30692.75;30699.75;30692;30694;417
20260602 170900;30693.5;30700.75;30684.25;30693.25;1348
20260602 171000;30693.75;30693.75;30687;30692;496
20260602 171100;30692.25;30692.25;30685.25;30688.75;419
20260602 171200;30689.5;30691.5;30685.75;30690.75;271
20260602 171300;30690.75;30697.25;30690.25;30692.5;443
20260602 171400;30692.25;30696.75;30689.75;30694.5;327
20260602 171500;30694;30698.75;30692;30695.75;441
20260602 171600;30696;30696.5;30681;30683;676
20260602 171700;30683.25;30684;30663;30665.75;1359
20260602 171800;30665.75;30670;30659;30659.75;780
20260602 171900;30660;30665.25;30658;30658.75;547
20260602 172000;30659.25;30659.75;30652.25;30653.25;561
20260602 172100;30653.5;30662;30650.75;30662;619
20260602 172200;30662;30663.25;30654.25;30656;655
20260602 172300;30655.5;30665.75;30655.5;30661;653
20260602 172400;30660.75;30661;30640;30642.5;1032
20260602 172500;30642.25;30650.5;30639.5;30646;751
20260602 172600;30645.5;30646.5;30632.25;30636;1041
20260602 172700;30635.75;30641.75;30633.5;30636.75;574
20260602 172800;30637.25;30642.5;30632;30636.75;560
20260602 172900;30636.25;30643.25;30632;30642.75;556
20260602 173000;30642.25;30648.25;30638.5;30643.75;659
20260602 173100;30643;30649;30640.5;30643.75;694
20260602 173200;30644;30645;30637.75;30640;473
20260602 173300;30640.5;30646.25;30631.25;30643.25;811
20260602 173400;30643.5;30649.75;30628.25;30629.25;911
20260602 173500;30629;30631.75;30626;30626.25;669
20260602 173600;30626;30629.75;30620.5;30628.25;966
20260602 173700;30627.5;30629.5;30619.75;30624.5;576
20260602 173800;30624.5;30627;30618;30620;709
20260602 173900;30619.25;30619.25;30608.75;30613.5;1113
20260602 174000;30614;30616;30610.5;30612.5;609
20260602 174100;30612.5;30620.25;30611.25;30615.25;693
20260602 174200;30615;30633.75;30612.5;30633.75;871
20260602 174300;30633.75;30639.75;30630.75;30633.25;864
20260602 174400;30632.75;30635.25;30627.5;30630.75;488
20260602 174500;30630;30637.25;30625.25;30635.5;678
20260602 174600;30635;30640.75;30630.25;30632;669
20260602 174700;30631.5;30643.5;30630.75;30641.25;627
20260602 174800;30641.75;30645.75;30638.75;30638.75;557
20260602 174900;30639;30648.75;30638.75;30648;484
20260602 175000;30648;30648.25;30641.75;30646;447
20260602 175100;30645.5;30650;30640.25;30643.75;582
20260602 175200;30643.5;30646.75;30636.75;30637;472
20260602 175300;30637.25;30647.25;30633.5;30644.25;584
20260602 175400;30645.5;30647;30640;30646.5;307
20260602 175500;30646.75;30649;30637.75;30641;496
20260602 175600;30641;30641;30631.5;30632;605
20260602 175700;30631;30638.5;30630.5;30635.25;515
20260602 175800;30634.75;30636.25;30628.75;30631.25;445
20260602 175900;30631.5;30635.5;30625;30631.5;614
20260602 180000;30631.75;30635;30627.25;30627.5;404
20260602 180100;30628.5;30632;30623;30624.5;716
20260602 180200;30625;30630.75;30622.5;30624.75;514
20260602 180300;30624.75;30625.5;30618;30623.25;537
20260602 180400;30622.5;30630.25;30618.75;30618.75;391
20260602 180500;30619;30622.75;30614;30620.75;487
20260602 180600;30621;30630.75;30621;30627.25;527
20260602 180700;30627.75;30632.75;30625.75;30627.5;442
20260602 180800;30627.5;30641;30626.25;30640.5;565
20260602 180900;30640.5;30647.5;30636.75;30643.25;674
20260602 181000;30643.5;30648.25;30641;30644.25;446
20260602 181100;30644;30649;30642.75;30648;418
20260602 181200;30647.75;30649.75;30644.75;30649.75;460
20260602 181300;30649.75;30664;30649.5;30652.25;1678
20260602 181400;30652.5;30653.5;30646.25;30652.5;603
20260602 181500;30652.5;30652.75;30646.5;30647.75;399
20260602 181600;30648.25;30648.25;30637.25;30638;886
20260602 181700;30638.25;30641;30634.25;30637;641
20260602 181800;30637.5;30644;30637.25;30637.5;437
20260602 181900;30637.75;30644;30636.25;30639.5;337
20260602 182000;30640;30641;30632;30634.25;448
20260602 182100;30634;30637;30629.25;30634;443
20260602 182200;30634;30637;30629.75;30635.25;328
20260602 182300;30635;30638.75;30632.5;30636;348
20260602 182400;30636.25;30641.5;30636.25;30637;386
20260602 182500;30636.5;30637.5;30631.75;30635.5;430
20260602 182600;30635.25;30642.5;30634.25;30642;430
20260602 182700;30641.5;30645;30638.5;30639;587
20260602 182800;30638.75;30641.5;30634.25;30638;322
20260602 182900;30638.5;30639.5;30631.75;30635.25;335
20260602 183000;30635.75;30639.5;30634;30637.75;222
20260602 183100;30638.25;30649.5;30637.75;30645.5;665
20260602 183200;30646;30654.5;30646;30654;804
20260602 183300;30654;30654;30642;30643.5;729
20260602 183400;30643;30652.25;30642.25;30648;477
20260602 183500;30648.25;30651;30638.5;30639.25;583
20260602 183600;30638.75;30638.75;30626.25;30628.25;1054
20260602 183700;30628;30633.25;30623.5;30632;554
20260602 183800;30631;30632.25;30619.25;30619.25;559
20260602 183900;30619.75;30622;30616.25;30618.25;524
20260602 184000;30617.5;30620.5;30608;30609.75;765
20260602 184100;30609;30611.5;30598.5;30610.75;1157
20260602 184200;30610.75;30615;30607.5;30607.5;714
20260602 184300;30608;30617;30608;30612.25;721
20260602 184400;30612.25;30621;30612.25;30620.25;576
20260602 184500;30620.5;30622;30614.25;30619;462
20260602 184600;30617.75;30619.25;30614;30618.5;411
20260602 184700;30618.25;30621.5;30616.25;30619.75;352
20260602 184800;30619.75;30627.5;30619;30622.25;611
20260602 184900;30622.75;30627.75;30620;30625.75;402
20260602 185000;30625.5;30633.5;30625.25;30629.5;582
20260602 185100;30630;30633.75;30627;30629.5;463
20260602 185200;30629;30629.75;30616;30616.75;507
20260602 185300;30616.5;30621.25;30614.75;30618.75;403
20260602 185400;30619;30627.5;30619;30620.25;332
20260602 185500;30620.25;30627;30617.75;30625.5;297
20260602 185600;30624.75;30625.5;30619.25;30621.5;372
20260602 185700;30622.25;30635;30619;30633;701
20260602 185800;30634;30638.5;30632.25;30635.75;615
20260602 185900;30635.75;30639.75;30632.75;30638.5;395
20260602 190000;30638.5;30641.5;30635.75;30638.5;340
20260602 190100;30639;30648.5;30637.5;30647;942
20260602 190200;30647.5;30654.25;30645.25;30653.5;834
20260602 190300;30652.5;30658.75;30649.5;30658.5;615
20260602 190400;30658.5;30664.75;30656;30664;754
20260602 190500;30664;30670;30660.5;30667.75;815
20260602 190600;30667.25;30669;30663.75;30667.25;392
20260602 190700;30667.5;30670;30659.25;30660.25;732
20260602 190800;30660.5;30671.25;30660.5;30667.5;503
20260602 190900;30667.5;30667.5;30655.5;30662;633
20260602 191000;30661.5;30669.5;30661.5;30666.75;657
20260602 191100;30666.75;30675.5;30666.25;30675;781
20260602 191200;30674.5;30679.5;30673.25;30676.5;680
20260602 191300;30676.25;30679.25;30673.75;30679.25;432
20260602 191400;30679;30682;30676.5;30681;591
20260602 191500;30681;30682.25;30669.25;30672.75;668
20260602 191600;30673.25;30679.25;30672.25;30675.25;525
20260602 191700;30676.25;30678.75;30671;30677.5;411
20260602 191800;30677.5;30678;30673.25;30675;270
20260602 191900;30675.25;30675.25;30662.75;30665;745
20260602 192000;30664.25;30672.25;30662.5;30670.5;575
20260602 192100;30670;30678.5;30667.75;30676.75;596
20260602 192200;30676.5;30680.25;30675;30679;397
20260602 192300;30679.25;30686.5;30676.75;30683.75;717
20260602 192400;30683.25;30686.5;30681.25;30684.75;420
20260602 192500;30684.75;30685.25;30677;30682.75;531
20260602 192600;30683;30685.5;30680.75;30681.5;414
20260602 192700;30681.75;30682.5;30676;30678.5;543
20260602 192800;30678.5;30680;30670;30671.5;644
20260602 192900;30672;30673.25;30664;30665.25;840
20260602 193000;30665;30668;30662;30664.25;637
20260602 193100;30663.75;30673;30662.5;30672;606
20260602 193200;30672;30680;30667.75;30669;919
20260602 193300;30668.25;30672.25;30664.75;30668.25;440
20260602 193400;30668;30673.25;30664.25;30672.5;508
20260602 193500;30672.5;30679.75;30672.25;30675.25;616
20260602 193600;30675.25;30678.5;30674.5;30676;343
20260602 193700;30676.25;30682;30675.75;30681.5;373
20260602 193800;30681.25;30685.5;30675.75;30681.25;539
20260602 193900;30681;30681;30672;30677.5;523
20260602 194000;30677.75;30678.5;30670.75;30671.5;458
20260602 194100;30671.25;30673.75;30666.5;30672.75;334
20260602 194200;30673.25;30680.5;30671.5;30679.5;454
20260602 194300;30679.5;30687;30676.75;30681;681
20260602 194400;30681;30685.75;30677.75;30685.25;521
20260602 194500;30684.5;30686.25;30679.75;30681.75;529
20260602 194600;30682;30689;30678.25;30687;874
20260602 194700;30687.5;30693.75;30682.25;30693;760
20260602 194800;30693.25;30698;30692.25;30697.25;930
20260602 194900;30697.25;30705.75;30697.25;30698.75;1353
20260602 195000;30699.25;30704.5;30699.25;30702.75;928
20260602 195100;30702.5;30706.75;30692.25;30693;1832
20260602 195200;30693.5;30702.5;30690.25;30700.75;910
20260602 195300;30700.5;30706;30694.5;30697.5;1028
20260602 195400;30697;30713;30696.75;30706.25;2277
20260602 195500;30706.25;30706.25;30695;30700;1931
20260602 195600;30699.75;30708;30692.75;30705.75;1629
20260602 195700;30706.5;30709.5;30702.75;30706.5;776
20260602 195800;30706.25;30712.75;30705.25;30712;1256
20260602 195900;30712.25;30719.25;30711.75;30714.25;2241
20260602 200000;30714;30721.25;30705;30707.25;6965
20260602 200100;30707.25;30712.25;30703.75;30706.25;2490
20260602 200200;30706;30706.5;30697.75;30698.75;758
20260602 200300;30699.25;30705.75;30698;30699.25;581
20260602 200400;30699.25;30720.75;30699.25;30720;853
20260602 200500;30720;30737.5;30718.5;30733;1589
20260602 200600;30732.75;30763.25;30732.75;30752.5;2330
20260602 200700;30752;30759.25;30743.75;30757;855
20260602 200800;30755.75;30758;30747.5;30750.75;588
20260602 200900;30750.75;30754.5;30745;30746.25;533
20260602 201000;30747;30749.75;30742;30742.5;511
20260602 201100;30742.25;30753.75;30742;30749.5;337
20260602 201200;30749;30754.25;30747.25;30753.5;268
20260602 201300;30753;30753;30746.5;30750.5;207
20260602 201400;30751;30751.75;30745.5;30748.5;203
20260602 201500;30748.25;30749.75;30730.25;30738.5;688
20260602 201600;30738.75;30750;30737;30749.75;425
20260602 201700;30748.5;30752;30746;30750.5;326
20260602 201800;30750;30753.75;30748.25;30751;206
20260602 201900;30750.5;30757;30748.25;30755;351
20260602 202000;30754.75;30758;30754.25;30757.25;238
20260602 202100;30757.5;30762.5;30754.75;30756.75;368
20260602 202200;30757.75;30760;30752.5;30754.5;301
20260602 202300;30754.75;30756;30750;30750.25;131
20260602 202400;30750.25;30751.25;30745;30746.25;196
20260602 202500;30746.25;30748.5;30745.25;30747.25;130
20260602 202600;30747.25;30747.25;30737.25;30740;320
20260602 202700;30741.25;30742.75;30737;30739.75;128
20260602 202800;30740.25;30746;30740.25;30745;94
20260602 202900;30744.5;30746;30738;30738;148
20260602 203000;30738.5;30740.5;30737.25;30737.25;85
20260602 203100;30737.75;30744.25;30737;30740;168
20260602 203200;30739.5;30742.5;30737.25;30742.5;90
20260602 203300;30740.75;30742.75;30739.75;30739.75;81
20260602 203400;30739.75;30742.75;30738;30742.25;111
20260602 203500;30741.25;30742.75;30738.25;30741;90
20260602 203600;30740.5;30741.75;30738.75;30741;78
20260602 203700;30741.5;30745.75;30741.25;30745.25;76
20260602 203800;30744.75;30745.5;30741.25;30742;86
20260602 203900;30742.25;30745.75;30741.5;30743.75;167
20260602 204000;30743.75;30744.25;30738.5;30740.5;141
20260602 204100;30740.25;30741.75;30739.5;30740;97
20260602 204200;30739.5;30742.5;30738.5;30742;84
20260602 204300;30740.5;30743.25;30739.5;30740;94
20260602 204400;30739.5;30741.5;30739.5;30740.5;123
20260602 204500;30740.5;30743.5;30739.25;30743.25;144
20260602 204600;30742;30746.25;30740.75;30744.75;159
20260602 204700;30745.5;30745.5;30740;30740;107
20260602 204800;30740;30744;30737.25;30742.75;188
20260602 204900;30742;30742.75;30740.5;30742.75;59
20260602 205000;30742.5;30744.5;30741.5;30744;66
20260602 205100;30743.75;30746.75;30742.75;30745.5;127
20260602 205200;30745.25;30746.5;30745;30746.5;38
20260602 205300;30746.75;30748.5;30744.25;30744.25;163
20260602 205400;30744.5;30745;30736;30738;218
20260602 205500;30738.5;30741;30738.25;30740.25;122
20260602 205600;30740.5;30745;30740;30744;85
20260602 205700;30744.5;30747.5;30744.5;30747.5;48
20260602 205800;30747.5;30748.5;30742.75;30742.75;97
20260602 205900;30742.75;30747.25;30742.25;30747.25;44
20260602 210000;30747.5;30749.25;30740.5;30743;151
20260602 220100;30741.75;30742.5;30722.75;30732.25;602
20260602 220200;30733.25;30733.75;30715.25;30719.25;364
20260602 220300;30720;30722.5;30717.5;30722;110
20260602 220400;30721.25;30724.25;30719.75;30721.25;87
20260602 220500;30722;30736;30717;30718.5;370
20260602 220600;30718;30729.75;30718;30724.75;229
20260602 220700;30724.75;30739.75;30724.75;30736.5;210
20260602 220800;30736.75;30738.25;30730.5;30736;137
20260602 220900;30736;30736;30731.75;30734.75;63
20260602 221000;30734.5;30735.5;30732.5;30734.5;56
20260602 221100;30735;30735.5;30729;30733.75;142
20260602 221200;30733.25;30744;30732.25;30743;237
20260602 221300;30742;30751.75;30726;30729;503
20260602 221400;30729.25;30731.25;30721;30731.25;336
20260602 221500;30730.5;30732.25;30728.25;30730.5;72
20260602 221600;30729.5;30734;30727.75;30728.5;88
20260602 221700;30729;30729;30722.75;30724;109
20260602 221800;30724;30728.75;30722.75;30727.25;75
20260602 221900;30727.5;30728.75;30724.5;30725.25;41
20260602 222000;30725.25;30732;30723;30729.75;87
20260602 222100;30729.75;30732.75;30728.5;30731;81
20260602 222200;30733;30739.5;30732;30736.25;93
20260602 222300;30736.25;30738;30732.5;30734;117
20260602 222400;30734.75;30736.5;30733.75;30734.25;24
20260602 222500;30733.75;30736.25;30733.75;30734.5;20
20260602 222600;30733.75;30734;30726;30728;69
20260602 222700;30728.5;30738.5;30728.5;30737;94
20260602 222800;30736.75;30742.25;30736.75;30738.5;92
20260602 222900;30738;30742.75;30737.5;30741;82
20260602 223000;30741.5;30741.75;30738.75;30740.5;59
20260602 223100;30739.25;30748;30738;30742.75;147
20260602 223200;30743.25;30746.5;30742.75;30745.25;54
20260602 223300;30744.5;30757;30744.5;30754.25;284
20260602 223400;30754.75;30754.75;30750.25;30751.75;56
20260602 223500;30753;30753;30748;30749.25;43
20260602 223600;30749.5;30749.75;30744.75;30745.5;57
20260602 223700;30745.75;30751.5;30745.75;30747;39
20260602 223800;30747.5;30750;30747;30747;29
20260602 223900;30747;30749.75;30747;30749.5;35
20260602 224000;30749.5;30749.5;30734.5;30742.25;158
20260602 224100;30742.25;30743.75;30738.5;30740;65
20260602 224200;30740.25;30741.25;30737.25;30739;46
20260602 224300;30739.5;30745.25;30739;30741.75;61
20260602 224400;30741;30741;30735.5;30741;69
20260602 224500;30741.5;30742.25;30737.5;30737.5;37
20260602 224600;30737.75;30740.5;30735.5;30735.5;57
20260602 224700;30736.5;30739.25;30735.5;30738.75;51
20260602 224800;30739.5;30740.25;30737.75;30738.25;75
20260602 224900;30738.25;30738.75;30717.5;30725.5;354
20260602 225000;30725;30728;30720.5;30726.75;165
20260602 225100;30728.5;30728.5;30722;30727.25;63
20260602 225200;30727.25;30729;30708.5;30716.25;440
20260602 225300;30717.5;30724.75;30703.5;30707.25;370
20260602 225400;30708;30710.75;30702.5;30706.25;162
20260602 225500;30707.5;30711.25;30704.25;30710.25;91
20260602 225600;30710.75;30716;30709;30715.75;85
20260602 225700;30716.25;30716.75;30709.25;30710.75;70
20260602 225800;30711;30712.25;30707;30709.5;56
20260602 225900;30708.5;30708.5;30698.25;30699.5;153
20260602 230000;30700;30703.5;30698;30703.5;104
20260602 230100;30705;30710;30702.5;30703.75;171
20260602 230200;30704.75;30704.75;30692;30693.25;227
20260602 230300;30694;30695;30686;30686.75;235
20260602 230400;30686.75;30690.25;30679.25;30680.25;320
20260602 230500;30680.25;30680.25;30675.25;30675.5;205
20260602 230600;30676.25;30688.75;30676.25;30686.5;277
20260602 230700;30687;30689.5;30680.5;30683;161
20260602 230800;30684.25;30685;30677;30677.75;162
20260602 230900;30677;30683.25;30675.75;30682.75;144
20260602 231000;30681.25;30682.75;30671;30671.75;163
20260602 231100;30672;30680;30670.25;30675;144
20260602 231200;30674.5;30678;30672.5;30675;104
20260602 231300;30675;30681.25;30667.75;30678.75;288
20260602 231400;30679.75;30681.25;30675.5;30678.5;98
20260602 231500;30679;30680;30672.5;30674.75;85
20260602 231600;30675;30678.25;30673.25;30673.25;58
20260602 231700;30672.75;30672.75;30656;30658.5;424
20260602 231800;30659.75;30667.75;30644.75;30648;538
20260602 231900;30648.75;30654.5;30640.5;30648.5;296
20260602 232000;30649.25;30650.75;30625;30629.25;586
20260602 232100;30628.75;30630;30617;30617.75;472
20260602 232200;30617.5;30619.5;30600;30603.75;625
20260602 232300;30603;30612;30601.5;30605.75;426
20260602 232400;30606.5;30615;30588.5;30597.25;629
20260602 232500;30597.25;30610;30590;30594.25;1047
20260602 232600;30592.25;30593.75;30561.25;30576.25;1410
20260602 232700;30575;30591.75;30570.25;30591;516
20260602 232800;30591;30591.5;30577.75;30582;250
20260602 232900;30581.75;30592.5;30578.5;30588;192
20260602 233000;30588;30610.75;30583;30610.75;406
20260602 233100;30611.25;30618.75;30599;30612.25;554
20260602 233200;30611.25;30613.75;30595.5;30602.5;305
20260602 233300;30603.5;30613.25;30602.75;30613.25;160
20260602 233400;30612;30624.25;30611.25;30617;238
20260602 233500;30616.75;30618.75;30601;30606.5;178
20260602 233600;30606.5;30634.5;30604.75;30632.75;450
20260602 233700;30632;30644;30629.75;30638.25;510
20260602 233800;30639;30639;30615;30631.75;467
20260602 233900;30632.75;30646;30631.25;30644.25;279
20260602 234000;30645;30649;30640;30646.75;156
20260602 234100;30647.25;30652.75;30641;30652;190
20260602 234200;30651.75;30662.5;30651;30651.5;269
20260602 234300;30653;30670.75;30650.5;30662.25;350
20260602 234400;30663.5;30668.5;30660;30668.25;200
20260602 234500;30667.5;30689.25;30667;30682.75;616
20260602 234600;30682.25;30689.5;30677.25;30681.5;357
20260602 234700;30681;30685;30675.25;30682.25;255
20260602 234800;30682.25;30682.75;30676.75;30678.5;120
20260602 234900;30678.75;30678.75;30671.75;30672.75;195
20260602 235000;30672.75;30679;30672.25;30678.25;76
20260602 235100;30678.5;30688.25;30677.25;30684.75;243
20260602 235200;30684.5;30687.75;30682;30682.25;114
20260602 235300;30682.75;30684.5;30677.75;30681;108
20260602 235400;30681;30682.75;30667.25;30680.75;221
20260602 235500;30682.5;30701.75;30680.25;30698.75;492
20260602 235600;30697.75;30698.75;30688.25;30692.5;208
20260602 235700;30691.5;30696.5;30689.75;30693.75;123
20260602 235800;30695.5;30709;30693.75;30706.25;306
20260602 235900;30706.75;30715;30703;30708;398
20260603 000000;30706.75;30710;30699.5;30708;253
20260603 000100;30708.25;30715.25;30703.25;30710.5;309
20260603 000200;30712;30719.5;30708;30712.25;225
20260603 000300;30713.75;30718;30709.75;30709.75;189
20260603 000400;30709.75;30714.25;30708.5;30709.75;155
20260603 000500;30711.25;30717.25;30710.5;30710.75;128
20260603 000600;30711;30715;30706;30712.25;198
20260603 000700;30713.25;30714.25;30702;30708;186
20260603 000800;30706.5;30709.25;30695.5;30696;270
20260603 000900;30697.75;30699.25;30694.25;30695.5;107
20260603 001000;30696.75;30703.25;30692.25;30699;177
20260603 001100;30700.75;30700.75;30682.5;30690.5;406
20260603 001200;30690.25;30699.75;30688.75;30699.25;135
20260603 001300;30696.5;30696.5;30691;30692;67
20260603 001400;30691.75;30693.75;30685;30688.5;163
20260603 001500;30686.25;30688.25;30676.75;30678.75;266
20260603 001600;30678;30679.5;30671.5;30674.75;239
20260603 001700;30675;30681.5;30673;30680;113
20260603 001800;30679.25;30680;30672.25;30673.25;100
20260603 001900;30672;30688;30671;30688;232
20260603 002000;30687.75;30698.25;30684.5;30695;275
20260603 002100;30695.5;30695.75;30686.75;30689.25;107
20260603 002200;30692;30704.25;30692;30696.5;228
20260603 002300;30696;30699.75;30692;30693.5;99
20260603 002400;30694;30696.25;30684;30684.75;114
20260603 002500;30684.75;30684.75;30678.5;30680.25;164
20260603 002600;30681.5;30686.5;30677;30679.25;148
20260603 002700;30679.25;30683.75;30677.75;30683.75;117
20260603 002800;30683.25;30687;30678.25;30686;97
20260603 002900;30686.75;30692.5;30684.5;30687.75;117
20260603 003000;30687.5;30693.75;30686.75;30691.5;100
20260603 003100;30692.75;30701.5;30690.75;30692.5;193
20260603 003200;30692.5;30694.5;30689.25;30694.25;88
20260603 003300;30690;30692.75;30686.75;30690.25;83
20260603 003400;30690.5;30698.75;30690.5;30696;120
20260603 003500;30696.25;30703.5;30695.25;30699.25;86
20260603 003600;30698.5;30699.5;30696.5;30698.75;36
20260603 003700;30698.25;30698.25;30694.75;30696.75;34
20260603 003800;30695.75;30698.5;30693.75;30696.75;55
20260603 003900;30697.5;30709.75;30697.5;30705.25;392
20260603 004000;30705.75;30709.75;30700.5;30705.25;325
20260603 004100;30705.5;30710;30703.75;30709;199
20260603 004200;30708.75;30710;30703;30707.25;232
20260603 004300;30706;30707.5;30704.5;30705.25;141
20260603 004400;30706.5;30709;30705.25;30706;53
20260603 004500;30706.5;30714.75;30706.5;30714.25;501
20260603 004600;30713.5;30716.5;30711.5;30715.25;203
20260603 004700;30716;30717.75;30707.75;30713.75;141
20260603 004800;30713;30714.25;30711;30714.25;68
20260603 004900;30714.25;30718.25;30713;30718;113
20260603 005000;30717.25;30718.5;30710;30712.75;133
20260603 005100;30713;30716.5;30712.5;30712.5;59
20260603 005200;30713;30727.5;30713;30720.5;198
20260603 005300;30720.75;30725.75;30716.5;30723.75;215
20260603 005400;30723.5;30723.5;30715.5;30715.75;98
20260603 005500;30715.5;30719.25;30715;30719;59
20260603 005600;30718.5;30719.5;30715;30715.75;92
20260603 005700;30717;30722.5;30716.25;30720;59
20260603 005800;30720.5;30722.25;30717;30720;82
20260603 005900;30720.75;30721.25;30715.25;30717.5;59
20260603 010000;30717.5;30720;30717.25;30720;60
20260603 010100;30720.5;30723.75;30703.5;30705.75;301
20260603 010200;30704.25;30704.25;30690.75;30693;284
20260603 010300;30692.5;30700.75;30691;30700.75;126
20260603 010400;30699.25;30699.5;30685;30686.5;223
20260603 010500;30687;30695;30686.75;30690.5;138
20260603 010600;30690.75;30695;30687;30695;117
20260603 010700;30693;30696;30681.5;30683.5;256
20260603 010800;30684.25;30685;30675;30676.5;352
20260603 010900;30677.25;30688.5;30677.25;30686.5;215
20260603 011000;30687.5;30690.75;30681.75;30683.25;121
20260603 011100;30684.5;30689;30683.25;30688;115
20260603 011200;30687;30687;30680.25;30683.25;62
20260603 011300;30681.5;30682.75;30677.5;30679.75;137
20260603 011400;30679.25;30682;30676.25;30681;117
20260603 011500;30680.75;30688;30675;30675;160
20260603 011600;30676;30677.5;30671.75;30677;342
20260603 011700;30676.75;30683;30676.75;30680.5;99
20260603 011800;30677;30683;30677;30682;53
20260603 011900;30683;30685.5;30681.75;30683.25;38
20260603 012000;30683.5;30687.5;30682.75;30684.25;63
20260603 012100;30685.25;30685.5;30681.75;30682;40
20260603 012200;30682;30685.25;30682;30684;23
20260603 012300;30684;30684.5;30680.75;30682;44
20260603 012400;30681.5;30683.25;30675.75;30676;87
20260603 012500;30676.75;30680.5;30674.75;30679.25;67
20260603 012600;30681;30683.5;30679.5;30681;55
20260603 012700;30680.25;30681.25;30678.5;30679.25;58
20260603 012800;30679.75;30688.75;30679.75;30684.75;90
20260603 012900;30685;30687.5;30681.5;30686.75;60
20260603 013000;30686;30688.5;30685;30685;78
20260603 013100;30685;30697.75;30678;30694.75;461
20260603 013200;30695;30701.25;30689;30695;360
20260603 013300;30694;30698;30686.5;30694.5;338
20260603 013400;30694.25;30696;30691.25;30691.75;76
20260603 013500;30691.5;30697.5;30691;30695.5;41
20260603 013600;30696.75;30699.5;30696;30698.5;96
20260603 013700;30697.5;30699;30696.5;30696.5;48
20260603 013800;30696;30696.5;30677;30681.5;376
20260603 013900;30681;30684.75;30678.75;30681.5;113
20260603 014000;30679.25;30679.25;30664;30671.75;378
20260603 014100;30671.25;30676;30663.25;30665;215
20260603 014200;30666.5;30671.25;30664;30669;96
20260603 014300;30667;30669.75;30661.25;30661.75;187
20260603 014400;30662.25;30666.5;30660;30662.75;160
20260603 014500;30663.25;30668;30658;30666.75;135
20260603 014600;30666.75;30668.75;30656;30658.25;147
20260603 014700;30658.25;30661;30653;30655.75;136
20260603 014800;30655.25;30657.5;30653;30656.75;87
20260603 014900;30657;30667.75;30656.5;30666.25;153
20260603 015000;30665;30669.75;30663.75;30665.75;81
20260603 015100;30665.75;30665.75;30658.25;30659.25;114
20260603 015200;30661;30674.5;30660.25;30671;159
20260603 015300;30670.75;30675.25;30669.25;30674.75;50
20260603 015400;30675;30683.75;30672.5;30678.75;197
20260603 015500;30678.25;30679.5;30675;30677.5;68
20260603 015600;30677;30680.75;30674.5;30677.75;81
20260603 015700;30677.25;30681;30676.5;30681;77
20260603 015800;30681.5;30682;30674.25;30677.25;58
20260603 015900;30677;30681.25;30677;30678.75;40
20260603 020000;30680.25;30685;30680.25;30683;86
20260603 020100;30683.75;30686.5;30676.25;30679;97
20260603 020200;30679;30683.5;30673.75;30676;72
20260603 020300;30676;30677;30671.5;30676.75;86
20260603 020400;30677;30693.25;30677;30685.25;157
20260603 020500;30686.25;30687;30682.75;30685.5;54
20260603 020600;30685.5;30688.25;30684.25;30688;83
20260603 020700;30687.75;30687.75;30680.5;30684;79
20260603 020800;30684.25;30684.25;30677;30678.75;52
20260603 020900;30679.25;30682.25;30677;30680;42
20260603 021000;30678.25;30684;30678.25;30682.5;32
20260603 021100;30684.75;30687.5;30683.75;30683.75;42
20260603 021200;30684;30687;30683;30684.25;35
20260603 021300;30684.5;30690;30681.25;30689.25;88
20260603 021400;30689.75;30691.75;30687.5;30689.5;58
20260603 021500;30690.75;30691;30687.75;30690;64
20260603 021600;30689.75;30690.5;30684.75;30689;32
20260603 021700;30687.75;30688;30684.75;30685.5;41
20260603 021800;30685.25;30696.25;30685.25;30693.5;132
20260603 021900;30692.75;30693.5;30690.75;30691;41
20260603 022000;30691;30691.25;30686.25;30687;53
20260603 022100;30687;30687.75;30676.5;30677;149
20260603 022200;30678.5;30678.5;30669.75;30672;141
20260603 022300;30671;30676.25;30666.5;30668.5;141
20260603 022400;30667.25;30670.25;30667;30668.75;49
20260603 022500;30668.5;30673.5;30667.5;30667.75;100
20260603 022600;30667.75;30674.5;30662.75;30673.75;124
20260603 022700;30673.25;30693.75;30672.25;30687;420
20260603 022800;30685.75;30687;30679;30680.75;112
20260603 022900;30681.75;30685;30677.75;30678.5;63
20260603 023000;30678.75;30682.75;30675.75;30680;70
20260603 023100;30680.25;30680.25;30676.75;30678;33
20260603 023200;30678.75;30682.25;30674.5;30675.75;88
20260603 023300;30676.5;30676.75;30673.25;30676.75;46
20260603 023400;30676.5;30683.25;30676.5;30681.75;70
20260603 023500;30682.25;30683;30677.75;30678.75;44
20260603 023600;30678.75;30680;30675.25;30676.75;25
20260603 023700;30675.5;30680.5;30670.75;30679.25;94
20260603 023800;30679.25;30684.75;30678.5;30684.25;78
20260603 023900;30684.25;30685.75;30682.5;30685;69
20260603 024000;30685;30686;30682.5;30683.5;111
20260603 024100;30684.5;30687.5;30683.25;30684.75;146
20260603 024200;30686;30688.75;30685.5;30685.75;57
20260603 024300;30685.75;30686.5;30683.25;30684;13
20260603 024400;30684.75;30686.75;30678.5;30680.5;104
20260603 024500;30681.75;30681.75;30677.5;30680;39
20260603 024600;30679;30679;30675.25;30676.25;78
20260603 024700;30677;30678.25;30672.75;30672.75;53
20260603 024800;30672.25;30675.75;30670.5;30675.5;64
20260603 024900;30675;30675;30671.75;30672.75;40
20260603 025000;30672.5;30675.5;30671.25;30672.5;58
20260603 025100;30673.5;30677.5;30672.75;30676;43
20260603 025200;30675.5;30675.75;30671.5;30671.5;46
20260603 025300;30672.25;30672.75;30667.75;30671.5;81
20260603 025400;30672.5;30673;30669;30669.75;62
20260603 025500;30670.25;30672.25;30669.25;30671.75;78
20260603 025600;30670.5;30674.75;30668.25;30673.25;52
20260603 025700;30674.75;30676.75;30672.75;30675;90
20260603 025800;30675.5;30675.75;30672.5;30673.75;33
20260603 025900;30675;30678.5;30674.5;30676.75;47
20260603 030000;30677;30680.5;30677;30679;50
20260603 030100;30678.75;30681.5;30678;30681.25;63
20260603 030200;30680;30680.5;30674;30676;77
20260603 030300;30677;30678.25;30674.5;30675;35
20260603 030400;30677;30680;30676;30679;35
20260603 030500;30679.25;30681.25;30678.5;30678.5;40
20260603 030600;30679.5;30682.75;30673.5;30677;90
20260603 030700;30677.5;30680.75;30672.75;30673.5;150
20260603 030800;30673.5;30677.25;30672.5;30675;135
20260603 030900;30673.25;30675.75;30668.5;30675.5;54
20260603 031000;30675.75;30675.75;30672.5;30674.5;28
20260603 031100;30676.25;30679.25;30676;30679.25;45
20260603 031200;30677.75;30678.25;30676;30678.25;48
20260603 031300;30678.25;30683.5;30678;30683;84
20260603 031400;30683;30686;30682.75;30685;58
20260603 031500;30684.75;30687.5;30683.75;30687.5;55
20260603 031600;30688;30688;30682.75;30684.5;72
20260603 031700;30685;30686.5;30683.5;30685.25;40
20260603 031800;30685.5;30689;30685.5;30687.75;97
20260603 031900;30687;30687.5;30685.25;30686.75;19
20260603 032000;30686;30688;30685.25;30686.25;24
20260603 032100;30686.75;30692.5;30686.5;30691.25;111
20260603 032200;30691.25;30698;30691.25;30694.5;159
20260603 032300;30695.25;30699;30695.25;30696.25;43
20260603 032400;30696.75;30704.75;30696.25;30703.75;150
20260603 032500;30703.25;30705.25;30698.5;30700.75;219
20260603 032600;30701.25;30701.25;30693.25;30693.5;101
20260603 032700;30692.5;30693.25;30682.5;30685.75;294
20260603 032800;30685.75;30686.25;30683;30684;36
20260603 032900;30684.25;30687;30681.75;30687;29
20260603 033000;30686.75;30687.75;30683;30684.75;46
20260603 033100;30685;30693.5;30685;30693;61
20260603 033200;30693.75;30694.5;30692;30693.75;37
20260603 033300;30694.75;30694.75;30691;30691;28
20260603 033400;30692;30695.25;30691;30691.75;63
20260603 033500;30692.5;30695.75;30691;30695.75;26
20260603 033600;30695.75;30697.25;30693.5;30696;64
20260603 033700;30696.75;30696.75;30692.75;30694.5;44
20260603 033800;30694.25;30694.25;30692.25;30692.25;17
20260603 033900;30693;30694;30689.75;30691.5;40
20260603 034000;30692.75;30692.75;30688.75;30688.75;25
20260603 034100;30689;30696.5;30688.5;30696.5;38
20260603 034200;30695.75;30699.75;30695.25;30698.5;50
20260603 034300;30699;30699.5;30697.25;30697.5;24
20260603 034400;30697;30701.25;30696.75;30699.5;70
20260603 034500;30700.25;30700.75;30697.25;30697.25;40
20260603 034600;30698.5;30698.75;30696.25;30698.75;36
20260603 034700;30697.75;30698.25;30693.75;30697.75;42
20260603 034800;30696.5;30698.5;30694.75;30696;21
20260603 034900;30696;30698;30696;30697.25;17
20260603 035000;30696;30698.25;30692;30692.75;42
20260603 035100;30693;30694.75;30690.75;30694;42
20260603 035200;30695.25;30697.75;30694.5;30697.5;27
20260603 035300;30696.25;30698.75;30695.5;30698.5;20
20260603 035400;30698.75;30705;30697.75;30697.75;81
20260603 035500;30697.75;30702.5;30697.75;30702.5;29
20260603 035600;30703.25;30708;30700.75;30706.5;135
20260603 035700;30706.5;30710;30706.5;30708.75;158
20260603 035800;30707.75;30708.5;30705.25;30705.25;23
20260603 035900;30705;30708.25;30704.5;30707.25;52
20260603 040000;30706.5;30708;30706.25;30706.75;43
20260603 040100;30706;30709.5;30706;30707.5;75
20260603 040200;30707.25;30710;30707.25;30708.25;89
20260603 040300;30708.5;30710;30705.5;30705.5;123
20260603 040400;30705.75;30715.5;30705.75;30714.25;530
20260603 040500;30714.25;30718.75;30712.25;30717.25;128
20260603 040600;30717.25;30722.75;30716.5;30721.25;175
20260603 040700;30721.75;30723.5;30717.5;30719.75;191
20260603 040800;30719.75;30720.25;30717.75;30718.75;37
20260603 040900;30717.25;30720.5;30717;30719.25;120
20260603 041000;30718.75;30722.75;30718.5;30721.25;88
20260603 041100;30721.5;30724.5;30717.25;30723.5;179
20260603 041200;30723.25;30723.5;30717.75;30721;164
20260603 041300;30720.25;30723;30720.25;30722;15
20260603 041400;30722;30724.5;30721;30723.75;44
20260603 041500;30724.25;30727.25;30723;30723.75;147
20260603 041600;30723.5;30724.75;30720.25;30723.25;51
20260603 041700;30722.5;30727.25;30722;30725;66
20260603 041800;30725.75;30725.75;30712.75;30715.25;112
20260603 041900;30714.25;30718;30713.25;30715;70
20260603 042000;30715.5;30718.75;30715.5;30717;32
20260603 042100;30716;30719.75;30715.75;30719.5;29
20260603 042200;30719.5;30719.5;30717.75;30718.5;11
20260603 042300;30718.75;30720.5;30718.25;30720.5;25
20260603 042400;30720;30722;30718.5;30722;24
20260603 042500;30721.25;30722;30720;30720;16
20260603 042600;30720;30725;30718.75;30723.75;64
20260603 042700;30724.25;30724.25;30720.25;30722.25;38
20260603 042800;30722.75;30724.75;30722.25;30724;20
20260603 042900;30722.75;30722.75;30719.25;30720.25;46
20260603 043000;30721.75;30723;30720;30722;31
20260603 043100;30722;30723;30720.75;30723;55
20260603 043200;30723.25;30724;30720.25;30722.75;39
20260603 043300;30722.5;30724;30722.5;30723.25;26
20260603 043400;30723;30725.25;30721.25;30725.25;41
20260603 043500;30724.75;30730;30724.75;30728.5;72
20260603 043600;30728.5;30730.5;30727.5;30728.5;84
20260603 043700;30728.5;30728.5;30720;30720;116
20260603 043800;30720;30720;30715.25;30718.75;94
20260603 043900;30718.5;30721;30718.25;30720.25;34
20260603 044000;30720;30720.75;30717.5;30720;31
20260603 044100;30720.5;30722.75;30719.25;30722.75;30
20260603 044200;30722.25;30724;30721;30722.25;20
20260603 044300;30722.25;30723.75;30720;30723.5;24
20260603 044400;30723.5;30724.75;30722.75;30724;38
20260603 044500;30724.25;30724.5;30721.25;30724.25;33
20260603 044600;30722.5;30723.75;30722.5;30723.5;8
20260603 044700;30721.75;30721.75;30712.75;30714.75;78
20260603 044800;30715;30717.75;30708.75;30710;128
20260603 044900;30710.25;30712;30702.5;30704.75;158
20260603 045000;30705.5;30709.75;30705;30708.5;100
20260603 045100;30708;30712;30706;30712;59
20260603 045200;30711.75;30713.25;30710.5;30712;32
20260603 045300;30712;30712;30707;30707;24
20260603 045400;30708;30710.5;30708;30710.5;19
20260603 045500;30710.5;30710.5;30710.25;30710.5;4
20260603 045600;30708;30709;30703.75;30707.75;46
20260603 045700;30707;30708.5;30706;30707.25;16
20260603 045800;30706.75;30709.5;30705;30705.5;22
20260603 045900;30703.75;30705.5;30700.5;30702.25;84
20260603 050000;30701.75;30704.75;30701.5;30702.5;37
20260603 050100;30702.5;30702.75;30675;30684.75;444
20260603 050200;30685.5;30692.75;30685.5;30689.75;85
20260603 050300;30691;30698.5;30690;30697.25;151
20260603 050400;30696.75;30696.75;30690.5;30696.75;38
20260603 050500;30697.25;30700.75;30696;30697.25;47
20260603 050600;30696.5;30697.75;30695.5;30696;33
20260603 050700;30696.5;30703.75;30696.5;30699.75;64
20260603 050800;30699.5;30699.5;30697;30697.75;36
20260603 050900;30697.75;30705.25;30697.75;30704;86
20260603 051000;30705.25;30709.75;30704;30709;74
20260603 051100;30708.5;30715.5;30708.5;30715.5;110
20260603 051200;30715.25;30718.5;30714;30715.5;71
20260603 051300;30714.75;30717;30712.5;30714.25;62
20260603 051400;30715.25;30718;30715.25;30717.75;40
20260603 051500;30717.25;30717.25;30711.5;30713.75;37
20260603 051600;30713;30716;30712.5;30713.75;50
20260603 051700;30712.75;30715.75;30711.5;30715.25;64
20260603 051800;30715.25;30715.25;30710.25;30713;89
20260603 051900;30712.5;30715;30712.5;30715;42
20260603 052000;30714.75;30716;30713.5;30713.5;27
20260603 052100;30713.5;30715.5;30713;30713.25;23
20260603 052200;30713.5;30719.25;30713.5;30719;32
20260603 052300;30718.75;30719;30715.5;30716.5;32
20260603 052400;30715.5;30717.5;30715.25;30717.5;38
20260603 052500;30716.5;30721.5;30716.5;30719.75;66
20260603 052600;30720.5;30723;30719.75;30722;64
20260603 052700;30722.5;30723.25;30718.5;30720;34
20260603 052800;30718;30719.25;30714;30714;33
20260603 052900;30714;30716;30706;30707.75;120
20260603 053000;30706.5;30708.5;30704.25;30707;67
20260603 053100;30707.25;30707.5;30696.25;30696.25;162
20260603 053200;30697.5;30697.75;30690.25;30690.75;108
20260603 053300;30690;30692.25;30685;30691.5;115
20260603 053400;30692;30696.75;30692;30696.25;64
20260603 053500;30697;30699;30693.75;30695.5;63
20260603 053600;30694.75;30697;30694.25;30696.5;26
20260603 053700;30696;30700.75;30693.5;30699.75;40
20260603 053800;30700;30703.75;30698.5;30703;35
20260603 053900;30703.25;30703.25;30696.25;30696.5;60
20260603 054000;30697.25;30702.25;30696.75;30702.25;24
20260603 054100;30702.25;30708.25;30701;30708.25;86
20260603 054200;30708.75;30710.5;30705.75;30708.75;48
20260603 054300;30708;30708;30704.25;30705.5;50
20260603 054400;30707;30707.25;30703;30705;40
20260603 054500;30703.25;30703.25;30693.75;30695.5;72
20260603 054600;30694.25;30699.25;30690;30692.75;107
20260603 054700;30693.25;30695.75;30693.25;30694;23
20260603 054800;30694.5;30695.75;30690;30691.25;54
20260603 054900;30692;30693.25;30688.25;30689;45
20260603 055000;30689.5;30694;30687.75;30693.5;72
20260603 055100;30692.5;30693.75;30691;30692;34
20260603 055200;30692.25;30695.5;30680.5;30683;165
20260603 055300;30684.25;30690.75;30684;30690.25;52
20260603 055400;30689.5;30690.75;30687.75;30687.75;48
20260603 055500;30690;30694;30689.75;30693.5;43
20260603 055600;30693;30695.75;30692.25;30694.75;116
20260603 055700;30693.75;30693.75;30690.5;30691.5;24
20260603 055800;30691.25;30693.75;30691.25;30692.25;6
20260603 055900;30691.75;30691.75;30685.25;30686;46
20260603 060000;30686.25;30691.25;30685.75;30689.25;26
20260603 060100;30689.75;30707.5;30687.25;30707.5;191
20260603 060200;30706.75;30708.25;30701.5;30701.5;109
20260603 060300;30700.5;30703.5;30694.5;30703;138
20260603 060400;30702.75;30705.25;30699.25;30704.25;94
20260603 060500;30704.25;30716;30704.25;30713.25;153
20260603 060600;30712.25;30712.75;30704.25;30711.75;101
20260603 060700;30712;30712;30705;30706;69
20260603 060800;30706.75;30708;30698;30703.25;101
20260603 060900;30703.5;30704.75;30694.25;30699.25;98
20260603 061000;30699.25;30699.25;30693.75;30694.75;41
20260603 061100;30693.25;30694;30689;30689.75;78
20260603 061200;30689.5;30692;30683;30683.75;132
20260603 061300;30682.75;30682.75;30670.25;30677;264
20260603 061400;30676.5;30682;30672.5;30679.5;157
20260603 061500;30681;30686.75;30679.5;30682.75;100
20260603 061600;30682.25;30683.75;30675.75;30676.75;65
20260603 061700;30675.5;30680.25;30675.5;30676.75;51
20260603 061800;30676;30683.5;30674.75;30675;77
20260603 061900;30676;30682;30676;30680.5;66
20260603 062000;30681;30683.25;30677;30681;51
20260603 062100;30682.5;30687.75;30680.75;30687.5;121
20260603 062200;30687;30689;30682.5;30687;78
20260603 062300;30687;30689.5;30686;30687;55
20260603 062400;30685.75;30690.5;30683.5;30690.5;37
20260603 062500;30689.25;30693.5;30687;30693.5;75
20260603 062600;30693.75;30696.25;30688.5;30688.5;88
20260603 062700;30688.5;30691.25;30685.5;30687.25;51
20260603 062800;30687.75;30690.75;30686.5;30690.25;41
20260603 062900;30690.25;30690.25;30686.75;30687;31
20260603 063000;30687;30694;30685;30691.75;56
20260603 063100;30690.25;30694.75;30686.5;30694.25;74
20260603 063200;30694.5;30695;30688.25;30689.5;95
20260603 063300;30689.25;30691;30682.5;30685.5;73
20260603 063400;30686;30687.75;30683.25;30684.5;56
20260603 063500;30683.5;30687.25;30679.75;30686.25;114
20260603 063600;30685.25;30691.5;30684.75;30690.75;77
20260603 063700;30692.25;30701.5;30691.25;30698;167
20260603 063800;30697.5;30704.25;30697.5;30703.5;103
20260603 063900;30704.5;30706.75;30701.5;30706.75;69
20260603 064000;30705.5;30710.5;30705.5;30709;64
20260603 064100;30708.5;30714.5;30707.75;30713.25;131
20260603 064200;30713.75;30714;30708.75;30713;88
20260603 064300;30713;30717.5;30712.75;30717.25;97
20260603 064400;30716.5;30718;30692;30712;710
20260603 064500;30712.25;30712.5;30704.25;30705;158
20260603 064600;30706.25;30707.5;30690;30693.75;210
20260603 064700;30694.25;30699.25;30693;30697;55
20260603 064800;30697.75;30698.75;30689;30698.5;110
20260603 064900;30698.75;30700.25;30694;30698.75;57
20260603 065000;30698.5;30698.5;30692.75;30692.75;90
20260603 065100;30693.5;30697.5;30692.75;30695.5;26
20260603 065200;30695.5;30700.25;30692.75;30698;61
20260603 065300;30697.75;30699.75;30695;30696;45
20260603 065400;30696.5;30696.5;30692.5;30693.5;64
20260603 065500;30691.5;30696.25;30690;30692;56
20260603 065600;30692;30693;30688.25;30691.5;43
20260603 065700;30692.25;30696.25;30691.75;30696.25;46
20260603 065800;30695.5;30697.75;30693;30693;42
20260603 065900;30693.75;30695.5;30693.75;30695.25;9
20260603 070000;30694.75;30699.25;30694.25;30698;57
20260603 070100;30697.75;30701.75;30693;30699;106
20260603 070200;30698.25;30699.75;30691.5;30696.75;85
20260603 070300;30696.75;30698.75;30690.5;30691;43
20260603 070400;30691.25;30691.75;30687;30689.25;60
20260603 070500;30689.75;30698.5;30688.25;30698.25;61
20260603 070600;30698.75;30711;30698;30710.75;203
20260603 070700;30711.5;30714;30707.25;30710;131
20260603 070800;30709;30717;30707.5;30714.5;77
20260603 070900;30715.5;30719.25;30714.5;30718.75;106
20260603 071000;30718;30719.25;30712.5;30717;154
20260603 071100;30716.25;30730.5;30713.25;30729.75;417
20260603 071200;30730.25;30742;30724;30735;373
20260603 071300;30735;30739.75;30733.5;30737.5;140
20260603 071400;30737.5;30739;30730.5;30731.75;111
20260603 071500;30730.75;30732;30727.5;30728;78
20260603 071600;30729.75;30731;30721;30728.5;143
20260603 071700;30728.25;30732.25;30726.25;30731.75;53
20260603 071800;30730.5;30734;30728.75;30731.25;74
20260603 071900;30730.5;30738.25;30729.75;30733;113
20260603 072000;30733.75;30734.75;30730.75;30730.75;42
20260603 072100;30730;30730;30721.75;30725;113
20260603 072200;30725;30725;30713.25;30714;180
20260603 072300;30715.75;30720.5;30714;30716.75;55
20260603 072400;30716.75;30716.75;30710.75;30711.5;51
20260603 072500;30710.5;30716;30708;30712.25;93
20260603 072600;30711.25;30718;30708;30717;79
20260603 072700;30717.75;30717.75;30709.25;30709.25;43
20260603 072800;30710.5;30710.75;30704.5;30708.75;106
20260603 072900;30708.5;30713.75;30708.25;30710.75;47
20260603 073000;30710.75;30713.5;30706.5;30707.75;41
20260603 073100;30706.75;30719.5;30706.25;30717.5;111
20260603 073200;30715.75;30716.75;30710.25;30715;58
20260603 073300;30714.25;30714.25;30697.25;30698.5;176
20260603 073400;30699.75;30701.5;30695;30698.25;157
20260603 073500;30698.25;30702;30696.5;30699.25;128
20260603 073600;30698.25;30703.25;30692;30702.25;173
20260603 073700;30702.5;30703;30699.5;30700;36
20260603 073800;30699.25;30706.75;30699.25;30705;77
20260603 073900;30702.75;30707.25;30699.5;30706.75;72
20260603 074000;30709.25;30709.5;30695.75;30698.5;73
20260603 074100;30699.25;30702.25;30693;30695;102
20260603 074200;30694.5;30696;30687.75;30690;128
20260603 074300;30690.75;30694;30687;30691.25;53
20260603 074400;30691.75;30700.5;30687.25;30696;136
20260603 074500;30696.75;30704.75;30694.75;30702.75;265
20260603 074600;30703.75;30706;30701.75;30705.25;91
20260603 074700;30705.25;30705.75;30700;30701.5;55
20260603 074800;30702.5;30706.75;30702.5;30706.5;35
20260603 074900;30707.25;30710.5;30704;30704;74
20260603 075000;30704.25;30707.25;30698;30705.5;98
20260603 075100;30706.5;30710.75;30701.5;30706.5;95
20260603 075200;30704.5;30713.25;30704.5;30713.25;82
20260603 075300;30713.5;30718.25;30713.25;30717.5;100
20260603 075400;30717.75;30719.75;30713.75;30715.5;72
20260603 075500;30716.25;30721;30716.25;30717;70
20260603 075600;30717.75;30720;30715;30716;63
20260603 075700;30716.5;30717.5;30711.5;30717.25;67
20260603 075800;30718.25;30718.75;30715.75;30717.5;31
20260603 075900;30715.5;30718.25;30714.25;30718.25;41
20260603 080000;30718.5;30722.5;30717.5;30722.5;41
20260603 080100;30722.75;30722.75;30700;30708.5;327
20260603 080200;30709.5;30713;30705;30711.5;149
20260603 080300;30709.75;30711.5;30702.25;30705;125
20260603 080400;30707;30715;30705;30715;76
20260603 080500;30715.75;30726.25;30715.75;30726.25;246
20260603 080600;30726.5;30728.75;30712;30722.25;503
20260603 080700;30722.5;30727.75;30721.75;30723.5;91
20260603 080800;30723;30732;30717;30729.5;144
20260603 080900;30729.75;30730.25;30726.5;30728.5;134
20260603 081000;30727.5;30732.5;30725.25;30727.25;55
20260603 081100;30727;30729.75;30725;30728.5;52
20260603 081200;30727.25;30750;30727.25;30744.25;321
20260603 081300;30745;30746.75;30742;30746;122
20260603 081400;30745;30751.5;30741.5;30747.75;229
20260603 081500;30747.75;30748.25;30735;30735;90
20260603 081600;30735.25;30742;30735.25;30737.25;146
20260603 081700;30737.75;30739.5;30729.25;30734.75;122
20260603 081800;30734.25;30736;30727;30728.25;125
20260603 081900;30729.25;30737.5;30728;30736;174
20260603 082000;30735.25;30737.5;30732.25;30732.75;81
20260603 082100;30732.5;30732.5;30715;30720.5;324
20260603 082200;30720;30722.25;30707.75;30707.75;279
20260603 082300;30708.75;30710.75;30702;30707.5;146
20260603 082400;30708;30712;30705.25;30705.5;140
20260603 082500;30708;30710.25;30703.75;30708;93
20260603 082600;30708.75;30718.25;30706.25;30717.25;150
20260603 082700;30716.25;30722.25;30716;30720;120
20260603 082800;30721.5;30727;30721;30727;114
20260603 082900;30727.75;30742;30724.25;30739.5;195
20260603 083000;30739.25;30739.25;30730.75;30738.25;212
20260603 083100;30738.25;30738.75;30732;30733.75;89
20260603 083200;30733;30735;30725;30732.25;129
20260603 083300;30733.25;30741;30731.5;30735.75;109
20260603 083400;30735.25;30742;30733;30733.5;87
20260603 083500;30734.25;30735.75;30731.5;30735;83
20260603 083600;30734.5;30734.5;30728.75;30730.25;76
20260603 083700;30730;30730.25;30719.5;30724.5;197
20260603 083800;30724.75;30724.75;30720.75;30721;76
20260603 083900;30722.25;30722.75;30711;30711.5;159
20260603 084000;30712.25;30717;30711.5;30714.5;120
20260603 084100;30714.5;30719.75;30713.5;30717;86
20260603 084200;30717.75;30719.75;30714.25;30714.75;69
20260603 084300;30716;30717.25;30712.75;30712.75;36
20260603 084400;30712.75;30722;30708.5;30718;217
20260603 084500;30717.5;30718.75;30713.75;30717.25;61
20260603 084600;30716.75;30718.75;30713;30718;44
20260603 084700;30717.5;30718.25;30710.75;30715.25;94
20260603 084800;30717.75;30722.5;30717;30721;95
20260603 084900;30720.25;30726;30716.5;30719.25;211
20260603 085000;30720;30720.5;30715.5;30717.75;93
20260603 085100;30718.5;30721.75;30718;30720.5;35
20260603 085200;30720.25;30720.25;30707;30707.5;108
20260603 085300;30707.75;30713;30707.75;30710.75;42
20260603 085400;30712.25;30714;30711.25;30714;41
20260603 085500;30713.5;30714;30708.75;30713.25;45
20260603 085600;30712.75;30714.5;30709.5;30711;62
20260603 085700;30712;30713.75;30711.25;30713.25;38
20260603 085800;30712.75;30716.75;30712.5;30716.25;47
20260603 085900;30715.5;30718.25;30714.25;30714.25;52
20260603 090000;30714.75;30718;30712.75;30717.25;48
20260603 090100;30717;30719.25;30712.5;30716.5;68
20260603 090200;30716.75;30720.75;30716;30720;49
20260603 090300;30718.25;30721.25;30711.5;30712.5;94
20260603 090400;30712.5;30717;30712.5;30717;36
20260603 090500;30718.25;30720.5;30715.5;30719;85
20260603 090600;30719.75;30724;30719.5;30723.25;59
20260603 090700;30723.5;30723.5;30720.25;30722;34
20260603 090800;30722;30731.25;30717.25;30729.75;116
20260603 090900;30729.25;30741.25;30727.75;30740.25;171
20260603 091000;30740.5;30747.25;30739.75;30746.75;133
20260603 091100;30747;30747.75;30742.5;30746;129
20260603 091200;30746.75;30751;30744.75;30750.75;227
20260603 091300;30750.25;30750.5;30745.5;30746.5;131
20260603 091400;30747.25;30749;30741.75;30741.75;79
20260603 091500;30742.75;30744.5;30737.75;30741.75;117
20260603 091600;30742.5;30744.75;30735.25;30738.25;110
20260603 091700;30739.5;30750.75;30738.25;30750;95
20260603 091800;30750.75;30757.5;30748.5;30751.25;161
20260603 091900;30751.75;30751.75;30741;30742;127
20260603 092000;30742.75;30753.5;30742.75;30749.25;102
20260603 092100;30749.25;30755.5;30748.75;30754;121
20260603 092200;30753.5;30755.25;30751.25;30755.25;80
20260603 092300;30755.25;30768;30752.5;30752.5;345
20260603 092400;30752;30757;30748.25;30755.25;121
20260603 092500;30752.75;30753.5;30740;30740;222
20260603 092600;30739.75;30744.75;30738.5;30744.75;100
20260603 092700;30744.75;30751.75;30744;30748.75;119
20260603 092800;30749.75;30764.5;30749.75;30762.5;210
20260603 092900;30763;30768;30760.75;30765.75;127
20260603 093000;30765.75;30770;30762.75;30766.5;136
20260603 093100;30766.75;30769.25;30759.25;30760;198
20260603 093200;30759.25;30763.25;30756.25;30762;100
20260603 093300;30760;30763.25;30753.5;30760.5;117
20260603 093400;30761.25;30766;30761.25;30762;132
20260603 093500;30762.25;30763.25;30755.75;30757;56
20260603 093600;30755.5;30760;30753.75;30754.75;104
20260603 093700;30755.75;30757;30748.25;30748.25;135
20260603 093800;30749.25;30760;30749.25;30756;103
20260603 093900;30758;30760.25;30753.75;30756.5;72
20260603 094000;30756.5;30763.75;30756.5;30761.5;171
20260603 094100;30761;30761.75;30756;30756;135
20260603 094200;30755.5;30757.75;30750.25;30757.25;117
20260603 094300;30758;30760.25;30756;30758.75;50
20260603 094400;30757.5;30761;30753.75;30761;89
20260603 094500;30760.25;30764.75;30759.75;30763.25;132
20260603 094600;30762.5;30764.25;30756;30756;132
20260603 094700;30757.25;30758.5;30748.75;30750;148
20260603 094800;30751.25;30753.25;30746;30746;193
20260603 094900;30745.75;30747.5;30737.25;30739.5;127
20260603 095000;30739.25;30747.5;30739;30747;91
20260603 095100;30746.5;30758.25;30746.5;30754.5;147
20260603 095200;30753.75;30756.25;30746.75;30750;97
20260603 095300;30750.75;30751;30745.25;30747.25;48
20260603 095400;30747.75;30751.75;30745.5;30749.5;55
20260603 095500;30750;30751.5;30743;30744.25;118
20260603 095600;30743.5;30755;30743.5;30755;168
20260603 095700;30755.25;30756.75;30751;30753.5;66
20260603 095800;30752.5;30752.5;30745;30745;56
20260603 095900;30745.75;30745.75;30736.75;30736.75;123
20260603 100000;30737.25;30737.5;30731.5;30733.5;104
20260603 100100;30733.75;30736;30726.75;30728;180
20260603 100200;30727.75;30729;30724.25;30725.75;128
20260603 100300;30724.75;30729;30724.25;30725.5;84
20260603 100400;30725.5;30726.5;30718;30723;144
20260603 100500;30724;30726.75;30716;30717.5;119
20260603 100600;30717.5;30747.25;30717.5;30746;255
20260603 100700;30745;30766;30744.25;30754;799
20260603 100800;30754;30780;30754;30771.25;725
20260603 100900;30770.75;30785;30761.25;30766.25;1102
20260603 101000;30766;30766.25;30748.75;30759.5;401
20260603 101100;30759.75;30768;30755.75;30759;270
20260603 101200;30758.25;30759;30753.25;30759;175
20260603 101300;30760.25;30761;30748.25;30750.25;236
20260603 101400;30749;30763.5;30749;30760.75;183
20260603 101500;30761;30764.25;30757.5;30759;98
20260603 101600;30759.25;30759.25;30752.5;30755;117
20260603 101700;30754.25;30756;30748.25;30749;161
20260603 101800;30748;30752.5;30741.75;30743;299
20260603 101900;30742.25;30751.5;30741.5;30748.75;94
20260603 102000;30747.75;30748.75;30745.25;30746.5;52
20260603 102100;30747;30750;30742.75;30745.25;144
20260603 102200;30745.5;30745.75;30738.5;30744.75;296
20260603 102300;30746.75;30747.5;30742;30747.25;52
20260603 102400;30747;30753.75;30747;30752.5;115
20260603 102500;30752.25;30755.5;30750;30753.5;58
20260603 102600;30753;30759.75;30752.75;30754.5;153
20260603 102700;30754;30754;30747.25;30750;91
20260603 102800;30748.25;30752;30747.5;30748;56
20260603 102900;30748.5;30758.5;30747.5;30757.5;99
20260603 103000;30756.25;30764.5;30755.25;30764;218
20260603 103100;30764.5;30766.25;30758;30764.75;127
20260603 103200;30766;30768.25;30761.75;30766.25;90
20260603 103300;30765.5;30777.25;30765.5;30776.5;170
20260603 103400;30776.25;30782.5;30773.75;30781.75;192
20260603 103500;30782;30783.5;30771;30772;180
20260603 103600;30772;30772.5;30762.75;30763.25;129
20260603 103700;30762.5;30766.5;30759;30766;113
20260603 103800;30765.75;30767.5;30762.5;30764;57
20260603 103900;30763.75;30767.25;30761.5;30765.25;127
20260603 104000;30764.5;30765.5;30761.75;30765;51
20260603 104100;30765;30766;30755;30755.25;120
20260603 104200;30755.5;30757.5;30753;30754.5;55
20260603 104300;30754;30755.75;30749.75;30752.5;84
20260603 104400;30751.75;30756.25;30751;30755;67
20260603 104500;30756.5;30758.5;30743;30744.75;245
20260603 104600;30744.75;30750.75;30744.25;30749.25;113
20260603 104700;30748;30752.25;30747.25;30749.5;58
20260603 104800;30749;30754.25;30746.75;30752.5;133
20260603 104900;30752.25;30756.75;30751.75;30756.75;79
20260603 105000;30757.25;30757.75;30752.75;30754.25;46
20260603 105100;30754;30756;30751.75;30752;99
20260603 105200;30753;30755.5;30750;30754.5;63
20260603 105300;30754.75;30758;30752.25;30753;57
20260603 105400;30753;30753.5;30749.25;30750.75;65
20260603 105500;30750;30755.5;30746.25;30754.5;198
20260603 105600;30754.25;30761.5;30754.25;30760.25;108
20260603 105700;30759.75;30764.25;30758.75;30764.25;74
20260603 105800;30764.25;30764.25;30757.5;30758.25;54
20260603 105900;30758.5;30762.25;30757.75;30757.75;110
20260603 110000;30757;30757.5;30753;30753.75;79
20260603 110100;30753.5;30773.25;30753.25;30771.75;240
20260603 110200;30770;30780.75;30769;30774.5;286
20260603 110300;30773.75;30779;30773.75;30778.75;182
20260603 110400;30778.5;30778.5;30771.25;30774;111
20260603 110500;30774.5;30777.25;30770;30776;97
20260603 110600;30777.25;30781.5;30773.5;30774.75;100
20260603 110700;30774.25;30774.25;30766;30768.5;131
20260603 110800;30767.75;30771.5;30767.75;30769.25;86
20260603 110900;30768.75;30771.25;30763.25;30765.5;159
20260603 111000;30765;30769.75;30762.5;30767.75;75
20260603 111100;30767;30776.25;30767;30774.25;215
20260603 111200;30774.25;30775.75;30770.75;30773.5;141
20260603 111300;30774.75;30780;30772.5;30778.5;89
20260603 111400;30778.75;30781.25;30773.75;30775.75;93
20260603 111500;30775.75;30777.5;30773.25;30774.75;141
20260603 111600;30774.25;30776.5;30771;30775.75;58
20260603 111700;30775.25;30777.5;30772.5;30774.75;62
20260603 111800;30774.75;30775.5;30766.75;30768.5;144
20260603 111900;30770.25;30772;30769.25;30772;64
20260603 112000;30772;30775.25;30767.75;30775;76
20260603 112100;30775.25;30777.25;30774.25;30776.75;79
20260603 112200;30775;30775;30764.25;30767;117
20260603 112300;30767.75;30771;30766.75;30767.75;95
20260603 112400;30767.5;30773.25;30766.75;30771.75;78
20260603 112500;30771.5;30772.75;30769.5;30771.25;35
20260603 112600;30772.75;30775.75;30766.75;30775.25;134
20260603 112700;30775.5;30775.75;30771;30773.5;73
20260603 112800;30772.5;30777;30767.25;30774.25;132
20260603 112900;30773.5;30787;30773.5;30780.25;494
20260603 113000;30781.25;30781.25;30776;30776;96
20260603 113100;30776.5;30780;30775.25;30780;78
20260603 113200;30779.25;30792;30779.25;30789;304
20260603 113300;30789;30794.25;30787.5;30790;143
20260603 113400;30789.25;30790.25;30781.25;30784;232
20260603 113500;30785;30788.5;30780;30781.25;144
20260603 113600;30780.25;30784;30776;30777.25;149
20260603 113700;30778.25;30783;30775.5;30778.5;98
20260603 113800;30777.25;30779;30774.75;30776.25;93
20260603 113900;30775.5;30781.75;30771;30781.75;106
20260603 114000;30781.25;30785.25;30780.25;30780.25;137
20260603 114100;30781;30781.25;30775.5;30775.5;95
20260603 114200;30775.5;30780;30774.25;30778;55
20260603 114300;30777.5;30779.75;30775.25;30778.25;62
20260603 114400;30778.75;30779.5;30774.5;30776.25;89
20260603 114500;30776.75;30777;30767.75;30773.25;203
20260603 114600;30773.25;30773.25;30766.25;30769.5;163
20260603 114700;30769.75;30774.5;30768;30773;108
20260603 114800;30771.75;30776;30769.25;30773.5;93
20260603 114900;30773;30774.5;30769;30771.25;81
20260603 115000;30769.5;30772;30769.5;30772;42
20260603 115100;30771.5;30773.75;30766;30773.75;118
20260603 115200;30774.25;30781;30772.5;30781;164
20260603 115300;30781;30782.25;30776.5;30779.5;77
20260603 115400;30778.5;30778.75;30773;30778.5;62
20260603 115500;30778.5;30781.75;30778.5;30778.5;53
20260603 115600;30778.25;30783.5;30777.25;30782.5;70
20260603 115700;30783;30787.5;30778;30785.5;136
20260603 115800;30784.25;30787.75;30783;30785.25;110
20260603 115900;30785.75;30789.5;30784;30788;157
20260603 120000;30787.25;30787.25;30779.75;30780;176
20260603 120100;30780.5;30780.5;30772.75;30777;283
20260603 120200;30776;30777.75;30775;30776.75;52
20260603 120300;30777.25;30791;30776.25;30790;257
20260603 120400;30789.25;30792.25;30786.75;30787.75;286
20260603 120500;30788.5;30799;30788;30793.75;289
20260603 120600;30792.5;30794.25;30789;30793.25;151
20260603 120700;30794;30796.5;30789;30795.25;226
20260603 120800;30795.75;30796.5;30790;30790.25;96
20260603 120900;30790.75;30790.75;30784;30784.75;167
20260603 121000;30785.25;30792.5;30785.25;30790.5;117
20260603 121100;30790.25;30796.5;30788.75;30795.25;160
20260603 121200;30795.5;30797;30792;30795;176
20260603 121300;30795.5;30795.5;30788;30790.25;149
20260603 121400;30788.75;30794;30788.25;30793.5;109
20260603 121500;30793.75;30796;30791;30791.25;101
20260603 121600;30792;30792;30774;30774.5;459
20260603 121700;30774;30777.25;30760.25;30761.25;425
20260603 121800;30760.75;30767.5;30760.5;30765.25;258
20260603 121900;30764.5;30767.25;30760.25;30761;189
20260603 122000;30761.25;30766.5;30758.5;30765;156
20260603 122100;30764.5;30772.25;30763.75;30768.25;217
20260603 122200;30769.25;30770.75;30764.25;30769.5;174
20260603 122300;30769;30770;30763.75;30769.25;147
20260603 122400;30768.5;30770.5;30767.5;30768.5;78
20260603 122500;30769.5;30775.25;30768;30768.75;158
20260603 122600;30768;30768.75;30762.75;30765.25;130
20260603 122700;30764.75;30768.5;30761;30763;144
20260603 122800;30762.25;30762.75;30756;30757.25;361
20260603 122900;30758;30759.25;30754.25;30757.75;171
20260603 123000;30757;30760;30754;30755.5;151
20260603 123100;30754;30755.5;30740.5;30743.5;391
20260603 123200;30743.25;30747.25;30727.5;30738.5;727
20260603 123300;30738.25;30744;30737.25;30737.5;218
20260603 123400;30738;30738.25;30726;30726;321
20260603 123500;30726.5;30735.75;30726.5;30731;201
20260603 123600;30730.25;30735.75;30727.75;30730.75;186
20260603 123700;30729.75;30733;30721;30722.5;311
20260603 123800;30722.25;30723.75;30716.25;30716.75;310
20260603 123900;30716.5;30723;30711;30712;426
20260603 124000;30712.5;30714.25;30703.5;30708.25;417
20260603 124100;30708.5;30720.75;30706;30720.75;323
20260603 124200;30721;30722.5;30715.5;30719.25;188
20260603 124300;30719.75;30725.25;30715;30718.25;264
20260603 124400;30718.5;30724;30714;30724;246
20260603 124500;30724.25;30728.75;30723;30726.5;286
20260603 124600;30725.75;30727.25;30722;30727.25;143
20260603 124700;30727.75;30730.75;30726;30728;198
20260603 124800;30728.75;30731.5;30723.25;30729.25;232
20260603 124900;30728.5;30731.5;30718.25;30729.5;332
20260603 125000;30729.5;30733.75;30727;30727.75;298
20260603 125100;30728.25;30733.25;30726.25;30729.25;247
20260603 125200;30729.75;30733.5;30724.25;30733.5;203
20260603 125300;30733.25;30734.75;30730.25;30732.25;181
20260603 125400;30732.25;30733.25;30718.75;30724;313
20260603 125500;30722.75;30722.75;30710.75;30712.75;458
20260603 125600;30712.5;30713;30700;30707.25;630
20260603 125700;30707.25;30715;30705.5;30714;373
20260603 125800;30713.75;30719.25;30711.5;30717.5;213
20260603 125900;30716.75;30720.25;30713.25;30717.5;229
20260603 130000;30717.5;30720.25;30714.25;30717.25;154
20260603 130100;30716.75;30720;30712.5;30717.75;429
20260603 130200;30716.75;30723.75;30716.75;30719.25;209
20260603 130300;30720.5;30726;30720.25;30725.25;189
20260603 130400;30725.5;30730.25;30725;30730.25;251
20260603 130500;30729.75;30732;30726.75;30730.5;250
20260603 130600;30730.5;30732.75;30724.5;30731.75;187
20260603 130700;30732.5;30733.75;30726.5;30731;196
20260603 130800;30731.25;30731.25;30713.75;30717.75;385
20260603 130900;30718.75;30731;30718.75;30730;319
20260603 131000;30730;30738.5;30730;30736.75;395
20260603 131100;30737;30742.5;30732;30735.75;426
20260603 131200;30735.5;30739.25;30733;30736.25;201
20260603 131300;30737;30739;30725.75;30726.5;364
20260603 131400;30726.5;30733.5;30724.75;30732.5;164
20260603 131500;30732.25;30737.25;30728.5;30730.25;183
20260603 131600;30730.5;30737;30728.5;30737;192
20260603 131700;30736.5;30743;30735.5;30741;277
20260603 131800;30740.75;30743.5;30736.75;30740.75;256
20260603 131900;30741;30741.25;30732.25;30737.25;302
20260603 132000;30736.75;30745;30736.5;30744;275
20260603 132100;30744;30747.25;30738;30739.5;331
20260603 132200;30740;30752;30739;30749.25;438
20260603 132300;30749.5;30756.5;30747.5;30752;471
20260603 132400;30752;30753;30745;30747.5;417
20260603 132500;30747.75;30753.75;30744.25;30753.75;333
20260603 132600;30754.25;30763.25;30749;30756;645
20260603 132700;30756;30756.25;30749.5;30752.5;527
20260603 132800;30752;30754.75;30740.25;30742.25;629
20260603 132900;30741.5;30751;30738.75;30743.25;642
20260603 133000;30743.5;30761.5;30738.25;30753.75;1466
20260603 133100;30754.75;30792;30754;30766.25;6430
20260603 133200;30766.75;30803;30766.75;30796.5;4292
20260603 133300;30797.25;30807.75;30783.25;30792.75;2890
20260603 133400;30792.75;30794.75;30763;30764.25;2958
20260603 133500;30763.75;30763.75;30714;30714.5;4445
20260603 133600;30714.75;30715.25;30677.5;30680;4341
20260603 133700;30680.5;30695;30672;30686.25;3735
20260603 133800;30686.25;30700;30666.75;30667;3292
20260603 133900;30667.5;30723.75;30666;30721;3520
20260603 134000;30721.75;30737.5;30705;30734.5;3066
20260603 134100;30734.25;30735;30693.25;30725;3613
20260603 134200;30724.75;30736.75;30706;30717.75;2963
20260603 134300;30717.75;30718.75;30683.75;30683.75;2495
20260603 134400;30684.25;30690.5;30668.5;30670;2046
20260603 134500;30670.25;30674.25;30622;30623.75;3735
20260603 134600;30624.25;30648.75;30603.5;30603.5;4215
20260603 134700;30603.25;30603.25;30571.75;30572.25;3833
20260603 134800;30572.5;30583.75;30543.5;30545;4598
20260603 134900;30545;30562.5;30510.5;30512.75;4435
20260603 135000;30511.5;30547.5;30505.75;30524;4350
20260603 135100;30524;30557.25;30496;30554.25;4053
20260603 135200;30553.75;30585.5;30550.25;30585.5;3744
20260603 135300;30585.25;30621.75;30573;30618.25;3858
20260603 135400;30617.25;30625;30592.25;30618.5;2571
20260603 135500;30618.5;30620.75;30571.5;30573.5;2489
20260603 135600;30573.25;30600.75;30564.5;30586;2864
20260603 135700;30587.75;30593;30566;30567.25;1644
20260603 135800;30567.25;30575;30552.5;30559.5;1859
20260603 135900;30560.25;30570.5;30543.75;30568;1903
20260603 140000;30568.25;30592.5;30551;30558.75;1473
20260603 140100;30562;30612.5;30547.5;30610.5;3275
20260603 140200;30610.5;30617.75;30588;30611.5;2312
20260603 140300;30612.25;30641.5;30594.75;30631.25;2815
20260603 140400;30631.75;30644.25;30626.75;30627;2030
20260603 140500;30627;30639;30618.75;30620.75;1637
20260603 140600;30622;30635.75;30618.25;30624;1584
20260603 140700;30625.75;30648;30603.75;30635.25;2591
20260603 140800;30637.25;30638;30597.75;30605;2111
20260603 140900;30605.5;30642.5;30603.25;30641.5;1392
20260603 141000;30641.25;30649.75;30627;30635.75;1773
20260603 141100;30636.5;30648.5;30632.25;30645.75;1356
20260603 141200;30646;30664;30644.25;30658;1981
20260603 141300;30657.75;30677;30657.75;30670.25;2014
20260603 141400;30670.75;30674.5;30662.75;30669.25;1336
20260603 141500;30669.25;30687.75;30665.5;30687.25;1542
20260603 141600;30687.25;30703.75;30685.25;30693.25;3339
20260603 141700;30693.5;30702.75;30681;30697.75;1900
20260603 141800;30696.75;30702;30677.75;30701.5;1493
20260603 141900;30700.75;30710.75;30684.25;30700.25;1972
20260603 142000;30699.75;30706;30669;30677.25;2692
20260603 142100;30677;30703.25;30666.5;30699.75;2665
20260603 142200;30700.25;30700.75;30672;30674;1664
20260603 142300;30673.5;30707.25;30667.75;30702.75;1852
20260603 142400;30703;30705.5;30663;30668.5;1950
20260603 142500;30668.25;30690.25;30667.25;30676.5;1283
20260603 142600;30677;30685.25;30665.5;30682;1294
20260603 142700;30682.5;30702;30680.75;30693.5;1486
20260603 142800;30693.5;30694;30680;30690.25;1060
20260603 142900;30690;30699;30687.5;30689.25;833
20260603 143000;30687.5;30724.75;30687.25;30723;1770
20260603 143100;30722.75;30728;30710.75;30715.25;1997
20260603 143200;30715.75;30724.25;30705;30718.25;1512
20260603 143300;30719;30719.75;30706.25;30716.75;777
20260603 143400;30717;30723.75;30709;30717.5;930
20260603 143500;30718.25;30721;30696;30706.5;1446
20260603 143600;30705.75;30712.25;30685.5;30686;1212
20260603 143700;30688.25;30693;30667.25;30674.75;1610
20260603 143800;30674.75;30714.25;30670.5;30714;1758
20260603 143900;30714.25;30715.75;30705.25;30713.75;1144
20260603 144000;30711.75;30717.75;30702.25;30711.75;854
20260603 144100;30712.5;30725.5;30708;30721.25;1059
20260603 144200;30720.5;30726;30712.25;30719.25;908
20260603 144300;30718;30722.75;30709.5;30718.5;718
20260603 144400;30719.25;30739.5;30718.75;30728;1787
20260603 144500;30728;30729.5;30697.5;30701;1488
20260603 144600;30701.25;30713;30700;30703.75;1010
20260603 144700;30703.5;30718.5;30703;30707.25;817
20260603 144800;30707.5;30723;30696.25;30706.25;1275
20260603 144900;30706;30709.5;30685.25;30689;1458
20260603 145000;30688.5;30694.75;30673.5;30681.25;1255
20260603 145100;30680.25;30682.75;30656.25;30658.5;1791
20260603 145200;30657.75;30699.25;30657.75;30697.75;1786
20260603 145300;30698;30698.75;30676.75;30681;1147
20260603 145400;30681;30693.75;30674.5;30691.25;1009
20260603 145500;30692.5;30699;30679.75;30684.75;924
20260603 145600;30685.25;30687;30674.5;30675.75;664
20260603 145700;30676;30681;30665.75;30667.5;932
20260603 145800;30668.25;30672;30647.25;30651.25;1286
20260603 145900;30650;30658.25;30646;30653.25;1087
20260603 150000;30654;30667.75;30644.5;30667.25;1069
20260603 150100;30667.75;30695.25;30664.75;30679.5;1900
20260603 150200;30679.75;30697.5;30676.25;30690.5;923
20260603 150300;30689.5;30693.5;30677.5;30692.25;724
20260603 150400;30693;30704.75;30685.75;30704.25;722
20260603 150500;30704.5;30706.25;30693.75;30694.75;915
20260603 150600;30694.75;30695.25;30678.5;30681;905
20260603 150700;30681.75;30693.25;30680.5;30686.75;607
20260603 150800;30686.75;30689.25;30672.5;30674.5;960
20260603 150900;30675.75;30696.25;30673;30694;632
20260603 151000;30693.5;30698.25;30682.5;30684.25;578
20260603 151100;30684.5;30712;30681.5;30710.75;942
20260603 151200;30711.5;30715.5;30693.5;30695.25;939
20260603 151300;30695.5;30707.25;30683.25;30687.5;896
20260603 151400;30687.25;30698.75;30686.25;30693;403
20260603 151500;30692.75;30696.75;30687.5;30693;398
20260603 151600;30692.75;30698.25;30673;30678.75;820
20260603 151700;30678.75;30697.75;30678.75;30692.5;874
20260603 151800;30692;30696.25;30676.25;30678.25;695
20260603 151900;30678.75;30683;30670;30674;671
20260603 152000;30674.5;30684.75;30670.25;30680.25;496
20260603 152100;30680.75;30693.5;30674.75;30676.75;655
20260603 152200;30677.5;30677.75;30657.25;30667.75;1066
20260603 152300;30667.25;30673.25;30632;30632.5;1653
20260603 152400;30632;30637;30627;30634;1218
20260603 152500;30634.75;30645;30624.5;30636;1395
20260603 152600;30636.25;30636.25;30615;30618.25;1302
20260603 152700;30617.75;30633.25;30615.75;30622.25;1017
20260603 152800;30622.5;30653.5;30621.5;30652;1460
20260603 152900;30652.75;30663.5;30629.25;30656.25;1865
20260603 153000;30655.75;30672.5;30652.75;30668.5;1123
20260603 153100;30668;30688;30660.25;30686.25;1526
20260603 153200;30686;30687.25;30677.75;30687;708
20260603 153300;30686.5;30692.25;30676;30679.5;926
20260603 153400;30679.25;30686;30664;30664;784
20260603 153500;30664;30666.5;30630.75;30639.5;1792
20260603 153600;30640;30648.75;30634.75;30647.25;952
20260603 153700;30647.5;30660.75;30643.75;30656.75;941
20260603 153800;30657;30665.75;30620.75;30624.5;1794
20260603 153900;30625.5;30637.75;30616;30619.25;1214
20260603 154000;30618.75;30631.25;30617.75;30622.5;696
20260603 154100;30623;30626;30610;30613.75;989
20260603 154200;30614;30628;30610;30618.5;1083
20260603 154300;30619;30623.5;30608.25;30613.75;752
20260603 154400;30614.25;30621;30602;30606;1240
20260603 154500;30606.25;30611.5;30599.75;30602.25;1165
20260603 154600;30602;30610.75;30587;30593.25;1640
20260603 154700;30593.5;30596.25;30571.75;30575.5;1789
20260603 154800;30575.5;30580.75;30568;30576.75;1286
20260603 154900;30577;30599.75;30577;30593;1696
20260603 155000;30593;30614.25;30587.75;30604.5;1325
20260603 155100;30605;30631.75;30602.75;30628.75;1584
20260603 155200;30628.25;30628.5;30613;30616;824
20260603 155300;30615.25;30623.5;30592;30608;1371
20260603 155400;30607;30612.5;30602.25;30606.25;633
20260603 155500;30607.5;30614;30602.25;30610;563
20260603 155600;30610.25;30624;30598.5;30623.75;810
20260603 155700;30624;30624.25;30602.75;30605.75;659
20260603 155800;30605.5;30607.5;30594.5;30597.75;534
20260603 155900;30598;30612.25;30596.25;30608.75;630
20260603 160000;30609.25;30619.5;30603.5;30604.25;728
20260603 160100;30605;30621.75;30599.5;30603.25;1065
20260603 160200;30603;30603.25;30581.75;30587.5;1277
20260603 160300;30587.5;30589;30579.5;30585.25;655
20260603 160400;30584.75;30603.75;30583.75;30595.75;785
20260603 160500;30596;30606;30589.25;30603;684
20260603 160600;30603.5;30613.5;30600.25;30606.75;809
20260603 160700;30606.75;30610.25;30593.25;30598.75;804
20260603 160800;30598.5;30599.25;30583.25;30585.25;710
20260603 160900;30585.25;30596.5;30579;30592.25;796
20260603 161000;30591.5;30600.25;30589.25;30592.75;653
20260603 161100;30592.5;30609.5;30589.25;30609.5;621
20260603 161200;30609.5;30613;30604.75;30611.5;567
20260603 161300;30611.75;30623.25;30610.75;30620.5;788
20260603 161400;30620.25;30622.75;30613;30614.5;462
20260603 161500;30614.5;30620.5;30608.25;30611.25;528
20260603 161600;30611.25;30611.25;30593.25;30608.5;888
20260603 161700;30607.5;30608.25;30596.5;30607;508
20260603 161800;30606.75;30611.5;30587.5;30589;761
20260603 161900;30589.5;30590.25;30567;30570.75;1502
20260603 162000;30570.25;30591;30565.5;30590.25;1070
20260603 162100;30589.5;30594.5;30579.25;30580;725
20260603 162200;30580;30584;30575.5;30583;533
20260603 162300;30584;30598.75;30581.25;30594.5;803
20260603 162400;30594.75;30594.75;30566.25;30571.5;1073
20260603 162500;30571.5;30571.5;30547;30549.25;1455
20260603 162600;30548.25;30554.75;30535.75;30554;2008
20260603 162700;30554.25;30557.5;30542.25;30543.75;1193
20260603 162800;30543.75;30550.75;30531.25;30549.5;1512
20260603 162900;30550;30557.5;30537.25;30540;980
20260603 163000;30540.5;30554.25;30540.5;30553.75;853
20260603 163100;30552.75;30571.5;30546.25;30562.5;1769
20260603 163200;30563;30576.25;30554.75;30558;1145
20260603 163300;30558.75;30578.5;30558.5;30577.5;673
20260603 163400;30577;30578.25;30557.25;30565.25;642
20260603 163500;30564.5;30569.25;30559.25;30564.75;678
20260603 163600;30564.25;30564.25;30536.5;30538.75;844
20260603 163700;30539;30545.25;30527;30538.75;1286
20260603 163800;30539.75;30551.75;30532.5;30538.5;872
20260603 163900;30539.5;30553;30536.25;30543.5;712
20260603 164000;30544;30544.5;30529.75;30535;853
20260603 164100;30535.25;30547.75;30533;30535;955
20260603 164200;30534.75;30535.75;30509.25;30511.75;1992
20260603 164300;30511.5;30517.5;30505.75;30511;1119
20260603 164400;30511;30528;30505.75;30521.75;1240
20260603 164500;30521.25;30531.75;30514;30530.25;830
20260603 164600;30529.75;30550;30529.75;30549.75;1083
20260603 164700;30549;30557.5;30538.25;30557.25;743
20260603 164800;30556.75;30565.5;30554.75;30564.75;1138
20260603 164900;30564.5;30578;30559.75;30572.75;818
20260603 165000;30572.25;30575.5;30566.75;30571.5;584
20260603 165100;30571.75;30589.75;30571.5;30589.5;888
20260603 165200;30589.75;30592.5;30574.75;30577.5;926
20260603 165300;30577.5;30588;30565.25;30586.25;1198
20260603 165400;30585.75;30586;30563;30566.25;1161
20260603 165500;30566.25;30584.25;30566.25;30571.75;758
20260603 165600;30572.5;30575.75;30564.75;30565;740
20260603 165700;30565.75;30584.25;30561.5;30584.25;652
20260603 165800;30584;30591.5;30581.5;30584.75;1072
20260603 165900;30584.75;30607.5;30580.25;30599.5;2010
20260603 170000;30599;30607.25;30597.25;30606.75;715
20260603 170100;30607.25;30609;30591;30596.25;932
20260603 170200;30595.5;30597.75;30584.5;30585.5;751
20260603 170300;30586;30588.25;30572.5;30582.25;898
20260603 170400;30581.75;30584.75;30569.25;30576.25;571
20260603 170500;30576.5;30582.75;30568;30569.75;677
20260603 170600;30570;30574.75;30563;30564.25;559
20260603 170700;30564.25;30565.25;30548.5;30551.75;1130
20260603 170800;30551.5;30565;30546;30562.5;785
20260603 170900;30562.5;30579.25;30559.25;30578.75;888
20260603 171000;30579;30596.5;30575;30579.75;1659
20260603 171100;30579.75;30585.25;30571;30574;506
20260603 171200;30573.5;30577.75;30565.75;30571.25;526
20260603 171300;30572;30575;30551.25;30554.75;918
20260603 171400;30554;30558.5;30538;30538.5;1015
20260603 171500;30539.25;30551;30534.5;30543.5;1577
20260603 171600;30544;30551.75;30540.25;30543;629
20260603 171700;30542.5;30549.75;30539;30547.25;543
20260603 171800;30547.5;30550;30530.75;30534.75;757
20260603 171900;30536;30540;30516.25;30520.5;1400
20260603 172000;30520.5;30535.75;30519.25;30530.5;706
20260603 172100;30530.25;30541.5;30530.25;30537.5;557
20260603 172200;30537;30543.75;30531.5;30540.5;627
20260603 172300;30541.25;30543.25;30522;30527.75;882
20260603 172400;30527.75;30550.75;30526;30545.5;945
20260603 172500;30546.25;30562.5;30545;30560.75;750
20260603 172600;30560.25;30572.5;30560.25;30564;933
20260603 172700;30564.25;30570.75;30563;30566.75;431
20260603 172800;30568;30569.75;30562.5;30567.25;425
20260603 172900;30567;30567;30553;30558.25;597
20260603 173000;30558.75;30575.25;30558.25;30572.75;698
20260603 173100;30572.75;30573.75;30543.25;30545.5;1014
20260603 173200;30545.5;30558;30544.5;30557.75;599
20260603 173300;30557;30566.5;30549.25;30565.75;481
20260603 173400;30566.25;30580.5;30565.75;30579.5;877
20260603 173500;30578.75;30592.25;30572;30590.5;1343
20260603 173600;30590.75;30599;30581;30594.25;756
20260603 173700;30595.25;30597.5;30591.75;30594.75;377
20260603 173800;30595.25;30603.25;30591.75;30599.5;600
20260603 173900;30599;30599;30584.5;30585.75;628
20260603 174000;30585.75;30596;30583.75;30591.25;451
20260603 174100;30591.25;30597.5;30587.25;30593.5;405
20260603 174200;30593.75;30596.25;30582.25;30594.25;540
20260603 174300;30594.5;30608;30594;30602.75;749
20260603 174400;30602;30616.5;30601.25;30613.5;933
20260603 174500;30613.25;30615.25;30609.75;30613.5;445
20260603 174600;30613.75;30624;30611.25;30612.25;868
20260603 174700;30613;30616.25;30604.75;30610;873
20260603 174800;30611.25;30621;30610;30611;564
20260603 174900;30610.5;30624;30610.5;30619;397
20260603 175000;30619.25;30622;30612;30618.5;416
20260603 175100;30619.25;30623;30614.5;30620;505
20260603 175200;30620;30631.5;30618.25;30627.75;606
20260603 175300;30628.25;30634.5;30624.75;30632;603
20260603 175400;30632;30634;30626;30626.75;608
20260603 175500;30625.75;30637.25;30622.75;30637.25;660
20260603 175600;30637;30640.25;30634.75;30639;579
20260603 175700;30638.75;30645.5;30637.75;30643.25;611
20260603 175800;30643.25;30644;30635.5;30638.5;557
20260603 175900;30638.75;30644.25;30632.5;30644.25;637
20260603 180000;30644.25;30647.25;30639;30642.75;647
20260603 180100;30643.25;30645.5;30634.75;30635;994
20260603 180200;30635.5;30647.75;30634.25;30646;567
20260603 180300;30645.75;30651.25;30642.25;30648.75;527
20260603 180400;30649;30655.75;30641;30649.25;654
20260603 180500;30649.5;30653.5;30645;30651.75;659
20260603 180600;30652;30652;30644.5;30645.5;454
20260603 180700;30646;30650.75;30636;30638.25;709
20260603 180800;30639;30640.75;30633.25;30637.5;468
20260603 180900;30637.75;30643.25;30636.5;30637.75;391
20260603 181000;30637.75;30647.5;30637.75;30639.25;434
20260603 181100;30639;30645.25;30633.75;30643.5;612
20260603 181200;30643.25;30643.25;30630;30637.5;552
20260603 181300;30637.5;30640.5;30629.5;30630.75;502
20260603 181400;30631.25;30631.25;30619.25;30620.25;945
20260603 181500;30620.25;30629;30612;30625.5;861
20260603 181600;30625.75;30626.25;30612.25;30620.25;806
20260603 181700;30620.75;30622;30609.25;30612.75;506
20260603 181800;30612.75;30620.75;30608;30617.25;536
20260603 181900;30617.5;30625.25;30616;30621;592
20260603 182000;30621.25;30639.5;30618;30639.25;761
20260603 182100;30639.25;30639.5;30618.25;30637;1321
20260603 182200;30637.5;30647.25;30634.5;30640.25;605
20260603 182300;30641;30646.5;30636.25;30646.25;529
20260603 182400;30646.5;30651;30643.25;30644;492
20260603 182500;30644.75;30660;30644.75;30659.75;744
20260603 182600;30660.5;30667;30655;30665.5;900
20260603 182700;30666.25;30679;30664.5;30677.5;1024
20260603 182800;30677.75;30679;30670;30674.25;691
20260603 182900;30675;30678;30668.75;30669.5;614
20260603 183000;30669.25;30680;30668.25;30677;639
20260603 183100;30676.5;30681.75;30672.5;30676;797
20260603 183200;30676;30681.5;30670.25;30681.25;486
20260603 183300;30682;30682.25;30676;30680;439
20260603 183400;30680;30680;30672;30674.75;672
20260603 183500;30675;30676;30661.75;30662.25;624
20260603 183600;30662.5;30664.25;30645;30645.75;970
20260603 183700;30645.75;30658.25;30642.75;30652.25;974
20260603 183800;30653;30656.75;30649.5;30652.75;519
20260603 183900;30653;30655.25;30638.5;30642;599
20260603 184000;30642.5;30649.25;30638.5;30646.25;832
20260603 184100;30646.25;30651.5;30635.75;30636.25;853
20260603 184200;30636;30645.5;30635;30644.5;529
20260603 184300;30644.75;30649.25;30642.75;30646.75;466
20260603 184400;30646.5;30656;30646;30651;618
20260603 184500;30649.75;30654.5;30647;30651;446
20260603 184600;30651.75;30661;30650.25;30654.75;648
20260603 184700;30656;30662.75;30656;30662.25;411
20260603 184800;30663;30668;30659.25;30662.75;504
20260603 184900;30663.25;30668;30659.25;30661;453
20260603 185000;30660.75;30661;30649;30650.5;598
20260603 185100;30650;30653;30644.25;30650;606
20260603 185200;30650.25;30662.25;30645.75;30657;588
20260603 185300;30657.5;30657.5;30647.75;30649.5;362
20260603 185400;30650.5;30651.25;30640;30645.5;604
20260603 185500;30646;30658.5;30646;30652.75;599
20260603 185600;30652.75;30657.25;30643;30643.75;558
20260603 185700;30644.25;30652.5;30640;30640.75;499
20260603 185800;30640;30649.75;30636.75;30646.25;716
20260603 185900;30645.75;30656.75;30643.5;30653;494
20260603 190000;30653.25;30653.25;30646.75;30652;352
20260603 190100;30652;30652.25;30631.5;30641.25;1155
20260603 190200;30641.25;30643.25;30627.25;30631;744
20260603 190300;30630.75;30631;30622;30627;715
20260603 190400;30627.25;30631.75;30618;30629.75;770
20260603 190500;30629.5;30639;30624;30634.75;794
20260603 190600;30635.75;30651.25;30634;30644;1482
20260603 190700;30644.25;30655;30642;30644;567
20260603 190800;30644.75;30659.75;30643.75;30656.75;663
20260603 190900;30657.25;30659.5;30651;30652.25;434
20260603 191000;30653;30653;30637.75;30640.5;738
20260603 191100;30640.25;30645.75;30636.5;30637.5;568
20260603 191200;30637.25;30640.25;30616.5;30620.75;911
20260603 191300;30620;30624.75;30615.25;30619.25;591
20260603 191400;30619.5;30630.5;30617;30630.25;524
20260603 191500;30630.25;30637.75;30627.5;30636.75;491
20260603 191600;30637.25;30638.25;30623.75;30624.75;832
20260603 191700;30624.25;30640;30623.5;30635.75;606
20260603 191800;30636;30660.25;30635.75;30646.75;1415
20260603 191900;30647.25;30652.25;30639.25;30639.5;512
20260603 192000;30640.25;30645.25;30632.5;30640.25;560
20260603 192100;30640;30644.5;30634.25;30641.75;420
20260603 192200;30641.75;30641.75;30619.5;30620.25;819
20260603 192300;30619.75;30623.75;30613.5;30618.75;687
20260603 192400;30619.25;30626.5;30615.5;30621.75;756
20260603 192500;30621.75;30632.5;30620.25;30621;690
20260603 192600;30621.25;30625.25;30615.25;30619.75;464
20260603 192700;30620.25;30624.5;30617;30617;344
20260603 192800;30617.25;30622.25;30611.25;30620.75;663
20260603 192900;30620.5;30627;30615.5;30618.75;553
20260603 193000;30619.25;30638.5;30618.75;30635.25;736
20260603 193100;30634.5;30649.25;30627;30638.75;1098
20260603 193200;30639.5;30648.25;30636;30639;722
20260603 193300;30639;30647;30628.25;30636.5;750
20260603 193400;30637.5;30644.25;30633.75;30639;541
20260603 193500;30638.5;30651.5;30636;30648.25;693
20260603 193600;30649.25;30657.5;30642.75;30657.25;782
20260603 193700;30657.75;30669.5;30655.75;30669;968
20260603 193800;30669.25;30679.25;30665.5;30677;866
20260603 193900;30676.75;30679.25;30667.75;30678.5;918
20260603 194000;30678.75;30683.5;30674.5;30676.5;740
20260603 194100;30676;30686.75;30670.25;30684;1058
20260603 194200;30684.5;30687;30677;30685.75;798
20260603 194300;30685;30691.25;30681;30687.75;772
20260603 194400;30687.5;30690.25;30682.5;30688.75;812
20260603 194500;30689.25;30691;30683;30683.75;732
20260603 194600;30683.75;30685.75;30673.75;30676.5;908
20260603 194700;30677;30687.25;30672.75;30683.25;830
20260603 194800;30683;30692.25;30682;30689.75;724
20260603 194900;30690.5;30694.75;30682;30684.25;859
20260603 195000;30684.5;30689.75;30682.75;30686.75;582
20260603 195100;30686;30690.5;30658.5;30666.5;2488
20260603 195200;30665.75;30672.5;30662.25;30664.75;793
20260603 195300;30664.5;30671.5;30661;30664.25;1022
20260603 195400;30663.75;30668;30655.5;30666;1581
20260603 195500;30665;30666.5;30643.25;30647;2097
20260603 195600;30646.75;30660;30634.5;30648.5;2488
20260603 195700;30648;30659;30643.5;30652;1218
20260603 195800;30651.5;30656.5;30642.75;30645.5;1550
20260603 195900;30645;30649.5;30637.75;30640.25;1923
20260603 200000;30640.25;30645.5;30625;30634.75;6631
20260603 200100;30634.25;30639.75;30629.5;30635.25;2544
20260603 200200;30635.75;30635.75;30613;30613;1115
20260603 200300;30614;30625;30606.25;30609.5;957
20260603 200400;30609.75;30613.25;30600.25;30611;1222
20260603 200500;30611.75;30627.25;30610.5;30617.5;965
20260603 200600;30617;30618.25;30601;30608.75;872
20260603 200700;30610;30610;30600.25;30609.75;473
20260603 200800;30608.75;30613.25;30597.25;30603.25;596
20260603 200900;30603;30606.25;30600.25;30602.75;466
20260603 201000;30603.25;30610.75;30600.5;30609;568
20260603 201100;30609.75;30626;30606;30618.25;599
20260603 201200;30618;30620;30608;30610;389
20260603 201300;30610.25;30611.5;30602;30606.25;242
20260603 201400;30607;30618.5;30605.75;30610.75;543
20260603 201500;30610.5;30613.75;30602.5;30606.75;665
20260603 201600;30607.25;30619;30544.5;30549.25;3302
20260603 201700;30548.25;30583;30547.5;30581.5;1162
20260603 201800;30581;30591.75;30556.5;30563.5;914
20260603 201900;30563.25;30577.25;30562;30572;417
20260603 202000;30570.75;30587.75;30570;30574;456
20260603 202100;30574;30600.75;30570.5;30594.5;786
20260603 202200;30592.25;30601;30587.5;30592.75;397
20260603 202300;30592.5;30592.5;30572.5;30583.25;403
20260603 202400;30583.25;30589.5;30578.75;30585.5;223
20260603 202500;30586.5;30595;30580.25;30584.5;321
20260603 202600;30583.75;30584.5;30566.5;30570;513
20260603 202700;30570.5;30587;30570;30581;484
20260603 202800;30580;30582;30564.5;30565.75;346
20260603 202900;30566.75;30574.75;30558.75;30568;419
20260603 203000;30568.5;30572.5;30563;30564;267
20260603 203100;30564.25;30566.5;30556.5;30560;325
20260603 203200;30560.25;30561;30545;30547.75;665
20260603 203300;30548.25;30557.25;30545.25;30548.25;317
20260603 203400;30548.75;30550.75;30534;30541;458
20260603 203500;30542.25;30551.5;30540;30545.5;202
20260603 203600;30545.25;30554.5;30541.5;30550.5;217
20260603 203700;30551.25;30559.25;30546.25;30552.25;375
20260603 203800;30552.25;30553;30537;30538.25;223
20260603 203900;30537;30537;30520;30526;492
20260603 204000;30527.25;30537.5;30526.5;30533;285
20260603 204100;30533.25;30533.25;30521;30529;252
20260603 204200;30529.75;30531.75;30516.5;30519.75;456
20260603 204300;30520.25;30524.5;30510.75;30512;370
20260603 204400;30512;30513;30500;30505.75;929
20260603 204500;30506.25;30507.25;30498.25;30501.75;455
20260603 204600;30501.5;30515.75;30498.25;30513.5;463
20260603 204700;30513.25;30524.25;30508.75;30523.5;388
20260603 204800;30523.5;30523.5;30511.5;30514.25;285
20260603 204900;30514.5;30517.75;30509.25;30509.75;241
20260603 205000;30509.5;30511.25;30488.25;30492.25;605
20260603 205100;30493;30495;30481;30485.5;609
20260603 205200;30485.25;30497;30485.25;30489.75;454
20260603 205300;30489;30490;30481.75;30482.25;262
20260603 205400;30484;30487.5;30478.25;30484.5;308
20260603 205500;30483;30492;30482.5;30491.25;282
20260603 205600;30490.75;30493;30480.75;30481.25;361
20260603 205700;30481;30487.75;30478.25;30486;270
20260603 205800;30487;30502.5;30485.75;30502;349
20260603 205900;30501.75;30504.25;30491.25;30496;334
20260603 210000;30497;30498.25;30489;30495;433
20260603 220100;30453;30474.5;30432;30473.25;913
20260603 220200;30472;30485.25;30470.25;30485.25;438
20260603 220300;30486;30499;30484;30494.75;330
20260603 220400;30494.75;30498.5;30467;30474;310
20260603 220500;30474.25;30480.25;30459.75;30472;280
20260603 220600;30474;30476.25;30451.5;30456.75;228
20260603 220700;30457.25;30471.5;30452.75;30452.75;179
20260603 220800;30452.5;30456.25;30443.5;30445.25;198
20260603 220900;30444.25;30467;30443.25;30464.75;219
20260603 221000;30463.25;30478;30459;30478;165
20260603 221100;30478.5;30480.75;30463.75;30464.75;147
20260603 221200;30464.75;30465.25;30452.75;30452.75;159
20260603 221300;30452.75;30453.5;30439;30446.25;246
20260603 221400;30447.75;30457;30445.25;30455.25;147
20260603 221500;30457;30461;30452.5;30457.25;89
20260603 221600;30457.25;30458.25;30438.5;30444;184
20260603 221700;30442.75;30443.5;30426.25;30433.25;333
20260603 221800;30433.25;30435;30426.5;30430.25;158
20260603 221900;30429.5;30432.5;30422.5;30432.5;221
20260603 222000;30433;30433.75;30422.25;30425.25;144
20260603 222100;30425.25;30425.5;30414.75;30417.75;209
20260603 222200;30418;30427.25;30405.5;30425.5;357
20260603 222300;30426.5;30445;30426;30444.75;332
20260603 222400;30445;30447.25;30438;30441.25;194
20260603 222500;30442.5;30447.25;30423.5;30428.75;224
20260603 222600;30430.5;30454.75;30430.5;30448.5;268
20260603 222700;30449;30453;30445;30452.25;119
20260603 222800;30453.25;30462.5;30448.5;30449;252
20260603 222900;30449.75;30450.25;30441.75;30445.25;144
20260603 223000;30443.5;30450;30435.5;30438.25;176
20260603 223100;30436.5;30459;30433.75;30458.25;225
20260603 223200;30458.5;30466;30455.75;30462;169
20260603 223300;30462;30469;30454.25;30454.75;298
20260603 223400;30456;30459.75;30446.25;30448.5;345
20260603 223500;30450.25;30465;30449.25;30460.5;176
20260603 223600;30461.5;30462.75;30445;30455.75;254
20260603 223700;30453.75;30455.25;30446.25;30446.5;65
20260603 223800;30446.25;30446.75;30437.25;30437.25;154
20260603 223900;30436;30444;30434.75;30436.5;167
20260603 224000;30437.25;30442.5;30431.75;30441.25;117
20260603 224100;30440.25;30450;30436.5;30444.25;135
20260603 224200;30444.5;30446.5;30436.75;30440.75;111
20260603 224300;30438.75;30439;30425.5;30429;177
20260603 224400;30429.75;30434.25;30427.5;30432.5;88
20260603 224500;30434.75;30440;30432;30440;99
20260603 224600;30438.75;30445;30433.5;30433.5;144
20260603 224700;30433.5;30438.75;30427.75;30437;94
20260603 224800;30436.25;30437;30412.75;30425.25;302
20260603 224900;30427;30427;30406;30411.25;232
20260603 225000;30411;30418;30409.5;30416.25;146
20260603 225100;30417.25;30419.25;30382;30389.5;840
20260603 225200;30391.25;30399.25;30368.5;30392.5;578
20260603 225300;30392;30398;30389.75;30393;102
20260603 225400;30393.5;30394.25;30382;30389;167
20260603 225500;30389.75;30405;30389.5;30402.25;169
20260603 225600;30401;30413;30397.25;30408.5;287
20260603 225700;30408.5;30445.75;30408.25;30442.25;682
20260603 225800;30440.5;30471.5;30440.25;30454.5;553
20260603 225900;30454;30455.25;30440.75;30452;347
20260603 230000;30449.25;30458.5;30444.75;30457.75;167
20260603 230100;30458.75;30463;30451.25;30453.5;165
20260603 230200;30453.25;30462.75;30446;30446;223
20260603 230300;30446;30450.75;30430.25;30431.75;290
20260603 230400;30430.5;30444.25;30425;30443.5;247
20260603 230500;30444;30444;30431.75;30438.75;156
20260603 230600;30436.75;30437.75;30428;30432.75;189
20260603 230700;30433.5;30436;30429;30430.25;135
20260603 230800;30429;30432.25;30420.75;30423.75;273
20260603 230900;30423.25;30425;30414;30416;159
20260603 231000;30416.75;30429.25;30414.25;30415.5;203
20260603 231100;30414.5;30422;30413;30417.25;165
20260603 231200;30416.25;30421.25;30406.25;30417.25;190
20260603 231300;30419.75;30420;30412.25;30414.5;66
20260603 231400;30414.5;30428.25;30411.5;30426;155
20260603 231500;30426;30431.5;30423.25;30425.25;148
20260603 231600;30426.75;30431.5;30417.5;30417.75;109
20260603 231700;30418;30420;30411.25;30411.5;125
20260603 231800;30412.25;30414.25;30409;30409;69
20260603 231900;30410.25;30410.5;30400;30405.5;201
20260603 232000;30404;30412;30402.75;30408.75;103
20260603 232100;30410;30417.5;30404.25;30404.25;142
20260603 232200;30405.25;30405.75;30392.5;30401;195
20260603 232300;30400;30402;30393.5;30395.25;82
20260603 232400;30395.5;30405.25;30393.75;30402.75;130
20260603 232500;30401;30404.5;30390.75;30396.25;163
20260603 232600;30395.75;30409.75;30393.25;30407.25;130
20260603 232700;30407.5;30416.25;30403.5;30411.75;135
20260603 232800;30411;30413;30402.25;30403.25;119
20260603 232900;30404;30409.5;30403.25;30403.75;66
20260603 233000;30404;30409.5;30404;30405.5;27
20260603 233100;30408.5;30423;30408.5;30420.75;252
20260603 233200;30418;30418;30411.25;30415;91
20260603 233300;30416;30423;30407.25;30408;104
20260603 233400;30410;30412.75;30390.5;30395.75;322
20260603 233500;30394.25;30396.75;30387.5;30390.5;109
20260603 233600;30389.75;30396.25;30381.5;30395.5;219
20260603 233700;30396;30396.25;30387.5;30387.75;74
20260603 233800;30387.25;30392.25;30381.25;30384.75;216
20260603 233900;30384.75;30389.25;30382.75;30383.75;120
20260603 234000;30381.75;30388;30378.25;30386.25;105
20260603 234100;30386.25;30403.75;30386.25;30397;183
20260603 234200;30398.75;30402.75;30396;30402;69
20260603 234300;30403;30403;30394.25;30395.25;95
20260603 234400;30396;30400.25;30388.75;30394.75;96
20260603 234500;30394.5;30394.75;30379.25;30387;139
20260603 234600;30387.5;30396.5;30386.25;30389;104
20260603 234700;30393.25;30394.25;30372;30377.25;222
20260603 234800;30377.5;30382;30370.75;30377.5;151
20260603 234900;30376.25;30382.25;30376;30376;79
20260603 235000;30378.5;30390.25;30378.5;30386;106
20260603 235100;30383;30406;30381;30399.25;256
20260603 235200;30399.75;30405.5;30395;30402;171
20260603 235300;30402.25;30404.5;30396;30401.5;115
20260603 235400;30401.75;30421.25;30401.75;30411.5;263
20260603 235500;30411;30421.5;30410.5;30421.5;113
20260603 235600;30420.25;30421.25;30407.25;30408.75;148
20260603 235700;30406.5;30407.5;30389.75;30400;250
20260603 235800;30399.25;30404.75;30395;30398.5;79
20260603 235900;30399.75;30403;30394.5;30402.25;74
20260604 000000;30401.5;30402.25;30392.75;30395.25;87
20260604 000100;30393;30441;30377.5;30426.5;1123
20260604 000200;30427;30447.25;30418.75;30422;408
20260604 000300;30425;30447.25;30424.5;30446.25;419
20260604 000400;30446;30450;30430;30434.75;300
20260604 000500;30433.25;30441.5;30429.25;30438.25;208
20260604 000600;30438;30453;30437.75;30450.25;227
20260604 000700;30448.75;30449;30437.25;30444.5;204
20260604 000800;30444;30450;30433.75;30436;167
20260604 000900;30435.25;30446.25;30431.25;30443;134
20260604 001000;30442.25;30443.75;30435.25;30440;126
20260604 001100;30440;30445;30427.75;30436;239
20260604 001200;30436.25;30451.75;30429;30450.75;231
20260604 001300;30451;30451.25;30441.25;30445.75;97
20260604 001400;30443;30443.5;30431.75;30438.25;157
20260604 001500;30438.5;30441.75;30428.75;30433.5;117
20260604 001600;30433.75;30437.25;30426;30428;146
20260604 001700;30427.75;30427.75;30412;30425.5;275
20260604 001800;30425.25;30447.5;30424;30445;219
20260604 001900;30446.25;30463;30446.25;30462.25;426
20260604 002000;30459.5;30461.75;30444;30446.5;228
20260604 002100;30446.25;30452.75;30443;30451.5;130
20260604 002200;30450;30451.75;30433.75;30438;164
20260604 002300;30437.25;30451.5;30424.75;30449.75;342
20260604 002400;30450;30454.25;30440;30448.25;156
20260604 002500;30447.25;30447.25;30437;30439.25;127
20260604 002600;30439.75;30444.75;30435.5;30441;81
20260604 002700;30440.75;30452.25;30438.25;30451.5;160
20260604 002800;30450;30453;30447.25;30451.25;101
20260604 002900;30451.25;30457.5;30448.75;30455.5;122
20260604 003000;30455.75;30457.5;30448.5;30455;94
20260604 003100;30456.5;30465;30454;30461;250
20260604 003200;30462.5;30479.25;30462.5;30478.5;271
20260604 003300;30476.5;30489.75;30472.5;30488.5;357
20260604 003400;30486.75;30494.25;30484.25;30493.25;248
20260604 003500;30493.25;30497;30489.75;30492.25;190
20260604 003600;30493.5;30501.75;30484.5;30485;295
20260604 003700;30486;30486;30474.5;30476.5;182
20260604 003800;30475.25;30481.75;30469.75;30470;260
20260604 003900;30470.25;30476.25;30465.25;30475.5;152
20260604 004000;30475.5;30481.75;30471.25;30477.75;141
20260604 004100;30477;30482.75;30473.75;30476.75;117
20260604 004200;30476.25;30481.75;30471;30475.5;104
20260604 004300;30476;30479.75;30474.5;30476.25;88
20260604 004400;30476;30476.75;30471.75;30475;71
20260604 004500;30474.5;30497;30474.5;30496.25;185
20260604 004600;30497;30498;30488.5;30493.25;141
20260604 004700;30492.25;30494;30482.5;30482.5;102
20260604 004800;30482.5;30496;30480.25;30493.75;123
20260604 004900;30493.75;30493.75;30485.5;30487.75;102
20260604 005000;30487.75;30490.75;30480.5;30488.25;87
20260604 005100;30488.5;30488.5;30477.25;30477.5;95
20260604 005200;30477.5;30480.25;30472.75;30478.25;118
20260604 005300;30479.75;30484.75;30477.25;30481;107
20260604 005400;30480;30495;30480;30492;158
20260604 005500;30492.25;30502.75;30490.25;30500.25;132
20260604 005600;30500.25;30502;30493.25;30496.75;118
20260604 005700;30496.75;30498;30484.25;30486.5;143
20260604 005800;30487;30492.5;30486.25;30490.5;73
20260604 005900;30491;30498.5;30490.25;30498.5;67
20260604 010000;30497.75;30502;30497;30498.75;116
20260604 010100;30498;30510;30496.5;30508;335
20260604 010200;30507.75;30509;30497;30497;195
20260604 010300;30498.75;30504;30496;30504;157
20260604 010400;30503.5;30508;30499.75;30501.5;126
20260604 010500;30503;30506.75;30500.5;30504.75;62
20260604 010600;30504;30517.25;30501.75;30514.5;273
20260604 010700;30514;30514;30505.75;30511.75;106
20260604 010800;30510.75;30515.25;30506.25;30511.25;73
20260604 010900;30511;30514.75;30506.75;30514.75;81
20260604 011000;30513.75;30518.5;30509.5;30517.75;87
20260604 011100;30517.5;30525.5;30512;30520.25;306
20260604 011200;30520.25;30523.75;30518.75;30523.5;83
20260604 011300;30524;30531;30524;30528.75;222
20260604 011400;30528.25;30529;30520.75;30524.25;102
20260604 011500;30524.75;30524.75;30515;30515;96
20260604 011600;30516;30516.5;30503.75;30505;272
20260604 011700;30505.25;30508.75;30499;30501.25;218
20260604 011800;30501.25;30503.5;30498;30500;123
20260604 011900;30499;30503.75;30492;30494.5;126
20260604 012000;30494;30494.5;30484.5;30488.75;217
20260604 012100;30488.5;30501.25;30488.5;30489.75;165
20260604 012200;30489.75;30493.25;30485.75;30489.5;107
20260604 012300;30490.75;30500;30490.75;30492.25;135
20260604 012400;30492.25;30494.5;30489;30491.5;78
20260604 012500;30492.75;30492.75;30481.25;30482;199
20260604 012600;30482.25;30485;30475;30478.75;190
20260604 012700;30479.25;30482.25;30475.25;30478.5;123
20260604 012800;30477.75;30480.25;30473;30480;109
20260604 012900;30480.75;30491.75;30479.75;30491.75;152
20260604 013000;30490.75;30496.5;30488.75;30491.5;100
20260604 013100;30493.5;30506;30493.5;30503.5;212
20260604 013200;30505.5;30510;30502.25;30506.75;180
20260604 013300;30507;30514.5;30502.25;30510.5;119
20260604 013400;30511.25;30523;30510.5;30523;162
20260604 013500;30522.75;30524.75;30514.25;30514.5;127
20260604 013600;30515.75;30523.25;30512.75;30521.5;97
20260604 013700;30520;30522;30508.25;30508.25;86
20260604 013800;30509.75;30513.25;30504.75;30508.25;109
20260604 013900;30507.75;30513;30506;30510;59
20260604 014000;30509.25;30511;30500.25;30503.25;90
20260604 014100;30501.25;30504.5;30494.75;30495.25;131
20260604 014200;30495;30499;30486.25;30487.25;179
20260604 014300;30488;30492.25;30483.5;30492.25;107
20260604 014400;30490.5;30490.5;30480.5;30481.5;178
20260604 014500;30482.25;30485.75;30474.75;30482.5;181
20260604 014600;30481.5;30487.5;30472.75;30472.75;149
20260604 014700;30473.25;30480.5;30463.25;30470;255
20260604 014800;30467.75;30478;30467.25;30474.25;109
20260604 014900;30473.5;30481.5;30470;30480;129
20260604 015000;30480;30483.75;30477.25;30483;100
20260604 015100;30482;30482.75;30473.5;30475;94
20260604 015200;30472.75;30473.75;30454.5;30455;294
20260604 015300;30455.75;30458;30448.5;30450;281
20260604 015400;30449.5;30453;30443;30444.25;186
20260604 015500;30445.5;30450.25;30438.25;30442;281
20260604 015600;30441.25;30456.75;30440.75;30450.75;303
20260604 015700;30450.75;30451.5;30446;30447.75;118
20260604 015800;30446.75;30449.25;30438.25;30447.25;133
20260604 015900;30444.5;30451.5;30442.75;30444.5;98
20260604 020000;30444.25;30453.5;30444;30453.5;77
20260604 020100;30453.75;30456.75;30441.25;30444.25;132
20260604 020200;30444.25;30445.25;30437.5;30437.5;107
20260604 020300;30436;30438.25;30427.25;30432.25;233
20260604 020400;30431.5;30433.5;30425.25;30432;159
20260604 020500;30434.5;30438.25;30423.75;30427.25;160
20260604 020600;30426.5;30436;30422.75;30435.75;151
20260604 020700;30435.75;30443.5;30433.5;30438.25;152
20260604 020800;30440;30446.75;30437.5;30444;102
20260604 020900;30444.5;30447.5;30438;30440.25;130
20260604 021000;30440.5;30440.5;30422;30422;175
20260604 021100;30422.5;30424.25;30416.75;30417.25;220
20260604 021200;30417.5;30420;30402;30404.5;415
20260604 021300;30403;30409.25;30395.25;30397.25;338
20260604 021400;30397.25;30406.25;30396.25;30400.5;246
20260604 021500;30401.25;30405.25;30390;30393.5;223
20260604 021600;30395.25;30395.5;30357.25;30364.75;993
20260604 021700;30365.25;30370;30352.5;30367.75;476
20260604 021800;30370.25;30372.25;30361;30366.75;222
20260604 021900;30370;30376;30366.75;30374.5;177
20260604 022000;30375.25;30380.5;30371;30379.5;261
20260604 022100;30379.75;30398.25;30376.25;30394.75;447
20260604 022200;30394.25;30401.75;30392.25;30397;237
20260604 022300;30396.5;30400.25;30393;30399.5;121
20260604 022400;30399;30406.25;30394.25;30399;159
20260604 022500;30399.25;30399.25;30390.5;30396.75;138
20260604 022600;30397.25;30406.5;30396.5;30404.25;140
20260604 022700;30404;30424.5;30402.5;30421.75;351
20260604 022800;30421.75;30423.5;30411;30418;189
20260604 022900;30418.5;30420.75;30413.5;30416.75;101
20260604 023000;30417.25;30423;30412.5;30414.5;123
20260604 023100;30414;30417;30398.75;30400.75;292
20260604 023200;30400.25;30410.75;30393.25;30395.75;230
20260604 023300;30396.75;30402;30394.75;30399.75;99
20260604 023400;30399.5;30405.5;30397.25;30401.25;85
20260604 023500;30398.75;30401;30389.5;30400.25;149
20260604 023600;30400.25;30400.25;30394;30395.25;63
20260604 023700;30394.25;30408;30391.5;30403.75;147
20260604 023800;30400.25;30401.25;30388.25;30388.75;174
20260604 023900;30389.75;30402.25;30387.75;30401;145
20260604 024000;30402;30408.75;30401.5;30403.25;140
20260604 024100;30403.25;30413.25;30402.25;30412;157
20260604 024200;30412.75;30417.5;30410;30415.75;137
20260604 024300;30415.5;30418.5;30411.5;30415;101
20260604 024400;30414;30415;30410.5;30414.25;93
20260604 024500;30414;30414;30409.5;30409.75;63
20260604 024600;30410;30425.25;30409;30421.75;213
20260604 024700;30420;30422;30414.5;30418.75;75
20260604 024800;30419.5;30425.25;30419.5;30424.25;90
20260604 024900;30423;30434;30422.75;30432.5;224
20260604 025000;30431;30440;30430.5;30434;188
20260604 025100;30434.75;30437;30430;30430;101
20260604 025200;30430.5;30440.75;30428.25;30440;120
20260604 025300;30439.75;30439.75;30421.75;30426.5;119
20260604 025400;30426;30426.5;30415.75;30419.5;173
20260604 025500;30419;30421.25;30415;30420;133
20260604 025600;30420.75;30423.5;30411.25;30415.5;183
20260604 025700;30415.5;30421.75;30414.25;30419.5;74
20260604 025800;30420.25;30422.25;30413;30415;92
20260604 025900;30415.25;30417.25;30409.25;30412.75;118
20260604 030000;30413;30416.75;30411;30412;62
20260604 030100;30412.25;30417.5;30409.25;30412.75;144
20260604 030200;30412.5;30424;30412;30422.75;134
20260604 030300;30421.25;30432.5;30421.25;30430.75;151
20260604 030400;30430.25;30432.25;30426.5;30430.5;80
20260604 030500;30430;30435;30428;30433;93
20260604 030600;30434;30444;30430;30442;116
20260604 030700;30442.25;30443;30436;30437;143
20260604 030800;30437;30440.25;30435.25;30440.25;63
20260604 030900;30440.25;30441.5;30433.25;30435.75;73
20260604 031000;30435.75;30443;30430.5;30441.25;88
20260604 031100;30441.25;30453.25;30441.25;30452;166
20260604 031200;30452.75;30452.75;30444.25;30444.75;112
20260604 031300;30444.75;30448.5;30442.5;30445.5;86
20260604 031400;30444;30450.75;30440;30440.25;138
20260604 031500;30441.25;30441.75;30434.25;30438.25;105
20260604 031600;30438;30450;30438;30448;180
20260604 031700;30448.25;30454.25;30447.5;30451;102
20260604 031800;30451.5;30452.25;30448;30449.25;50
20260604 031900;30449.25;30457;30449.25;30456.25;159
20260604 032000;30456.75;30458.5;30451;30457.25;119
20260604 032100;30457.75;30457.75;30451;30453.5;57
20260604 032200;30455.5;30456.25;30452.25;30454;33
20260604 032300;30454.25;30455.25;30451.5;30452.5;39
20260604 032400;30452.5;30454;30450.25;30451;35
20260604 032500;30451.25;30453;30447.5;30453;70
20260604 032600;30453.75;30464.75;30451.75;30461;130
20260604 032700;30460.25;30460.25;30454;30455;98
20260604 032800;30454.75;30462.5;30452.75;30462.5;51
20260604 032900;30463;30469.25;30462.25;30467.75;106
20260604 033000;30468.5;30470;30463.75;30470;119
20260604 033100;30469.25;30477;30469.25;30474.5;156
20260604 033200;30473.75;30485.75;30473.75;30482.25;245
20260604 033300;30482.25;30485;30479.5;30479.5;98
20260604 033400;30479.75;30486.75;30478.75;30482.75;88
20260604 033500;30482.75;30485;30479.25;30483;94
20260604 033600;30482.5;30482.5;30471;30475.25;118
20260604 033700;30472.75;30472.75;30465.75;30467.25;127
20260604 033800;30467.75;30475.25;30467.25;30471.75;88
20260604 033900;30472.5;30476;30472.25;30476;49
20260604 034000;30476.5;30477.75;30471.75;30475.5;40
20260604 034100;30475.75;30477.5;30468;30470.25;60
20260604 034200;30471;30471;30461.25;30463;186
20260604 034300;30461.75;30467.25;30458;30458;198
20260604 034400;30457.75;30460;30450;30453.75;229
20260604 034500;30454;30461.5;30452.5;30454.75;132
20260604 034600;30454.5;30459.75;30452.25;30458.5;205
20260604 034700;30459;30459;30450.5;30453;96
20260604 034800;30453.75;30453.75;30446.25;30452;97
20260604 034900;30452.25;30455.5;30448.5;30448.5;187
20260604 035000;30449.5;30457;30449;30455.75;124
20260604 035100;30454.75;30466.25;30453.5;30466;146
20260604 035200;30466;30471;30460.75;30463.75;126
20260604 035300;30464.25;30464.25;30456.25;30463.75;66
20260604 035400;30462;30462.25;30456.75;30458.75;62
20260604 035500;30458.5;30460.5;30455.5;30459.75;41
20260604 035600;30460.25;30467.25;30460.25;30464.25;93
20260604 035700;30464.75;30467.75;30461.75;30464.25;62
20260604 035800;30464.25;30469.5;30463;30469.25;72
20260604 035900;30468.75;30477.75;30468.75;30477.5;106
20260604 040000;30478.25;30484.75;30474.5;30480.5;161
20260604 040100;30481;30483;30474.75;30476.25;110
20260604 040200;30475.25;30479.75;30471.5;30476.25;72
20260604 040300;30479.25;30483.75;30475.75;30477.5;130
20260604 040400;30476.75;30476.75;30467.75;30472;87
20260604 040500;30471.5;30476.75;30466;30475;101
20260604 040600;30474;30475.25;30471;30472;50
20260604 040700;30471.25;30475;30471;30474.5;24
20260604 040800;30475.75;30481;30473.5;30474;87
20260604 040900;30476;30476.25;30472;30474.75;37
20260604 041000;30475;30475.25;30470;30472.25;29
20260604 041100;30473.75;30479;30473.25;30479;24
20260604 041200;30480;30492.5;30480;30489.75;149
20260604 041300;30489.25;30490.5;30485;30489.5;68
20260604 041400;30490.5;30491.25;30488;30490.25;43
20260604 041500;30488.5;30496.5;30487.25;30496.5;98
20260604 041600;30497;30500;30495.25;30498.5;111
20260604 041700;30498.25;30498.25;30493.25;30493.75;59
20260604 041800;30492.25;30493.25;30487;30487.25;70
20260604 041900;30488.25;30492;30485.25;30489;63
20260604 042000;30491;30499.5;30491;30492.75;99
20260604 042100;30494;30497.5;30488.25;30492.25;93
20260604 042200;30493;30495.25;30492.75;30495.25;47
20260604 042300;30493;30497.75;30492;30496;36
20260604 042400;30496;30502;30493.25;30501.75;94
20260604 042500;30501;30502.25;30498;30498;51
20260604 042600;30498.25;30498.75;30493;30494.75;123
20260604 042700;30493.5;30497.5;30491.25;30496.75;52
20260604 042800;30496.75;30500;30495.25;30495.25;57
20260604 042900;30494.75;30494.75;30487.5;30488;41
20260604 043000;30488.25;30491.75;30487.25;30487.5;38
20260604 043100;30488.75;30494.5;30487.25;30491.25;98
20260604 043200;30491;30495.5;30489.25;30492;35
20260604 043300;30492.25;30492.25;30483;30484;76
20260604 043400;30484.25;30492.25;30483.5;30492.25;50
20260604 043500;30492.75;30507.5;30492.75;30500;211
20260604 043600;30499.5;30506.75;30499.5;30505.5;103
20260604 043700;30505.5;30505.5;30495.25;30497.5;92
20260604 043800;30498;30500.75;30495;30499;58
20260604 043900;30499.25;30501.75;30494.5;30494.5;81
20260604 044000;30495.5;30501.5;30492.25;30498.25;52
20260604 044100;30497.5;30505.5;30497;30503;89
20260604 044200;30503.5;30503.5;30492.75;30495.25;74
20260604 044300;30495.25;30501.5;30495.25;30497.75;64
20260604 044400;30495;30502.75;30493.75;30502.75;48
20260604 044500;30502.25;30504.75;30497;30504;59
20260604 044600;30504.25;30508.25;30494.75;30496.75;104
20260604 044700;30496.5;30498.25;30490.75;30497.25;85
20260604 044800;30496.25;30496.5;30491;30495.75;43
20260604 044900;30495.25;30495.25;30491.25;30491.25;47
20260604 045000;30492.5;30496.25;30492.25;30495.5;27
20260604 045100;30494.5;30495.75;30491.75;30493.5;20
20260604 045200;30494.25;30497.25;30491.5;30494.75;46
20260604 045300;30492.25;30493.25;30490.5;30491.75;29
20260604 045400;30491.5;30493.75;30489.75;30493.25;38
20260604 045500;30493;30502;30493;30498.25;103
20260604 045600;30498.5;30499.25;30493.5;30497.75;59
20260604 045700;30496.75;30498.25;30494;30495.75;38
20260604 045800;30496.5;30501;30496;30498.75;37
20260604 045900;30498.5;30498.5;30492;30493;29
20260604 050000;30493.75;30498.75;30493.75;30497.5;21
20260604 050100;30497.25;30499.75;30487;30488.25;96
20260604 050200;30489;30492.5;30485.5;30487;83
20260604 050300;30487.75;30488.5;30480;30480.5;125
20260604 050400;30481.25;30483.25;30478;30480.25;160
20260604 050500;30480.75;30485;30479;30483.75;75
20260604 050600;30483.5;30490.75;30482.75;30485.5;70
20260604 050700;30485.75;30493;30484.25;30486.5;99
20260604 050800;30486.75;30488;30480.25;30481.5;86
20260604 050900;30482.75;30482.75;30472;30475.5;119
20260604 051000;30476;30476.25;30461.75;30462.5;234
20260604 051100;30463;30465.75;30455.25;30456.25;123
20260604 051200;30456;30456.75;30451;30456.5;183
20260604 051300;30455.25;30458.75;30451;30453.5;55
20260604 051400;30455;30463.5;30450;30462.75;137
20260604 051500;30461.75;30475;30461.5;30475;164
20260604 051600;30475.25;30478;30464.25;30465.5;102
20260604 051700;30465;30469;30461.75;30469;85
20260604 051800;30468.75;30482;30468.75;30479;93
20260604 051900;30479;30484;30476.75;30477.25;67
20260604 052000;30478;30479.5;30472.25;30473.25;61
20260604 052100;30473;30473.25;30460.75;30465.25;114
20260604 052200;30464.75;30465.25;30456.75;30463;80
20260604 052300;30462.75;30464;30455.75;30455.75;76
20260604 052400;30456.5;30464;30456.5;30458.25;69
20260604 052500;30458;30466.25;30456.75;30456.75;162
20260604 052600;30457.75;30460;30452;30458.75;82
20260604 052700;30457.25;30463;30452.75;30463;49
20260604 052800;30460.75;30466.25;30460;30466.25;39
20260604 052900;30464.75;30466;30461.25;30462;41
20260604 053000;30464.5;30466;30461.25;30461.75;32
20260604 053100;30463;30467;30460;30465;75
20260604 053200;30464.25;30466;30460;30462;87
20260604 053300;30461.5;30466;30454;30457.75;113
20260604 053400;30458.5;30472.5;30457.75;30468;85
20260604 053500;30467.75;30483.5;30467.75;30477.75;109
20260604 053600;30477.5;30480.5;30474.25;30478.75;42
20260604 053700;30477.25;30477.25;30463.75;30470.5;111
20260604 053800;30470.75;30480.75;30470.75;30476.5;30
20260604 053900;30476.75;30487.25;30476.25;30482.25;97
20260604 054000;30481.75;30483.75;30470;30475.75;113
20260604 054100;30476.25;30479;30472.75;30473.75;52
20260604 054200;30479.25;30490.5;30479.25;30490.25;121
20260604 054300;30491;30491.25;30485;30485.25;85
20260604 054400;30485.5;30491.5;30484;30491;109
20260604 054500;30490.25;30493.25;30488.5;30492.5;92
20260604 054600;30492;30492.75;30484.25;30487;53
20260604 054700;30487.25;30491.5;30475;30479.25;185
20260604 054800;30479;30484;30478;30480.75;57
20260604 054900;30480.25;30480.25;30475.75;30476.5;21
20260604 055000;30474.75;30480.5;30470.25;30471.25;78
20260604 055100;30472.25;30476.75;30471;30474.5;85
20260604 055200;30473.75;30477;30467.25;30468.75;89
20260604 055300;30469;30476.75;30469;30472.25;93
20260604 055400;30473.5;30475.5;30470;30470;22
20260604 055500;30469.5;30471.5;30462;30467.5;60
20260604 055600;30466.5;30468;30458.25;30458.25;61
20260604 055700;30459.25;30463.75;30458.5;30463.75;39
20260604 055800;30464;30470.75;30462.75;30470.75;57
20260604 055900;30470.25;30476.75;30470;30476.25;53
20260604 060000;30475.5;30487.25;30474.25;30484.5;128
20260604 060100;30484.5;30486.5;30478;30483.5;116
20260604 060200;30483.25;30488.75;30481.75;30488.5;123
20260604 060300;30486.75;30491.25;30486;30490;89
20260604 060400;30490;30498;30490;30496.5;150
20260604 060500;30496.25;30497;30489.75;30489.75;63
20260604 060600;30491;30491.75;30483;30488;79
20260604 060700;30487.5;30492;30485.25;30490;79
20260604 060800;30492.75;30494.75;30488.5;30493.75;51
20260604 060900;30493.5;30497.5;30492.5;30494.25;56
20260604 061000;30495;30496.5;30492;30493.25;33
20260604 061100;30493.5;30499.75;30490;30499;86
20260604 061200;30499.75;30500.75;30491.5;30493.25;67
20260604 061300;30493.75;30495.75;30490.75;30493;30
20260604 061400;30494.25;30496.75;30484.5;30486;72
20260604 061500;30485;30486.5;30480.5;30485.25;61
20260604 061600;30484.5;30488.75;30483;30486;53
20260604 061700;30485;30485;30478.75;30480.75;84
20260604 061800;30480.25;30487.25;30479.75;30487.25;42
20260604 061900;30485.5;30486.5;30476;30479.25;97
20260604 062000;30480;30480.5;30475.25;30476.25;86
20260604 062100;30477.5;30482.25;30474;30481.25;64
20260604 062200;30477.75;30477.75;30472;30475.25;47
20260604 062300;30474;30479.5;30470.75;30471.25;66
20260604 062400;30471.25;30473.25;30468;30471.25;68
20260604 062500;30470.75;30471.75;30465.5;30467.75;165
20260604 062600;30466.75;30483.75;30465.75;30480;83
20260604 062700;30478;30478.5;30473.5;30477.5;68
20260604 062800;30479.75;30486.75;30479.5;30481.75;104
20260604 062900;30482.5;30486;30482.25;30483.25;59
20260604 063000;30483.75;30488.5;30482.25;30488.5;39
20260604 063100;30488.5;30488.5;30477.5;30479;76
20260604 063200;30482;30482;30472.75;30474.25;103
20260604 063300;30474.75;30478;30470.5;30471.5;114
20260604 063400;30472.5;30495;30471.25;30492.25;162
20260604 063500;30490.75;30491.5;30480.5;30485;87
20260604 063600;30485.5;30498.5;30484.75;30496;140
20260604 063700;30496.5;30501.5;30494.75;30498.5;77
20260604 063800;30498.25;30500;30491.25;30492.25;82
20260604 063900;30491.75;30495;30490.5;30493.5;46
20260604 064000;30496;30503.75;30490.25;30501;137
20260604 064100;30502.5;30516;30501.25;30513.25;206
20260604 064200;30513.75;30514.75;30508;30511.5;81
20260604 064300;30512.25;30516;30510.25;30510.25;119
20260604 064400;30509;30511.75;30507.5;30510.25;56
20260604 064500;30510.5;30520;30510.5;30519.5;151
20260604 064600;30518;30518.25;30507.5;30509.25;164
20260604 064700;30508.25;30510.25;30505.5;30507.75;107
20260604 064800;30508;30508.25;30502.75;30504.5;51
20260604 064900;30504;30507.25;30502.75;30506.5;45
20260604 065000;30510.25;30511.25;30507;30510.25;28
20260604 065100;30510.25;30523.75;30510.25;30518;338
20260604 065200;30518;30519;30516;30516.5;36
20260604 065300;30517;30521.25;30515.5;30521.25;77
20260604 065400;30522;30526.25;30519.75;30526;171
20260604 065500;30526.25;30535;30523.25;30529.75;303
20260604 065600;30527;30529.75;30525;30527.75;88
20260604 065700;30527.75;30529;30525;30526.25;54
20260604 065800;30524.75;30533.25;30524.75;30527.75;53
20260604 065900;30526;30529.25;30525;30528.5;28
20260604 070000;30530;30530.5;30526;30528.25;50
20260604 070100;30530;30530.5;30520;30521.5;244
20260604 070200;30520.75;30520.75;30512.5;30517;133
20260604 070300;30518.25;30527.25;30518.25;30527.25;91
20260604 070400;30527;30528;30521.5;30525.75;91
20260604 070500;30526;30542;30525.25;30540;280
20260604 070600;30540.25;30544.5;30536;30539.75;184
20260604 070700;30538.25;30538.25;30528.5;30530.75;150
20260604 070800;30530;30530.5;30524;30527.5;125
20260604 070900;30526.75;30532;30524.5;30527.75;128
20260604 071000;30528.75;30530.5;30522.75;30527.25;89
20260604 071100;30526;30538;30525.25;30535.75;92
20260604 071200;30536.5;30539.25;30533.75;30536.75;91
20260604 071300;30535.5;30543;30535.5;30537;107
20260604 071400;30536.25;30540.5;30535;30537;111
20260604 071500;30538.5;30538.75;30532.25;30533.25;60
20260604 071600;30532;30534.25;30520.5;30522.75;170
20260604 071700;30525.5;30528.75;30522.5;30525.5;105
20260604 071800;30524.5;30524.5;30511.5;30513.25;188
20260604 071900;30513;30516.25;30508;30515.5;291
20260604 072000;30515.5;30519.5;30508.75;30513.75;165
20260604 072100;30512.75;30518.25;30498.5;30499.75;218
20260604 072200;30498.5;30501;30490.5;30492.5;151
20260604 072300;30492.25;30501.75;30491.5;30501.25;116
20260604 072400;30500;30510.75;30500;30506.75;87
20260604 072500;30507;30514.25;30505.75;30512;122
20260604 072600;30512.75;30516.25;30506.75;30507.5;94
20260604 072700;30508.25;30509.25;30502;30505.5;77
20260604 072800;30506.5;30508.25;30497.5;30499.75;120
20260604 072900;30498;30509.5;30496.25;30508;100
20260604 073000;30507.5;30519.75;30507.5;30518;93
20260604 073100;30518.75;30527.5;30514.75;30522.75;161
20260604 073200;30522.25;30527.5;30522.25;30527;60
20260604 073300;30526.75;30527.5;30522.75;30525.5;54
20260604 073400;30528.5;30533;30524.5;30525.25;226
20260604 073500;30524.5;30526.5;30520.25;30525;91
20260604 073600;30524.75;30526;30518.75;30521;78
20260604 073700;30523;30528.5;30522.5;30525.25;60
20260604 073800;30524.5;30524.5;30516.75;30518.25;83
20260604 073900;30518.5;30530;30517.5;30525;187
20260604 074000;30525.25;30527.25;30513.25;30515.5;150
20260604 074100;30514.5;30519;30513.5;30516;67
20260604 074200;30516.5;30517.75;30504;30507.5;137
20260604 074300;30507.25;30511.75;30503.75;30511.75;84
20260604 074400;30511.5;30512.25;30502.5;30506.75;104
20260604 074500;30507.25;30507.25;30504;30505.5;64
20260604 074600;30505.25;30508.75;30499.75;30507;126
20260604 074700;30505.75;30512;30505.75;30508.5;125
20260604 074800;30509.25;30512.5;30508.25;30510.25;102
20260604 074900;30511;30511;30505;30510.75;59
20260604 075000;30512.25;30515;30511.25;30511.75;48
20260604 075100;30512;30512.25;30505.25;30505.5;68
20260604 075200;30505.5;30506.75;30499.25;30500.25;132
20260604 075300;30503.25;30503.5;30493.5;30498.75;112
20260604 075400;30497.5;30504.5;30497.5;30502.25;93
20260604 075500;30501.25;30505;30500;30503;42
20260604 075600;30502.5;30503.5;30494;30495.75;75
20260604 075700;30497;30499;30496;30499;21
20260604 075800;30500.25;30502.25;30495;30495;25
20260604 075900;30494.75;30500.75;30490.25;30499.25;133
20260604 080000;30496;30500.75;30495.5;30500;33
20260604 080100;30499.25;30500.25;30482.5;30484.75;228
20260604 080200;30484.25;30488.5;30480;30482.25;118
20260604 080300;30483;30485.5;30478;30481;177
20260604 080400;30480.25;30482.75;30471.5;30476;201
20260604 080500;30475;30477.5;30468;30471.5;128
20260604 080600;30470.75;30479.25;30454.25;30460.75;379
20260604 080700;30459.25;30466;30456.75;30463.25;212
20260604 080800;30462.75;30465.5;30446.75;30449.75;323
20260604 080900;30450.5;30451.5;30435;30435.75;290
20260604 081000;30435.5;30444.75;30431.5;30442.75;175
20260604 081100;30442.25;30448;30433;30440;153
20260604 081200;30438.5;30440.75;30425.25;30427;254
20260604 081300;30427;30432.5;30421.75;30429.5;316
20260604 081400;30428.5;30434.25;30413.5;30413.5;258
20260604 081500;30412.75;30416;30406;30406;406
20260604 081600;30405.25;30416.25;30403.5;30412;287
20260604 081700;30411.5;30422.25;30410.5;30411.5;270
20260604 081800;30412;30417.75;30405.25;30416;254
20260604 081900;30416.25;30424;30413;30422.75;207
20260604 082000;30422;30422.75;30397.5;30400;484
20260604 082100;30398;30401.25;30381;30391;465
20260604 082200;30390.75;30391.75;30377;30378.25;283
20260604 082300;30377.25;30377.75;30365.75;30366.25;469
20260604 082400;30365.75;30371.75;30359;30365;314
20260604 082500;30364.5;30384.75;30362;30384.75;410
20260604 082600;30384.5;30385.5;30356.75;30359;353
20260604 082700;30360.25;30360.5;30345;30349;862
20260604 082800;30347.5;30357.25;30340.75;30350;553
20260604 082900;30349.5;30357.75;30340;30357.25;221
20260604 083000;30356;30372.25;30356;30371.5;403
20260604 083100;30373;30402;30369.75;30398.75;667
20260604 083200;30397.75;30398.75;30365;30370.25;486
20260604 083300;30370.25;30389.25;30363;30387.25;293
20260604 083400;30386.75;30389.5;30379.5;30388.25;198
20260604 083500;30389;30390;30381;30384;140
20260604 083600;30385.25;30390;30377.75;30384;182
20260604 083700;30383.5;30393;30380.25;30393;146
20260604 083800;30392.75;30400.75;30389.5;30398;153
20260604 083900;30400.25;30400.25;30379.5;30390.75;227
20260604 084000;30390.25;30391.5;30386;30390;72
20260604 084100;30390.75;30395.75;30388.75;30388.75;87
20260604 084200;30390;30390;30381;30384;124
20260604 084300;30382;30382.25;30365.75;30371.75;210
20260604 084400;30371.75;30379.75;30370.5;30373.25;114
20260604 084500;30374.5;30377.25;30366.5;30367.5;87
20260604 084600;30367;30376.5;30366.5;30376.25;180
20260604 084700;30374.5;30376.25;30364.75;30366.25;224
20260604 084800;30364.75;30366.5;30352.75;30353.75;159
20260604 084900;30353.5;30359.75;30345.5;30346.75;154
20260604 085000;30346.5;30351.5;30330.5;30334.75;536
20260604 085100;30333.5;30339.5;30329.5;30333;248
20260604 085200;30333;30344.75;30333;30340.25;143
20260604 085300;30340.5;30341.5;30331;30332.75;151
20260604 085400;30332.75;30338;30328;30337;200
20260604 085500;30337.5;30338.5;30327.25;30331;157
20260604 085600;30331.5;30337;30326.5;30333.25;122
20260604 085700;30332.25;30347;30331.75;30341.5;283
20260604 085800;30341.25;30345.75;30335.5;30344.75;185
20260604 085900;30344.25;30359.5;30344;30355.5;226
20260604 090000;30354.5;30358.25;30342.75;30344.5;178
20260604 090100;30344;30346.25;30318;30320;406
20260604 090200;30318.75;30323;30307.75;30316.25;367
20260604 090300;30316.25;30320.25;30313.75;30314.75;116
20260604 090400;30314.5;30318;30298.75;30317.75;438
20260604 090500;30317.75;30323.25;30301.75;30305.5;268
20260604 090600;30306.75;30307.25;30292;30293.5;548
20260604 090700;30293.25;30304;30289;30301.75;628
20260604 090800;30301.25;30315;30291.25;30294.25;355
20260604 090900;30295.5;30320.75;30293.75;30317.25;306
20260604 091000;30315.25;30321.75;30302.5;30313.75;238
20260604 091100;30313.5;30318.75;30295.25;30296.5;173
20260604 091200;30296.5;30299;30288.5;30290.75;237
20260604 091300;30292.5;30292.5;30268;30268.75;835
20260604 091400;30269.25;30280;30266.5;30278.75;247
20260604 091500;30280;30280.25;30257;30260.75;483
20260604 091600;30260.75;30266.25;30250.25;30251.5;531
20260604 091700;30251.75;30272.25;30251.5;30268.5;305
20260604 091800;30266.25;30274.5;30251.25;30266.5;343
20260604 091900;30266.5;30269.5;30248.5;30253.5;261
20260604 092000;30254.25;30267.5;30250.75;30264;243
20260604 092100;30265;30287.75;30263.75;30281.75;490
20260604 092200;30282;30292;30276;30278.25;365
20260604 092300;30278.75;30289.5;30277.25;30283.5;227
20260604 092400;30284.75;30299.5;30284.25;30297;236
20260604 092500;30294.25;30307.5;30289;30290.75;324
20260604 092600;30290.5;30311;30288;30311;239
20260604 092700;30311;30312.75;30287.75;30296;260
20260604 092800;30294;30303.5;30289.75;30303.5;118
20260604 092900;30303.75;30305;30297.25;30297.5;156
20260604 093000;30298.25;30307.75;30294;30303;145
20260604 093100;30303.5;30305.5;30291.25;30302;176
20260604 093200;30301.5;30315;30300.5;30310.25;238
20260604 093300;30313.25;30317.5;30301.25;30316.5;215
20260604 093400;30316.75;30319.75;30312.75;30314.5;136
20260604 093500;30315;30328.25;30312;30324.75;205
20260604 093600;30324.75;30329;30323.25;30324.75;186
20260604 093700;30324.5;30326.25;30310.25;30312.25;226
20260604 093800;30314.5;30331.5;30314.5;30329.5;234
20260604 093900;30329;30329.5;30313.75;30319.75;156
20260604 094000;30319.5;30320.25;30304;30307.25;233
20260604 094100;30307.25;30311.75;30303.25;30306.75;136
20260604 094200;30307;30310.25;30301.5;30304;179
20260604 094300;30305;30306.25;30295.75;30298.25;153
20260604 094400;30298.25;30303.75;30296;30299.5;104
20260604 094500;30299.5;30308.75;30294.5;30298.25;165
20260604 094600;30298;30310.5;30294.25;30310.25;276
20260604 094700;30310.25;30325.5;30306.75;30320.25;287
20260604 094800;30319.75;30329.5;30315.5;30328.5;250
20260604 094900;30327.5;30333.5;30324;30330.5;266
20260604 095000;30330;30331.75;30322;30329;157
20260604 095100;30328.25;30330;30313.5;30316.5;349
20260604 095200;30316.25;30336.75;30315.5;30335.75;202
20260604 095300;30336;30343.5;30334;30339.25;246
20260604 095400;30338;30339.25;30332.5;30335.5;112
20260604 095500;30335.5;30346.5;30334;30345.75;125
20260604 095600;30345.25;30349;30342.5;30342.75;205
20260604 095700;30343;30344.5;30337.5;30344.5;119
20260604 095800;30343;30343;30333;30337;169
20260604 095900;30338;30338.25;30329;30333.25;148
20260604 100000;30333.75;30338;30330.5;30336.25;146
20260604 100100;30337;30337;30312;30314.5;286
20260604 100200;30315.25;30331;30314.5;30330;184
20260604 100300;30330.25;30333.5;30327;30327;146
20260604 100400;30326.25;30326.25;30317.5;30318.25;135
20260604 100500;30319.25;30323.5;30318.5;30323;108
20260604 100600;30323.75;30324;30310.5;30310.5;132
20260604 100700;30310.5;30316.25;30307.75;30311.75;209
20260604 100800;30312.75;30320.75;30312.25;30320.75;72
20260604 100900;30319.5;30322.75;30317;30319.5;74
20260604 101000;30319.25;30321.5;30311.5;30312.75;102
20260604 101100;30312.25;30312.5;30304.75;30308;108
20260604 101200;30307.5;30313.5;30298.25;30306;307
20260604 101300;30308;30311.5;30305;30311.5;61
20260604 101400;30309.25;30318;30308.5;30313.25;130
20260604 101500;30312.5;30313.5;30305.25;30309.25;77
20260604 101600;30308.75;30310.25;30298.25;30298.25;156
20260604 101700;30299.75;30301;30291.75;30297.25;257
20260604 101800;30297.5;30299;30289.5;30293;167
20260604 101900;30293.75;30296;30288;30290.75;169
20260604 102000;30291.25;30294.5;30278;30280.5;261
20260604 102100;30280.25;30286.5;30278.25;30280.5;141
20260604 102200;30280.75;30294;30278.5;30294;191
20260604 102300;30292.25;30293.75;30284.5;30291.25;122
20260604 102400;30290.25;30300;30290;30293.25;152
20260604 102500;30293;30304.75;30291.5;30304;157
20260604 102600;30303;30306;30299;30302;112
20260604 102700;30301.75;30301.75;30287.25;30289;190
20260604 102800;30289.25;30296;30285.75;30286.75;238
20260604 102900;30286.75;30287;30277;30278.5;282
20260604 103000;30277.5;30279.5;30268.75;30271.5;212
20260604 103100;30272;30292;30269;30285.25;450
20260604 103200;30287.5;30288.75;30280.25;30283.25;126
20260604 103300;30283;30290.75;30281;30289.25;157
20260604 103400;30290;30290;30276.5;30282;99
20260604 103500;30282;30282;30271.25;30271.25;87
20260604 103600;30271.5;30275.5;30270.5;30275.25;53
20260604 103700;30275.25;30276.75;30262;30265.25;161
20260604 103800;30265.75;30273.5;30260;30261;200
20260604 103900;30260.75;30267;30259.75;30266.5;179
20260604 104000;30266;30267;30263.75;30263.75;64
20260604 104100;30263.5;30273.75;30258.75;30260.75;166
20260604 104200;30260.25;30263.5;30257;30257.75;124
20260604 104300;30258.75;30262;30247.5;30251;230
20260604 104400;30251.25;30261.5;30249.25;30259.75;185
20260604 104500;30260.25;30264;30253.5;30253.5;175
20260604 104600;30253.75;30270;30246.5;30267.75;291
20260604 104700;30267.75;30276;30263.5;30264;247
20260604 104800;30263;30265.75;30258.75;30260;121
20260604 104900;30259.25;30270.25;30257.25;30266;192
20260604 105000;30266.75;30266.75;30253.25;30254;164
20260604 105100;30254.75;30256.75;30240.5;30242.25;467
20260604 105200;30243.5;30246;30232.75;30233.75;708
20260604 105300;30234.5;30236.25;30212.5;30225;755
20260604 105400;30225;30235.25;30220.5;30232.75;308
20260604 105500;30234;30248.25;30231.5;30239.5;428
20260604 105600;30240.75;30240.75;30204.25;30222.25;773
20260604 105700;30222.25;30231.5;30222.25;30231.5;346
20260604 105800;30231.75;30237;30228;30233;146
20260604 105900;30233.75;30236;30223.25;30234.5;273
20260604 110000;30234.5;30245.75;30234.5;30245.25;221
20260604 110100;30245.25;30261.25;30245.25;30258.5;456
20260604 110200;30259.5;30263.5;30254.25;30261.75;300
20260604 110300;30261.25;30261.75;30237.75;30240.25;334
20260604 110400;30238.25;30250.25;30236.25;30240.25;286
20260604 110500;30240;30264.75;30240;30261;397
20260604 110600;30262.25;30262.25;30250;30251.25;234
20260604 110700;30251;30251;30236.5;30237;223
20260604 110800;30235.25;30244.75;30228.25;30244;334
20260604 110900;30244.5;30253;30244;30245.75;222
20260604 111000;30245;30247.75;30237.5;30244.25;141
20260604 111100;30242.75;30243;30233.25;30240;174
20260604 111200;30240;30256;30239.25;30252.75;195
20260604 111300;30254;30259.75;30249.5;30257.5;187
20260604 111400;30257.25;30257.75;30241;30252.75;318
20260604 111500;30251.75;30254.75;30243;30246.5;215
20260604 111600;30245;30254.75;30242.75;30248.5;295
20260604 111700;30249.5;30262.25;30247.5;30262.25;252
20260604 111800;30263;30276.5;30257;30267.5;586
20260604 111900;30266.25;30270.75;30255.75;30259.25;269
20260604 112000;30259.25;30260.25;30250.25;30259.75;279
20260604 112100;30260.5;30261;30242.75;30246;226
20260604 112200;30245.5;30247.75;30239.25;30239.5;221
20260604 112300;30238.25;30242.75;30229;30229.75;324
20260604 112400;30231.5;30255;30228.25;30254.25;420
20260604 112500;30253.75;30270.25;30249.75;30257.25;385
20260604 112600;30259.75;30266;30247.25;30262;387
20260604 112700;30262;30276;30259.25;30273.5;310
20260604 112800;30274;30279.5;30268.25;30274.25;403
20260604 112900;30274.75;30275.5;30266.25;30267.75;182
20260604 113000;30268.25;30272.5;30264.5;30270;162
20260604 113100;30272.25;30280;30266.25;30277.25;276
20260604 113200;30279;30290;30274.25;30287;303
20260604 113300;30287.5;30287.5;30254.25;30257.25;504
20260604 113400;30257;30261.75;30254;30258.25;339
20260604 113500;30257.5;30262.5;30234.5;30238.5;538
20260604 113600;30237.75;30237.75;30218;30219.5;599
20260604 113700;30219.5;30221.25;30186.75;30189.5;1282
20260604 113800;30189.5;30192.25;30166.5;30167.75;1142
20260604 113900;30167.75;30195.5;30164.25;30194;1185
20260604 114000;30194;30209.75;30184.75;30207.75;606
20260604 114100;30208;30209;30189.25;30192.25;351
20260604 114200;30192;30207.75;30180.5;30206;580
20260604 114300;30204.75;30207.5;30184.5;30187.25;434
20260604 114400;30185.5;30192.25;30178.75;30192.25;247
20260604 114500;30192;30201.25;30191.5;30196.75;266
20260604 114600;30196.5;30209.5;30194.75;30209.5;521
20260604 114700;30207.5;30208.5;30191.25;30198.5;277
20260604 114800;30198.75;30202.5;30194.25;30200.25;158
20260604 114900;30199.75;30216;30197.75;30210.5;277
20260604 115000;30208;30234.5;30204;30233;477
20260604 115100;30234;30253.5;30230;30243;690
20260604 115200;30243.5;30262.5;30240.75;30257.25;496
20260604 115300;30255.5;30261.25;30250.75;30255.5;315
20260604 115400;30255.25;30261.5;30251;30259.5;474
20260604 115500;30260;30266.5;30256.25;30261.5;289
20260604 115600;30262;30267.75;30253;30266.5;336
20260604 115700;30265.75;30265.75;30251.5;30252;230
20260604 115800;30252.25;30282.75;30249.75;30280.25;891
20260604 115900;30279.75;30281.5;30264;30267.5;424
20260604 120000;30267.25;30282.5;30261.5;30280.75;298
20260604 120100;30279.25;30284.75;30272;30277.75;503
20260604 120200;30276.5;30278.25;30248.25;30249.25;663
20260604 120300;30249.75;30259.25;30245;30258;344
20260604 120400;30260;30267.75;30255.5;30266.75;215
20260604 120500;30266.75;30267;30247.75;30249.25;217
20260604 120600;30249.25;30251.5;30242;30246.75;163
20260604 120700;30246.75;30268.25;30245.75;30268;315
20260604 120800;30267.5;30286;30266;30280.25;573
20260604 120900;30278.75;30280;30270.5;30272.25;235
20260604 121000;30273;30283;30251.5;30262;764
20260604 121100;30263.5;30273.75;30263.5;30266.25;177
20260604 121200;30265.75;30268;30239;30241.75;807
20260604 121300;30243.5;30252;30230;30230.5;677
20260604 121400;30231.5;30237.25;30224.25;30234.75;269
20260604 121500;30234.5;30242.5;30230.75;30237.5;236
20260604 121600;30237.25;30249.75;30236.25;30239.25;180
20260604 121700;30238;30253.75;30237.25;30247;223
20260604 121800;30247;30247;30231.75;30234;223
20260604 121900;30234.75;30248.5;30231;30243;330
20260604 122000;30242.75;30243;30227.25;30234.25;232
20260604 122100;30234.25;30240;30229.75;30229.75;153
20260604 122200;30229.25;30247;30229;30233;273
20260604 122300;30232.5;30235.25;30223;30232.75;370
20260604 122400;30233.25;30250.75;30228.75;30250.75;500
20260604 122500;30249.75;30251.75;30234.75;30236.5;233
20260604 122600;30238;30247.5;30235.25;30245.5;129
20260604 122700;30245.25;30249.5;30232.5;30234.5;289
20260604 122800;30234.25;30244.25;30227;30242.25;359
20260604 122900;30243;30249.25;30235;30237.5;220
20260604 123000;30237.75;30250.25;30235.75;30248;182
20260604 123100;30249;30268.5;30246;30268.5;911
20260604 123200;30268.25;30282;30262.5;30282;530
20260604 123300;30280.75;30282;30272.5;30274.75;282
20260604 123400;30275.5;30281.25;30266.25;30268.25;261
20260604 123500;30267.75;30272.25;30260;30266.5;369
20260604 123600;30266;30271.25;30256.5;30271.25;280
20260604 123700;30270.5;30285.75;30270;30281;365
20260604 123800;30282.5;30303.5;30281.25;30286.75;719
20260604 123900;30287;30288.5;30274.25;30285;415
20260604 124000;30285;30292.5;30281.5;30282.5;250
20260604 124100;30282.25;30287.75;30281;30281.5;134
20260604 124200;30281.75;30284;30273.75;30278;300
20260604 124300;30278.5;30292;30278.5;30290.5;278
20260604 124400;30291.5;30305.75;30291.5;30305;369
20260604 124500;30304.75;30312.25;30301;30309.5;389
20260604 124600;30308.75;30317.25;30305.5;30306;441
20260604 124700;30306;30306;30290.25;30290.25;382
20260604 124800;30290;30304;30289.75;30296.5;354
20260604 124900;30296;30320.75;30293.5;30318.5;440
20260604 125000;30318.75;30327.75;30316.25;30324.25;432
20260604 125100;30323.75;30326.75;30317.25;30324.75;269
20260604 125200;30326.5;30330;30320.75;30328;253
20260604 125300;30328.5;30329.25;30306;30311.5;481
20260604 125400;30312;30328;30310.75;30321.5;451
20260604 125500;30321.5;30325.5;30314.75;30315.5;295
20260604 125600;30315.75;30321.25;30310.25;30314.25;269
20260604 125700;30314.75;30319.25;30307.75;30312;249
20260604 125800;30313.5;30314;30301;30301;360
20260604 125900;30301.75;30304;30296;30301.75;368
20260604 130000;30302.5;30315.5;30302.5;30309.75;328
20260604 130100;30310.25;30312.75;30293.25;30299.75;431
20260604 130200;30299.25;30308.75;30298;30303;276
20260604 130300;30304.25;30312.75;30300;30312.25;264
20260604 130400;30312.25;30317;30299;30299;397
20260604 130500;30299.25;30299.75;30287.75;30295.75;377
20260604 130600;30294.75;30306.5;30294.25;30305.25;294
20260604 130700;30306;30306.25;30291.25;30302.25;476
20260604 130800;30302.25;30314.5;30301.5;30310;273
20260604 130900;30310.5;30312.5;30305.5;30306.25;170
20260604 131000;30306;30309.75;30298.25;30306;277
20260604 131100;30305.5;30308.75;30298.5;30298.5;156
20260604 131200;30298.75;30310.25;30295;30300.25;313
20260604 131300;30301;30303;30296.5;30300;228
20260604 131400;30300.5;30305.5;30298;30304.75;119
20260604 131500;30305.75;30311.5;30297;30301.75;335
20260604 131600;30300.25;30310.5;30298.25;30307.5;322
20260604 131700;30308;30310.5;30302.75;30303.75;242
20260604 131800;30303.5;30312.25;30302.75;30307.75;329
20260604 131900;30307.25;30324.75;30307.25;30322.75;531
20260604 132000;30321.25;30329.25;30321;30325.25;437
20260604 132100;30325.25;30330.75;30316.25;30328;680
20260604 132200;30327.75;30328.25;30313;30313;375
20260604 132300;30314.25;30321;30312.75;30319.25;271
20260604 132400;30319.25;30327.5;30319;30324.25;306
20260604 132500;30324.5;30329.25;30320.75;30322.75;374
20260604 132600;30322;30322;30298;30299;922
20260604 132700;30299;30299.5;30290.25;30292.25;497
20260604 132800;30292.5;30302.25;30280;30282.5;753
20260604 132900;30282.75;30290;30269.5;30282.25;1469
20260604 133000;30281.25;30291;30265.25;30268.25;1481
20260604 133100;30268.25;30269.75;30210;30242.75;7211
20260604 133200;30243.25;30291.25;30231.5;30274;5196
20260604 133300;30274.25;30302.75;30248.75;30296.25;4007
20260604 133400;30297;30339.75;30296.5;30339.25;4247
20260604 133500;30338.75;30353.75;30321;30343.5;4123
20260604 133600;30343.5;30345.5;30313;30319;4283
20260604 133700;30318.75;30331.25;30305.25;30311.5;3422
20260604 133800;30311.5;30364.5;30311.5;30350.5;3556
20260604 133900;30351.25;30361;30329.5;30348;3179
20260604 134000;30348.5;30349.25;30323;30331.75;1997
20260604 134100;30331.5;30341.5;30289.5;30294.25;3259
20260604 134200;30295;30308.5;30270.75;30274.5;2702
20260604 134300;30273.25;30284.75;30247.25;30254.75;3484
20260604 134400;30254;30266.75;30233.5;30233.5;2771
20260604 134500;30233.5;30253;30220.25;30227.25;2896
20260604 134600;30226.25;30229;30187.75;30199.5;4270
20260604 134700;30199.75;30253.5;30191.5;30224.75;3992
20260604 134800;30225.5;30271;30223.75;30262;3239
20260604 134900;30263;30282.25;30250.5;30279.75;2487
20260604 135000;30279;30284.25;30228.75;30248.5;2555
20260604 135100;30246.25;30261.5;30221.5;30258.75;2964
20260604 135200;30257.75;30294.25;30244.25;30291;2717
20260604 135300;30291.25;30316;30265;30267.5;3025
20260604 135400;30268;30288;30245.5;30259.5;2322
20260604 135500;30259;30262;30228.75;30245.25;2442
20260604 135600;30247;30268.25;30232.25;30243.5;2125
20260604 135700;30243.75;30261;30234.5;30257.5;1403
20260604 135800;30257;30292.75;30254.25;30281.25;2156
20260604 135900;30280.25;30305;30275.75;30291.5;1965
20260604 140000;30291.75;30302.25;30248;30248;2348
20260604 140100;30247.75;30271.75;30230.75;30234;3203
20260604 140200;30233.75;30262.25;30233.5;30249.5;2178
20260604 140300;30249.75;30251;30225.5;30233.5;2191
20260604 140400;30234.5;30234.75;30211.5;30211.5;2239
20260604 140500;30212.25;30218.25;30195;30197.5;2366
20260604 140600;30197.25;30201;30168.25;30176.5;3560
20260604 140700;30176.5;30193.25;30152.5;30162.75;4279
20260604 140800;30163.5;30186;30151;30170.25;2487
20260604 140900;30169.75;30200.5;30168.5;30199.75;2522
20260604 141000;30199;30209;30178.25;30185;2495
20260604 141100;30185.5;30233.25;30181.5;30232.5;3055
20260604 141200;30232.5;30276;30228;30268;3625
20260604 141300;30268;30282.5;30259.75;30261.25;2277
20260604 141400;30260.75;30275.25;30241;30262.75;2467
20260604 141500;30263.25;30281.5;30261.25;30279.25;1354
20260604 141600;30279.5;30296.25;30277.75;30291.5;2312
20260604 141700;30291;30304.25;30281.75;30295;2017
20260604 141800;30294;30307;30267.5;30298;2054
20260604 141900;30298.5;30300.5;30270.5;30281.5;1675
20260604 142000;30281.75;30285.75;30263;30264;1603
20260604 142100;30264;30275.5;30256.5;30260;1660
20260604 142200;30260.75;30289;30251.75;30273.25;1538
20260604 142300;30273;30291.25;30271.5;30290.5;1044
20260604 142400;30291;30310.75;30278.5;30309.25;1754
20260604 142500;30308.75;30324.75;30296.25;30323.5;1564
20260604 142600;30322.75;30331.25;30314.25;30327;1517
20260604 142700;30327.5;30332.75;30316.75;30320;1313
20260604 142800;30320.75;30338.5;30309;30334;1754
20260604 142900;30334.25;30348.5;30331;30337.75;1671
20260604 143000;30337.25;30342.5;30325.75;30341.25;1173
20260604 143100;30341;30348.25;30320;30324.5;1830
20260604 143200;30323.75;30330.75;30306.25;30317;1730
20260604 143300;30318;30320.25;30300;30307.5;1375
20260604 143400;30306.75;30331.75;30302.75;30326.75;1431
20260604 143500;30326;30343.75;30317.75;30326.75;1430
20260604 143600;30326;30335.5;30297;30303.25;1612
20260604 143700;30303.5;30325.75;30290.25;30311.75;2014
20260604 143800;30310.5;30324.75;30305.5;30321;988
20260604 143900;30322;30333.25;30313.75;30315;1208
20260604 144000;30315;30320.75;30304.75;30311.75;1071
20260604 144100;30311.75;30337;30311.75;30330.75;1162
20260604 144200;30330;30339.5;30326.25;30333.25;905
20260604 144300;30333.75;30335.75;30315;30317.75;928
20260604 144400;30318;30331.25;30312.5;30319.75;966
20260604 144500;30317.75;30323;30299.75;30301.5;962
20260604 144600;30300.5;30310.25;30297.5;30306;982
20260604 144700;30305.75;30331.5;30302;30328.25;1206
20260604 144800;30328.5;30334;30317.25;30317.25;1055
20260604 144900;30316.75;30322;30293;30296.75;1434
20260604 145000;30296.5;30315.5;30291.75;30314.75;1093
20260604 145100;30315.75;30326.75;30297.75;30324;1271
20260604 145200;30324.5;30329.25;30314;30326.25;900
20260604 145300;30326.25;30326.5;30311.25;30312.25;974
20260604 145400;30312.5;30313.75;30298;30302.5;973
20260604 145500;30302;30330.25;30300.25;30320.25;1047
20260604 145600;30320.25;30331.5;30317.5;30327;753
20260604 145700;30327.25;30343.5;30327.25;30334.75;1400
20260604 145800;30335.5;30347.75;30321.5;30343;1266
20260604 145900;30343.25;30349.5;30338.75;30348;983
20260604 150000;30347.75;30360;30344.75;30356.75;1382
20260604 150100;30357.25;30382.75;30354.5;30380;2811
20260604 150200;30380;30380.75;30363.25;30372;1400
20260604 150300;30371.5;30379.75;30365.25;30368.75;1139
20260604 150400;30367;30375.75;30362.25;30368;795
20260604 150500;30368.25;30371;30356;30369.5;733
20260604 150600;30369.75;30390.5;30368.5;30386;1330
20260604 150700;30385.5;30396.75;30384;30393.5;1008
20260604 150800;30394;30408;30388;30406.75;1627
20260604 150900;30407.25;30425;30404.25;30422.75;1998
20260604 151000;30423.25;30437.5;30422;30430.25;1883
20260604 151100;30430.25;30437.5;30418.5;30435.5;1749
20260604 151200;30436.25;30442;30427.75;30435.25;1164
20260604 151300;30435.5;30446.75;30430.75;30442.75;1286
20260604 151400;30441.5;30446.25;30435.25;30437;972
20260604 151500;30437.5;30453.25;30436.75;30450.5;1285
20260604 151600;30451;30460;30442.75;30459.75;1558
20260604 151700;30460;30465.75;30455.75;30463.75;1545
20260604 151800;30464;30469.5;30457.75;30466;1097
20260604 151900;30466.75;30469;30450.5;30453.5;1233
20260604 152000;30453;30464.5;30449.75;30462.75;1109
20260604 152100;30463;30464.25;30438.25;30441;1685
20260604 152200;30441;30452;30438;30445.5;1057
20260604 152300;30446.25;30453.25;30441.75;30443.5;651
20260604 152400;30442.5;30443;30431.5;30433;1178
20260604 152500;30433.25;30467.75;30432.75;30460.25;1452
20260604 152600;30460.75;30461.75;30446.75;30455.25;1121
20260604 152700;30455.25;30458;30445;30446.75;762
20260604 152800;30446.75;30456;30442.5;30454;722
20260604 152900;30454.25;30457;30437.75;30446;934
20260604 153000;30445.5;30449.75;30440.25;30442;480
20260604 153100;30442;30446.5;30435;30436;933
20260604 153200;30435.75;30440.5;30431.25;30439.25;1066
20260604 153300;30438.75;30448.25;30427;30430.5;897
20260604 153400;30430.25;30443.75;30430.25;30436;595
20260604 153500;30436.5;30441.75;30433.25;30440.25;621
20260604 153600;30440.75;30443.25;30425.5;30435;954
20260604 153700;30434.75;30445.25;30425.5;30444.75;831
20260604 153800;30444.75;30448.75;30430;30431.25;682
20260604 153900;30431.5;30442.25;30431;30439.5;628
20260604 154000;30439.5;30445.75;30438.5;30443.5;575
20260604 154100;30443.5;30448;30434.25;30446.25;618
20260604 154200;30445.5;30446.5;30431;30442;662
20260604 154300;30442.25;30443.5;30436.5;30442.75;337
20260604 154400;30442.25;30444.5;30429.5;30429.5;682
20260604 154500;30430;30430.75;30410.75;30419;1524
20260604 154600;30419.25;30423;30404;30404.5;1191
20260604 154700;30405.25;30419;30403.75;30407.25;1031
20260604 154800;30407;30412.25;30384;30385.25;1440
20260604 154900;30385.5;30391.25;30378.25;30385.5;1350
20260604 155000;30385.5;30386.25;30366.75;30373;1694
20260604 155100;30372.75;30389.5;30367;30368.75;2055
20260604 155200;30369.25;30382.5;30363;30381;1364
20260604 155300;30380.5;30398.25;30379;30392.5;1446
20260604 155400;30392.75;30408.5;30389.5;30406;1253
20260604 155500;30406.5;30407.25;30396.5;30398.25;874
20260604 155600;30398;30407.5;30388;30402.75;1129
20260604 155700;30402.25;30402.25;30390;30391.75;745
20260604 155800;30392.5;30403.25;30384.5;30400.5;927
20260604 155900;30400.5;30421.75;30399.25;30416.5;1303
20260604 160000;30416.25;30421;30405.75;30413.75;930
20260604 160100;30413.25;30416.75;30393;30399.5;964
20260604 160200;30399.75;30421;30399.75;30420.25;908
20260604 160300;30420.5;30421.75;30410.75;30419.5;617
20260604 160400;30419;30426.75;30416.75;30426.25;683
20260604 160500;30425.25;30429.5;30416.75;30421.75;575
20260604 160600;30421.75;30423.75;30412.5;30415.75;567
20260604 160700;30415.75;30438.25;30415.25;30437;1223
20260604 160800;30436.5;30441.5;30432;30437.75;773
20260604 160900;30437.75;30444.5;30436;30444.25;800
20260604 161000;30444.5;30449.5;30436;30440.25;944
20260604 161100;30440.75;30444.75;30431.25;30438.5;596
20260604 161200;30438.75;30448.5;30435.5;30445;522
20260604 161300;30444.5;30452;30442.5;30448.25;592
20260604 161400;30447.75;30452;30439.75;30443.25;615
20260604 161500;30443.5;30445.75;30439.5;30440;368
20260604 161600;30440;30455.5;30440;30450.5;766
20260604 161700;30450;30459.75;30444.75;30457;761
20260604 161800;30457;30462.5;30454.25;30460.25;867
20260604 161900;30459.5;30462.25;30449.5;30449.5;729
20260604 162000;30449.5;30460.5;30446;30458;637
20260604 162100;30458;30466;30451.5;30465;639
20260604 162200;30465.25;30470;30457.25;30467.75;1085
20260604 162300;30467.5;30468.5;30460;30466;481
20260604 162400;30465.75;30482.25;30462.5;30481.5;1248
20260604 162500;30481.5;30486.25;30478.5;30481.5;731
20260604 162600;30481;30484.75;30466.5;30477.25;1073
20260604 162700;30477;30483.25;30469;30474.25;670
20260604 162800;30474.5;30483;30470.5;30481.25;576
20260604 162900;30480.75;30484.25;30475.75;30482.75;567
20260604 163000;30483.25;30483.25;30477.75;30480;496
20260604 163100;30480.25;30480.5;30452.5;30453.25;1480
20260604 163200;30452.75;30458.25;30436;30437;1376
20260604 163300;30437.25;30453;30437.25;30449.5;909
20260604 163400;30449.5;30456.25;30445;30449.5;535
20260604 163500;30449.75;30456.25;30442;30449;885
20260604 163600;30449.75;30451.25;30443.25;30447.25;366
20260604 163700;30447.25;30461;30446;30460.25;830
20260604 163800;30460.25;30465.75;30459.5;30462.75;573
20260604 163900;30462.75;30472.5;30461.25;30471.75;812
20260604 164000;30472;30476.25;30464.75;30471;948
20260604 164100;30471.75;30472.5;30462.75;30465.75;703
20260604 164200;30465.75;30480.75;30462.5;30480.75;738
20260604 164300;30480.25;30484.25;30475.75;30483.75;643
20260604 164400;30483.5;30489.5;30483.25;30485.5;831
20260604 164500;30485.5;30490;30478;30482.75;620
20260604 164600;30482.75;30486.5;30472.75;30473.75;734
20260604 164700;30474;30481.75;30468.25;30474.5;816
20260604 164800;30474;30477;30469;30470;504
20260604 164900;30469.75;30473.5;30466;30472.5;594
20260604 165000;30471.5;30479.5;30465.75;30474.25;665
20260604 165100;30474;30483.75;30473.5;30483.25;617
20260604 165200;30483.25;30489.75;30480.75;30482.75;877
20260604 165300;30482.5;30487.25;30476;30485.75;473
20260604 165400;30485.75;30493.25;30484;30490.25;718
20260604 165500;30490;30492;30482.5;30484.75;516
20260604 165600;30484.25;30487.25;30481.25;30484.75;438
20260604 165700;30485.25;30490.75;30483;30486.75;513
20260604 165800;30486.5;30487.75;30476.75;30484.5;626
20260604 165900;30483.75;30488.5;30480.75;30484.5;469
20260604 170000;30485.5;30486.25;30477.5;30479;484
20260604 170100;30479;30479;30466.5;30469.25;1035
20260604 170200;30470.25;30484.5;30467.5;30482.25;799
20260604 170300;30482.5;30484.75;30475.5;30483;490
20260604 170400;30484.25;30486.25;30470.5;30475.75;601
20260604 170500;30476.25;30479.5;30474.25;30474.75;337
20260604 170600;30474.75;30477.75;30467;30467;562
20260604 170700;30467.25;30471.5;30464.25;30468.25;640
20260604 170800;30468.5;30476.25;30468.5;30476.25;465
20260604 170900;30476.25;30487;30476;30486.75;577
20260604 171000;30487;30497;30486;30496;862
20260604 171100;30495.25;30497.5;30489.25;30492.5;660
20260604 171200;30492;30500.5;30491.5;30500.25;1185
20260604 171300;30500.25;30502.25;30496.5;30497.25;790
20260604 171400;30497.5;30499.5;30483.75;30486.25;1040
20260604 171500;30486.5;30494.5;30486.5;30494;555
20260604 171600;30493.5;30497;30491.25;30494.5;454
20260604 171700;30494.75;30495;30481.5;30482.75;612
20260604 171800;30482.75;30487.25;30478;30481.25;694
20260604 171900;30481;30485.5;30474;30485;697
20260604 172000;30484.5;30492.75;30482.25;30489;497
20260604 172100;30488.75;30490.5;30483.75;30490.25;479
20260604 172200;30490.75;30495.75;30475.5;30480.75;796
20260604 172300;30480;30485.75;30478.75;30483.25;396
20260604 172400;30483.75;30493.25;30482.25;30491.75;520
20260604 172500;30491.25;30496;30488.5;30492.5;424
20260604 172600;30492;30505.25;30491.5;30504.25;776
20260604 172700;30504;30509.75;30501;30509;693
20260604 172800;30508.75;30515.5;30506.25;30514.5;847
20260604 172900;30514;30519.75;30511.5;30514.25;811
20260604 173000;30513.75;30517;30507.75;30513.75;825
20260604 173100;30514;30527.5;30511;30525.75;1620
20260604 173200;30525;30527;30521;30522;669
20260604 173300;30522;30536;30521.5;30535.25;1114
20260604 173400;30535.25;30539.5;30532.75;30537.75;1015
20260604 173500;30537.5;30539.75;30529.5;30531.25;813
20260604 173600;30531.25;30536.25;30524;30525.5;874
20260604 173700;30525.25;30530.75;30523.5;30526;634
20260604 173800;30526.75;30527;30516.5;30523;816
20260604 173900;30522.5;30530;30517;30529.25;574
20260604 174000;30528.5;30528.5;30514.25;30515;790
20260604 174100;30515;30520.5;30511.25;30515;606
20260604 174200;30514.5;30525.5;30512;30523;711
20260604 174300;30522.75;30532.5;30520.25;30532;706
20260604 174400;30532;30539.5;30531.25;30534.25;725
20260604 174500;30534.5;30540.25;30529.75;30540;666
20260604 174600;30539.75;30544;30533.5;30533.5;705
20260604 174700;30534;30536.5;30530.25;30531.25;525
20260604 174800;30530.75;30535;30525.75;30531;567
20260604 174900;30531.75;30544;30530.25;30543.25;526
20260604 175000;30543.75;30543.75;30537.25;30543.5;490
20260604 175100;30543.5;30546.25;30540.25;30540.75;631
20260604 175200;30540.5;30554;30540.25;30552.25;971
20260604 175300;30552.5;30555;30549.5;30549.75;703
20260604 175400;30549.75;30551.5;30544.75;30545.25;481
20260604 175500;30545.25;30550;30543.5;30548.25;404
20260604 175600;30549.25;30554.75;30542.5;30554.5;535
20260604 175700;30554;30559.5;30552.25;30555;883
20260604 175800;30555.25;30559.25;30550;30558.25;527
20260604 175900;30558.5;30561.75;30557.5;30561.5;542
20260604 180000;30561.5;30563.25;30556.25;30559.5;834
20260604 180100;30559.25;30569;30555.25;30561.75;1611
20260604 180200;30561.5;30572.5;30560.5;30566.5;1070
20260604 180300;30567.25;30573.75;30567;30572.25;632
20260604 180400;30572.25;30575;30566.75;30574.75;674
20260604 180500;30575;30580.25;30572.75;30578.5;813
20260604 180600;30578.25;30588.75;30578.25;30588.25;1190
20260604 180700;30588;30593.75;30586;30589.75;1019
20260604 180800;30590;30594.25;30586.25;30591.25;825
20260604 180900;30591;30594.25;30582.25;30582.75;931
20260604 181000;30582.75;30588.75;30580.75;30587.5;853
20260604 181100;30587.75;30591;30579.25;30587.25;781
20260604 181200;30586.25;30596.25;30584.25;30595.25;716
20260604 181300;30595;30598.5;30592;30594.75;639
20260604 181400;30594.5;30598;30592.5;30595;442
20260604 181500;30595;30596;30588.5;30592;816
20260604 181600;30592;30593.5;30580;30583.5;1024
20260604 181700;30584;30588.5;30581;30583;611
20260604 181800;30583.5;30583.5;30574;30577.75;866
20260604 181900;30578.25;30593.75;30577;30591.25;967
20260604 182000;30591;30595.5;30590.75;30591;500
20260604 182100;30590.75;30591.75;30583.75;30589.75;668
20260604 182200;30589.5;30594.25;30588;30589.5;508
20260604 182300;30590.25;30591.75;30580.5;30581.5;470
20260604 182400;30581.5;30585.75;30576.75;30579;719
20260604 182500;30579.25;30583.25;30576.25;30580;759
20260604 182600;30580.25;30589.75;30578.5;30588;615
20260604 182700;30588;30595.25;30587.5;30594.5;662
20260604 182800;30594.5;30595.5;30588.25;30589.75;570
20260604 182900;30589.75;30592.5;30583.75;30584.75;614
20260604 183000;30584.75;30590;30583.75;30586.25;460
20260604 183100;30586.25;30590.75;30582.25;30582.75;556
20260604 183200;30582.5;30582.5;30569.75;30570.75;1182
20260604 183300;30571;30575.5;30570.25;30571.5;756
20260604 183400;30571.5;30573.25;30562.25;30565;962
20260604 183500;30565.25;30579.25;30563.75;30579;865
20260604 183600;30579;30580.75;30567.25;30567.75;731
20260604 183700;30568;30575.75;30564;30574.25;763
20260604 183800;30574.75;30579.25;30574.25;30575.25;552
20260604 183900;30575.5;30578.5;30567.5;30568;547
20260604 184000;30567.5;30574.5;30562.75;30570.75;761
20260604 184100;30570.25;30570.75;30557.75;30559.25;838
20260604 184200;30559;30569.5;30558.75;30569.25;642
20260604 184300;30568.75;30570;30563.5;30567.25;473
20260604 184400;30567;30575.25;30566.5;30573.5;609
20260604 184500;30573.5;30575;30566.75;30572.5;478
20260604 184600;30572.75;30574;30565;30566.5;493
20260604 184700;30566.75;30580;30565;30579.25;728
20260604 184800;30579;30587.25;30575;30584.5;985
20260604 184900;30584.25;30588.25;30581.25;30588.25;617
20260604 185000;30588;30588.75;30580.25;30587.75;570
20260604 185100;30588.5;30592.25;30584;30585.75;535
20260604 185200;30585.75;30592;30581.75;30590.75;478
20260604 185300;30590.75;30591;30585.25;30588;391
20260604 185400;30587.75;30591.25;30587;30589.75;233
20260604 185500;30589.25;30590.5;30578.25;30580.5;541
20260604 185600;30580.25;30582.5;30569.75;30571;899
20260604 185700;30571.5;30577.25;30569.75;30571.25;480
20260604 185800;30571;30572;30560;30560.25;655
20260604 185900;30560.25;30563;30555.25;30557.25;1140
20260604 190000;30557.75;30561.75;30550;30558;1006
20260604 190100;30558;30571;30554.25;30570.5;1110
20260604 190200;30570.75;30571.75;30563.5;30565.25;514
20260604 190300;30565;30573;30563;30567.75;522
20260604 190400;30567.5;30570.5;30564.5;30568.25;375
20260604 190500;30568.75;30572.25;30563.25;30571;626
20260604 190600;30571.5;30585.75;30569.25;30584.5;1118
20260604 190700;30583.5;30583.5;30577.75;30580;524
20260604 190800;30580.5;30587;30579.75;30583.75;539
20260604 190900;30584.25;30588.75;30577.25;30579.5;693
20260604 191000;30578;30580.5;30569.75;30571.25;773
20260604 191100;30571.25;30574.25;30559.75;30560;716
20260604 191200;30560.25;30562.5;30553.25;30553.25;857
20260604 191300;30553.75;30560;30549;30550.25;826
20260604 191400;30550.5;30551.75;30545.75;30547.25;834
20260604 191500;30547.75;30559;30546.25;30555.25;784
20260604 191600;30555.25;30556;30542.5;30545.5;1059
20260604 191700;30546;30546.5;30539.25;30540.75;819
20260604 191800;30541.25;30547.5;30534.5;30535.75;1201
20260604 191900;30536;30539;30531;30534;1027
20260604 192000;30534.25;30545.25;30533.75;30535;922
20260604 192100;30535.25;30548.75;30535.25;30546.5;807
20260604 192200;30546.75;30547.25;30537.75;30542.25;678
20260604 192300;30542;30558.25;30540.5;30557.25;996
20260604 192400;30557;30567.5;30555.25;30564;797
20260604 192500;30563.5;30571.75;30563;30569.25;655
20260604 192600;30569.5;30575.25;30566;30573.5;749
20260604 192700;30573.75;30577.25;30571.25;30574.75;607
20260604 192800;30574.75;30580.25;30571.75;30579.5;515
20260604 192900;30579.75;30583.5;30575.5;30582.75;692
20260604 193000;30581.75;30596;30580;30594.75;1049
20260604 193100;30594.25;30603.25;30589.75;30602.5;1421
20260604 193200;30603;30603.25;30587.75;30588.75;1170
20260604 193300;30589;30598.25;30588.5;30596.25;596
20260604 193400;30596.75;30597;30589.25;30590;388
20260604 193500;30589.75;30590;30578.5;30588.25;936
20260604 193600;30587.5;30594.5;30583.75;30594;564
20260604 193700;30593.75;30597.25;30591;30592.25;476
20260604 193800;30592.75;30593.25;30583;30583.75;607
20260604 193900;30583.75;30586;30578.25;30579.5;495
20260604 194000;30579.75;30587.25;30577;30586.75;516
20260604 194100;30587.25;30589;30556.5;30556.5;985
20260604 194200;30557;30564;30555.25;30559.75;806
20260604 194300;30558.5;30563.75;30551.75;30552.5;800
20260604 194400;30552.5;30554.5;30548;30551.25;777
20260604 194500;30551;30555;30546.5;30548.75;846
20260604 194600;30548.25;30551.5;30534;30535;1270
20260604 194700;30534.5;30544;30528.5;30540.25;1323
20260604 194800;30539.75;30543.5;30527.25;30527.5;991
20260604 194900;30528;30534.75;30526.5;30529.25;816
20260604 195000;30529.75;30543.25;30527.5;30539;882
20260604 195100;30537.75;30547;30517;30518.75;2252
20260604 195200;30519.25;30526.75;30511;30525.5;1466
20260604 195300;30525.75;30531.5;30513.25;30524.5;1334
20260604 195400;30524.75;30533.75;30521;30522.75;1526
20260604 195500;30522.25;30530.25;30517.25;30518.75;1789
20260604 195600;30518.25;30518.25;30493.75;30496.5;3171
20260604 195700;30496;30502.5;30490.25;30493;1506
20260604 195800;30492.75;30504.5;30487.25;30497.75;1827
20260604 195900;30497.75;30502.5;30491.75;30500.5;1781
20260604 200000;30500.25;30502.25;30481.25;30484;7883
20260604 200100;30484;30495;30483.75;30484.75;2412
20260604 200200;30485;30485.75;30476.5;30478.5;1087
20260604 200300;30478.5;30479;30464.5;30466.75;1065
20260604 200400;30467.25;30475.75;30461;30462;1148
20260604 200500;30462;30473.5;30460;30465.25;723
20260604 200600;30464.5;30470.5;30455.75;30456.75;861
20260604 200700;30456.25;30469.75;30446.75;30467.5;1092
20260604 200800;30467.25;30467.25;30448;30454.75;728
20260604 200900;30455.25;30466.5;30454.5;30457.5;730
20260604 201000;30458;30464.25;30453.5;30463.25;529
20260604 201100;30462.5;30464.5;30439.75;30446.75;1208
20260604 201200;30446;30453;30442;30451.5;422
20260604 201300;30451;30452.5;30442;30447;409
20260604 201400;30447.5;30454;30444.25;30453.75;328
20260604 201500;30453.25;30460;30451.5;30451.75;477
20260604 201600;30451.75;30453;30448;30449.75;225
20260604 201700;30448.75;30459.5;30446.25;30459.25;336
20260604 201800;30459.25;30463.25;30455.25;30457.25;397
20260604 201900;30456;30456.5;30446.25;30447;282
20260604 202000;30447;30449;30436.25;30437.75;407
20260604 202100;30437;30440.5;30433;30433.5;239
20260604 202200;30433.75;30434.75;30428;30430.25;233
20260604 202300;30429.25;30435.75;30427;30429.5;270
20260604 202400;30430;30435;30427;30433.25;252
20260604 202500;30433;30434.75;30427;30433.5;273
20260604 202600;30435.5;30436.75;30407;30410.75;1031
20260604 202700;30412;30412.5;30402;30411;395
20260604 202800;30412;30416.5;30407.5;30413.25;250
20260604 202900;30413.5;30419;30412.75;30416.25;248
20260604 203000;30415.5;30415.75;30410;30413.75;168
20260604 203100;30413;30420;30409.75;30418;190
20260604 203200;30417.5;30424;30416.5;30416.5;178
20260604 203300;30416.75;30417;30409;30414.25;206
20260604 203400;30415.25;30415.5;30408;30413.25;108
20260604 203500;30412.25;30414;30408.5;30413.5;172
20260604 203600;30413.25;30415.5;30409.75;30411.25;98
20260604 203700;30411;30413.25;30403;30411;314
20260604 203800;30410.5;30419.75;30409.75;30416.5;270
20260604 203900;30417;30417.25;30408;30408.25;177
20260604 204000;30408.5;30415;30408.5;30414;147
20260604 204100;30414;30423.25;30413.5;30419.75;180
20260604 204200;30418.75;30420.25;30412.75;30418;94
20260604 204300;30418.25;30419;30412;30412;93
20260604 204400;30412.75;30414.5;30409.75;30413;135
20260604 204500;30413;30413.5;30409.5;30411.5;81
20260604 204600;30412;30416;30408.25;30414.5;230
20260604 204700;30414.5;30416.25;30410.5;30411.5;196
20260604 204800;30411.25;30411.25;30400.5;30402.5;235
20260604 204900;30403.25;30406;30400;30404.25;133
20260604 205000;30404.75;30406;30397.5;30400;253
20260604 205100;30400;30404.25;30398.5;30403.75;180
20260604 205200;30402.5;30412.5;30401.25;30411.25;218
20260604 205300;30412.5;30417;30412;30415.25;169
20260604 205400;30415;30416.25;30411;30411.75;72
20260604 205500;30411.75;30413.25;30408.25;30409.25;57
20260604 205600;30410;30415;30405;30408.75;232
20260604 205700;30408.5;30410;30404;30407;157
20260604 205800;30407.5;30412.5;30407;30412.5;85
20260604 205900;30411.75;30418.5;30411.75;30416.5;205
20260604 210000;30416;30419;30399.5;30399.5;370
20260604 220100;30414;30422;30392.5;30410;433
20260604 220200;30410.75;30416;30405.5;30406.25;122
20260604 220300;30405;30422;30401;30419.25;242
20260604 220400;30418.5;30419.75;30405.75;30409.75;72
20260604 220500;30409.75;30410.5;30385.75;30385.75;214
20260604 220600;30387.5;30395.5;30383.25;30390.75;191
20260604 220700;30390.5;30398.25;30383;30390;134
20260604 220800;30389.25;30391.25;30381;30385;123
20260604 220900;30384.5;30390.5;30381;30386;117
20260604 221000;30386;30399;30386;30393.5;85
20260604 221100;30395;30395;30381.5;30382.75;127
20260604 221200;30383.5;30386;30372.25;30381.25;180
20260604 221300;30383.25;30388;30377.75;30380;101
20260604 221400;30380;30380.25;30367;30368.5;203
20260604 221500;30368.25;30374.5;30367;30371;99
20260604 221600;30369.75;30370.5;30365.25;30369.5;69
20260604 221700;30368.5;30368.5;30363.5;30366.25;96
20260604 221800;30364.75;30365.25;30360.25;30360.25;112
20260604 221900;30361.75;30371;30360.5;30369.25;97
20260604 222000;30370;30374.5;30367.25;30371.75;124
20260604 222100;30371.5;30381.75;30371.25;30375.75;144
20260604 222200;30375.5;30383.5;30375;30379.75;86
20260604 222300;30380;30381.75;30360.5;30365.5;243
20260604 222400;30366.75;30371.25;30355;30357.25;136
20260604 222500;30356;30357.5;30334.25;30342.25;590
20260604 222600;30342.5;30342.5;30316;30332.75;672
20260604 222700;30333;30344.5;30330.75;30339.75;188
20260604 222800;30341;30347.5;30337.75;30344.25;147
20260604 222900;30344.75;30347.5;30340.5;30340.5;111
20260604 223000;30340.5;30344.25;30336;30341.5;83
20260604 223100;30342.5;30352.75;30341.5;30349.25;153
20260604 223200;30350.5;30355.75;30349.25;30350.75;122
20260604 223300;30351.5;30357;30349;30357;68
20260604 223400;30357;30357.75;30350.25;30351.25;60
20260604 223500;30351;30351;30334.75;30334.75;174
20260604 223600;30336.25;30341.75;30333.5;30338.5;67
20260604 223700;30338.5;30352.5;30329.5;30345.25;218
20260604 223800;30345.75;30347.75;30340.25;30343.25;67
20260604 223900;30343.25;30347;30341.75;30342.75;42
20260604 224000;30343.75;30344.75;30339;30343.5;31
20260604 224100;30344.25;30346.25;30339.5;30343.5;44
20260604 224200;30346.5;30353.25;30345;30350.25;116
20260604 224300;30351.25;30352.75;30349.25;30351.5;62
20260604 224400;30351.75;30355;30347.75;30348.5;130
20260604 224500;30349;30349.75;30335.75;30336;180
20260604 224600;30336.25;30345.5;30335.5;30345.5;95
20260604 224700;30345.5;30347.25;30342.75;30345.5;58
20260604 224800;30346.25;30353;30345.5;30347;44
20260604 224900;30348;30354.5;30347.5;30354.5;41
20260604 225000;30354.75;30360.75;30347;30349.75;161
20260604 225100;30352.5;30356.75;30351.75;30356.75;82
20260604 225200;30355.75;30359.75;30355;30357.5;85
20260604 225300;30356.25;30356.25;30350;30351.5;45
20260604 225400;30351.5;30356;30351.25;30354.5;31
20260604 225500;30354.75;30360.5;30354;30360.5;89
20260604 225600;30359.25;30360.25;30356.75;30360;35
20260604 225700;30359;30360;30356.25;30358;33
20260604 225800;30357.5;30360;30356.75;30358.25;44
20260604 225900;30358;30369;30358;30364;133
20260604 230000;30363.25;30368.75;30361.5;30366.5;49
20260604 230100;30365.75;30371.25;30365;30370.25;109
20260604 230200;30369;30370.5;30364;30365.5;50
20260604 230300;30364.5;30366.25;30355.5;30357.5;69
20260604 230400;30357.25;30360.25;30350;30353.5;109
20260604 230500;30354.25;30359.25;30354.25;30358;65
20260604 230600;30359;30365.25;30351.25;30352.25;106
20260604 230700;30352.75;30353.5;30345.5;30350;144
20260604 230800;30350.25;30356.25;30346;30355.25;117
20260604 230900;30355;30355;30343.25;30344.5;50
20260604 231000;30345.5;30346.75;30341.75;30345.25;102
20260604 231100;30346.25;30350.75;30344;30344.25;55
20260604 231200;30345;30345;30328.75;30333.25;220
20260604 231300;30334.5;30338;30324.25;30326;137
20260604 231400;30325;30334.5;30325;30331.75;117
20260604 231500;30331.5;30331.75;30327.5;30328.5;58
20260604 231600;30328.75;30330.75;30319.5;30320.75;187
20260604 231700;30322;30328;30321.75;30327.5;72
20260604 231800;30327.5;30330;30326;30327.5;40
20260604 231900;30327.25;30328;30307;30310;379
20260604 232000;30310.5;30316.25;30305;30309.75;141
20260604 232100;30309;30312;30296.25;30301;359
20260604 232200;30301.5;30301.75;30289;30295;382
20260604 232300;30296;30305.75;30292;30296.75;231
20260604 232400;30296.5;30304.25;30296.5;30304;76
20260604 232500;30302.75;30309.5;30299;30299.25;113
20260604 232600;30299;30310.25;30295;30310.25;173
20260604 232700;30308.75;30315.25;30307.25;30310.75;163
20260604 232800;30311;30321.5;30310;30315.5;147
20260604 232900;30316;30318;30311.5;30316.75;58
20260604 233000;30316;30317.25;30308.75;30310.5;96
20260604 233100;30311;30311.5;30294.25;30295.5;184
20260604 233200;30296.25;30309.75;30295;30304.5;149
20260604 233300;30304.25;30306.25;30299.25;30302.75;74
20260604 233400;30303;30305.25;30293.25;30295;101
20260604 233500;30297.75;30306;30297.75;30300;73
20260604 233600;30300;30307.25;30300;30305.75;75
20260604 233700;30305.5;30306;30299;30299;47
20260604 233800;30298.25;30298.25;30283;30288;276
20260604 233900;30288.5;30293;30284.75;30285.25;76
20260604 234000;30285.75;30295.5;30283;30294.75;83
20260604 234100;30294;30294.5;30288;30291.75;61
20260604 234200;30292.75;30296.25;30289.75;30291;41
20260604 234300;30291.5;30292.5;30281.5;30288.25;107
20260604 234400;30288.5;30291;30284.25;30284.75;80
20260604 234500;30283.5;30289;30277;30281.5;186
20260604 234600;30281.75;30281.75;30274;30275.25;154
20260604 234700;30276.5;30280.75;30269.5;30273;167
20260604 234800;30272.75;30277;30260.75;30261.5;329
20260604 234900;30263.5;30267.75;30256.75;30256.75;216
20260604 235000;30256.5;30269.25;30255;30268;238
20260604 235100;30266.75;30281;30264.75;30277.75;184
20260604 235200;30276;30279.75;30273;30278.75;73
20260604 235300;30279.5;30280;30271.25;30271.75;54
20260604 235400;30272;30283.25;30271.75;30283.25;127
20260604 235500;30282.75;30284.5;30279.5;30279.5;95
20260604 235600;30278.75;30281.75;30276.25;30280.25;75
20260604 235700;30279.75;30281.25;30261.25;30267;199
20260604 235800;30267;30269.75;30265.75;30267;76
20260604 235900;30266.25;30274.25;30263.5;30268;89
20260605 000000;30267.75;30268;30262.5;30264.25;121
20260605 000100;30262.25;30264;30233.75;30236.25;637
20260605 000200;30237.75;30249.25;30231.75;30234;309
20260605 000300;30233.75;30247.75;30229.25;30242.75;267
20260605 000400;30244;30253;30236;30236.5;409
20260605 000500;30237.25;30244;30234.25;30242;302
20260605 000600;30242;30251.25;30234.75;30234.75;214
20260605 000700;30235;30237.75;30224;30225.75;427
20260605 000800;30225.25;30227.75;30218.75;30219;330
20260605 000900;30220;30228;30220;30225;170
20260605 001000;30224.25;30228.5;30216.5;30227.5;213
20260605 001100;30225;30233.75;30221.5;30223.5;200
20260605 001200;30222.75;30225.5;30212.75;30217;293
20260605 001300;30217.5;30217.5;30210;30211.5;172
20260605 001400;30211.75;30218.25;30200.5;30204.25;334
20260605 001500;30203.75;30208.25;30198.75;30199.75;243
20260605 001600;30199.5;30215.75;30199.5;30214.75;414
20260605 001700;30214.75;30220.5;30203;30205.75;297
20260605 001800;30205.5;30209.25;30191;30200.5;355
20260605 001900;30198.75;30201.75;30194.5;30196.75;161
20260605 002000;30195.75;30202.75;30194.25;30197.75;172
20260605 002100;30199.25;30216.25;30198.75;30207.75;285
20260605 002200;30207.5;30207.5;30195.75;30197.75;220
20260605 002300;30197.25;30204.5;30194.25;30202.75;138
20260605 002400;30201;30201.5;30179.25;30195.25;494
20260605 002500;30196.5;30196.75;30176.75;30183.5;277
20260605 002600;30184.25;30188.25;30172;30173.25;408
20260605 002700;30173.75;30184;30169;30177.25;361
20260605 002800;30177.75;30186.25;30174;30184.5;230
20260605 002900;30184.75;30195.5;30184;30194.75;282
20260605 003000;30195.25;30198;30189.25;30193.5;153
20260605 003100;30194;30208.5;30193;30206.75;318
20260605 003200;30207.25;30214.75;30201.75;30211.25;269
20260605 003300;30210.75;30213;30181.25;30181.25;406
20260605 003400;30180.75;30195.25;30177.25;30188.25;274
20260605 003500;30188;30200;30184.5;30196.75;172
20260605 003600;30195.25;30207.75;30194.75;30200.75;206
20260605 003700;30199.75;30206.25;30184.25;30186.75;309
20260605 003800;30187;30188.5;30168.75;30178.25;341
20260605 003900;30176.5;30176.5;30161.5;30167.25;374
20260605 004000;30167.25;30171.5;30160.75;30171;170
20260605 004100;30170.5;30184.5;30168.75;30178.75;232
20260605 004200;30178.5;30188.5;30175;30181.25;241
20260605 004300;30179.25;30184;30176.75;30179.5;98
20260605 004400;30179.5;30182;30173;30178.75;157
20260605 004500;30181.25;30181.25;30166.25;30167.25;185
20260605 004600;30166;30169.75;30158.5;30159.75;264
20260605 004700;30160.5;30184.75;30146.5;30182.75;1220
20260605 004800;30183.25;30183.75;30166;30167.75;266
20260605 004900;30168.5;30173.5;30163.75;30171;173
20260605 005000;30170.25;30171.25;30156.5;30161.25;234
20260605 005100;30162.25;30167.5;30153;30158;232
20260605 005200;30157;30158.5;30140.25;30146.5;374
20260605 005300;30146.75;30147.25;30130.75;30141.75;431
20260605 005400;30142;30157;30142;30151;244
20260605 005500;30151.5;30157.75;30148;30153.25;137
20260605 005600;30152;30152;30139.25;30140.75;210
20260605 005700;30139.75;30144.25;30135.75;30141.25;133
20260605 005800;30140.75;30151.25;30140.25;30149.5;202
20260605 005900;30148.75;30156.5;30146.5;30151.5;226
20260605 010000;30150.75;30158.75;30142.75;30142.75;289
20260605 010100;30143.5;30152.5;30136.5;30138.75;303
20260605 010200;30137.25;30140.75;30129;30130.25;278
20260605 010300;30129.5;30137;30120.75;30132.25;418
20260605 010400;30135.25;30135.75;30126.25;30127.5;131
20260605 010500;30126.25;30141.75;30126.25;30140.75;170
20260605 010600;30139.25;30145.5;30133.5;30134.75;190
20260605 010700;30134.5;30143.5;30134.25;30139.25;157
20260605 010800;30139;30153.75;30139;30143.5;245
20260605 010900;30142.25;30143.75;30124;30130.75;373
20260605 011000;30129.25;30132.25;30121.75;30125.5;224
20260605 011100;30125;30133.75;30118.75;30121.75;262
20260605 011200;30120.25;30129;30119.5;30122;314
20260605 011300;30123;30124.75;30117.5;30120.5;174
20260605 011400;30120;30121.5;30111;30119.25;333
20260605 011500;30118.75;30125.25;30114.75;30123.75;164
20260605 011600;30124;30124.5;30108;30111;290
20260605 011700;30111.25;30113.5;30107.75;30112.5;251
20260605 011800;30113.5;30120.25;30107.75;30117;239
20260605 011900;30116.25;30127.25;30107;30123.5;369
20260605 012000;30123.25;30130.25;30122.75;30126.25;279
20260605 012100;30127.5;30128.5;30111.25;30114.25;273
20260605 012200;30114.75;30121;30090.75;30097.75;602
20260605 012300;30097.5;30105;30093.75;30097.5;256
20260605 012400;30096.75;30101.25;30090.25;30094;271
20260605 012500;30093;30096;30083;30094.5;300
20260605 012600;30094;30097.25;30058;30058;1022
20260605 012700;30058;30076.75;30052.25;30075.25;751
20260605 012800;30074.25;30086.75;30072.75;30082.5;367
20260605 012900;30083.5;30088.75;30080.25;30087.5;371
20260605 013000;30087.75;30088.75;30070;30085.25;459
20260605 013100;30085;30102;30084.5;30096.5;566
20260605 013200;30098;30111;30094.75;30111;332
20260605 013300;30110.5;30120.5;30106.25;30118.5;403
20260605 013400;30118.5;30119.25;30110;30115;256
20260605 013500;30114.25;30120.5;30110.25;30115.25;218
20260605 013600;30114.75;30126;30114;30122.5;243
20260605 013700;30123;30129;30121.75;30128.25;231
20260605 013800;30127.25;30139.25;30121;30135.75;408
20260605 013900;30134.75;30135.25;30124.5;30128.75;210
20260605 014000;30128;30133;30116.5;30126;401
20260605 014100;30125.75;30150.25;30121;30147;601
20260605 014200;30147;30148.25;30134;30136.25;298
20260605 014300;30136.75;30147.25;30134;30145.75;195
20260605 014400;30145;30152.5;30142.25;30149.5;179
20260605 014500;30149.5;30149.5;30134.5;30146.75;207
20260605 014600;30147;30155.75;30147;30153;246
20260605 014700;30152.75;30156.5;30145.25;30147.25;226
20260605 014800;30148;30153.25;30143.25;30152;134
20260605 014900;30151.75;30153;30144.25;30148.75;109
20260605 015000;30149.5;30150.25;30140.75;30140.75;131
20260605 015100;30141;30143.75;30133.25;30138.25;197
20260605 015200;30138.25;30149.75;30129.5;30143.75;313
20260605 015300;30145;30164.25;30144.5;30161.5;306
20260605 015400;30161.5;30170;30161.25;30169;267
20260605 015500;30169.75;30175;30165.25;30169.5;314
20260605 015600;30169.25;30202;30169.25;30193;769
20260605 015700;30192.75;30192.75;30185.5;30186;380
20260605 015800;30186.5;30196;30184.25;30192.5;230
20260605 015900;30192;30193.75;30187.5;30191.75;91
20260605 020000;30189.5;30196.5;30187.75;30195.5;228
20260605 020100;30196.5;30197.25;30189.75;30192.25;298
20260605 020200;30191.5;30191.75;30170.75;30176;506
20260605 020300;30179;30189.75;30177;30188.75;203
20260605 020400;30188.25;30208.75;30188.25;30207;367
20260605 020500;30207.5;30208.5;30196.25;30200.75;219
20260605 020600;30200.75;30203.25;30190.5;30196.5;247
20260605 020700;30194.75;30199.75;30186.75;30189.75;153
20260605 020800;30189;30198;30188;30196.25;184
20260605 020900;30195.75;30199;30191;30192.25;98
20260605 021000;30192.25;30199;30191.75;30197;71
20260605 021100;30196.5;30206;30194.5;30203;132
20260605 021200;30203.25;30212.25;30199.5;30208.75;193
20260605 021300;30207.5;30215.25;30206.75;30215.25;157
20260605 021400;30215.5;30218.75;30212.75;30215.25;171
20260605 021500;30214.25;30214.25;30206;30211;132
20260605 021600;30212;30226.75;30212;30224.75;283
20260605 021700;30224.75;30229.25;30218.5;30219.75;250
20260605 021800;30220;30224.25;30218.75;30223.5;143
20260605 021900;30224;30224.5;30219.5;30220.75;85
20260605 022000;30221;30221;30199.75;30205.5;451
20260605 022100;30205.25;30219;30204.75;30213.25;295
20260605 022200;30213;30225.25;30213;30225.25;169
20260605 022300;30225.25;30228.75;30223.75;30226.5;153
20260605 022400;30227.25;30232.25;30226;30230.5;120
20260605 022500;30230.25;30232;30225;30229.75;193
20260605 022600;30230;30236;30229.5;30234.5;132
20260605 022700;30234;30239.75;30230.25;30232;244
20260605 022800;30232.75;30238.5;30229;30237;180
20260605 022900;30236;30237;30231.75;30235.75;131
20260605 023000;30236.25;30236.5;30231.5;30234.25;50
20260605 023100;30233;30234;30224.25;30229.25;162
20260605 023200;30229.75;30242;30229.75;30240.75;212
20260605 023300;30241;30242;30233;30237.5;254
20260605 023400;30237.5;30238;30229.75;30233;119
20260605 023500;30234.25;30237;30231.75;30234.25;66
20260605 023600;30233.75;30243;30231.5;30242.5;127
20260605 023700;30242.5;30249;30239.25;30241.75;324
20260605 023800;30240.75;30244.5;30240.25;30243;122
20260605 023900;30244;30245.5;30238;30238.5;108
20260605 024000;30239;30241.5;30231.75;30233.25;147
20260605 024100;30233.25;30234.75;30220.5;30227;255
20260605 024200;30227.75;30232;30226;30231;163
20260605 024300;30229.75;30232.25;30218.25;30218.25;109
20260605 024400;30218.75;30223;30215.25;30222;191
20260605 024500;30223.75;30228.75;30220.5;30221.5;97
20260605 024600;30220.75;30223.25;30215.75;30219.5;67
20260605 024700;30219.75;30225.75;30209;30210.25;206
20260605 024800;30210.75;30218;30209;30212;186
20260605 024900;30212.25;30219;30211.5;30214.25;155
20260605 025000;30211.75;30213.75;30207.75;30211.5;146
20260605 025100;30212.25;30218.75;30209;30209.25;133
20260605 025200;30210.5;30218.75;30210.5;30216;95
20260605 025300;30214.5;30235.75;30213.75;30234.25;213
20260605 025400;30234.5;30239;30225.75;30226.5;221
20260605 025500;30227.75;30227.75;30215.75;30216.75;131
20260605 025600;30216.75;30220.75;30216.5;30217.5;49
20260605 025700;30215.5;30217.25;30210.25;30214.25;110
20260605 025800;30215.5;30227.75;30213.75;30227.75;119
20260605 025900;30227.5;30227.75;30212.5;30216;94
20260605 030000;30215;30217;30213;30214.25;64
20260607 220100;28844.5;28919;28822.25;28827.5;2189
20260607 220200;28827.75;28920;28827.75;28901;999
20260607 220300;28903;28951.75;28895;28918.25;1454
20260607 220400;28919.5;28934.25;28907;28930.25;643
20260607 220500;28929.25;28941;28914;28928.5;558
20260607 220600;28928.5;28939.25;28893;28894.75;667
20260607 220700;28895.75;28912.25;28883;28889.75;820
20260607 220800;28889;28901.25;28883;28888.75;361
20260607 220900;28887.5;28889.5;28873;28885.25;631
20260607 221000;28882.75;28902.75;28882.75;28900.25;389
20260607 221100;28898.5;28912.5;28892.5;28904.25;324
20260607 221200;28903.5;28918.5;28893.5;28910;322
20260607 221300;28907;28940.5;28905.5;28933;528
20260607 221400;28932.75;28959.25;28927.25;28957.25;427
20260607 221500;28956.75;28998;28955.75;28995.25;825
20260607 221600;28993.5;28995.75;28975.25;28977;535
20260607 221700;28976.75;28987;28959;28972.5;782
20260607 221800;28971.5;28999.25;28954.25;28995.75;543
20260607 221900;28994.75;29006;28980.75;28990.75;593
20260607 222000;28991.25;29011.25;28984.25;28990.75;510
20260607 222100;28990.25;29023;28989.25;29021.25;585
20260607 222200;29020.25;29022.75;29003.75;29005.25;631
20260607 222300;29006.5;29008.5;28991.25;28997;301
20260607 222400;28996.25;29008.75;28992;29000.75;259
20260607 222500;28999.75;29002.75;28984;28986.75;471
20260607 222600;28986.25;28995.5;28986.25;28987.75;258
20260607 222700;28987.75;28990.25;28977;28979.25;284
20260607 222800;28978.75;28982.25;28971;28972.5;390
20260607 222900;28972.25;28994;28967.25;28984.5;405
20260607 223000;28983;28985.5;28956.5;28967.25;333
20260607 223100;28969.25;28986.25;28968.75;28973.5;383
20260607 223200;28974.25;28975.25;28944;28965.5;600
20260607 223300;28966;28986;28960.25;28984.75;322
20260607 223400;28983.25;28999;28981;28993.5;402
20260607 223500;28993.75;28995.75;28986.5;28994;174
20260607 223600;28993.25;28993.25;28979.75;28989;190
20260607 223700;28988.75;29015.5;28987.75;29013.5;365
20260607 223800;29013.5;29017.75;29010;29015.5;221
20260607 223900;29014.5;29015.5;29001.5;29007.25;468
20260607 224000;29011.25;29017.25;28996.25;28997.25;244
20260607 224100;28998.25;29009;28995;29003.75;202
20260607 224200;29002.25;29004;28994.5;28996;145
20260607 224300;28996.25;28996.25;28963;28967.5;467
20260607 224400;28967.5;28975.75;28960.75;28975.75;181
20260607 224500;28975;28985.25;28971.25;28974;197
20260607 224600;28972.5;28976.5;28957;28959.75;194
20260607 224700;28959.5;28986.5;28945;28982.25;678
20260607 224800;28980.5;28993;28970.75;28991.25;268
20260607 224900;28990.5;29000;28975.75;28976;278
20260607 225000;28977.25;28985;28964.5;28970.25;151
20260607 225100;28970;28975.25;28961;28973.5;190
20260607 225200;28972.75;28991;28971.25;28983.25;229
20260607 225300;28985.25;28993.5;28985.25;28986.75;129
20260607 225400;28988;28988;28966.5;28974;176
20260607 225500;28974.25;28974.25;28962.5;28968.5;136
20260607 225600;28971;28972.25;28900.25;28903;954
20260607 225700;28904;28934.75;28872.25;28934.5;1459
20260607 225800;28933.25;28936.75;28899.25;28920.5;456
20260607 225900;28920.75;28925;28893.75;28916;278
20260607 230000;28917.75;28923;28888.25;28893;235
20260607 230100;28894.75;28931.25;28894.5;28925.25;338
20260607 230200;28926.75;28942.5;28921;28940.5;214
20260607 230300;28942.25;28962.25;28932.25;28955.25;272
20260607 230400;28958.25;28971.5;28954.75;28970;222
20260607 230500;28968.25;28980.5;28960;28976;237
20260607 230600;28978.5;28978.5;28958;28973.5;221
20260607 230700;28974.5;28987.25;28970.25;28979.5;272
20260607 230800;28977.5;29002.75;28975.75;28999.75;338
20260607 230900;28997.5;28998.75;28985.5;28987.75;156
20260607 231000;28988;28988.75;28979;28986.5;128
20260607 231100;28985;29001.25;28966.75;28967.75;371
20260607 231200;28969.25;28984.5;28967.75;28975.25;137
20260607 231300;28974.25;28986.75;28967.25;28986.5;93
20260607 231400;28987.25;28994.75;28981.25;28983;136
20260607 231500;28986.5;28996;28986.5;28994.25;95
20260607 231600;28992.5;28994.75;28975.75;28983.25;151
20260607 231700;28982.75;28984;28956;28972.75;343
20260607 231800;28973.75;28976;28952;28960;258
20260607 231900;28962.5;28972.25;28957;28969.25;123
20260607 232000;28968;28985.75;28966.5;28974.75;184
20260607 232100;28972;28985.75;28964;28970.75;134
20260607 232200;28969.25;28977;28952.25;28961;275
20260607 232300;28960.75;28965;28938.5;28956.75;325
20260607 232400;28955.75;28962;28949;28952;143
20260607 232500;28951.75;28962.75;28944.25;28952.25;144
20260607 232600;28948.75;28968.75;28942;28959.75;159
20260607 232700;28958;28958;28950;28957.5;113
20260607 232800;28956.5;28970;28955.25;28962.5;94
20260607 232900;28963;28991;28961.25;28983.5;380
20260607 233000;28982.75;28989.5;28975.25;28979;99
20260607 233100;28977.25;28992.5;28975;28982;262
20260607 233200;28982;28984;28971;28974.25;113
20260607 233300;28970.75;28996;28970.5;28994.5;160
20260607 233400;28993.75;29008;28989;28996.25;326
20260607 233500;28996.25;28997.75;28980.5;28989.75;217
20260607 233600;28989.75;28995;28976;28983.5;187
20260607 233700;28983;28984.5;28977.5;28982;92
20260607 233800;28982.5;28985.75;28967;28968;142
20260607 233900;28968.75;28984;28966.75;28979.25;115
20260607 234000;28980.5;28981;28964.75;28974.75;163
20260607 234100;28973.75;29006.5;28973.5;29000.25;278
20260607 234200;29000;29000;28984.25;28985;144
20260607 234300;28985.5;28998.25;28985.5;28998.25;51
20260607 234400;28996.75;29020.75;28995.75;29016.5;311
20260607 234500;29015.25;29026.5;29011.5;29024.75;324
20260607 234600;29023.5;29049.5;29013.75;29032.75;873
20260607 234700;29032.75;29065.75;29031.25;29059;523
20260607 234800;29057.75;29073;29055.5;29062.25;495
20260607 234900;29060.5;29089.25;29058.5;29088.25;406
20260607 235000;29089;29093.25;29069.75;29074.5;348
20260607 235100;29073;29084.75;29072.75;29078;276
20260607 235200;29075.25;29087.5;29066;29069;334
20260607 235300;29069.75;29076.75;29061.25;29069.25;250
20260607 235400;29067.25;29072.25;29066;29066;126
20260607 235500;29065;29072;29057;29061.75;170
20260607 235600;29061.75;29077.5;29061.75;29076.25;144
20260607 235700;29075.25;29075.5;29063.25;29067.25;144
20260607 235800;29067;29097.25;29066.75;29087.5;476
20260607 235900;29086.75;29088.75;29074.25;29075.75;287
20260608 000000;29080.25;29103.5;29080.25;29087.75;372
20260608 000100;29083.5;29088.75;29063.25;29066;543
20260608 000200;29066.75;29101.75;29059.5;29101.25;393
20260608 000300;29099.75;29115;29094.25;29113.25;609
20260608 000400;29113.25;29135;29110;29133.75;634
20260608 000500;29132.75;29141.5;29128.75;29139.25;419
20260608 000600;29139.5;29142;29114.25;29115.5;590
20260608 000700;29115;29123.5;29103.75;29107.25;473
20260608 000800;29108.25;29121.75;29098;29118.5;483
20260608 000900;29119;29129;29116.75;29121.5;293
20260608 001000;29122.75;29139.25;29121.5;29137.75;366
20260608 001100;29136.5;29136.5;29107.25;29108.75;413
20260608 001200;29109.25;29130.5;29106.75;29124.5;323
20260608 001300;29124;29135;29123.25;29128.25;162
20260608 001400;29127.5;29133.25;29121.75;29125;132
20260608 001500;29126;29148.25;29122;29146.5;394
20260608 001600;29146.75;29146.75;29135;29143.25;325
20260608 001700;29143;29171.25;29143;29165.25;774
20260608 001800;29165.25;29177;29164.25;29177;389
20260608 001900;29176.75;29192;29176.25;29191.5;390
20260608 002000;29191.5;29191.5;29170.25;29175.25;412
20260608 002100;29176;29188;29174.25;29185;240
20260608 002200;29184.25;29195.75;29178;29180.5;426
20260608 002300;29180;29188.5;29176.75;29187;166
20260608 002400;29185.75;29194;29180.75;29193;186
20260608 002500;29192.5;29201;29186;29189;303
20260608 002600;29188;29199.75;29182.75;29195.25;225
20260608 002700;29195.75;29215.5;29195;29208;512
20260608 002800;29209;29218.5;29209;29215.75;252
20260608 002900;29216.75;29225.75;29213.5;29223.25;501
20260608 003000;29224.25;29225;29215;29223;234
20260608 003100;29223.5;29233.25;29222.25;29231.75;272
20260608 003200;29231;29244.25;29228.5;29235.5;414
20260608 003300;29234.5;29237.5;29224.5;29233.5;344
20260608 003400;29232.75;29234;29213.5;29220.5;466
20260608 003500;29220;29226;29215.25;29218.75;268
20260608 003600;29219.25;29230.75;29218;29224.5;282
20260608 003700;29224.25;29246.5;29223.25;29246.5;459
20260608 003800;29244.75;29269.75;29243.5;29268.5;980
20260608 003900;29267.5;29274.5;29266.75;29273;714
20260608 004000;29273.25;29283;29271;29279;394
20260608 004100;29279.5;29287.5;29271.5;29274;530
20260608 004200;29272;29275.75;29247.25;29274.5;863
20260608 004300;29273.75;29281.5;29261.25;29275;323
20260608 004400;29274.25;29274.5;29265;29266;376
20260608 004500;29265;29266.25;29252.5;29253.5;395
20260608 004600;29253.5;29254;29234.5;29234.5;549
20260608 004700;29234.75;29247;29228.5;29246.25;630
20260608 004800;29244.75;29247;29239;29239.25;184
20260608 004900;29238.5;29239.75;29211.25;29228;751
20260608 005000;29229.5;29251.5;29227.25;29240;577
20260608 005100;29239.5;29241.25;29225.25;29229;281
20260608 005200;29229.25;29233.5;29217.25;29220.25;322
20260608 005300;29221;29221;29202;29208.75;366
20260608 005400;29210;29212.25;29196.5;29207.75;338
20260608 005500;29208.25;29209.5;29199.5;29199.75;179
20260608 005600;29200.25;29200.25;29167;29178.25;837
20260608 005700;29179.5;29180.5;29163.5;29171.5;485
20260608 005800;29171.5;29199.25;29165.25;29194;506
20260608 005900;29194.75;29219.25;29188;29207.5;764
20260608 010000;29207.25;29220;29203.25;29216.75;522
20260608 010100;29218.5;29230.25;29197.25;29216;637
20260608 010200;29214;29224.75;29206.5;29215.5;307
20260608 010300;29216.75;29235.75;29210.25;29229.25;283
20260608 010400;29229;29235.5;29215;29225.25;425
20260608 010500;29224.75;29229.75;29212.5;29217;279
20260608 010600;29215.75;29217;29197.5;29206.25;381
20260608 010700;29206;29217.5;29202.5;29213.75;208
20260608 010800;29213.25;29226.75;29194.75;29226.25;395
20260608 010900;29225.25;29234.25;29213.75;29231.25;438
20260608 011000;29232.25;29236.75;29209.75;29213.5;468
20260608 011100;29213.5;29219.25;29181;29185;513
20260608 011200;29186.75;29190.25;29175;29179.25;378
20260608 011300;29179.25;29192.25;29172;29185;350
20260608 011400;29184.5;29215.25;29181.75;29212.5;402
20260608 011500;29213;29215;29150.25;29151.5;532
20260608 011600;29153.5;29160;29100.5;29142.75;1261
20260608 011700;29146.5;29163;29123.75;29125.75;472
20260608 011800;29128.25;29138.5;29114.5;29131.5;401
20260608 011900;29134.75;29160;29123.25;29136.25;351
20260608 012000;29136.25;29136.25;29106.5;29112;429
20260608 012100;29111.75;29119.25;29093;29116;545
20260608 012200;29117;29142.5;29107;29131;470
20260608 012300;29127.5;29155;29121.25;29139.25;399
20260608 012400;29140.75;29154.25;29124.75;29136;450
20260608 012500;29137.5;29137.5;29112.5;29120.25;222
20260608 012600;29121;29121;29089.25;29094.75;354
20260608 012700;29093.5;29113.5;29093.5;29105.75;330
20260608 012800;29105.5;29130.5;29105.25;29120;357
20260608 012900;29120.5;29122.25;29083.25;29090.75;627
20260608 013000;29090.5;29092;29071;29074.75;485
20260608 013100;29076.75;29077.25;29025.25;29033.5;1018
20260608 013200;29034.25;29168;29031.5;29134;1493
20260608 013300;29133;29140;29110.25;29129.25;461
20260608 013400;29126.5;29134.25;29093.5;29093.5;359
20260608 013500;29093.25;29120.25;29069;29112.5;628
20260608 013600;29104.75;29115.25;29088.25;29090.25;297
20260608 013700;29091.75;29111;29086.25;29100.25;226
20260608 013800;29096.5;29096.5;29071;29087.25;210
20260608 013900;29085.25;29100.75;29077.25;29099.75;189
20260608 014000;29099.75;29099.75;29077.5;29097.25;162
20260608 014100;29097.75;29121.25;29094.25;29109.75;360
20260608 014200;29109.75;29138.25;29096.75;29136.75;350
20260608 014300;29135;29159.75;29126.75;29158.75;398
20260608 014400;29156.25;29159.75;29134;29143.5;239
20260608 014500;29142.25;29161;29139.5;29158.75;290
20260608 014600;29158.25;29179.25;29157.75;29175.5;369
20260608 014700;29174.75;29179.25;29163.25;29165.5;255
20260608 014800;29165.5;29169.25;29126.5;29140.25;397
20260608 014900;29139.25;29159;29138.75;29145.25;241
20260608 015000;29143.75;29163.25;29138.75;29144;146
20260608 015100;29143;29143;29118.25;29135.25;306
20260608 015200;29135.5;29155.75;29134.25;29152.75;201
20260608 015300;29152;29168.75;29151.75;29165.5;277
20260608 015400;29168;29168.25;29132;29132.75;183
20260608 015500;29133.25;29144.5;29127.75;29140.75;169
20260608 015600;29139;29159.25;29134;29148;189
20260608 015700;29152.5;29168.5;29141.75;29165.5;193
20260608 015800;29164.5;29167;29152.5;29154.5;92
20260608 015900;29154;29161.5;29136.5;29159.25;171
20260608 020000;29158.75;29170;29149.5;29158.75;177
20260608 020100;29161.5;29181.75;29155.75;29171.5;374
20260608 020200;29171.25;29177;29158.75;29162.75;165
20260608 020300;29165;29166.25;29142.5;29156;254
20260608 020400;29155.75;29172;29146;29153.75;190
20260608 020500;29154;29157.5;29148;29155.5;192
20260608 020600;29153.75;29158.25;29136.5;29145.5;243
20260608 020700;29147;29165.25;29145.75;29152;266
20260608 020800;29152.5;29166.75;29147.25;29154.5;248
20260608 020900;29149.5;29160;29130.25;29135;267
20260608 021000;29133.5;29136.75;29115.5;29125.25;203
20260608 021100;29126;29131.75;29111;29115.75;173
20260608 021200;29116.75;29152.75;29116;29140.5;254
20260608 021300;29140.75;29156.5;29140.75;29153;168
20260608 021400;29152.75;29156.5;29138;29142.75;164
20260608 021500;29143;29155.5;29142.5;29152;224
20260608 021600;29151;29152;29135.75;29137;210
20260608 021700;29136.5;29144.75;29128;29135.5;301
20260608 021800;29137.5;29138;29127.75;29133.5;177
20260608 021900;29131.5;29131.5;29114.25;29123.5;293
20260608 022000;29123.25;29123.25;29106.5;29112;247
20260608 022100;29111.25;29121.5;29105;29117.5;267
20260608 022200;29117.25;29135.5;29115.5;29125.75;225
20260608 022300;29128.75;29133.5;29122.5;29129.5;77
20260608 022400;29127.5;29131.5;29116;29130.75;112
20260608 022500;29133;29151.25;29129.5;29148;145
20260608 022600;29147;29161;29147;29156;151
20260608 022700;29155.75;29172;29155.75;29172;212
20260608 022800;29172.5;29179;29162;29164.5;174
20260608 022900;29164.5;29169.75;29140;29161;486
20260608 023000;29161.25;29175.75;29161.25;29173.75;144
20260608 023100;29173.5;29183.5;29147.5;29156;288
20260608 023200;29157.25;29160.25;29133.25;29154.5;465
20260608 023300;29155.25;29168.5;29126.25;29164;492
20260608 023400;29162.5;29179.25;29159;29176.25;183
20260608 023500;29178;29188.25;29169.25;29169.5;266
20260608 023600;29168.5;29177.5;29148;29153.5;285
20260608 023700;29154.5;29172.75;29149.25;29168.75;310
20260608 023800;29168.75;29179.25;29165.25;29174.25;137
20260608 023900;29174.75;29193.5;29174.5;29189;245
20260608 024000;29189.5;29203.5;29189.5;29200.5;249
20260608 024100;29198.75;29200.5;29193.25;29199.25;157
20260608 024200;29196.75;29201.25;29187;29200;202
20260608 024300;29200.25;29217.25;29198.25;29208.25;355
20260608 024400;29206.25;29221.25;29205.5;29215;188
20260608 024500;29215.5;29229;29214.5;29229;203
20260608 024600;29228.75;29234.75;29224;29227.5;289
20260608 024700;29228.5;29240.5;29223.5;29232.25;244
20260608 024800;29234;29238.25;29230.5;29234.25;148
20260608 024900;29233.75;29243.5;29224;29224.5;258
20260608 025000;29225.75;29237.25;29218.75;29236.75;299
20260608 025100;29235.75;29239;29229.75;29234;165
20260608 025200;29233.25;29233.75;29201.25;29218;509
20260608 025300;29222;29224.5;29211;29211.75;201
20260608 025400;29214.75;29220;29209.75;29213;123
20260608 025500;29212.25;29217.5;29210.25;29213;67
20260608 025600;29213.5;29229;29213.5;29226.25;176
20260608 025700;29227;29240.5;29227;29229;303
20260608 025800;29229;29231;29212.75;29216.5;206
20260608 025900;29216;29225.75;29215;29218;113
20260608 030000;29216.75;29217.5;29206.75;29211.25;120
20260608 030100;29211.75;29227.5;29209.25;29225.25;241
20260608 030200;29225.5;29227.5;29216.25;29224.25;96
20260608 030300;29225.75;29232;29211.75;29213.25;159
20260608 030400;29212.75;29216.5;29206;29212.5;105
20260608 030500;29212.25;29212.25;29198.75;29202;179
20260608 030600;29202.5;29216.25;29195.75;29205.75;153
20260608 030700;29206;29223.5;29203;29223.5;201
20260608 030800;29224;29228;29217;29217;126
20260608 030900;29216.75;29225.25;29215.25;29225;60
20260608 031000;29224;29230;29221.5;29227;98
20260608 031100;29223.75;29228.5;29220.5;29223.75;120
20260608 031200;29223;29223.75;29211.75;29216;119
20260608 031300;29214.75;29214.75;29201.75;29205;149
20260608 031400;29204;29204;29199;29202;98
20260608 031500;29203;29216;29203;29208.25;90
20260608 031600;29207.5;29214.25;29202;29210.75;85
20260608 031700;29207;29210;29196.25;29201.5;113
20260608 031800;29202.25;29203.5;29180.75;29184.5;301
20260608 031900;29184.5;29189.5;29176.5;29179.5;193
20260608 032000;29178.75;29189.25;29177.75;29186;135
20260608 032100;29185.5;29193.25;29176.75;29184;166
20260608 032200;29184.5;29203.5;29183.25;29197.75;221
20260608 032300;29198.75;29207.5;29193.25;29205.25;189
20260608 032400;29204;29214.5;29202.25;29213.5;101
20260608 032500;29213.5;29218.5;29199.25;29218.5;127
20260608 032600;29217.25;29223;29210.25;29212.5;158
20260608 032700;29213.25;29219.75;29209;29216.25;94
20260608 032800;29216.5;29220.5;29212.25;29215.75;76
20260608 032900;29218;29219.5;29207;29210.25;111
20260608 033000;29210;29218.25;29206.5;29218;103
20260608 033100;29216.5;29232.25;29215.75;29223;183
20260608 033200;29223.5;29231.5;29219.25;29225;131
20260608 033300;29224.25;29225.5;29215.75;29220.25;90
20260608 033400;29220;29221.5;29212.75;29215.5;86
20260608 033500;29214.5;29222;29213.75;29217;77
20260608 033600;29217.5;29221.25;29214.75;29219.75;67
20260608 033700;29218.75;29227;29217;29222.75;67
20260608 033800;29223.25;29225;29217.75;29221.5;52
20260608 033900;29220.5;29222.5;29214.75;29215.75;51
20260608 034000;29215.75;29219;29210;29219;73
20260608 034100;29216.75;29222.5;29212.25;29222.5;58
20260608 034200;29220.75;29230.5;29219.5;29221.25;103
20260608 034300;29222;29226.75;29220;29223.75;62
20260608 034400;29224;29224;29207;29208.5;110
20260608 034500;29209.5;29215;29205.75;29212.5;89
20260608 034600;29212;29215.75;29210.25;29211;52
20260608 034700;29212;29216.5;29207;29211.5;69
20260608 034800;29213.25;29221;29208.75;29208.75;52
20260608 034900;29210;29215.5;29209.25;29211.25;40
20260608 035000;29210.5;29215.5;29204.25;29206.75;83
20260608 035100;29204.5;29208.5;29200;29202.5;81
20260608 035200;29203.75;29215.5;29203.75;29212.25;146
20260608 035300;29211.5;29214.5;29206;29213.25;62
20260608 035400;29213.25;29224.5;29211.25;29222.5;89
20260608 035500;29221.5;29226;29215.5;29216.25;143
20260608 035600;29215.5;29219.25;29206.5;29215;165
20260608 035700;29215.75;29217.25;29208.5;29212.5;58
20260608 035800;29212.75;29214.75;29203.5;29208.75;35
20260608 035900;29208.5;29209.75;29202.5;29205;112
20260608 040000;29204.25;29212.25;29200.25;29211.75;75
20260608 040100;29212.5;29218.5;29210;29216.75;97
20260608 040200;29217;29220.75;29215.25;29220.25;76
20260608 040300;29219.5;29223.25;29215.25;29217.25;65
20260608 040400;29216.25;29218.75;29191.5;29194;175
20260608 040500;29194.75;29196.75;29176.75;29185;484
20260608 040600;29186.25;29191.25;29157.5;29175.5;327
20260608 040700;29176;29176.75;29156.5;29168.25;134
20260608 040800;29170.5;29184.25;29164.5;29178.5;164
20260608 040900;29178.75;29190.5;29175.25;29184;141
20260608 041000;29181.5;29183;29176.5;29183;61
20260608 041100;29183.5;29189;29178.75;29186.75;83
20260608 041200;29186.5;29188.25;29177;29179.75;120
20260608 041300;29179;29181;29169.25;29173.5;407
20260608 041400;29172.25;29176;29165.75;29169.25;732
20260608 041500;29169.75;29182.5;29169.25;29176.5;549
20260608 041600;29180;29193.75;29173;29192.25;157
20260608 041700;29194;29199.75;29186.75;29198.25;186
20260608 041800;29196;29196;29183.5;29186;81
20260608 041900;29186;29186;29176.5;29183.5;106
20260608 042000;29182.75;29183.25;29158.75;29160;210
20260608 042100;29160.25;29162.75;29151;29152.25;179
20260608 042200;29151;29166.5;29146;29154;212
20260608 042300;29154.25;29170.25;29153.5;29162.75;165
20260608 042400;29161.5;29163.5;29154.5;29155.25;109
20260608 042500;29155.25;29158.5;29147;29153.75;151
20260608 042600;29153;29163.75;29152.5;29158;78
20260608 042700;29159.75;29161.75;29155.25;29159.5;59
20260608 042800;29157;29168;29155;29168;96
20260608 042900;29167.25;29174.25;29166;29171.5;101
20260608 043000;29169.25;29171.5;29161.75;29171.5;118
20260608 043100;29171.75;29176;29165.25;29165.5;66
20260608 043200;29165;29172.25;29164;29170.75;61
20260608 043300;29172.25;29178.75;29168.75;29175;116
20260608 043400;29173;29176.25;29150;29152;256
20260608 043500;29154.5;29156.5;29143;29150.5;250
20260608 043600;29153.25;29156;29138.75;29140;302
20260608 043700;29140.75;29143.5;29135.25;29138;211
20260608 043800;29139;29150.5;29139;29147.5;106
20260608 043900;29148.75;29149.75;29133.5;29136;168
20260608 044000;29134.5;29139.75;29126.5;29131.5;148
20260608 044100;29131.25;29135.5;29120.5;29123.25;161
20260608 044200;29124;29128.5;29120.75;29123.75;88
20260608 044300;29123.75;29126;29117;29119;149
20260608 044400;29119;29119.5;29103.25;29106.75;238
20260608 044500;29106.5;29115.25;29097.25;29101;329
20260608 044600;29101.25;29109.25;29096.75;29107;151
20260608 044700;29107;29131;29103;29131;267
20260608 044800;29131.5;29133;29123;29129.5;111
20260608 044900;29129;29134.75;29117.25;29118.25;141
20260608 045000;29116.5;29123;29111.25;29117.75;135
20260608 045100;29117.75;29129.75;29116.5;29125.25;91
20260608 045200;29124.75;29133.75;29118.5;29128.25;135
20260608 045300;29130.5;29140.75;29126.75;29126.75;139
20260608 045400;29126.75;29128.75;29118;29127.75;73
20260608 045500;29125.5;29126.75;29114.5;29124;75
20260608 045600;29122.5;29124.5;29110.75;29113.5;74
20260608 045700;29113;29113.75;29103.5;29110.25;96
20260608 045800;29109;29109;29095.25;29101;187
20260608 045900;29102;29102;29088.5;29097.25;229
20260608 050000;29096.5;29104;29089.75;29092;168
20260608 050100;29089.75;29121;29089.75;29113.75;357
20260608 050200;29113.25;29116.75;29103.5;29113.75;196
20260608 050300;29114.75;29118;29107.25;29118;84
20260608 050400;29119;29127;29114.25;29123;164
20260608 050500;29123;29144;29120.25;29138;185
20260608 050600;29136.75;29136.75;29113.25;29117.25;237
20260608 050700;29118;29130;29103.25;29110.5;216
20260608 050800;29109.75;29115;29102;29115;147
20260608 050900;29114;29117.25;29103.5;29108.5;218
20260608 051000;29109.5;29111.75;29101.5;29110.25;101
20260608 051100;29111.25;29115.5;29101;29102;169
20260608 051200;29101.5;29108;29097.5;29099.75;120
20260608 051300;29101.5;29101.5;29083;29085.5;253
20260608 051400;29085;29085.5;29068.25;29073.5;349
20260608 051500;29073.5;29078.75;29060;29063;193
20260608 051600;29065;29076.25;29063.75;29068.5;189
20260608 051700;29067.5;29073.75;29060.75;29071.5;199
20260608 051800;29072.5;29085.5;29066;29081.5;191
20260608 051900;29082.25;29098.25;29072.5;29096.5;357
20260608 052000;29095.75;29095.75;29083.75;29087.25;143
20260608 052100;29088;29090;29076.25;29076.5;127
20260608 052200;29077.25;29092.25;29077.25;29080;174
20260608 052300;29080;29090;29078.25;29083.25;105
20260608 052400;29082.75;29095.25;29080.25;29092.75;84
20260608 052500;29093.5;29093.5;29081.5;29082.5;107
20260608 052600;29083.75;29084.75;29063.5;29066.75;199
20260608 052700;29067.5;29083;29064.25;29077.75;169
20260608 052800;29078;29099.75;29076.5;29097;211
20260608 052900;29096.25;29100.75;29088;29090.75;187
20260608 053000;29092.5;29094;29083.75;29092;86
20260608 053100;29092.25;29098;29068;29072.25;277
20260608 053200;29074.75;29082.5;29065;29066.75;171
20260608 053300;29065.25;29068;29051;29055.75;233
20260608 053400;29056;29066.5;29052.5;29053.5;214
20260608 053500;29053.75;29054.5;29043.25;29045.75;217
20260608 053600;29047.25;29047.75;29034.25;29037.5;334
20260608 053700;29037.25;29044.75;29023.25;29036.75;367
20260608 053800;29037.5;29038.25;29000;29001.75;695
20260608 053900;29003.75;29013;29000;29011;235
20260608 054000;29009.75;29022.75;29007.25;29022;257
20260608 054100;29022;29029.25;29008.25;29013.25;215
20260608 054200;29014;29016.5;28989;28995.25;442
20260608 054300;28995.25;28995.5;28980.75;28988.75;278
20260608 054400;28990.5;29013.5;28989.5;29007;345
20260608 054500;29006.25;29007.25;28984.25;28990.5;190
20260608 054600;28989.5;28991.25;28976.5;28982.25;189
20260608 054700;28983;28998;28982.75;28994.25;250
20260608 054800;28994.25;28999.75;28986;28986;172
20260608 054900;28984.25;28997.25;28982.75;28991.25;144
20260608 055000;28990.75;28994.25;28972.75;28981.75;221
20260608 055100;28983;29012.5;28979.75;29000.75;276
20260608 055200;29000.5;29016.75;28994.25;29014.75;195
20260608 055300;29013.75;29019.25;29003;29010.5;262
20260608 055400;29011;29012.25;28993.25;28994.5;181
20260608 055500;28998.75;29002.75;28986;29002.75;241
20260608 055600;29001.25;29020.25;29001;29007.75;445
20260608 055700;29008.5;29023.5;29005.75;29021;254
20260608 055800;29019;29021.25;29000.25;29002.25;151
20260608 055900;29002.5;29004;28990;28999;198
20260608 060000;28998.25;29017.5;28997.5;29017.5;188
20260608 060100;29016.75;29051;29000;29047.75;531
20260608 060200;29047.5;29062.5;29035.25;29055.25;490
20260608 060300;29055.25;29073.25;29053.75;29061.5;337
20260608 060400;29060.5;29070.75;29053.25;29067;278
20260608 060500;29066.25;29068.75;29040.75;29050.25;485
20260608 060600;29048.25;29052.75;29041.5;29044.25;173
20260608 060700;29042;29058;29037.5;29053.25;220
20260608 060800;29052;29054.75;29035.75;29036.5;149
20260608 060900;29035.75;29037;29026.75;29036.5;229
20260608 061000;29030;29054;29028;29041.25;166
20260608 061100;29040.25;29041.75;29025.25;29036;158
20260608 061200;29036.75;29047;29036;29045.25;140
20260608 061300;29044.25;29046.75;29030.25;29039.5;111
20260608 061400;29039.25;29047.5;29036.75;29045;120
20260608 061500;29045;29045;29028.25;29030.75;128
20260608 061600;29028.75;29032.5;29017;29020;256
20260608 061700;29021;29031.5;29011.75;29015.75;279
20260608 061800;29016.25;29041.75;29015.75;29035;229
20260608 061900;29033.25;29033.5;29018.25;29021.75;152
20260608 062000;29021.25;29046.25;29020.5;29042.75;219
20260608 062100;29043;29062;29041.75;29056;271
20260608 062200;29055.5;29072.25;29052.5;29063.5;239
20260608 062300;29063.25;29066.75;29051.5;29060.75;149
20260608 062400;29061.5;29066.5;29055;29064.5;159
20260608 062500;29064.25;29074.75;29061.5;29073.75;171
20260608 062600;29072;29073;29053.25;29058.75;199
20260608 062700;29060.75;29084.25;29060.75;29082.25;263
20260608 062800;29082.5;29104.5;29081;29099.75;397
20260608 062900;29099.75;29113.25;29090.5;29109.5;305
20260608 063000;29108.75;29138;29108.5;29130.75;652
20260608 063100;29129.75;29151;29117.75;29129.25;701
20260608 063200;29128;29132.25;29104;29110;451
20260608 063300;29110.75;29121.25;29105;29113.75;256
20260608 063400;29113;29118.5;29108;29114.75;160
20260608 063500;29114.25;29119.5;29100.75;29101.75;301
20260608 063600;29103.25;29106.75;29082.25;29086.75;306
20260608 063700;29084.75;29102;29083;29101;242
20260608 063800;29102.5;29109.5;29080;29080;291
20260608 063900;29078.5;29089.75;29072.5;29080.75;256
20260608 064000;29080.5;29085.75;29078.5;29079.75;182
20260608 064100;29077.75;29081;29068.5;29072.25;185
20260608 064200;29073.75;29079;29071.75;29075;118
20260608 064300;29074;29086.5;29066.75;29084.75;287
20260608 064400;29085.75;29104.5;29084.5;29099;371
20260608 064500;29099.25;29100.5;29089;29097;94
20260608 064600;29097.25;29098.75;29075.75;29078.25;235
20260608 064700;29078.25;29092.5;29078;29084.25;133
20260608 064800;29084.75;29087;29074.25;29079;110
20260608 064900;29077;29078.5;29066;29068.25;148
20260608 065000;29068.75;29074.5;29057;29062.25;152
20260608 065100;29062.25;29070.5;29050;29063;278
20260608 065200;29063.25;29086;29058.5;29081.5;180
20260608 065300;29080.75;29093.5;29079.5;29089.5;221
20260608 065400;29090.5;29095.75;29085.25;29092.75;112
20260608 065500;29092;29098;29080;29098;153
20260608 065600;29097.75;29098;29086;29093.75;98
20260608 065700;29090.75;29101;29085.75;29097.25;199
20260608 065800;29097.25;29100.25;29081;29093.5;158
20260608 065900;29093.25;29096.25;29087.5;29093;90
20260608 070000;29095;29103.75;29094.5;29101.75;142
20260608 070100;29101;29124;29092.5;29120.25;505
20260608 070200;29119.25;29122;29090.25;29092;404
20260608 070300;29093;29102.5;29088;29095.5;236
20260608 070400;29095.25;29111.75;29082.75;29109.5;379
20260608 070500;29110.25;29118.25;29102.5;29103;203
20260608 070600;29105.25;29110;29093;29103;246
20260608 070700;29102.25;29103.5;29090;29097.25;117
20260608 070800;29099.25;29103.75;29096;29096.25;121
20260608 070900;29097;29129;29097;29126.5;226
20260608 071000;29127.75;29132;29120.75;29126.25;190
20260608 071100;29125.25;29138.75;29122.25;29135.5;239
20260608 071200;29135.25;29138.5;29124.75;29132.25;218
20260608 071300;29132.75;29147;29125.5;29135;292
20260608 071400;29134.5;29157;29131;29154.25;289
20260608 071500;29152.25;29152.75;29135.5;29142.75;175
20260608 071600;29143.25;29145.25;29115.75;29135;467
20260608 071700;29135.75;29164;29133;29157;305
20260608 071800;29158;29171.75;29158;29163;283
20260608 071900;29161.25;29163.5;29150.25;29154.5;220
20260608 072000;29154.75;29167.5;29146.25;29163.75;273
20260608 072100;29163;29185.25;29162;29185.25;354
20260608 072200;29184.5;29197.75;29180;29191.5;294
20260608 072300;29192.25;29193.25;29177.25;29187.75;214
20260608 072400;29188;29202.5;29187;29200;295
20260608 072500;29201;29218.75;29195.5;29215;480
20260608 072600;29215;29221.5;29204.75;29214.5;530
20260608 072700;29215.5;29219.25;29204.75;29209.75;294
20260608 072800;29208.75;29226.75;29208.5;29222.75;496
20260608 072900;29221;29235;29212.25;29232.75;459
20260608 073000;29229.25;29241;29224.75;29228.5;396
20260608 073100;29229;29240;29216.25;29235;576
20260608 073200;29233.5;29241.5;29225;29226.25;266
20260608 073300;29225.25;29226.5;29217.25;29218.75;161
20260608 073400;29218.75;29225.75;29214.75;29218.75;210
20260608 073500;29217.5;29220.25;29212;29215.25;157
20260608 073600;29216;29228.25;29208.75;29213.25;201
20260608 073700;29212.75;29217.75;29202.25;29203;224
20260608 073800;29203.25;29205.75;29184.75;29202.75;549
20260608 073900;29202.25;29228.75;29201.5;29213.75;339
20260608 074000;29212;29227.25;29209;29220.5;217
20260608 074100;29219.75;29226.5;29209.75;29225.25;212
20260608 074200;29225.5;29227.75;29218;29223.5;104
20260608 074300;29223;29223;29209;29210.75;108
20260608 074400;29209.75;29220;29209;29214;142
20260608 074500;29213;29226.75;29211.5;29225.75;94
20260608 074600;29223.5;29227.75;29215.25;29223.75;150
20260608 074700;29222;29237.75;29220.25;29234.25;202
20260608 074800;29234.5;29249;29234.25;29249;361
20260608 074900;29248.75;29265.5;29245.75;29260.75;522
20260608 075000;29259.75;29270.75;29258.75;29263;478
20260608 075100;29261.75;29270;29259.5;29262.75;341
20260608 075200;29262.25;29281;29261;29267;475
20260608 075300;29266.5;29269.75;29254;29254;226
20260608 075400;29253.25;29268.75;29252.75;29266;277
20260608 075500;29267.75;29269.25;29254.75;29258.25;142
20260608 075600;29258;29278;29254.75;29269;383
20260608 075700;29266;29272.5;29263;29266.75;178
20260608 075800;29266.5;29274.5;29262;29266.25;174
20260608 075900;29266;29270.5;29262.75;29263.75;80
20260608 080000;29262.75;29263;29255.5;29257;105
20260608 080100;29255.25;29256.5;29232.75;29234;532
20260608 080200;29233.5;29240.75;29222.5;29225;238
20260608 080300;29224;29230.25;29212.5;29214;283
20260608 080400;29214.25;29215.5;29201.25;29204.25;308
20260608 080500;29205;29228.25;29204;29224.5;439
20260608 080600;29225.5;29245;29221.75;29234.5;433
20260608 080700;29233.25;29247.25;29230;29246.75;304
20260608 080800;29246.75;29246.75;29217.25;29229.25;477
20260608 080900;29229.5;29236.5;29222;29224.5;315
20260608 081000;29224.5;29254.5;29212.5;29246.75;416
20260608 081100;29246.25;29250;29215;29219.75;378
20260608 081200;29221.25;29234;29221.25;29230.75;173
20260608 081300;29232;29233.25;29216;29218.75;176
20260608 081400;29217;29233.25;29217;29227.25;183
20260608 081500;29227;29228.5;29210.25;29210.75;179
20260608 081600;29212.25;29235.75;29210.25;29232;237
20260608 081700;29231.75;29234.25;29212;29218.5;301
20260608 081800;29218;29218.5;29206.5;29217.25;240
20260608 081900;29218;29235.5;29215.5;29234.5;139
20260608 082000;29235;29248.5;29234;29240.25;237
20260608 082100;29238.75;29241.75;29224.5;29225.75;210
20260608 082200;29224.25;29229.75;29216.75;29220;278
20260608 082300;29220.5;29231.75;29214.75;29216.25;176
20260608 082400;29216.25;29227;29203.75;29221.75;298
20260608 082500;29222.5;29233.5;29218.75;29218.75;148
20260608 082600;29220.75;29225.75;29216.75;29224.5;116
20260608 082700;29222.25;29232.25;29222;29223.75;137
20260608 082800;29224.75;29226.5;29212.25;29213.75;135
20260608 082900;29213;29219.75;29207.5;29215;128
20260608 083000;29214;29224.25;29211.25;29223.25;221
20260608 083100;29225;29241;29217;29240;227
20260608 083200;29240.75;29245.25;29232.75;29240.25;164
20260608 083300;29238;29257.5;29237.5;29250;271
20260608 083400;29248.75;29256.5;29248.75;29253.5;123
20260608 083500;29252.25;29266.75;29246.25;29266.75;255
20260608 083600;29267;29267.75;29236.25;29243;338
20260608 083700;29240;29247.25;29229.5;29232;286
20260608 083800;29231.25;29235.75;29226.25;29233.5;173
20260608 083900;29235.25;29238.25;29223;29230.75;133
20260608 084000;29230.25;29232.25;29211.25;29212.5;166
20260608 084100;29212.5;29220;29199.25;29200;302
20260608 084200;29199.25;29205.75;29192;29193;340
20260608 084300;29194;29201;29188.25;29190;251
20260608 084400;29190.5;29209.75;29190.5;29203.25;226
20260608 084500;29204.5;29206;29195.25;29206;178
20260608 084600;29206.5;29208;29196.5;29196.75;114
20260608 084700;29197.5;29200.5;29179;29179;288
20260608 084800;29180;29182.75;29157.75;29160;897
20260608 084900;29161.25;29186;29159.25;29184.5;262
20260608 085000;29186.5;29199;29186.5;29196.25;182
20260608 085100;29197.5;29203.25;29181.5;29183.75;369
20260608 085200;29184.5;29185.5;29165;29167;588
20260608 085300;29168.25;29175.75;29165;29166.75;117
20260608 085400;29165.75;29173.25;29162.5;29164.5;161
20260608 085500;29161.25;29169.75;29158.75;29163;235
20260608 085600;29161.5;29180.75;29160;29162;195
20260608 085700;29162;29168.75;29157;29165;127
20260608 085800;29163.25;29171.5;29161;29170.25;159
20260608 085900;29170;29180.75;29166.5;29180.5;87
20260608 090000;29180.25;29184;29173.25;29176.25;130
20260608 090100;29179;29191.5;29177;29188.25;201
20260608 090200;29189.5;29198.5;29184;29192.25;177
20260608 090300;29191.25;29195.25;29180.75;29195;176
20260608 090400;29195.25;29197.75;29185.25;29185.25;154
20260608 090500;29186.5;29194;29185;29190.25;105
20260608 090600;29190;29191;29177.5;29178.75;131
20260608 090700;29179.75;29186;29170.75;29173.5;126
20260608 090800;29172;29172.25;29161.75;29167;133
20260608 090900;29166.75;29174;29162.5;29163.75;128
20260608 091000;29162.75;29162.75;29148.25;29152;279
20260608 091100;29149;29168.5;29145;29167.25;179
20260608 091200;29167.5;29174.25;29161.75;29172;141
20260608 091300;29171;29175;29164.5;29175;83
20260608 091400;29175;29185.5;29173.5;29182.75;63
20260608 091500;29184.25;29188.5;29175.75;29188.5;122
20260608 091600;29187.5;29193.75;29182.25;29192.25;239
20260608 091700;29192.5;29201.25;29190;29199.75;138
20260608 091800;29200.25;29202.5;29194.75;29198.75;167
20260608 091900;29201;29204;29192.75;29194.75;97
20260608 092000;29194.75;29199.5;29194.75;29196;58
20260608 092100;29195.5;29216.5;29195.5;29214;245
20260608 092200;29213.75;29219;29211.5;29216.75;118
20260608 092300;29215.5;29223;29211.75;29217;237
20260608 092400;29214;29215;29207;29209;107
20260608 092500;29209;29209;29197.25;29203.25;132
20260608 092600;29202.25;29209;29196.5;29208.25;92
20260608 092700;29207.25;29207.5;29200.25;29201;46
20260608 092800;29200;29204.75;29198.5;29203.25;78
20260608 092900;29202.75;29202.75;29189;29195;172
20260608 093000;29193.25;29198.25;29193;29193.25;82
20260608 093100;29193.25;29196.25;29186.25;29189.25;229
20260608 093200;29190.5;29193.5;29185;29188.5;79
20260608 093300;29187.75;29192.25;29181;29190;189
20260608 093400;29190.75;29194.5;29179.5;29180.5;161
20260608 093500;29181.25;29181.5;29171;29173.25;176
20260608 093600;29172.75;29175.25;29162.75;29164.5;228
20260608 093700;29165;29254.5;29164.25;29205;1112
20260608 093800;29206.25;29227.75;29199;29205.75;437
20260608 093900;29207;29215.75;29193.5;29196.5;350
20260608 094000;29197.75;29207.75;29175;29196.25;370
20260608 094100;29197;29204;29194.75;29199.5;133
20260608 094200;29195.5;29201;29187.25;29188.5;105
20260608 094300;29187.5;29212.5;29187;29209.5;163
20260608 094400;29208;29222.75;29204.5;29219.75;257
20260608 094500;29220;29223.5;29217.75;29219;131
20260608 094600;29218;29228.5;29212.5;29225.5;161
20260608 094700;29225;29229.75;29221.5;29224.75;125
20260608 094800;29225.75;29229;29218.5;29224.5;126
20260608 094900;29224;29233.5;29220.5;29229.5;297
20260608 095000;29229.25;29233.5;29225.25;29228.25;151
20260608 095100;29227.75;29228.25;29217.25;29223.75;226
20260608 095200;29224.25;29224.75;29212.25;29222;164
20260608 095300;29223;29234.5;29221.75;29224;139
20260608 095400;29222.5;29225.25;29214;29222.25;225
20260608 095500;29223.75;29232;29222.75;29228.25;128
20260608 095600;29229.5;29234;29225.75;29230.75;117
20260608 095700;29230.75;29235;29226.25;29228.25;96
20260608 095800;29228.5;29236.5;29227.25;29228.25;136
20260608 095900;29227;29235.75;29223.5;29233.75;117
20260608 100000;29232.5;29240.5;29226.75;29240.5;97
20260608 100100;29239;29241;29224.5;29224.5;120
20260608 100200;29223.5;29224;29207.5;29209;237
20260608 100300;29209.25;29216.75;29185.75;29213.75;1013
20260608 100400;29215;29219.5;29208.5;29212.75;170
20260608 100500;29214;29218.5;29206.5;29212.25;107
20260608 100600;29215.5;29222.5;29211;29214.5;77
20260608 100700;29213.5;29229.75;29213.5;29227.25;85
20260608 100800;29226.25;29230.75;29223.25;29230.75;58
20260608 100900;29230.75;29234.25;29228;29230.5;111
20260608 101000;29230;29234.5;29220;29223;139
20260608 101100;29221.75;29229.75;29220;29226.75;85
20260608 101200;29226;29227.5;29223;29225.5;69
20260608 101300;29225;29232.75;29221.75;29228.75;120
20260608 101400;29229.75;29232;29222;29222;84
20260608 101500;29222.5;29222.5;29214.75;29221.75;216
20260608 101600;29223;29224;29217;29217;70
20260608 101700;29217.25;29227.25;29207;29207;223
20260608 101800;29208;29209.25;29200;29202.75;174
20260608 101900;29202.25;29207;29201.5;29202;92
20260608 102000;29201.25;29207;29192;29192.5;113
20260608 102100;29191.5;29198.25;29186.5;29197;124
20260608 102200;29197;29201.25;29194.75;29196.75;83
20260608 102300;29196.5;29199;29175;29181.75;267
20260608 102400;29180.25;29185.25;29178.75;29183.75;91
20260608 102500;29186;29194;29183.25;29188.25;129
20260608 102600;29188.75;29195.75;29180.25;29185.25;317
20260608 102700;29185.75;29188.5;29179.5;29185;114
20260608 102800;29184;29185.25;29177.75;29180;76
20260608 102900;29179.5;29186;29177;29182.75;56
20260608 103000;29182;29199.25;29182;29194;102
20260608 103100;29192.25;29196.5;29188.75;29191.75;69
20260608 103200;29192;29195.25;29189.5;29194;52
20260608 103300;29194.5;29194.75;29189.5;29189.5;48
20260608 103400;29189.25;29211.25;29189.25;29207;193
20260608 103500;29206.25;29273.5;29203.5;29252.25;1329
20260608 103600;29255;29256.25;29235.75;29240;398
20260608 103700;29240.25;29256.5;29234.5;29248.5;296
20260608 103800;29248.5;29259.5;29240.5;29242.5;303
20260608 103900;29241.5;29247;29233.5;29246;206
20260608 104000;29244.75;29246.75;29235.25;29238.25;106
20260608 104100;29236.75;29246;29234.75;29244.75;95
20260608 104200;29244.75;29250;29242;29246;101
20260608 104300;29248.25;29248.75;29239;29243;137
20260608 104400;29243;29254.25;29242.5;29254.25;107
20260608 104500;29252.5;29254;29244.5;29246.5;111
20260608 104600;29246.25;29251.5;29238.75;29241.25;149
20260608 104700;29242.5;29245.5;29233.25;29235;158
20260608 104800;29236;29237.75;29227;29229.75;140
20260608 104900;29230.25;29242;29229.75;29239.25;84
20260608 105000;29241.5;29243.5;29236;29237.5;155
20260608 105100;29237;29237.25;29231.75;29235;60
20260608 105200;29234.5;29240.75;29223;29239.5;364
20260608 105300;29239;29249;29238.75;29249;144
20260608 105400;29249.25;29256;29246.75;29251;200
20260608 105500;29249.25;29252.5;29248.75;29250;48
20260608 105600;29251;29253.25;29241.25;29247.75;150
20260608 105700;29247.75;29249.25;29229.75;29231.75;309
20260608 105800;29231.5;29239.5;29230;29237.75;147
20260608 105900;29237.25;29246.75;29237;29246.25;129
20260608 110000;29246.5;29250.25;29238.75;29240.75;197
20260608 110100;29241.5;29242.25;29218.75;29223.25;407
20260608 110200;29222;29225.5;29212;29216.25;243
20260608 110300;29215.25;29223.5;29214;29219.5;105
20260608 110400;29218.75;29229;29218.5;29228;122
20260608 110500;29227.5;29240;29225;29238.25;158
20260608 110600;29238.75;29244.25;29231.25;29234.75;159
20260608 110700;29235.75;29238.5;29225.25;29229;161
20260608 110800;29228.5;29251;29228.5;29250.75;191
20260608 110900;29251;29260;29248.75;29257.5;169
20260608 111000;29258.75;29268.75;29255.25;29268.75;125
20260608 111100;29268;29331;29265.25;29329.75;1296
20260608 111200;29330;29334.5;29308.25;29318.25;881
20260608 111300;29317.75;29332.75;29312.75;29329.5;401
20260608 111400;29328;29340;29319;29327;569
20260608 111500;29325.75;29365.5;29325;29361.25;714
20260608 111600;29361.25;29385.75;29357.75;29372.5;1481
20260608 111700;29370.25;29371.25;29348;29352;629
20260608 111800;29352.5;29357.5;29343.75;29345.25;305
20260608 111900;29345.5;29366.5;29340.25;29363.25;379
20260608 112000;29363.25;29379;29352.5;29375.5;650
20260608 112100;29376.75;29382.75;29366.75;29381.25;553
20260608 112200;29381;29406.75;29376;29405.5;956
20260608 112300;29404;29408.5;29398;29399;673
20260608 112400;29398;29400.25;29385;29387.75;531
20260608 112500;29388.75;29390.25;29372.75;29375;274
20260608 112600;29376.25;29383;29371.5;29379;399
20260608 112700;29378;29395;29374.75;29387.25;291
20260608 112800;29386.75;29392.25;29383.25;29392;311
20260608 112900;29391.5;29396.5;29382.5;29396.5;399
20260608 113000;29395.25;29410;29392.75;29407.75;437
20260608 113100;29409.25;29422.75;29408.5;29419.5;672
20260608 113200;29420;29432.25;29417.5;29429;474
20260608 113300;29428.75;29429;29416;29417.25;565
20260608 113400;29417.5;29425.25;29412.25;29415.5;404
20260608 113500;29415.25;29421.5;29411;29418.25;342
20260608 113600;29419.25;29426.5;29413.75;29426.25;257
20260608 113700;29426.5;29427.75;29413.25;29419;309
20260608 113800;29419.5;29435;29419.5;29432.75;356
20260608 113900;29433.25;29434;29429;29430;141
20260608 114000;29428.75;29436.25;29425.75;29431.25;189
20260608 114100;29432;29436;29427.25;29434.75;313
20260608 114200;29436;29437.75;29417.25;29422.25;492
20260608 114300;29422.25;29436;29421.75;29434;306
20260608 114400;29433.5;29436.25;29420.75;29422.75;346
20260608 114500;29422.25;29422.25;29408.5;29410.75;335
20260608 114600;29410;29419.5;29405;29405.75;269
20260608 114700;29406;29409.25;29391.25;29393;305
20260608 114800;29392.25;29393;29370.25;29381.25;409
20260608 114900;29381;29388;29375.25;29382;307
20260608 115000;29381.75;29391.5;29378.25;29386;279
20260608 115100;29387.75;29395.25;29384.75;29392.25;277
20260608 115200;29392;29392.25;29383.75;29385.5;124
20260608 115300;29385.75;29389.5;29378;29384.25;215
20260608 115400;29383.25;29384.25;29377;29382.5;170
20260608 115500;29382;29383.25;29375.5;29377.5;170
20260608 115600;29376.5;29381.75;29371.5;29380.5;158
20260608 115700;29381.25;29394;29380.5;29391.75;252
20260608 115800;29391.75;29392.5;29382.5;29389.25;200
20260608 115900;29389.75;29394.5;29382;29382.5;219
20260608 120000;29382;29382.75;29372;29375;342
20260608 120100;29374.75;29400;29373;29398.75;507
20260608 120200;29399.5;29403.25;29364.75;29374;784
20260608 120300;29375.25;29391;29370.5;29385.75;395
20260608 120400;29386.5;29393.5;29374.75;29378.5;460
20260608 120500;29377.75;29388.5;29375.5;29387;237
20260608 120600;29387.25;29399.75;29377.75;29383.25;436
20260608 120700;29382.25;29397.5;29379;29392.75;327
20260608 120800;29391.5;29392.75;29382.75;29389.5;220
20260608 120900;29389.5;29406;29389;29401.5;616
20260608 121000;29401;29415.5;29399.75;29414.25;459
20260608 121100;29414;29416.5;29400.5;29403.5;351
20260608 121200;29404.25;29410.75;29388.5;29409.25;332
20260608 121300;29410.25;29413;29401.75;29405;199
20260608 121400;29404.75;29410.5;29396.5;29407;448
20260608 121500;29406;29415.25;29405.75;29414;291
20260608 121600;29412.75;29415.5;29404.25;29404.25;162
20260608 121700;29405.25;29412.75;29402;29408.75;168
20260608 121800;29408;29417.5;29405.75;29407.75;221
20260608 121900;29407.75;29418.25;29406.75;29412;176
20260608 122000;29413.25;29422.75;29413.25;29418;264
20260608 122100;29417.5;29429;29412.5;29428.75;342
20260608 122200;29429;29439.75;29423;29431;576
20260608 122300;29432;29434;29425.25;29428.5;205
20260608 122400;29428.25;29433.25;29414.75;29426.75;317
20260608 122500;29427;29438;29426;29437.25;208
20260608 122600;29438;29444.75;29437.5;29441.25;413
20260608 122700;29441.75;29446.5;29439.75;29442.5;299
20260608 122800;29442;29454.75;29440.5;29451.5;517
20260608 122900;29452.5;29457;29446.75;29449.5;402
20260608 123000;29448.25;29457.75;29448.25;29457.75;258
20260608 123100;29456.25;29467;29456;29466;492
20260608 123200;29466.5;29476.5;29465.5;29476;631
20260608 123300;29475.75;29485;29474;29480.25;439
20260608 123400;29480.25;29487.75;29475;29475;531
20260608 123500;29475;29479.25;29463;29467;528
20260608 123600;29466.25;29473;29460.75;29471.75;337
20260608 123700;29471.25;29478.25;29468.75;29478;277
20260608 123800;29478;29484.25;29476.75;29479.25;327
20260608 123900;29480;29483;29473.75;29481.5;453
20260608 124000;29481.75;29487;29464.25;29468.75;600
20260608 124100;29469;29482.75;29468.25;29475.5;365
20260608 124200;29476.5;29479.5;29467.25;29468;303
20260608 124300;29467.75;29510.5;29465;29495.25;1532
20260608 124400;29495.5;29505.5;29491.5;29495.75;396
20260608 124500;29495.5;29498.5;29488;29493.5;214
20260608 124600;29494.25;29495.75;29483;29487.5;183
20260608 124700;29486;29490.5;29479;29482.75;249
20260608 124800;29480.5;29483;29474.25;29480.25;412
20260608 124900;29479.75;29485.5;29476.25;29482;269
20260608 125000;29482;29489.25;29480;29488.25;397
20260608 125100;29489;29492.5;29471.25;29472;483
20260608 125200;29472;29475;29462.75;29466.5;434
20260608 125300;29465.5;29474;29462.25;29466.75;437
20260608 125400;29466.75;29475.25;29465;29473.75;321
20260608 125500;29473.75;29488.25;29472.75;29482.75;390
20260608 125600;29483.75;29484.75;29478.25;29484.25;212
20260608 125700;29484.5;29484.5;29477.5;29479.75;221
20260608 125800;29479.25;29482.25;29470.75;29475;306
20260608 125900;29474.25;29484.75;29470.75;29484.75;263
20260608 130000;29485;29489;29480;29486;355
20260608 130100;29484.5;29518.5;29484;29504.25;1429
20260608 130200;29505;29513.5;29504;29507.25;570
20260608 130300;29507.75;29523.5;29506.5;29515;669
20260608 130400;29517;29535.5;29513;29531.5;634
20260608 130500;29530.5;29531.75;29521.75;29530.25;563
20260608 130600;29530.25;29535.25;29521.25;29526.5;528
20260608 130700;29526.75;29537.5;29521.5;29535.25;524
20260608 130800;29536;29544.75;29532.25;29537.5;640
20260608 130900;29539.25;29560;29535.75;29560;724
20260608 131000;29560;29571.75;29560;29566.5;851
20260608 131100;29567;29573.75;29555.25;29556.5;741
20260608 131200;29556.75;29565;29552.5;29564;424
20260608 131300;29563.75;29570;29556.75;29567;640
20260608 131400;29567.75;29581;29567.75;29579;769
20260608 131500;29579;29581.5;29573;29574.75;511
20260608 131600;29574.75;29587.25;29568.25;29568.25;890
20260608 131700;29568.75;29573.75;29565.25;29568.75;494
20260608 131800;29569.25;29573.75;29563;29568.75;513
20260608 131900;29568.25;29572.25;29559;29565.75;885
20260608 132000;29565.75;29566.25;29553;29564.5;1098
20260608 132100;29564.5;29571.5;29560;29569;610
20260608 132200;29568;29585;29567.5;29573.75;612
20260608 132300;29574.5;29604.25;29574.5;29596.75;1322
20260608 132400;29597;29597.75;29575.75;29578;955
20260608 132500;29577.5;29578.5;29569.25;29575;528
20260608 132600;29575.25;29585.5;29569.75;29574.75;887
20260608 132700;29575.25;29576.75;29561;29562.25;584
20260608 132800;29562;29567.5;29546.5;29549.75;1033
20260608 132900;29550.25;29559;29533;29535.5;1330
20260608 133000;29534.75;29537;29523.5;29525.75;1832
20260608 133100;29526;29569.25;29501;29567;6807
20260608 133200;29566.75;29584;29506.5;29522;4769
20260608 133300;29520.5;29531.5;29497.25;29507.5;5002
20260608 133400;29508.5;29510.5;29438;29441.75;4161
20260608 133500;29441.5;29455.25;29412;29416.75;3626
20260608 133600;29418.25;29464.75;29397.5;29452.25;4338
20260608 133700;29453.25;29471;29438;29443.75;3316
20260608 133800;29443.75;29461.25;29428.75;29442.75;2082
20260608 133900;29444;29499.5;29440.5;29463;3350
20260608 134000;29462.5;29472.5;29423.75;29426;2406
20260608 134100;29427;29460.25;29423.75;29458;2687
20260608 134200;29458.75;29474.5;29437.25;29467.75;2384
20260608 134300;29468.25;29523.25;29455;29522.25;2997
20260608 134400;29522.25;29556;29510.25;29518;2903
20260608 134500;29517.75;29530.5;29483;29515.5;3080
20260608 134600;29516;29521.5;29494;29521.5;3319
20260608 134700;29521.25;29554;29511.75;29541.25;2692
20260608 134800;29540.5;29540.5;29492;29499.75;2670
20260608 134900;29500.75;29515;29443.75;29453.5;3151
20260608 135000;29452.75;29485.25;29445;29476.25;2569
20260608 135100;29476;29482.75;29434.25;29442.5;2159
20260608 135200;29442.5;29501.5;29440;29478;2607
20260608 135300;29477.5;29508.75;29466;29502.25;2070
20260608 135400;29501.5;29538.25;29499;29537.75;1979
20260608 135500;29537.25;29548.5;29494.75;29501.5;1950
20260608 135600;29502.25;29503.75;29448.75;29454;1876
20260608 135700;29453;29465;29436;29458;2237
20260608 135800;29456.75;29458;29374.25;29379;2895
20260608 135900;29378;29385;29341;29368.75;2654
20260608 140000;29369.25;29392.75;29348.75;29349.75;2232
20260608 140100;29350.25;29368;29331.5;29366;3002
20260608 140200;29367.5;29409;29364.75;29400.5;2842
20260608 140300;29402.5;29428;29386.75;29390.75;2895
20260608 140400;29391.5;29432;29376;29391.75;2982
20260608 140500;29392.75;29394.75;29360.75;29361.75;1775
20260608 140600;29362.25;29371.25;29348.5;29368;1982
20260608 140700;29368.5;29441.5;29363.5;29428.25;2845
20260608 140800;29429.75;29437;29399;29417.5;2303
20260608 140900;29418.75;29436.5;29391.25;29429;1773
20260608 141000;29430;29466.5;29423.25;29455;1983
20260608 141100;29455.25;29465.25;29421;29427.75;1781
20260608 141200;29427.5;29467.5;29423.5;29459.75;1981
20260608 141300;29458.5;29459.75;29419.5;29435;2086
20260608 141400;29435.75;29461.75;29412.75;29451.25;2020
20260608 141500;29454;29471.75;29427.25;29441.5;1602
20260608 141600;29441;29443.25;29384.75;29397.5;1932
20260608 141700;29398.25;29413.75;29376.5;29385;1654
20260608 141800;29385.75;29422;29374.75;29416.25;1678
20260608 141900;29415.25;29434.25;29397;29402;1504
20260608 142000;29403;29419.25;29388;29418;1626
20260608 142100;29416.75;29443.75;29401.5;29411.75;1732
20260608 142200;29411;29426.25;29386;29417.25;1467
20260608 142300;29417.5;29423.5;29393.25;29415.5;1153
20260608 142400;29416;29468.75;29410.75;29463.75;1774
20260608 142500;29463.75;29480.5;29444.25;29465.75;1717
20260608 142600;29465.75;29492.75;29455.5;29487;1656
20260608 142700;29484.75;29517.25;29482.25;29509.5;2164
20260608 142800;29508.75;29531;29507.5;29523;1639
20260608 142900;29522.75;29524.5;29480.5;29505.75;1695
20260608 143000;29505.75;29522;29499.5;29517.25;1407
20260608 143100;29517;29540.5;29504.5;29533;2022
20260608 143200;29532.75;29539.25;29514.25;29523.25;1469
20260608 143300;29522.5;29543.75;29514.75;29524;1323
20260608 143400;29526;29536;29517.5;29522.75;936
20260608 143500;29522.5;29550.5;29522.25;29548.25;1389
20260608 143600;29548.75;29577;29537.5;29573.25;2229
20260608 143700;29572.5;29603.75;29554.5;29595.5;2674
20260608 143800;29594.75;29594.75;29565.5;29581.75;1588
20260608 143900;29582;29584;29568.25;29576;1656
20260608 144000;29576;29598.75;29559.5;29586.25;2466
20260608 144100;29586.25;29602;29581.5;29592.5;1638
20260608 144200;29592;29595.75;29561;29567.75;2163
20260608 144300;29567.25;29572.25;29530.5;29545;1987
20260608 144400;29545.25;29550.5;29527.75;29534;1269
20260608 144500;29535;29560.75;29532.25;29549.75;1300
20260608 144600;29549.25;29595;29549;29593.75;1818
20260608 144700;29594.75;29630;29588.5;29629.75;3244
20260608 144800;29629.75;29649.75;29622.25;29633.25;2528
20260608 144900;29633.5;29634.75;29614.75;29625.25;1232
20260608 145000;29625.5;29634.75;29609.5;29611.5;1343
20260608 145100;29610.75;29623;29600.5;29613.75;1930
20260608 145200;29613.5;29638.25;29606.75;29638.25;1397
20260608 145300;29637.75;29661.5;29634;29657;1613
20260608 145400;29656.5;29656.5;29641.75;29652;990
20260608 145500;29651.25;29655.25;29631;29640.5;1053
20260608 145600;29640;29644.5;29625.75;29634.25;1037
20260608 145700;29635;29644.25;29613;29641.75;1506
20260608 145800;29641.25;29669.25;29641;29659.75;2153
20260608 145900;29659.75;29675;29659;29673;997
20260608 150000;29673.5;29681;29666;29676.5;1387
20260608 150100;29676.5;29681;29665.25;29675;1753
20260608 150200;29674.25;29694.5;29671.5;29686;1549
20260608 150300;29686;29699.25;29677.75;29698.75;1454
20260608 150400;29698;29706.75;29692;29695;1831
20260608 150500;29694.75;29700;29689.75;29695.5;2174
20260608 150600;29695;29711.75;29690;29705.5;1514
20260608 150700;29705.25;29725;29704.75;29719;1461
20260608 150800;29719.25;29722.75;29704.75;29712.75;1017
20260608 150900;29712.25;29726;29709.25;29718.25;1168
20260608 151000;29718;29726;29707.75;29725.25;998
20260608 151100;29725.5;29728.5;29716.25;29724.75;846
20260608 151200;29725;29730.75;29717.5;29721.5;1030
20260608 151300;29720.5;29734;29719;29730;1152
20260608 151400;29729.25;29733.5;29719.25;29726.75;993
20260608 151500;29727;29728;29710.25;29715.25;914
20260608 151600;29716.25;29734.75;29716;29726.25;1508
20260608 151700;29726.5;29734.5;29721.75;29728;1206
20260608 151800;29728.25;29730.25;29715.5;29717.25;935
20260608 151900;29715.5;29730;29703;29726;2730
20260608 152000;29726.5;29740;29724.5;29731.75;1519
20260608 152100;29732.5;29743;29726.5;29729.25;1401
20260608 152200;29729.5;29730;29706;29709;1276
20260608 152300;29709;29717.5;29690.5;29699.25;1511
20260608 152400;29698.5;29713.75;29690;29713;1292
20260608 152500;29712;29733;29711.5;29725.25;1373
20260608 152600;29723.5;29724.75;29689.25;29691.25;1330
20260608 152700;29691.25;29697;29663;29665.25;1829
20260608 152800;29664;29671.5;29654.5;29662.25;1759
20260608 152900;29662.75;29674.5;29657;29662.25;1036
20260608 153000;29662.25;29667.75;29623.25;29630;1936
20260608 153100;29630.25;29637.75;29580;29586.75;3023
20260608 153200;29586.25;29610.75;29586.25;29591.75;1997
20260608 153300;29593;29602.25;29570;29579.75;1994
20260608 153400;29578.75;29584.25;29565.5;29568.25;1517
20260608 153500;29568;29586;29559;29574.25;1700
20260608 153600;29575;29592.25;29569;29582.25;1541
20260608 153700;29581.75;29599;29569.75;29594.25;1299
20260608 153800;29593.5;29620.75;29585.5;29617;1766
20260608 153900;29617.75;29647;29612.25;29646;1870
20260608 154000;29646.5;29661.25;29640.5;29654;1224
20260608 154100;29653.75;29676;29651.75;29664;1294
20260608 154200;29663.25;29665.25;29649.75;29664.5;1119
20260608 154300;29663.5;29666;29635.25;29648.5;1311
20260608 154400;29648.5;29667.25;29647;29658;934
20260608 154500;29658.5;29685.25;29657.5;29685.25;1030
20260608 154600;29685.25;29694;29676.5;29686.5;1303
20260608 154700;29687.5;29703.25;29685.25;29698.75;1004
20260608 154800;29698;29710.75;29693;29696;1001
20260608 154900;29696;29696;29656.25;29661.5;1842
20260608 155000;29661.25;29666.5;29642.75;29647.5;1460
20260608 155100;29646.75;29672;29646.5;29667.5;1046
20260608 155200;29667;29686.75;29665.5;29680.25;1134
20260608 155300;29680;29690.75;29676.5;29690.25;1158
20260608 155400;29689.5;29692.75;29671.75;29675;790
20260608 155500;29673.25;29673.5;29646.5;29655.5;1329
20260608 155600;29654.5;29654.75;29620.25;29626.25;1716
20260608 155700;29626;29636.25;29609.75;29620.5;1539
20260608 155800;29620.5;29627.75;29612.25;29613.75;934
20260608 155900;29614;29624;29598.25;29600.75;1042
20260608 160000;29600.25;29612;29594.25;29610;983
20260608 160100;29610.25;29617;29592.75;29596.25;1569
20260608 160200;29596.25;29608.5;29580.25;29605.5;1540
20260608 160300;29604.25;29628.5;29600;29624.75;1414
20260608 160400;29625.25;29649.5;29619.25;29640;1924
20260608 160500;29639.75;29649;29625;29632;830
20260608 160600;29631.5;29636;29613.5;29627.75;1146
20260608 160700;29628;29648;29625.5;29640.75;956
20260608 160800;29640.75;29643.5;29621.25;29633.25;883
20260608 160900;29633.25;29639.5;29614.25;29621.75;732
20260608 161000;29620.5;29626;29605;29616.5;781
20260608 161100;29616.5;29616.5;29595.75;29601.5;783
20260608 161200;29599.5;29632.25;29598.75;29631.75;1155
20260608 161300;29631.25;29651.25;29630;29650;862
20260608 161400;29648.5;29649.5;29633.75;29640;695
20260608 161500;29640.5;29643.75;29629.75;29635.25;598
20260608 161600;29636.75;29664.75;29633.25;29659;989
20260608 161700;29657.75;29670.5;29653.25;29667.25;912
20260608 161800;29667.25;29667.75;29650.75;29661.25;875
20260608 161900;29661.25;29679.75;29660;29664.5;788
20260608 162000;29664.25;29679.25;29660;29679.25;597
20260608 162100;29678.75;29690.75;29670;29690.75;1201
20260608 162200;29689.75;29692.25;29678.25;29681;747
20260608 162300;29681;29681.25;29661;29667.75;923
20260608 162400;29667.25;29668.5;29632;29638;1760
20260608 162500;29637.5;29646;29625.5;29635.25;1415
20260608 162600;29635.5;29652.25;29633;29643.5;723
20260608 162700;29643.25;29658.75;29643.25;29648;1011
20260608 162800;29649;29651;29628.5;29631.75;607
20260608 162900;29631.25;29633;29601.25;29601.75;1199
20260608 163000;29602.5;29606.75;29581.5;29584.75;1787
20260608 163100;29587.5;29607.25;29586.5;29605.25;1232
20260608 163200;29604;29616.75;29602;29613;851
20260608 163300;29611.25;29611.25;29586.75;29601.5;972
20260608 163400;29601;29611.25;29582;29582.25;1059
20260608 163500;29582;29587.25;29573.5;29578.25;1153
20260608 163600;29578;29599;29575;29589.5;857
20260608 163700;29590.25;29604.75;29577.75;29590.75;1199
20260608 163800;29590;29593.25;29570.75;29572.25;1001
20260608 163900;29571.5;29575.5;29555.5;29557.75;1075
20260608 164000;29558.5;29574;29557;29562;971
20260608 164100;29561;29584;29554;29582.75;933
20260608 164200;29581.75;29596;29579.25;29589.5;888
20260608 164300;29589.25;29592;29569;29574.75;1031
20260608 164400;29574.5;29576.25;29560.75;29562.75;685
20260608 164500;29562.5;29588.5;29560.75;29586.5;828
20260608 164600;29586.5;29600.75;29578.5;29588.75;959
20260608 164700;29588.75;29597.25;29580;29594.5;452
20260608 164800;29594.5;29623.25;29593.5;29621.75;1267
20260608 164900;29621.25;29630.5;29613.25;29617.25;949
20260608 165000;29617.75;29622.75;29605.5;29606.75;575
20260608 165100;29607.25;29619.75;29598;29602.5;761
20260608 165200;29602.75;29615.75;29592;29613.5;797
20260608 165300;29611.75;29617.5;29603.5;29608.5;557
20260608 165400;29608.75;29614.5;29603.5;29607.5;530
20260608 165500;29608.25;29619.5;29600;29605.25;645
20260608 165600;29606;29607.75;29584;29593.75;798
20260608 165700;29594.5;29606.25;29593.5;29605.5;526
20260608 165800;29606;29611.75;29587.25;29588;692
20260608 165900;29588.5;29593.25;29577.25;29580.75;662
20260608 170000;29581;29590.25;29578.25;29580.5;570
20260608 170100;29580.75;29584.25;29546.25;29551.5;2001
20260608 170200;29551.5;29557;29533.75;29539.25;1550
20260608 170300;29539.5;29545.5;29508;29508;1505
20260608 170400;29507.25;29523;29498.5;29500;1732
20260608 170500;29500.5;29524;29492.25;29518;1441
20260608 170600;29517.75;29538.75;29508;29529.5;1494
20260608 170700;29528;29538.5;29519;29535;1265
20260608 170800;29535.5;29553.75;29534.75;29542.5;1269
20260608 170900;29542.25;29557.5;29538.5;29553.25;693
20260608 171000;29553.25;29553.25;29519;29525;984
20260608 171100;29523.5;29529.5;29502;29512.75;926
20260608 171200;29512;29512;29493.5;29499.5;799
20260608 171300;29500.25;29505.25;29485.25;29499.75;1271
20260608 171400;29500.75;29523;29499.5;29520;1077
20260608 171500;29519.5;29532.5;29516.75;29531.75;953
20260608 171600;29531;29542;29512.5;29512.75;985
20260608 171700;29512.5;29534.25;29511.75;29533;928
20260608 171800;29532.5;29545.25;29527.75;29528;923
20260608 171900;29528.25;29530;29492;29497.75;1513
20260608 172000;29497.5;29508.5;29497.5;29504.5;584
20260608 172100;29505.25;29522.75;29502.75;29512;746
20260608 172200;29511.75;29534.25;29511.75;29522.5;696
20260608 172300;29521.5;29522.5;29497.75;29511.5;870
20260608 172400;29510.75;29514.5;29502;29506.5;498
20260608 172500;29507.75;29517.75;29492;29515.5;907
20260608 172600;29515.25;29540.75;29509.5;29538.75;981
20260608 172700;29538.5;29541.5;29524.25;29533;1632
20260608 172800;29532.5;29553.5;29531;29550;953
20260608 172900;29550;29581.75;29545.75;29577.25;1171
20260608 173000;29576.75;29605.5;29576.25;29602;1264
20260608 173100;29602;29624.25;29597.75;29620;1467
20260608 173200;29620.25;29622;29576.25;29593.75;1816
20260608 173300;29593.5;29594.25;29566;29581.5;1570
20260608 173400;29581;29582.75;29550.25;29557.75;1077
20260608 173500;29557.25;29582.5;29547.25;29580.5;1369
20260608 173600;29580;29587.75;29537.75;29540.5;1826
20260608 173700;29539.25;29553.25;29529.5;29547.75;1251
20260608 173800;29547.75;29567;29540.25;29565.25;1105
20260608 173900;29565;29568.5;29548.75;29568;921
20260608 174000;29566.5;29568.5;29550;29561.75;685
20260608 174100;29560.25;29567.5;29537.75;29546.25;821
20260608 174200;29545.75;29551;29530.75;29532;741
20260608 174300;29532;29543.5;29521.5;29526.5;943
20260608 174400;29523;29531.5;29520.25;29523.25;666
20260608 174500;29524;29535.5;29509;29512.25;1105
20260608 174600;29511.75;29530.5;29511.25;29529.5;1382
20260608 174700;29528.75;29556.25;29527;29556.25;1038
20260608 174800;29555.25;29564.5;29542.75;29548.5;1021
20260608 174900;29548.25;29554.5;29538.25;29539.5;534
20260608 175000;29541;29574.5;29540.25;29572.25;890
20260608 175100;29573.25;29580.25;29563.25;29574.25;1142
20260608 175200;29574.25;29583;29564.5;29568.75;979
20260608 175300;29568;29579.75;29557.5;29574.5;793
20260608 175400;29573.75;29600;29566.75;29595.5;1004
20260608 175500;29595.5;29596.25;29584;29584.25;617
20260608 175600;29584.25;29590;29567;29569.25;818
20260608 175700;29569.25;29582.5;29567;29568;741
20260608 175800;29568.25;29575.75;29561.25;29562;635
20260608 175900;29561.75;29572.5;29552.5;29555;781
20260608 180000;29555.5;29564;29545.75;29558.25;754
20260608 180100;29559.25;29579.75;29558.25;29574.5;1117
20260608 180200;29574.75;29592.5;29574;29589.25;943
20260608 180300;29589;29596.25;29577.75;29583.75;729
20260608 180400;29584.25;29590.5;29571;29577.5;731
20260608 180500;29577;29583.25;29568;29578;628
20260608 180600;29578;29594.25;29576;29591;608
20260608 180700;29591;29609.5;29582;29606.5;966
20260608 180800;29606.75;29611.75;29594.5;29595;813
20260608 180900;29594.75;29599.75;29586.25;29590.75;602
20260608 181000;29590.5;29603.5;29588;29595;600
20260608 181100;29596.5;29609.25;29595;29601.25;639
20260608 181200;29601.5;29604.25;29575.5;29576.75;932
20260608 181300;29578.5;29581.75;29556;29558.5;1128
20260608 181400;29559.25;29585.75;29558.25;29578.75;891
20260608 181500;29578.75;29581.5;29561.25;29564;1096
20260608 181600;29565.5;29583.75;29562.25;29583.25;857
20260608 181700;29583.75;29585.25;29573;29579.5;492
20260608 181800;29579;29590.5;29575.25;29585.75;567
20260608 181900;29588.25;29592.75;29580.75;29588.25;456
20260608 182000;29589.25;29590;29572;29579;501
20260608 182100;29579;29584.5;29561.5;29565.5;667
20260608 182200;29564.75;29577.25;29558;29574.25;647
20260608 182300;29574.5;29589.5;29574.5;29580.75;617
20260608 182400;29580.75;29585.75;29573;29583.25;469
20260608 182500;29584.5;29592;29579.75;29583.25;504
20260608 182600;29582;29598;29580;29594;675
20260608 182700;29594.5;29594.5;29586.5;29589.5;437
20260608 182800;29589.25;29589.5;29577.25;29578.5;510
20260608 182900;29581.25;29595;29572;29593.5;690
20260608 183000;29593.75;29598.25;29589.75;29590.5;536
20260608 183100;29591.25;29615.5;29589.5;29610.5;1211
20260608 183200;29611.25;29613.75;29596.75;29604.75;770
20260608 183300;29604.5;29610.5;29589;29608.75;612
20260608 183400;29606.75;29617.75;29606.25;29612.5;504
20260608 183500;29612.75;29612.75;29590.75;29593;725
20260608 183600;29593.25;29601;29589.75;29598.25;732
20260608 183700;29598.5;29609.75;29582.25;29583;880
20260608 183800;29582.25;29594.25;29572.25;29574.75;690
20260608 183900;29574.25;29576.75;29564.25;29572;801
20260608 184000;29572;29573.5;29546;29551.25;1066
20260608 184100;29551;29552.75;29527.5;29536;1887
20260608 184200;29536.75;29545.5;29532.25;29533.25;882
20260608 184300;29533.75;29560.5;29532.25;29551.75;1039
20260608 184400;29550.75;29553.75;29532.5;29534.25;853
20260608 184500;29534.75;29539.25;29527.5;29530.75;688
20260608 184600;29531.5;29543.5;29530.75;29532.5;624
20260608 184700;29532.5;29545.75;29529.5;29541;582
20260608 184800;29539.75;29560;29536.5;29556.25;696
20260608 184900;29556.75;29571;29555.5;29567;820
20260608 185000;29566.25;29566.25;29545;29548.75;661
20260608 185100;29549.5;29558;29541.75;29548;665
20260608 185200;29548;29560.75;29542.5;29559.25;451
20260608 185300;29558.75;29567;29554.5;29563.25;393
20260608 185400;29561.5;29564.25;29546.75;29556;545
20260608 185500;29555.75;29566.75;29553.5;29558.5;666
20260608 185600;29559.25;29565;29551.5;29555.25;522
20260608 185700;29554.5;29568.75;29553.5;29554.25;687
20260608 185800;29554;29562;29547.75;29551.5;386
20260608 185900;29551;29558.5;29536;29541.5;727
20260608 190000;29540.75;29546.75;29537.5;29542;467
20260608 190100;29543;29548;29530.25;29540.5;993
20260608 190200;29540.5;29541.25;29511.75;29521;1284
20260608 190300;29521;29532;29518.5;29531.25;774
20260608 190400;29531.25;29542.25;29527.75;29535;824
20260608 190500;29533.5;29534.5;29526.5;29529.75;402
20260608 190600;29529.75;29544.75;29519;29526;882
20260608 190700;29525.5;29528.25;29510.25;29514.5;721
20260608 190800;29514.25;29525.25;29513;29519.5;657
20260608 190900;29519.25;29520.75;29496;29502;1519
20260608 191000;29500.75;29505.25;29479.75;29479.75;962
20260608 191100;29479.75;29481.5;29444.25;29445.75;1863
20260608 191200;29445.25;29462;29437;29444.75;2004
20260608 191300;29443.5;29457.5;29435;29448.5;1249
20260608 191400;29447.75;29467.75;29443.25;29463;1006
20260608 191500;29464;29465.5;29427;29429;1116
20260608 191600;29428.75;29436.25;29411;29431.75;2063
20260608 191700;29432.5;29442.75;29411.5;29418;1620
20260608 191800;29418.5;29432.5;29417.25;29428.5;784
20260608 191900;29429.25;29429.75;29413.5;29418.25;1094
20260608 192000;29418.25;29426.25;29413.25;29424.5;829
20260608 192100;29424.5;29448.75;29423.25;29437;1368
20260608 192200;29436.5;29451.25;29433.5;29439.5;1131
20260608 192300;29439.25;29444.5;29413.25;29415.5;1408
20260608 192400;29416;29418.25;29389;29390.5;1625
20260608 192500;29389;29405.25;29386.75;29389.5;1373
20260608 192600;29390.25;29400.25;29378;29380.25;1264
20260608 192700;29380;29408.5;29377;29399.75;1205
20260608 192800;29399.75;29436.5;29399;29436;1313
20260608 192900;29435;29435;29416.75;29425.5;1162
20260608 193000;29426.25;29436.75;29419.75;29436.75;793
20260608 193100;29437;29459;29430.5;29459;1801
20260608 193200;29458.75;29478.25;29454;29471.25;1524
20260608 193300;29471;29495;29465.5;29480.5;1764
20260608 193400;29481;29488.25;29457.5;29461.5;1351
20260608 193500;29461;29465.5;29447;29457.25;982
20260608 193600;29457.5;29460.5;29440.25;29446.75;1128
20260608 193700;29445.25;29449.5;29430.75;29444;917
20260608 193800;29444;29471;29440.25;29467.25;1075
20260608 193900;29466.75;29476.75;29463.75;29469.5;845
20260608 194000;29469.25;29471.25;29443.5;29447.25;861
20260608 194100;29447.25;29450;29420.75;29434;1236
20260608 194200;29432;29455.75;29431;29449;944
20260608 194300;29449;29460.5;29439.25;29439.5;750
20260608 194400;29439.25;29451.75;29435;29449;643
20260608 194500;29448;29452.75;29433.5;29437;943
20260608 194600;29436.5;29451.75;29431.5;29440.75;1009
20260608 194700;29441.75;29461.75;29430.75;29460.25;908
20260608 194800;29459.25;29468;29448.75;29462;856
20260608 194900;29461.5;29465.75;29446;29448;927
20260608 195000;29447.25;29447.75;29426;29428.5;1169
20260608 195100;29429.75;29474;29428;29431;2554
20260608 195200;29431.5;29439;29419;29426.25;1811
20260608 195300;29426.75;29441.5;29419.25;29436.25;1344
20260608 195400;29437;29463.75;29431;29454.75;1603
20260608 195500;29454.5;29475;29447.25;29452;2156
20260608 195600;29452.25;29462;29442.25;29454.5;1429
20260608 195700;29455.25;29455.5;29436.25;29448.25;1479
20260608 195800;29448;29457.5;29442.25;29454;1323
20260608 195900;29454.5;29462.5;29448.75;29461.5;1741
20260608 200000;29461;29468;29446.5;29453.5;9820
20260608 200100;29454;29467.25;29440.75;29440.75;3053
20260608 200200;29440.5;29443.5;29427;29432;862
20260608 200300;29431.75;29451.5;29431.75;29439.25;896
20260608 200400;29441;29460;29438;29460;732
20260608 200500;29459.75;29466;29457.25;29462.25;659
20260608 200600;29463;29470;29455.5;29458;677
20260608 200700;29456.75;29462;29454;29455.25;439
20260608 200800;29455.25;29466.25;29455.25;29459.25;296
20260608 200900;29459.25;29459.25;29448.75;29450.25;236
20260608 201000;29450.5;29460.5;29441;29453.25;715
20260608 201100;29453.75;29461.25;29453.25;29461;280
20260608 201200;29461;29461.25;29444;29445.5;236
20260608 201300;29444.75;29449;29443.25;29446.25;264
20260608 201400;29446;29448;29439.25;29443;308
20260608 201500;29442;29448;29438.75;29444.5;298
20260608 201600;29445.5;29450.5;29440.75;29441.25;301
20260608 201700;29440.75;29445.5;29433.5;29437.75;225
20260608 201800;29437;29438.5;29427;29427.75;364
20260608 201900;29427;29433.25;29423.75;29428.5;355
20260608 202000;29428.25;29432;29421.5;29422.5;289
20260608 202100;29421.25;29422;29403.25;29403.5;654
20260608 202200;29404;29410.75;29401;29401.25;338
20260608 202300;29401.75;29415.75;29401.5;29411.5;232
20260608 202400;29411.25;29419;29410.5;29417.75;109
20260608 202500;29417.5;29424.5;29412.5;29421.5;234
20260608 202600;29422.5;29431;29420.25;29423.25;334
20260608 202700;29422.75;29442.25;29403.75;29428.5;770
20260608 202800;29429.75;29443;29426.25;29428.5;307
20260608 202900;29427;29430.75;29426.5;29429.5;60
20260608 203000;29430.25;29432.5;29427.5;29432;99
20260608 203100;29431;29431.75;29418.25;29423.25;272
20260608 203200;29423.5;29434.75;29421.75;29431.25;141
20260608 203300;29432;29434.25;29425.5;29426;152
20260608 203400;29425.5;29431;29423;29429.75;154
20260608 203500;29430.25;29433.75;29428.5;29430.5;131
20260608 203600;29430.5;29433;29428.25;29428.25;103
20260608 203700;29428;29431;29423.5;29425.25;153
20260608 203800;29425.5;29434;29420.25;29429;285
20260608 203900;29429.5;29431.25;29426.5;29431.25;151
20260608 204000;29431;29431.25;29428.5;29429.75;84
20260608 204100;29429.75;29437.75;29429;29436.5;149
20260608 204200;29436;29436;29425.5;29429;108
20260608 204300;29429.5;29432;29428;29429.25;118
20260608 204400;29429.25;29431.75;29428.5;29429.75;53
20260608 204500;29430.25;29430.25;29427;29429.25;153
20260608 204600;29429.25;29431.75;29421.75;29422.75;136
20260608 204700;29422.5;29423.25;29417;29419.25;86
20260608 204800;29420.75;29423.5;29418.25;29420.5;56
20260608 204900;29421;29424;29419.25;29423;56
20260608 205000;29423;29431.5;29422.75;29430;129
20260608 205100;29430.5;29431.75;29420.25;29430;227
20260608 205200;29430;29432;29428;29429.5;86
20260608 205300;29430.25;29435;29429;29435;89
20260608 205400;29434.5;29448.75;29434.5;29444.75;257
20260608 205500;29444.5;29445.5;29442.25;29444;78
20260608 205600;29445;29445;29436.75;29439.75;136
20260608 205700;29440.5;29441.5;29436.25;29439;128
20260608 205800;29440.5;29442.25;29439;29439;84
20260608 205900;29439.5;29439.5;29433.5;29435.25;104
20260608 210000;29435;29437.25;29433.25;29435.25;118
20260608 220100;29435;29468.75;29429.5;29462.25;405
20260608 220200;29463.25;29464.25;29442.5;29443;178
20260608 220300;29443.25;29444;29414.5;29417.5;475
20260608 220400;29419.75;29426.5;29408.75;29412;200
20260608 220500;29411;29411.75;29404;29405;138
20260608 220600;29406.5;29421.25;29405.25;29412.5;205
20260608 220700;29412.75;29415;29377.25;29378;676
20260608 220800;29377;29385.5;29365.25;29372.75;496
20260608 220900;29372.5;29385.25;29360;29379;304
20260608 221000;29378.5;29395.75;29378.25;29384.5;242
20260608 221100;29386.5;29391.5;29349;29355.25;340
20260608 221200;29353.75;29362.25;29349.75;29360;193
20260608 221300;29360.5;29367;29350;29358;156
20260608 221400;29360.5;29360.5;29351.25;29352.25;84
20260608 221500;29353.5;29361.5;29353;29358.25;72
20260608 221600;29360.25;29361.75;29321.25;29324.75;530
20260608 221700;29325.25;29338.75;29322;29331.75;264
20260608 221800;29333.75;29346;29321.75;29339.75;175
20260608 221900;29341;29344;29331;29335.25;144
20260608 222000;29335.75;29343;29329.75;29338.75;137
20260608 222100;29339.5;29356.75;29339.5;29351.25;300
20260608 222200;29352;29357.5;29347;29356.25;121
20260608 222300;29358.25;29361;29342.25;29348.5;150
20260608 222400;29349;29364.5;29348.75;29359.75;169
20260608 222500;29358.25;29360.25;29347;29360.25;137
20260608 222600;29360.5;29370.25;29357.75;29360;173
20260608 222700;29359;29359;29341.75;29350.5;223
20260608 222800;29350.5;29353;29334.5;29338.25;180
20260608 222900;29337.25;29337.5;29325.25;29330.5;178
20260608 223000;29330.5;29334.75;29323.25;29328.25;156
20260608 223100;29332.25;29354.75;29332.25;29349.5;314
20260608 223200;29350;29352.75;29340;29352.75;180
20260608 223300;29353.25;29362.25;29349.75;29350.75;160
20260608 223400;29350;29364.75;29348;29359.75;127
20260608 223500;29358.25;29364;29356.75;29362.5;113
20260608 223600;29359.5;29368.75;29358.75;29364;88
20260608 223700;29362.25;29366.5;29360.5;29362.5;65
20260608 223800;29361.75;29367.5;29355.75;29366.5;106
20260608 223900;29366.25;29369.25;29362.5;29365.25;50
20260608 224000;29367;29374.5;29366.75;29367.75;186
20260608 224100;29367.5;29370.25;29366;29369.5;45
20260608 224200;29368;29372.25;29362.5;29365.5;94
20260608 224300;29366.5;29374.75;29366.5;29373.25;56
20260608 224400;29372.5;29376.75;29369.25;29373.5;83
20260608 224500;29374;29374.25;29369.25;29370;24
20260608 224600;29369;29369.25;29360;29368.5;137
20260608 224700;29368.75;29379.25;29368.75;29377;90
20260608 224800;29377.25;29381;29372;29375;98
20260608 224900;29373.25;29387.25;29366.25;29383;265
20260608 225000;29383.5;29387;29381.25;29386.75;96
20260608 225100;29386;29386;29378.75;29378.75;65
20260608 225200;29379;29386.75;29377.75;29381.75;32
20260608 225300;29382.5;29391.5;29382.5;29389;97
20260608 225400;29389;29391.25;29386;29388.5;60
20260608 225500;29388.75;29390.75;29387;29389.25;59
20260608 225600;29391;29406.5;29390.25;29406.5;282
20260608 225700;29405;29429;29402.75;29414.25;404
20260608 225800;29414;29421.25;29410;29416.5;135
20260608 225900;29415.75;29420.5;29413;29418.5;55
20260608 230000;29417.5;29428;29416.5;29425.5;118
20260608 230100;29426.5;29427.25;29410;29411.5;185
20260608 230200;29411.25;29419.25;29407.25;29417.5;92
20260608 230300;29418.25;29424.25;29409;29409;79
20260608 230400;29410.75;29415.25;29408.5;29411.75;52
20260608 230500;29411;29415;29409.75;29414.5;36
20260608 230600;29415.25;29424;29412.25;29418;65
20260608 230700;29416.5;29416.5;29414;29414.75;16
20260608 230800;29412.75;29414;29403.5;29408.5;108
20260608 230900;29410;29422.5;29409.75;29422.5;66
20260608 231000;29421.75;29425.25;29420;29422.5;57
20260608 231100;29421.5;29421.5;29414.5;29420.5;43
20260608 231200;29420.25;29442;29417.25;29436;261
20260608 231300;29436.25;29463.25;29435.75;29457;410
20260608 231400;29455;29455.5;29442.5;29442.5;202
20260608 231500;29443;29457.75;29443;29454.5;141
20260608 231600;29455.25;29459.25;29446.5;29450;180
20260608 231700;29450;29451.25;29445.75;29451.25;64
20260608 231800;29451;29451;29445.25;29446.5;55
20260608 231900;29449;29450;29436;29442.5;157
20260608 232000;29441.75;29441.75;29422.25;29433;218
20260608 232100;29433.25;29442.75;29429.5;29440.5;95
20260608 232200;29438.75;29442.75;29431;29441.5;83
20260608 232300;29441;29454;29440.75;29447.5;181
20260608 232400;29447.75;29452.5;29447.75;29451.75;73
20260608 232500;29451;29452;29444.75;29446.25;72
20260608 232600;29444.75;29453;29439.75;29445.75;103
20260608 232700;29445.5;29452.5;29443.25;29450;64
20260608 232800;29450.25;29453.25;29447.5;29447.5;41
20260608 232900;29445.5;29445.5;29431.75;29437.5;253
20260608 233000;29438;29438;29431.75;29433;69
20260608 233100;29431;29453.25;29416;29440.25;592
20260608 233200;29442.25;29443.25;29430.25;29437;87
20260608 233300;29435.75;29441.5;29433.75;29435.75;41
20260608 233400;29438.75;29439;29427.25;29429.25;79
20260608 233500;29427.75;29437.5;29425;29435.25;80
20260608 233600;29437;29453.75;29437;29451.75;145
20260608 233700;29450.5;29465;29450.5;29462.75;283
20260608 233800;29462.25;29472.75;29461.75;29471.5;230
20260608 233900;29470;29477.25;29462;29467.75;226
20260608 234000;29467.25;29478;29462;29476.75;198
20260608 234100;29478.25;29482;29469.5;29470.5;134
20260608 234200;29469.75;29470.5;29456;29456;179
20260608 234300;29457.75;29464.25;29453.25;29455;112
20260608 234400;29455.5;29460.5;29446.75;29455.5;111
20260608 234500;29454.5;29454.5;29442.75;29444;110
20260608 234600;29444.75;29445;29416.25;29422.5;454
20260608 234700;29424.75;29436.75;29421.5;29430.75;87
20260608 234800;29429;29429;29404.5;29420;291
20260608 234900;29426;29427;29408.75;29409;100
20260608 235000;29413.5;29422;29408.25;29414;94
20260608 235100;29414.25;29421.25;29406;29413;82
20260608 235200;29410.5;29418;29407.25;29413.75;90
20260608 235300;29412.5;29412.5;29392.75;29393.25;271
20260608 235400;29395.25;29411.25;29392;29408.25;118
20260608 235500;29407.25;29419;29391.5;29398.5;189
20260608 235600;29400.5;29401;29385;29401;183
20260608 235700;29401;29406.75;29392.25;29405.25;122
20260608 235800;29405.25;29416.25;29403;29415.75;80
20260608 235900;29416;29429.25;29411.75;29422;168
20260609 000000;29421.25;29427;29421;29425;82
20260609 000100;29425.75;29439.25;29417;29433.25;252
20260609 000200;29430.25;29435.5;29414.25;29425.75;267
20260609 000300;29425.25;29441;29424.25;29426.75;253
20260609 000400;29423.25;29423.25;29389;29397.5;402
20260609 000500;29398.25;29402.75;29370.5;29382.5;351
20260609 000600;29380.5;29393.25;29354.75;29360.25;443
20260609 000700;29360;29370.25;29357.75;29370.25;185
20260609 000800;29371.25;29388.5;29362.25;29372.5;298
20260609 000900;29371.75;29397;29356;29357.25;362
20260609 001000;29356;29358.25;29340;29346.75;386
20260609 001100;29348.25;29386;29346.5;29382.5;372
20260609 001200;29380.75;29386.5;29368.25;29375.5;153
20260609 001300;29374;29391.5;29366.25;29368.75;207
20260609 001400;29369.5;29380;29368;29379;93
20260609 001500;29375.25;29375.25;29352.25;29361.25;176
20260609 001600;29362.25;29368.25;29346.75;29352.25;297
20260609 001700;29350.75;29376;29349;29376;165
20260609 001800;29379;29380;29364.5;29378.75;142
20260609 001900;29380;29386;29360;29363.75;194
20260609 002000;29365.5;29368;29351;29351.5;140
20260609 002100;29352;29362;29344.25;29354.25;163
20260609 002200;29354.25;29359;29339;29340;171
20260609 002300;29341.5;29353;29333.75;29340;201
20260609 002400;29341;29343;29329.75;29340.25;187
20260609 002500;29339.5;29349.75;29334;29341;94
20260609 002600;29341.75;29344.5;29332;29340.75;123
20260609 002700;29338.25;29367.75;29338.25;29365.5;370
20260609 002800;29364.25;29370.25;29353.5;29358.25;177
20260609 002900;29363.25;29369;29353;29367.75;143
20260609 003000;29365.5;29368.75;29358;29368.75;92
20260609 003100;29368;29378;29342.25;29350.5;306
20260609 003200;29352;29352;29324.5;29337.25;238
20260609 003300;29338.5;29346.25;29327.5;29327.5;188
20260609 003400;29327;29330;29311.75;29319.75;434
20260609 003500;29317.5;29336;29316;29328.25;284
20260609 003600;29328.25;29330;29308;29309;163
20260609 003700;29308;29319.75;29307.75;29318;113
20260609 003800;29318.5;29335.5;29317.25;29326.75;196
20260609 003900;29320;29322.25;29310;29310;96
20260609 004000;29310;29319.25;29308.25;29318.25;94
20260609 004100;29318.25;29345;29317.5;29334.25;262
20260609 004200;29335.25;29338;29327.5;29327.5;143
20260609 004300;29331;29345;29331;29332.75;237
20260609 004400;29332;29333.75;29325.75;29333.5;86
20260609 004500;29330.5;29348.25;29330.25;29347;149
20260609 004600;29347.25;29349.25;29337.5;29346.25;175
20260609 004700;29348.5;29355;29341.25;29345.75;230
20260609 004800;29345.75;29347.25;29332.75;29341;140
20260609 004900;29341.5;29347;29332;29334;124
20260609 005000;29331.5;29344.75;29324;29343.75;175
20260609 005100;29344.25;29353.25;29341.5;29350;170
20260609 005200;29349.5;29357.75;29335.25;29335.75;173
20260609 005300;29337.5;29338.25;29313.75;29327.5;297
20260609 005400;29327.75;29328.5;29315;29317.75;118
20260609 005500;29315.75;29325.25;29310.5;29319.25;182
20260609 005600;29317.5;29333.75;29316.5;29327.75;185
20260609 005700;29326.25;29326.25;29303.5;29306.25;322
20260609 005800;29308.5;29321;29308.5;29317;134
20260609 005900;29319.75;29338.5;29317.75;29336.25;208
20260609 010000;29337.25;29346.5;29337.25;29337.75;113
20260609 010100;29341.75;29364;29337.25;29362.25;348
20260609 010200;29361.5;29370.75;29353.75;29367.75;213
20260609 010300;29363.5;29363.5;29344;29352;178
20260609 010400;29349.5;29358.5;29345.25;29348.75;71
20260609 010500;29348.25;29352.25;29340;29340.25;115
20260609 010600;29338.25;29358;29335.75;29346;190
20260609 010700;29347;29370.5;29346.25;29358.5;296
20260609 010800;29357;29360.75;29340.25;29344.25;186
20260609 010900;29343.25;29344.75;29329;29339.75;190
20260609 011000;29340.5;29356.25;29338.25;29341.5;181
20260609 011100;29342.5;29351.5;29336.5;29343.75;178
20260609 011200;29343;29356.25;29342.25;29347.5;79
20260609 011300;29349.25;29365.5;29343.25;29365.5;234
20260609 011400;29366;29385;29360;29383.25;335
20260609 011500;29385;29385;29371.25;29371.25;220
20260609 011600;29372.5;29388.5;29363.75;29379;276
20260609 011700;29385.5;29394;29377;29378.75;156
20260609 011800;29383;29387.75;29375.75;29384.75;180
20260609 011900;29383.75;29385;29372;29375;253
20260609 012000;29377.25;29383.25;29374;29381.75;105
20260609 012100;29382.5;29408.5;29380.75;29405;339
20260609 012200;29404.5;29417;29402;29415.5;252
20260609 012300;29417;29470.5;29411.75;29467;802
20260609 012400;29466.5;29471.75;29448;29454.25;495
20260609 012500;29453.5;29464.25;29450.75;29453.25;185
20260609 012600;29454;29461.5;29442.75;29443.25;195
20260609 012700;29443.25;29453.25;29443.25;29448.25;83
20260609 012800;29447.75;29473.5;29447;29472;296
20260609 012900;29471.75;29476.5;29465.75;29466.5;215
20260609 013000;29467.75;29474.5;29445.25;29456.25;224
20260609 013100;29457;29468.25;29455.5;29463.25;204
20260609 013200;29462.5;29468.25;29448;29464.75;146
20260609 013300;29462.5;29472.25;29448.75;29452.5;134
20260609 013400;29453.25;29464;29451;29463.25;76
20260609 013500;29461.75;29469.75;29454.25;29464.5;55
20260609 013600;29465.5;29472;29456.75;29470.25;101
20260609 013700;29470.75;29479.25;29466;29474.25;177
20260609 013800;29474.25;29476.25;29467.5;29473.5;100
20260609 013900;29474.25;29475;29464;29472;93
20260609 014000;29474.5;29500;29470.75;29497.75;539
20260609 014100;29497;29521.5;29497;29512.5;611
20260609 014200;29512.75;29514.5;29499.75;29510.25;154
20260609 014300;29508.25;29519.5;29501.75;29502.75;144
20260609 014400;29503;29505;29483.25;29485.25;249
20260609 014500;29485.25;29508;29484.75;29502;151
20260609 014600;29501.5;29530;29501;29517.25;367
20260609 014700;29515.75;29529.5;29511.75;29529;185
20260609 014800;29528.25;29535.5;29524.75;29535.5;208
20260609 014900;29534.75;29547.75;29530;29540.75;286
20260609 015000;29540.5;29541.25;29524;29527.75;267
20260609 015100;29527.25;29541.5;29523;29525;198
20260609 015200;29526.5;29527.5;29520;29522.25;102
20260609 015300;29523.5;29524.75;29518;29519.5;110
20260609 015400;29519.5;29527.75;29512.5;29514.25;175
20260609 015500;29514;29520.5;29512.5;29518.75;100
20260609 015600;29515.75;29519;29502.75;29503.75;303
20260609 015700;29506.25;29516;29505.25;29509.75;90
20260609 015800;29508.75;29511;29494;29494.75;249
20260609 015900;29493.75;29497.25;29482;29484;310
20260609 020000;29485.5;29498.25;29483.5;29492;144
20260609 020100;29492.5;29504;29490.75;29498.5;177
20260609 020200;29496.5;29506.25;29494.75;29500;150
20260609 020300;29502;29510.5;29497.5;29507.5;148
20260609 020400;29508.75;29514.75;29497.75;29499.25;137
20260609 020500;29500;29505.25;29498.25;29498.75;77
20260609 020600;29497;29501.25;29482.75;29489.25;213
20260609 020700;29488.75;29495;29483;29487.5;117
20260609 020800;29489;29508.5;29484.75;29500.75;154
20260609 020900;29501.25;29511.75;29495.5;29503.75;104
20260609 021000;29501;29513;29495.5;29511.5;86
20260609 021100;29512.25;29516.25;29505;29505.75;135
20260609 021200;29508.75;29509.25;29494.25;29501.75;86
20260609 021300;29500.5;29508;29499.5;29507.25;64
20260609 021400;29507;29514;29504.5;29510.75;74
20260609 021500;29508.75;29508.75;29498;29498;83
20260609 021600;29498.25;29498.25;29479.25;29481.25;175
20260609 021700;29481.5;29485.75;29478.25;29481.25;126
20260609 021800;29482.5;29502;29481.25;29492;163
20260609 021900;29491;29493.75;29482.25;29484.75;97
20260609 022000;29485.25;29492.5;29481.25;29483.5;102
20260609 022100;29482.75;29488.25;29471.75;29484.25;302
20260609 022200;29482;29496.25;29480.25;29488.75;115
20260609 022300;29491;29492.75;29481.25;29481.25;38
20260609 022400;29480.5;29485;29477;29485;73
20260609 022500;29483;29487;29478.5;29478.5;36
20260609 022600;29477.25;29479.75;29468.5;29471;149
20260609 022700;29469;29471.25;29460.5;29464;149
20260609 022800;29462.5;29473.25;29462.5;29468;46
20260609 022900;29467.25;29489.5;29467.25;29485.25;236
20260609 023000;29485.25;29492;29482;29490.5;119
20260609 023100;29491.75;29505.5;29490;29492.75;194
20260609 023200;29495.75;29501;29491;29499.25;83
20260609 023300;29499;29506;29492;29496.5;98
20260609 023400;29499.5;29512;29496.75;29508.5;144
20260609 023500;29507.25;29510.75;29499.5;29501.25;75
20260609 023600;29501;29501;29484.25;29487.75;134
20260609 023700;29488.5;29491.25;29482.75;29489.5;69
20260609 023800;29487.75;29490.25;29478;29478.75;83
20260609 023900;29478.75;29482.75;29473.5;29481;127
20260609 024000;29480.75;29489;29477.75;29487.5;113
20260609 024100;29487;29496;29486.75;29487;95
20260609 024200;29487;29504.5;29486.75;29495;166
20260609 024300;29495;29499.25;29494;29495;35
20260609 024400;29493;29500.5;29491;29500.25;73
20260609 024500;29500.75;29508.75;29492.5;29508.75;68
20260609 024600;29509.75;29523.75;29507.75;29514;285
20260609 024700;29513.75;29517.5;29508;29515.75;96
20260609 024800;29515.75;29518.25;29510;29511.75;44
20260609 024900;29513;29514;29503.75;29511;66
20260609 025000;29509.75;29512.5;29503.25;29503.25;93
20260609 025100;29501.5;29507.75;29497;29504;170
20260609 025200;29502.75;29502.75;29492;29495.5;90
20260609 025300;29494;29497.25;29489.25;29493.5;71
20260609 025400;29491.75;29499;29489.5;29496.5;35
20260609 025500;29498;29513;29498;29502.25;110
20260609 025600;29500.75;29516;29500.25;29515.75;110
20260609 025700;29514.5;29518.25;29512.75;29514.25;49
20260609 025800;29513.25;29520.25;29510;29516.5;145
20260609 025900;29516.25;29516.75;29512.25;29513.5;33
20260609 030000;29513.5;29514.25;29506.5;29514;77
20260609 030100;29514;29514;29504;29512;70
20260609 030200;29511.75;29514;29508;29508.5;64
20260609 030300;29511;29514.75;29506.5;29512.5;69
20260609 030400;29514.75;29515.75;29503.75;29511;77
20260609 030500;29509.75;29517.25;29509.25;29512.25;85
20260609 030600;29512.5;29525;29501;29523.5;435
20260609 030700;29522.75;29533;29522.25;29531.75;218
20260609 030800;29531.5;29532.5;29522.75;29524.5;91
20260609 030900;29524.75;29528;29517.5;29517.5;71
20260609 031000;29518.25;29522;29517;29519.25;38
20260609 031100;29521.25;29522.5;29514.25;29520.5;58
20260609 031200;29519.25;29525.75;29517.5;29525.5;40
20260609 031300;29526.25;29532.25;29523.5;29530.75;53
20260609 031400;29528.75;29542.25;29526.25;29539.5;129
20260609 031500;29539;29540.75;29531;29534.5;181
20260609 031600;29532.75;29555;29532.25;29546.25;239
20260609 031700;29545.25;29550.75;29540.5;29543.5;145
20260609 031800;29541.75;29551;29540.25;29543;88
20260609 031900;29543;29549;29543;29547;52
20260609 032000;29547.25;29548.5;29538.25;29540.25;66
20260609 032100;29540;29544.75;29535.5;29543;83
20260609 032200;29544.75;29546.25;29527.5;29530.5;151
20260609 032300;29529.5;29530.5;29523;29527.5;106
20260609 032400;29529.5;29533.75;29522.75;29524;137
20260609 032500;29524.25;29526.5;29516.5;29523.25;75
20260609 032600;29525.25;29535.5;29524;29535.25;92
20260609 032700;29534.5;29539.75;29530.75;29533.5;69
20260609 032800;29533.5;29540;29529.75;29539.5;49
20260609 032900;29538.5;29543;29535.75;29539;56
20260609 033000;29535.75;29540.75;29533.25;29539;64
20260609 033100;29540;29559;29540;29550;231
20260609 033200;29549.5;29550;29534.75;29549;131
20260609 033300;29548.25;29555.5;29544.75;29553;97
20260609 033400;29551;29555.5;29547.5;29551;49
20260609 033500;29550.75;29561.75;29548.25;29561.5;131
20260609 033600;29561.75;29567.5;29558.25;29564;134
20260609 033700;29563.5;29567.5;29560;29563.5;59
20260609 033800;29564.5;29573;29564;29567.75;194
20260609 033900;29567.25;29571;29564.5;29571;51
20260609 034000;29572;29581.5;29568.5;29579.5;179
20260609 034100;29578.5;29584;29575;29578.5;172
20260609 034200;29576.75;29587;29576.25;29580.5;141
20260609 034300;29581.25;29583.25;29575.5;29581.25;73
20260609 034400;29580.25;29587.75;29579.75;29582.75;73
20260609 034500;29584;29592.5;29582.5;29584.25;180
20260609 034600;29584.5;29587.5;29580;29585;95
20260609 034700;29585.75;29586.75;29579.75;29586.5;61
20260609 034800;29587.75;29593;29582.25;29583.75;141
20260609 034900;29582;29583.75;29576.75;29580;92
20260609 035000;29578.75;29580;29572.75;29573.75;120
20260609 035100;29574.5;29574.5;29567.25;29568.75;136
20260609 035200;29569.75;29573.75;29566.75;29566.75;78
20260609 035300;29567;29570;29565;29568.5;91
20260609 035400;29568.75;29576.5;29567.5;29571.5;183
20260609 035500;29572.25;29575.75;29570.25;29575.75;89
20260609 035600;29575;29578.25;29569.75;29569.75;50
20260609 035700;29569.25;29571.25;29566;29570;59
20260609 035800;29570;29577.5;29569.5;29575.75;83
20260609 035900;29576.75;29576.75;29569.75;29574.5;54
20260609 040000;29573.25;29582.25;29573;29580;89
20260609 040100;29580;29587.75;29578;29579.5;178
20260609 040200;29580.75;29580.75;29571.5;29573.75;119
20260609 040300;29572.75;29579.5;29569.75;29571.75;89
20260609 040400;29571.5;29579.75;29571.5;29573;65
20260609 040500;29574.75;29578.25;29572;29574.75;30
20260609 040600;29575.25;29580;29574.25;29576.75;51
20260609 040700;29578;29579;29571;29571;53
20260609 040800;29572;29577;29569;29575.25;59
20260609 040900;29576;29596;29576;29594;282
20260609 041000;29594.25;29609.25;29594.25;29605.25;578
20260609 041100;29605.5;29606.25;29601;29603;84
20260609 041200;29602.25;29612.25;29602.25;29608.25;158
20260609 041300;29608;29610.75;29604.5;29605.5;58
20260609 041400;29605.5;29611;29602;29609.75;124
20260609 041500;29609.75;29611.75;29601.75;29602;87
20260609 041600;29602.75;29602.75;29597;29600.5;93
20260609 041700;29601;29613.5;29600;29612.25;142
20260609 041800;29611;29619.25;29610.75;29614.5;169
20260609 041900;29614.75;29623.5;29612.75;29621.25;128
20260609 042000;29621;29622.25;29617.5;29621.25;54
20260609 042100;29621.5;29621.5;29616;29618.25;69
20260609 042200;29619.25;29620.25;29609;29609.75;93
20260609 042300;29611.75;29615.5;29610.5;29611.25;58
20260609 042400;29611;29612.75;29605.25;29609;98
20260609 042500;29608.75;29617;29608;29609.5;41
20260609 042600;29610.5;29622.5;29609.5;29618.25;116
20260609 042700;29618;29618;29611.25;29612;97
20260609 042800;29613.25;29617;29608;29609.5;65
20260609 042900;29609;29609;29601.25;29608.75;151
20260609 043000;29609.5;29611.5;29604.5;29611.5;55
20260609 043100;29612;29613.25;29603;29605.75;107
20260609 043200;29605.25;29611;29598.5;29602;96
20260609 043300;29602.25;29606.75;29601;29604.5;47
20260609 043400;29605.5;29617;29605;29616.5;85
20260609 043500;29615.75;29622.5;29614.75;29622;112
20260609 043600;29622.25;29623;29614;29615.25;81
20260609 043700;29617.5;29622;29617;29617.5;49
20260609 043800;29618;29627.25;29618;29623.75;90
20260609 043900;29624.75;29629;29621;29624;98
20260609 044000;29622.5;29627.25;29616.75;29626.25;182
20260609 044100;29624.75;29627.25;29623.25;29624.25;46
20260609 044200;29625;29629.25;29624;29628.25;85
20260609 044300;29628.5;29631.25;29619.25;29621.75;125
20260609 044400;29621.25;29623.75;29614.5;29616.25;118
20260609 044500;29616.25;29621.5;29615.5;29617.75;66
20260609 044600;29617.5;29620;29614;29616.75;76
20260609 044700;29617;29621.75;29616;29619.25;87
20260609 044800;29620;29624.5;29617.75;29617.75;180
20260609 044900;29618;29620.5;29615.25;29616.75;42
20260609 045000;29619;29619;29614.25;29617.25;39
20260609 045100;29618;29618.5;29614.75;29615;37
20260609 045200;29615;29616.75;29608.75;29611.5;96
20260609 045300;29610.75;29612.5;29605.5;29608;68
20260609 045400;29607.25;29608.5;29604.5;29608;86
20260609 045500;29607.25;29610.75;29605.75;29610.5;32
20260609 045600;29609.25;29613.5;29608.75;29610.5;69
20260609 045700;29611.75;29615.5;29607.5;29608;62
20260609 045800;29608;29609.75;29607.25;29608;42
20260609 045900;29607.75;29608.25;29603.25;29603.25;43
20260609 050000;29603.25;29606.75;29600.75;29603.25;123
20260609 050100;29604.5;29606;29600.25;29601.5;95
20260609 050200;29602.5;29604;29592.5;29597.25;181
20260609 050300;29597.25;29608.5;29596;29608.5;160
20260609 050400;29609.5;29621;29606.25;29621;159
20260609 050500;29619.5;29626;29615.25;29625;242
20260609 050600;29623.25;29624;29617.5;29618.75;133
20260609 050700;29620;29622.75;29617.5;29618.5;79
20260609 050800;29618.25;29621.25;29615.5;29619.75;52
20260609 050900;29621.25;29622;29603.25;29605.5;151
20260609 051000;29604.75;29607;29596.25;29596.75;152
20260609 051100;29597.5;29608.25;29596;29603.5;124
20260609 051200;29603.5;29611.5;29603.5;29609.25;57
20260609 051300;29610.25;29612.25;29603.25;29606.75;81
20260609 051400;29605.75;29609.25;29602.75;29607.75;22
20260609 051500;29607.75;29611.5;29605;29607.25;81
20260609 051600;29606;29606.75;29602;29602.75;32
20260609 051700;29607.25;29607.25;29599.25;29601;59
20260609 051800;29602.5;29608.5;29602.5;29606.75;52
20260609 051900;29607.5;29615.5;29605.75;29611.25;110
20260609 052000;29610.75;29613;29608.25;29608.25;26
20260609 052100;29608.75;29612.25;29605.75;29608.5;41
20260609 052200;29608.5;29611.75;29603.5;29606.25;70
20260609 052300;29604.5;29607.25;29593.75;29600.25;91
20260609 052400;29601.5;29610.25;29600.25;29610;95
20260609 052500;29610.5;29616.5;29608.5;29613.25;83
20260609 052600;29613.5;29619.25;29611.75;29613.25;88
20260609 052700;29609.5;29619.25;29608.25;29616.5;55
20260609 052800;29614.5;29615.75;29612.5;29615.25;51
20260609 052900;29614.25;29614.25;29601.75;29603.5;67
20260609 053000;29602.75;29603.25;29588.75;29592.75;122
20260609 053100;29593;29602;29591.75;29597.25;144
20260609 053200;29599.75;29634.25;29596;29630.75;298
20260609 053300;29631.25;29638.5;29627.25;29632;215
20260609 053400;29630.5;29632.5;29619.5;29625;154
20260609 053500;29625.5;29632;29624.75;29631.5;140
20260609 053600;29632.5;29634;29623.75;29628.5;99
20260609 053700;29627.5;29628;29618;29620.25;103
20260609 053800;29620;29626.5;29619;29625;80
20260609 053900;29624.75;29625;29614;29619;161
20260609 054000;29619.75;29624.5;29619.25;29624;42
20260609 054100;29625.75;29626.25;29620.75;29622.75;36
20260609 054200;29621.75;29628.75;29620.5;29628.75;118
20260609 054300;29629;29633;29628.5;29631.5;158
20260609 054400;29631;29647;29631;29644.25;345
20260609 054500;29643.5;29643.5;29624.75;29628.5;125
20260609 054600;29627.5;29635.5;29626.5;29632.25;57
20260609 054700;29633.5;29640.75;29633.5;29639.25;84
20260609 054800;29640.5;29643;29637.75;29641.75;62
20260609 054900;29642.75;29647.75;29642;29646.75;153
20260609 055000;29645.75;29651.5;29643;29647.25;316
20260609 055100;29646.5;29647.25;29632.5;29640;179
20260609 055200;29639.5;29643.75;29636.5;29638.75;182
20260609 055300;29640.25;29641.25;29636.5;29636.75;34
20260609 055400;29637;29637;29632.75;29634.25;75
20260609 055500;29634.25;29635.25;29628.5;29633.25;127
20260609 055600;29631.75;29632.25;29620;29622.25;104
20260609 055700;29621.75;29622;29618;29620;62
20260609 055800;29621.75;29624;29618;29621.75;52
20260609 055900;29622.5;29638;29621.5;29634.5;150
20260609 060000;29634;29635.25;29630.75;29633.25;153
20260609 060100;29634.75;29643;29633;29633.75;225
20260609 060200;29633;29636;29625.75;29631.5;92
20260609 060300;29631;29643;29631;29639.25;102
20260609 060400;29639.5;29647.5;29636.5;29646.75;82
20260609 060500;29645.75;29648.25;29640.5;29642.5;92
20260609 060600;29640.75;29648.75;29640.75;29648;102
20260609 060700;29647.5;29654.75;29647.25;29651.75;322
20260609 060800;29651.75;29656.5;29640.75;29643.25;151
20260609 060900;29644;29653;29641.25;29651.5;184
20260609 061000;29652;29653.5;29645.75;29649;83
20260609 061100;29650;29650;29644.25;29649.5;81
20260609 061200;29649.75;29657.5;29648.75;29657.5;110
20260609 061300;29657.5;29658.75;29651.25;29652.75;166
20260609 061400;29652.25;29653.75;29648;29652.25;120
20260609 061500;29651.5;29660;29651.5;29656.75;142
20260609 061600;29655.75;29662.25;29653;29661;145
20260609 061700;29660.5;29669.25;29660.5;29667.75;277
20260609 061800;29666.25;29674.75;29662.5;29673;204
20260609 061900;29673.25;29674.25;29663.5;29668.75;194
20260609 062000;29667.75;29667.75;29656;29656;190
20260609 062100;29656.5;29661.25;29654.5;29661.25;101
20260609 062200;29661.25;29669.25;29661.25;29666;113
20260609 062300;29667.25;29668;29664;29665.5;73
20260609 062400;29665.25;29667.25;29660.5;29667.25;74
20260609 062500;29666;29668.5;29661;29661;36
20260609 062600;29659.25;29662.75;29653;29656;107
20260609 062700;29655.25;29656;29643.75;29645;134
20260609 062800;29647.5;29647.5;29641.5;29647.5;68
20260609 062900;29648;29653.5;29644.5;29644.5;195
20260609 063000;29643.75;29643.75;29633.5;29635.75;166
20260609 063100;29635.75;29645;29632;29634.75;317
20260609 063200;29635.5;29636.75;29625.75;29630.5;155
20260609 063300;29631.25;29631.5;29623.75;29627.25;140
20260609 063400;29627.5;29635.5;29627.5;29632;117
20260609 063500;29633.25;29638.75;29631;29638.75;69
20260609 063600;29638.75;29644.75;29633.5;29638.75;114
20260609 063700;29638.75;29643.25;29633.5;29642.25;86
20260609 063800;29642;29647;29642;29645.75;68
20260609 063900;29646.5;29650.5;29646;29648.25;87
20260609 064000;29646.25;29647.5;29640.25;29645.25;103
20260609 064100;29645.75;29650.5;29643.25;29649.25;75
20260609 064200;29647.75;29652;29646;29649.75;62
20260609 064300;29649;29651.75;29638.5;29638.5;110
20260609 064400;29640.25;29641;29628.5;29631.5;126
20260609 064500;29632.25;29641.25;29631.25;29636.5;77
20260609 064600;29637.25;29643.5;29634.25;29634.5;144
20260609 064700;29633.75;29635.75;29627.5;29629.75;153
20260609 064800;29629.5;29635;29629.5;29635;68
20260609 064900;29636.25;29638.25;29633.25;29635.5;54
20260609 065000;29635.25;29635.5;29625;29628.75;88
20260609 065100;29627.5;29629.25;29615.75;29617.25;183
20260609 065200;29618;29619.25;29614.75;29615.75;98
20260609 065300;29615.75;29617.75;29612.25;29615.25;52
20260609 065400;29616.25;29617.5;29606.5;29609.25;114
20260609 065500;29609.75;29609.75;29601.5;29605.5;184
20260609 065600;29607.25;29611.25;29602.5;29610.25;151
20260609 065700;29609.25;29619;29609.25;29616;120
20260609 065800;29616;29617.25;29613.5;29617.25;54
20260609 065900;29615;29616.25;29610.25;29613.5;62
20260609 070000;29613.5;29624.25;29612.75;29622.25;85
20260609 070100;29623;29650.25;29616;29649;574
20260609 070200;29648.25;29659;29644.75;29652.5;221
20260609 070300;29652;29662;29646;29662;185
20260609 070400;29660.5;29677.5;29659.25;29671.75;402
20260609 070500;29672.5;29675.25;29661.5;29674.25;173
20260609 070600;29674;29679;29668;29670.5;149
20260609 070700;29669.5;29677.75;29668.25;29674.75;102
20260609 070800;29675;29688;29673.5;29685.75;218
20260609 070900;29686.75;29689.25;29677.25;29681.25;210
20260609 071000;29678.5;29682.25;29677.5;29680;65
20260609 071100;29679.25;29683;29675.25;29678.5;109
20260609 071200;29679;29686.75;29678.75;29679.25;197
20260609 071300;29678;29685.25;29672;29673.5;125
20260609 071400;29673.25;29674;29659.25;29660.25;207
20260609 071500;29660.75;29661.25;29646.75;29647.5;175
20260609 071600;29648.5;29652.5;29643.25;29646.25;162
20260609 071700;29644;29646;29635.5;29639.75;183
20260609 071800;29639;29648.25;29634.25;29648;104
20260609 071900;29646.75;29654;29641.75;29643;107
20260609 072000;29643.5;29646;29639.75;29643.5;61
20260609 072100;29644;29648.75;29640.25;29647.5;104
20260609 072200;29648.5;29654.25;29644.25;29645.75;127
20260609 072300;29645.5;29657.25;29643.5;29657.25;106
20260609 072400;29657.75;29661.5;29645;29646;210
20260609 072500;29646.25;29646.25;29630.75;29633.5;194
20260609 072600;29636;29636.75;29616;29617.25;183
20260609 072700;29616.25;29620.75;29609;29609.75;153
20260609 072800;29610.25;29610.25;29601.5;29602.25;158
20260609 072900;29604.75;29614.75;29604.75;29614;124
20260609 073000;29613.75;29620.5;29609.5;29612.75;134
20260609 073100;29612.75;29617.25;29610.5;29614;115
20260609 073200;29612.25;29622.25;29611;29617.75;118
20260609 073300;29618;29626.75;29616;29623.25;101
20260609 073400;29623;29623;29614.75;29618.5;64
20260609 073500;29619.25;29619.25;29609.75;29611.5;100
20260609 073600;29612.75;29614;29598.25;29600;168
20260609 073700;29599.75;29602.5;29588;29601.75;212
20260609 073800;29602;29613;29600.25;29604.5;176
20260609 073900;29604.75;29609.25;29598.25;29604.5;101
20260609 074000;29605;29609.5;29602.25;29608.75;88
20260609 074100;29608;29616;29598.75;29601.75;132
20260609 074200;29600;29612.25;29598.25;29605;135
20260609 074300;29605.75;29614.75;29604.25;29613;65
20260609 074400;29613.75;29620.75;29610;29617;123
20260609 074500;29616.5;29625.25;29616;29625.25;82
20260609 074600;29625.75;29638.5;29621.5;29636.5;198
20260609 074700;29636.5;29637.75;29627.25;29634.75;89
20260609 074800;29633.75;29634;29629.5;29632.25;29
20260609 074900;29634;29637.5;29630;29635.75;66
20260609 075000;29635;29636;29623.75;29624.75;106
20260609 075100;29624;29624;29610.25;29616.25;179
20260609 075200;29616.25;29626.5;29615.75;29615.75;72
20260609 075300;29615.75;29617.25;29597.5;29602;142
20260609 075400;29602.25;29617.75;29594.75;29601;181
20260609 075500;29599.25;29601.5;29592.25;29595.25;79
20260609 075600;29597.5;29597.75;29588.5;29592.5;82
20260609 075700;29593.75;29594;29584;29586.25;118
20260609 075800;29586.75;29595;29583.5;29592.75;103
20260609 075900;29593.25;29595;29590.5;29594.75;55
20260609 080000;29595;29598.5;29588.5;29593;96
20260609 080100;29593.5;29601.75;29585.5;29597.75;218
20260609 080200;29598.5;29599;29566;29588;577
20260609 080300;29587.5;29596.75;29584.75;29590.25;172
20260609 080400;29591;29613;29588.75;29608.5;193
20260609 080500;29608.75;29610.5;29596.75;29598.75;117
20260609 080600;29600.5;29600.5;29579.5;29584.25;154
20260609 080700;29583.25;29594.25;29581.25;29586.75;143
20260609 080800;29587.5;29600;29580.75;29599;86
20260609 080900;29598.5;29622;29598.5;29621.25;299
20260609 081000;29621;29631.5;29616.75;29629.25;168
20260609 081100;29627.75;29636.25;29622;29630;198
20260609 081200;29633;29635;29627.25;29628.75;100
20260609 081300;29629;29661;29626;29654.75;523
20260609 081400;29652.5;29664.5;29649;29661.25;245
20260609 081500;29661.25;29668.5;29652;29665.75;294
20260609 081600;29665.5;29668.5;29660.75;29668;155
20260609 081700;29667.75;29671.25;29652;29653.5;260
20260609 081800;29654.75;29659.25;29645.25;29646.5;92
20260609 081900;29647.25;29657;29645.5;29648;117
20260609 082000;29647.75;29654.75;29647.5;29651.5;86
20260609 082100;29650;29653;29643.5;29649.25;145
20260609 082200;29649.5;29652.5;29642.75;29645.25;98
20260609 082300;29645.25;29646;29637.5;29641.75;71
20260609 082400;29639.5;29663.25;29639.5;29658.5;242
20260609 082500;29658.5;29661.5;29654.5;29656;101
20260609 082600;29659;29665.25;29658;29661.5;78
20260609 082700;29659;29662.75;29650.75;29662.75;65
20260609 082800;29661.75;29664.5;29660;29662.5;49
20260609 082900;29662.25;29674.25;29659.5;29661.5;291
20260609 083000;29661.5;29666.25;29659.75;29663.25;106
20260609 083100;29662.75;29670;29661;29665;130
20260609 083200;29665;29669;29659.75;29664.5;119
20260609 083300;29664.75;29674.25;29664;29671.75;165
20260609 083400;29671;29671;29661.5;29668;54
20260609 083500;29670;29672.25;29662;29662;55
20260609 083600;29663.5;29663.5;29655.75;29659;137
20260609 083700;29659.25;29663;29653.75;29661;154
20260609 083800;29659;29659;29645;29651.5;214
20260609 083900;29651.25;29668.75;29650.5;29668.75;174
20260609 084000;29668.75;29682;29666.25;29678.75;233
20260609 084100;29679.5;29681.25;29674.5;29676.5;73
20260609 084200;29673.5;29674;29669;29670.25;94
20260609 084300;29671.5;29681;29666.75;29679;94
20260609 084400;29680.5;29683.5;29671.5;29674.5;76
20260609 084500;29676.25;29685.5;29676.25;29678.75;138
20260609 084600;29677.75;29686.25;29676.5;29677.5;96
20260609 084700;29677.75;29680;29676;29679;76
20260609 084800;29677.5;29682;29675.5;29680.25;53
20260609 084900;29680.25;29680.5;29668.5;29671;127
20260609 085000;29672;29672;29664;29667.25;73
20260609 085100;29667.5;29667.75;29650.75;29652.75;148
20260609 085200;29654.5;29659.75;29652.5;29654.25;66
20260609 085300;29653;29658.75;29647.5;29658;124
20260609 085400;29657;29657;29643.5;29644.5;147
20260609 085500;29645.5;29648.75;29641.5;29645.75;133
20260609 085600;29645;29645;29638.75;29642.25;69
20260609 085700;29642;29645.5;29637.25;29642.75;59
20260609 085800;29640.75;29647;29640.75;29645.75;94
20260609 085900;29646.5;29646.5;29639;29641.25;58
20260609 090000;29643.25;29645.5;29639.5;29641.5;45
20260609 090100;29641.75;29643.5;29636;29641.5;76
20260609 090200;29644.5;29660;29643.5;29658;198
20260609 090300;29659.25;29664.5;29655;29655;67
20260609 090400;29656.25;29658.25;29653.5;29654;46
20260609 090500;29655.25;29658.75;29652;29655;50
20260609 090600;29656;29658.75;29650.75;29658.5;98
20260609 090700;29656.25;29657.5;29646.5;29650.5;89
20260609 090800;29650.75;29652;29642;29646;52
20260609 090900;29649;29651;29645;29646.25;40
20260609 091000;29646;29660.75;29646;29660;92
20260609 091100;29660.25;29666.75;29658.25;29662.25;76
20260609 091200;29664;29670;29659.25;29670;65
20260609 091300;29668.75;29671.75;29660.75;29665.25;119
20260609 091400;29665.25;29668.75;29661.25;29668.75;67
20260609 091500;29664.25;29668;29664;29666.75;41
20260609 091600;29668;29672.75;29666.5;29669.25;83
20260609 091700;29668.75;29674.25;29668.25;29670;61
20260609 091800;29669.25;29670.25;29662;29662;42
20260609 091900;29662.5;29669.25;29662;29667.5;28
20260609 092000;29669;29671;29667.25;29669.75;34
20260609 092100;29668;29672;29666.5;29670.25;43
20260609 092200;29670.25;29672.5;29664;29664.75;68
20260609 092300;29663.5;29668.5;29663;29668.25;36
20260609 092400;29670;29672.75;29669;29669.5;34
20260609 092500;29670;29672.5;29664;29667;79
20260609 092600;29667.5;29668;29660.25;29663.25;58
20260609 092700;29664;29674.75;29664;29672.75;194
20260609 092800;29671.75;29685;29671.75;29684.25;224
20260609 092900;29684;29691.25;29681.25;29681.25;338
20260609 093000;29681.25;29691.25;29681.25;29685.75;169
20260609 093100;29686.5;29687;29667.25;29679.75;281
20260609 093200;29679.25;29681;29668;29668;80
20260609 093300;29667.5;29673.25;29666.25;29671.25;50
20260609 093400;29671.25;29671.5;29659.75;29662;113
20260609 093500;29663.75;29665.5;29656.5;29657.5;70
20260609 093600;29656.5;29663.25;29656.25;29663.25;50
20260609 093700;29662.25;29675.5;29662;29674.5;89
20260609 093800;29675.5;29677.25;29672;29673.25;59
20260609 093900;29674;29680;29673.75;29680;38
20260609 094000;29679;29680;29674;29674.75;52
20260609 094100;29676.25;29683.5;29673;29681.5;68
20260609 094200;29681.25;29684;29679.25;29679.75;54
20260609 094300;29679.25;29683.5;29679;29679;39
20260609 094400;29678.75;29682.25;29673.5;29678;60
20260609 094500;29677.75;29680;29675.75;29679;39
20260609 094600;29678.25;29680;29678;29678.25;21
20260609 094700;29678.75;29686.75;29678.25;29681;49
20260609 094800;29681.5;29686.75;29680.5;29683.25;71
20260609 094900;29681.5;29685;29679;29684;21
20260609 095000;29684.25;29686.5;29679.75;29685.75;73
20260609 095100;29687;29694.75;29685.5;29694.5;137
20260609 095200;29694.25;29695;29689.5;29691.75;170
20260609 095300;29691.5;29696.25;29690.75;29693.5;242
20260609 095400;29693.5;29693.5;29685.25;29692.25;85
20260609 095500;29692.25;29692.25;29686.75;29688.25;62
20260609 095600;29689;29693.25;29687.25;29689.75;84
20260609 095700;29689.25;29692.25;29687.75;29691;84
20260609 095800;29692.75;29695;29690.5;29693.5;55
20260609 095900;29693.25;29693.75;29688.75;29691.25;49
20260609 100000;29690.75;29690.75;29678.75;29678.75;97
20260609 100100;29680.5;29695.25;29678;29694.5;178
20260609 100200;29694.25;29697;29689.5;29695;119
20260609 100300;29693.25;29693.25;29686.75;29686.75;41
20260609 100400;29686.75;29690.25;29682;29690.25;65
20260609 100500;29688.5;29694.5;29687.5;29693;57
20260609 100600;29694;29697.5;29692.5;29697;141
20260609 100700;29697.25;29697.25;29617.75;29634.75;1076
20260609 100800;29633.75;29673.25;29628.75;29661.25;972
20260609 100900;29661.75;29672.25;29658;29658;209
20260609 101000;29659.25;29659.25;29628;29635.75;398
20260609 101100;29637.75;29649;29628;29641;198
20260609 101200;29641;29656.25;29641;29649.75;283
20260609 101300;29651;29659;29649.25;29651;158
20260609 101400;29651.5;29652.75;29643.5;29643.5;130
20260609 101500;29645.25;29680.5;29645.25;29677.5;515
20260609 101600;29677.5;29679;29668.5;29670.25;280
20260609 101700;29669.5;29673.5;29665.25;29669.5;160
20260609 101800;29670.25;29675;29666.25;29672;112
20260609 101900;29671.5;29673;29660.75;29660.75;74
20260609 102000;29661.5;29662.75;29651.75;29653.5;97
20260609 102100;29654.5;29657;29653;29657;45
20260609 102200;29656.25;29662.25;29656.25;29660.5;45
20260609 102300;29659.75;29662.5;29654;29657.5;42
20260609 102400;29656.75;29658.75;29653.75;29654.75;42
20260609 102500;29657;29659.25;29653;29657.75;44
20260609 102600;29657.5;29668.25;29657.5;29666;56
20260609 102700;29666.75;29676;29666.75;29676;89
20260609 102800;29675.5;29678.25;29674.75;29675.75;54
20260609 102900;29675.5;29677.75;29673.25;29676;38
20260609 103000;29674.75;29674.75;29672.5;29672.5;26
20260609 103100;29672;29676.5;29671.25;29673.5;30
20260609 103200;29673.5;29673.5;29667.25;29668.5;73
20260609 103300;29668.75;29670.75;29665.75;29665.75;50
20260609 103400;29665.75;29665.75;29660.25;29663.25;51
20260609 103500;29663.5;29664;29656;29657.75;51
20260609 103600;29655.75;29659;29654;29659;52
20260609 103700;29657.75;29658.5;29650.75;29658.5;66
20260609 103800;29658.75;29660;29654.5;29657.5;37
20260609 103900;29657.5;29662.75;29657.5;29662.75;47
20260609 104000;29663;29663;29650;29650;76
20260609 104100;29651.75;29656.25;29650.75;29654.25;74
20260609 104200;29654.5;29656.25;29648.5;29652.75;86
20260609 104300;29651.5;29653;29647.25;29649.25;41
20260609 104400;29650;29659.75;29648.25;29658.25;91
20260609 104500;29659.25;29661;29657.25;29657.25;61
20260609 104600;29657.5;29658;29652.5;29657;59
20260609 104700;29657.75;29663;29654.75;29657;120
20260609 104800;29656.75;29659.75;29656.75;29657.75;22
20260609 104900;29658.5;29660.5;29654;29654.25;56
20260609 105000;29655;29660;29655;29658.5;129
20260609 105100;29658.75;29667.75;29658.25;29663;160
20260609 105200;29663.25;29668;29662.75;29663.75;78
20260609 105300;29664;29673.5;29664;29670.75;124
20260609 105400;29670.25;29672.25;29665.75;29666;90
20260609 105500;29666.5;29698.75;29666.5;29682.25;971
20260609 105600;29682.5;29687.5;29679.25;29681.75;168
20260609 105700;29683.25;29684.25;29676.25;29680.25;63
20260609 105800;29678.25;29682;29675.75;29682;57
20260609 105900;29682.25;29687.75;29681.25;29687.75;44
20260609 110000;29686.5;29690.25;29682.25;29685.25;150
20260609 110100;29686;29703;29681;29699.75;400
20260609 110200;29700.25;29703.75;29690.5;29697;250
20260609 110300;29698.25;29698.75;29689.25;29694;99
20260609 110400;29695;29697.75;29688.75;29696.5;129
20260609 110500;29696.25;29696.25;29688.25;29689.25;82
20260609 110600;29691;29691.75;29684.75;29691.25;71
20260609 110700;29690;29690;29681;29685.25;88
20260609 110800;29685.25;29693.75;29682.75;29692.5;95
20260609 110900;29693.75;29705;29692.5;29702.75;244
20260609 111000;29701.75;29703;29697.5;29702;86
20260609 111100;29701.75;29701.75;29691;29697.25;99
20260609 111200;29696.25;29697.5;29692.5;29692.5;55
20260609 111300;29692.75;29696.25;29690.5;29690.5;116
20260609 111400;29691.75;29693;29689;29692.25;66
20260609 111500;29692.75;29698.75;29691;29698.75;153
20260609 111600;29699;29702.25;29697.25;29699.25;127
20260609 111700;29699.25;29700.5;29691.25;29693;154
20260609 111800;29692;29693;29683.25;29686.75;202
20260609 111900;29687;29687;29678.75;29685.75;146
20260609 112000;29687.25;29696;29686.25;29693.75;176
20260609 112100;29694.75;29695;29683.25;29685.75;82
20260609 112200;29683.75;29686.25;29679.75;29682;176
20260609 112300;29681.25;29682.75;29677.75;29680.75;72
20260609 112400;29681.25;29685.75;29673;29677.5;293
20260609 112500;29677.5;29682.25;29670.75;29673.5;168
20260609 112600;29673.25;29679.25;29672;29679.25;94
20260609 112700;29677.75;29683.75;29677.75;29682.25;72
20260609 112800;29681.75;29694.75;29681.5;29694.5;139
20260609 112900;29693.75;29694.75;29686.75;29689.25;100
20260609 113000;29690;29690.75;29684.75;29688.5;89
20260609 113100;29690;29693.75;29684.5;29692;79
20260609 113200;29693;29695.75;29690;29692.75;95
20260609 113300;29693;29700.75;29693;29700.75;120
20260609 113400;29698.75;29703;29696.5;29697.25;102
20260609 113500;29697;29707.25;29695.75;29703;195
20260609 113600;29703.5;29705;29697.75;29703.25;95
20260609 113700;29702;29702;29692;29694;93
20260609 113800;29693.5;29695.25;29687.75;29688.25;98
20260609 113900;29687;29693.5;29684.5;29691.5;112
20260609 114000;29692;29692.25;29686.75;29692.25;77
20260609 114100;29690;29705.5;29689.25;29705;165
20260609 114200;29706;29717.25;29705.5;29716;347
20260609 114300;29716.25;29717;29712;29717;134
20260609 114400;29716.5;29726.5;29712;29721.25;409
20260609 114500;29720.75;29727.5;29717.25;29717.75;441
20260609 114600;29717.5;29723.75;29717.5;29722.75;249
20260609 114700;29723.25;29724;29713.5;29715.75;173
20260609 114800;29716.5;29716.5;29708.25;29709.25;132
20260609 114900;29709.5;29711.25;29702.5;29708.75;213
20260609 115000;29709.25;29709.25;29693.25;29695.5;208
20260609 115100;29694.5;29704.5;29693;29703.75;216
20260609 115200;29703.25;29704;29698.5;29698.5;62
20260609 115300;29699;29700.5;29692;29696.25;74
20260609 115400;29697;29702.75;29695.5;29695.5;71
20260609 115500;29696.5;29696.5;29691;29692.75;100
20260609 115600;29691.5;29691.5;29684.5;29687.75;151
20260609 115700;29687.75;29692.25;29679.25;29682;206
20260609 115800;29683;29687.5;29681;29685.5;128
20260609 115900;29686.25;29689.5;29681.5;29684.25;106
20260609 120000;29684;29684.75;29680.5;29681.5;77
20260609 120100;29681;29686.25;29678.25;29681.75;146
20260609 120200;29680.5;29682;29675.75;29680.75;157
20260609 120300;29680.25;29691;29678.5;29690;227
20260609 120400;29689.5;29701.25;29688.5;29698;249
20260609 120500;29698.25;29700.75;29690.5;29693.75;134
20260609 120600;29693.25;29695;29676.5;29679.75;160
20260609 120700;29680;29685;29676;29684.25;186
20260609 120800;29683.5;29690;29678.75;29688;181
20260609 120900;29688;29690.5;29685;29687.25;82
20260609 121000;29688;29700;29688;29694.75;152
20260609 121100;29694.25;29696.25;29689;29691.25;80
20260609 121200;29690.75;29695;29689.75;29691;49
20260609 121300;29691.25;29695.5;29689.25;29695.5;51
20260609 121400;29694.5;29694.5;29681.5;29683.5;155
20260609 121500;29685.5;29686;29671;29673.5;290
20260609 121600;29673.25;29680;29672;29679.75;169
20260609 121700;29679.25;29680.75;29666.75;29673.5;145
20260609 121800;29672.25;29674.25;29666.75;29666.75;113
20260609 121900;29667.25;29673;29663;29673;207
20260609 122000;29672;29678.5;29666.5;29673.5;198
20260609 122100;29673.5;29678.5;29668.5;29671.75;87
20260609 122200;29673;29682;29671;29672.75;137
20260609 122300;29671.5;29676.75;29671.5;29675.25;97
20260609 122400;29675;29676;29654;29655.5;289
20260609 122500;29654.75;29661.25;29653.75;29660.75;229
20260609 122600;29660;29664;29652.25;29663.25;154
20260609 122700;29663.5;29673.5;29660.75;29670.75;249
20260609 122800;29670.75;29674.5;29667.25;29674.5;168
20260609 122900;29673;29675.5;29670;29673;122
20260609 123000;29674.25;29674.75;29668;29669;89
20260609 123100;29670;29693.5;29667.5;29691.75;405
20260609 123200;29691.5;29714.5;29691.25;29712.25;512
20260609 123300;29713;29725;29709;29725;471
20260609 123400;29724.75;29725;29714;29714.75;218
20260609 123500;29715;29721.5;29714;29720.25;174
20260609 123600;29720.75;29721.75;29714.5;29720.25;224
20260609 123700;29718.25;29730.25;29717;29729.25;526
20260609 123800;29728.75;29729.25;29722;29726;277
20260609 123900;29724.25;29724.5;29710.75;29713;223
20260609 124000;29713.25;29713.25;29707;29711.25;195
20260609 124100;29711.5;29715.5;29697.25;29699;271
20260609 124200;29698.5;29701;29694.25;29698.75;152
20260609 124300;29699.25;29702.5;29690;29693;352
20260609 124400;29692.5;29704.25;29690.75;29702;300
20260609 124500;29702;29705.25;29693.25;29696.25;246
20260609 124600;29695.5;29695.75;29672.5;29674.75;508
20260609 124700;29674;29680.25;29672;29675.75;248
20260609 124800;29675.5;29681;29669.75;29680.25;269
20260609 124900;29680.5;29687.25;29680.5;29686;246
20260609 125000;29685.5;29685.5;29679.25;29679.75;115
20260609 125100;29679.75;29688.25;29676.5;29681.5;221
20260609 125200;29681.25;29684.25;29674.25;29681;140
20260609 125300;29680.5;29684.5;29676.25;29684.5;141
20260609 125400;29684.75;29687;29678.5;29683;118
20260609 125500;29682.75;29690.75;29681;29688.25;225
20260609 125600;29688;29698;29686.25;29697.75;237
20260609 125700;29697.75;29701.5;29695.75;29700.5;177
20260609 125800;29700.5;29705.75;29697.75;29704.5;203
20260609 125900;29704.25;29717;29703.75;29714.5;206
20260609 130000;29715;29739.5;29713.5;29735.25;1091
20260609 130100;29735.75;29737.25;29719.25;29720.75;1179
20260609 130200;29721;29725.5;29711.5;29712.5;404
20260609 130300;29712;29738;29710.75;29733.75;654
20260609 130400;29731.25;29736;29722.75;29733.5;289
20260609 130500;29733.25;29733.25;29724.25;29726.25;172
20260609 130600;29726.25;29744;29725.5;29742.5;747
20260609 130700;29742.75;29747.25;29736.25;29746;708
20260609 130800;29744.25;29744.25;29725.75;29727;411
20260609 130900;29727.25;29740.25;29725;29736;270
20260609 131000;29735;29741;29734;29739;257
20260609 131100;29739.5;29739.5;29726.25;29728.75;179
20260609 131200;29728.25;29734.25;29727.75;29731;124
20260609 131300;29733;29734.5;29722;29723.25;235
20260609 131400;29723;29727.25;29715;29718.25;307
20260609 131500;29718.75;29718.75;29707.25;29713.25;231
20260609 131600;29713.75;29715.75;29706;29706.75;175
20260609 131700;29707.25;29711;29705;29708.75;259
20260609 131800;29708.75;29714.75;29702;29707;426
20260609 131900;29707;29707;29692.25;29693.75;404
20260609 132000;29693.5;29701.25;29693.25;29698;276
20260609 132100;29698;29720.25;29698;29711.5;544
20260609 132200;29711;29714.25;29708.5;29711.75;215
20260609 132300;29711.75;29718.25;29709.75;29716.75;159
20260609 132400;29715.5;29717.5;29708.25;29712.75;225
20260609 132500;29712.5;29716.5;29708.5;29712.25;288
20260609 132600;29713;29722.25;29704.5;29708.75;1281
20260609 132700;29707.25;29712.5;29698.25;29708;1708
20260609 132800;29707;29724.25;29705;29720.25;748
20260609 132900;29721;29728;29716.5;29720.5;534
20260609 133000;29720;29741;29719;29736.75;1506
20260609 133100;29737;29748;29694.25;29727.75;6579
20260609 133200;29727.5;29736;29683;29688.75;3325
20260609 133300;29688;29700;29662.75;29684.5;3861
20260609 133400;29686.25;29691.75;29653.75;29654.75;2178
20260609 133500;29654.75;29660;29633.25;29649.75;2938
20260609 133600;29650.75;29709.75;29647.75;29709.5;3315
20260609 133700;29708.25;29723.75;29693.75;29717.5;2751
20260609 133800;29717.5;29731;29712.75;29719;2149
20260609 133900;29719.25;29727.25;29692.75;29695.5;1984
20260609 134000;29695.75;29704.75;29680.5;29686.5;2133
20260609 134100;29686.5;29695.25;29659;29672;3051
20260609 134200;29671.25;29688.75;29659.5;29687;1860
20260609 134300;29686;29727;29681.5;29723.25;2433
20260609 134400;29723;29757.25;29721.5;29750.75;3366
20260609 134500;29750.25;29769.5;29748.5;29767;2659
20260609 134600;29766.5;29785.5;29760;29783.75;3134
20260609 134700;29783.25;29800.75;29780.25;29799.5;3040
20260609 134800;29799.5;29828.25;29797.5;29826.5;3213
20260609 134900;29827;29834.75;29811.75;29829.75;2727
20260609 135000;29829.75;29846.75;29826;29843.25;2627
20260609 135100;29844.25;29848.25;29805.25;29806.25;3449
20260609 135200;29806.25;29818.75;29786.25;29792;3097
20260609 135300;29791.75;29816.5;29787.5;29799.75;1875
20260609 135400;29800.5;29802.5;29771;29774;1872
20260609 135500;29773.5;29783.75;29726;29732.25;2848
20260609 135600;29730.5;29746.25;29699.75;29717.75;3259
20260609 135700;29718.5;29733.75;29704.5;29713.75;2390
20260609 135800;29713.75;29715;29682;29691.75;2441
20260609 135900;29691.75;29719;29691;29705;2203
20260609 140000;29706.25;29709.25;29663.25;29672.75;1962
20260609 140100;29672.75;29673;29626.25;29656.25;4539
20260609 140200;29655.25;29701;29655;29696.5;3419
20260609 140300;29696.5;29712;29685.5;29695.5;2241
20260609 140400;29694.75;29707;29684.25;29686;2015
20260609 140500;29685.5;29685.5;29648.25;29664;2837
20260609 140600;29664;29702.5;29652;29695.5;2576
20260609 140700;29694.75;29697.5;29660.75;29666;1889
20260609 140800;29667;29676.5;29642;29657.5;2294
20260609 140900;29657;29681.75;29644;29672.25;2298
20260609 141000;29671.75;29673.25;29624;29630.75;2628
20260609 141100;29631.25;29632.5;29559.25;29566;4242
20260609 141200;29565;29578.5;29540.5;29550;3266
20260609 141300;29551.25;29577.75;29543.75;29555;3019
20260609 141400;29555.75;29556.5;29492.25;29502.5;3576
20260609 141500;29502;29515;29484.5;29491.5;3149
20260609 141600;29491.75;29514;29466.75;29468.25;4129
20260609 141700;29468.25;29479;29444;29449;3752
20260609 141800;29447.5;29450.75;29386.25;29396;4069
20260609 141900;29396.5;29411;29366.75;29378.25;3912
20260609 142000;29377.75;29417.25;29373.25;29411;4113
20260609 142100;29411.75;29413;29365;29386.75;3402
20260609 142200;29384.75;29399.75;29366.25;29390.75;2292
20260609 142300;29392.75;29456;29387.5;29451.75;3780
20260609 142400;29452;29471;29434.25;29467;3357
20260609 142500;29466.25;29507;29458.5;29504.5;3535
20260609 142600;29503.5;29526.25;29481.75;29508.75;3535
20260609 142700;29508.5;29520.75;29461.75;29466.25;2800
20260609 142800;29467.25;29500.75;29445.5;29490.75;3038
20260609 142900;29490.25;29506.25;29458.25;29461;2374
20260609 143000;29459.75;29470.25;29425.75;29444;3053
20260609 143100;29444;29446;29389.75;29391.5;3758
20260609 143200;29391;29407;29382;29389.75;2974
20260609 143300;29389.25;29464;29381.75;29455;3418
20260609 143400;29456.5;29460.75;29414.75;29432.5;2697
20260609 143500;29430.75;29453.25;29424.25;29438.25;1991
20260609 143600;29438.5;29443;29403.75;29409.5;2541
20260609 143700;29409.75;29439;29396.5;29432.75;2352
20260609 143800;29432.75;29484.5;29426.5;29484.5;3164
20260609 143900;29483.75;29487.5;29425;29442.5;2907
20260609 144000;29440.75;29444;29417.25;29439;1779
20260609 144100;29439.5;29466;29426.75;29465.25;2327
20260609 144200;29465.5;29468.75;29428.5;29445.75;1748
20260609 144300;29448.75;29454;29404;29407.75;1712
20260609 144400;29410;29411.5;29334.75;29341;3053
20260609 144500;29339.75;29347.75;29271.25;29286.25;5419
20260609 144600;29287.25;29314.5;29260.25;29269.25;3763
20260609 144700;29268.25;29270.75;29205.25;29207.25;4631
20260609 144800;29209.25;29221.5;29155.5;29162.25;4398
20260609 144900;29162.5;29177.75;29100;29116.25;5867
20260609 145000;29115.75;29135;29096.75;29115.75;3645
20260609 145100;29112.25;29128;29083.75;29117.25;3416
20260609 145200;29116.5;29172.25;29109.25;29170.25;3890
20260609 145300;29172.25;29191;29145.25;29146.75;3559
20260609 145400;29147;29153.25;29116.75;29145;2953
20260609 145500;29144.5;29202.75;29137.5;29200.25;3039
20260609 145600;29201;29223;29181;29184.75;2556
20260609 145700;29185.75;29200;29134.5;29134.5;2589
20260609 145800;29134.25;29202.75;29133.25;29186.5;2107
20260609 145900;29186.25;29232;29184.75;29212;2145
20260609 150000;29211;29241.25;29201.25;29239.75;1930
20260609 150100;29242;29258;29213.25;29233.5;3045
20260609 150200;29233.25;29240;29192.25;29209;2262
20260609 150300;29208.25;29208.75;29176.75;29184.25;1599
20260609 150400;29185.25;29244;29182;29222.5;1967
20260609 150500;29222.25;29226;29182;29183.75;1401
20260609 150600;29183.25;29192.25;29143.5;29146;1907
20260609 150700;29146.25;29214;29143.75;29190.25;2195
20260609 150800;29187.75;29212.5;29181.25;29209.25;1661
20260609 150900;29208;29227.5;29196.75;29226.75;1393
20260609 151000;29225.5;29274;29223;29269;1946
20260609 151100;29269.25;29302;29269;29289.25;2224
20260609 151200;29289.75;29292;29260.75;29262.25;1636
20260609 151300;29262.25;29262.5;29203.25;29212.75;1886
20260609 151400;29212.25;29271;29210.5;29269;1591
20260609 151500;29268.75;29269.25;29242.5;29243.5;1294
20260609 151600;29243.75;29254.5;29207.25;29219;1480
20260609 151700;29218.25;29226.25;29188.25;29190.25;1509
20260609 151800;29189.75;29200.75;29166.25;29174.25;2268
20260609 151900;29174.75;29209;29173.25;29177.25;1722
20260609 152000;29176;29182.25;29160;29164.75;1400
20260609 152100;29163.5;29194;29155.75;29177.75;1464
20260609 152200;29179;29183.5;29156.75;29157.75;1137
20260609 152300;29158.5;29159.5;29095;29099.75;2315
20260609 152400;29099.25;29126.75;29051.5;29053.25;3398
20260609 152500;29054.25;29063.75;29013.75;29018.25;3575
20260609 152600;29018;29034;29001;29004.25;3014
20260609 152700;29004.75;29010.75;28953.5;28956;3324
20260609 152800;28955.75;28965.5;28932.25;28940.5;2747
20260609 152900;28940.75;28940.75;28888;28900.25;2838
20260609 153000;28901.25;28903.5;28848.5;28859.25;3478
20260609 153100;28861.25;28910;28858.5;28889.5;4540
20260609 153200;28887;28896;28830.75;28841;3225
20260609 153300;28843;28886.75;28836;28843.5;2957
20260609 153400;28843.5;28876.75;28840.5;28857.25;2098
20260609 153500;28857.75;28883.25;28828.25;28853.5;2908
20260609 153600;28854;28880;28818.25;28871.25;2134
20260609 153700;28870.75;28878.75;28835.75;28857.5;3066
20260609 153800;28858.5;28870;28836.5;28851.75;2001
20260609 153900;28852.25;28854.25;28809.75;28818.75;2221
20260609 154000;28818.75;28888;28813.5;28873.5;3076
20260609 154100;28872.75;28920.5;28865;28872;3005
20260609 154200;28872.5;28916.25;28862;28915;2165
20260609 154300;28912.75;28944.25;28902;28942.5;2328
20260609 154400;28942.25;28942.25;28900;28910.5;1892
20260609 154500;28911.5;28915.5;28880.75;28902.75;2143
20260609 154600;28903.75;28921.25;28889;28896;1752
20260609 154700;28896.75;28925.5;28894;28914.75;1467
20260609 154800;28916;28932.5;28894.5;28901;1730
20260609 154900;28900.75;28926.25;28897.25;28924.25;1720
20260609 155000;28925;28931;28901;28923;1284
20260609 155100;28921.75;28925;28871.5;28886.5;2111
20260609 155200;28885.5;28959.5;28867;28954.75;2610
20260609 155300;28954;28972;28909.75;28910.5;2423
20260609 155400;28911.75;28937;28888;28908.5;2007
20260609 155500;28908.5;28910.75;28847.75;28851.5;2239
20260609 155600;28852.5;28862.25;28803;28806.25;2496
20260609 155700;28806;28846.25;28761.5;28764.25;3906
20260609 155800;28765.25;28765.75;28694.5;28698.75;5010
20260609 155900;28699;28722;28681.5;28694.75;3303
20260609 160000;28694.75;28721;28691.75;28695.25;2329
20260609 160100;28696;28747.5;28692;28741.75;3395
20260609 160200;28741.5;28763.5;28706;28761;2986
20260609 160300;28762;28787.5;28730;28730;2921
20260609 160400;28730.5;28762;28722.5;28741.5;1869
20260609 160500;28743;28752;28720;28720;1382
20260609 160600;28720;28727.25;28670;28671;2843
20260609 160700;28670;28702.5;28641.5;28693;3527
20260609 160800;28692.25;28710;28646.25;28654.75;2982
20260609 160900;28654;28658;28600.25;28603.5;3296
20260609 161000;28603;28623.75;28575;28609;3427
20260609 161100;28608.75;28640;28581;28598.75;2970
20260609 161200;28597.75;28658.75;28586.25;28657.25;2826
20260609 161300;28656.25;28668.75;28625.75;28628;2418
20260609 161400;28627.25;28649;28609.25;28640.25;2014
20260609 161500;28638.25;28638.25;28605.5;28621.75;1841
20260609 161600;28621.75;28627.75;28558.25;28562.75;3047
20260609 161700;28562;28562.25;28516;28528.25;3709
20260609 161800;28528;28537;28490.25;28495.75;4608
20260609 161900;28495.75;28533.75;28494.75;28503.25;3857
20260609 162000;28503.5;28503.5;28430.75;28448.5;4896
20260609 162100;28447.75;28456.5;28404.25;28428.75;4263
20260609 162200;28429;28495.5;28427;28489.5;3212
20260609 162300;28488.75;28522;28465.5;28505.75;2974
20260609 162400;28505;28510.75;28464.5;28475.75;2716
20260609 162500;28476.25;28542.5;28471.75;28537.75;2971
20260609 162600;28537.25;28581.25;28529.25;28560;3313
20260609 162700;28561.5;28570;28508;28512.25;2772
20260609 162800;28512.75;28530;28490.5;28502.5;2409
20260609 162900;28503.25;28541.5;28493.25;28516.75;2050
20260609 163000;28516.75;28541.25;28507.25;28523.5;1830
20260609 163100;28522.5;28522.5;28451;28462.25;3655
20260609 163200;28462.75;28529;28445;28503.75;3057
20260609 163300;28504.75;28572;28497.5;28561.5;3683
20260609 163400;28563;28570;28513.5;28517.25;2311
20260609 163500;28518.75;28535;28480.75;28486.25;2490
20260609 163600;28486.75;28545.5;28478;28535;2634
20260609 163700;28534.25;28552.75;28519;28535;2146
20260609 163800;28536;28543.5;28483;28500.5;2343
20260609 163900;28501.25;28504.75;28284.75;28317.5;5861
20260609 164000;28319;28348.5;28246.25;28268;3949
20260609 164100;28268.25;28274.5;28227.75;28257.5;3735
20260609 164200;28257.75;28338;28249.75;28280.75;3169
20260609 164300;28279.75;28331.75;28278.25;28311.75;2542
20260609 164400;28313.5;28394.5;28299.5;28377.25;3403
20260609 164500;28377.25;28379.5;28337.25;28375.5;2709
20260609 164600;28375.25;28434.25;28365.5;28414.5;3558
20260609 164700;28415;28420.25;28320.75;28322.75;2882
20260609 164800;28321.5;28380.75;28318.25;28373;2354
20260609 164900;28372.75;28374.25;28324.75;28324.75;2988
20260609 165000;28324.25;28374.25;28316.25;28367.75;2049
20260609 165100;28367.75;28384;28337.25;28339.25;2486
20260609 165200;28340.25;28388;28325;28363.75;1871
20260609 165300;28367.75;28377;28308.75;28312.25;1754
20260609 165400;28312.75;28348.25;28292.5;28337.5;2170
20260609 165500;28336.25;28337;28282.75;28286.75;1521
20260609 165600;28285.75;28351.75;28279;28345.75;1839
20260609 165700;28345.75;28357;28317.25;28331.25;1951
20260609 165800;28331;28369.25;28326;28343.25;2330
20260609 165900;28343.5;28427.5;28332.75;28426;2204
20260609 170000;28425.5;28487.75;28424.75;28480;2373
20260609 170100;28480.25;28522;28476;28516.25;2462
20260609 170200;28516.25;28523.5;28462.5;28484;2014
20260609 170300;28484.25;28575;28481.25;28567.25;2667
20260609 170400;28565.75;28610;28551.25;28601.5;2718
20260609 170500;28601.25;28640.5;28591.25;28624.75;2852
20260609 170600;28623.5;28643.75;28590.25;28614.25;2675
20260609 170700;28615.5;28628;28585;28592;2529
20260609 170800;28594;28612;28579;28588.75;1873
20260609 170900;28591;28599.5;28563.5;28567.5;1968
20260609 171000;28567.5;28619;28556.25;28612.75;1634
20260609 171100;28610;28613.75;28550;28560.25;2124
20260609 171200;28561.25;28620.5;28561.25;28617.5;1447
20260609 171300;28619.5;28621.75;28586.75;28594;1408
20260609 171400;28595.25;28627.5;28581.5;28617.5;1151
20260609 171500;28618.25;28674.5;28610;28650;3080
20260609 171600;28650;28650;28612.25;28615.25;2083
20260609 171700;28616;28654;28606.25;28651.75;1660
20260609 171800;28651;28698.25;28642;28695.25;2241
20260609 171900;28694;28716.25;28688.5;28712.5;2492
20260609 172000;28712.75;28730.5;28705.25;28723.5;2089
20260609 172100;28723;28753;28713;28749.25;3491
20260609 172200;28749.75;28780.5;28741.25;28776.75;2124
20260609 172300;28776.75;28787.25;28731.5;28734.25;2417
20260609 172400;28734.5;28749.25;28693;28695.75;2818
20260609 172500;28695.75;28731.75;28673;28728.25;2604
20260609 172600;28726.5;28727.5;28689.5;28690.5;1568
20260609 172700;28691.75;28732.75;28690;28711;1538
20260609 172800;28711.25;28758.25;28708;28753.25;1551
20260609 172900;28752.75;28778.25;28745.25;28763.75;1899
20260609 173000;28763.75;28774.5;28729.5;28743.25;1629
20260609 173100;28743.5;28766;28721.5;28724.75;1938
20260609 173200;28724.5;28748.75;28708;28744.75;1910
20260609 173300;28744.5;28763.25;28733.5;28748.75;1192
20260609 173400;28749.5;28791.5;28746.5;28786.25;1647
20260609 173500;28787.75;28805.5;28782.75;28802.5;1762
20260609 173600;28802.25;28806;28757.75;28777.5;1874
20260609 173700;28777.25;28809;28775;28807;1518
20260609 173800;28807.75;28841;28803.5;28836;2113
20260609 173900;28836;28850;28825;28837.5;1508
20260609 174000;28837.5;28839.5;28807.75;28822.25;1630
20260609 174100;28821.75;28850.25;28806.5;28846;1533
20260609 174200;28845.5;28884.75;28842.75;28877.5;1862
20260609 174300;28877.5;28893.75;28859;28890.25;1614
20260609 174400;28889.5;28924.5;28889;28897.75;2281
20260609 174500;28897;28914.25;28863.75;28866;2600
20260609 174600;28867.25;28884.5;28842.5;28849;2059
20260609 174700;28848.25;28852.5;28787.25;28788.5;2596
20260609 174800;28789.25;28799;28751.75;28754.5;2473
20260609 174900;28755;28771.75;28732.25;28734;2515
20260609 175000;28735.25;28753.25;28714.25;28732.5;2180
20260609 175100;28733.25;28786.25;28731.25;28786.25;2426
20260609 175200;28786;28852.25;28774.5;28846.75;2665
20260609 175300;28846.75;28846.75;28809.25;28824.25;1843
20260609 175400;28822.75;28825.5;28762.75;28787.75;1831
20260609 175500;28789.25;28810.25;28780.5;28809.75;1485
20260609 175600;28808.5;28861.5;28802.25;28846;2119
20260609 175700;28845.5;28845.5;28817.75;28832;1395
20260609 175800;28832.25;28865.5;28824;28849.25;1275
20260609 175900;28848;28864.5;28842.75;28859;992
20260609 180000;28857.75;28860;28822.75;28832.5;1289
20260609 180100;28831.5;28860;28820.25;28852;1563
20260609 180200;28852.75;28866.25;28830.75;28839.5;1246
20260609 180300;28840.75;28852.75;28829.25;28835.25;923
20260609 180400;28834;28838.25;28784.75;28802.5;1792
20260609 180500;28802.5;28827.75;28796;28818.5;1184
20260609 180600;28819.5;28839.75;28810;28831.5;1053
20260609 180700;28833;28836.5;28803.5;28818.5;1124
20260609 180800;28820.25;28866.75;28818.25;28865.75;1452
20260609 180900;28866.25;28885;28848.5;28881.75;1748
20260609 181000;28882.25;28887.5;28855.75;28876.75;1324
20260609 181100;28877.75;28878.5;28833.25;28843.25;2189
20260609 181200;28843.5;28856.75;28818.75;28849;1446
20260609 181300;28849;28869.5;28842.5;28851.75;1070
20260609 181400;28852.5;28854.5;28835;28843;900
20260609 181500;28841.75;28878;28841.75;28861.5;959
20260609 181600;28860.5;28863.75;28840.75;28859.75;1136
20260609 181700;28862.25;28863.75;28823;28833.25;1109
20260609 181800;28834.25;28883;28823;28854.25;1829
20260609 181900;28853;28916.75;28852;28915.25;1556
20260609 182000;28916.75;28940.75;28887.25;28936.5;1672
20260609 182100;28937.25;28960.25;28902.5;28911;3042
20260609 182200;28911.75;28934;28898.75;28916.25;1146
20260609 182300;28915.5;28957.75;28906;28956;1109
20260609 182400;28954.75;28967.75;28932;28965.25;1089
20260609 182500;28965;28980;28952;28970.5;1174
20260609 182600;28969.25;28971;28928.75;28932;1248
20260609 182700;28932.25;28939.25;28896.5;28901.5;1087
20260609 182800;28901.25;28953.25;28899.75;28952.25;899
20260609 182900;28953.75;28966.75;28931;28963.5;896
20260609 183000;28964.25;28974.5;28956;28972.75;906
20260609 183100;28973.25;29047;28967;29023.75;2947
20260609 183200;29022.75;29037;29013;29021;1306
20260609 183300;29019.5;29020.75;28967.75;28972.75;1661
20260609 183400;28971.5;29009;28971.5;29004.5;984
20260609 183500;29003.25;29019.5;28990.5;29004.5;794
20260609 183600;29004.5;29016.75;28984;28985.5;665
20260609 183700;28985;29030.75;28983.75;29027.25;1026
20260609 183800;29029;29038;29004;29020.5;859
20260609 183900;29019.75;29032.5;29010;29021.25;600
20260609 184000;29020.75;29033;29009.5;29012.75;697
20260609 184100;29014;29016.75;28996.25;29000.5;1124
20260609 184200;28999.75;29002;28966.25;28979.75;1373
20260609 184300;28980.25;28991.75;28961.75;28967.5;1115
20260609 184400;28967;28975.5;28948.25;28965.25;986
20260609 184500;28965.25;28972;28912.25;28921.75;1430
20260609 184600;28922.5;28953.5;28916;28943.25;1155
20260609 184700;28943.25;28949.75;28925.75;28935.25;790
20260609 184800;28935.5;28979.5;28933;28956.25;1091
20260609 184900;28953.75;28981.5;28953.25;28965;941
20260609 185000;28966.5;28979.5;28954.75;28977.25;684
20260609 185100;28979.25;28981;28954;28957.75;691
20260609 185200;28957.75;28978.25;28951;28970.25;843
20260609 185300;28971.25;29018.5;28966.25;29005.5;1145
20260609 185400;29005.75;29021.75;28998.75;29010.5;847
20260609 185500;29011;29015.5;28975.5;28983.25;1124
20260609 185600;28982.75;29007.25;28978.75;28995.75;909
20260609 185700;28995.5;29034.5;28985.75;29034.5;1004
20260609 185800;29032.5;29061.5;29031.75;29057.75;2513
20260609 185900;29057.5;29088;29052.25;29077.25;2224
20260609 190000;29077.75;29091.25;29063;29065.75;1391
20260609 190100;29066;29076.25;29020.25;29042.5;1890
20260609 190200;29043.75;29052.25;29024.75;29051.75;982
20260609 190300;29050.25;29072.75;29043.25;29064;937
20260609 190400;29062.75;29090;29055;29090;989
20260609 190500;29089.75;29125.5;29088.25;29120.75;2824
20260609 190600;29120.25;29146.5;29097.25;29098.5;2003
20260609 190700;29096.5;29104.75;29065.25;29068.5;1560
20260609 190800;29068;29102.5;29065.75;29087.5;1003
20260609 190900;29088.75;29104;29064.5;29070.25;795
20260609 191000;29070.75;29085.25;29045.75;29051.5;1207
20260609 191100;29051.25;29051.75;29003;29007;1345
20260609 191200;29007.75;29022;28974.5;28981;1225
20260609 191300;28981.5;29016;28979.5;28988.25;1565
20260609 191400;28988.25;29011.25;28983.75;28995;942
20260609 191500;28994;28999.25;28956;28965.25;1534
20260609 191600;28965.75;28972.5;28894;28905.75;2539
20260609 191700;28905;28919;28867.25;28873.25;2042
20260609 191800;28874;28910;28860.25;28893.25;1963
20260609 191900;28894;28916.5;28861.5;28865;1607
20260609 192000;28864.75;28885.5;28852;28864.25;1956
20260609 192100;28864.25;28901;28839;28886.25;2057
20260609 192200;28887;28927;28877;28895.5;1858
20260609 192300;28895.75;28905.5;28854.25;28882.25;1708
20260609 192400;28882.5;28896.75;28857.75;28882;1035
20260609 192500;28880.75;28905.75;28872;28891.25;980
20260609 192600;28890.25;28913.5;28883.5;28894.75;1054
20260609 192700;28894.75;28897.75;28872;28882;821
20260609 192800;28881.25;28913.75;28874.25;28913;1185
20260609 192900;28913.5;28943.25;28904.5;28941;1476
20260609 193000;28941.5;28970.5;28932;28953.75;1784
20260609 193100;28952.75;28961.75;28929.75;28961.75;1156
20260609 193200;28962;28985.75;28937.75;28979.25;1566
20260609 193300;28978.25;28982.5;28958.75;28968.5;1021
20260609 193400;28968.25;28988;28944;28956;1132
20260609 193500;28957.75;28980.75;28945;28977.75;1057
20260609 193600;28979;28981.25;28943.25;28971.75;1250
20260609 193700;28971.5;28977;28947;28966.75;854
20260609 193800;28966.5;28985;28945.75;28977;970
20260609 193900;28977;28979.75;28959.75;28968.25;595
20260609 194000;28967.5;28975;28919;28922.25;1280
20260609 194100;28922.25;28925.25;28853.25;28859.5;1896
20260609 194200;28859.5;28901.75;28855.5;28883.25;1578
20260609 194300;28883.75;28946.25;28870.75;28946.25;1900
20260609 194400;28944.25;28949.25;28907.75;28918.75;1144
20260609 194500;28917.5;28939;28909.5;28922.25;970
20260609 194600;28922.75;28940;28907.5;28927;1213
20260609 194700;28926.5;28929.25;28897.75;28907.75;1029
20260609 194800;28909;28915;28880.25;28882.75;1127
20260609 194900;28881.75;28889;28850.5;28870.5;1346
20260609 195000;28869.75;28904.25;28869;28879.25;1006
20260609 195100;28880;29007;28880;28985.75;4005
20260609 195200;28986.5;29017.5;28967.5;29009;2530
20260609 195300;29008.5;29036;28992.75;29003.75;2048
20260609 195400;29004.5;29021.5;28980;29004;1890
20260609 195500;29004.5;29038.5;28990;29032.75;2006
20260609 195600;29031.5;29067.75;29028;29060.25;2392
20260609 195700;29059.75;29082.25;29050;29061;2389
20260609 195800;29060;29099.25;29059.75;29095;2486
20260609 195900;29096.25;29108.75;29087;29107.25;2616
20260609 200000;29106.75;29135.25;29104.5;29114.75;14105
20260609 200100;29114.5;29143.25;29111.5;29120.5;4572
20260609 200200;29119.75;29135;29101.5;29122.75;1960
20260609 200300;29123.25;29124.75;29087;29108.25;1340
20260609 200400;29107.5;29138;29099.5;29137;1121
20260609 200500;29136.5;29196.25;29135.25;29194.75;1797
20260609 200600;29194.5;29194.5;29168.25;29177;1022
20260609 200700;29177.5;29177.5;29143;29147.75;1023
20260609 200800;29148.75;29156.25;29131.75;29134;692
20260609 200900;29133.25;29149;29108.75;29113.5;1308
20260609 201000;29114;29136;29114;29123.25;402
20260609 201100;29122.5;29123.5;29103.25;29122.75;397
20260609 201200;29123.75;29129.75;29105.75;29112.75;408
20260609 201300;29111.5;29112.75;29097;29102.75;368
20260609 201400;29102;29105.75;29085.75;29105.75;516
20260609 201500;29104;29115;29091;29103.25;343
20260609 201600;29104.25;29126.25;29095;29099.75;509
20260609 201700;29102.5;29116.75;29099.75;29115.75;133
20260609 201800;29118.5;29118.5;29104.5;29104.5;129
20260609 201900;29106.75;29116;29096;29097.5;268
20260609 202000;29098;29100;29089.25;29089.25;165
20260609 202100;29090.75;29098.25;29082.75;29091.75;192
20260609 202200;29092.75;29114.75;29092.5;29095.75;266
20260609 202300;29098;29102.25;29092.25;29095.5;79
20260609 202400;29094.75;29096.75;29082.25;29089.5;128
20260609 202500;29090.25;29102.25;29089.5;29098;178
20260609 202600;29099.5;29111.75;29096.5;29109.25;194
20260609 202700;29108.5;29118.75;29105;29106.25;176
20260609 202800;29106;29119.75;29105;29119.75;105
20260609 202900;29119.5;29126.25;29113.75;29125.25;209
20260609 203000;29126.75;29131.5;29118;29122.75;194
20260609 203100;29118.25;29121.75;29103.25;29104.5;155
20260609 203200;29105.5;29117.5;29103.25;29114.5;95
20260609 203300;29114.5;29118.5;29108.5;29112.25;66
20260609 203400;29113.75;29115.5;29105.25;29105.25;65
20260609 203500;29107;29126.25;29101.25;29122;207
20260609 203600;29124.25;29132.5;29116.25;29131.75;220
20260609 203700;29132;29138.5;29120.25;29130.25;257
20260609 203800;29131.5;29139;29128.75;29131.25;162
20260609 203900;29129.75;29135;29128;29132.25;97
20260609 204000;29132.5;29135.25;29127;29135.25;110
20260609 204100;29132.5;29138.25;29131.5;29134.5;140
20260609 204200;29136;29150;29136;29146.5;154
20260609 204300;29149.75;29156.75;29148.25;29150.5;229
20260609 204400;29151.5;29159.75;29149;29156;248
20260609 204500;29155.25;29159;29142.75;29145.75;191
20260609 204600;29146;29158.5;29143.5;29153.25;298
20260609 204700;29153.25;29153.25;29141.75;29145;148
20260609 204800;29146.25;29146.75;29140;29140;130
20260609 204900;29140.25;29152;29138;29147.5;148
20260609 205000;29147;29159;29146;29154.25;122
20260609 205100;29154;29155.75;29143;29147.75;170
20260609 205200;29147.75;29152.5;29141.25;29145.5;115
20260609 205300;29144.25;29145;29133;29134.25;111
20260609 205400;29134.5;29135;29125.75;29127.5;87
20260609 205500;29126.75;29131.5;29124;29126.25;165
20260609 205600;29128;29133;29126;29131;68
20260609 205700;29130.5;29130.5;29120.75;29122.25;143
20260609 205800;29122.5;29129.5;29121;29126.5;55
20260609 205900;29128.75;29147.5;29128.25;29137.5;195
20260609 210000;29138.5;29140.5;29134.75;29140.5;86
20260609 220100;29094.75;29095.75;29028.5;29046.5;696
20260609 220200;29043;29098.75;29043;29057.75;644
20260609 220300;29060.5;29090.75;29032.75;29041.5;426
20260609 220400;29041.5;29064;29035;29063.75;187
20260609 220500;29066.25;29077;29059;29065.5;156
20260609 220600;29066;29094.25;29064.75;29076;249
20260609 220700;29073.5;29076;29054.75;29073.25;167
20260609 220800;29073.75;29095.5;29070.25;29071;196
20260609 220900;29072;29072;29054.75;29063.25;244
20260609 221000;29065.75;29085.25;29065.75;29083.25;111
20260609 221100;29085;29091;29070.75;29071.75;76
20260609 221200;29071.5;29090.25;29069.25;29080.5;47
20260609 221300;29081;29085.75;29074.75;29084.75;36
20260609 221400;29084.25;29084.25;29068;29080;107
20260609 221500;29084.25;29089.25;29081.75;29086.75;41
20260609 221600;29088;29118;29086;29105;246
20260609 221700;29104.5;29115;29094;29101.5;108
20260609 221800;29102.75;29104.5;29073;29076.75;178
20260609 221900;29076.25;29087.75;29070;29083;114
20260609 222000;29081.25;29100;29078;29097.5;141
20260609 222100;29098;29099.75;29087.75;29093;77
20260609 222200;29093.5;29095.25;29081;29085.5;52
20260609 222300;29083;29090.25;29079.5;29080.25;97
20260609 222400;29079.25;29089;29071.25;29080;81
20260609 222500;29079.5;29082;29075;29080.25;23
20260609 222600;29078.5;29085.5;29065;29083.25;129
20260609 222700;29086.5;29088;29053;29068.25;214
20260609 222800;29068.25;29068.5;29057.5;29061.25;41
20260609 222900;29062;29073;29056;29069;76
20260609 223000;29071.5;29071.75;29064.75;29071;45
20260609 223100;29070.5;29072;29052.5;29056.25;95
20260609 223200;29058.5;29059.25;29047.5;29054.5;103
20260609 223300;29055;29070;29054.75;29054.75;140
20260609 223400;29056.5;29063.75;29049;29059.25;160
20260609 223500;29058;29062.5;29044.25;29048;147
20260609 223600;29049.75;29053;29041.5;29046;118
20260609 223700;29047.5;29048.5;29039;29040.5;100
20260609 223800;29037.75;29043;29021.75;29023.25;249
20260609 223900;29023.5;29035.25;29014.25;29021;246
20260609 224000;29021;29035.75;29000.75;29032.25;330
20260609 224100;29032;29045;29020;29022.25;290
20260609 224200;29020.25;29022.25;28994;29014;284
20260609 224300;29015.25;29030.75;29007.25;29030.75;142
20260609 224400;29028.5;29056;29016.5;29027;448
20260609 224500;29026.5;29033.25;29018.75;29023.75;69
20260609 224600;29023;29035;29010;29016.5;124
20260609 224700;29019;29019.75;29005.25;29007.75;47
20260609 224800;29008.5;29015;29002;29008;85
20260609 224900;29004.75;29011.5;28982;29009.25;238
20260609 225000;29011.75;29021.5;29005;29005.5;128
20260609 225100;29007.5;29013.25;29007;29007.75;53
20260609 225200;29005.25;29005.25;28988.75;28997.5;148
20260609 225300;28996.25;28998.75;28986.5;28995;105
20260609 225400;28997.5;29007.25;28996;29001;95
20260609 225500;28999.75;29024.75;28997;29015.75;192
20260609 225600;29016.75;29038.75;29016.25;29032.75;203
20260609 225700;29034;29043;29016.25;29018.25;163
20260609 225800;29018.75;29031.25;29009;29015.5;124
20260609 225900;29015.75;29015.75;29006;29010;71
20260609 230000;29011.25;29030;29010.75;29029;107
20260609 230100;29029.25;29037.5;29019.5;29030.25;167
20260609 230200;29030.25;29031.5;29019.75;29031.5;67
20260609 230300;29032.75;29044;29030.75;29039.5;161
20260609 230400;29040.5;29072.75;29032.25;29072.5;382
20260609 230500;29069.25;29084.5;29061.75;29068;225
20260609 230600;29071.25;29083;29071.25;29071.5;111
20260609 230700;29070;29070.25;29055.25;29055.25;83
20260609 230800;29057.25;29100.5;29057;29090;304
20260609 230900;29088.25;29102.75;29078.75;29086.75;166
20260609 231000;29086.75;29086.75;29070.75;29073.5;120
20260609 231100;29073.5;29081.75;29060;29063;67
20260609 231200;29060.5;29062.5;29040.75;29043.5;192
20260609 231300;29043.75;29051;29031;29036;167
20260609 231400;29034.25;29049.25;29027.25;29049.25;125
20260609 231500;29049.5;29049.5;29025.5;29031.25;140
20260609 231600;29028;29029.5;29016.75;29021.75;124
20260609 231700;29021.5;29035.25;29019;29030.75;87
20260609 231800;29026.25;29042.75;29026;29032;114
20260609 231900;29029;29032;29006.5;29011.25;178
20260609 232000;29008.5;29025;29003;29015.25;137
20260609 232100;29018.25;29027.75;29015;29023.75;45
20260609 232200;29026.5;29030;29012.75;29012.75;36
20260609 232300;29012.5;29016;29010.25;29012.75;54
20260609 232400;29017.75;29027.75;29004.75;29009;81
20260609 232500;29009.25;29022.25;29002.75;29015;81
20260609 232600;29017.25;29017.5;29008.75;29008.75;70
20260609 232700;29009.75;29014.5;29005.75;29010.25;40
20260609 232800;29007;29012;28997.75;29008.5;80
20260609 232900;29009.25;29011.75;29002.25;29005.75;42
20260609 233000;29009.5;29010;29002.75;29005;33
20260609 233100;29005.5;29007.25;28987;28991.25;146
20260609 233200;28991.75;28997;28985;28987.25;89
20260609 233300;28989.25;29018.75;28989;29010.5;252
20260609 233400;29008.75;29011;29004.25;29007.5;69
20260609 233500;29010.5;29015;29000;29011.25;107
20260609 233600;29011;29020.75;28987.75;28994.5;191
20260609 233700;28997.5;29003;28994;28999.5;63
20260609 233800;28997;28997;28980.25;28985.5;224
20260609 233900;28987.5;28992.25;28983;28987.25;62
20260609 234000;28987.25;29008.75;28984.5;29008.75;78
20260609 234100;29010;29014.25;29001.5;29001.5;121
20260609 234200;29000;29011;28997.75;29006;62
20260609 234300;29006.5;29008.75;29002.25;29002.25;27
20260609 234400;29002;29009.5;28995;29007.75;53
20260609 234500;29009;29019.5;29007;29015;102
20260609 234600;29018;29039;29010.75;29035.25;299
20260609 234700;29035;29047.75;29021;29031.75;158
20260609 234800;29032;29034.5;29022.25;29024.5;65
20260609 234900;29024.75;29034.75;29024.75;29032.75;62
20260609 235000;29030.5;29038.5;29024.75;29031;92
20260609 235100;29032.25;29036.75;29026;29033;97
20260609 235200;29026.75;29042;29021.5;29041.5;127
20260609 235300;29041.25;29041.25;29033.5;29040;62
20260609 235400;29039.75;29055;29038.25;29043;220
20260609 235500;29046.5;29053.75;29034.25;29052.75;167
20260609 235600;29052.75;29064.75;29052.75;29056.5;250
20260609 235700;29055.5;29064.5;29046.75;29051.5;163
20260609 235800;29052;29052;29040.75;29049.25;86
20260609 235900;29048.5;29052;29041.75;29049.5;70
20260610 000000;29052;29071.5;29052;29064.5;245
20260610 000100;29065.75;29087.25;29065.75;29081;395
20260610 000200;29082.25;29087;29073.25;29076;168
20260610 000300;29076.25;29117;29076.25;29110.25;429
20260610 000400;29110.75;29126;29107.5;29114.5;435
20260610 000500;29116.25;29139.75;29111.5;29127;353
20260610 000600;29127;29160;29120.75;29158.25;525
20260610 000700;29160.25;29169;29152;29154.25;555
20260610 000800;29154;29160;29139.75;29143;322
20260610 000900;29143;29152.5;29132;29132.75;156
20260610 001000;29132.75;29164.25;29117.75;29155.25;468
20260610 001100;29156.75;29158.75;29123.25;29130.5;294
20260610 001200;29132.25;29146.25;29127.5;29130.75;113
20260610 001300;29130.75;29137.5;29113.75;29113.75;228
20260610 001400;29114;29117.75;29092;29099.25;379
20260610 001500;29102;29124.75;29089;29120.75;508
20260610 001600;29119;29131.75;29088.5;29094.5;315
20260610 001700;29091.75;29096.25;29070.5;29076;274
20260610 001800;29075.75;29093.75;29073.75;29081;152
20260610 001900;29079.75;29091;29079.75;29086.5;88
20260610 002000;29087.75;29116.75;29080;29108;259
20260610 002100;29108;29115;29087.75;29093;159
20260610 002200;29091.75;29107.75;29082.5;29106.5;212
20260610 002300;29105.5;29113.75;29097.5;29105.5;144
20260610 002400;29102.75;29104;29087.75;29097;60
20260610 002500;29095.75;29111;29095.75;29102.25;78
20260610 002600;29103.25;29105;29084.75;29088.5;107
20260610 002700;29087.25;29090.5;29082.5;29084.25;55
20260610 002800;29084;29104.5;29082;29104.5;82
20260610 002900;29103.25;29107;29097.5;29106.75;64
20260610 003000;29107;29128;29104;29118;291
20260610 003100;29118.5;29123.25;29095;29097.5;281
20260610 003200;29098.25;29098.5;29074.5;29084.25;211
20260610 003300;29084.25;29085.25;29047;29047.25;406
20260610 003400;29046.75;29050;29029;29042.25;355
20260610 003500;29042.75;29055;29028;29031;191
20260610 003600;29030.25;29047.25;29024;29025;193
20260610 003700;29024.25;29031.25;29011.25;29013.25;263
20260610 003800;29013;29013.25;28993.25;29003.75;379
20260610 003900;29005.75;29061;29005.75;29052.75;522
20260610 004000;29050.75;29053.5;29025;29026.5;267
20260610 004100;29028;29029.25;29010;29014.5;154
20260610 004200;29016.25;29020;28997.5;29009.75;172
20260610 004300;29010;29015.25;29002.25;29006.5;113
20260610 004400;29009.5;29011.25;28982;28983.75;231
20260610 004500;28984.75;29003;28960;28999.25;416
20260610 004600;28996;29011.5;28992;29007;207
20260610 004700;29005.5;29007.25;28991.25;28998.75;172
20260610 004800;29000.75;29018.25;28999;29014;190
20260610 004900;29011.5;29023.5;29010;29017;118
20260610 005000;29013.5;29048.5;29011.25;29048.25;342
20260610 005100;29046.5;29055;29005.75;29009.75;352
20260610 005200;29012;29019.75;29005.25;29017.5;119
20260610 005300;29017.25;29058.75;29017.25;29049.75;303
20260610 005400;29049.5;29082;29038.75;29067.5;396
20260610 005500;29068;29073.5;29051.25;29066;255
20260610 005600;29065.5;29074.25;29033.5;29047.5;334
20260610 005700;29046.25;29088;29041.75;29074.25;401
20260610 005800;29075.75;29092;29070;29080;184
20260610 005900;29078.5;29096;29074.25;29090.5;180
20260610 010000;29091;29095;29066;29075.25;372
20260610 010100;29077.25;29089.25;29060;29079;195
20260610 010200;29084.75;29093;29046.75;29057.5;277
20260610 010300;29058.5;29079.5;29051;29071.5;191
20260610 010400;29075;29083;29061.5;29083;199
20260610 010500;29078.25;29100.5;29075;29092.5;224
20260610 010600;29095.75;29096.25;29064.25;29064.25;211
20260610 010700;29066.25;29071.25;29054.5;29066;146
20260610 010800;29070;29085.5;29068.5;29080.25;159
20260610 010900;29078.75;29080.5;29066;29070;105
20260610 011000;29072;29075;29054.25;29058.75;91
20260610 011100;29057.75;29062;29042.25;29062;215
20260610 011200;29060.5;29091;29060.25;29087;218
20260610 011300;29087.25;29109.5;29086.25;29105;196
20260610 011400;29106.25;29106.5;29073.5;29077.5;224
20260610 011500;29077.5;29083;29068.75;29076.25;83
20260610 011600;29078.5;29087.75;29065;29085.5;113
20260610 011700;29083;29115;29082;29110.5;251
20260610 011800;29110;29113;29097.25;29103;117
20260610 011900;29098.75;29107.5;29098.75;29105.75;99
20260610 012000;29103.75;29110;29101.25;29104.75;88
20260610 012100;29105.25;29106.5;29074.25;29079.75;242
20260610 012200;29081.25;29098.25;29073;29073;133
20260610 012300;29073.75;29076.25;29066.25;29071.5;97
20260610 012400;29075.75;29083;29067.75;29081;68
20260610 012500;29079.5;29082.5;29064.25;29071;62
20260610 012600;29070.25;29070.5;29054.5;29064.75;150
20260610 012700;29062.5;29065.75;29049.75;29059.75;164
20260610 012800;29059.75;29090.25;29059.75;29090.25;179
20260610 012900;29087.75;29093;29082.5;29086;159
20260610 013000;29087.25;29089;29065.25;29073.25;109
20260610 013100;29073.5;29077.75;29023;29028;466
20260610 013200;29032.75;29050.5;29023.75;29047.75;194
20260610 013300;29046.75;29066;29039;29061;176
20260610 013400;29061.5;29063.5;29046.25;29061.75;112
20260610 013500;29062.5;29097.25;29062.5;29093.25;253
20260610 013600;29094.25;29098.75;29085.75;29089;111
20260610 013700;29086.25;29087;29063.5;29068.5;107
20260610 013800;29068;29068;29049.5;29058.25;198
20260610 013900;29057.75;29070.75;29051.5;29068.75;87
20260610 014000;29065.75;29079;29065.5;29070.5;67
20260610 014100;29069.5;29074;29063;29069.75;67
20260610 014200;29066.75;29068.25;29056.5;29059.5;74
20260610 014300;29062.25;29064.5;29037.25;29040;161
20260610 014400;29040;29041.5;29029.75;29034.25;181
20260610 014500;29034.75;29038;29026.25;29026.25;95
20260610 014600;29027.5;29048.25;29027.25;29038.75;109
20260610 014700;29037.5;29040.5;29029.25;29038;55
20260610 014800;29041;29043.25;29019;29020.75;147
20260610 014900;29021;29050.75;29020.5;29047.5;133
20260610 015000;29047.25;29068.25;29047.25;29060;164
20260610 015100;29060;29067;29052;29052;75
20260610 015200;29052;29052;29030;29030;124
20260610 015300;29027.75;29038.75;29013.5;29020;257
20260610 015400;29020.25;29030;29011.25;29024.5;142
20260610 015500;29026.5;29036.75;29023.75;29032;123
20260610 015600;29027;29051.75;29025;29046;148
20260610 015700;29044.5;29060.75;29042.75;29050;132
20260610 015800;29052.5;29053.75;29038;29041.75;73
20260610 015900;29042.5;29042.5;29029.5;29034.75;92
20260610 020000;29032.5;29042.25;29030.75;29033.5;55
20260610 020100;29035;29036;29022.75;29025.25;159
20260610 020200;29025;29042;29024.25;29028;77
20260610 020300;29027;29037.75;29024;29027.75;34
20260610 020400;29025.75;29025.75;29015.25;29016;116
20260610 020500;29015.75;29017.25;29006;29012.25;82
20260610 020600;29011.5;29014.25;29004.25;29011.5;83
20260610 020700;29008.75;29014;29007.75;29010.5;65
20260610 020800;29009;29010.25;29003;29009.5;61
20260610 020900;29008.75;29008.75;28997.25;29002.5;114
20260610 021000;29000.5;29000.75;28980.75;28987.75;329
20260610 021100;28989.25;28991;28980;28983.5;190
20260610 021200;28985;29005.25;28979.25;29001.25;143
20260610 021300;28999.75;29018;28998;29002.75;381
20260610 021400;29002;29010.5;28996.25;28998.5;64
20260610 021500;28997.75;29003;28993.5;28998;75
20260610 021600;29000.25;29007;28997;29005.25;71
20260610 021700;29003.25;29003.25;28983.25;28995.25;143
20260610 021800;28994.5;29003.25;28994.5;29001.5;33
20260610 021900;29001.75;29011;28994;29007.5;75
20260610 022000;29006.5;29008.5;29000.5;29002.5;58
20260610 022100;28998.75;29009.5;28997.75;29009.25;69
20260610 022200;29010;29026.25;29007.25;29018.25;256
20260610 022300;29019;29023.5;28998.5;28998.5;174
20260610 022400;28998.5;29004.25;28985;28995;176
20260610 022500;28994.75;29016.5;28994.75;28998.5;155
20260610 022600;28995;28995.25;28984.5;28985.25;158
20260610 022700;28984.25;28985.5;28974.75;28979;168
20260610 022800;28979;28998.75;28976.25;28997.25;163
20260610 022900;28997.5;29016;28996;29010.75;225
20260610 023000;29010;29016.25;29009.75;29016.25;76
20260610 023100;29015.25;29034.75;29014.25;29027.25;204
20260610 023200;29026.75;29034.5;29023;29031.75;76
20260610 023300;29032;29032.5;28998.75;29003.25;177
20260610 023400;29005;29011.5;29001;29003.25;76
20260610 023500;29004.5;29008.5;28998.75;29001.75;77
20260610 023600;29002.75;29002.75;28991.25;29000.25;88
20260610 023700;29001;29008.5;28993;28997.5;61
20260610 023800;28995.75;29008;28995;29006.75;64
20260610 023900;29008.25;29017.25;29005.5;29011.75;87
20260610 024000;29008;29008;28984.5;28985;84
20260610 024100;28984;28996;28982.25;28991;89
20260610 024200;28991;29003.25;28991;28995.5;85
20260610 024300;28997;29002.75;28996;28998.5;67
20260610 024400;28997.5;28998;28991.75;28991.75;32
20260610 024500;28990.5;29006;28989.25;29006;63
20260610 024600;29005.75;29016.25;29003.5;29015.5;128
20260610 024700;29019.5;29027.25;29015.25;29024.25;138
20260610 024800;29024;29024;29015.75;29015.75;72
20260610 024900;29013.25;29019.75;29008.75;29012.5;89
20260610 025000;29018.75;29035.25;29018.25;29034;138
20260610 025100;29034;29035.25;29018.25;29018.25;108
20260610 025200;29019.5;29021.5;28998.25;29000;142
20260610 025300;28998;29000;28984.5;28990.5;109
20260610 025400;28989;28989.5;28967.25;28969;182
20260610 025500;28969.75;28970.5;28963;28968.25;104
20260610 025600;28968;28978.25;28966.25;28977.5;172
20260610 025700;28971;28979;28960.25;28977.75;155
20260610 025800;28977.5;28985.75;28971.75;28983.75;105
20260610 025900;28981.75;28990.75;28980.75;28982.75;78
20260610 030000;28981.75;28981.75;28968.75;28970.5;125
20260610 030100;28972.5;28975.5;28967.25;28972;74
20260610 030200;28973.5;28995;28972.25;28989.75;206
20260610 030300;28990.25;29003.25;28989;28995.5;123
20260610 030400;28993;29000.25;28986.25;29000.25;75
20260610 030500;28998;29001.25;28992;28999.25;71
20260610 030600;29001;29012.25;29000;29012;100
20260610 030700;29013.75;29029.5;29013.25;29028.5;188
20260610 030800;29025.5;29028.5;29006;29011.5;108
20260610 030900;29011.25;29020.75;29005;29018.75;85
20260610 031000;29018.25;29020.75;29011.25;29014.75;76
20260610 031100;29014.75;29016;29004.5;29010.75;96
20260610 031200;29010.5;29020;29008;29017;73
20260610 031300;29015;29020;29011.75;29018;51
20260610 031400;29017;29021.25;29005.75;29007.75;35
20260610 031500;29010.25;29015.25;29008.5;29010.75;49
20260610 031600;29013.25;29025.25;29008.5;29020;62
20260610 031700;29020.5;29046.25;29020.5;29043.75;224
20260610 031800;29043.75;29046;29035.75;29036;76
20260610 031900;29035;29040.75;29022.75;29024.25;64
20260610 032000;29025.25;29025.25;29012.5;29014;105
20260610 032100;29015.25;29017;28995.5;29005.5;174
20260610 032200;29004.25;29011.5;29001.25;29011.5;42
20260610 032300;29012;29022.25;29003;29013.25;89
20260610 032400;29012;29020;29007.25;29018;47
20260610 032500;29020;29020;29010;29018;36
20260610 032600;29018.25;29023.75;29012.5;29016.25;48
20260610 032700;29016.25;29016.5;29011;29014.25;27
20260610 032800;29015.25;29021.5;29002;29004;64
20260610 032900;29002.25;29008.25;28998;29007.5;58
20260610 033000;29009.5;29015;29008.5;29008.5;64
20260610 033100;29009.25;29017.25;28999;29015.75;102
20260610 033200;29016;29024.25;29004;29007.25;86
20260610 033300;29008;29012.25;29001.75;29003.25;50
20260610 033400;29004.25;29024.5;29004.25;29016.25;93
20260610 033500;29018.25;29018.25;29002.5;29010.75;60
20260610 033600;29008.5;29008.5;28996.75;28997.25;79
20260610 033700;28996;29000.25;28985.25;28988;114
20260610 033800;28987.75;28988.25;28980;28988.25;113
20260610 033900;28985;28999.75;28983.5;28997.5;58
20260610 034000;28995.75;29002.5;28990;28994.25;49
20260610 034100;28990;28990.75;28981.5;28989;58
20260610 034200;28984.5;28984.5;28980;28980.75;29
20260610 034300;28982.5;28983.25;28977.75;28979.5;26
20260610 034400;28977.5;28989.25;28977;28981.5;66
20260610 034500;28982.25;28984;28975;28977;50
20260610 034600;28978;28985.75;28978;28983;53
20260610 034700;28987;28988;28979.75;28984.75;42
20260610 034800;28984;28984.25;28975;28977;35
20260610 034900;28977.75;28998;28977.75;28994.25;106
20260610 035000;28992;28992;28980.25;28981.75;43
20260610 035100;28982;28982.75;28973.75;28974;46
20260610 035200;28975;28981;28974.5;28981;38
20260610 035300;28978.75;28985.5;28976.75;28977.25;69
20260610 035400;28978.25;28980.25;28975;28976;56
20260610 035500;28977.25;28998.5;28974.5;28996.5;102
20260610 035600;28995.75;28996.25;28986;28986;54
20260610 035700;28984.75;28991;28984.75;28990;38
20260610 035800;28988.75;29000.25;28983.75;28998;96
20260610 035900;29001;29008;28997.25;28997.5;153
20260610 040000;28997;28997;28991.25;28992.75;42
20260610 040100;28992.75;29001.25;28988.75;28989.5;76
20260610 040200;28989.5;28993;28982;28984.5;87
20260610 040300;28983.5;28984.75;28977;28980;76
20260610 040400;28981.25;28983;28974;28974.75;71
20260610 040500;28976;28980;28971.75;28980;77
20260610 040600;28978.75;28978.75;28970;28972.5;82
20260610 040700;28972.25;28973.25;28964.75;28964.75;83
20260610 040800;28964;28965.5;28949.75;28952.25;309
20260610 040900;28951;28957.75;28949.5;28956.75;111
20260610 041000;28958.5;28962.25;28953;28954;89
20260610 041100;28953.5;28962.5;28950;28955.75;113
20260610 041200;28956.75;28964;28948.5;28950.25;175
20260610 041300;28950.25;28951.25;28945.25;28945.5;62
20260610 041400;28946.5;28947.25;28940.25;28942.5;89
20260610 041500;28943.25;28951.5;28941.5;28946.5;96
20260610 041600;28944.5;28949;28936.25;28936.25;99
20260610 041700;28936.25;28945.5;28930.75;28945.5;154
20260610 041800;28945.75;28955.75;28937.25;28937.5;120
20260610 041900;28938.5;28957.5;28934.75;28957;134
20260610 042000;28956.75;28968.75;28956.5;28966;264
20260610 042100;28965.75;28977.75;28964.75;28967.25;177
20260610 042200;28965.75;28967.75;28947;28950.75;123
20260610 042300;28950;28961.75;28946.25;28953.5;86
20260610 042400;28953;28960.25;28950.5;28953.5;76
20260610 042500;28953.5;28955;28944;28947.25;128
20260610 042600;28950.75;28960.25;28947.5;28955.5;108
20260610 042700;28954.75;28964.75;28952;28954.25;156
20260610 042800;28955.5;28959.25;28949;28950.25;134
20260610 042900;28948.75;28954.5;28935;28946.75;270
20260610 043000;28949;28949;28940;28942;76
20260610 043100;28940.25;28940.25;28914.5;28932.5;287
20260610 043200;28932.25;28937.25;28923;28934.75;95
20260610 043300;28935.5;28935.5;28917.25;28919.5;101
20260610 043400;28921;28925.75;28903.5;28908.25;338
20260610 043500;28910;28916;28904;28907.75;129
20260610 043600;28908.75;28911;28905.25;28909;70
20260610 043700;28907.75;28910;28894;28894;181
20260610 043800;28896.25;28901;28888.25;28899.5;198
20260610 043900;28901;28915.25;28895.75;28901.25;190
20260610 044000;28901.75;28908.5;28896.75;28905.75;111
20260610 044100;28906.75;28923;28904.25;28906;150
20260610 044200;28904.75;28905.5;28888;28894.25;223
20260610 044300;28894.25;28898.5;28886.25;28890;136
20260610 044400;28891.25;28896.25;28886.25;28892.25;67
20260610 044500;28892.5;28892.75;28875.75;28878.25;218
20260610 044600;28877.5;28879.5;28867.25;28875.75;206
20260610 044700;28877.75;28897.25;28877.75;28894;225
20260610 044800;28890.75;28898;28880.25;28885;139
20260610 044900;28883.5;28893.5;28880.25;28890.75;106
20260610 045000;28893;28918.25;28888.5;28913.75;229
20260610 045100;28911.75;28923.75;28901.25;28920;169
20260610 045200;28917.75;28925.5;28904;28907.5;91
20260610 045300;28909.75;28919;28908.25;28915;75
20260610 045400;28913.5;28923.25;28912.5;28920.5;90
20260610 045500;28922.5;28944.25;28920;28939;212
20260610 045600;28938.5;28946;28911;28914.75;200
20260610 045700;28916.75;28917.25;28900;28900;117
20260610 045800;28899.25;28910.75;28899.25;28905;102
20260610 045900;28902.25;28905.5;28895.5;28899;83
20260610 050000;28900.75;28901;28890.5;28898.5;92
20260610 050100;28898.75;28903;28886.25;28898.25;88
20260610 050200;28897;28898;28885.25;28890.5;118
20260610 050300;28892;28917;28889.75;28913.5;150
20260610 050400;28913.75;28927.5;28911.25;28912;164
20260610 050500;28913.25;28930.5;28911.75;28926.25;109
20260610 050600;28925;28925;28908.75;28923.25;80
20260610 050700;28922.5;28951;28915.75;28947.75;228
20260610 050800;28947.75;28947.75;28929.5;28930.75;140
20260610 050900;28935.5;28937.5;28906;28912.75;155
20260610 051000;28911.25;28919.25;28906;28912.25;67
20260610 051100;28912.25;28916;28897.75;28901.5;88
20260610 051200;28900;28915;28899.5;28905.25;89
20260610 051300;28905.25;28918.5;28900.25;28914;71
20260610 051400;28911.5;28915;28901.5;28913.75;62
20260610 051500;28913;28913;28901;28907.5;40
20260610 051600;28905;28905;28882;28883;125
20260610 051700;28884.75;28887.75;28872;28882;168
20260610 051800;28882.75;28882.75;28870.25;28870.75;87
20260610 051900;28869.5;28872.25;28855.25;28869.5;261
20260610 052000;28867.25;28868.75;28857.75;28860.5;104
20260610 052100;28861.75;28867.25;28855.5;28867.25;159
20260610 052200;28868;28876.5;28854.25;28876.5;169
20260610 052300;28874.5;28885.25;28853.75;28867.5;452
20260610 052400;28867;28871.75;28853.75;28866.5;128
20260610 052500;28866;28875;28861.25;28872.25;86
20260610 052600;28871;28876.5;28863;28865.5;104
20260610 052700;28864.75;28880.75;28864.25;28868.25;126
20260610 052800;28869;28898;28867.25;28898;179
20260610 052900;28899;28922.75;28899;28922;289
20260610 053000;28921.25;28939.5;28907.25;28937.5;287
20260610 053100;28938;28944.25;28893.5;28905.75;374
20260610 053200;28904;28906.25;28881.5;28892.25;135
20260610 053300;28891;28924.5;28890.75;28917.75;175
20260610 053400;28915.5;28927.5;28904.25;28924.5;128
20260610 053500;28923.5;28929.75;28912;28914;80
20260610 053600;28914.25;28920;28903.5;28919.25;96
20260610 053700;28920.5;28920.5;28907.5;28911.5;89
20260610 053800;28915.5;28918.5;28909.5;28912.25;39
20260610 053900;28909;28910.25;28903.25;28907.75;32
20260610 054000;28909;28930;28907.5;28924;111
20260610 054100;28925.5;28936.75;28922.25;28933.75;94
20260610 054200;28935.5;28945;28926.75;28926.75;210
20260610 054300;28930;28935.5;28911.25;28932.75;203
20260610 054400;28929.5;28935.75;28918.75;28920;65
20260610 054500;28920.25;28920.25;28905.5;28918.25;70
20260610 054600;28917.25;28926;28915;28915;61
20260610 054700;28913;28913;28896.5;28903.75;110
20260610 054800;28902.5;28909.5;28898.25;28903;66
20260610 054900;28901;28908;28893.25;28904;102
20260610 055000;28901.25;28916;28901.25;28912.5;58
20260610 055100;28910;28938.75;28907.25;28933.25;253
20260610 055200;28933;28936.75;28928.75;28933;112
20260610 055300;28932.5;28935.75;28926.75;28935.5;94
20260610 055400;28937;28944.5;28927.25;28932.75;173
20260610 055500;28936.25;28946.5;28935.75;28943.25;76
20260610 055600;28944.25;28950;28942;28945.75;164
20260610 055700;28946.25;28960.25;28942;28954.25;171
20260610 055800;28956;28968;28946.5;28947;183
20260610 055900;28946.5;28946.5;28932.5;28938.75;192
20260610 060000;28937.5;28947.25;28936.25;28943.25;104
20260610 060100;28945;28951;28935.75;28939.5;146
20260610 060200;28942.25;28961;28942.25;28948.25;223
20260610 060300;28952.75;28955;28940.5;28944.75;167
20260610 060400;28948;28955.25;28947.25;28952.75;85
20260610 060500;28955;28971;28955;28966;166
20260610 060600;28966.5;28974.5;28961;28971;119
20260610 060700;28970;28980;28965.75;28972.75;169
20260610 060800;28971.5;28998;28971.5;28990;233
20260610 060900;28991.75;28995.25;28986;28990;196
20260610 061000;28989.5;28997;28978.75;28980;196
20260610 061100;28976;28977;28961.25;28965.5;193
20260610 061200;28964;28976;28964;28975;79
20260610 061300;28974;28975.75;28966.75;28974.5;61
20260610 061400;28976.75;28982;28973;28981.25;91
20260610 061500;28980.25;28981.25;28972.25;28977.25;75
20260610 061600;28975;28983;28972.5;28981;65
20260610 061700;28980.5;28990.25;28980.5;28985.75;121
20260610 061800;28986.5;28994.5;28982.25;28992.5;110
20260610 061900;28993.5;28995.75;28990;28994.5;82
20260610 062000;28994;29001.25;28990.5;28998.25;240
20260610 062100;28999.5;29000.25;28983.75;28985.75;151
20260610 062200;28987.25;28993.75;28979;28981.25;119
20260610 062300;28981.5;28983.25;28969.25;28974.75;140
20260610 062400;28974.75;28982.5;28971.75;28978.5;83
20260610 062500;28978;28978;28953;28957;201
20260610 062600;28956.25;28965;28952.25;28961.5;119
20260610 062700;28964.75;28984.5;28964.25;28978;246
20260610 062800;28978.75;28980;28968.25;28970.75;71
20260610 062900;28971.75;28986.5;28971.75;28981.5;72
20260610 063000;28981.5;28987.5;28974.5;28983.25;85
20260610 063100;28981.75;29001.25;28980.5;28996;302
20260610 063200;28996.5;28996.5;28968.5;28974.25;216
20260610 063300;28974.75;28983.75;28969.75;28982.5;127
20260610 063400;28982.5;28982.5;28967.5;28971.5;119
20260610 063500;28973;28986.75;28973;28975.75;150
20260610 063600;28976.25;28977;28962.25;28969.25;250
20260610 063700;28968.5;28986.75;28968;28984.5;70
20260610 063800;28986;28997.5;28985.25;28997.5;165
20260610 063900;28998.25;29014;28998.25;29010.75;246
20260610 064000;29010.25;29012.25;28988;28992.25;278
20260610 064100;28992;28992.5;28980.75;28980.75;160
20260610 064200;28981.75;28991;28975.75;28989.75;175
20260610 064300;28989.25;28996.5;28987.5;28991;72
20260610 064400;28990.5;28993.25;28978.75;28984.75;126
20260610 064500;28986.25;28990.75;28986;28989.5;30
20260610 064600;28985;28987.5;28976.25;28987.25;160
20260610 064700;28988;28989.25;28984.25;28985.75;25
20260610 064800;28986;28987;28978.75;28986;51
20260610 064900;28986.75;28987.25;28980.25;28980.25;44
20260610 065000;28981.25;28987.25;28981.25;28982;62
20260610 065100;28980.75;28980.75;28966.5;28968.25;86
20260610 065200;28968.25;28986.75;28966;28983;144
20260610 065300;28983;28988.25;28971;28972;123
20260610 065400;28972.75;28978;28972.75;28974.25;63
20260610 065500;28976.25;28979.75;28971.5;28978;66
20260610 065600;28975;28979.25;28972.75;28974.75;43
20260610 065700;28972.75;28972.75;28966.75;28967.5;41
20260610 065800;28969.25;28969.5;28961.5;28965.75;38
20260610 065900;28964.5;28967.5;28959.25;28966;161
20260610 070000;28966;28971.5;28960.75;28968.5;102
20260610 070100;28969;28981;28964;28974.75;154
20260610 070200;28974.75;28979.75;28970;28973;67
20260610 070300;28972.25;28978;28969.5;28973.5;50
20260610 070400;28974.25;28974.5;28961.75;28966.75;108
20260610 070500;28967.5;28973;28955.75;28957.75;185
20260610 070600;28956;28964.25;28955;28960.25;166
20260610 070700;28959.5;28960;28942.5;28952;237
20260610 070800;28951;28970.75;28947.25;28962.75;227
20260610 070900;28963.5;28972.75;28959.75;28971;86
20260610 071000;28970.5;28978.25;28969.5;28976.25;81
20260610 071100;28976.5;29000;28975.5;28996.25;156
20260610 071200;28999;29001;28981;28986.5;156
20260610 071300;28987.25;28987.5;28968.25;28973;131
20260610 071400;28973;28973.75;28960.75;28962;98
20260610 071500;28966.5;28989.5;28966.5;28981.25;97
20260610 071600;28980.75;28993;28976.75;28992.75;79
20260610 071700;28994;28994.25;28986;28987.25;75
20260610 071800;28988.5;28988.5;28974.75;28975.25;98
20260610 071900;28974;28974;28963;28965.25;96
20260610 072000;28964.75;28969;28952.75;28954.5;112
20260610 072100;28959.25;28960.25;28944;28946.5;124
20260610 072200;28946;28957.5;28938;28955.75;151
20260610 072300;28957.75;28968.25;28953.75;28960.75;128
20260610 072400;28960.5;28971;28958;28963.5;112
20260610 072500;28964;28965.25;28950.5;28952.75;72
20260610 072600;28952.75;28952.75;28932.25;28937;99
20260610 072700;28936;28946.5;28929.25;28945.25;139
20260610 072800;28947;28948.5;28934.5;28942.75;96
20260610 072900;28941.5;28948.5;28934.75;28946.25;95
20260610 073000;28947.5;28947.5;28934.75;28942.5;64
20260610 073100;28943;28945.75;28930.25;28943.25;112
20260610 073200;28944.5;28956;28944.5;28953.5;99
20260610 073300;28955.75;28961;28950;28955;111
20260610 073400;28951;28953;28942.75;28949;66
20260610 073500;28949.25;28982;28949.25;28977.5;227
20260610 073600;28979;28984.5;28966.5;28972.75;119
20260610 073700;28971.75;28975.5;28964.5;28967;66
20260610 073800;28968;28981.25;28963.75;28977.5;64
20260610 073900;28975.75;28976.75;28953.75;28957.75;115
20260610 074000;28957.5;28961;28951.5;28953.25;50
20260610 074100;28957;28957.5;28951;28953;41
20260610 074200;28955.75;28961;28941.75;28943.25;90
20260610 074300;28944.5;28949.75;28940;28947.5;41
20260610 074400;28944.5;28946.75;28936.5;28937.75;69
20260610 074500;28938.25;28950;28938.25;28947.25;65
20260610 074600;28946.25;28948;28937.75;28943;47
20260610 074700;28943.75;28943.75;28926.25;28934;133
20260610 074800;28933.75;28962.5;28931.75;28962.5;181
20260610 074900;28962.25;28966.25;28949.25;28957.5;149
20260610 075000;28957.75;28958.25;28942.25;28950.25;110
20260610 075100;28949.75;28953;28935;28941.25;98
20260610 075200;28939.25;28957.75;28935.5;28956;165
20260610 075300;28954.75;28954.75;28942.25;28950.75;91
20260610 075400;28950.5;28950.75;28936.75;28946.75;158
20260610 075500;28946;28950.75;28938.25;28950;116
20260610 075600;28948.5;28963.75;28946.25;28963.75;118
20260610 075700;28964.25;28966.25;28956.25;28958.75;116
20260610 075800;28960;28970.5;28957.25;28965.75;133
20260610 075900;28965.5;28973;28964;28964;71
20260610 080000;28965.75;28968;28960.5;28964.25;166
20260610 080100;28964.25;28965;28929.75;28931.25;223
20260610 080200;28931.25;28943.25;28922;28923.25;226
20260610 080300;28923;28926;28887.75;28891.25;347
20260610 080400;28890.75;28895;28873.25;28885;258
20260610 080500;28885.5;28909.5;28882.25;28906.75;356
20260610 080600;28907;28913.5;28891;28903.5;199
20260610 080700;28904.75;28911.25;28891.5;28899.75;155
20260610 080800;28900.5;28930;28900;28923.75;219
20260610 080900;28925.25;28931;28917.25;28921;140
20260610 081000;28920.75;28922.5;28909;28921;107
20260610 081100;28922.5;28938;28921.25;28934.75;138
20260610 081200;28933.75;28939;28927.5;28930.75;148
20260610 081300;28931.25;28931.25;28897;28897.75;326
20260610 081400;28898;28900.5;28888.75;28892;128
20260610 081500;28891.25;28892.5;28875.75;28876.25;270
20260610 081600;28876.25;28891;28876.25;28885;205
20260610 081700;28884.5;28891.5;28878.75;28881;175
20260610 081800;28881.75;28881.75;28868.25;28876.25;226
20260610 081900;28880.25;28890;28879.25;28880.5;99
20260610 082000;28879;28894.75;28866.5;28870.25;187
20260610 082100;28869.25;28872.25;28860.25;28864;245
20260610 082200;28862.75;28875.5;28856;28871.75;285
20260610 082300;28872.5;28884.25;28869.25;28877.5;131
20260610 082400;28875.75;28885.75;28869;28885.5;110
20260610 082500;28886;28894;28860;28875;467
20260610 082600;28876.25;28887.5;28869.5;28873.25;121
20260610 082700;28872;28880.25;28856.25;28858.25;223
20260610 082800;28859.5;28863.75;28842.25;28846;348
20260610 082900;28848;28858.25;28844.75;28854.75;210
20260610 083000;28853.5;28863;28852.5;28861;177
20260610 083100;28861;28869;28851.5;28857.5;168
20260610 083200;28856;28866.5;28852;28863.25;217
20260610 083300;28862.75;28871;28856.5;28868.75;223
20260610 083400;28870;28870.75;28857;28859.75;120
20260610 083500;28862;28863.5;28845.25;28848.5;115
20260610 083600;28847;28861.75;28845;28860;118
20260610 083700;28861;28888;28860;28875;170
20260610 083800;28872.5;28880.5;28868.5;28875.5;132
20260610 083900;28874.75;28884.75;28867.5;28867.5;147
20260610 084000;28866;28869.25;28850.25;28858.5;154
20260610 084100;28857;28857;28848.5;28850;97
20260610 084200;28851.75;28851.75;28837;28846;196
20260610 084300;28845.25;28845.5;28817.25;28818;302
20260610 084400;28819.75;28822.5;28788.25;28806.75;560
20260610 084500;28806;28806;28768.25;28776.25;493
20260610 084600;28774.5;28780.75;28764.25;28776.75;457
20260610 084700;28778.5;28787;28760.75;28767.25;299
20260610 084800;28768.75;28768.75;28746.25;28747.5;504
20260610 084900;28749.25;28763;28742.25;28754.75;398
20260610 085000;28755.25;28777.5;28749.25;28776.75;359
20260610 085100;28776.25;28798;28773.25;28795;370
20260610 085200;28794.5;28819.75;28794.5;28799;362
20260610 085300;28799.5;28807.5;28792.25;28807;131
20260610 085400;28806.75;28806.75;28790.5;28796;456
20260610 085500;28798;28799.25;28772.75;28772.75;246
20260610 085600;28773.75;28777.75;28764;28771.25;186
20260610 085700;28769.75;28779.25;28765.25;28774.5;168
20260610 085800;28773.5;28776;28762;28766;174
20260610 085900;28763;28763;28748.5;28750;98
20260610 090000;28749.75;28764.25;28747.5;28762;181
20260610 090100;28763.5;28768.25;28750.25;28751.75;167
20260610 090200;28752.75;28759.75;28748.5;28758.25;172
20260610 090300;28758.5;28762.75;28745.75;28759.25;144
20260610 090400;28758.25;28774;28752.75;28757;250
20260610 090500;28757.5;28763;28749.25;28761.5;225
20260610 090600;28761;28787;28760.75;28782.25;322
20260610 090700;28780;28788.75;28762;28772;278
20260610 090800;28772.75;28785.75;28768.5;28779;110
20260610 090900;28779.25;28781;28758.25;28758.75;162
20260610 091000;28759;28769.75;28755.25;28757.25;135
20260610 091100;28755;28797;28752;28779.25;426
20260610 091200;28779;28779;28733.25;28747.25;347
20260610 091300;28745.25;28749.75;28722;28723.25;403
20260610 091400;28721.75;28734.25;28720;28721.75;341
20260610 091500;28722.75;28726.75;28709.5;28710.75;278
20260610 091600;28709.75;28715.75;28684;28698;648
20260610 091700;28697.5;28709.75;28684.5;28704.75;475
20260610 091800;28703.5;28732.75;28701.75;28727.75;393
20260610 091900;28726.25;28737.75;28721.75;28721.75;262
20260610 092000;28722.75;28724.75;28707.5;28710;326
20260610 092100;28711.25;28714;28692;28712.75;317
20260610 092200;28713.75;28720;28692.25;28692.25;221
20260610 092300;28692.5;28710.75;28689.25;28703.75;182
20260610 092400;28703.25;28714;28699.25;28709.25;133
20260610 092500;28709;28725;28705;28723.25;114
20260610 092600;28722.25;28755;28719.25;28753.5;389
20260610 092700;28752.75;28763;28748.5;28763;213
20260610 092800;28760.75;28769;28753.75;28757.5;196
20260610 092900;28758;28770;28753.75;28767.5;145
20260610 093000;28768.25;28783.5;28765.25;28778.25;221
20260610 093100;28776.75;28786.25;28763.25;28783.25;279
20260610 093200;28783.25;28785;28770.5;28770.5;175
20260610 093300;28773.75;28782.25;28767;28779.5;99
20260610 093400;28780;28787;28774;28774.75;121
20260610 093500;28775.75;28784.5;28775.25;28779;114
20260610 093600;28780.25;28794.75;28774.25;28791;190
20260610 093700;28793.5;28801.5;28788;28791;182
20260610 093800;28792;28792.75;28781;28788.5;90
20260610 093900;28788;28830;28788;28810;385
20260610 094000;28813.75;28816;28787.5;28789.75;283
20260610 094100;28790.25;28792.25;28758.75;28768;352
20260610 094200;28766.75;28768.5;28757.5;28758.75;257
20260610 094300;28759.5;28763.75;28744;28744.75;277
20260610 094400;28745.25;28757;28742;28755.25;189
20260610 094500;28757.25;28769.5;28756.75;28762.75;217
20260610 094600;28763.5;28779;28759.75;28776.5;103
20260610 094700;28776.25;28777;28746.5;28746.5;136
20260610 094800;28748.5;28757.75;28748;28754;108
20260610 094900;28754.25;28754.5;28739.25;28751.75;152
20260610 095000;28749.75;28761.75;28748;28759.5;105
20260610 095100;28760.25;28765;28744.5;28762.75;148
20260610 095200;28761;28772.5;28754.5;28770.5;98
20260610 095300;28771;28778.75;28753.75;28753.75;255
20260610 095400;28755;28760.25;28739.25;28740.75;219
20260610 095500;28740.5;28771.75;28735;28768.75;269
20260610 095600;28769;28777.75;28766.5;28773.75;72
20260610 095700;28773.75;28786;28773.25;28784;127
20260610 095800;28786.25;28788.25;28767;28768;105
20260610 095900;28768.75;28778.5;28768.75;28776;69
20260610 100000;28773.25;28780;28768.5;28777.75;67
20260610 100100;28779.5;28781.75;28764;28769.5;341
20260610 100200;28768.75;28769.25;28749.75;28765.75;149
20260610 100300;28765;28773.25;28759;28769.75;123
20260610 100400;28767.75;28767.75;28756.25;28763.25;82
20260610 100500;28767;28775;28767;28768.75;44
20260610 100600;28766.75;28770;28740;28750.5;162
20260610 100700;28752.5;28756.75;28745;28745;121
20260610 100800;28745.75;28754.25;28745;28747.75;68
20260610 100900;28746.75;28765.75;28746.75;28765.75;210
20260610 101000;28765.25;28786;28764.25;28778.75;216
20260610 101100;28779.75;28780.25;28753.75;28758.75;203
20260610 101200;28756.75;28766.25;28753.75;28762;81
20260610 101300;28759.25;28765;28754;28761.75;79
20260610 101400;28764.5;28774;28759.75;28770.25;105
20260610 101500;28769.5;28770.5;28761.25;28762.75;88
20260610 101600;28763;28765.5;28745.25;28746.75;115
20260610 101700;28745;28755.5;28740;28740;158
20260610 101800;28740;28744.5;28727.5;28729.75;341
20260610 101900;28731.5;28734.5;28716.25;28717.5;230
20260610 102000;28717.75;28730.75;28710;28725.75;456
20260610 102100;28722;28722;28702;28706.25;313
20260610 102200;28707.25;28742.5;28699.25;28740;409
20260610 102300;28740;28750.5;28738.5;28741.5;149
20260610 102400;28743.75;28746;28736.5;28744;79
20260610 102500;28743.5;28762.75;28741;28749.25;215
20260610 102600;28747.75;28759.75;28745.25;28757.25;210
20260610 102700;28755.75;28756;28740;28747;100
20260610 102800;28746.5;28758.5;28741;28752.25;162
20260610 102900;28753.5;28771;28747.25;28764.5;274
20260610 103000;28767.75;28772.25;28762.25;28766.75;110
20260610 103100;28765.75;28809;28760.25;28799.75;630
20260610 103200;28801.5;28808;28793.75;28807.25;160
20260610 103300;28804.25;28806.25;28791.75;28794.25;228
20260610 103400;28793.5;28800.5;28789.5;28795.25;111
20260610 103500;28794;28794.5;28776;28777.75;107
20260610 103600;28776.25;28780.75;28766.75;28773.5;98
20260610 103700;28778.25;28791.75;28778;28791.75;97
20260610 103800;28790.75;28803;28779.5;28801;150
20260610 103900;28798.5;28800.5;28792.25;28796.5;71
20260610 104000;28797.75;28808.25;28793.75;28796;111
20260610 104100;28798.25;28802.25;28789.75;28794;76
20260610 104200;28794.25;28812.25;28792.25;28808.75;97
20260610 104300;28807.75;28819.25;28807.5;28817.75;112
20260610 104400;28818.25;28827;28815.5;28818.25;184
20260610 104500;28816.75;28823.5;28812;28823.5;64
20260610 104600;28824.5;28833;28817;28825;125
20260610 104700;28826.5;28832.25;28825;28829.5;94
20260610 104800;28830.75;28835.5;28815.75;28816.75;97
20260610 104900;28817.25;28823;28811.75;28812.5;139
20260610 105000;28814.75;28819;28805.25;28810.25;160
20260610 105100;28811;28811.25;28793.5;28795.25;171
20260610 105200;28794.25;28805.5;28788.75;28805.5;161
20260610 105300;28802;28802.5;28783.25;28783.5;159
20260610 105400;28781.75;28791.5;28780.25;28786.5;174
20260610 105500;28786;28792;28783.5;28785;92
20260610 105600;28785.75;28795.25;28776.5;28793.25;112
20260610 105700;28790.75;28820;28790.75;28812.5;333
20260610 105800;28813.25;28844;28804.25;28819.75;493
20260610 105900;28819.75;28830.25;28814.75;28821;371
20260610 110000;28819.25;28829.25;28816.75;28827.5;154
20260610 110100;28831.5;28834.5;28811;28819;284
20260610 110200;28820.75;28830.25;28813.25;28824.75;185
20260610 110300;28823.25;28845.25;28816.75;28833.5;226
20260610 110400;28832;28835.5;28735;28737.75;1446
20260610 110500;28740.75;28764;28701.75;28708.75;1151
20260610 110600;28707.5;28714.75;28653;28671.25;1135
20260610 110700;28670.75;28683.75;28638;28681;1051
20260610 110800;28680.5;28712.25;28672.25;28700;562
20260610 110900;28699;28729;28694;28718;379
20260610 111000;28717.25;28721.25;28705.25;28714.25;322
20260610 111100;28713.25;28722;28695.75;28706.5;508
20260610 111200;28705;28746;28697;28731.75;733
20260610 111300;28732;28738.25;28692.75;28696;382
20260610 111400;28694;28711.75;28692.25;28705.25;232
20260610 111500;28705;28740;28696;28733.5;499
20260610 111600;28736;28761.25;28726.25;28751.75;361
20260610 111700;28749.75;28752.5;28728.25;28743;205
20260610 111800;28739;28748;28718.75;28722.25;209
20260610 111900;28720.75;28734.75;28709.25;28710.5;236
20260610 112000;28713.5;28717.5;28698.5;28704;178
20260610 112100;28702;28716.5;28688;28701.25;515
20260610 112200;28700.75;28743.25;28700.25;28730.75;542
20260610 112300;28732.25;28766;28725.75;28741.75;334
20260610 112400;28739.75;28758.5;28733.75;28747;182
20260610 112500;28744;28750.75;28700;28709;493
20260610 112600;28709.25;28712;28625;28657.5;1565
20260610 112700;28658.5;28675.5;28643;28662.25;467
20260610 112800;28662;28673.25;28635;28646.5;468
20260610 112900;28645;28671.75;28644.75;28662.75;393
20260610 113000;28664;28679.75;28651.5;28671.5;338
20260610 113100;28672;28684.75;28661.5;28667.25;257
20260610 113200;28668;28670.25;28630.25;28636.25;449
20260610 113300;28635;28659.25;28622;28629;474
20260610 113400;28630;28663.5;28627.25;28650.5;382
20260610 113500;28650;28661.5;28634.25;28659.25;277
20260610 113600;28657;28677;28642;28655.5;403
20260610 113700;28653.5;28663.25;28642.5;28661;240
20260610 113800;28659.75;28666.5;28633.5;28647;289
20260610 113900;28648.5;28650.25;28621.25;28622.25;361
20260610 114000;28622.75;28629.75;28610.25;28612.75;395
20260610 114100;28610.5;28645.25;28610;28639.75;261
20260610 114200;28640;28645.25;28624.75;28627.75;237
20260610 114300;28626.75;28638.75;28623;28623;167
20260610 114400;28623;28651.25;28621.75;28645.25;298
20260610 114500;28644.25;28646.75;28631.5;28633.75;160
20260610 114600;28632;28634.5;28611.5;28622.5;371
20260610 114700;28622.75;28635.5;28613.75;28635.5;247
20260610 114800;28634.5;28647.75;28632.5;28645.5;232
20260610 114900;28645.5;28655;28635.5;28654;466
20260610 115000;28652.25;28655.25;28631.5;28639.75;261
20260610 115100;28639.5;28663.25;28638.75;28653.25;260
20260610 115200;28651.5;28686.75;28647.5;28684;467
20260610 115300;28684;28691.25;28678.25;28685.5;209
20260610 115400;28683;28692.5;28668.5;28681;208
20260610 115500;28682.25;28686;28672;28676.25;200
20260610 115600;28677.25;28703;28675.75;28691.75;256
20260610 115700;28691.25;28693.25;28660.25;28664.5;171
20260610 115800;28663;28681.75;28662.75;28672.25;172
20260610 115900;28672.75;28684;28670.5;28674;189
20260610 120000;28674.5;28684.75;28673.25;28679.5;118
20260610 120100;28680.75;28685;28666.5;28680;190
20260610 120200;28680.25;28682.25;28668.5;28672.5;122
20260610 120300;28671.5;28683;28668.75;28683;201
20260610 120400;28685;28691.75;28680.25;28685.25;242
20260610 120500;28683.25;28690;28668.75;28679.5;276
20260610 120600;28678.5;28718.75;28678.5;28718.75;375
20260610 120700;28718;28718;28700.5;28700.75;236
20260610 120800;28700;28707.75;28694.75;28696;238
20260610 120900;28693.5;28697;28680;28692;223
20260610 121000;28694;28705.75;28685.25;28699.75;185
20260610 121100;28699;28700.75;28688;28689.75;139
20260610 121200;28691;28692;28677.25;28688;213
20260610 121300;28686.5;28700.5;28680.75;28687.25;208
20260610 121400;28687;28732;28686.25;28720;743
20260610 121500;28721;28721.5;28690;28694.75;359
20260610 121600;28692;28729.5;28667.75;28668;698
20260610 121700;28671;28685.5;28663.75;28676.25;286
20260610 121800;28677.75;28690.5;28668.25;28690.25;251
20260610 121900;28692.5;28694.5;28665;28669.75;209
20260610 122000;28669.75;28678;28657.75;28666;305
20260610 122100;28666;28694;28666;28688.5;247
20260610 122200;28690;28711.5;28688.25;28693.25;349
20260610 122300;28695;28697.5;28673;28675;194
20260610 122400;28674.75;28679;28665;28673.75;327
20260610 122500;28674.5;28696.5;28674;28691.25;243
20260610 122600;28692;28716.75;28692;28713.75;382
20260610 122700;28714.5;28736.75;28713.5;28726.5;380
20260610 122800;28726.25;28729;28711.25;28723.5;311
20260610 122900;28724.5;28752.25;28724;28748;370
20260610 123000;28746.25;28755;28738.5;28753.75;478
20260610 123100;28759.25;28939;28738.75;28843.25;3467
20260610 123200;28844;28889.75;28806.75;28818.25;1873
20260610 123300;28818.5;28898.75;28790;28898.75;1656
20260610 123400;28895.75;28990;28895;28972.5;2157
20260610 123500;28970.5;28992.25;28914.75;28918.75;1454
20260610 123600;28918.5;28930.25;28852.75;28871.75;1842
20260610 123700;28873.75;28924.5;28870;28924.5;1350
20260610 123800;28924.75;28946;28918;28920.25;1074
20260610 123900;28919.25;28943;28878;28942;967
20260610 124000;28940.25;28953.75;28892.25;28894.75;776
20260610 124100;28894.75;28909;28878.25;28905.5;906
20260610 124200;28907.25;28952.5;28885.75;28929.75;1083
20260610 124300;28930.5;28950.25;28903.75;28918;1038
20260610 124400;28918;28936.5;28906.25;28910.25;648
20260610 124500;28911.5;28924.75;28906.5;28918.75;396
20260610 124600;28919.5;28919.75;28892;28900.25;493
20260610 124700;28898.5;28947.75;28897.75;28933.75;776
20260610 124800;28934.5;28943.25;28921.5;28922.75;699
20260610 124900;28923;28948;28913.5;28915;941
20260610 125000;28914.25;28944.25;28909.25;28940.75;501
20260610 125100;28942.25;28944.25;28916.5;28923.75;369
20260610 125200;28920.75;28921;28900.75;28907.5;511
20260610 125300;28909.25;28916.75;28871.75;28874.5;792
20260610 125400;28875;28888.75;28865;28876;750
20260610 125500;28877;28908;28877;28895.75;756
20260610 125600;28895.75;28897;28864;28870.75;493
20260610 125700;28871.75;28879.75;28864.25;28871.5;451
20260610 125800;28871.25;28906.75;28870.5;28886.5;673
20260610 125900;28887.75;28887.75;28850;28853.25;665
20260610 130000;28853.75;28857.5;28824.5;28832;894
20260610 130100;28833.25;28863.75;28824;28858.75;1179
20260610 130200;28858.25;28872.5;28847.5;28848;732
20260610 130300;28849;28860.75;28845;28846.5;362
20260610 130400;28845;28849;28825.5;28837;546
20260610 130500;28835.5;28856;28828.75;28833.75;514
20260610 130600;28834.25;28846.75;28821.75;28841.75;460
20260610 130700;28842.5;28851.75;28833.75;28847;640
20260610 130800;28847;28853.5;28833.5;28848;406
20260610 130900;28848;28861.5;28846.5;28854;345
20260610 131000;28855;28882.5;28844;28877.25;499
20260610 131100;28877.25;28878.25;28861.5;28868.25;527
20260610 131200;28868.25;28877.75;28863;28871.5;314
20260610 131300;28871;28889.25;28862.5;28878.5;576
20260610 131400;28878;28882.75;28873;28877.25;218
20260610 131500;28878;28879;28852.25;28857;419
20260610 131600;28855.5;28871.75;28853.75;28866;341
20260610 131700;28865.5;28878.75;28859.25;28862;241
20260610 131800;28861.75;28867.25;28851.75;28857.5;246
20260610 131900;28855.75;28883.25;28854.5;28882;390
20260610 132000;28881.75;28891.75;28868.75;28882.25;388
20260610 132100;28882;28885;28869.75;28877;320
20260610 132200;28875.75;28883;28861.25;28867.75;364
20260610 132300;28866.25;28867.75;28852.5;28860;336
20260610 132400;28859.5;28865.75;28853;28861.25;229
20260610 132500;28861.5;28866.5;28849.25;28860;393
20260610 132600;28860.25;28866.75;28847.5;28866;472
20260610 132700;28865.5;28872.25;28852.5;28859.25;350
20260610 132800;28859.75;28862;28838.75;28842.25;534
20260610 132900;28843.75;28867;28841.25;28852.75;884
20260610 133000;28852.25;28871.75;28841;28852.75;1016
20260610 133100;28853;28953.25;28829;28922.25;5957
20260610 133200;28919.75;28927;28827.75;28878.5;3302
20260610 133300;28877.25;28912;28840.75;28856;2035
20260610 133400;28856.5;28881.75;28806.75;28837;2528
20260610 133500;28835.25;28841.25;28778;28780.25;1957
20260610 133600;28781;28901;28772.5;28888.25;3793
20260610 133700;28887.75;28927.75;28870.25;28922.75;2542
20260610 133800;28923.75;28963.5;28907.5;28963;2316
20260610 133900;28963;29022.75;28953.25;29000.75;3259
20260610 134000;29002;29002.25;28943.25;28961.75;2521
20260610 134100;28959.5;28962.5;28927.25;28930;2115
20260610 134200;28928.75;28950;28851;28871.5;2408
20260610 134300;28870.75;28966.5;28867.75;28964;2383
20260610 134400;28961.75;29045;28951;29041.75;3112
20260610 134500;29039.25;29092.75;29022.5;29079.5;3401
20260610 134600;29077.5;29092;29020;29077.75;3650
20260610 134700;29079;29086.75;29042.5;29054;1837
20260610 134800;29053;29106.25;29048.25;29098.25;2294
20260610 134900;29098;29162.25;29098;29152;3865
20260610 135000;29151.75;29163.25;29113;29144;2996
20260610 135100;29144;29145.75;29045.25;29055;3179
20260610 135200;29051.5;29077.25;29005;29012.5;2562
20260610 135300;29014;29042.5;28997;29017;2047
20260610 135400;29016.75;29047.25;28984;28986.75;1809
20260610 135500;28987;29047.5;28984.25;29028.5;1516
20260610 135600;29029.5;29048;29001.75;29036.25;1859
20260610 135700;29035;29084.75;29031.5;29060.25;1636
20260610 135800;29060.5;29094;29045;29076.5;1488
20260610 135900;29075;29088.25;29029.5;29045.75;1492
20260610 140000;29046;29054.75;29001;29021.5;1829
20260610 140100;29022;29046;28986.5;28998.5;2382
20260610 140200;28997.75;29030;28965;29004.5;2008
20260610 140300;29005.75;29070.5;28980.5;29056.5;2525
20260610 140400;29057;29119.5;29044.25;29087;2272
20260610 140500;29087;29091.25;29053.75;29080.75;1493
20260610 140600;29080.25;29082.25;29029.25;29039;1449
20260610 140700;29041.5;29104.25;29041.5;29094.5;1536
20260610 140800;29097.75;29100.25;29070.5;29079.5;1101
20260610 140900;29081.5;29109.75;29065.5;29107.5;1196
20260610 141000;29106;29151.5;29097.25;29134.75;2793
20260610 141100;29135.75;29145.25;29070.5;29088.5;2108
20260610 141200;29087.5;29141;29082.5;29131.25;1651
20260610 141300;29133.25;29166;29126.75;29140.5;1698
20260610 141400;29141;29146;29088.5;29141.75;2372
20260610 141500;29141.25;29152.25;29086.25;29091.5;1436
20260610 141600;29092.5;29103.75;29046.25;29052.75;2372
20260610 141700;29052.5;29137.75;29047.75;29134.75;2841
20260610 141800;29133;29133;29093.25;29100;1315
20260610 141900;29100;29108;29070.5;29085.75;1324
20260610 142000;29081;29113;29066.5;29102.75;1146
20260610 142100;29103.5;29124;29080.5;29081.5;1132
20260610 142200;29084.5;29117.5;29070;29114.25;1007
20260610 142300;29113;29133;29094.5;29119.5;1429
20260610 142400;29120.5;29174;29107.75;29168.25;2559
20260610 142500;29168.75;29219.75;29162.75;29217.75;2594
20260610 142600;29217.5;29231;29152.75;29165.5;3515
20260610 142700;29167.75;29187.75;29159.5;29162.75;1131
20260610 142800;29163.75;29207.75;29161;29201;1441
20260610 142900;29202.25;29203.75;29124.5;29136;1985
20260610 143000;29137.75;29183.25;29136;29170.75;1385
20260610 143100;29172;29190.25;29154.75;29169;1484
20260610 143200;29170;29170.25;29100;29101.5;2376
20260610 143300;29101.25;29163.75;29093.25;29163.75;1748
20260610 143400;29161.25;29201.5;29132;29191.75;1553
20260610 143500;29191.5;29249;29186.75;29244.75;2135
20260610 143600;29244.25;29250;29205.75;29227.25;1747
20260610 143700;29226.5;29227.25;29176.25;29184.25;1302
20260610 143800;29184.75;29198.25;29130.75;29141.25;2286
20260610 143900;29140.5;29157.5;29128.5;29144;1237
20260610 144000;29143.75;29171.75;29132;29155.75;1455
20260610 144100;29153.25;29185.25;29144;29184.5;970
20260610 144200;29185.25;29196;29160.75;29187.75;1416
20260610 144300;29190.5;29198;29144;29147.5;1535
20260610 144400;29146.75;29162.75;29130.25;29137.5;1027
20260610 144500;29136;29150.5;29081.5;29082;2400
20260610 144600;29082.25;29099.75;29035;29065;2928
20260610 144700;29064;29111.75;29055.25;29108;1633
20260610 144800;29107.5;29125;29068.5;29074.75;1480
20260610 144900;29077;29077;29035.75;29038.75;1644
20260610 145000;29036.25;29050.5;29007.5;29038.75;2066
20260610 145100;29040.25;29096.5;29031;29079.75;1968
20260610 145200;29081;29106;29034;29055;1917
20260610 145300;29053.25;29054.75;29005;29027.75;1677
20260610 145400;29027.5;29061.5;29021.25;29027;1202
20260610 145500;29028;29070;29018.75;29028.5;1300
20260610 145600;29027.5;29047.5;28937;28938.75;2679
20260610 145700;28938.5;28962.25;28913.25;28939.25;2390
20260610 145800;28938;28939.25;28864.25;28868.25;2714
20260610 145900;28867.5;28900;28856;28876.5;2086
20260610 150000;28877.5;28923;28870.5;28900.25;2037
20260610 150100;28901.25;28908.25;28831.5;28856.25;3084
20260610 150200;28855.75;28974;28852;28969.25;2613
20260610 150300;28971.25;28979;28938;28961.5;1512
20260610 150400;28959.75;28985.75;28938.5;28942.75;1400
20260610 150500;28943.25;28952.75;28884.5;28900.75;1397
20260610 150600;28900.5;28910.5;28878.25;28884;1375
20260610 150700;28884.25;28902.5;28849.75;28852;1235
20260610 150800;28852;28871;28835.5;28857.25;1291
20260610 150900;28857.5;28875.75;28820;28834.75;1757
20260610 151000;28832.75;28848;28817;28826;1267
20260610 151100;28824.75;28840.75;28789.25;28796;2035
20260610 151200;28794;28800.5;28761.75;28775.75;1930
20260610 151300;28778.25;28778.5;28745.75;28751.75;2038
20260610 151400;28753;28822;28747;28800.75;2229
20260610 151500;28801.5;28807.25;28745;28748.75;1728
20260610 151600;28749.75;28752.25;28698;28704.75;2223
20260610 151700;28706.5;28762.75;28695;28751;2204
20260610 151800;28751;28753;28707.75;28712;1487
20260610 151900;28713.25;28713.25;28663.5;28684.25;2027
20260610 152000;28684.5;28748;28682.5;28727.25;2200
20260610 152100;28726.5;28768.25;28716;28759.5;2337
20260610 152200;28757.75;28792;28750.75;28784.5;2093
20260610 152300;28782.25;28805;28760.75;28795;1684
20260610 152400;28795.75;28847.25;28787;28842;2037
20260610 152500;28843.25;28865.5;28820;28832.75;1769
20260610 152600;28831.5;28877.75;28812.75;28868.5;1963
20260610 152700;28870.25;28872.75;28819.75;28832.5;1489
20260610 152800;28832.5;28836.75;28803;28823.25;1431
20260610 152900;28824;28859.75;28808.5;28835;1434
20260610 153000;28834.25;28845.75;28790;28790.5;1533
20260610 153100;28790.75;28839.5;28778;28828;1965
20260610 153200;28830.5;28854.75;28800;28810;1212
20260610 153300;28810.75;28814.25;28783.25;28803.75;1071
20260610 153400;28803.5;28805;28751;28757.5;1174
20260610 153500;28755.5;28802.75;28742;28771.75;1538
20260610 153600;28773.75;28799.5;28752.5;28754.25;1000
20260610 153700;28754.5;28810.75;28750;28807.25;1257
20260610 153800;28807.25;28809.25;28759;28764;1107
20260610 153900;28765.5;28782.25;28734.75;28735;1005
20260610 154000;28736.5;28780;28721;28768;2006
20260610 154100;28765.25;28800;28742.25;28770.5;1098
20260610 154200;28770.5;28839.5;28770.25;28830.75;1371
20260610 154300;28831.75;28839.75;28779;28782.75;1175
20260610 154400;28781.75;28832.5;28780.75;28824.25;1001
20260610 154500;28824;28875;28823.25;28854;1882
20260610 154600;28854.75;28874;28822.5;28859.25;1602
20260610 154700;28857.5;28873.5;28839;28859.5;1375
20260610 154800;28858.25;28874.5;28768;28768;3614
20260610 154900;28769;28782.25;28668.5;28671;4320
20260610 155000;28670;28741.25;28666.25;28711.5;2404
20260610 155100;28710;28757;28670.5;28673.5;2367
20260610 155200;28671;28702.5;28631.75;28638;2063
20260610 155300;28635.25;28689;28627;28685;1525
20260610 155400;28685.25;28758;28675.25;28748.5;1953
20260610 155500;28747;28826;28738.25;28784.25;2033
20260610 155600;28784.5;28787.25;28742;28746.25;1632
20260610 155700;28747.5;28784;28735.5;28774;1131
20260610 155800;28777;28853.5;28775.75;28848.5;1729
20260610 155900;28849.75;28861.75;28823;28847.5;1093
20260610 160000;28850;28870;28842.25;28855.25;988
20260610 160100;28855.25;28896.5;28845;28865;1349
20260610 160200;28864.25;28865.75;28802.25;28802.25;1544
20260610 160300;28804.25;28844.75;28800.75;28807;907
20260610 160400;28809;28832;28799;28822.25;891
20260610 160500;28821.25;28847.5;28810.25;28831.25;789
20260610 160600;28829.25;28844.25;28808.25;28810.75;739
20260610 160700;28806.75;28837.25;28805;28833.75;793
20260610 160800;28832;28854.5;28825.5;28831;753
20260610 160900;28830;28838.25;28779.75;28784.25;950
20260610 161000;28779.5;28785.75;28759.5;28780.5;865
20260610 161100;28780.75;28783;28731;28733.75;882
20260610 161200;28734.5;28751;28716.75;28735.75;1132
20260610 161300;28737.5;28761.75;28723.25;28734;598
20260610 161400;28734;28755.5;28730.5;28747.5;513
20260610 161500;28745.75;28759;28711.75;28728.75;847
20260610 161600;28726.75;28740.25;28719.25;28728;574
20260610 161700;28724;28773;28720.5;28748.5;932
20260610 161800;28748.75;28764;28711.5;28721;863
20260610 161900;28722.5;28734.75;28711.75;28717.25;588
20260610 162000;28717.25;28750.25;28714.25;28743;610
20260610 162100;28745;28757.25;28729;28730.25;785
20260610 162200;28731.5;28750.25;28703;28745.25;886
20260610 162300;28747;28755.5;28725.5;28731.5;511
20260610 162400;28731.25;28762;28724.25;28756.75;595
20260610 162500;28756.5;28764.25;28708.5;28710.5;692
20260610 162600;28711.25;28735;28705.75;28727.75;497
20260610 162700;28725.25;28760.5;28720;28750.25;461
20260610 162800;28751.5;28763;28719.5;28726;576
20260610 162900;28725.75;28751.5;28721.25;28726.25;338
20260610 163000;28725.25;28748.5;28721;28742.25;354
20260610 163100;28742.25;28743.75;28715.75;28722.5;564
20260610 163200;28722.25;28733;28712.5;28724.5;346
20260610 163300;28724.25;28742;28704;28727.25;716
20260610 163400;28728.25;28745.75;28723.25;28725;447
20260610 163500;28725.5;28807;28722.75;28804;1362
20260610 163600;28804.25;28815.25;28768;28785.5;1168
20260610 163700;28786;28807;28769;28805;962
20260610 163800;28805.75;28851.75;28798.5;28836.75;1356
20260610 163900;28837;28848;28819;28836.75;812
20260610 164000;28836.75;28837;28797.25;28828.5;876
20260610 164100;28828;28846;28816.5;28816.5;624
20260610 164200;28818.5;28830.75;28782;28787.25;854
20260610 164300;28785.25;28789.5;28734.5;28749.5;1123
20260610 164400;28750.25;28766.5;28747.5;28752.5;676
20260610 164500;28752.5;28776;28750.75;28752;655
20260610 164600;28752.25;28752.25;28708;28708;1481
20260610 164700;28709;28728.75;28681.25;28701.5;1267
20260610 164800;28704;28705;28664.75;28676.25;995
20260610 164900;28677.75;28694.75;28664.75;28690.5;1129
20260610 165000;28690;28712.75;28678.75;28698.25;1121
20260610 165100;28699;28709.25;28673.75;28706.5;1162
20260610 165200;28704.5;28738.25;28696.5;28731.75;1037
20260610 165300;28730.75;28756;28723.25;28746.75;750
20260610 165400;28746.75;28761.25;28715.5;28726.75;927
20260610 165500;28726.25;28726.5;28709;28715;539
20260610 165600;28715;28716.25;28669.25;28682;983
20260610 165700;28682;28711;28680;28708.75;716
20260610 165800;28709.75;28715;28693;28700.75;482
20260610 165900;28701.5;28706.75;28683.25;28698.75;451
20260610 170000;28697.5;28723.5;28695.75;28717.5;612
20260610 170100;28717.75;28753.25;28709.5;28735;920
20260610 170200;28734.75;28735.75;28694.75;28704.25;677
20260610 170300;28703.5;28751;28700.75;28734.25;949
20260610 170400;28732.5;28775.25;28730.25;28763.75;897
20260610 170500;28764.25;28781.5;28759.25;28763.75;692
20260610 170600;28765.25;28766.75;28696;28698.5;1227
20260610 170700;28699.5;28725.5;28696.25;28723.75;728
20260610 170800;28724;28743;28698;28713.75;905
20260610 170900;28712.75;28712.75;28678.25;28689.25;906
20260610 171000;28690.5;28694.25;28670.75;28679.5;605
20260610 171100;28678.5;28683.75;28634;28634;1096
20260610 171200;28634;28652.25;28628.5;28640.5;1125
20260610 171300;28643;28660.75;28638;28652;724
20260610 171400;28652.75;28682;28652.5;28666.75;769
20260610 171500;28666.75;28667;28635;28648.25;890
20260610 171600;28647;28655.75;28628;28643.5;956
20260610 171700;28643.5;28665;28641;28658;732
20260610 171800;28657.25;28674;28631;28638.5;825
20260610 171900;28639.25;28652.5;28629.75;28643.75;792
20260610 172000;28642.5;28649;28634;28644.5;678
20260610 172100;28643.75;28656.75;28628.75;28654.5;841
20260610 172200;28655.5;28657;28636.25;28644.5;469
20260610 172300;28642.75;28656.5;28635;28640.25;645
20260610 172400;28640.25;28662.75;28640.25;28658.75;633
20260610 172500;28658;28681;28658;28676;982
20260610 172600;28674.5;28693;28664.5;28683.5;943
20260610 172700;28683.5;28685.5;28648.5;28672;858
20260610 172800;28672.5;28680.75;28657.25;28667.5;540
20260610 172900;28667.75;28699;28666.75;28686;781
20260610 173000;28686.5;28692.25;28668.5;28688.5;622
20260610 173100;28687;28693.5;28640.75;28640.75;970
20260610 173200;28641.75;28658.75;28634.5;28639;853
20260610 173300;28639.5;28666;28626.25;28648.75;1525
20260610 173400;28648.75;28664;28640.25;28659.25;567
20260610 173500;28660.5;28675.5;28650.5;28659.5;581
20260610 173600;28661;28662;28638;28641.25;488
20260610 173700;28640.25;28659.5;28630.75;28636.75;603
20260610 173800;28636.25;28668.5;28630.5;28651.25;756
20260610 173900;28652.75;28654.25;28631.5;28643;540
20260610 174000;28644.5;28654.25;28626.75;28633.75;635
20260610 174100;28634;28651.5;28626;28642.75;1374
20260610 174200;28642;28659.25;28631.25;28637;903
20260610 174300;28636.5;28651.75;28628.25;28638;677
20260610 174400;28638.25;28638.75;28624;28626.25;576
20260610 174500;28626;28637.75;28618;28622.5;1500
20260610 174600;28623.25;28656.5;28616;28653.25;1158
20260610 174700;28654.25;28754;28652;28745;3011
20260610 174800;28747.5;28747.5;28708.75;28739.75;1317
20260610 174900;28740;28778.5;28716.25;28774.75;1453
20260610 175000;28774.5;28784.75;28744.25;28765.75;934
20260610 175100;28766.25;28772.25;28704.75;28743.25;2167
20260610 175200;28742.25;28761.25;28722;28748;744
20260610 175300;28747;28747.5;28691.25;28695.5;919
20260610 175400;28698;28714.25;28687.5;28713;892
20260610 175500;28714.25;28750;28708;28741.75;901
20260610 175600;28744.5;28781;28735.5;28770.25;1267
20260610 175700;28770;28793.75;28755.75;28792.75;912
20260610 175800;28792;28792.75;28752.5;28753.75;968
20260610 175900;28754.5;28782.5;28751.25;28778;634
20260610 180000;28776.25;28785.5;28769.5;28780;533
20260610 180100;28779.5;28810;28778.75;28780.5;1302
20260610 180200;28782.25;28788.75;28760.5;28774.25;890
20260610 180300;28773;28799;28769;28792;655
20260610 180400;28793;28826.75;28785;28817.5;1368
20260610 180500;28818.5;28832.5;28807.5;28826.75;1165
20260610 180600;28827.5;28831;28803.75;28814.25;1219
20260610 180700;28813.75;28823.75;28794.75;28804;656
20260610 180800;28802;28804;28765;28766.25;1235
20260610 180900;28766.5;28798.75;28756.25;28790;1000
20260610 181000;28790.5;28790.5;28752.5;28754.25;716
20260610 181100;28754.75;28786.25;28753.25;28767.25;681
20260610 181200;28767.5;28779;28762;28775;428
20260610 181300;28775.75;28803.75;28773;28793.25;728
20260610 181400;28791.75;28791.75;28758.75;28769.5;741
20260610 181500;28769.5;28783.5;28768;28781.5;398
20260610 181600;28781.5;28804;28776.25;28798;714
20260610 181700;28797.75;28810.25;28783;28790.5;631
20260610 181800;28791.5;28793.75;28744.75;28746.25;810
20260610 181900;28747;28756;28706;28719;1242
20260610 182000;28720;28738.75;28715.5;28723;737
20260610 182100;28723.75;28749.25;28723.75;28740.5;599
20260610 182200;28738.25;28765;28718.25;28722;1405
20260610 182300;28723.25;28723.75;28697.75;28708.75;898
20260610 182400;28708.75;28731.75;28704;28726;912
20260610 182500;28726;28739;28718.25;28732.5;587
20260610 182600;28733.25;28733.75;28705;28718.75;566
20260610 182700;28717.75;28733.75;28709;28720.75;704
20260610 182800;28720.25;28728;28706;28713.25;537
20260610 182900;28712.75;28740;28711.5;28726.25;649
20260610 183000;28727.75;28731.25;28710.5;28713;458
20260610 183100;28713.75;28717.75;28689.5;28710.25;888
20260610 183200;28709.5;28711;28674.5;28677.75;824
20260610 183300;28677;28695.75;28676;28684.75;736
20260610 183400;28684;28700;28679.25;28684.5;915
20260610 183500;28683;28693.5;28674.25;28687;631
20260610 183600;28687.5;28690.75;28659;28677.25;1454
20260610 183700;28678.25;28689.25;28674.75;28680.75;602
20260610 183800;28680.25;28684.25;28641;28645.5;1476
20260610 183900;28645.5;28652.25;28633;28649;813
20260610 184000;28648.75;28669.25;28646;28656;682
20260610 184100;28655.25;28677.75;28650;28659;648
20260610 184200;28659;28679.25;28646.5;28648.5;954
20260610 184300;28647.5;28656;28633;28640.25;710
20260610 184400;28641.25;28666.5;28637;28658.5;658
20260610 184500;28659;28672;28654.75;28661.25;638
20260610 184600;28662;28664;28642.75;28651;440
20260610 184700;28650;28661.5;28640.5;28644;556
20260610 184800;28642;28648;28629.75;28636;593
20260610 184900;28636;28663;28634.25;28654.25;799
20260610 185000;28652.5;28655.75;28627.5;28630.5;620
20260610 185100;28630.5;28630.5;28579.75;28586.25;2543
20260610 185200;28585.5;28618.75;28584.5;28603;1053
20260610 185300;28602.75;28623.75;28594.5;28612.5;800
20260610 185400;28611.5;28637;28610.5;28625;840
20260610 185500;28624.5;28633;28606.75;28617.25;694
20260610 185600;28616.5;28616.5;28584;28595.5;853
20260610 185700;28595.25;28599;28574;28587.5;842
20260610 185800;28588.75;28613.25;28587.75;28600.5;812
20260610 185900;28600.25;28625.5;28599.75;28617;728
20260610 190000;28615.5;28621.5;28602.25;28607.5;619
20260610 190100;28608.25;28610.75;28576.25;28583;863
20260610 190200;28582.5;28598.5;28574.25;28589.25;726
20260610 190300;28588.25;28619.5;28579.75;28619;722
20260610 190400;28617.5;28652.5;28610.25;28647.5;1547
20260610 190500;28646.75;28650.25;28614.75;28618;1184
20260610 190600;28618.75;28622.75;28596.5;28611.25;1107
20260610 190700;28611.75;28643.5;28611;28634.25;1003
20260610 190800;28636;28669;28630.25;28660.5;1202
20260610 190900;28660.75;28668.25;28631.25;28648.75;919
20260610 191000;28647.75;28656.5;28638.75;28641.75;589
20260610 191100;28642.25;28643;28608.75;28610.5;997
20260610 191200;28611.25;28619.5;28590.5;28594;838
20260610 191300;28593.5;28605.75;28583.5;28598.25;650
20260610 191400;28596.75;28604;28588.25;28595.5;557
20260610 191500;28595.75;28598.25;28578.25;28593.5;577
20260610 191600;28594.25;28597.5;28556.75;28566;1612
20260610 191700;28567.25;28588.5;28560.25;28567.75;767
20260610 191800;28567.25;28571.75;28544;28549.75;954
20260610 191900;28550.75;28554.5;28525;28537.75;1166
20260610 192000;28536.75;28551;28535;28542.5;735
20260610 192100;28543.5;28546.25;28520.5;28526.5;976
20260610 192200;28526.5;28539.5;28510.25;28513.5;1086
20260610 192300;28513;28531.25;28510.25;28511;909
20260610 192400;28511;28518.25;28502.75;28511.5;912
20260610 192500;28512.5;28539;28509;28533.25;1179
20260610 192600;28532.5;28541;28515.5;28517.75;1097
20260610 192700;28516.5;28527.25;28504;28507.5;776
20260610 192800;28507.75;28517.25;28493;28512.75;991
20260610 192900;28512;28542.25;28506;28523.75;1328
20260610 193000;28523.5;28560.25;28521;28546.75;1189
20260610 193100;28546.25;28560.5;28524.75;28558;1215
20260610 193200;28556.75;28605.5;28545.75;28587.75;1853
20260610 193300;28588;28599;28572.75;28584;1207
20260610 193400;28584.75;28596.5;28572.75;28588.75;886
20260610 193500;28589;28626.25;28589;28606.75;1670
20260610 193600;28606.75;28630.5;28590;28608.5;1104
20260610 193700;28607.25;28618.5;28590.75;28603.25;663
20260610 193800;28602.75;28642.25;28598.25;28641.25;1127
20260610 193900;28642.75;28648.5;28625.25;28638.5;778
20260610 194000;28637.5;28657.5;28634.25;28646;863
20260610 194100;28647.25;28664;28619;28633.75;1128
20260610 194200;28635.25;28650.5;28613;28626.25;1100
20260610 194300;28625.75;28625.75;28598;28606.25;809
20260610 194400;28607.25;28640.5;28593;28636.25;980
20260610 194500;28636.25;28636.25;28615.25;28621.25;605
20260610 194600;28620.25;28628.75;28592.5;28599;1084
20260610 194700;28599.75;28608;28580;28604;910
20260610 194800;28604.75;28609.25;28583.75;28584;717
20260610 194900;28583.75;28588.5;28551.75;28557.5;1029
20260610 195000;28557.25;28596.75;28557.25;28596;841
20260610 195100;28595.25;28663.5;28545.5;28661.75;3268
20260610 195200;28661.5;28661.5;28620;28641.5;1397
20260610 195300;28640;28646;28620;28623.5;979
20260610 195400;28624.25;28635.25;28592.25;28601.75;1575
20260610 195500;28601.75;28618.5;28578.5;28615.5;1524
20260610 195600;28616.5;28643.5;28580.75;28594;2442
20260610 195700;28595.5;28602.5;28584.5;28596.75;1428
20260610 195800;28596.5;28604.75;28580.25;28589.75;1424
20260610 195900;28590.75;28619.25;28588.5;28617.75;1843
20260610 200000;28617.5;28618;28523.5;28524.25;10840
20260610 200100;28529;28536.75;28485.25;28503.25;4018
20260610 200200;28503.5;28508;28471.25;28476.25;1561
20260610 200300;28475;28501.25;28472;28499;634
20260610 200400;28498.5;28509.25;28489.25;28496;627
20260610 200500;28498.25;28513.25;28497;28509.5;530
20260610 200600;28508.75;28515.75;28433;28454;1468
20260610 200700;28451;28472.75;28449.5;28457;832
20260610 200800;28454;28455.5;28433;28449;776
20260610 200900;28451.25;28486.5;28449.25;28478;764
20260610 201000;28479;28491;28444.5;28472;822
20260610 201100;28473;28502.5;28471.25;28501.25;461
20260610 201200;28500.25;28512.75;28486;28507.75;631
20260610 201300;28508;28513;28480.5;28486.5;494
20260610 201400;28485;28517.5;28485;28514;531
20260610 201500;28510.5;28512;28495;28499.5;360
20260610 201600;28498.25;28517.5;28489.25;28500;330
20260610 201700;28503.25;28507.75;28473;28488.5;401
20260610 201800;28490;28515;28474.75;28504;375
20260610 201900;28503.75;28514.25;28498.5;28499;201
20260610 202000;28496.5;28501.75;28490.5;28498.75;135
20260610 202100;28497;28497.25;28484;28493.25;159
20260610 202200;28491.25;28514.25;28491.25;28514;233
20260610 202300;28513.75;28524.5;28508.75;28510.75;212
20260610 202400;28510.5;28513;28503.75;28511.75;135
20260610 202500;28513.75;28519.25;28510.25;28516.5;90
20260610 202600;28518;28518.5;28502;28504.75;138
20260610 202700;28505.5;28510.25;28496;28498;125
20260610 202800;28497;28497.25;28488.75;28490;115
20260610 202900;28490.75;28494.25;28481;28491;257
20260610 203000;28491.25;28491.25;28484.25;28485.5;116
20260610 203100;28484.75;28484.75;28462.25;28465;276
20260610 203200;28465.25;28468.5;28454.75;28468.5;215
20260610 203300;28462.25;28471;28462;28469.75;139
20260610 203400;28470;28474.25;28468.75;28472.75;101
20260610 203500;28474;28478;28469;28475.25;88
20260610 203600;28475;28478.5;28466.5;28472;96
20260610 203700;28473.5;28480;28472.25;28476.75;106
20260610 203800;28477.5;28487.25;28466.25;28483.75;129
20260610 203900;28483.75;28489;28481.25;28488;56
20260610 204000;28486.25;28498.75;28485.25;28493.5;167
20260610 204100;28492.25;28499.25;28490;28491.25;89
20260610 204200;28492;28493;28480;28482.75;124
20260610 204300;28482.25;28490.5;28476.25;28490.5;99
20260610 204400;28488;28488;28458.75;28460.75;215
20260610 204500;28461.5;28471.75;28434.25;28450.75;207
20260610 204600;28451.75;28458.25;28442.25;28442.25;146
20260610 204700;28441;28441.25;28420;28430.5;348
20260610 204800;28431;28431.5;28414.5;28418.5;210
20260610 204900;28421.5;28443.5;28415.5;28439.25;193
20260610 205000;28438;28441;28430;28433.75;178
20260610 205100;28433.75;28438.5;28409;28424.5;390
20260610 205200;28427.5;28442.25;28425.5;28442.25;110
20260610 205300;28443;28445.5;28427.25;28440;172
20260610 205400;28438;28446.25;28430;28432.25;124
20260610 205500;28434;28457.5;28432.5;28456;199
20260610 205600;28457.5;28461.5;28452;28460.25;234
20260610 205700;28459.75;28462.25;28452.25;28459.5;138
20260610 205800;28458.25;28461.25;28450.75;28459;175
20260610 205900;28458.75;28486.5;28450;28462.5;368
20260610 210000;28462.75;28474.75;28457.5;28472;151
20260610 220100;28455;28470;28404;28429.25;760
20260610 220200;28428.75;28443.25;28403.5;28405;259
20260610 220300;28405.75;28414.75;28386;28388.75;304
20260610 220400;28391;28406;28385.5;28389.25;173
20260610 220500;28389.25;28398.25;28376;28385.75;245
20260610 220600;28387.25;28393.25;28370;28376.25;253
20260610 220700;28376;28380;28363;28366;259
20260610 220800;28366.25;28381.5;28366.25;28381;175
20260610 220900;28379.5;28390.25;28372.5;28381.75;129
20260610 221000;28383;28383.5;28365.25;28367.25;74
20260610 221100;28368.5;28394;28368.5;28389.5;194
20260610 221200;28391.25;28392.5;28364;28368.25;150
20260610 221300;28365;28386;28358;28383.25;224
20260610 221400;28383;28384;28370;28381.75;114
20260610 221500;28382.75;28404.25;28382.75;28400.75;250
20260610 221600;28400.75;28409.75;28388.25;28399;220
20260610 221700;28399.75;28409.25;28390.75;28397.5;124
20260610 221800;28399;28406;28385.25;28392;126
20260610 221900;28391.75;28399.25;28384.75;28385;133
20260610 222000;28388;28408.5;28385.75;28403;158
20260610 222100;28400.5;28404.25;28394.25;28394.25;39
20260610 222200;28395.25;28398.75;28388.5;28390.75;92
20260610 222300;28393;28403.75;28390;28393.5;104
20260610 222400;28393;28394;28383.25;28386.75;70
20260610 222500;28388.75;28393.5;28386;28390.25;53
20260610 222600;28388.25;28405.5;28380;28401.5;201
20260610 222700;28403.5;28416.25;28402.25;28416.25;191
20260610 222800;28415.5;28420;28404;28404;124
20260610 222900;28404;28414.5;28404;28410.25;86
20260610 223000;28405.25;28415.75;28402.25;28412;79
20260610 223100;28414.5;28442;28412.25;28433;254
20260610 223200;28435.75;28441.25;28430.25;28432;159
20260610 223300;28430.5;28447.75;28430.5;28444.25;190
20260610 223400;28445.25;28448.5;28437;28437;250
20260610 223500;28437.75;28439.25;28419.5;28420;166
20260610 223600;28420;28437.25;28415.25;28434;148
20260610 223700;28431.75;28444.25;28431.5;28443.5;86
20260610 223800;28440.5;28444.25;28433;28439.25;121
20260610 223900;28437.75;28444.25;28437;28442.75;41
20260610 224000;28439.25;28461.75;28439.25;28460.5;247
20260610 224100;28460.75;28469.75;28455.5;28459;175
20260610 224200;28457.5;28458.5;28436.75;28442;215
20260610 224300;28443.5;28445.25;28440;28442.75;27
20260610 224400;28443;28455.5;28443;28451;142
20260610 224500;28451;28452.75;28390;28431.75;549
20260610 224600;28431;28431;28402.25;28417.75;231
20260610 224700;28420;28438.75;28412.75;28438;213
20260610 224800;28438;28449.75;28430.5;28446.75;165
20260610 224900;28441.5;28455.75;28433.5;28440;158
20260610 225000;28431.5;28432.5;28423.25;28424.75;68
20260610 225100;28423.5;28429.25;28413;28417;119
20260610 225200;28418.25;28423;28409.25;28414.5;93
20260610 225300;28412.25;28414.5;28398;28398;116
20260610 225400;28398;28401.75;28370.75;28387;365
20260610 225500;28385;28395.25;28380.75;28386.75;94
20260610 225600;28386;28386.25;28366;28367.5;126
20260610 225700;28368.75;28373.75;28355.25;28357.75;241
20260610 225800;28358;28367.75;28350;28358.75;167
20260610 225900;28359.25;28361.5;28350;28353.25;165
20260610 230000;28353.75;28359.75;28328.25;28342.5;421
20260610 230100;28344.5;28344.75;28306;28332.25;456
20260610 230200;28331;28355.5;28331;28351.25;272
20260610 230300;28351.75;28375.75;28350;28372;287
20260610 230400;28366;28370.75;28352.75;28362.25;44
20260610 230500;28360;28372;28356.5;28369;74
20260610 230600;28368;28376.75;28363.25;28375.25;88
20260610 230700;28373.75;28376.75;28358;28364.75;74
20260610 230800;28364.5;28364.75;28353.75;28358.25;93
20260610 230900;28356.75;28360.25;28342.25;28347.75;134
20260610 231000;28348.75;28356.5;28335;28337.25;168
20260610 231100;28337;28344;28328;28331.5;198
20260610 231200;28331.25;28334.25;28315;28322.75;132
20260610 231300;28323.75;28325.25;28285;28306.25;477
20260610 231400;28307.5;28309;28294.25;28295.5;197
20260610 231500;28295.75;28295.75;28278.25;28290;341
20260610 231600;28288.5;28307.25;28287.25;28298.5;224
20260610 231700;28295;28297.5;28277.5;28294.75;191
20260610 231800;28294.25;28296;28284.25;28287.75;77
20260610 231900;28288.5;28288.5;28268.5;28272;193
20260610 232000;28273.5;28384.25;28265.75;28353.25;1355
20260610 232100;28357.25;28398;28332.5;28346;989
20260610 232200;28338;28340.25;28300;28330.25;645
20260610 232300;28332.25;28342;28310;28333;243
20260610 232400;28335.5;28338.75;28314;28318;134
20260610 232500;28319.75;28336;28307;28329.75;225
20260610 232600;28330;28381;28330;28357.25;483
20260610 232700;28357.75;28379.25;28351;28372.75;188
20260610 232800;28370.75;28390.75;28368.75;28381.75;207
20260610 232900;28384.25;28391.5;28374.75;28387.25;224
20260610 233000;28386.75;28405.75;28381.25;28398.25;317
20260610 233100;28399;28405.75;28372.25;28383.25;282
20260610 233200;28384;28384.75;28368;28373.75;314
20260610 233300;28372;28382;28350;28379.5;313
20260610 233400;28379.25;28388.75;28377;28377;99
20260610 233500;28380;28381.25;28366.5;28376.75;124
20260610 233600;28378.25;28398;28378.25;28389.25;136
20260610 233700;28392.25;28410;28391.25;28398.75;284
20260610 233800;28395;28409.25;28394;28403;69
20260610 233900;28401.5;28407;28391;28397.75;109
20260610 234000;28397.75;28399.75;28387.5;28392;72
20260610 234100;28393;28405.5;28382.75;28402;140
20260610 234200;28400.75;28438.5;28400.25;28429;367
20260610 234300;28424.5;28446.75;28416.25;28434.5;355
20260610 234400;28434.75;28446.25;28433.25;28437;152
20260610 234500;28435.5;28436;28422.75;28425;103
20260610 234600;28423;28423;28390.75;28404.5;438
20260610 234700;28401.75;28415;28398.25;28406.25;101
20260610 234800;28406.25;28425;28400;28422.75;90
20260610 234900;28425;28425.25;28391;28391;107
20260610 235000;28392.75;28402.5;28363.5;28395.75;191
20260610 235100;28395.25;28402.75;28387.5;28390.75;76
20260610 235200;28393;28401.5;28387;28391.25;78
20260610 235300;28391.75;28402.25;28389.25;28400;99
20260610 235400;28398.5;28406;28393.25;28394.25;70
20260610 235500;28392;28393;28379.75;28389.5;127
20260610 235600;28390.75;28391.25;28381.5;28388;70
20260610 235700;28385.5;28388.25;28363.5;28367.25;233
20260610 235800;28367.75;28369.5;28352.25;28362.5;270
20260610 235900;28361.75;28370.25;28358.25;28362;87
20260611 000000;28358.5;28379.25;28357;28364;133
20260611 000100;28363.5;28405;28362.25;28403;315
20260611 000200;28403;28416;28390;28398.75;198
20260611 000300;28400;28413.5;28393;28393.25;182
20260611 000400;28393.25;28393.5;28366.5;28367.75;201
20260611 000500;28369.25;28374;28332;28344.75;320
20260611 000600;28346.5;28363;28335;28360;274
20260611 000700;28361.5;28383.5;28347.75;28376.5;259
20260611 000800;28381;28384.25;28368;28368;111
20260611 000900;28367.5;28376.5;28352.75;28373.25;146
20260611 001000;28372.25;28372.25;28341;28353;188
20260611 001100;28347;28349;28336.5;28339.75;176
20260611 001200;28339.75;28366;28339.5;28357;222
20260611 001300;28357;28370;28352.5;28369.5;112
20260611 001400;28368;28399.75;28367.5;28390.75;299
20260611 001500;28386.75;28402.75;28377;28391.25;182
20260611 001600;28391.5;28463;28391.5;28459.25;932
20260611 001700;28460.75;28525;28460.75;28513.5;1014
20260611 001800;28515.25;28571.75;28504.5;28565;849
20260611 001900;28564.75;28570;28519;28520.5;474
20260611 002000;28524;28541.75;28513.25;28521.5;357
20260611 002100;28523;28528;28499;28502;323
20260611 002200;28503.25;28546.25;28490.25;28538.25;419
20260611 002300;28534.5;28538.5;28508.75;28518.5;224
20260611 002400;28517.75;28527.75;28510;28521.75;212
20260611 002500;28526.5;28536.25;28503.75;28506.75;263
20260611 002600;28507;28512.5;28481.75;28489.75;263
20260611 002700;28488;28488;28468.25;28485.5;213
20260611 002800;28483.75;28498.75;28470;28478;206
20260611 002900;28479;28493.5;28468;28491.75;177
20260611 003000;28489.5;28490;28471.5;28480.5;89
20260611 003100;28483.5;28496;28475.5;28477.25;177
20260611 003200;28478.75;28496.5;28468;28490.25;139
20260611 003300;28491.5;28505;28488.5;28495.25;234
20260611 003400;28494.75;28509.25;28471.75;28500.25;341
20260611 003500;28504.75;28517.5;28482.5;28484;198
20260611 003600;28482;28486.5;28462.25;28482.25;214
20260611 003700;28480.5;28486.25;28428;28466.75;751
20260611 003800;28469.75;28478.5;28452;28473.75;325
20260611 003900;28474.5;28483.25;28461;28461;118
20260611 004000;28464.75;28464.75;28445.75;28455;91
20260611 004100;28453.5;28462.5;28446.5;28453.25;134
20260611 004200;28454.75;28486.25;28447;28481;223
20260611 004300;28481.5;28486.75;28465.75;28465.75;178
20260611 004400;28470.25;28474.5;28458;28460.5;111
20260611 004500;28459.25;28459.25;28439.25;28443.75;144
20260611 004600;28445;28483.75;28443.25;28468.5;209
20260611 004700;28465.75;28515.25;28464.25;28512;328
20260611 004800;28512.5;28539;28472;28474.75;386
20260611 004900;28477;28503.5;28475.75;28501.25;127
20260611 005000;28502.25;28512;28495.25;28510;220
20260611 005100;28511.75;28521;28504.5;28519.25;125
20260611 005200;28520;28524.5;28499.75;28509.5;128
20260611 005300;28509.75;28546;28509.75;28543;290
20260611 005400;28541;28557;28533.5;28546.75;214
20260611 005500;28546.25;28547.5;28528;28534.25;213
20260611 005600;28533.5;28558.75;28533.5;28552;118
20260611 005700;28551.75;28561;28540.75;28554.75;212
20260611 005800;28554.5;28565.25;28546;28554.25;185
20260611 005900;28552.75;28553;28538.75;28545;151
20260611 010000;28546.25;28554.25;28543.25;28549.5;90
20260611 010100;28551.5;28568.5;28549.25;28556.25;278
20260611 010200;28555.5;28582.75;28555;28577;672
20260611 010300;28577.75;28597.25;28568.5;28596.75;478
20260611 010400;28597.5;28604;28592;28594.5;273
20260611 010500;28596.75;28635;28586.5;28621.25;996
20260611 010600;28619.25;28637.25;28611.75;28634.25;347
20260611 010700;28634.75;28643.5;28618.5;28625.5;792
20260611 010800;28622;28625.5;28603;28616.5;261
20260611 010900;28615;28638.5;28612.5;28637.5;182
20260611 011000;28636.25;28649;28632.5;28642;253
20260611 011100;28644;28667.5;28641.5;28667.5;906
20260611 011200;28665.5;28693;28663.25;28682.75;959
20260611 011300;28682.75;28703.25;28682;28695.25;481
20260611 011400;28695.5;28706.5;28683.5;28705;463
20260611 011500;28704.5;28717.25;28700.75;28713.75;502
20260611 011600;28712;28728.25;28702.5;28702.5;442
20260611 011700;28703.5;28720.25;28692;28718.75;437
20260611 011800;28718;28718.25;28691.75;28702.75;281
20260611 011900;28701.25;28701.5;28689;28695.25;168
20260611 012000;28695.75;28728.25;28688.5;28722.75;325
20260611 012100;28725;28735.5;28707.5;28708.25;282
20260611 012200;28708.25;28712.5;28695;28704.75;242
20260611 012300;28705;28707;28688;28706;270
20260611 012400;28707.25;28737.5;28707;28728;365
20260611 012500;28726.75;28750;28721.75;28745;306
20260611 012600;28743;28754.5;28740;28742.75;404
20260611 012700;28743.5;28751.25;28732.25;28737.25;197
20260611 012800;28735.5;28745.75;28729.25;28743;119
20260611 012900;28743.75;28765;28743.75;28751.75;272
20260611 013000;28750.5;28763.25;28747.5;28751.25;157
20260611 013100;28751.5;28757.25;28728.75;28733.5;302
20260611 013200;28733;28733.5;28716;28719.75;222
20260611 013300;28718.5;28736;28717.25;28730.5;167
20260611 013400;28729.25;28729.25;28712.5;28716.5;222
20260611 013500;28716.5;28720;28706.25;28709.25;158
20260611 013600;28709.5;28719.25;28704.25;28712.25;140
20260611 013700;28711.75;28713.25;28702;28702.25;125
20260611 013800;28702;28712.5;28696.5;28708.25;322
20260611 013900;28710.5;28754;28708.5;28753;459
20260611 014000;28753.75;28756.25;28729.5;28734.5;253
20260611 014100;28733.75;28734.25;28727.5;28730.25;128
20260611 014200;28733.25;28744;28733;28735;94
20260611 014300;28735.5;28739.25;28719.75;28719.75;172
20260611 014400;28721.75;28721.75;28712.75;28719.25;116
20260611 014500;28718;28718;28700.25;28705.75;127
20260611 014600;28706.75;28709;28690;28692.25;202
20260611 014700;28691.75;28712.75;28686.5;28709.5;283
20260611 014800;28709.25;28716;28700.5;28701.75;157
20260611 014900;28701.75;28707.25;28697.75;28699.25;95
20260611 015000;28697.75;28703;28689.75;28689.75;115
20260611 015100;28692;28699.25;28684.5;28690;142
20260611 015200;28687.75;28695.75;28687.75;28693;68
20260611 015300;28691.75;28691.75;28670.25;28671.25;217
20260611 015400;28672.5;28673.75;28666;28667.5;140
20260611 015500;28668;28690.75;28663.75;28674.25;314
20260611 015600;28672.25;28672.25;28641.75;28644.5;322
20260611 015700;28644.25;28651.25;28638.5;28641.25;234
20260611 015800;28642;28651.75;28634.5;28637.75;163
20260611 015900;28638;28647.5;28633.5;28645;123
20260611 020000;28643.75;28656.25;28639;28641.25;164
20260611 020100;28643;28660.75;28635;28658;193
20260611 020200;28655.5;28671;28654;28670.25;200
20260611 020300;28666;28673.75;28654.25;28658.5;146
20260611 020400;28660.5;28681.75;28656.5;28673.75;279
20260611 020500;28673.25;28696.5;28669;28693.25;203
20260611 020600;28693.25;28694;28671;28674.5;133
20260611 020700;28673.5;28679;28659.25;28660;131
20260611 020800;28661.25;28673.25;28658.25;28666.25;188
20260611 020900;28663.5;28667;28653.5;28654.75;77
20260611 021000;28652.5;28663.5;28649;28661.25;73
20260611 021100;28661;28661.5;28638.25;28642;126
20260611 021200;28640.25;28644.25;28637;28641;99
20260611 021300;28642.25;28649;28631.5;28634.25;167
20260611 021400;28634;28641.75;28627;28630.75;179
20260611 021500;28630.25;28633.75;28621.75;28624.25;188
20260611 021600;28624.75;28628.25;28619;28622.25;78
20260611 021700;28621.25;28629;28616.25;28627.5;124
20260611 021800;28626.75;28635;28622;28623.75;109
20260611 021900;28624.75;28646;28624;28628;144
20260611 022000;28627.75;28636.25;28617.25;28624.75;116
20260611 022100;28626.25;28630.5;28619.25;28625;112
20260611 022200;28623.5;28623.5;28598;28599.25;208
20260611 022300;28599.25;28599.25;28579.75;28586.5;274
20260611 022400;28585.5;28600;28575.75;28576.25;260
20260611 022500;28579.25;28583.5;28570.25;28578.5;242
20260611 022600;28576.75;28580.25;28562;28564.75;157
20260611 022700;28564.25;28584.75;28558.5;28583.25;261
20260611 022800;28578.25;28589.25;28569.5;28571.75;160
20260611 022900;28570.5;28573;28559.5;28560.5;125
20260611 023000;28558.25;28563.5;28550.25;28559;195
20260611 023100;28557.75;28574;28556.75;28565.25;107
20260611 023200;28566;28566.25;28546.5;28554.75;219
20260611 023300;28556.25;28568;28554.75;28564.25;172
20260611 023400;28566;28582;28559.5;28560.5;157
20260611 023500;28558.5;28562.25;28531.25;28549.5;323
20260611 023600;28548;28562.75;28544.5;28559;172
20260611 023700;28559.75;28570.5;28554.75;28566.5;159
20260611 023800;28565;28571.75;28562;28563.75;99
20260611 023900;28563.5;28584.75;28555;28580.75;172
20260611 024000;28578.5;28587;28571;28579.25;183
20260611 024100;28578.75;28596.25;28576.5;28583.25;203
20260611 024200;28582.75;28595;28581.75;28593.5;117
20260611 024300;28592.25;28603.25;28585;28592.5;139
20260611 024400;28590.75;28598.75;28585.75;28585.75;76
20260611 024500;28586.75;28587;28568;28572;135
20260611 024600;28573;28584.25;28563.25;28584.25;138
20260611 024700;28584.25;28592;28581;28586.75;78
20260611 024800;28588.5;28595;28583;28583;103
20260611 024900;28582.25;28594.5;28580.5;28593.5;99
20260611 025000;28592.5;28592.5;28581;28590.5;49
20260611 025100;28593;28604;28593;28595;122
20260611 025200;28594.5;28600.5;28573;28583.25;140
20260611 025300;28584;28591;28576;28591;81
20260611 025400;28590.75;28595.75;28584.5;28586.5;65
20260611 025500;28588.75;28596;28585.5;28590.75;31
20260611 025600;28593.25;28608.75;28591.5;28608.25;174
20260611 025700;28607.25;28627;28607;28623;482
20260611 025800;28622.75;28642.75;28621.75;28639.5;171
20260611 025900;28638.5;28648;28636.75;28646.75;210
20260611 030000;28645.5;28647.75;28634.25;28636.75;112
20260611 030100;28636;28663.25;28636;28660.75;253
20260611 030200;28658.5;28677.5;28649.5;28654;193
20260611 030300;28652.75;28655.75;28640.5;28655;105
20260611 030400;28655.5;28661.5;28648.25;28652.5;133
20260611 030500;28653;28658.25;28646;28658.25;93
20260611 030600;28659;28663.5;28650.5;28655.5;117
20260611 030700;28653.75;28653.75;28629.5;28635.5;236
20260611 030800;28635.5;28643;28622.5;28635.5;163
20260611 030900;28636.5;28644.25;28629.5;28638;97
20260611 031000;28638.5;28645;28635.75;28635.75;65
20260611 031100;28635;28641.25;28615.25;28626.25;122
20260611 031200;28626.25;28626.5;28604.75;28609.75;122
20260611 031300;28606.75;28613;28593.5;28596.25;98
20260611 031400;28594.75;28607.5;28588.5;28604.25;116
20260611 031500;28603.75;28608;28600.25;28608;29
20260611 031600;28605;28621.75;28600.5;28618;119
20260611 031700;28621;28626.75;28611;28611;70
20260611 031800;28609.5;28617.25;28601.25;28607.75;109
20260611 031900;28612.5;28612.5;28599.25;28604;26
20260611 032000;28601.5;28606.25;28592;28593.75;77
20260611 032100;28594.25;28594.25;28581.25;28582.5;151
20260611 032200;28584;28596.75;28581.5;28590.5;101
20260611 032300;28591;28602.5;28591;28596.5;55
20260611 032400;28595.5;28604;28595;28596;52
20260611 032500;28597.5;28618.75;28596.25;28615.5;92
20260611 032600;28616;28617.25;28603.25;28612.75;78
20260611 032700;28611;28615.5;28597;28601.75;69
20260611 032800;28602;28606;28594.5;28599.5;57
20260611 032900;28597.5;28605;28596.5;28605;20
20260611 033000;28607.75;28621.75;28606.75;28621.5;103
20260611 033100;28621.25;28629;28618.25;28628.75;100
20260611 033200;28626.75;28644;28620;28639.5;219
20260611 033300;28638.25;28661;28634.25;28641.25;328
20260611 033400;28640.25;28665.75;28639.25;28662;112
20260611 033500;28662;28668.5;28660;28663.5;92
20260611 033600;28662;28668.5;28657.5;28662.5;74
20260611 033700;28660.75;28667.75;28643.75;28646.75;96
20260611 033800;28647.75;28663.25;28647.75;28659.5;111
20260611 033900;28659;28662.25;28651.5;28662.25;44
20260611 034000;28660.25;28674;28660.25;28672.5;121
20260611 034100;28673.25;28686.25;28673.25;28680.25;207
20260611 034200;28678;28688.5;28673.25;28679.5;116
20260611 034300;28678.5;28685;28671.75;28683.25;131
20260611 034400;28683.5;28684.5;28673;28681;93
20260611 034500;28681.25;28688.5;28681.25;28685.25;82
20260611 034600;28688;28693;28677;28681.5;89
20260611 034700;28681.5;28682.5;28671;28677.25;62
20260611 034800;28681;28686.75;28679;28686;39
20260611 034900;28685.5;28686.75;28681.75;28684.75;29
20260611 035000;28686.5;28693.75;28679;28682;84
20260611 035100;28685.5;28705;28685;28702.75;137
20260611 035200;28700;28711.5;28699;28704.25;131
20260611 035300;28705;28710;28701;28710;51
20260611 035400;28711;28743.5;28710.25;28720.5;484
20260611 035500;28718.5;28724.5;28711.5;28719;108
20260611 035600;28718.5;28726;28715.5;28720.25;75
20260611 035700;28718.25;28731.75;28713;28725.25;109
20260611 035800;28724.25;28733;28724;28733;66
20260611 035900;28734.5;28739.25;28733.25;28734.5;97
20260611 040000;28735.75;28745.75;28731.75;28738.75;231
20260611 040100;28741.25;28744.5;28733.25;28739;71
20260611 040200;28740.75;28744;28729.25;28736.25;104
20260611 040300;28736.5;28737.25;28729.25;28729.25;73
20260611 040400;28728.5;28733.25;28720.5;28723.25;111
20260611 040500;28725;28729;28718;28718.75;69
20260611 040600;28718.75;28723.25;28714.75;28721.25;66
20260611 040700;28720.5;28737.5;28720.5;28737.5;122
20260611 040800;28736;28738.5;28731;28738.5;74
20260611 040900;28739.5;28739.5;28726.5;28726.5;43
20260611 041000;28726.75;28730;28720.5;28730;40
20260611 041100;28730.75;28731;28717.5;28720;71
20260611 041200;28721.25;28729;28721.25;28726.5;43
20260611 041300;28726.25;28731.25;28721;28728.75;61
20260611 041400;28727.25;28730;28716.75;28718.75;68
20260611 041500;28719;28723.75;28719;28723.25;25
20260611 041600;28722.75;28726.5;28722;28725.75;66
20260611 041700;28723.5;28723.5;28710.25;28714.25;74
20260611 041800;28712.25;28716;28704.75;28713;75
20260611 041900;28709.75;28717;28707.25;28711.25;45
20260611 042000;28712.5;28727.25;28712.5;28725.75;87
20260611 042100;28726.25;28754;28718.75;28750.75;259
20260611 042200;28749;28758;28736.25;28740.75;247
20260611 042300;28740.75;28740.75;28723.25;28725.75;127
20260611 042400;28726.75;28735.5;28725;28727.25;81
20260611 042500;28729.25;28733;28721;28730.75;35
20260611 042600;28727.25;28743;28727.25;28741;76
20260611 042700;28741.25;28756.5;28741.25;28751.75;168
20260611 042800;28750.75;28750.75;28730.5;28733.25;128
20260611 042900;28733.25;28736.5;28729;28730.5;60
20260611 043000;28735;28749;28735;28742;123
20260611 043100;28743.75;28760;28743.75;28750.75;180
20260611 043200;28747.5;28752.5;28746;28749.75;45
20260611 043300;28748.5;28752;28742.25;28751.25;61
20260611 043400;28752;28755.5;28745;28749;65
20260611 043500;28747.75;28750.5;28735.25;28735.25;62
20260611 043600;28734.25;28736.75;28732;28736.25;39
20260611 043700;28734.75;28762;28732.25;28760.25;133
20260611 043800;28759.75;28771.75;28755.25;28760.75;402
20260611 043900;28760.5;28775.5;28760.5;28773.25;137
20260611 044000;28772.75;28775.5;28770.75;28773.5;87
20260611 044100;28775;28783;28764.5;28770;330
20260611 044200;28769.75;28778.5;28769.75;28777.5;91
20260611 044300;28777;28788.5;28776.25;28784;153
20260611 044400;28784.5;28791.75;28780.75;28791.75;142
20260611 044500;28789.5;28803;28789.5;28790.5;213
20260611 044600;28793;28802;28791.25;28799.5;77
20260611 044700;28796.75;28799;28790.75;28797.5;70
20260611 044800;28796.75;28800.25;28792;28799.25;65
20260611 044900;28799;28799;28779;28785;146
20260611 045000;28784;28786.75;28777.25;28780;67
20260611 045100;28780.5;28784.75;28772.25;28782;83
20260611 045200;28781.5;28781.5;28760;28765;194
20260611 045300;28764;28770;28764;28765.5;38
20260611 045400;28768.75;28781.25;28768.75;28776.5;287
20260611 045500;28776.75;28781.25;28770.5;28779.25;50
20260611 045600;28782;28784.25;28771.75;28773;56
20260611 045700;28772;28776.5;28769;28773.75;80
20260611 045800;28770.5;28772;28764.75;28769.25;88
20260611 045900;28769.5;28773;28769.5;28772.25;35
20260611 050000;28769.5;28777.75;28768.25;28776.5;78
20260611 050100;28776.5;28782;28749.25;28754.25;243
20260611 050200;28754.5;28757;28727.75;28745.75;258
20260611 050300;28748.5;28766.75;28739.25;28747.75;465
20260611 050400;28747;28753;28740;28742.5;128
20260611 050500;28743.5;28746.75;28738.75;28743.5;66
20260611 050600;28743;28743;28732;28741.5;85
20260611 050700;28738.25;28738.25;28717.25;28720.75;166
20260611 050800;28720;28732;28720;28724.25;98
20260611 050900;28725.5;28738;28722.75;28737.75;70
20260611 051000;28738.25;28742.5;28731;28742;71
20260611 051100;28740.5;28743.75;28724.75;28726;152
20260611 051200;28723.75;28729;28720.5;28723.5;81
20260611 051300;28724.5;28732.75;28722.25;28732.75;45
20260611 051400;28734.25;28735.75;28727.5;28727.75;31
20260611 051500;28733;28735.75;28727.5;28728.75;26
20260611 051600;28729;28732.25;28715;28730;97
20260611 051700;28731.5;28750;28730;28734.25;214
20260611 051800;28733.75;28734.75;28724.5;28732;104
20260611 051900;28731;28732.5;28723.25;28725.5;64
20260611 052000;28723.5;28728.25;28722;28728.25;34
20260611 052100;28727.5;28740;28727.5;28737.75;81
20260611 052200;28738.75;28743.25;28732;28739;72
20260611 052300;28739.25;28742.5;28736.75;28737;29
20260611 052400;28736.25;28738.75;28729;28736.75;31
20260611 052500;28734.25;28742.75;28734.25;28737.25;73
20260611 052600;28735;28737.75;28722.5;28730.75;103
20260611 052700;28729.5;28740.75;28729.5;28732.5;38
20260611 052800;28733.5;28735.75;28722.75;28723;38
20260611 052900;28721.75;28725.5;28713.75;28720.25;94
20260611 053000;28719.75;28738.5;28719.75;28734;107
20260611 053100;28733.5;28743.25;28730;28732.75;80
20260611 053200;28730.5;28732;28712;28717.25;165
20260611 053300;28717.25;28735;28716;28733.25;91
20260611 053400;28734;28745;28728.5;28732.75;141
20260611 053500;28734;28741.75;28734;28738.5;72
20260611 053600;28740;28744.25;28737;28739;65
20260611 053700;28737;28746;28733.75;28743.5;48
20260611 053800;28744;28747.5;28733.25;28734.75;86
20260611 053900;28735;28747.75;28735;28744;87
20260611 054000;28743.75;28743.75;28726.25;28740.25;152
20260611 054100;28739.75;28751;28739.75;28750;197
20260611 054200;28749.75;28751;28741;28741.75;107
20260611 054300;28744.25;28744.25;28732.75;28735.5;54
20260611 054400;28738;28750;28738;28749.25;205
20260611 054500;28747.5;28749.25;28741.25;28743.75;59
20260611 054600;28742.5;28744;28733.25;28736.25;124
20260611 054700;28734;28738;28731.25;28738;47
20260611 054800;28737.5;28739.5;28729.75;28737;61
20260611 054900;28738;28745.25;28735.5;28743.5;44
20260611 055000;28745.5;28750;28737;28739.75;127
20260611 055100;28738.25;28738.5;28730.75;28736.5;71
20260611 055200;28737;28749.5;28736.5;28741.75;199
20260611 055300;28741.5;28745;28730.75;28732.75;97
20260611 055400;28731.75;28744.75;28730;28742;82
20260611 055500;28740.25;28745.5;28731.75;28732.5;98
20260611 055600;28732.25;28744.5;28726.5;28734.75;118
20260611 055700;28737;28745;28737;28740.75;63
20260611 055800;28741.25;28748.5;28732;28748.5;89
20260611 055900;28748.5;28756;28745.25;28745.75;109
20260611 060000;28744;28750.5;28736.75;28746.5;76
20260611 060100;28746;28748;28722;28741.5;223
20260611 060200;28741.75;28743.25;28727.5;28735.5;102
20260611 060300;28733.25;28734.75;28720.25;28727.75;135
20260611 060400;28727.75;28747;28727.75;28743.5;188
20260611 060500;28740.75;28743.25;28719;28720;310
20260611 060600;28718.5;28734;28708.25;28724;496
20260611 060700;28723.75;28724;28685.5;28694.75;602
20260611 060800;28696.25;28699.5;28688.25;28699.25;152
20260611 060900;28699;28717.25;28698;28702.5;219
20260611 061000;28703.25;28713;28693;28706.25;222
20260611 061100;28707.75;28726.25;28704.5;28723.25;240
20260611 061200;28722.5;28727;28707;28720.25;304
20260611 061300;28721.25;28745;28719.25;28741.75;314
20260611 061400;28743.75;28746.75;28727.5;28736.25;173
20260611 061500;28734.75;28762.75;28734.75;28746;289
20260611 061600;28748.5;28758.5;28746.75;28753.75;223
20260611 061700;28753;28766.75;28753;28762;163
20260611 061800;28764.75;28770.75;28761.75;28762;132
20260611 061900;28762.5;28767;28758.75;28767;119
20260611 062000;28766;28768.5;28748.25;28750.75;115
20260611 062100;28751.75;28764.25;28749.5;28762.75;106
20260611 062200;28763.75;28774;28760;28773.25;99
20260611 062300;28771;28773;28753.25;28753.25;104
20260611 062400;28753.25;28756.25;28743.5;28746.5;110
20260611 062500;28745;28755;28743;28751;205
20260611 062600;28752.75;28766.25;28751.5;28759;149
20260611 062700;28756.5;28757.25;28746.75;28749.25;51
20260611 062800;28748.5;28756.5;28748;28755.25;45
20260611 062900;28754;28760;28746.25;28754.5;133
20260611 063000;28754;28755;28745.75;28749.5;113
20260611 063100;28751;28755;28745.75;28749.5;83
20260611 063200;28747.75;28748.5;28734;28747;157
20260611 063300;28741.75;28744.25;28728.75;28733.5;156
20260611 063400;28731.75;28742.25;28728.25;28739.25;69
20260611 063500;28736;28736.5;28728;28729.25;88
20260611 063600;28731.5;28735.25;28728.25;28735.25;52
20260611 063700;28736.25;28754.5;28736.25;28750.75;145
20260611 063800;28752.5;28765.75;28747.25;28764.75;101
20260611 063900;28765.5;28770;28762.5;28764.75;129
20260611 064000;28764;28768.5;28758;28764;115
20260611 064100;28764.5;28778.25;28764.5;28770;302
20260611 064200;28771.25;28774;28762.75;28769.25;145
20260611 064300;28768.5;28773.5;28768;28770.75;45
20260611 064400;28769.75;28773;28762.75;28765.5;53
20260611 064500;28763;28763.75;28757.25;28762.75;80
20260611 064600;28763.75;28779.5;28761.5;28767.5;178
20260611 064700;28766.25;28766.25;28755.25;28759.25;87
20260611 064800;28760;28762.75;28755.75;28758;54
20260611 064900;28756.25;28775.25;28755.5;28775.25;129
20260611 065000;28770.25;28773;28765.25;28768.75;51
20260611 065100;28768;28770.75;28764.25;28764.75;183
20260611 065200;28765.75;28770.25;28764.25;28765;78
20260611 065300;28770.25;28773.75;28768.25;28773.75;47
20260611 065400;28773.25;28788.75;28771;28785.25;110
20260611 065500;28783.5;28787;28772.25;28783.25;66
20260611 065600;28782.25;28783.25;28778;28781;79
20260611 065700;28781.75;28787.25;28779.5;28781.5;62
20260611 065800;28782.75;28793;28781.25;28789.25;58
20260611 065900;28789.75;28790.5;28785;28785.25;34
20260611 070000;28784.75;28797.5;28783.75;28792;129
20260611 070100;28791.75;28813.75;28786.75;28803.5;405
20260611 070200;28803.5;28819.5;28797.25;28804;292
20260611 070300;28801.5;28812.75;28799.75;28801;92
20260611 070400;28800;28810.75;28792;28803.5;147
20260611 070500;28803;28809.5;28801.25;28803.25;183
20260611 070600;28805.75;28805.75;28791.25;28793.75;124
20260611 070700;28792;28796.25;28778.5;28782;239
20260611 070800;28780;28783.5;28768.5;28779.75;124
20260611 070900;28781;28791.25;28778.5;28784.75;63
20260611 071000;28788.75;28799.5;28785.25;28799;90
20260611 071100;28799.75;28807.5;28797.25;28806;106
20260611 071200;28804;28805.5;28790.5;28790.5;86
20260611 071300;28789;28795.5;28781.25;28781.25;81
20260611 071400;28781.75;28786.25;28764;28784.25;311
20260611 071500;28784.5;28794.25;28782.5;28789.25;174
20260611 071600;28786.5;28802.5;28781;28800.25;156
20260611 071700;28800.5;28817.75;28796.75;28809.75;212
20260611 071800;28810.5;28816;28799;28813.5;122
20260611 071900;28813.75;28826.75;28811.5;28824.25;145
20260611 072000;28821.25;28825;28809.5;28817.5;234
20260611 072100;28818;28828;28815.75;28827;107
20260611 072200;28826.75;28850;28826;28844.75;624
20260611 072300;28844.5;28853;28844.25;28849.5;144
20260611 072400;28848.5;28859;28841.5;28855.75;273
20260611 072500;28855.5;28868.5;28851.75;28868.5;379
20260611 072600;28866.5;28866.5;28835.5;28838.5;425
20260611 072700;28838.5;28843.5;28830.25;28832;259
20260611 072800;28830;28838;28827;28829.25;120
20260611 072900;28828.25;28843.5;28828;28839;191
20260611 073000;28839.25;28850;28837.75;28849.75;112
20260611 073100;28848.25;28862.75;28847.75;28855.25;183
20260611 073200;28854.75;28855.75;28840.25;28848.25;136
20260611 073300;28847.25;28853.5;28844.5;28851;91
20260611 073400;28852;28852.5;28847.75;28848.25;57
20260611 073500;28848.5;28853;28845.5;28848.5;60
20260611 073600;28848;28860.25;28848;28855;85
20260611 073700;28852.5;28859;28849.5;28854.75;96
20260611 073800;28853.75;28867;28848.75;28856.75;206
20260611 073900;28855.75;28860.5;28854.25;28859.75;63
20260611 074000;28858;28861.5;28846;28848.5;93
20260611 074100;28847.75;28848;28836.25;28839.25;87
20260611 074200;28838.75;28850.25;28837;28848;124
20260611 074300;28849.5;28856;28849.5;28854.25;75
20260611 074400;28854;28860;28853.25;28854.75;90
20260611 074500;28854.25;28864.75;28850.25;28860.75;122
20260611 074600;28860.25;28865.5;28854.75;28854.75;135
20260611 074700;28856;28859.5;28850;28858;63
20260611 074800;28856;28859.25;28850;28856;48
20260611 074900;28853;28854;28844.5;28847.25;59
20260611 075000;28845.75;28845.75;28838.25;28839.75;105
20260611 075100;28841.25;28842.75;28833.5;28837.25;65
20260611 075200;28837.25;28841.5;28832;28835.25;90
20260611 075300;28834.25;28846.25;28833.5;28842.25;89
20260611 075400;28841.75;28853.25;28839.25;28839.25;71
20260611 075500;28837.5;28843;28835.25;28841;20
20260611 075600;28840.75;28843;28835;28837.5;41
20260611 075700;28837;28844;28837;28838;32
20260611 075800;28838;28845.5;28838;28844;69
20260611 075900;28845.5;28847.25;28841.75;28843.75;38
20260611 080000;28844.75;28847.25;28838.75;28844.25;126
20260611 080100;28845;28877.5;28839.25;28871;382
20260611 080200;28871.75;28878.5;28864.25;28878.5;228
20260611 080300;28878.5;28899.25;28873;28892.25;464
20260611 080400;28891.25;28918;28884.75;28889.25;449
20260611 080500;28889;28891.25;28869.25;28869.25;250
20260611 080600;28870;28876.75;28866;28874.25;158
20260611 080700;28874;28889.25;28872.75;28889.25;144
20260611 080800;28889.25;28897.25;28886.75;28895.75;125
20260611 080900;28896.25;28906;28889.5;28904.5;127
20260611 081000;28906;28918;28901.25;28914;369
20260611 081100;28913.75;28915;28903.75;28906.75;257
20260611 081200;28906.5;28918;28903.5;28912.25;216
20260611 081300;28913.25;28923;28911.5;28919.25;181
20260611 081400;28919.25;28927.25;28916;28921.25;195
20260611 081500;28921.25;28922.75;28902.25;28916.25;251
20260611 081600;28914.75;28915.5;28897.5;28900;166
20260611 081700;28901.25;28903;28888.75;28898;119
20260611 081800;28895.75;28905.5;28893.75;28901.25;144
20260611 081900;28902.5;28916;28897.75;28909.75;247
20260611 082000;28909.75;28918.75;28903.25;28915;205
20260611 082100;28913.25;28915;28890.5;28899.75;199
20260611 082200;28900.25;28907.5;28896.5;28898.25;108
20260611 082300;28899.25;28908;28897;28905.5;91
20260611 082400;28906;28922.75;28906;28920.5;196
20260611 082500;28920.75;28921;28915.25;28917.25;93
20260611 082600;28919;28926;28918.5;28924.25;47
20260611 082700;28923.75;28933.5;28923.75;28933.25;138
20260611 082800;28931.5;28931.5;28914.25;28915.5;132
20260611 082900;28913;28920.75;28911;28913.25;90
20260611 083000;28914.75;28916.25;28898;28907.25;153
20260611 083100;28905.5;28911;28895.25;28908.25;130
20260611 083200;28906.25;28907.5;28901.25;28904;55
20260611 083300;28903.5;28904.75;28895.5;28902.75;57
20260611 083400;28903.75;28912.75;28900.75;28907.75;71
20260611 083500;28906.25;28919.75;28903.5;28914.75;162
20260611 083600;28915;28926.25;28911.25;28925.25;516
20260611 083700;28925;28932.5;28921.25;28932.5;160
20260611 083800;28933.25;28936;28915.75;28916.75;142
20260611 083900;28916.5;28921.25;28915;28917.75;54
20260611 084000;28915.25;28920.75;28909.75;28920.75;123
20260611 084100;28918.75;28924;28917.25;28920.75;135
20260611 084200;28918.5;28918.5;28905.25;28913.75;108
20260611 084300;28914;28916.75;28907.75;28911;50
20260611 084400;28911;28925;28911;28912.75;96
20260611 084500;28910.25;28913;28908;28912.5;79
20260611 084600;28915.75;28916.75;28909.25;28910.25;26
20260611 084700;28910.5;28915.25;28909.5;28914.5;38
20260611 084800;28912;28914;28900.5;28910.25;100
20260611 084900;28909.25;28920;28906.25;28908.75;153
20260611 085000;28907.5;28907.5;28896.5;28896.5;157
20260611 085100;28898.5;28903.5;28895;28901.75;74
20260611 085200;28903.25;28906.5;28897.75;28900;75
20260611 085300;28902;28915.25;28902;28907.25;56
20260611 085400;28906.5;28907.75;28889.25;28890.5;149
20260611 085500;28890.75;28901.75;28890.25;28901;132
20260611 085600;28899.5;28905.75;28899;28902.25;46
20260611 085700;28901.5;28904.25;28900.25;28900.25;37
20260611 085800;28899.75;28906.25;28898;28906.25;41
20260611 085900;28909.25;28913.25;28906;28906;66
20260611 090000;28905.25;28914.5;28905;28910.75;56
20260611 090100;28909;28919.5;28908;28917.25;94
20260611 090200;28917.25;28922;28907.75;28914.25;111
20260611 090300;28911.75;28920.75;28910;28918.75;54
20260611 090400;28918;28921;28908.75;28908.75;46
20260611 090500;28911;28915.25;28908.25;28914;65
20260611 090600;28913.75;28917.75;28903.5;28906;62
20260611 090700;28906.75;28914.75;28902.5;28903.5;95
20260611 090800;28905.75;28910.75;28896.5;28899.5;212
20260611 090900;28897.75;28900.5;28886.75;28894.75;228
20260611 091000;28895.25;28895.5;28884.25;28885.75;124
20260611 091100;28887.25;28892.25;28877.25;28880.75;265
20260611 091200;28880.75;28881.75;28873.75;28876.25;223
20260611 091300;28877.75;28883.25;28874.25;28883.25;140
20260611 091400;28882;28886;28872.75;28872.75;149
20260611 091500;28874;28884.25;28872.75;28883;174
20260611 091600;28881;28889.75;28877.75;28880.25;102
20260611 091700;28879.75;28880.5;28870.25;28873.75;122
20260611 091800;28874;28876;28869;28874.5;117
20260611 091900;28876;28890.75;28875.75;28880.75;184
20260611 092000;28881.75;28890.75;28880.5;28883.5;104
20260611 092100;28882.75;28887.25;28877.5;28879;110
20260611 092200;28878.75;28879;28861.25;28863.25;144
20260611 092300;28864.5;28867.25;28859.75;28867.25;131
20260611 092400;28866.75;28874;28864.5;28874;71
20260611 092500;28874;28876;28867.25;28873;73
20260611 092600;28872.25;28875.25;28868;28868.75;45
20260611 092700;28870.5;28871;28866.75;28867.25;24
20260611 092800;28867.25;28878;28861;28868.5;147
20260611 092900;28867.25;28880;28867.25;28879.75;74
20260611 093000;28879;28887;28873;28874.5;136
20260611 093100;28872.75;28877;28869;28869.75;46
20260611 093200;28869;28871.25;28859;28859;118
20260611 093300;28859;28868;28858;28863.75;71
20260611 093400;28866.5;28869;28863;28867.75;23
20260611 093500;28868.25;28874;28867;28871.25;44
20260611 093600;28874;28880.5;28874;28875.5;44
20260611 093700;28873;28874.75;28866;28869;42
20260611 093800;28865.25;28876;28864;28876;66
20260611 093900;28874;28877;28872.25;28875;66
20260611 094000;28874.5;28882.5;28870;28879.25;62
20260611 094100;28881.75;28886;28880;28885.5;187
20260611 094200;28886;28886;28878.75;28878.75;74
20260611 094300;28880;28894.25;28876;28893.5;128
20260611 094400;28893.25;28894;28884.5;28888.25;97
20260611 094500;28888;28890;28881;28883.25;37
20260611 094600;28883.25;28890.5;28880.75;28890.5;49
20260611 094700;28890.25;28898;28888;28896.5;102
20260611 094800;28898;28907.5;28896.5;28899.75;209
20260611 094900;28899.75;28903;28886.25;28886.5;112
20260611 095000;28886;28888.75;28876.25;28888.5;107
20260611 095100;28889.25;28895;28881;28881.5;78
20260611 095200;28880.75;28885.25;28876.75;28880.25;54
20260611 095300;28879.75;28885.5;28879.25;28882.75;25
20260611 095400;28881;28884.25;28879;28883;25
20260611 095500;28882;28886.25;28881;28884;44
20260611 095600;28885.25;28896.75;28883.25;28893.75;68
20260611 095700;28895.25;28897;28888;28888;99
20260611 095800;28888.25;28888.25;28876.75;28877.75;65
20260611 095900;28878.25;28881.25;28877.5;28880.5;32
20260611 100000;28883.5;28883.5;28878.25;28878.25;25
20260611 100100;28877.5;28890.25;28875.25;28885.75;57
20260611 100200;28887.5;28901;28884;28898.75;93
20260611 100300;28898;28908;28897;28897.5;182
20260611 100400;28898.75;28900.75;28887.25;28889.5;138
20260611 100500;28891.75;28896.75;28880.75;28896.75;101
20260611 100600;28897.75;28906;28897.25;28905.25;135
20260611 100700;28906.25;28909.75;28901.25;28907;140
20260611 100800;28907;28917;28900.5;28905;123
20260611 100900;28903.5;28909;28898.25;28901.75;84
20260611 101000;28902;28908.75;28900;28900;48
20260611 101100;28900.5;28901.75;28886.75;28887.5;139
20260611 101200;28887.5;28909.25;28883.25;28907.5;88
20260611 101300;28907.5;28910.5;28899;28899.75;77
20260611 101400;28903.25;28905;28897.5;28897.5;20
20260611 101500;28897.75;28898.75;28895;28896.5;33
20260611 101600;28897.75;28903.5;28897.75;28901.75;39
20260611 101700;28902.75;28903.25;28894.5;28894.5;66
20260611 101800;28895.25;28896.5;28891;28891;8
20260611 101900;28890.75;28891;28887.5;28889.25;39
20260611 102000;28888;28888;28876.75;28881;118
20260611 102100;28882;28889;28881.25;28889;65
20260611 102200;28889;28891.25;28884.5;28884.75;47
20260611 102300;28883.75;28894.25;28883.75;28892.75;44
20260611 102400;28891.5;28897.25;28889.5;28897.25;33
20260611 102500;28900;28900.25;28894.75;28896.5;39
20260611 102600;28896.5;28897.5;28882;28885.75;75
20260611 102700;28886;28888;28873.5;28876.75;187
20260611 102800;28877.5;28890.75;28877.5;28888.75;82
20260611 102900;28888.5;28888.5;28882;28884;74
20260611 103000;28884;28889.5;28876.5;28876.5;96
20260611 103100;28877.5;28892.5;28877.5;28892.5;53
20260611 103200;28892.5;28902.25;28890;28893.75;126
20260611 103300;28894;28902.5;28894;28899.5;93
20260611 103400;28899.25;28904;28898.5;28901.5;101
20260611 103500;28904;28914.5;28902;28912.5;195
20260611 103600;28912;28913.5;28893.5;28895.25;145
20260611 103700;28894.25;28902.5;28894.25;28895.25;37
20260611 103800;28893.5;28899.75;28891.5;28899.5;42
20260611 103900;28898;28899.25;28893.75;28896;22
20260611 104000;28893.25;28896.75;28891.5;28893.25;102
20260611 104100;28893;28896.5;28892.5;28894.75;21
20260611 104200;28892.75;28901.75;28892.75;28895.25;136
20260611 104300;28895.75;28896.25;28890;28890.25;90
20260611 104400;28889.25;28891.75;28885.5;28886;72
20260611 104500;28885.75;28894.5;28885.5;28892.25;106
20260611 104600;28891.25;28894;28889;28891.5;20
20260611 104700;28890;28890.75;28885.75;28887;43
20260611 104800;28885;28891.25;28882.5;28888.25;72
20260611 104900;28889.5;28890.25;28884.5;28885.75;53
20260611 105000;28885;28892;28884.5;28891.75;24
20260611 105100;28890.75;28898.25;28889;28896.25;74
20260611 105200;28897;28905;28897;28902.25;62
20260611 105300;28901.25;28903.5;28893.5;28896.25;53
20260611 105400;28896.5;28901.25;28895;28898;25
20260611 105500;28897.25;28900.75;28895;28895.75;45
20260611 105600;28895.25;28898;28895.25;28896.5;63
20260611 105700;28895.5;28896.5;28891.75;28891.75;50
20260611 105800;28891;28892;28881.75;28884.25;83
20260611 105900;28884.5;28887.75;28877.25;28878.5;106
20260611 110000;28879;28888;28875.75;28877.75;199
20260611 110100;28878;28878.75;28859.5;28861.5;394
20260611 110200;28861.75;28864.75;28849.75;28852.75;301
20260611 110300;28853.75;28864.5;28850;28859.5;256
20260611 110400;28860.25;28862.75;28852;28854;117
20260611 110500;28854.75;28862.5;28847.5;28849;124
20260611 110600;28849.25;28854;28837.75;28838.25;320
20260611 110700;28839.5;28851.75;28834.75;28848.75;249
20260611 110800;28848.25;28862;28844.25;28854;170
20260611 110900;28854.25;28854.75;28821.25;28832.5;389
20260611 111000;28833;28836.25;28812.5;28813.5;196
20260611 111100;28815.5;28836;28814.5;28835.25;180
20260611 111200;28835.5;28844.25;28831.75;28839.25;88
20260611 111300;28839.25;28842;28830.75;28839.25;115
20260611 111400;28840;28845;28835.5;28837.5;87
20260611 111500;28836.75;28843.25;28835;28840;55
20260611 111600;28840.5;28847.75;28836;28843;140
20260611 111700;28842.75;28848;28833.75;28838.5;180
20260611 111800;28840;28846.5;28839.5;28845.75;60
20260611 111900;28845.75;28847.5;28835;28836;69
20260611 112000;28835.75;28842;28835.5;28842;66
20260611 112100;28843;28845.5;28832.25;28839;185
20260611 112200;28836.75;28839.5;28830.25;28834;114
20260611 112300;28835;28844.75;28832.25;28841;95
20260611 112400;28839;28841;28831.25;28835;79
20260611 112500;28834;28839.75;28830;28832.75;68
20260611 112600;28833;28837;28827.5;28827.75;101
20260611 112700;28828.5;28831.25;28821.75;28824;93
20260611 112800;28823.5;28844.25;28821.25;28842.25;138
20260611 112900;28841.5;28859.5;28840.5;28857.75;215
20260611 113000;28859;28869.25;28843.5;28854.25;358
20260611 113100;28852.75;28886.75;28848.5;28874;675
20260611 113200;28874.75;28894;28867.5;28891.25;330
20260611 113300;28889.25;28895.5;28884.25;28890;208
20260611 113400;28883.5;28886.75;28873.5;28874.75;132
20260611 113500;28873.75;28881.75;28873;28878.75;65
20260611 113600;28879.75;28884.75;28872.75;28880.5;121
20260611 113700;28879.75;28895.75;28877.5;28890;119
20260611 113800;28891.25;28904.75;28887.75;28887.75;351
20260611 113900;28889;28890.75;28869.75;28878.75;303
20260611 114000;28878;28886.25;28871.75;28876.25;174
20260611 114100;28877.25;28879.5;28871.5;28872.25;89
20260611 114200;28873.5;28876;28860.25;28868;156
20260611 114300;28867.5;28882.5;28863.5;28882.5;88
20260611 114400;28881;28893.25;28879.25;28892.25;104
20260611 114500;28892.75;28894.5;28884.25;28886.5;103
20260611 114600;28886.5;28891.5;28884;28885;40
20260611 114700;28884.25;28890;28883;28890;31
20260611 114800;28890;28895;28882;28891;81
20260611 114900;28890.75;28894.75;28887.5;28894.25;68
20260611 115000;28894.25;28899;28891;28894.5;73
20260611 115100;28893.25;28895;28885.75;28888.75;131
20260611 115200;28888.25;28896.75;28880.25;28895;90
20260611 115300;28894.5;28901.5;28892;28901.5;83
20260611 115400;28901.25;28905;28898;28902.5;164
20260611 115500;28901.75;28904.75;28899;28900.25;67
20260611 115600;28900;28903.5;28898.5;28899.75;87
20260611 115700;28900.5;28900.5;28891.5;28894.5;75
20260611 115800;28894.25;28904.5;28893.5;28899.5;83
20260611 115900;28896.25;28905;28894.5;28905;122
20260611 120000;28903.75;28909.25;28897.5;28901;180
20260611 120100;28900.25;28907.25;28897;28899.5;150
20260611 120200;28898.75;28912;28898.25;28907.75;123
20260611 120300;28906.5;28915;28903.5;28912.25;225
20260611 120400;28911.25;28911.75;28902.5;28908.75;112
20260611 120500;28908.25;28914;28906.5;28909.25;68
20260611 120600;28909.25;28910.25;28903;28905.25;48
20260611 120700;28904.25;28905.75;28895;28897;199
20260611 120800;28897;28897.5;28892.25;28897.25;94
20260611 120900;28897.75;28907.5;28887.75;28905;297
20260611 121000;28906.5;28909.25;28902;28903.25;95
20260611 121100;28902;28903;28886;28889;97
20260611 121200;28888.75;28892.75;28885.5;28892.75;55
20260611 121300;28892.25;28898;28891;28894.5;67
20260611 121400;28894;28899;28893.25;28896.25;45
20260611 121500;28895.5;28897.25;28892.75;28897.25;28
20260611 121600;28899.75;28900;28883.5;28889;130
20260611 121700;28891.25;28891.75;28885;28887;101
20260611 121800;28885.75;28897;28876.25;28876.25;227
20260611 121900;28876.75;28885;28875;28885;182
20260611 122000;28884.75;28884.75;28868.5;28873.5;179
20260611 122100;28872;28877;28865.75;28868.75;226
20260611 122200;28870.25;28875.75;28853.5;28862;281
20260611 122300;28864.5;28867;28739;28763.5;3247
20260611 122400;28766.5;28773.75;28716.5;28768.75;1774
20260611 122500;28772.25;28802.25;28760.25;28774.25;1043
20260611 122600;28774;28807.75;28762.75;28767;809
20260611 122700;28765;28782.5;28733.5;28781.75;1064
20260611 122800;28780;28785.5;28753;28768.25;466
20260611 122900;28764;28775;28746.75;28749;217
20260611 123000;28748.75;28769.25;28742.5;28754.5;324
20260611 123100;28747;28796.5;28712;28778;950
20260611 123200;28774.5;28778.5;28732.75;28745;493
20260611 123300;28745.5;28755.5;28710.5;28716.25;615
20260611 123400;28716.75;28721;28666.75;28675;1550
20260611 123500;28678.5;28694.25;28637.5;28687.5;1336
20260611 123600;28686.5;28701.25;28672.5;28696.75;543
20260611 123700;28696.5;28719.75;28688.75;28708.5;541
20260611 123800;28708;28715.75;28692.75;28695;291
20260611 123900;28694.75;28735.75;28694.5;28716.25;648
20260611 124000;28716.25;28734;28715.5;28728.5;380
20260611 124100;28728.5;28764.25;28721;28763;633
20260611 124200;28762.75;28776;28748;28751.25;509
20260611 124300;28750.5;28761.5;28741.5;28758;259
20260611 124400;28757;28758.75;28725;28727.25;286
20260611 124500;28727.75;28789;28708;28753.5;1218
20260611 124600;28751;28778.5;28735.5;28769;546
20260611 124700;28770;28795;28766.5;28788.75;615
20260611 124800;28788.75;28803.5;28774.75;28792.5;803
20260611 124900;28794.5;28794.5;28768;28773.75;408
20260611 125000;28772.75;28791.75;28769;28785.5;316
20260611 125100;28786.75;28794;28777.5;28780.75;350
20260611 125200;28782.25;28795;28777.25;28783.5;173
20260611 125300;28783.25;28818.25;28783;28798.5;554
20260611 125400;28799;28806.75;28780.25;28795.25;637
20260611 125500;28795.75;28806;28784;28799.75;329
20260611 125600;28798;28818;28795.5;28801.75;400
20260611 125700;28799.5;28809.5;28796.25;28801.75;231
20260611 125800;28802.5;28812.75;28780.75;28793.25;452
20260611 125900;28793.25;28827.5;28785;28812;836
20260611 130000;28814.25;28822.75;28806.5;28812.5;316
20260611 130100;28814.5;28815.5;28777;28784.25;918
20260611 130200;28783.75;28790;28775;28776.75;347
20260611 130300;28776;28789.25;28772.75;28786.5;344
20260611 130400;28786.25;28798.5;28776.25;28797.5;318
20260611 130500;28796.75;28804.25;28787.25;28796.25;143
20260611 130600;28796.25;28797;28776.25;28779;244
20260611 130700;28779.25;28788.75;28774.75;28779.25;179
20260611 130800;28777.75;28788;28770;28774.5;271
20260611 130900;28774.5;28776.5;28767.25;28767.25;262
20260611 131000;28767;28770.75;28756.5;28763.75;477
20260611 131100;28762.25;28778.5;28760.25;28773.5;237
20260611 131200;28774.75;28775.75;28757;28763.25;145
20260611 131300;28765.5;28787.5;28765.25;28779;227
20260611 131400;28779;28793;28773.75;28773.75;248
20260611 131500;28773.5;28783.75;28769.25;28776.5;152
20260611 131600;28777;28783.5;28764.75;28771.25;347
20260611 131700;28770.25;28785.75;28763.5;28782.75;205
20260611 131800;28784.5;28786.5;28766.75;28774;243
20260611 131900;28774;28782.25;28764.25;28781.75;198
20260611 132000;28781.5;28786;28771.25;28771.25;160
20260611 132100;28770.75;28785.75;28770;28776;141
20260611 132200;28776;28779.25;28768;28778;224
20260611 132300;28779;28786;28776.5;28784.5;172
20260611 132400;28783;28791.75;28780;28787;201
20260611 132500;28786.25;28796.25;28783.75;28790.25;308
20260611 132600;28787;28787.25;28766.25;28767.5;243
20260611 132700;28768.5;28776.5;28762.25;28766;185
20260611 132800;28765.5;28773.75;28761;28772.75;328
20260611 132900;28773.25;28783.75;28768.25;28770.5;491
20260611 133000;28771;28777.5;28738.75;28753;1329
20260611 133100;28753.25;28786;28713.5;28774.5;3234
20260611 133200;28776;28786.25;28682.25;28716;4281
20260611 133300;28717;28738.5;28680;28698.25;2786
20260611 133400;28696.75;28733;28696.5;28711.25;1821
20260611 133500;28713;28715.5;28671;28686.25;2459
20260611 133600;28686.5;28717;28672.75;28712.5;2074
20260611 133700;28712.5;28785.25;28710;28762.75;2908
20260611 133800;28763.5;28780;28741.75;28771.75;2081
20260611 133900;28771.75;28772;28674.5;28674.5;2096
20260611 134000;28676.75;28708.75;28662.75;28701.25;1883
20260611 134100;28699;28700;28650.75;28668.75;2303
20260611 134200;28670.5;28703;28660.75;28683;1813
20260611 134300;28682.5;28716.25;28658;28700.75;2029
20260611 134400;28703;28757.25;28692.5;28745.75;2587
20260611 134500;28745.5;28766.75;28725.25;28737.75;1792
20260611 134600;28739;28820.5;28706.5;28818.25;4429
20260611 134700;28818;28888.75;28804.25;28869.75;4506
20260611 134800;28869.75;28892;28851.5;28888.75;2136
20260611 134900;28886.5;28886.75;28855.5;28860.25;1573
20260611 135000;28862.5;28869.25;28811.5;28815.25;1686
20260611 135100;28818.25;28924.5;28816.75;28922.75;2929
20260611 135200;28925;28968;28907.25;28948;2854
20260611 135300;28949;28978.25;28933.5;28977.25;1942
20260611 135400;28978;28999;28953.75;28996.5;2242
20260611 135500;28996.75;29016.75;28963;28968.5;2474
20260611 135600;28967.75;29009.75;28964.5;29005.5;1495
20260611 135700;29005.25;29006.5;28966.25;28967.75;1519
20260611 135800;28966.5;28968.25;28898;28908.75;2253
20260611 135900;28909.5;28944.25;28906.25;28939.5;1274
20260611 140000;28938.25;28941.5;28875;28900.5;1691
20260611 140100;28899.5;28967.5;28892.75;28964;2609
20260611 140200;28961.25;29043.75;28951.25;29042.25;3046
20260611 140300;29042.75;29043;29004.5;29016.25;1792
20260611 140400;29016;29028.25;29000.75;29020;1073
20260611 140500;29017.75;29049.5;29006.5;29038.75;1220
20260611 140600;29039.25;29039.5;28974.75;28987.75;1702
20260611 140700;28986.5;29020;28982.25;29012.75;1163
20260611 140800;29012;29025.25;28979;29024.25;1116
20260611 140900;29021.75;29021.75;28990.5;29005.25;857
20260611 141000;29005.25;29008.25;28951;28969.5;1500
20260611 141100;28969.25;28979;28886.25;28896.5;1846
20260611 141200;28895;28904.5;28850.75;28903.75;2285
20260611 141300;28902.5;28923.75;28862.75;28870.25;1661
20260611 141400;28870.5;28890.75;28853.25;28855;1207
20260611 141500;28854.25;28862.25;28827.25;28843.5;1839
20260611 141600;28841.75;28882;28832.5;28849.5;1728
20260611 141700;28852.5;28867.75;28776.75;28780.5;2416
20260611 141800;28780.5;28843;28779.5;28813.75;2074
20260611 141900;28819.25;28820.5;28755.75;28761;1788
20260611 142000;28761;28790.75;28752.5;28761.75;1796
20260611 142100;28762;28815;28753.25;28805.25;1634
20260611 142200;28804.25;28822.75;28784;28819.5;1536
20260611 142300;28820.75;28878.5;28798.75;28866.25;1821
20260611 142400;28866;28922;28856.25;28909.25;2187
20260611 142500;28908;28909.75;28875.75;28886;1202
20260611 142600;28884.5;28930.25;28880;28915;1301
20260611 142700;28850;28858.75;28838.25;28850;255
20260611 142800;28852.25;28865.75;28828;28838.25;860
20260611 142900;28836.75;28850;28791.75;28843.75;1499
20260611 143000;28842.75;28893.75;28836.25;28868.25;1166
20260611 143100;28873.5;28900;28821.5;28832;1434
20260611 143200;28832.25;28849.25;28823.25;28837.25;572
20260611 144500;28862.25;28864.75;28816.25;28818;605
20260611 144600;28820;28844.5;28800.25;28815.5;1477
20260611 144700;28815.75;28844;28786.5;28801;1208
20260611 144800;28802;28831.25;28798;28799.25;863
20260611 144900;28799.25;28814.75;28765.5;28804.25;1321
20260611 145000;28805;28830;28779.5;28790;1438
20260611 145100;28789.5;28795.75;28757.25;28780.25;1763
20260611 145200;28781;28818;28759;28802.25;1087
20260611 145300;28801;28807.25;28760.5;28767.25;987
20260611 145400;28765;28791.75;28743;28751;977
20260611 145500;28748.75;28773.75;28742.75;28760.5;967
20260611 145600;28758.5;28760.75;28687.75;28695.25;1776
20260611 145700;28693.5;28715;28660.25;28676.25;1663
20260611 145800;28677.5;28688.5;28653.5;28676.5;1555
20260611 145900;28676.5;28699.75;28607.5;28624;2975
20260611 150000;28625;28654.5;28618.25;28648.25;1404
20260611 150100;28649.5;28653;28600.5;28608.75;2585
20260611 150200;28609.5;28618.5;28577.5;28600.75;3588
20260611 150300;28600.25;28645;28593;28629;2000
20260611 150400;28628.25;28695.25;28618;28678.5;1899
20260611 150500;28678;28699.25;28666.5;28677.75;1310
20260611 150600;28679;28682;28643.5;28646.5;1257
20260611 150700;28647.25;28680;28641;28667.25;1181
20260611 150800;28666.5;28745;28656.75;28734.25;2011
20260611 150900;28735.5;28757.5;28703.75;28732.75;1326
20260611 151000;28732.25;28760.5;28710.25;28719.75;1105
20260611 151100;28719.25;28757;28710.25;28743.5;759
20260611 151200;28744.25;28763.75;28731.75;28735;883
20260611 151300;28734.25;28790;28733.25;28778.75;1604
20260611 151400;28780.75;28795;28761.25;28784.25;1088
20260611 151500;28783.75;28789.25;28753;28765.25;883
20260611 151600;28766.75;28839.5;28765;28832.5;2745
20260611 151700;28834.5;28837.5;28811;28816;1077
20260611 151800;28817;28822.75;28790.5;28792.5;1195
20260611 151900;28792;28809;28749;28764.75;1319
20260611 152000;28764.25;28795.25;28762.75;28780.5;1244
20260611 152100;28780.5;28860;28770.5;28847.75;1575
20260611 152200;28847.75;28858.75;28820;28827.75;1043
20260611 152300;28827.25;28840;28802;28812.75;861
20260611 152400;28812.75;28813.75;28784.75;28809.25;839
20260611 152500;28809;28842.5;28804.75;28830.75;852
20260611 152600;28832.75;28833.75;28800.25;28823.75;733
20260611 152700;28822.75;28848;28800.5;28845;816
20260611 152800;28845;28854.75;28806.5;28813.75;968
20260611 152900;28813.5;28822.75;28767;28780.5;1317
20260611 153000;28779.75;28781;28750.5;28757.75;1089
20260611 153100;28757.75;28794;28752;28761.75;1251
20260611 153200;28761.5;28784.25;28741;28773.5;1270
20260611 153300;28773.75;28814.25;28765;28798;972
20260611 153400;28797.25;28797.75;28763.25;28786.5;802
20260611 153500;28785.25;28806.75;28781.5;28804.5;719
20260611 153600;28804.75;28835.25;28796.5;28818.5;1126
20260611 153700;28819.25;28850.25;28805;28844.25;941
20260611 153800;28845.75;28879;28844.25;28870.25;1285
20260611 153900;28870.75;28878.75;28839.5;28877.75;1049
20260611 154000;28876;28889;28851.25;28857.5;834
20260611 154100;28856;28907.25;28848.75;28894.5;1193
20260611 154200;28893.75;28893.75;28864;28870.5;682
20260611 154300;28872;28889.5;28859.75;28876;650
20260611 154400;28876.25;28879.25;28811.25;28821.25;975
20260611 154500;28818.75;28827;28791.75;28817.25;910
20260611 154600;28816.5;28830.75;28787.75;28804.25;1116
20260611 154700;28803;28865.25;28796.25;28862.25;1059
20260611 154800;28861;28871.5;28846;28862.25;590
20260611 154900;28861;28861.5;28822;28835.25;718
20260611 155000;28835.5;28846.5;28820;28827.5;408
20260611 155100;28828.5;28834.75;28810;28824;537
20260611 155200;28824.75;28836;28813;28818.75;369
20260611 155300;28818;28830.5;28798.75;28809.5;468
20260611 155400;28808.75;28820;28782.75;28785.5;717
20260611 155500;28786.75;28813.25;28786.75;28805.25;584
20260611 155600;28805;28814.75;28775.75;28812;1027
20260611 155700;28809.25;28822.5;28792.5;28806.5;804
20260611 155800;28806.75;28870.25;28806.25;28856.75;1160
20260611 155900;28856.5;28876;28843.25;28863.5;743
20260611 160000;28864.5;28871.75;28849;28858;708
20260611 160100;28858.5;28891.5;28852.25;28890;1050
20260611 160200;28891;28917.75;28872.75;28875.25;1341
20260611 160300;28874;28886;28854.75;28873;599
20260611 160400;28873;28882.25;28840.25;28847.5;605
20260611 160500;28845.75;28854.75;28827.5;28854;654
20260611 160600;28855;28879.75;28835;28874.5;783
20260611 160700;28875;28908.75;28871.5;28891.75;1033
20260611 160800;28889.5;28905.75;28878.25;28900;548
20260611 160900;28899.5;28915;28880;28909.5;821
20260611 161000;28907.5;28913;28891.5;28899;467
20260611 161100;28895.25;28929.5;28886.5;28917.25;1225
20260611 161200;28916.5;28942;28914.25;28940.5;1019
20260611 161300;28940.5;28965;28929;28959.5;1880
20260611 161400;28959.5;28968.25;28944.5;28956.25;837
20260611 161500;28955;28960.5;28938.75;28951.75;749
20260611 161600;28953;28975.25;28937.75;28942.5;1265
20260611 161700;28943.25;28964.75;28934.5;28948;988
20260611 161800;28947.5;28948.5;28915.75;28937.5;1266
20260611 161900;28938;28943.75;28923.75;28937.5;534
20260611 162000;28938;28943.5;28925.75;28942;426
20260611 162100;28942.75;28957.25;28932.75;28933.5;691
20260611 162200;28933.5;28944.5;28888;28916;1496
20260611 162300;28918;28922;28879.75;28885;855
20260611 162400;28887.5;28911.5;28884.75;28901.75;674
20260611 162500;28901.5;28901.5;28873.75;28878.5;618
20260611 162600;28878.25;28885.75;28855.75;28864.75;821
20260611 162700;28866.25;28891.75;28853;28856.75;859
20260611 162800;28857.75;28866;28842.5;28866;642
20260611 162900;28865.25;28885;28858.75;28869;724
20260611 163000;28869.5;28876.25;28841;28846;1262
20260611 163100;28845.5;28861.75;28828.5;28835.75;1074
20260611 163200;28835.75;28865.5;28826.75;28845.75;764
20260611 163300;28845;28845;28821;28836;840
20260611 163400;28835.25;28899.75;28833.25;28899.75;1183
20260611 163500;28898.5;28969;28894.75;28923.25;2588
20260611 163600;28921.75;28944.75;28916;28933.75;985
20260611 163700;28934.75;28958;28916.75;28955.5;751
20260611 163800;28956.75;28967.5;28937.75;28942;979
20260611 163900;28941.75;28943.75;28914.75;28919.75;693
20260611 164000;28919.5;28924;28886;28895.5;727
20260611 164100;28896;28905.75;28885.25;28892;626
20260611 164200;28892.75;28894.75;28866.75;28870.75;642
20260611 164300;28869;28894;28865.75;28881;532
20260611 164400;28881.5;28894.5;28873;28888.5;445
20260611 164500;28888.5;28900;28872;28886;538
20260611 164600;28886;28903;28862;28863.5;857
20260611 164700;28863.5;28875;28855.75;28869;557
20260611 164800;28870;28886.5;28860.75;28881.75;474
20260611 164900;28881.25;28899.75;28876;28887;484
20260611 165000;28886.25;28886.25;28860;28870.5;582
20260611 165100;28871.5;28877;28836.25;28857;859
20260611 165200;28858;28865.5;28828.5;28831;804
20260611 165300;28831;28846.5;28801.25;28808;961
20260611 165400;28807.25;28834.5;28803.75;28822.5;581
20260611 165500;28823.25;28834;28798.75;28804;631
20260611 165600;28803.5;28810.75;28775;28782.25;957
20260611 165700;28781.75;28814.75;28780.75;28802.5;814
20260611 165800;28799;28809;28783.75;28796.5;547
20260611 165900;28795;28805.75;28786.5;28795;466
20260611 170000;28795.75;28798.5;28763.25;28770;655
20260611 170100;28771.5;28787.75;28750;28780;1208
20260611 170200;28777.25;28807.75;28776.5;28784;910
20260611 170300;28785.75;28786;28757;28771;695
20260611 170400;28771.5;28773.5;28713;28719.75;1296
20260611 170500;28720;28742.5;28714;28730.25;761
20260611 170600;28730.5;28758;28726.5;28752.75;866
20260611 170700;28752;28772.5;28744.75;28754.25;997
20260611 170800;28753.5;28789.5;28741.5;28784.5;1088
20260611 170900;28783;28787;28762.5;28765.75;634
20260611 171000;28763.25;28796;28758.5;28784;720
20260611 171100;28785.5;28809.25;28771.25;28784;769
20260611 171200;28783.25;28802;28777;28782.25;455
20260611 171300;28781.5;28797.5;28763.25;28763.5;654
20260611 171400;28763.75;28765.25;28735.75;28743.5;1004
20260611 171500;28745.25;28757.25;28739.25;28743.75;457
20260611 171600;28742.75;28759;28716.75;28729.75;721
20260611 171700;28729.75;28763.5;28729.25;28750.25;553
20260611 171800;28751.5;28753;28712.5;28713.75;934
20260611 171900;28712.5;28721.75;28685;28694;1244
20260611 172000;28694.5;28712.25;28685.75;28702;765
20260611 172100;28701.5;28716.5;28678.5;28710.75;799
20260611 172200;28710.75;28716.5;28695.5;28708;560
20260611 172300;28708;28721.75;28690.5;28699.75;629
20260611 172400;28699.25;28725.25;28696.5;28719.75;529
20260611 172500;28719.25;28737;28706.5;28728.5;814
20260611 172600;28726.5;28757.5;28722.25;28757;719
20260611 172700;28756.25;28775.25;28753;28759.5;746
20260611 172800;28761;28791.75;28755.75;28787;762
20260611 172900;28787.5;28978.5;28786;28910;3487
20260611 173000;28913.75;29093.25;28894;29085.25;5750
20260611 173100;29086.75;29227.5;29086.25;29183.25;7090
20260611 173200;29183.25;29187.75;29090.25;29116;2682
20260611 173300;29117.5;29200;29113;29185;3138
20260611 173400;29185.25;29260;29155.75;29243.5;4347
20260611 173500;29245.75;29265;29163;29206;2807
20260611 173600;29208.5;29222.75;29163.5;29179.5;1798
20260611 173700;29178.5;29180.75;29128;29128;1631
20260611 173800;29129;29185.75;29128;29179;1350
20260611 173900;29176.75;29191.5;29150.75;29176.25;1066
20260611 174000;29178;29193.5;29147.75;29180.25;1341
20260611 174100;29179.5;29223.25;29159.25;29205.5;1491
20260611 174200;29206.75;29236.5;29192.5;29224.5;1841
20260611 174300;29225.75;29245;29206.5;29241.75;1435
20260611 174400;29242.25;29268.75;29230.75;29263.5;1810
20260611 174500;29263.25;29302.25;29253.5;29281.5;2050
20260611 174600;29281.5;29300;29240.5;29264.5;1882
20260611 174700;29264.5;29268;29201.25;29210;1815
20260611 174800;29209.25;29246;29202.25;29206.5;1368
20260611 174900;29208.25;29239;29204;29217.5;715
20260611 175000;29216;29220.25;29182.5;29196;1353
20260611 175100;29199.75;29200.75;29126.75;29135;1356
20260611 175200;29134;29176;29117.75;29170;1546
20260611 175300;29171.5;29208;29166.5;29178.25;1316
20260611 175400;29178;29194;29167.5;29179;905
20260611 175500;29177.75;29187.25;29154.75;29182.75;776
20260611 175600;29183.25;29193.75;29162.5;29174.75;842
20260611 175700;29174;29184.5;29140;29146.5;876
20260611 175800;29147.75;29194.5;29147.25;29191.25;913
20260611 175900;29190.5;29218.25;29183.5;29186.5;1271
20260611 180000;29187.75;29220.25;29183.5;29214;1554
20260611 180100;29213.5;29244.75;29211.25;29235;1439
20260611 180200;29234;29254.5;29198.5;29198.5;1315
20260611 180300;29200.5;29208.5;29149.75;29154.25;2464
20260611 180400;29153;29166;29100.25;29106;1670
20260611 180500;29105.75;29135.5;29093;29114.25;1224
20260611 180600;29115.25;29126.75;29070.5;29075.75;1419
20260611 180700;29076.25;29111.5;29068.5;29098.5;1129
20260611 180800;29099;29127.25;29088.25;29123.75;933
20260611 180900;29124.75;29147;29098;29108;893
20260611 181000;29106.5;29112.25;29083;29110.5;699
20260611 181100;29109;29122.75;29103.75;29117.25;651
20260611 181200;29116.5;29156.75;29107.75;29145.75;1006
20260611 181300;29144.25;29168.5;29143.5;29151.5;812
20260611 181400;29151.25;29178;29138.75;29156;1351
20260611 181500;29157.25;29183;29151.25;29182.25;655
20260611 181600;29179.5;29217.75;29173.75;29216.25;1456
20260611 181700;29218.25;29240;29211.25;29236.5;1069
20260611 181800;29236.5;29247;29213.75;29238.25;847
20260611 181900;29239;29246.5;29220;29239.25;707
20260611 182000;29238.75;29266.5;29231;29256;983
20260611 182100;29253.75;29255;29206.25;29227.75;1381
20260611 182200;29227.75;29241;29208;29216.75;799
20260611 182300;29216;29216.25;29150;29178;2010
20260611 182400;29177;29199.75;29159.25;29172.5;1195
20260611 182500;29172.25;29204;29172.25;29193.25;913
20260611 182600;29190.75;29202.5;29174.75;29202.25;657
20260611 182700;29202.25;29207.5;29175;29190;717
20260611 182800;29190.75;29196;29171.25;29195;491
20260611 182900;29195;29197;29172.75;29191;609
20260611 183000;29188.25;29204.5;29178.5;29188.25;647
20260611 183100;29187.5;29206;29178.75;29205;568
20260611 183200;29205.25;29240;29199.25;29223.25;1154
20260611 183300;29222;29223.75;29177.5;29193.5;731
20260611 183400;29192;29209.25;29185.25;29204.25;590
20260611 183500;29203.75;29210.75;29182.75;29186;508
20260611 183600;29186.5;29203;29175.25;29185.25;596
20260611 183700;29185.5;29207;29179.5;29206.5;615
20260611 183800;29205.75;29213.5;29195.25;29206.5;488
20260611 183900;29207.25;29209.25;29182.25;29190.75;702
20260611 184000;29190.75;29191.25;29172.5;29183.75;469
20260611 184100;29184.25;29202.25;29178.25;29180;536
20260611 184200;29179;29199;29177.75;29194.5;503
20260611 184300;29193.5;29209;29188.25;29205.5;436
20260611 184400;29206.25;29228;29202.25;29221;686
20260611 184500;29221.5;29227.25;29212.25;29223.5;499
20260611 184600;29224;29240.25;29217;29237.5;1023
20260611 184700;29238.5;29256;29237.25;29244.75;1121
20260611 184800;29246.25;29258;29242;29258;572
20260611 184900;29257;29281.25;29245.5;29262.75;1861
20260611 185000;29263.25;29281;29262;29276.25;917
20260611 185100;29275.75;29312.25;29274.25;29297.25;1873
20260611 185200;29295.5;29296.5;29266.75;29271.75;1070
20260611 185300;29270.25;29283;29269.75;29280;582
20260611 185400;29278.75;29293.5;29269.75;29281.5;980
20260611 185500;29279.75;29283.75;29265;29266.75;616
20260611 185600;29266.5;29271.5;29235.75;29236.75;924
20260611 185700;29236.25;29271.75;29234;29259.25;1125
20260611 185800;29259.5;29283.25;29254;29275;807
20260611 185900;29275.5;29283.75;29262.5;29265;583
20260611 190000;29264.75;29270.75;29255.25;29268.75;589
20260611 190100;29269;29305;29265;29295.75;1484
20260611 190200;29295.75;29317.5;29290.75;29305;1244
20260611 190300;29304.75;29314.5;29293.75;29300.25;1057
20260611 190400;29300.75;29301.25;29281;29287;676
20260611 190500;29286;29309.25;29280.25;29297;844
20260611 190600;29296.75;29300.5;29256.25;29264.5;911
20260611 190700;29263.75;29268.25;29229.5;29243.75;1175
20260611 190800;29242.75;29274.25;29236;29274;996
20260611 190900;29274.25;29284.75;29265.5;29275.5;639
20260611 191000;29276.5;29309;29273;29304.25;1217
20260611 191100;29303.25;29318.5;29299.75;29311.25;833
20260611 191200;29311.5;29337.25;29301.5;29330.25;1198
20260611 191300;29331;29374.25;29320.5;29354.75;2232
20260611 191400;29355.5;29368;29333.5;29357.25;1433
20260611 191500;29357;29368.5;29344.25;29360.5;1077
20260611 191600;29360.5;29381.5;29355.5;29379.75;1202
20260611 191700;29380;29394.25;29368;29381.5;1323
20260611 191800;29380;29382.75;29346.5;29366.75;1190
20260611 191900;29365.25;29372;29360.5;29368;504
20260611 192000;29367.5;29396.25;29357;29388.25;1025
20260611 192100;29387.5;29399.25;29373.75;29382.75;940
20260611 192200;29381.75;29391.75;29374.25;29380.75;709
20260611 192300;29380.25;29395;29373.75;29390;834
20260611 192400;29389.25;29390.75;29375.5;29386.75;625
20260611 192500;29386.5;29389.25;29374;29386;568
20260611 192600;29385.5;29398.75;29377.5;29393.5;879
20260611 192700;29392.5;29420;29385.75;29420;1232
20260611 192800;29419.75;29420.5;29403.5;29410;754
20260611 192900;29410.5;29438.5;29408;29434.75;955
20260611 193000;29434.75;29448;29419.5;29424;1152
20260611 193100;29424.25;29510.75;29421.25;29505.75;3349
20260611 193200;29502.75;29514;29485.75;29488.75;1390
20260611 193300;29487;29520.25;29483.25;29516.5;1559
20260611 193400;29516.25;29522.75;29491.75;29520.25;1411
20260611 193500;29519.75;29541.75;29512.5;29527.5;1673
20260611 193600;29528.75;29544.25;29517.25;29530;1310
20260611 193700;29530.5;29538.25;29510.75;29521.25;918
20260611 193800;29522.25;29526.75;29506;29518;696
20260611 193900;29516.5;29520.25;29488;29496.75;1173
20260611 194000;29496;29499.25;29456;29467.25;1245
20260611 194100;29469;29507;29457.75;29501;914
20260611 194200;29501;29520.5;29498.75;29510.75;814
20260611 194300;29511;29523.75;29503;29522.75;821
20260611 194400;29525;29529.75;29495.5;29503.25;812
20260611 194500;29504.25;29506.25;29484.5;29498.75;833
20260611 194600;29498.75;29498.75;29469.75;29485.25;1487
20260611 194700;29484.25;29486.75;29446.75;29453.75;1062
20260611 194800;29452.25;29468.75;29444.25;29460;1188
20260611 194900;29458;29472.5;29438.5;29440;895
20260611 195000;29439;29445.5;29427.5;29432;841
20260611 195100;29432.75;29453.5;29405;29420.5;1724
20260611 195200;29418.75;29439.25;29404;29435;1224
20260611 195300;29433.5;29449.5;29424.5;29443.75;1247
20260611 195400;29442.75;29489.5;29436.75;29484.75;1973
20260611 195500;29485;29491.75;29471.25;29477.25;1836
20260611 195600;29477.25;29490.25;29458.25;29463.5;1664
20260611 195700;29463.25;29479.75;29460;29478.5;1236
20260611 195800;29477.5;29497.75;29470.5;29495.25;1567
20260611 195900;29495;29496;29479.5;29485;1744
20260611 200000;29484.25;29488.25;29438.75;29463.25;11536
20260611 200100;29463.75;29468;29416;29425.5;3458
20260611 200200;29425.25;29470;29425;29452;1312
20260611 200300;29452;29484.25;29450.25;29458.5;1081
20260611 200400;29459.75;29464;29446;29455.5;574
20260611 200500;29455;29468.25;29450.5;29457.75;540
20260611 200600;29456;29490.25;29456;29488.5;582
20260611 200700;29487.5;29490;29469.5;29481.75;582
20260611 200800;29479.75;29494.5;29477;29490.5;305
20260611 200900;29490.5;29505.75;29489.75;29498;347
20260611 201000;29498.75;29500.5;29488.5;29491.25;251
20260611 201100;29489;29489;29476.75;29484.5;493
20260611 201200;29485;29498.5;29480.5;29496.5;268
20260611 201300;29497.75;29510.25;29491.25;29509.5;271
20260611 201400;29509.5;29516.25;29506;29508.75;238
20260611 201500;29509.5;29519;29503.75;29513.25;588
20260611 201600;29514.25;29522;29506.25;29508.25;267
20260611 201700;29508.5;29510.5;29495.25;29500.5;322
20260611 201800;29500.75;29522;29500.75;29515;371
20260611 201900;29514.25;29515;29497.5;29504.25;248
20260611 202000;29506;29515.75;29487.25;29487.5;345
20260611 202100;29487.75;29493.75;29482.75;29488.5;235
20260611 202200;29489;29489.25;29470.5;29481.5;475
20260611 202300;29482;29482.75;29467;29473.25;288
20260611 202400;29473;29487.5;29473;29480.5;314
20260611 202500;29482;29490.25;29480.25;29483.75;138
20260611 202600;29484.5;29487.5;29476.5;29477.5;160
20260611 202700;29478;29500;29474.75;29482;485
20260611 202800;29480.5;29480.5;29461.25;29462.75;272
20260611 202900;29464;29473.75;29459.25;29470.5;169
20260611 203000;29470;29476.75;29468.25;29474.75;131
20260611 203100;29474.25;29478.75;29467.75;29473.5;139
20260611 203200;29472.5;29480.25;29467;29478.5;176
20260611 203300;29479.5;29485.5;29473.5;29473.5;136
20260611 203400;29474;29477.5;29464.5;29466.25;129
20260611 203500;29465.75;29465.75;29459.25;29460.5;90
20260611 203600;29459.25;29461;29437.5;29445.5;345
20260611 203700;29447;29451;29436.5;29442;308
20260611 203800;29441.25;29444;29432.25;29435;142
20260611 203900;29435;29444;29434.25;29439.5;96
20260611 204000;29440.5;29446;29430.25;29432.25;101
20260611 204100;29434.5;29435.25;29425.25;29427.5;129
20260611 204200;29426;29429.5;29419.5;29424.25;112
20260611 204300;29426.75;29429;29415;29415.75;113
20260611 204400;29416.75;29428.75;29415.75;29424.5;109
20260611 204500;29425;29428;29413.75;29415.5;121
20260611 204600;29414.25;29420;29408;29415.25;129
20260611 204700;29414.25;29426.25;29411;29421;145
20260611 204800;29421;29427.5;29417.75;29427.25;84
20260611 204900;29427.75;29431.5;29421.25;29422.25;231
20260611 205000;29424.25;29432;29422.75;29425.75;86
20260611 205100;29422.5;29435.75;29422.5;29433.5;96
20260611 205200;29433;29436.75;29427.25;29428;128
20260611 205300;29430;29430.5;29422.75;29427.75;101
20260611 205400;29427.25;29435.25;29423.25;29434.5;86
20260611 205500;29436;29439.25;29427.75;29431.25;85
20260611 205600;29433;29443.5;29430.75;29437;109
20260611 205700;29437;29443.5;29437;29440.25;53
20260611 205800;29442;29442.75;29435.75;29440.25;71
20260611 205900;29437.75;29441.25;29430.75;29435;158
20260611 210000;29432.75;29445.25;29431.5;29433.25;131
20260611 220100;29456.75;29500;29443;29492.5;511
20260611 220200;29495.5;29499.25;29471.25;29486.25;317
20260611 220300;29484.5;29487;29482;29484.75;48
20260611 220400;29485.5;29495;29483.25;29489.75;98
20260611 220500;29491.75;29503.25;29473;29483.75;289
20260611 220600;29481.25;29511;29469.25;29497.25;381
20260611 220700;29496.75;29496.75;29475;29480.25;125
20260611 220800;29482;29502;29481.5;29498;149
20260611 220900;29498;29504.25;29489.75;29496.75;123
20260611 221000;29497.75;29510.75;29494;29497.25;192
20260611 221100;29496.75;29510.75;29491;29510;141
20260611 221200;29508;29508;29503;29503;22
20260611 221300;29502;29507;29500.75;29505.25;21
20260611 221400;29506.5;29521.25;29504.5;29510;256
20260611 221500;29512;29536.5;29512;29522.5;265
20260611 221600;29524.25;29538.25;29516;29528.5;198
20260611 221700;29531;29547.25;29531;29535.75;280
20260611 221800;29537;29537;29520;29520;116
20260611 221900;29521.5;29521.5;29510.25;29517;80
20260611 222000;29517.25;29525;29515.25;29517;36
20260611 222100;29517.25;29530;29517.25;29528;86
20260611 222200;29530;29537.75;29523;29533;79
20260611 222300;29533.75;29539;29520.5;29524.75;73
20260611 222400;29524.75;29534.5;29523;29526.75;45
20260611 222500;29526.75;29527.25;29518;29518;45
20260611 222600;29519.25;29524.25;29517.75;29518.5;43
20260611 222700;29517;29523.75;29514;29522.25;75
20260611 222800;29520.75;29534;29517.75;29520.75;64
20260611 222900;29524.25;29530.25;29519.25;29526;69
20260611 223000;29528.25;29530.75;29526.5;29529;31
20260611 223100;29530.5;29530.5;29524.5;29525.75;54
20260611 223200;29525;29525.25;29518.25;29521.75;46
20260611 223300;29520.75;29527;29517.25;29524;54
20260611 223400;29524;29534.5;29524;29532.25;76
20260611 223500;29532;29553;29522.5;29525.25;292
20260611 223600;29524;29532.25;29521.5;29525.75;66
20260611 223700;29524.75;29528.75;29518;29524.25;67
20260611 223800;29525.25;29526.5;29521.5;29524.75;27
20260611 223900;29524;29529;29523.25;29528.25;31
20260611 224000;29528.25;29528.5;29523;29526.5;46
20260611 224100;29525.75;29544.5;29523.75;29544.5;105
20260611 224200;29545.25;29546.25;29533.75;29540;50
20260611 224300;29539.75;29556.5;29539;29556.5;137
20260611 224400;29554.25;29555;29542.75;29550.75;62
20260611 224500;29553.25;29557.25;29547.75;29550.25;90
20260611 224600;29550.75;29581;29550.75;29572.75;230
20260611 224700;29576.5;29582.25;29567;29575.25;158
20260611 224800;29574.25;29577.5;29568;29568;68
20260611 224900;29567.75;29570;29563.5;29567.5;65
20260611 225000;29570;29580;29567;29572;88
20260611 225100;29568.75;29586.5;29565.5;29577.25;130
20260611 225200;29580;29580.25;29569.75;29571.25;44
20260611 225300;29571.5;29579;29569.5;29576.25;34
20260611 225400;29576.75;29580.5;29572.25;29577.5;46
20260611 225500;29579;29580.25;29575;29577.25;51
20260611 225600;29576.25;29580.75;29565.75;29574.75;75
20260611 225700;29574.5;29578.75;29568.75;29570.25;35
20260611 225800;29572.5;29574.75;29565.25;29569.75;51
20260611 225900;29565.5;29565.5;29556;29559.75;93
20260611 230000;29558.25;29561.5;29552.75;29557.75;86
20260611 230100;29560;29566.25;29554;29554;80
20260611 230200;29556.25;29562.25;29545;29557.5;137
20260611 230300;29556.75;29556.75;29538.75;29552.75;64
20260611 230400;29549.5;29557;29540;29542.5;81
20260611 230500;29543.75;29550.5;29533.5;29546;96
20260611 230600;29543.5;29548;29537.5;29537.5;43
20260611 230700;29538;29542;29536.25;29536.25;31
20260611 230800;29536;29538.25;29525;29537.75;138
20260611 230900;29538.5;29547.5;29531.5;29534.25;122
20260611 231000;29534.25;29534.25;29526.75;29531;38
20260611 231100;29531;29537.75;29527.75;29535.5;30
20260611 231200;29535.75;29535.75;29523.25;29530;48
20260611 231300;29528.75;29540.75;29524.5;29540.75;63
20260611 231400;29541;29543.75;29538.5;29539.75;39
20260611 231500;29540;29545.25;29537;29542.25;65
20260611 231600;29543.75;29546.75;29539.75;29546.75;24
20260611 231700;29546;29550;29542.75;29548.5;49
20260611 231800;29546.75;29552;29546.25;29551.25;36
20260611 231900;29552.5;29567.5;29548;29550.75;120
20260611 232000;29550;29552;29540.75;29549;112
20260611 232100;29548.5;29548.5;29532.75;29538.5;81
20260611 232200;29539.25;29546.25;29533;29533;70
20260611 232300;29531.25;29535;29523;29526.75;82
20260611 232400;29526.5;29526.5;29517.5;29522.25;82
20260611 232500;29519.75;29519.75;29507.25;29512.75;125
20260611 232600;29513;29525.75;29503.25;29509;91
20260611 232700;29508.75;29520.5;29508;29512.5;43
20260611 232800;29516.25;29521.5;29480.25;29500.25;227
20260611 232900;29502.25;29519.75;29493.75;29516.5;109
20260611 233000;29516.5;29524;29515.5;29520;45
20260611 233100;29521.25;29534.5;29521.25;29530;85
20260611 233200;29531.5;29531.75;29524.75;29527.75;57
20260611 233300;29528.25;29535.75;29528.25;29530;47
20260611 233400;29530;29535.25;29523;29531;44
20260611 233500;29528.25;29535.5;29528;29534.5;11
20260611 233600;29535.75;29554.75;29533;29544.75;91
20260611 233700;29542.75;29545;29537;29541.5;63
20260611 233800;29544;29554.75;29540.75;29547;55
20260611 233900;29546.25;29548.25;29543;29543;31
20260611 234000;29544;29546.5;29540.75;29541;18
20260611 234100;29543.5;29554;29542.5;29554;32
20260611 234200;29552.75;29563.5;29549.25;29557;102
20260611 234300;29555.25;29561;29555.25;29556.5;29
20260611 234400;29557.75;29564;29557.25;29560.25;36
20260611 234500;29562.25;29567;29558.25;29563;86
20260611 234600;29564.75;29582;29564;29578.5;174
20260611 234700;29578.75;29590;29572.25;29582.25;185
20260611 234800;29583.25;29586.75;29578.5;29579.25;98
20260611 234900;29581;29585;29577.75;29583.25;75
20260611 235000;29584.5;29592;29577.75;29586;80
20260611 235100;29587.5;29597.5;29583.75;29586;76
20260611 235200;29586.75;29586.75;29564;29567.5;123
20260611 235300;29568.25;29577.25;29560;29575;142
20260611 235400;29576.25;29576.25;29568.75;29572.5;29
20260611 235500;29574;29580.25;29571.5;29575.5;34
20260611 235600;29575.5;29576;29565.25;29566;48
20260611 235700;29567.75;29576;29567.75;29576;31
20260611 235800;29577;29583;29575.5;29577.75;62
20260611 235900;29579;29582.75;29570.75;29572.25;40
20260612 000000;29570.5;29578.5;29565;29577.25;51
20260612 000100;29576.25;29583;29544;29550.25;240
20260612 000200;29553;29553.25;29539;29548.5;218
20260612 000300;29548.75;29572;29545.25;29561;251
20260612 000400;29562.25;29562.25;29536;29545.5;190
20260612 000500;29546.5;29574.5;29546.5;29566.25;183
20260612 000600;29566.25;29592;29566.25;29577.5;165
20260612 000700;29577;29603;29564.75;29592;239
20260612 000800;29592;29602.5;29585.75;29601.75;128
20260612 000900;29599.5;29601.75;29581;29583.25;111
20260612 001000;29584.75;29594.5;29580;29580.75;72
20260612 001100;29582.25;29592;29572.25;29574.5;119
